month,creator_id,platform,follower_count,size_band,reach_rate,growth_rate,meaningful_eng_rate,reach_rate__pct,growth_rate__pct,meaningful_eng_rate__pct,complete,primary_role
2026-07,CR00000,all,,,,,,20.2,53.0,0.8,False,The Lens
2026-08,CR00000,all,,,,,,12.2,56.0,37.8,False,The Lens
2026-09,CR00000,all,,,,,,3.4,21.6,0.7,False,The Lens
2026-07,CR00000,instagram,83280.0,micro,0.316954851104707,0.0743034055727554,,19.2,41.2,,False,
2026-08,CR00000,instagram,88250.0,micro,0.2003512747875354,0.1179376741829237,0.0204520990312163,8.5,61.9,6.1,True,
2026-09,CR00000,instagram,,,,,,,,,False,
2026-07,CR00000,tiktok,50271.0,micro,2.6050008951482964,,,41.1,,,False,
2026-08,CR00000,tiktok,51160.0,micro,1.4754104769351055,0.0841279932189023,0.1996655518394648,15.9,50.2,69.5,True,
2026-09,CR00000,tiktok,,,,,,,,,False,
2026-07,CR00000,youtube,60988.0,micro,0.1839050304978028,0.1207321106986658,0.0,0.3,64.7,0.8,True,
2026-08,CR00000,youtube,,,,,,,,,False,
2026-09,CR00000,youtube,65063,micro,0.2613313250234388,0.03135452167710232,0.0,3.4,21.6,0.7,True,
2026-07,CR00002,all,,,,,,45.0,33.4,43.6,False,The Pulse
2026-09,CR00002,all,,,,,,52.6,26.2,36.6,False,The Pulse
2026-07,CR00002,instagram,,,,,,,,,False,
2026-09,CR00002,instagram,127230.0,mid,0.38701564096518115,-0.06006205673758865,0.140177690029615,28.0,5.1,52.2,True,
2026-07,CR00002,tiktok,30968.0,micro,2.537813226556445,0.0863677822212867,0.1008668242710796,39.7,50.2,32.0,True,
2026-09,CR00002,tiktok,32581,micro,3.8959516282495934,0.11777823521339371,,61.5,62.7,,False,
2026-07,CR00002,youtube,425823.0,mid,1.225441087024421,0.0039798649015054,0.1007003219489528,50.2,16.7,55.2,True,
2026-09,CR00002,youtube,437824,mid,1.8143295022657506,-0.01197391284724573,0.03324501038906574,68.4,10.8,21.0,True,
2026-07,CR00003,all,,,,,,73.7,55.2,29.6,True,The Pulse
2026-08,CR00003,all,,,,,,72.3,55.1,13.6,False,The Pulse
2026-09,CR00003,all,,,,,,73.9,33.6,12.4,False,The Pulse
2026-07,CR00003,instagram,29580.0,micro,0.7942866801893171,0.1733439111463705,,64.6,86.5,,True,
2026-08,CR00003,instagram,30670.0,micro,0.5785132050864037,0.2268,,52.2,96.2,,True,
2026-09,CR00003,instagram,,,,,,,,,False,
2026-07,CR00003,tiktok,19350.0,micro,5.576124031007752,0.1069794050343249,0.1415607985480943,78.9,60.7,49.8,True,
2026-08,CR00003,tiktok,,,,,,,,,False,
2026-09,CR00003,tiktok,20910.0,micro,3.363271162123386,0.09879138202837624,,52.6,53.5,,False,
2026-07,CR00003,youtube,72522.0,micro,2.1322908910399603,0.0267002661532363,0.0138308137664844,77.5,18.3,9.5,True,
2026-08,CR00003,youtube,72750.0,micro,3.469676975945017,0.0135135135135135,0.0200835156094651,92.4,14.0,13.6,True,
2026-09,CR00003,youtube,72282,micro,4.091226031377106,0.011531249125360351,0.019266297176035892,95.2,13.8,12.4,True,
2026-07,CR00004,all,,,,,,47.9,46.6,82.4,False,The Hub
2026-08,CR00004,all,,,,,,40.8,46.7,84.4,False,The Hub
2026-09,CR00004,all,,,,,,51.9,46.1,79.5,False,The Hub
2026-07,CR00004,instagram,30410.0,micro,0.6826701742847747,0.0865759102440418,0.1943820224719101,55.1,51.5,68.8,True,
2026-08,CR00004,instagram,30830.0,micro,0.5799870256243919,0.0598143691990374,,52.4,32.0,,False,
2026-09,CR00004,instagram,30091,micro,,0.060737450648618165,,,32.5,,False,
2026-07,CR00004,tiktok,251220.0,mid,2.581227609266778,0.0649427723611699,0.3660303956565419,40.7,41.7,96.1,True,
2026-08,CR00004,tiktok,260580.0,mid,3.714744032542789,0.0532859315276807,0.468574335495358,59.5,38.2,98.9,True,
2026-09,CR00004,tiktok,256791,mid,4.372571468626237,0.039252586081297655,0.5154299175500588,67.9,27.2,100.0,True,
2026-07,CR00004,youtube,,,,,,,,,False,
2026-08,CR00004,youtube,3745.0,nano,0.4560747663551401,0.1515990159901599,0.1358024691358024,10.4,70.0,69.9,True,
2026-09,CR00004,youtube,3926,nano,0.9699439633214467,0.15131964809384163,0.10857142857142857,35.9,78.7,59.0,True,
2026-07,CR00005,all,,,,,,34.8,66.2,45.9,False,The Lens
2026-08,CR00005,all,,,,,,26.0,43.8,53.5,True,The Hub
2026-09,CR00005,all,,,,,,22.3,83.5,66.6,False,The Lens
2026-07,CR00005,instagram,38970.0,micro,0.3054144213497562,0.0481441635287789,0.0751445086705202,18.1,29.9,25.1,True,
2026-08,CR00005,instagram,38700.0,micro,0.2166925064599483,-0.0150165436497836,0.0298507462686567,10.0,6.9,8.2,True,
2026-09,CR00005,instagram,,,,,,,,,False,
2026-07,CR00005,tiktok,290280.0,mid,4.3833436681824445,0.1213350330281608,0.2975615755973063,69.5,75.0,89.7,True,
2026-08,CR00005,tiktok,291450.0,mid,3.291405043746783,0.0940315315315315,0.2826232647199617,52.1,58.0,86.1,True,
2026-09,CR00005,tiktok,315860,mid,2.2167384284176532,0.12941462525074462,0.14737554612023876,31.3,74.8,56.0,True,
2026-07,CR00005,youtube,15810.0,micro,0.6387096774193548,0.2069623635392014,0.0394736842105263,16.8,93.8,22.8,False,
2026-08,CR00005,youtube,16753.0,micro,0.5526771324538888,0.1270855758880516,0.122875816993464,15.9,66.6,66.3,True,
2026-09,CR00005,youtube,17648,micro,0.5448209428830463,0.1935614770729068,0.1708542713567839,13.3,92.2,77.3,True,
2026-07,CR00007,all,,,,,,32.7,46.7,50.8,False,The Hub
2026-08,CR00007,all,,,,,,36.2,51.2,45.5,False,The Lens
2026-09,CR00007,all,,,,,,,,,False,
2026-07,CR00007,instagram,,,,,,,,,False,
2026-08,CR00007,instagram,,,,,,,,,False,
2026-09,CR00007,instagram,,,,,,,,,False,
2026-07,CR00007,youtube,5029.0,nano,0.8973951083714456,0.0982747324743393,0.0925925925925925,32.7,46.7,50.8,True,
2026-08,CR00007,youtube,5276.0,nano,0.9418119787717968,0.112845391267665,0.072992700729927,36.2,51.2,45.5,True,
2026-09,CR00007,youtube,,,,,,,,,False,
2026-07,CR00009,all,,,,,,85.5,32.6,35.7,True,The Pulse
2026-08,CR00009,all,,,,,,76.8,31.6,37.9,False,The Pulse
2026-09,CR00009,all,,,,,,85.8,35.2,35.7,False,The Pulse
2026-07,CR00009,instagram,103620.0,mid,1.5446149392009263,0.0921163575042158,0.1395157981124333,91.6,52.7,48.8,True,
2026-08,CR00009,instagram,110280.0,mid,0.7367201860674495,0.032101076275152,0.0992555831265508,64.3,22.9,35.9,True,
2026-09,CR00009,instagram,106589,mid,1.357672930602595,0.06339103107696913,0.15521769177608846,86.5,42.0,57.2,True,
2026-07,CR00009,tiktok,8399.0,nano,7.945469698773664,0.0715743812196989,0.1473739221322184,90.2,22.8,52.5,True,
2026-08,CR00009,tiktok,8660.0,nano,6.905427251732101,,0.1442396313364055,85.5,,54.1,False,
2026-09,CR00009,tiktok,8740.0,nano,6.290274599542334,,0.12547220723151645,82.7,,47.4,False,
2026-07,CR00009,youtube,54681.0,micro,1.93127411715221,0.0374523308099493,0.0058784010749076,74.6,22.2,5.8,True,
2026-08,CR00009,youtube,57911.0,micro,2.2724525565091263,0.0790199366498975,0.0362994350282485,80.6,40.3,23.7,True,
2026-09,CR00009,youtube,57960,micro,2.9199965493443756,0.046171618353128045,0.002109181141439206,88.2,28.4,2.5,True,
2026-07,CR00011,all,,,,,,,87.8,55.3,False,The Lens
2026-08,CR00011,all,,,,,,50.7,70.1,61.1,True,The Lens
2026-09,CR00011,all,,,,,,,,,False,
2026-07,CR00011,tiktok,477680.0,mid,,0.1607134178937649,0.1573486348787217,,87.8,55.3,False,
2026-08,CR00011,tiktok,489170.0,mid,3.215573318069383,0.1190543730898043,0.1687690473035643,50.7,70.1,61.1,True,
2026-09,CR00011,tiktok,,,,,,,,,False,
2026-07,CR00012,all,,,,,,25.8,40.0,46.1,True,The Hub
2026-08,CR00012,all,,,,,,28.6,43.8,58.0,True,The Hub
2026-09,CR00012,all,,,,,,21.6,23.5,68.2,False,The Hub
2026-07,CR00012,instagram,181628.0,mid,0.5183562005858128,0.0364173789986647,0.08105147864184,39.7,21.2,27.3,True,
2026-08,CR00012,instagram,182210.0,mid,0.6011525163273146,0.0573318632855567,0.1491489361702127,53.9,32.9,57.3,True,
2026-09,CR00012,instagram,190902,mid,0.4379576955715498,0.058948828179170715,0.12661870503597122,34.8,39.1,47.0,True,
2026-07,CR00012,tiktok,77767.0,micro,0.998559800429488,0.0038596581814426,0.399597044996642,5.9,10.9,98.6,True,
2026-08,CR00012,tiktok,79800.0,micro,1.1630075187969924,-0.052143960090272,0.35947446837329,9.2,3.6,94.9,True,
2026-09,CR00012,tiktok,77960.0,micro,1.1913545407901487,-0.023791635361883296,0.2925398155909472,8.5,7.9,89.4,True,
2026-07,CR00012,youtube,6155.0,nano,0.8924451665312754,0.2019136887326694,0.01875,31.8,87.8,12.5,True,
2026-08,CR00012,youtube,6810.0,nano,0.7079295154185022,0.2359346642468239,0.0323741007194244,22.6,95.0,21.7,True,
2026-09,CR00012,youtube,,,,,,,,,False,
2026-07,CR00013,all,,,,,,53.8,67.2,75.1,False,The Hub
2026-08,CR00013,all,,,,,,50.7,70.0,92.3,False,The Hub
2026-09,CR00013,all,,,,,,65.6,79.0,99.4,False,The Hub
2026-07,CR00013,instagram,177465.0,mid,0.6553799340715071,0.1825087456271864,0.2158002735978112,53.8,91.8,75.1,True,
2026-08,CR00013,instagram,182110.0,mid,0.5664104112898798,0.1243440143236401,0.3214808617444049,50.7,70.0,92.3,True,
2026-09,CR00013,instagram,192280,mid,0.8239054568527919,0.14976619586926104,0.43551033803741385,65.6,79.0,99.4,True,
2026-07,CR00013,tiktok,31620.0,micro,,0.0750348485363614,,,42.7,,False,
2026-08,CR00013,tiktok,,,,,,,,,False,
2026-09,CR00013,tiktok,,,,,,,,,False,
2026-07,CR00015,all,,,,,,66.1,52.1,49.2,False,The Pulse
2026-09,CR00015,all,,,,,,62.5,31.8,39.6,False,The Pulse
2026-07,CR00015,instagram,220740.0,mid,0.2400788257678717,0.1444421401907922,0.1676839061998072,11.7,76.7,58.3,True,
2026-09,CR00015,instagram,246634,mid,0.25989522936821363,0.09092919668962345,0.13043478260869565,13.7,55.1,47.8,True,
2026-07,CR00015,tiktok,7200.0,nano,7.099305555555556,,0.0764462809917355,87.9,,19.6,False,
2026-09,CR00015,tiktok,6986,nano,5.131119381620383,,,74.4,,,False,
2026-07,CR00015,youtube,30585.0,micro,5.957168546673206,0.0524052026701534,0.1316135825217162,98.8,27.5,69.7,True,
2026-09,CR00015,youtube,31999,micro,7.626175817994312,-0.010574812157941932,0.049665884052736135,99.4,8.5,31.4,True,
2026-07,CR00020,all,,,,,,,22.2,0.8,False,The Lens
2026-08,CR00020,all,,,,,,92.8,25.0,6.3,True,The Pulse
2026-09,CR00020,all,,,,,,75.1,20.0,13.7,True,The Pulse
2026-07,CR00020,youtube,5168.0,nano,,0.0555555555555555,0.0,,22.2,0.8,False,
2026-08,CR00020,youtube,5060.0,nano,3.516798418972332,0.0458867300537412,0.009090909090909,92.8,25.0,6.3,True,
2026-09,CR00020,youtube,5190,nano,2.032369942196532,0.03242490551024468,0.022026431718061675,75.1,20.0,13.7,True,
2026-09,CR00023,all,,,,,,72.3,51.5,21.8,False,The Pulse
2026-09,CR00023,tiktok,74970.0,micro,4.992943844204349,0.09126637554585153,0.07185899367279301,72.3,51.5,21.8,True,
2026-09,CR00023,youtube,,,,,,,,,False,
2026-07,CR00025,all,,,,,,48.8,27.1,7.1,False,The Pulse
2026-08,CR00025,all,,,,,,94.7,51.3,30.8,False,The Pulse
2026-09,CR00025,all,,,,,,54.2,31.1,59.6,False,The Hub
2026-07,CR00025,instagram,44650.0,micro,0.9058678611422172,0.0903540903540903,,70.9,52.9,,True,
2026-08,CR00025,instagram,,,,,,,,,False,
2026-09,CR00025,instagram,47620.0,micro,0.9373162536749265,0.10744186046511628,,72.9,58.3,,True,
2026-07,CR00025,tiktok,,,,,,,,,False,
2026-08,CR00025,tiktok,29230.0,micro,10.258159425248031,0.0854066097289268,0.0069093610698365,94.7,51.3,0.9,True,
2026-09,CR00025,tiktok,,,,,,,,,False,
2026-07,CR00025,youtube,77361.0,micro,0.800816949108724,-0.0749832599961737,0.010255061793321,26.6,1.3,7.1,True,
2026-08,CR00025,youtube,,,,,0.1043822276323798,,,60.6,False,
2026-09,CR00025,youtube,75788,micro,0.9507969599408878,-0.037368220500444554,0.10994178235557546,35.6,3.9,59.6,True,
2026-07,CR00027,all,,,,,,65.2,,4.9,False,The Pulse
2026-08,CR00027,all,,,,,,76.4,27.9,0.9,True,The Pulse
2026-09,CR00027,all,,,,,,43.0,19.9,11.4,True,The Pulse
2026-07,CR00027,youtube,12770.0,micro,1.592873923257635,,0.0046022353714661,65.2,,4.9,False,
2026-08,CR00027,youtube,12410.0,micro,1.985979049153908,0.0494714587737843,0.0,76.4,27.9,0.9,True,
2026-09,CR00027,youtube,12946,micro,1.0824965240228641,0.027378779461947465,0.01795142555438226,43.0,19.9,11.4,True,
2026-07,CR00029,all,,,,,,21.9,47.0,38.2,False,The Lens
2026-08,CR00029,all,,,,,,23.8,45.6,25.2,False,The Lens
2026-09,CR00029,all,,,,,,37.4,67.8,42.0,False,The Lens
2026-07,CR00029,instagram,2193478.0,macro,0.5808045487577264,0.1527426985223093,0.1293764500779929,45.4,92.9,45.4,True,
2026-08,CR00029,instagram,2281430.0,macro,0.61833674493629,0.2079878429752941,0.0837522329774417,56.5,100.0,28.0,True,
2026-09,CR00029,instagram,2419860.0,macro,0.7908453381600589,0.1492223303967896,0.13340454945331154,64.3,81.2,50.0,True,
2026-07,CR00029,tiktok,92190.0,micro,0.6157283870267924,0.0365414886440296,,1.2,21.3,,False,
2026-08,CR00029,tiktok,98580.0,micro,0.4656015418949077,-0.0211498361632409,,1.2,8.0,,False,
2026-09,CR00029,tiktok,,,,,,,,,False,
2026-07,CR00029,youtube,12542.0,micro,0.6672779461011002,0.0511230305062018,0.0565610859728506,19.0,26.8,30.9,True,
2026-08,CR00029,youtube,12990.0,micro,0.5060816012317167,0.0518218623481781,0.0338983050847457,13.6,28.9,22.4,True,
2026-09,CR00029,youtube,13382,micro,0.48378418771484083,0.10212485587217922,0.0546875,10.6,54.3,34.1,True,
2026-07,CR00030,all,,,,,,46.7,59.6,50.3,False,The Lens
2026-08,CR00030,all,,,,,,21.4,9.5,15.0,False,The Pulse
2026-09,CR00030,all,,,,,,57.8,95.2,21.9,False,The Lens
2026-07,CR00030,instagram,,,,,,,,,False,
2026-08,CR00030,instagram,,,,,,,,,False,
2026-09,CR00030,instagram,,,,,,,,,False,
2026-07,CR00030,tiktok,12840.0,micro,1.8156542056074767,0.047821119634405,,23.1,24.0,,False,
2026-08,CR00030,tiktok,12610.0,micro,1.70832672482157,-0.0165606072222648,0.0578358208955223,21.4,9.5,15.0,True,
2026-09,CR00030,tiktok,,,,,,,,,False,
2026-07,CR00030,youtube,876473.0,mid,1.7637462876780003,0.2057285218262156,0.0918306853213184,70.2,95.1,50.3,True,
2026-08,CR00030,youtube,,,,,,,,,False,
2026-09,CR00030,youtube,989610,mid,1.465338870868322,0.2326166807622317,0.035046485991805154,57.8,95.2,21.9,True,
2026-07,CR00031,all,,,,,,34.8,47.7,63.7,True,The Hub
2026-08,CR00031,all,,,,,,37.1,34.2,93.8,False,The Hub
2026-09,CR00031,all,,,,,,32.2,38.0,73.0,True,The Hub
2026-07,CR00031,instagram,9246.0,nano,1.4383517196625568,0.0975783475783475,0.1603630862329803,89.4,45.2,56.3,True,
2026-08,CR00031,instagram,9490.0,nano,1.190621707060063,,0.2902338376891334,83.6,,89.5,False,
2026-09,CR00031,instagram,9640.0,nano,0.9449170124481328,0.0843644544431946,0.20813397129186603,73.3,53.7,73.5,True,
2026-07,CR00031,tiktok,32160.0,micro,1.2711753731343285,0.0850202429149797,0.3966129472821633,10.0,48.7,98.4,True,
2026-08,CR00031,tiktok,32640.0,micro,1.783486519607843,0.0978809283551967,0.4324254215304799,23.2,55.6,98.0,True,
2026-09,CR00031,tiktok,33950.0,micro,1.7972606774668631,0.05533105377681069,0.25284930350358803,22.4,31.5,84.2,True,
2026-07,CR00031,youtube,22319.0,micro,0.358304583538689,0.0938541462458341,0.0650887573964497,5.0,49.3,36.5,True,
2026-08,CR00031,youtube,21923.0,micro,0.3301555444054189,0.0095786322818328,,4.6,12.7,,False,
2026-09,CR00031,youtube,22483,micro,0.21749766490237069,0.046451012334186643,0.11538461538461539,1.0,28.7,61.3,True,
2026-07,CR00032,all,,,,,,71.0,69.6,49.0,False,The Pulse
2026-08,CR00032,all,,,,,,57.5,73.2,66.0,True,The Lens
2026-09,CR00032,all,,,,,,70.2,69.8,75.6,False,The Hub
2026-07,CR00032,instagram,,,,,,,,,False,
2026-08,CR00032,instagram,19167.0,micro,0.7465957113789325,0.100855780828212,0.1073910296904611,65.0,53.3,38.2,True,
2026-09,CR00032,instagram,,,,,,,,,False,
2026-07,CR00032,tiktok,131200.0,mid,5.517667682926829,0.1290877796901893,,78.1,78.2,,False,
2026-08,CR00032,tiktok,137760.0,mid,4.141289198606271,0.2112898971247692,0.3812781837972321,65.6,98.7,96.5,True,
2026-09,CR00032,tiktok,143403,mid,6.123142472612149,0.1251971407722426,0.38287109715681145,81.8,71.5,97.4,True,
2026-07,CR00032,youtube,2534.0,nano,1.5556432517758485,0.1322609472743521,0.0888888888888888,64.0,61.1,49.0,True,
2026-08,CR00032,youtube,2681.0,nano,1.0947407683700112,0.1471972614462986,0.1134751773049645,42.0,67.5,63.3,True,
2026-09,CR00032,youtube,2809,nano,1.4944820220719117,0.13724696356275304,0.09859154929577464,58.6,68.0,53.7,True,
2026-07,CR00033,all,,,,,,63.0,31.0,33.3,True,The Pulse
2026-08,CR00033,all,,,,,,48.6,29.6,37.5,True,The Pulse
2026-09,CR00033,all,,,,,,47.2,24.7,84.2,True,The Hub
2026-07,CR00033,instagram,56795.0,micro,0.9355224931772164,0.0784816376134594,,72.6,44.2,,True,
2026-08,CR00033,instagram,58280.0,micro,0.7116163349347975,0.0416443252904378,,62.4,23.0,,True,
2026-09,CR00033,instagram,57396,micro,0.8890863474806606,0.0707010409282543,,69.9,40.1,,True,
2026-07,CR00033,youtube,8725.0,nano,1.293409742120344,0.038443227802904,0.0596026490066225,53.3,17.8,33.3,True,
2026-08,CR00033,youtube,8780.0,nano,0.9120728929384966,0.0681265206812652,0.06,34.7,36.2,37.5,True,
2026-09,CR00033,youtube,9153,nano,0.7536326887359336,0.014182825484764542,0.205761316872428,24.5,9.3,84.2,True,
2026-07,CR00034,all,,,,,,51.6,43.6,28.8,False,The Pulse
2026-08,CR00034,all,,,,,,79.2,35.5,12.2,False,The Pulse
2026-09,CR00034,all,,,,,,70.5,53.8,33.7,True,The Pulse
2026-07,CR00034,instagram,49610.0,micro,1.5288651481556137,0.100365975379838,0.1589707437433909,91.4,56.9,55.9,True,
2026-08,CR00034,instagram,50410.0,micro,1.2897242610593136,0.0495523631063918,0.0572851805728518,85.8,26.8,18.6,True,
2026-09,CR00034,instagram,53714,micro,1.732341661391816,0.13709301833269824,0.24663677130044842,90.2,71.8,80.7,True,
2026-07,CR00034,tiktok,,,,,,,,,False,
2026-08,CR00034,tiktok,19771.0,micro,16.96444287087148,0.0859606723058332,,99.0,52.4,,False,
2026-09,CR00034,tiktok,21640.0,micro,19.858964879852127,0.09292929292929293,0.059788294664287034,100.0,52.3,16.8,True,
2026-07,CR00034,youtube,111723.0,mid,0.535556689311959,0.0435062812310278,0.0003101736972704,11.9,30.2,1.8,True,
2026-08,CR00034,youtube,117820.0,mid,1.3210066202682058,0.0421015390058376,0.0083618778964336,52.9,27.3,5.9,True,
2026-09,CR00034,youtube,122033,mid,0.7130366376308048,0.05225354177265398,0.0037585153864223633,21.3,37.3,3.6,True,
2026-07,CR00036,all,,,,,,60.6,53.6,50.3,False,The Pulse
2026-09,CR00036,all,,,,,,89.0,38.4,50.8,False,The Pulse
2026-07,CR00036,instagram,99440.0,micro,0.1101267095736122,0.0456361724500525,0.2011904761904762,1.7,27.7,71.5,False,
2026-09,CR00036,instagram,106540.0,mid,,0.05307897598102204,,,33.3,,False,
2026-07,CR00036,tiktok,78330.0,micro,8.388918677390528,0.1142247510668563,0.0269190167395566,91.0,65.2,4.3,True,
2026-09,CR00036,tiktok,79500.0,micro,6.634213836477987,0.05985868550859885,0.07455496421361718,84.4,35.7,22.5,True,
2026-07,CR00036,youtube,59221.0,micro,3.0765100217828136,0.1251258668186567,0.1478249011318696,89.1,68.0,75.1,True,
2026-09,CR00036,youtube,63390,micro,3.6320870799810696,0.081740614334471,0.18365344174961445,93.5,46.1,79.0,True,
2026-09,CR00037,all,,,,,,8.9,86.8,46.4,True,The Lens
2026-09,CR00037,tiktok,219410.0,mid,1.1984822934232715,0.16059243586352817,0.12410209384074583,8.9,86.8,46.4,True,
2026-07,CR00038,all,,,,,,63.7,44.9,76.5,True,The Hub
2026-08,CR00038,all,,,,,,72.8,50.1,48.7,True,The Pulse
2026-09,CR00038,all,,,,,,95.5,98.4,67.7,False,The Lens
2026-07,CR00038,instagram,30194.0,micro,1.6057661159701977,0.1728558110627719,0.2499103621369666,92.0,86.1,80.0,True,
2026-08,CR00038,instagram,32330.0,micro,2.3145994432415717,0.2264795144157814,0.1167979002624672,96.8,95.9,43.6,True,
2026-09,CR00038,instagram,34968,micro,2.2938686799359416,0.2599264970815018,0.1911170928667564,95.5,98.4,67.7,True,
2026-07,CR00038,tiktok,52000.0,micro,1.8866153846153848,0.0325655281969817,0.2990307867730901,24.5,20.2,90.2,True,
2026-08,CR00038,tiktok,51530.0,micro,2.3613623132156025,0.0312187312387432,0.2479466119096509,34.0,22.2,81.5,True,
2026-09,CR00038,tiktok,,,,,,,,,False,
2026-07,CR00038,youtube,129034.0,mid,1.9361563618891144,0.0378264471451206,0.1098868195700341,74.7,28.4,59.4,True,
2026-08,CR00038,youtube,126028.0,mid,2.761917986479195,0.0521095954452106,0.0319616165344159,87.5,32.3,21.1,True,
2026-09,CR00038,youtube,,,,,,,,,False,
2026-07,CR00039,all,,,,,,,,,False,
2026-08,CR00039,all,,,,,,68.4,44.3,,False,The Pulse
2026-09,CR00039,all,,,,,,51.0,64.4,17.6,True,The Lens
2026-07,CR00039,instagram,,,,,,,,,False,
2026-08,CR00039,instagram,230295.0,mid,0.808549903384789,0.0771465053952039,,68.4,44.3,,True,
2026-09,CR00039,instagram,240428,mid,1.0354700783602575,0.05424058792061669,,76.5,34.1,,True,
2026-07,CR00039,tiktok,,,,,,,,,False,
2026-08,CR00039,tiktok,,,,,,,,,False,
2026-09,CR00039,tiktok,14288,micro,1.9647256438969765,0.20350404312668463,0.060209424083769635,25.6,94.6,17.6,True,
2026-07,CR00040,all,,,,,,55.0,48.5,34.7,True,The Pulse
2026-08,CR00040,all,,,,,,35.0,40.6,9.9,False,The Lens
2026-09,CR00040,all,,,,,,44.9,46.9,17.5,False,The Lens
2026-07,CR00040,instagram,6200.0,nano,0.5564516129032258,0.1567164179104477,0.0705882352941176,43.2,82.3,22.9,True,
2026-08,CR00040,instagram,6348.0,nano,0.5190611216131065,0.1007456216403676,0.0344827586206896,44.0,50.7,10.7,True,
2026-09,CR00040,instagram,6589,nano,0.5486416755198057,0.13057652711050102,0.07936507936507936,44.9,68.5,25.7,True,
2026-07,CR00040,tiktok,16425.0,micro,5.524992389649924,0.0596774193548387,0.1878207321245296,78.3,33.7,66.0,True,
2026-08,CR00040,tiktok,,,,,,,,,False,
2026-09,CR00040,tiktok,,,,,,,,,False,
2026-07,CR00040,youtube,207205.0,mid,1.1037426703023576,0.0421056866817882,0.0247492604083988,43.4,29.6,15.3,True,
2026-08,CR00040,youtube,211120.0,mid,0.7646551724137931,0.0484704012713547,0.0131862449366543,26.1,30.4,9.1,True,
2026-09,CR00040,youtube,210226,mid,,0.028518031086561937,0.014422463305679643,,25.3,9.3,False,
2026-07,CR00041,all,,,,,,95.1,54.3,,False,The Pulse
2026-08,CR00041,all,,,,,,95.4,47.8,69.0,True,The Pulse
2026-09,CR00041,all,,,,,,89.1,56.0,35.0,False,The Pulse
2026-07,CR00041,instagram,19360.0,micro,1.5834194214876034,0.110091743119266,,91.8,61.7,,True,
2026-08,CR00041,instagram,20130.0,micro,1.7767511177347244,0.0970027247956403,,93.4,50.2,,True,
2026-09,CR00041,instagram,20550.0,micro,1.6545498783454988,0.10331748490838186,,89.1,56.0,,True,
2026-07,CR00041,youtube,172311.0,mid,5.673996436675546,0.0774622787216347,,98.4,46.9,,False,
2026-08,CR00041,youtube,175579.0,mid,4.746581310976826,0.0749954080695524,0.1325907160420237,97.4,45.3,69.0,True,
2026-09,CR00041,youtube,,,,,0.0563480459951792,,,35.0,False,
2026-07,CR00046,all,,,,,,57.0,45.4,70.6,True,The Hub
2026-08,CR00046,all,,,,,,62.4,42.0,63.6,True,The Hub
2026-09,CR00046,all,,,,,,65.8,40.0,65.1,False,The Pulse
2026-07,CR00046,tiktok,11790.0,micro,2.827905004240882,0.1347449470644851,0.2155388471177944,46.0,75.3,73.7,True,
2026-08,CR00046,tiktok,12010.0,micro,4.422064945878435,0.1008249312557287,0.18737388296339,69.0,57.8,66.2,True,
2026-09,CR00046,tiktok,,,,,,,,,False,
2026-07,CR00046,youtube,4215.0,nano,1.669988137603796,0.0203340595497458,0.1273100616016427,68.0,15.6,67.5,True,
2026-08,CR00046,youtube,7447.0,nano,1.3955955418289243,0.0469562772388584,0.1058020477815699,55.7,26.2,61.1,True,
2026-09,CR00046,youtube,4376,nano,1.7141224862888482,0.07386503067484662,0.1295843520782396,65.8,40.0,65.1,True,
2026-07,CR00047,all,,,,,,60.6,38.0,32.6,True,The Pulse
2026-08,CR00047,all,,,,,,,62.9,77.6,False,The Hub
2026-09,CR00047,all,,,,,,34.2,0.6,44.4,False,The Hub
2026-07,CR00047,instagram,285040.0,mid,1.491874824586023,0.1320994519024545,0.1004350978970268,90.9,70.5,35.6,True,
2026-08,CR00047,instagram,296963.0,mid,,0.1051965596936326,0.2266086415915449,,62.9,77.6,False,
2026-09,CR00047,instagram,,,,,,,,,False,
2026-07,CR00047,youtube,552046.0,mid,0.8691431511142187,-0.0535732348125733,0.0528694404591104,30.3,5.6,29.5,True,
2026-08,CR00047,youtube,,,,,,,,,False,
2026-09,CR00047,youtube,540355,mid,0.9363955177614717,-0.14025482652512467,0.0808622583199244,34.2,0.6,44.4,True,
2026-07,CR00048,all,,,,,,20.0,35.6,90.6,False,The Hub
2026-08,CR00048,all,,,,,,27.1,48.7,70.7,True,The Hub
2026-09,CR00048,all,,,,,,29.7,42.7,94.9,False,The Hub
2026-07,CR00048,instagram,684428.0,mid,0.2098832894037064,0.0863332989437094,0.2551663917725817,8.8,51.4,82.0,True,
2026-08,CR00048,instagram,694040.0,mid,0.2521468503256296,0.1028937373865785,0.0953568842037499,13.0,59.3,34.5,True,
2026-09,CR00048,instagram,712616,mid,0.20630465776799847,0.04632290215206433,,8.8,31.2,,False,
2026-07,CR00048,tiktok,27632.0,micro,2.185545744064852,0.0320460147904683,0.4569138276553106,31.1,19.9,99.3,True,
2026-08,CR00048,tiktok,28401.0,micro,1.4718847927889862,0.065064126603165,0.2493792124866974,15.7,38.2,81.7,True,
2026-09,CR00048,tiktok,29870,micro,2.393304318714429,0.06598622461725134,0.30776967563490065,35.3,37.8,93.0,True,
2026-07,CR00048,youtube,,,,,,,,,False,
2026-08,CR00048,youtube,42090.0,micro,1.314944167260632,0.093530787217459,0.280609563846558,52.6,48.7,95.9,True,
2026-09,CR00048,youtube,44049,micro,1.1152353061363482,0.10957454847729162,0.31300669721536833,44.9,59.2,96.8,True,
2026-07,CR00050,all,,,,,,72.6,60.5,67.4,False,The Pulse
2026-08,CR00050,all,,,,,,15.9,86.3,,False,The Lens
2026-09,CR00050,all,,,,,,69.0,59.4,81.3,True,The Hub
2026-07,CR00050,instagram,16719.0,micro,0.6163646151085591,,,49.5,,,False,
2026-08,CR00050,instagram,17919.0,micro,0.287292817679558,0.1781065088757396,,15.9,86.3,,False,
2026-09,CR00050,instagram,19801,micro,0.5536589061158528,0.10731461805167207,0.25274725274725274,45.3,57.9,82.6,True,
2026-07,CR00050,youtube,302200.0,mid,4.04801455989411,0.1051380508319619,0.1261948233272473,95.8,60.5,67.4,True,
2026-08,CR00050,youtube,,,,,,,,,False,
2026-09,CR00050,youtube,339600.0,mid,3.5635895170789165,0.10492923377257199,0.1874411725157994,92.8,60.8,80.0,True,
2026-07,CR00053,all,,,,,,23.9,10.5,94.2,True,The Hub
2026-09,CR00053,all,,,,,,12.0,24.1,78.1,True,The Hub
2026-07,CR00053,youtube,979501.0,mid,0.7579788075765109,-0.0193585139517258,0.2756123535676251,23.9,10.5,94.2,True,
2026-09,CR00053,youtube,960330.0,mid,0.5059875251215727,0.023358659860828423,0.17327177643405786,12.0,24.1,78.1,True,
2026-07,CR00054,all,,,,,,47.4,63.2,80.1,True,The Hub
2026-08,CR00054,all,,,,,,38.1,58.5,55.0,True,The Lens
2026-09,CR00054,all,,,,,,26.6,79.2,92.0,True,The Hub
2026-07,CR00054,tiktok,8570.0,nano,2.912135355892649,0.1464882943143812,0.2449139280125195,47.4,63.2,80.1,True,
2026-08,CR00054,tiktok,9120.0,nano,2.4904605263157893,0.1301115241635687,0.1496815286624203,38.1,58.5,55.0,True,
2026-09,CR00054,tiktok,9470.0,nano,2.008975712777191,0.16482164821648215,0.3061472915398661,26.6,79.2,92.0,True,
2026-07,CR00056,all,,,,,,9.5,,4.6,False,The Pulse
2026-08,CR00056,all,,,,,,25.2,45.6,25.0,True,The Lens
2026-09,CR00056,all,,,,,,15.9,48.2,23.0,True,The Lens
2026-07,CR00056,instagram,12980.0,micro,0.2175654853620955,,0.0,9.5,,0.9,False,
2026-08,CR00056,instagram,12800.0,micro,0.204765625,-0.0383170548459804,0.0,9.3,2.7,1.3,True,
2026-09,CR00056,instagram,12717,micro,0.24384681921836912,-0.03615279672578445,0.0,12.6,5.2,1.0,True,
2026-07,CR00056,youtube,,,,,0.0119965724078834,,,8.3,False,
2026-08,CR00056,youtube,47823.0,micro,1.066683395019133,0.1845586049737441,0.0788131664348632,41.1,88.6,48.6,True,
2026-09,CR00056,youtube,50048,micro,0.663942615089514,0.18543783604538241,0.08163265306122448,19.2,91.1,45.0,True,
2026-08,CR00057,all,,,,,,42.6,70.4,50.3,True,The Lens
2026-08,CR00057,instagram,14840.0,micro,0.8382749326145552,0.0753623188405797,0.2326996197718631,70.7,40.5,79.5,True,
2026-08,CR00057,tiktok,2795520.0,macro,1.524179401327839,0.1339977851605758,0.0216957385419679,17.5,83.3,4.6,True,
2026-08,CR00057,youtube,78610.0,micro,1.019208752067167,0.1805075837212794,0.1247464503042596,39.7,87.3,66.7,True,
2026-07,CR00060,all,,,,,,45.5,31.1,73.3,True,The Hub
2026-08,CR00060,all,,,,,,41.8,51.6,75.4,False,The Hub
2026-07,CR00060,instagram,27760.0,micro,1.4413544668587897,0.0412603150787696,0.5448491970231101,89.6,24.8,99.8,True,
2026-08,CR00060,instagram,29470.0,micro,0.8173736002714626,0.0983973164368244,0.3480806766428106,69.4,51.5,95.1,True,
2026-07,CR00060,tiktok,416033.0,mid,2.237240795802256,-0.0111192718992372,0.2423136110374104,32.5,12.2,79.5,True,
2026-08,CR00060,tiktok,,,,,,,,,False,
2026-07,CR00060,youtube,17855.0,micro,0.5858863063567629,0.1063262903525621,0.0754458161865569,14.5,56.2,40.7,True,
2026-08,CR00060,youtube,18430.0,micro,0.5201302224633749,0.0983313468414779,0.0935524652338811,14.3,51.6,55.6,True,
2026-08,CR00061,all,,,,,,61.5,28.3,,False,The Pulse
2026-08,CR00061,tiktok,8560.0,nano,3.852920560747664,0.0821744627054361,,61.5,28.3,,False,
2026-07,CR00062,all,,,,,,14.2,97.8,44.4,False,The Lens
2026-08,CR00062,all,,,,,,42.6,82.2,23.2,True,The Lens
2026-09,CR00062,all,,,,,,37.5,91.6,48.2,False,The Lens
2026-07,CR00062,instagram,2450.0,nano,0.3542857142857142,,0.2083333333333333,22.0,,73.2,False,
2026-08,CR00062,instagram,2440.0,nano,0.5631147540983606,0.12082957619477,0.1505376344086021,49.7,63.4,58.0,True,
2026-09,CR00062,instagram,2470.0,nano,0.4404858299595142,,0.2676056338028169,35.0,,84.5,False,
2026-07,CR00062,tiktok,34242.0,micro,1.0052274983937854,0.2296477178870255,0.0653775322283609,6.3,97.8,15.5,True,
2026-08,CR00062,tiktok,36680.0,micro,1.4873227917121048,0.1912958752841831,0.0456385719543614,16.7,91.6,10.6,True,
2026-09,CR00062,tiktok,39770.0,micro,1.3043751571536335,0.17837037037037037,0.1531899109792285,11.0,89.6,58.3,True,
2026-07,CR00062,youtube,,,,,,,,,False,
2026-08,CR00062,youtube,93291.0,micro,1.5270926455928224,0.1981736684604615,0.0,61.4,91.6,0.9,True,
2026-09,CR00062,youtube,94960,micro,1.7333403538331928,0.2028322798839728,0.0007958615200955034,66.5,93.6,1.9,True,
2026-07,CR00063,all,,,,,,28.7,55.8,40.3,True,The Lens
2026-08,CR00063,all,,,,,,27.9,81.2,42.9,False,The Lens
2026-09,CR00063,all,,,,,,31.4,60.3,52.5,False,The Lens
2026-07,CR00063,instagram,10460.0,micro,0.3941682600382409,0.0630081300813008,0.1262626262626262,26.6,35.0,44.4,True,
2026-08,CR00063,instagram,10600.0,micro,0.3882075471698113,,0.044776119402985,28.2,,13.8,False,
2026-09,CR00063,instagram,,,,,,,,,False,
2026-07,CR00063,tiktok,81163.0,micro,1.762231558715178,0.0645165521221342,0.0939318370739817,22.3,35.6,28.1,True,
2026-08,CR00063,tiktok,79553.0,micro,2.076640730079318,0.1122560259493316,0.1730889724310776,29.1,65.5,62.3,True,
2026-09,CR00063,tiktok,83018,micro,2.2052326001590017,0.03417004048582996,0.17093626105519977,31.1,22.0,63.5,True,
2026-07,CR00063,youtube,22624.0,micro,0.9968175388967468,0.2233818201481641,0.0878378378378378,37.2,96.7,48.3,True,
2026-08,CR00063,youtube,24492.0,micro,0.7655152702923403,0.2329222250188774,0.0862857142857142,26.3,96.8,52.5,True,
2026-09,CR00063,youtube,26015,micro,0.8973669037093984,0.24372519959841277,0.07457846952010376,31.7,98.6,41.5,True,
2026-07,CR00065,all,,,,,,23.9,36.3,64.3,True,The Hub
2026-08,CR00065,all,,,,,,16.8,34.3,59.5,True,The Hub
2026-09,CR00065,all,,,,,,29.8,34.1,99.4,False,The Hub
2026-07,CR00065,instagram,89513.0,micro,0.2642074335571369,0.0059674990447506,0.0917759237187127,14.9,12.0,31.2,True,
2026-08,CR00065,instagram,89620.0,micro,0.2966971658112028,-0.0104891244341393,0.1069397042093287,17.0,8.2,37.3,True,
2026-09,CR00065,instagram,89400.0,micro,0.4006711409395973,-0.03736405728437601,,29.3,4.8,,False,
2026-07,CR00065,tiktok,24730.0,micro,1.2443995147594016,0.1826877092300334,0.1911170928667564,9.6,91.4,66.7,True,
2026-08,CR00065,tiktok,26000.0,micro,1.198153846153846,0.1468901632112924,0.1479122434536447,10.0,79.6,54.3,True,
2026-09,CR00065,tiktok,26638,micro,1.3952248667317366,0.1430655681428081,,12.5,76.3,,False,
2026-07,CR00065,youtube,5801.0,nano,1.1634200999827615,-0.0242220353238015,0.2965779467680608,47.1,5.6,95.1,True,
2026-08,CR00065,youtube,5849.0,nano,0.724568302273893,0.0205897749083929,0.2098765432098765,23.5,15.0,86.9,True,
2026-09,CR00065,youtube,6046,nano,1.171187562024479,0.036516372364135095,0.4257142857142857,47.5,21.3,99.4,True,
2026-07,CR00068,all,,,,,,50.4,33.7,74.7,False,The Hub
2026-08,CR00068,all,,,,,,57.5,30.4,64.8,False,The Hub
2026-09,CR00068,all,,,,,,69.6,38.2,85.7,False,The Hub
2026-07,CR00068,instagram,100550.0,mid,0.5858378915962208,-0.0204578665367754,0.1749494949494949,46.2,8.9,61.2,True,
2026-08,CR00068,instagram,104240.0,mid,1.2324251726784343,0.0117441521886829,0.1660366792664146,84.7,15.7,64.8,True,
2026-09,CR00068,instagram,103092,mid,,0.018524556151634605,,,19.6,,False,
2026-07,CR00068,tiktok,13290.0,micro,1.407750188111362,0.0598086124401913,,12.7,34.1,,False,
2026-08,CR00068,tiktok,13880.0,micro,1.1481268011527377,0.0627871362940275,,8.8,36.4,,False,
2026-09,CR00068,tiktok,,,,,,,,,False,
2026-07,CR00068,youtube,76373.0,micro,3.4261322718761864,0.110896158489578,0.2125650647621353,92.2,58.2,88.2,True,
2026-08,CR00068,youtube,79290.0,micro,2.1717744986757475,0.0762861408986018,,79.0,39.0,,False,
2026-09,CR00068,youtube,82072,micro,1.852885271468954,0.10671808840583619,0.21582356030106775,69.6,56.7,85.7,True,
2026-07,CR00070,all,,,,,,34.3,47.4,72.5,False,The Hub
2026-08,CR00070,all,,,,,,41.7,58.1,60.8,True,The Hub
2026-09,CR00070,all,,,,,,22.4,84.7,54.4,False,The Lens
2026-07,CR00070,instagram,,,,,0.1781376518218623,,,62.7,False,
2026-08,CR00070,instagram,30990.0,micro,1.0045821232655696,0.2157708905453119,0.0425126903553299,78.4,94.8,13.1,True,
2026-09,CR00070,instagram,33163,micro,0.490486385429545,0.24359695503806203,0.10386151797603196,39.7,97.2,37.0,True,
2026-07,CR00070,tiktok,11190.0,micro,0.8993744414655943,0.119,0.2389580973952434,3.9,68.2,78.3,True,
2026-08,CR00070,tiktok,11820.0,micro,0.6649746192893401,0.1026119402985074,0.2951127819548872,2.8,59.6,87.9,True,
2026-09,CR00070,tiktok,12490.0,micro,0.9771817453963171,0.13545454545454547,0.2005958291956306,5.1,72.2,71.8,True,
2026-07,CR00070,youtube,6340.0,nano,1.5905362776025236,0.0696811202969461,0.1534391534391534,64.7,26.7,76.5,True,
2026-08,CR00070,youtube,6330.0,nano,1.129699842022117,0.02486144101346,0.1851851851851851,43.9,20.0,81.4,True,
2026-09,CR00070,youtube,,,,,,,,,False,
2026-09,CR00071,all,,,,,,81.7,48.2,13.0,True,The Pulse
2026-09,CR00071,youtube,274515,mid,2.4437681001038194,0.07734481391798498,0.02095166338240408,81.7,48.2,13.0,True,
2026-07,CR00072,all,,,,,,57.8,20.6,88.7,False,The Hub
2026-08,CR00072,all,,,,,,65.0,29.3,60.6,False,The Pulse
2026-07,CR00072,instagram,,,,,,,,,False,
2026-08,CR00072,instagram,203770.0,mid,0.5289983805270648,0.0492790937178166,0.1865093552615898,45.4,29.3,69.2,True,
2026-07,CR00072,tiktok,1510.0,nano,3.691390728476821,,,60.7,,,False,
2026-08,CR00072,tiktok,1560.0,nano,6.73974358974359,,0.1388286334056399,84.5,,52.1,False,
2026-07,CR00072,youtube,34407.0,micro,1.3310372889237656,0.0347658717031066,0.2132564841498559,54.8,20.6,88.7,True,
2026-08,CR00072,youtube,,,,,,,,,False,
2026-07,CR00073,all,,,,,,69.8,54.0,50.5,True,The Pulse
2026-08,CR00073,all,,,,,,68.0,67.4,51.8,True,The Pulse
2026-09,CR00073,all,,,,,,53.9,65.0,9.7,False,The Lens
2026-07,CR00073,tiktok,403736.0,mid,14.897432976004122,0.0899558603188315,0.3071817877194302,98.0,57.1,91.3,True,
2026-08,CR00073,tiktok,410680.0,mid,19.60929434109282,0.1292344918609766,0.2740634159576219,99.8,75.2,85.2,True,
2026-09,CR00073,tiktok,431660.0,mid,7.298869480609739,0.15667622390739303,,88.8,86.1,,False,
2026-07,CR00073,youtube,20938.0,micro,1.0815264113095806,0.0960582107522378,0.0142276422764227,41.7,51.0,9.7,True,
2026-08,CR00073,youtube,21465.0,micro,0.9474493361285814,0.1139076284379865,0.0272452068617558,36.3,59.7,18.5,True,
2026-09,CR00073,youtube,22386,micro,0.662512284463504,0.07931150860614242,0.015172413793103448,19.0,44.0,9.7,True,
2026-07,CR00076,all,,,,,,83.6,10.5,76.0,True,The Pulse
2026-08,CR00076,all,,,,,,75.3,4.9,84.1,True,The Hub
2026-09,CR00076,all,,,,,,,20.9,,False,The Lens
2026-07,CR00076,youtube,33547.0,micro,2.483858467225087,-0.0010422250014888,0.1492262343404569,83.6,10.5,76.0,True,
2026-08,CR00076,youtube,33240.0,micro,1.943983152827918,-0.0300554420776189,0.1960176991150442,75.3,4.9,84.1,True,
2026-09,CR00076,youtube,33294,micro,,0.02911721068249258,,,20.9,,False,
2026-07,CR00077,all,,,,,,24.2,32.7,32.2,True,The Lens
2026-08,CR00077,all,,,,,,25.4,41.1,35.4,True,The Lens
2026-07,CR00077,instagram,22191.0,micro,0.255824433328827,0.0848161908486507,0.0454545454545454,13.6,49.3,10.7,True,
2026-08,CR00077,instagram,22580.0,micro,0.3258193091231178,0.0788342092689918,0.0938628158844765,20.4,41.9,33.8,True,
2026-07,CR00077,tiktok,30331.0,micro,1.3134087237479806,0.0478477164375043,0.0927756653992395,11.0,24.3,27.2,True,
2026-08,CR00077,tiktok,30080.0,micro,1.492719414893617,0.1079189686924493,0.0585305105853051,16.9,64.0,15.5,True,
2026-07,CR00077,youtube,8214.0,nano,1.1757974190406624,0.0623383341955509,0.109090909090909,48.1,24.4,58.7,True,
2026-08,CR00077,youtube,8522.0,nano,1.006688570758038,0.0235407158299303,0.0958466453674121,39.0,17.5,56.8,True,
2026-08,CR00078,all,,,,,,82.9,36.7,4.5,True,The Pulse
2026-08,CR00078,youtube,13930.0,micro,2.398869073510222,0.0715384615384615,0.0061652281134401,82.9,36.7,4.5,True,
2026-07,CR00079,all,,,,,,58.6,38.0,94.1,False,The Hub
2026-08,CR00079,all,,,,,,27.9,68.0,72.6,False,The Hub
2026-09,CR00079,all,,,,,,76.7,84.1,,False,The Lens
2026-07,CR00079,instagram,636010.0,mid,1.1337840599990563,0.0787692725206506,,82.3,47.3,,False,
2026-08,CR00079,instagram,,,,,,,,,False,
2026-09,CR00079,instagram,678500.0,mid,1.0359130434782609,0.1595119283614738,,76.7,84.1,,False,
2026-07,CR00079,tiktok,15774.0,micro,2.3391023202738683,0.0536370315944158,0.3339749759384023,35.0,28.8,94.1,True,
2026-08,CR00079,tiktok,15780.0,micro,2.023574144486692,0.1191489361702127,0.2132277834525025,27.9,68.0,72.6,True,
2026-09,CR00079,tiktok,,,,,,,,,False,
2026-08,CR00081,all,,,,,,14.9,,28.2,False,The Hub
2026-08,CR00081,instagram,121620.0,mid,0.2750534451570465,,0.0837662337662337,14.9,,28.2,False,
2026-07,CR00082,all,,,,,,70.0,29.6,63.5,True,The Pulse
2026-08,CR00082,all,,,,,,79.6,41.1,,False,The Pulse
2026-09,CR00082,all,,,,,,66.3,42.6,60.0,False,The Pulse
2026-07,CR00082,instagram,42644.0,micro,0.7530250445549198,0.0362810138271244,0.3255093002657219,60.1,22.6,93.2,True,
2026-08,CR00082,instagram,,,,,,,,,False,
2026-09,CR00082,instagram,43730.0,micro,0.45348730848387836,,0.18846153846153846,36.5,,66.9,False,
2026-07,CR00082,tiktok,44960.0,micro,3.1590302491103204,0.1006119951040391,0.1454935622317596,52.4,58.8,52.1,True,
2026-08,CR00082,tiktok,47649.0,micro,4.033683812881697,0.1325584711922418,,64.8,73.5,,False,
2026-09,CR00082,tiktok,50354,micro,4.097092584501728,0.15554433633192583,0.22445597348321084,63.6,81.7,76.7,True,
2026-07,CR00082,youtube,109597.0,mid,4.667235417027839,-0.0420345086796147,0.0829539048610207,97.4,7.4,45.3,True,
2026-08,CR00082,youtube,107481.0,mid,3.996380755668444,-0.0270659268043196,,94.4,8.7,,False,
2026-09,CR00082,youtube,107778,mid,7.398114643062591,-0.06575708193197184,0.06101032654200391,98.9,3.6,36.4,True,
2026-07,CR00083,all,,,,,,47.0,48.7,84.5,True,The Hub
2026-08,CR00083,all,,,,,,73.0,41.2,9.3,False,The Pulse
2026-09,CR00083,all,,,,,,74.1,44.1,25.6,False,The Pulse
2026-07,CR00083,instagram,17040.0,micro,0.5313967136150235,0.0308529945553539,0.2288329519450801,41.5,20.8,76.6,True,
2026-08,CR00083,instagram,,,,,,,,,False,
2026-09,CR00083,instagram,17746,micro,1.1679251662346444,0.039297218155197655,,81.4,23.4,,False,
2026-07,CR00083,tiktok,4690.0,nano,2.393390191897655,0.2025641025641025,0.2836676217765043,36.6,87.7,87.0,True,
2026-08,CR00083,tiktok,4830.0,nano,4.261490683229813,0.1391509433962264,0.0418326693227091,67.4,64.2,9.3,True,
2026-09,CR00083,tiktok,5060.0,nano,4.449209486166008,0.1473922902494331,0.0377643504531722,68.3,66.7,9.1,True,
2026-07,CR00083,youtube,55492.0,micro,1.5312297268074675,0.0716258231465925,0.2274481427882296,62.8,37.6,89.8,True,
2026-08,CR00083,youtube,55602.0,micro,2.1283047372396675,0.0221519569093883,,78.5,18.2,,False,
2026-09,CR00083,youtube,57001,micro,1.9596147436009894,0.07571382739813924,0.0759519867549669,72.6,42.2,42.1,True,
2026-07,CR00084,all,,,,,,70.2,65.0,37.6,False,The Pulse
2026-08,CR00084,all,,,,,,53.8,63.4,21.3,False,The Lens
2026-09,CR00084,all,,,,,,71.0,41.0,83.9,False,The Hub
2026-07,CR00084,instagram,174920.0,mid,1.860141779099017,0.1339297290289122,0.0694090522994782,94.4,73.3,22.0,True,
2026-08,CR00084,instagram,180880.0,mid,2.043327067669173,0.1308533916849015,0.011918697456635,95.3,74.3,3.0,True,
2026-09,CR00084,instagram,195273,mid,1.911375356552109,0.1325951789898615,,92.1,70.3,,False,
2026-07,CR00084,tiktok,104880.0,mid,7.536737223493517,,0.1481760296101126,89.0,,53.2,False,
2026-08,CR00084,tiktok,,,,,,,,,False,
2026-09,CR00084,tiktok,101980,mid,8.378250637379878,-0.010613733822302424,0.2521215931031386,92.0,7.3,83.9,True,
2026-07,CR00084,youtube,5980.0,nano,0.8055183946488295,0.1156716417910447,,27.2,56.7,,False,
2026-08,CR00084,youtube,6000.0,nano,0.4865,0.1152416356877323,0.0613496932515337,12.3,52.5,39.6,True,
2026-09,CR00084,youtube,6275,nano,0.843187250996016,0.09587844917918267,,28.9,45.3,,False,
2026-07,CR00085,all,,,,,,99.3,65.6,48.9,True,The Pulse
2026-08,CR00085,all,,,,,,98.6,48.8,50.4,True,The Pulse
2026-09,CR00085,all,,,,,,99.8,70.7,53.0,True,The Pulse
2026-07,CR00085,youtube,5900.0,nano,6.462542372881356,0.138996138996139,0.0887407927043142,99.3,65.6,48.9,True,
2026-08,CR00085,youtube,6232.0,nano,6.116816431322208,0.107320540156361,0.0825439783491204,98.6,48.8,50.4,True,
2026-09,CR00085,youtube,6568,nano,8.501065773447015,0.140673845085099,0.0966824644549763,99.8,70.7,53.0,True,
2026-07,CR00086,all,,,,,,54.5,36.4,46.3,False,The Pulse
2026-08,CR00086,all,,,,,,60.6,33.6,56.3,True,The Pulse
2026-09,CR00086,all,,,,,,54.1,27.4,26.4,False,The Pulse
2026-07,CR00086,instagram,16780.0,micro,2.408879618593564,,,97.8,,,False,
2026-08,CR00086,instagram,17620.0,micro,1.7559023836549377,0.0737355271176112,0.276355421686747,93.0,40.2,86.7,True,
2026-09,CR00086,instagram,17440.0,micro,4.702064220183487,0.0679730557256583,,99.6,35.7,,False,
2026-07,CR00086,tiktok,220420.0,mid,2.425882406315216,0.0237332218661464,0.0960835509138381,37.8,23.7,29.9,True,
2026-08,CR00086,tiktok,219670.0,mid,2.407984704329221,-0.0685239367340881,0.1016080310011289,35.6,4.5,37.7,True,
2026-09,CR00086,tiktok,219056,mid,2.8136428016630877,-0.022948158125967323,0.08505041648399825,44.4,6.0,26.4,True,
2026-07,CR00086,youtube,86199.0,micro,0.8175500875880231,0.0934657685428321,0.1178102459774366,27.9,49.0,62.8,True,
2026-08,CR00086,youtube,88928.0,micro,1.325847876934149,0.1073091769393599,0.0703132972752321,53.1,56.2,44.6,True,
2026-09,CR00086,youtube,93275,micro,0.6346823907799518,0.07343429926116878,,18.3,40.4,,False,
2026-07,CR00087,all,,,,,,55.0,63.7,97.4,True,The Hub
2026-08,CR00087,all,,,,,,43.2,55.2,93.2,True,The Hub
2026-09,CR00087,all,,,,,,31.4,64.5,81.7,True,The Hub
2026-07,CR00087,youtube,15476.0,micro,1.3327733264409407,0.1199073739054924,0.3474114441416894,55.0,63.7,97.4,True,
2026-08,CR00087,youtube,15890.0,micro,1.1141598489616111,0.1050069541029207,0.2577319587628865,43.2,55.2,93.2,True,
2026-09,CR00087,youtube,16492,micro,0.8907955372301722,0.11840499118404992,0.1960431654676259,31.4,64.5,81.7,True,
2026-07,CR00089,all,,,,,,,,,False,
2026-08,CR00089,all,,,,,,,,,False,
2026-09,CR00089,all,,,,,,,,,False,
2026-07,CR00089,instagram,,,,,,,,,False,
2026-08,CR00089,instagram,,,,,,,,,False,
2026-09,CR00089,instagram,,,,,,,,,False,
2026-07,CR00090,all,,,,,,51.2,14.3,49.7,False,The Pulse
2026-08,CR00090,all,,,,,,52.9,22.1,40.2,True,The Pulse
2026-09,CR00090,all,,,,,,50.8,27.4,55.6,False,The Hub
2026-07,CR00090,instagram,40031.0,micro,0.2619719717219155,0.000374850059976,0.1405228758169934,14.3,10.6,49.3,True,
2026-08,CR00090,instagram,41170.0,micro,0.3733543842603837,0.0575391728743899,0.0308123249299719,25.9,31.3,8.9,True,
2026-09,CR00090,instagram,41055,micro,0.3402995981001096,0.07064622124863089,0.12562814070351758,23.3,39.7,46.5,True,
2026-07,CR00090,tiktok,17920.0,micro,9.106584821428571,,,92.6,,,False,
2026-08,CR00090,tiktok,18130.0,micro,7.999724214009928,-0.0159717552118359,0.2700547302580141,90.0,9.8,84.1,True,
2026-09,CR00090,tiktok,,,,,,,,,False,
2026-07,CR00090,youtube,28457.0,micro,1.1621042274308606,0.023522641441571,0.091672046481601,46.7,18.0,50.1,True,
2026-08,CR00090,youtube,28140.0,micro,1.0993958777540866,0.0433815350389321,0.0423357664233576,42.7,25.3,27.6,True,
2026-09,CR00090,youtube,28778,micro,2.193689624018347,0.017681589928566378,0.1274264245460238,78.3,15.2,64.8,True,
2026-07,CR00092,all,,,,,,28.2,50.0,48.2,True,The Lens
2026-08,CR00092,all,,,,,,51.1,35.8,70.3,False,The Hub
2026-09,CR00092,all,,,,,,32.3,52.6,60.2,True,The Hub
2026-07,CR00092,tiktok,430694.0,mid,1.7338783451824265,-0.0409799197502549,0.0281501340482573,20.9,7.7,4.8,True,
2026-08,CR00092,tiktok,421260.0,mid,3.2192707591511183,0.0089818207947115,0.1322151472795983,51.1,14.6,50.1,True,
2026-09,CR00092,tiktok,430242,mid,2.0920946815977985,-0.026293396098311682,0.07576851275668949,28.1,5.3,23.1,True,
2026-07,CR00092,youtube,3461477.0,macro,0.9473005309583163,0.1453280957482782,0.2483961565665548,35.5,92.3,91.7,True,
2026-08,CR00092,youtube,3534780.0,macro,,0.1095667241103295,0.2304120469148896,,57.1,90.5,False,
2026-09,CR00092,youtube,3711684,macro,0.9907438240970945,0.19610549440067337,0.32624737014208943,36.5,100.0,97.3,True,
2026-07,CR00094,all,,,,,,21.5,52.0,46.4,True,The Lens
2026-08,CR00094,all,,,,,,37.7,48.4,50.9,True,The Hub
2026-09,CR00094,all,,,,,,19.4,68.4,87.0,True,The Hub
2026-07,CR00094,youtube,34737.0,micro,0.7172755275354809,0.0973275208491281,0.0847161572052401,21.5,52.0,46.4,True,
2026-08,CR00094,youtube,35840.0,micro,0.9749162946428572,0.0930161634644708,0.0829769033361847,37.7,48.4,50.9,True,
2026-09,CR00094,youtube,37493,micro,0.6650308057504067,0.12564549057283536,0.22100313479623823,19.4,68.4,87.0,True,
2026-07,CR00096,all,,,,,,63.6,61.9,71.6,True,The Hub
2026-08,CR00096,all,,,,,,76.1,50.6,58.6,True,The Pulse
2026-09,CR00096,all,,,,,,69.8,67.4,63.1,True,The Pulse
2026-07,CR00096,instagram,118212.0,mid,0.8391364666869692,0.0644838857822081,0.2957805907172995,67.4,34.9,90.0,True,
2026-08,CR00096,instagram,122330.0,mid,1.1742172811248264,0.0239390642002176,0.2641148325358852,83.2,18.6,84.8,True,
2026-09,CR00096,instagram,123740,mid,0.7576773880717633,0.06486063182534013,0.26174227217984747,62.2,44.2,84.3,True,
2026-07,CR00096,youtube,8069.0,nano,1.4532160118973851,0.2034302759134973,0.0971751412429378,59.9,88.9,53.3,True,
2026-08,CR00096,youtube,8420.0,nano,1.708788598574822,0.1875881523272214,0.0503246753246753,69.0,82.5,32.4,True,
2026-09,CR00096,youtube,8941,nano,2.1651940498825635,0.19420328569520504,0.07568438003220612,77.4,90.7,41.9,True,
2026-07,CR00097,all,,,,,,5.1,83.2,41.0,False,The Lens
2026-08,CR00097,all,,,,,,27.2,61.9,47.3,True,The Lens
2026-09,CR00097,all,,,,,,16.9,65.6,47.0,False,The Lens
2026-07,CR00097,instagram,,,,,0.2072429288924134,,,72.9,False,
2026-08,CR00097,instagram,89530.0,micro,0.4736066123087233,0.1209465381244522,0.2153662420382165,38.9,65.6,76.0,True,
2026-09,CR00097,instagram,94247,micro,,0.12485379418996014,0.1673866090712743,,63.9,60.2,False,
2026-07,CR00097,tiktok,1141080.0,macro,0.9695902127808742,0.0688973611982801,0.0479492440859454,5.1,77.8,9.4,True,
2026-08,CR00097,tiktok,1201940.0,macro,0.7007953808010383,0.10793197216205,0.0482907612148938,3.3,50.0,11.7,True,
2026-09,CR00097,tiktok,1261220.0,macro,0.8005621541047557,,0.04601751744902149,3.8,,11.4,False,
2026-07,CR00097,youtube,49796.0,micro,,0.1849701354020417,0.0751104565537555,,88.6,40.6,False,
2026-08,CR00097,youtube,51340.0,micro,1.0151149201402416,0.139369729249889,0.0901559454191033,39.3,70.1,54.3,True,
2026-09,CR00097,youtube,56393,micro,0.8624651995815084,0.12372469312928423,0.143796992481203,30.0,67.4,69.5,True,
2026-07,CR00099,all,,,,,,55.2,31.7,32.9,False,The Pulse
2026-08,CR00099,all,,,,,,64.9,30.6,44.4,True,The Pulse
2026-09,CR00099,all,,,,,,47.0,29.1,13.5,False,The Pulse
2026-07,CR00099,instagram,15830.0,micro,0.4276058117498421,0.0476505625413633,0.2633333333333333,29.8,29.6,84.1,True,
2026-08,CR00099,instagram,16390.0,micro,0.5393532641854789,0.0649772579597141,0.1806451612903225,47.1,36.4,68.3,True,
2026-09,CR00099,instagram,,,,,,,,,False,
2026-07,CR00099,tiktok,22078.0,micro,5.697662831778241,0.0800313080911848,0.0366464068644976,79.5,46.4,6.8,False,
2026-08,CR00099,tiktok,23170.0,micro,6.877557186016401,0.0796831314072693,0.1703515766582095,84.9,47.6,61.6,True,
2026-09,CR00099,tiktok,,,,,,,,,False,
2026-07,CR00099,youtube,51809.0,micro,1.3754173985214924,0.030881270270808,0.0116072867967112,56.4,19.0,7.9,True,
2026-08,CR00099,youtube,49600.0,micro,1.5953225806451612,-0.0074163916172903,0.0026334269662921,62.8,7.8,3.2,True,
2026-09,CR00099,youtube,51037,micro,1.1633716715324176,0.04674104762295418,0.02198890649762282,47.0,29.1,13.5,True,
2026-07,CR00100,all,,,,,,65.6,86.2,22.9,False,The Lens
2026-08,CR00100,all,,,,,,57.5,74.3,54.9,True,The Lens
2026-09,CR00100,all,,,,,,78.5,80.5,34.9,False,The Lens
2026-07,CR00100,instagram,4990.0,nano,1.0168336673346694,0.1524249422632794,,78.4,77.4,,False,
2026-08,CR00100,instagram,5257.0,nano,1.2044892524253377,0.0977239507204009,0.2017167381974249,83.9,49.3,73.9,True,
2026-09,CR00100,instagram,,,,,,,,,False,
2026-07,CR00100,tiktok,7966.0,nano,3.1723575194576954,0.2025966183574879,,52.6,89.5,,False,
2026-08,CR00100,tiktok,8720.0,nano,1.623165137614679,0.2492836676217765,0.1254355400696864,19.1,98.1,47.5,True,
2026-09,CR00100,tiktok,,,,,,,,,False,
2026-07,CR00100,youtube,29029.0,micro,1.6003996003996004,0.196628055567006,0.03954802259887,65.7,91.8,22.9,True,
2026-08,CR00100,youtube,31372.0,micro,1.7295040163202855,0.1469727990640538,0.0665009322560596,69.5,75.6,43.2,True,
2026-09,CR00100,youtube,32070.0,micro,2.208013719987527,0.1594360086767896,0.05633284241531664,78.5,80.5,34.9,True,
2026-07,CR00102,all,,,,,,50.2,33.9,56.7,True,The Hub
2026-08,CR00102,all,,,,,,72.8,2.9,79.3,False,The Hub
2026-09,CR00102,all,,,,,,56.5,30.2,60.3,False,The Hub
2026-07,CR00102,instagram,124870.0,mid,0.6308080403619765,0.0118304837533425,0.227139968546394,51.4,14.4,76.3,True,
2026-08,CR00102,instagram,123680.0,mid,0.8590798835705046,-0.0578197607983545,0.2320861277797388,72.8,2.9,79.3,True,
2026-09,CR00102,instagram,122270.0,mid,0.9017011531855729,0.014604597128868973,0.27953024716646185,70.9,17.4,87.3,True,
2026-07,CR00102,tiktok,301450.0,mid,1.0773196218278325,0.0258286258762676,0.0824725758667627,6.5,25.0,23.1,True,
2026-08,CR00102,tiktok,,,,,,,,,False,
2026-09,CR00102,tiktok,306440.0,mid,1.3347115259104556,0.04344865159357123,,11.2,29.1,,False,
2026-07,CR00102,youtube,102402.0,mid,3.438585183883127,0.1060203486488238,0.1358542540537156,92.6,62.3,70.7,True,
2026-08,CR00102,youtube,,,,,,,,,False,
2026-09,CR00102,youtube,110768,mid,2.828533511483461,0.067983069313613,0.05254175301718883,87.5,44.0,33.3,True,
2026-07,CR00103,all,,,,,,63.5,28.8,32.0,False,The Pulse
2026-08,CR00103,all,,,,,,63.1,38.3,58.9,True,The Pulse
2026-09,CR00103,all,,,,,,60.6,22.1,52.5,False,The Pulse
2026-07,CR00103,instagram,144840.0,mid,0.456172328086164,-0.0144927536231884,0.069835111542192,31.8,9.6,22.4,True,
2026-08,CR00103,instagram,146070.0,mid,0.391168617785993,-0.0084176227004276,0.1304499476805022,28.5,10.7,48.3,True,
2026-09,CR00103,instagram,148843,mid,0.6002028983559858,-0.00903462050599201,0.14125910509885536,49.6,10.9,52.5,True,
2026-07,CR00103,tiktok,2890.0,nano,5.700692041522491,,0.1531531531531531,79.6,,54.6,False,
2026-08,CR00103,tiktok,2990.0,nano,7.009389671361502,0.099963113242346,0.1996517701683111,85.7,45.3,69.3,True,
2026-09,CR00103,tiktok,2997,nano,4.860527193860527,0.07380867072733788,,71.7,33.3,,False,
2026-07,CR00103,youtube,98606.0,micro,2.223079731456504,0.0921274144958355,0.0327798145352598,79.2,48.0,19.0,True,
2026-08,CR00103,youtube,103540.0,mid,1.9435387289936257,0.1010910947104238,0.1005897219882055,75.1,59.0,59.1,True,
2026-09,CR00103,youtube,,,,,,,,,False,
2026-07,CR00107,all,,,,,,53.8,45.3,74.4,True,The Hub
2026-08,CR00107,all,,,,,,58.9,27.3,72.4,True,The Hub
2026-09,CR00107,all,,,,,,60.7,42.7,48.7,True,The Pulse
2026-07,CR00107,tiktok,11810.0,micro,3.24225232853514,0.0785388127853881,0.2192369693713057,53.8,45.3,74.4,True,
2026-08,CR00107,tiktok,11990.0,micro,3.647789824854045,0.0426086956521739,0.2127985303123086,58.9,27.3,72.4,True,
2026-09,CR00107,tiktok,12190.0,micro,3.821410992616899,0.07495590828924162,0.12936046511627908,60.7,42.7,48.7,True,
2026-07,CR00108,all,,,,,,29.4,44.5,50.7,False,The Hub
2026-08,CR00108,all,,,,,,17.2,6.5,15.6,False,The Pulse
2026-09,CR00108,all,,,,,,42.9,43.5,12.2,False,The Lens
2026-07,CR00108,instagram,235640.0,mid,0.4253225258869462,0.0742599760201686,0.143611404435058,29.4,44.5,50.7,True,
2026-08,CR00108,instagram,229816.0,mid,0.329106763671807,-0.030156733991104,0.0504201680672268,21.4,8.6,15.6,True,
2026-09,CR00108,instagram,234820,mid,0.5173196490929223,0.0643737138402125,0.04777856135401975,42.9,43.5,12.2,True,
2026-07,CR00108,tiktok,,,,,,,,,False,
2026-08,CR00108,tiktok,32132.0,micro,1.3719345201045687,-0.0508374442442324,,13.0,4.4,,False,
2026-09,CR00108,tiktok,,,,,,,,,False,
2026-07,CR00108,youtube,,,,,,,,,False,
2026-08,CR00108,youtube,,,,,,,,,False,
2026-09,CR00108,youtube,,,,,,,,,False,
2026-07,CR00110,all,,,,,,27.4,54.1,39.2,True,The Lens
2026-08,CR00110,all,,,,,,37.5,67.9,52.6,True,The Lens
2026-09,CR00110,all,,,,,,28.6,56.1,33.9,False,The Lens
2026-07,CR00110,instagram,70183.0,micro,0.1445079292706211,0.0829707125883405,0.0827586206896551,3.9,47.1,29.0,True,
2026-08,CR00110,instagram,72490.0,micro,0.1463926058766726,0.0976680799515445,0.1613976705490848,5.1,50.9,62.9,True,
2026-09,CR00110,instagram,75536,micro,0.1824030925651345,0.08430587255788582,0.13228155339805825,6.2,48.0,48.9,True,
2026-07,CR00110,tiktok,213729.0,mid,2.341511914620852,0.1315117953496251,0.0643071842851699,35.4,79.5,14.6,True,
2026-08,CR00110,tiktok,217320.0,mid,2.939149641082275,0.1399496433067562,0.0865199155007194,45.4,80.9,30.0,True,
2026-09,CR00110,tiktok,224804,mid,3.1855527481717405,0.0998346363467353,0.06252927400468385,51.0,64.2,18.9,True,
2026-07,CR00110,youtube,227522.0,mid,1.099159641704978,0.0574008579223036,0.1454631828978622,42.9,35.8,73.9,True,
2026-08,CR00110,youtube,234130.0,mid,1.559027036261906,0.1240217025975896,0.116487636805837,61.9,72.0,64.9,True,
2026-09,CR00110,youtube,,,,,,,,,False,
2026-09,CR00111,all,,,,,,74.0,80.5,32.6,False,The Lens
2026-09,CR00111,tiktok,79730.0,micro,7.327141602909821,0.15266734133294782,0.09586751747189304,89.0,80.5,30.8,True,
2026-09,CR00111,youtube,23320.0,micro,1.5100771869639795,,0.055909412597310686,58.9,,34.5,False,
2026-07,CR00112,all,,,,,,34.6,47.4,,False,The Lens
2026-08,CR00112,all,,,,,,19.3,30.2,79.9,True,The Hub
2026-09,CR00112,all,,,,,,9.1,56.2,,False,The Lens
2026-07,CR00112,tiktok,4920.0,nano,2.334756097560976,0.1156462585034013,,34.6,47.4,,False,
2026-08,CR00112,tiktok,5288.0,nano,1.6367246596066565,0.0838286534125845,0.2421259842519685,19.3,30.2,79.9,True,
2026-09,CR00112,tiktok,5320.0,nano,1.1986842105263158,0.13675213675213677,,9.1,56.2,,False,
2026-09,CR00114,all,,,,,,98.5,49.2,8.0,True,The Pulse
2026-09,CR00114,instagram,89664,micro,3.069091274089936,0.08507394050874942,0.03632814618012254,98.5,49.2,8.0,True,
2026-07,CR00116,all,,,,,,54.2,74.2,98.8,True,The Hub
2026-08,CR00116,all,,,,,,60.3,57.7,81.8,True,The Hub
2026-09,CR00116,all,,,,,,56.0,27.8,77.1,True,The Hub
2026-07,CR00116,instagram,4360.0,nano,0.6621559633027523,0.1443569553805774,0.4563106796116505,54.2,74.2,98.8,True,
2026-08,CR00116,instagram,4540.0,nano,0.6777533039647577,0.1046228710462287,0.2463054187192118,60.3,57.7,81.8,True,
2026-09,CR00116,instagram,4759,nano,0.670519016600126,0.04800704690596785,0.22522522522522523,56.0,27.8,77.1,True,
2026-07,CR00117,all,,,,,,25.2,16.5,100.0,False,The Hub
2026-08,CR00117,all,,,,,,43.1,60.1,53.3,False,The Lens
2026-09,CR00117,all,,,,,,46.1,49.0,56.8,False,The Hub
2026-07,CR00117,instagram,,,,,,,,,False,
2026-08,CR00117,instagram,148510.0,mid,0.5720894215877719,0.1249905310203772,,51.2,71.4,,False,
2026-09,CR00117,instagram,,,,,,,,,False,
2026-07,CR00117,tiktok,41164.0,micro,1.9173792634340685,0.0210338327215001,0.5480009035464197,25.2,16.5,100.0,True,
2026-08,CR00117,tiktok,42370.0,micro,2.314632995043663,0.0751078406495813,0.5911969940955448,33.0,44.0,100.0,True,
2026-09,CR00117,tiktok,44227,micro,2.3419856648653536,0.09918978029625211,0.44226327944572746,33.8,53.9,99.0,True,
2026-07,CR00117,youtube,,,,,,,,,False,
2026-08,CR00117,youtube,8612.0,nano,1.1417789131444496,0.1436918990703851,0.0102564102564102,45.0,65.0,6.6,True,
2026-09,CR00117,youtube,8924,nano,1.4792693859255939,0.0814348036839554,0.023465703971119134,58.4,44.0,14.7,True,
2026-07,CR00125,all,,,,,,79.6,50.6,30.5,True,The Pulse
2026-08,CR00125,all,,,,,,84.2,61.4,35.2,False,The Pulse
2026-07,CR00125,instagram,2082999.0,macro,0.9410604613828428,0.0364772494876078,,73.4,28.6,,True,
2026-08,CR00125,instagram,2051030.0,macro,,0.0471009868437846,,,17.6,,False,
2026-07,CR00125,tiktok,17230.0,micro,15.465699361578642,0.1066152858060372,0.0127306704041111,98.2,60.3,0.9,True,
2026-08,CR00125,tiktok,17460.0,micro,17.807731958762886,0.1678929765886287,0.0309359433714934,99.2,85.1,6.8,True,
2026-07,CR00125,youtube,189505.0,mid,1.650753278277618,0.1063013730618344,0.1115916955017301,67.3,63.0,60.1,True,
2026-08,CR00125,youtube,193920.0,mid,1.7133611798679869,0.1458284093594894,0.1145061728395061,69.3,81.4,63.6,True,
2026-07,CR00126,all,,,,,,25.7,11.7,61.0,False,The Hub
2026-08,CR00126,all,,,,,,57.0,38.2,39.2,True,The Pulse
2026-09,CR00126,all,,,,,,46.0,46.0,44.0,True,The Pulse
2026-07,CR00126,instagram,67787.0,micro,0.3911074394795462,0.0036422321256718,0.1746280344557556,25.7,11.7,61.0,True,
2026-08,CR00126,instagram,68400.0,micro,0.5622807017543859,0.0064743967039434,0.1522781774580335,49.5,10.7,58.7,True,
2026-09,CR00126,instagram,67220.0,micro,0.39663790538530197,-0.029734411085450347,0.17959183673469387,29.1,6.3,64.1,True,
2026-07,CR00126,youtube,,,,,,,,,False,
2026-08,CR00126,youtube,52290.0,micro,1.6222795945687511,0.125968992248062,0.0307096004770423,64.4,65.6,19.7,True,
2026-09,CR00126,youtube,56162,micro,1.6111605712047292,0.16938388822953754,0.03656716417910448,62.9,85.8,24.0,True,
2026-07,CR00127,all,,,,,,,,,False,
2026-08,CR00127,all,,,,,,,,,False,
2026-09,CR00127,all,,,,,,61.3,,9.8,False,The Pulse
2026-07,CR00127,tiktok,,,,,,,,,False,
2026-08,CR00127,tiktok,,,,,,,,,False,
2026-09,CR00127,tiktok,5630.0,nano,3.8817051509769094,,0.04114285714285714,61.3,,9.8,False,
2026-07,CR00128,all,,,,,,36.2,47.5,71.4,False,The Hub
2026-08,CR00128,all,,,,,,48.8,45.4,70.4,False,The Hub
2026-09,CR00128,all,,,,,,38.7,55.0,53.3,False,The Lens
2026-07,CR00128,instagram,18358.0,micro,0.3829937901732215,0.0131905734312048,0.5673249551166966,25.5,15.0,100.0,True,
2026-08,CR00128,instagram,18570.0,micro,0.2935379644588045,0.0356943669827105,0.3075471698113207,16.6,20.6,90.9,True,
2026-09,CR00128,instagram,,,,,0.34626865671641793,,,95.9,False,
2026-07,CR00128,tiktok,416405.0,mid,0.538533398974556,0.0979465166192934,,1.0,62.8,,False,
2026-08,CR00128,tiktok,,,,,,,,,False,
2026-09,CR00128,tiktok,431940.0,mid,0.7587535305829514,0.0856309849950989,0.08407954413303872,3.4,51.7,25.6,True,
2026-07,CR00128,youtube,423617.0,mid,2.3885892209236173,0.1098964027278879,0.0785030648456823,82.0,64.8,42.9,True,
2026-08,CR00128,youtube,446469.0,mid,2.2993824879218936,0.1217870441560007,0.0816370030906959,81.0,70.2,49.8,True,
2026-09,CR00128,youtube,466995,mid,1.9876379832760522,0.10306831065759638,0.06694055099081682,74.0,58.4,38.3,True,
2026-07,CR00130,all,,,,,,62.4,35.6,85.2,False,The Hub
2026-08,CR00130,all,,,,,,57.4,23.2,55.4,False,The Pulse
2026-09,CR00130,all,,,,,,37.9,29.4,66.0,False,The Hub
2026-07,CR00130,instagram,90716.0,micro,0.9375744080426828,0.0844969395562356,,73.0,48.9,,False,
2026-08,CR00130,instagram,93060.0,micro,0.896013324736729,0.070762858129099,0.1380479534996367,74.9,38.1,52.4,True,
2026-09,CR00130,instagram,96627,micro,0.7443985635484905,0.07910077727150898,0.18392788645953204,61.1,45.6,66.0,True,
2026-07,CR00130,tiktok,1330930.0,macro,2.543836264867424,0.0183091048201989,0.3080124354385226,39.9,22.2,91.6,True,
2026-08,CR00130,tiktok,1278060.0,macro,2.5981777068369247,0.0148729880174378,0.1588935066077357,39.9,8.3,58.3,True,
2026-09,CR00130,tiktok,1311714,macro,1.5425359491474513,-0.0031538213675577414,,15.2,12.5,,False,
2026-07,CR00130,youtube,14055.0,micro,1.9299181785841333,,0.1603563474387528,74.4,,78.7,False,
2026-08,CR00130,youtube,,,,,,,,,False,
2026-09,CR00130,youtube,14494,micro,1.0001379881330206,0.04884579202547218,,37.3,30.1,,False,
2026-07,CR00131,all,,,,,,77.2,36.2,30.4,False,The Pulse
2026-08,CR00131,all,,,,,,84.5,26.7,38.2,False,The Pulse
2026-09,CR00131,all,,,,,,73.5,17.2,78.5,False,The Hub
2026-07,CR00131,instagram,,,,,,,,,False,
2026-08,CR00131,instagram,59020.0,micro,1.3711453744493391,0.0262563032516084,,87.0,16.2,,True,
2026-09,CR00131,instagram,60540.0,micro,,-0.05347091932457786,,,3.2,,False,
2026-07,CR00131,tiktok,56650.0,micro,7.025578111209179,0.0169826224328594,0.0225519938594246,87.5,14.6,3.4,True,
2026-08,CR00131,tiktok,57410.0,micro,7.379515763804215,0.0275639878288884,,87.8,20.7,,False,
2026-09,CR00131,tiktok,60680,micro,8.585036255767964,0.018582243633860976,,92.6,16.6,,False,
2026-07,CR00131,youtube,35710.0,micro,1.642397087650518,0.1105927722833862,0.1070336391437308,67.0,57.8,57.5,True,
2026-08,CR00131,youtube,34750.0,micro,2.1334676258992804,0.0845817727840199,0.0603015075376884,78.7,43.2,38.2,True,
2026-09,CR00131,youtube,36821,micro,1.3662312267456072,0.05404631723585149,0.17438692098092642,54.4,31.9,78.5,True,
2026-07,CR00135,all,,,,,,38.9,45.7,60.5,False,The Hub
2026-08,CR00135,all,,,,,,56.6,76.4,43.7,True,The Lens
2026-07,CR00135,youtube,344980.0,mid,1.0351614586352833,0.0761791864237584,0.112122495060683,38.9,45.7,60.5,True,
2026-08,CR00135,youtube,365625.0,mid,1.406451965811966,0.1400735259726288,0.0676366903988387,56.6,76.4,43.7,True,
2026-07,CR00136,all,,,,,,38.0,38.6,83.1,True,The Hub
2026-08,CR00136,all,,,,,,53.2,28.5,93.8,False,The Hub
2026-09,CR00136,all,,,,,,51.6,43.6,91.4,True,The Hub
2026-07,CR00136,instagram,90684.0,micro,0.2073684442680075,0.0024097450976057,0.2711111111111111,8.6,11.3,86.8,True,
2026-08,CR00136,instagram,93220.0,micro,0.4240011359416301,0.0300552486187845,0.4375404530744337,31.4,18.2,99.3,True,
2026-09,CR00136,instagram,92980.0,micro,0.36756291675629166,0.045423881268270745,0.47489150650960943,26.5,26.6,100.0,True,
2026-07,CR00136,tiktok,80560.0,micro,4.469587884806356,0.0179428860247662,0.2388370423546303,70.5,15.7,78.1,True,
2026-08,CR00136,tiktok,83990.0,micro,5.735766162638409,0.010831628354796,,78.2,15.6,,False,
2026-09,CR00136,tiktok,84431,micro,4.317880873139013,0.04779101514023331,0.2961798647035416,66.4,27.0,89.9,True,
2026-07,CR00136,youtube,182920.0,mid,0.9335993877104746,0.1639760485138497,0.1918138564817832,34.9,88.9,84.5,True,
2026-08,CR00136,youtube,188200.0,mid,1.2498405951115834,0.0872328134026574,0.2171501706484641,49.9,51.6,88.4,True,
2026-09,CR00136,youtube,197800,mid,1.5829069767441861,0.14140627254104274,0.2073837355983517,62.0,77.1,84.4,True,
2026-07,CR00138,all,,,,,,6.9,40.0,30.2,False,The Lens
2026-08,CR00138,all,,,,,,8.5,23.3,19.1,False,The Lens
2026-09,CR00138,all,,,,,,9.6,33.6,46.1,True,The Hub
2026-07,CR00138,instagram,4470.0,nano,0.2630872483221476,,0.0,14.7,,0.9,False,
2026-08,CR00138,instagram,4620.0,nano,0.114069264069264,,0.0,2.8,,1.3,False,
2026-09,CR00138,instagram,4696,nano,0.2612862010221465,0.02220287331301698,0.0,14.1,14.8,1.0,True,
2026-07,CR00138,tiktok,19140.0,micro,0.9649947753396028,0.1108531630876378,0.116751269035533,4.9,62.9,38.6,True,
2026-08,CR00138,tiktok,19960.0,micro,1.5812625250501002,0.0771721532649757,0.0820598006644518,18.3,44.7,27.6,True,
2026-09,CR00138,tiktok,20245,micro,1.417732773524327,0.13087923137079657,0.24776500638569604,12.9,69.7,81.9,True,
2026-07,CR00138,youtube,68420.0,micro,0.2317597193802981,0.0208892867800656,0.09284332688588,1.2,17.0,51.1,True,
2026-08,CR00138,youtube,67730.0,micro,0.3252768344898863,-0.0523296488036938,0.04366576819407,4.4,1.9,28.5,True,
2026-09,CR00138,youtube,69927,micro,0.22612152673502367,0.021025888124753603,0.10043668122270742,1.7,16.3,55.4,True,
2026-07,CR00139,all,,,,,,15.3,72.6,30.7,True,The Lens
2026-08,CR00139,all,,,,,,28.4,45.0,84.4,True,The Hub
2026-09,CR00139,all,,,,,,18.8,72.5,42.5,True,The Lens
2026-07,CR00139,instagram,101300.0,mid,0.2692892398815399,0.1331096196868009,0.0884353741496598,15.3,72.6,30.7,True,
2026-08,CR00139,instagram,103010.0,mid,0.3902630812542471,0.0784128978224455,0.2608024691358024,28.4,45.0,84.4,True,
2026-09,CR00139,instagram,109674,mid,0.30172146543392236,0.13936359197581524,0.12087912087912088,18.8,72.5,42.5,True,
2026-07,CR00140,all,,,,,,,,92.0,False,The Hub
2026-08,CR00140,all,,,,,,29.2,69.2,37.1,False,The Lens
2026-09,CR00140,all,,,,,,40.3,72.3,,False,The Lens
2026-07,CR00140,tiktok,,,,,0.3098787943794915,,,92.0,False,
2026-08,CR00140,tiktok,50050.0,micro,2.2214985014985014,0.2057335581787521,,30.8,95.6,,False,
2026-09,CR00140,tiktok,,,,,,,,,False,
2026-07,CR00140,youtube,,,,,,,,,False,
2026-08,CR00140,youtube,97601.0,micro,0.7823075583241975,0.0841784877198049,0.0597122302158273,27.5,42.9,37.1,True,
2026-09,CR00140,youtube,100525,mid,1.0470728674459089,0.13305906221821462,,40.3,72.3,,False,
2026-07,CR00141,all,,,,,,19.7,49.6,32.9,True,The Lens
2026-08,CR00141,all,,,,,,21.0,35.4,,False,The Lens
2026-09,CR00141,all,,,,,,11.8,68.7,16.3,False,The Lens
2026-07,CR00141,instagram,54032.0,micro,0.3244743855493041,0.0848492149540216,0.0959409594095941,19.7,49.6,32.9,True,
2026-08,CR00141,instagram,54553.0,micro,0.328414569317911,0.0637638203693231,,21.0,35.4,,False,
2026-09,CR00141,instagram,56010.0,micro,0.2299232279950009,0.1315151515151515,0.05614973262032086,11.8,68.7,16.3,True,
2026-07,CR00143,all,,,,,,75.1,45.6,29.9,True,The Pulse
2026-08,CR00143,all,,,,,,72.1,60.1,84.5,False,The Hub
2026-09,CR00143,all,,,,,,70.5,57.5,43.2,True,The Pulse
2026-07,CR00143,instagram,197400.0,mid,1.865106382978724,0.2114145443387542,0.065222455159562,94.6,95.9,20.7,True,
2026-08,CR00143,instagram,216220.0,mid,1.77533068171307,0.2475910218683284,,93.2,97.1,,False,
2026-09,CR00143,instagram,231600,mid,4.5822538860103625,0.21604166885442155,0.03755432080081292,99.4,96.4,8.6,True,
2026-07,CR00143,tiktok,52822.0,micro,7.727651357388967,0.0085538626035819,0.0771114356903514,89.4,12.4,20.3,True,
2026-08,CR00143,tiktok,52677.0,micro,7.187918826053116,-0.0260511037976555,0.2234166747738107,87.2,7.3,75.1,True,
2026-09,CR00143,tiktok,54448,micro,7.260468704084631,0.01602940902050794,0.09388965942364001,88.6,15.8,29.8,True,
2026-07,CR00143,youtube,32358.0,micro,1.0709870820199023,0.0541782049193679,0.0887272727272727,41.2,28.4,48.7,True,
2026-08,CR00143,youtube,33230.0,micro,0.9417694854047548,0.1474447513812154,0.2682038834951456,35.8,76.0,93.9,True,
2026-09,CR00143,youtube,34789,micro,0.7459541809192561,0.11068897260711322,0.24287856071964017,23.6,60.3,91.2,True,
2026-07,CR00146,all,,,,,,63.6,32.2,,False,The Pulse
2026-08,CR00146,all,,,,,,63.8,14.3,36.1,True,The Pulse
2026-09,CR00146,all,,,,,,67.1,22.0,40.9,False,The Pulse
2026-07,CR00146,instagram,1587651.0,macro,0.7011320498018772,0.0594086559634864,,55.9,35.7,,False,
2026-08,CR00146,instagram,1683510.0,macro,0.615459367630724,0.0751824957369762,0.146388630434386,56.0,23.5,55.9,True,
2026-09,CR00146,instagram,1693990.0,macro,0.7117291129227445,0.09725038054215111,,59.6,37.5,,False,
2026-07,CR00146,tiktok,252250.0,mid,4.55202378592666,0.031233391930011,,71.4,28.8,,False,
2026-08,CR00146,tiktok,253310.0,mid,4.801152737752162,-0.0650352489572952,0.0611937364869291,71.5,5.1,16.3,True,
2026-09,CR00146,tiktok,255630.0,mid,5.192152720729179,-0.01676987576445248,0.11798266351457841,74.6,6.6,40.9,True,
2026-07,CR00147,all,,,,,,80.3,6.9,7.6,True,The Pulse
2026-08,CR00147,all,,,,,,60.0,20.1,11.1,True,The Pulse
2026-07,CR00147,youtube,94830.0,micro,2.30906886006538,-0.0193381592554291,0.0108813088439574,80.3,6.9,7.6,True,
2026-08,CR00147,youtube,94724.0,micro,1.498046957476458,0.0259731819855728,0.0173758075295165,60.0,20.1,11.1,True,
2026-07,CR00148,all,,,,,,31.2,41.4,5.8,True,The Lens
2026-08,CR00148,all,,,,,,46.7,48.1,32.3,False,The Lens
2026-09,CR00148,all,,,,,,33.5,32.9,1.0,False,The Pulse
2026-07,CR00148,instagram,24748.0,micro,0.2568288346533053,0.0470025806997503,0.0,14.0,28.5,0.9,True,
2026-08,CR00148,instagram,24940.0,micro,0.4619486768243785,0.0400333611342785,,37.1,22.7,,False,
2026-09,CR00148,instagram,25770.0,micro,0.42289483896003105,0.06311881188118812,0.0,33.5,32.9,1.0,True,
2026-07,CR00148,youtube,92223.0,micro,1.1759322511737853,0.1002505368647101,0.0157019704433497,48.3,54.2,10.6,True,
2026-08,CR00148,youtube,95230.0,micro,1.4030137561692744,0.1429428708593375,0.0500807754442649,56.3,73.4,32.3,True,
2026-09,CR00148,youtube,,,,,,,,,False,
2026-07,CR00149,all,,,,,,37.0,73.5,48.0,True,The Lens
2026-08,CR00149,all,,,,,,33.8,58.9,67.6,True,The Hub
2026-09,CR00149,all,,,,,,31.0,65.1,,False,The Lens
2026-07,CR00149,instagram,55488.0,micro,0.6041486447520185,0.1011490147050068,0.1130573248407643,48.6,57.3,41.0,True,
2026-08,CR00149,instagram,57810.0,micro,0.4886870783601453,0.07174638487208,0.1752433936022253,41.0,38.8,66.7,True,
2026-09,CR00149,instagram,59888,micro,0.4120358001602992,0.1252278150423689,,31.0,65.1,,False,
2026-07,CR00149,tiktok,293230.0,mid,1.919032841114484,0.173060767292075,0.1541394335511982,25.4,89.7,55.0,True,
2026-08,CR00149,tiktok,314370.0,mid,1.9353182555587365,0.1369209070196376,0.1959967894050366,26.5,79.0,68.4,True,
2026-09,CR00149,tiktok,,,,,,,,,False,
2026-07,CR00150,all,,,,,,,,,False,
2026-08,CR00150,all,,,,,,56.3,43.6,90.0,True,The Hub
2026-09,CR00150,all,,,,,,73.9,63.0,93.4,True,The Hub
2026-07,CR00150,instagram,,,,,,,,,False,
2026-08,CR00150,instagram,308810.0,mid,0.6173537126388394,0.074220691489734,0.2969299496245604,56.3,43.6,90.0,True,
2026-09,CR00150,instagram,312722,mid,0.9516119748530644,0.11186881795362265,0.3124374791597199,73.9,63.0,93.4,True,
2026-07,CR00151,all,,,,,,45.4,82.9,34.0,False,The Lens
2026-08,CR00151,all,,,,,,40.1,81.4,54.7,False,The Lens
2026-09,CR00151,all,,,,,,28.6,85.8,36.8,False,The Lens
2026-07,CR00151,instagram,22980.0,micro,0.4048302872062663,0.1827071538857436,0.1012658227848101,27.6,89.1,36.1,True,
2026-08,CR00151,instagram,24420.0,micro,0.4834971334971335,0.1883211678832116,0.0813397129186602,40.3,89.0,26.6,True,
2026-09,CR00151,instagram,26340.0,micro,0.35873196659073653,0.1864864864864865,0.022813688212927757,25.4,88.9,5.2,True,
2026-07,CR00151,tiktok,,,,,,,,,False,
2026-08,CR00151,tiktok,,,,,,,,,False,
2026-09,CR00151,tiktok,,,,,,,,,False,
2026-07,CR00151,youtube,6147.0,nano,1.5361965186269726,0.1704112718964204,0.0581257413997627,63.1,76.7,31.9,True,
2026-08,CR00151,youtube,6680.0,nano,1.024550898203593,0.1617391304347826,0.1924290220820189,39.9,73.8,82.8,True,
2026-09,CR00151,youtube,7254,nano,0.8992280121312379,0.16343223736968726,0.13865546218487396,31.9,82.7,68.4,True,
2026-07,CR00152,all,,,,,,15.9,96.1,30.1,True,The Lens
2026-08,CR00152,all,,,,,,33.0,93.5,28.2,False,The Lens
2026-09,CR00152,all,,,,,,22.7,89.9,18.1,True,The Lens
2026-07,CR00152,instagram,39670.0,micro,0.1706075119737837,0.1934416365824308,0.1201923076923077,5.8,91.2,42.9,True,
2026-08,CR00152,instagram,42220.0,micro,0.3445523448602558,0.1936669493921402,0.1095152603231597,23.6,89.7,40.1,True,
2026-09,CR00152,instagram,45810.0,micro,0.32193844138834316,0.19890081130594087,0.12093862815884476,20.9,92.9,42.8,True,
2026-07,CR00152,tiktok,10432.0,micro,1.7489455521472392,0.2923686818632309,0.0790784557907845,21.5,100.0,21.7,True,
2026-08,CR00152,tiktok,11440.0,micro,2.7728146853146853,0.3164556962025316,,43.0,99.6,,False,
2026-09,CR00152,tiktok,12408,micro,2.0975983236621536,0.25937183383991896,0.025653436592449178,28.8,98.8,4.1,True,
2026-07,CR00152,youtube,22117.0,micro,0.7006827327395216,0.230773511407902,0.0432432432432432,20.4,97.1,25.7,True,
2026-08,CR00152,youtube,24210.0,micro,0.867905824039653,0.1973293768545994,0.0246913580246913,32.3,91.2,16.3,True,
2026-09,CR00152,youtube,25126,micro,0.6477752129268487,0.15135407597488887,0.011570247933884297,18.4,78.0,7.4,True,
2026-07,CR00153,all,,,,,,60.2,37.2,28.5,False,The Pulse
2026-08,CR00153,all,,,,,,65.4,27.7,21.0,False,The Pulse
2026-09,CR00153,all,,,,,,67.6,45.9,33.4,False,The Pulse
2026-07,CR00153,instagram,348313.0,mid,0.4885720601872453,0.0531228174141251,0.081170991350632,35.6,32.2,27.8,True,
2026-08,CR00153,instagram,365030.0,mid,0.5110730624880147,0.0450329229888348,,42.7,26.4,,False,
2026-09,CR00153,instagram,371450.0,mid,0.5950087494952214,0.07256294756294757,,48.7,47.8,,False,
2026-07,CR00153,tiktok,1151930.0,macro,3.446776279808669,,0.0863542678175963,57.7,,24.4,False,
2026-08,CR00153,tiktok,1180880.0,macro,4.031330025066053,0.0624583880661472,0.0503176600809692,64.6,16.7,12.6,True,
2026-09,CR00153,tiktok,1205530.0,macro,4.357300108665898,0.052837043570910805,0.06121388365578989,67.7,37.5,18.4,True,
2026-07,CR00153,youtube,14513.0,micro,2.931234066009784,0.0820906650760513,0.0591979630808402,87.4,42.2,33.2,True,
2026-08,CR00153,youtube,15117.0,micro,2.926241979228683,0.0785530821917808,0.045985401459854,88.9,39.9,29.4,True,
2026-09,CR00153,youtube,15323,micro,2.7578803106441296,0.09239324160547516,0.08862526168876483,86.5,52.5,48.4,True,
2026-07,CR00155,all,,,,,,71.6,56.7,24.7,True,The Pulse
2026-08,CR00155,all,,,,,,62.3,51.1,23.0,False,The Pulse
2026-09,CR00155,all,,,,,,55.0,83.1,41.0,False,The Lens
2026-07,CR00155,instagram,130410.0,mid,0.5021930833525037,0.1099668056855902,0.082074074074074,37.8,60.3,28.5,True,
2026-08,CR00155,instagram,137830.0,mid,0.3063629108321846,0.1032578243816537,0.1186104218362282,18.7,60.7,44.1,True,
2026-09,CR00155,instagram,141002,mid,0.33747039049091504,0.17695864843658704,0.12541375505700625,22.6,89.9,46.1,True,
2026-07,CR00155,tiktok,108200.0,mid,9.3656561922366,0.2006213936972925,0.1069490227416508,93.2,97.4,34.7,True,
2026-08,CR00155,tiktok,115745.0,mid,9.290604345760077,0.1355007701137021,,92.3,78.3,,False,
2026-09,CR00155,tiktok,120310.0,mid,6.980209458897847,0.1310519883425778,0.10761050476485057,87.3,76.2,35.8,True,
2026-07,CR00155,youtube,242096.0,mid,2.507096358469368,-0.0147845797606306,0.0158143710507233,83.9,12.3,10.8,True,
2026-08,CR00155,youtube,245184.0,mid,1.9547605063951967,0.0087966886926754,0.000293183483997,76.0,14.3,1.8,True,
2026-09,CR00155,youtube,,,,,,,,,False,
2026-07,CR00158,all,,,,,,61.0,31.8,50.1,True,The Pulse
2026-08,CR00158,all,,,,,,57.8,36.1,44.8,False,The Pulse
2026-09,CR00158,all,,,,,,55.5,24.5,45.0,True,The Pulse
2026-07,CR00158,instagram,30360.0,micro,0.5979907773386034,0.0516106685140284,0.2594458438287154,47.5,31.0,83.4,True,
2026-08,CR00158,instagram,31180.0,micro,0.4603271327774214,0.0293826345328491,,36.7,17.5,,False,
2026-09,CR00158,instagram,31023,micro,0.6726944525029817,0.021501481725386896,0.2693156732891832,56.8,13.9,85.1,True,
2026-07,CR00158,tiktok,203130.0,mid,2.3510461280953083,0.0785281936922586,0.1739704080671001,35.6,48.1,61.2,True,
2026-08,CR00158,tiktok,211630.0,mid,2.682445778008789,0.0768330534778405,0.2293668612483161,41.7,50.3,76.6,True,
2026-09,CR00158,tiktok,213890.0,mid,1.4759642807050353,0.06064663294654369,0.12325400931195034,14.2,35.8,45.3,True,
2026-07,CR00158,youtube,34809.0,micro,7.565572122152317,0.0198048809070401,0.005783048075238,100.0,16.3,5.6,True,
2026-08,CR00158,youtube,35702.0,micro,4.031874964987956,0.0798499788276571,0.0196430026897057,94.9,40.6,13.1,True,
2026-09,CR00158,youtube,36512,micro,4.262078220858895,0.03530212379845181,0.0044603033006244425,95.6,23.8,4.6,True,
2026-07,CR00160,all,,,,,,87.2,71.2,56.8,False,The Pulse
2026-08,CR00160,all,,,,,,58.6,57.3,34.9,False,The Pulse
2026-09,CR00160,all,,,,,,58.4,63.3,54.5,False,The Lens
2026-07,CR00160,instagram,108089.0,mid,1.3376014210511709,0.132355560211618,0.1621004566210045,87.2,71.2,56.8,True,
2026-08,CR00160,instagram,112630.0,mid,,0.0844405931061043,0.1560301507537688,,47.9,60.8,False,
2026-09,CR00160,instagram,117212,mid,0.7853120840869535,0.10371193431138064,,63.9,60.9,,False,
2026-07,CR00160,tiktok,,,,,,,,,False,
2026-08,CR00160,tiktok,555680.0,mid,1.6466653469622805,0.1659986990368676,0.0412921944660675,19.4,91.1,9.1,True,
2026-09,CR00160,tiktok,565300.0,mid,1.4539943392888732,0.18695670432116912,,13.7,95.4,,False,
2026-07,CR00160,youtube,,,,,,,,,False,
2026-08,CR00160,youtube,142140.0,mid,4.839841001829183,0.0524211461572634,,97.9,32.9,,False,
2026-09,CR00160,youtube,141580.0,mid,5.223301313744879,0.048507739020958306,0.0996078705972971,97.5,33.7,54.5,True,
2026-07,CR00161,all,,,,,,27.0,98.2,83.8,False,The Lens
2026-08,CR00161,all,,,,,,37.3,90.6,66.2,False,The Lens
2026-09,CR00161,all,,,,,,43.7,65.1,45.5,True,The Lens
2026-07,CR00161,instagram,,,,,,,,,False,
2026-08,CR00161,instagram,,,,,0.1163836163836163,,,43.1,False,
2026-09,CR00161,instagram,35430.0,micro,0.5911374541349139,0.06974637681159421,0.05129561078794289,48.3,38.5,13.5,True,
2026-07,CR00161,tiktok,5460.0,nano,2.001098901098901,0.2465753424657534,0.2601156069364161,27.0,98.2,83.8,True,
2026-08,CR00161,tiktok,6050.0,nano,2.4672727272727277,0.2003968253968254,0.3041322314049586,37.3,90.6,89.2,True,
2026-09,CR00161,tiktok,6340.0,nano,2.546056782334385,0.20761904761904762,0.22915042868277474,39.1,91.7,77.5,True,
2026-07,CR00162,all,,,,,,65.0,46.2,81.3,True,The Hub
2026-08,CR00162,all,,,,,,,60.5,,False,The Lens
2026-09,CR00162,all,,,,,,23.0,49.7,72.3,True,The Hub
2026-07,CR00162,tiktok,160010.0,mid,4.072776701456159,0.0751192635893301,0.2457153058795524,65.0,46.2,81.3,True,
2026-08,CR00162,tiktok,159653.0,mid,,0.0980941048620616,,,60.5,,False,
2026-09,CR00162,tiktok,168708,mid,1.834287644924959,0.08256492193966927,0.20164609053497942,23.0,49.7,72.3,True,
2026-08,CR00165,all,,,,,,56.0,53.4,31.5,False,The Pulse
2026-08,CR00165,instagram,242408.0,mid,1.032668063760272,0.0731193363170732,,79.2,42.1,,False,
2026-08,CR00165,youtube,21623.0,micro,0.8737917957730195,0.1249674834816086,0.0490883590462833,32.8,64.6,31.5,True,
2026-08,CR00169,all,,,,,,76.4,45.1,,False,The Pulse
2026-08,CR00169,tiktok,62870.0,micro,5.511595355495467,0.0780178326474622,,76.4,45.1,,False,
2026-07,CR00172,all,,,,,,36.8,59.9,14.6,True,The Lens
2026-08,CR00172,all,,,,,,44.6,85.4,22.7,False,The Lens
2026-09,CR00172,all,,,,,,46.2,55.4,39.4,True,The Lens
2026-07,CR00172,instagram,14150.0,micro,0.1348409893992933,-0.0471380471380471,0.0813953488372093,3.0,4.7,28.3,True,
2026-08,CR00172,instagram,14580.0,micro,0.2052126200274348,,0.086092715231788,9.6,,29.8,False,
2026-09,CR00172,instagram,14248,micro,0.15861875350926447,-0.060220302090891104,0.1827956989247312,5.3,2.8,65.5,True,
2026-07,CR00172,tiktok,72916.0,micro,2.705057874814856,0.1929973821989528,0.01865189289012,42.9,93.3,2.7,True,
2026-08,CR00172,tiktok,76780.0,micro,5.656264652253191,0.1747246022031823,0.0815532301305889,77.6,86.2,26.9,True,
2026-09,CR00172,tiktok,81620,micro,5.431303602058319,0.15401473270462482,0.09047701348081576,77.0,80.9,28.0,True,
2026-07,CR00172,youtube,44179.0,micro,1.5868399013105774,0.1513343062649849,0.0190612342149154,64.5,81.7,12.9,True,
2026-08,CR00172,youtube,45850.0,micro,1.1719738276990186,0.1672606924643584,0.0176146010186757,46.6,84.7,11.5,True,
2026-09,CR00172,youtube,46852,micro,1.4243788952446,0.16292692613185067,0.037945276200309755,56.3,82.6,24.6,True,
2026-07,CR00173,all,,,,,,37.8,86.0,60.7,True,The Lens
2026-08,CR00173,all,,,,,,36.5,55.2,44.0,False,The Lens
2026-07,CR00173,instagram,7740.0,nano,0.5228682170542636,0.1266375545851528,0.1897435897435897,40.4,62.9,67.6,True,
2026-08,CR00173,instagram,8030.0,nano,0.2610825065929926,0.0541435001323801,0.081967213114754,14.2,22.5,27.0,True,
2026-07,CR00173,tiktok,152009.0,mid,3.303778065772421,0.1997932057839237,0.2474396991837608,55.4,96.8,81.7,True,
2026-08,CR00173,tiktok,159500.0,mid,4.753830721003135,,0.16635687732342,70.9,,60.7,False,
2026-07,CR00173,youtube,12610.0,micro,0.6470261697065821,0.2419974391805377,0.0590841949778434,17.5,98.4,32.8,True,
2026-08,CR00173,youtube,13339.0,micro,0.740160431816478,0.1815927008592435,0.0692124105011933,24.3,88.0,44.3,True,
2026-07,CR00174,all,,,,,,27.7,6.4,26.0,False,The Pulse
2026-08,CR00174,all,,,,,,34.7,28.4,4.2,False,The Pulse
2026-09,CR00174,all,,,,,,39.4,31.5,1.6,False,The Pulse
2026-07,CR00174,instagram,3100.0,nano,0.6512903225806451,,,53.1,,,False,
2026-08,CR00174,instagram,3222.0,nano,0.7762259466170081,0.0962912555290915,,66.5,46.5,,False,
2026-09,CR00174,instagram,3279,nano,0.7560231777981091,0.0919080919080919,,61.8,59.3,,False,
2026-07,CR00174,tiktok,59320.0,micro,0.7156945380984491,-0.0238604574625637,0.0900439238653001,2.3,6.4,26.0,True,
2026-08,CR00174,tiktok,58500.0,micro,0.6844444444444444,-0.0138233310856372,0.021193092621664,2.9,10.2,4.2,True,
2026-09,CR00174,tiktok,59790,micro,1.5981602274627864,-0.0518397383483238,0.006915097963887821,17.1,3.7,1.6,True,
2026-07,CR00175,all,,,,,,29.2,78.0,68.6,False,The Lens
2026-08,CR00175,all,,,,,,45.5,46.3,43.6,False,The Lens
2026-09,CR00175,all,,,,,,33.8,87.7,63.7,False,The Lens
2026-07,CR00175,instagram,44740.0,micro,0.3984801072865445,0.2062550552709625,0.1222320637732506,27.2,92.7,43.4,True,
2026-08,CR00175,instagram,46845.0,micro,0.3764329170669228,0.158869950275833,,26.1,78.4,,False,
2026-09,CR00175,instagram,51090.0,micro,0.42526913290272067,0.18400926998841252,,33.8,87.7,,False,
2026-07,CR00175,tiktok,,,,,,,,,False,
2026-08,CR00175,tiktok,978930.0,mid,5.192091365061853,0.0772862330802245,0.0261394766927673,73.9,51.6,5.7,True,
2026-09,CR00175,tiktok,,,,,0.1710014497122106,,,63.7,False,
2026-07,CR00175,youtube,13763.0,micro,0.8895589624355155,0.119853539462978,0.272,31.1,63.4,93.8,True,
2026-08,CR00175,youtube,13640.0,micro,0.9508064516129032,-0.0043837585339561,0.1856617647058823,36.5,8.8,81.5,True,
2026-09,CR00175,youtube,,,,,,,,,False,
2026-07,CR00176,all,,,,,,,,,False,
2026-08,CR00176,all,,,,,,21.9,37.5,,False,The Lens
2026-09,CR00176,all,,,,,,24.4,46.0,67.4,True,The Hub
2026-07,CR00176,instagram,,,,,,,,,False,
2026-08,CR00176,instagram,48125.0,micro,0.3312207792207792,0.0692305983247794,,21.9,37.5,,False,
2026-09,CR00176,instagram,50330.0,micro,0.34772501490164914,0.07911663807890223,0.1908244680851064,24.4,46.0,67.4,True,
2026-07,CR00177,all,,,,,,78.8,63.0,47.1,False,The Pulse
2026-08,CR00177,all,,,,,,78.7,62.2,61.1,False,The Pulse
2026-09,CR00177,all,,,,,,87.7,42.0,17.2,False,The Pulse
2026-07,CR00177,instagram,192460.0,mid,2.0704510028057777,0.1028594349893988,,96.1,56.8,,False,
2026-08,CR00177,instagram,196143.0,mid,2.399744064279633,0.0867671747477601,0.3271443514644351,97.4,52.9,93.0,True,
2026-09,CR00177,instagram,204220.0,mid,2.777396924884928,0.05436522277866694,,97.9,34.8,,False,
2026-07,CR00177,tiktok,,,,,,,,,False,
2026-08,CR00177,tiktok,3390.0,nano,6.532448377581121,,0.1731543624161073,83.3,,62.5,False,
2026-09,CR00177,tiktok,3409,nano,9.090935758286887,0.07066582914572864,0.06850618458610847,93.9,31.2,21.0,True,
2026-07,CR00177,youtube,1463024.0,macro,1.5071987882632136,0.0981511880930238,0.0859980691027178,61.6,69.2,47.1,True,
2026-08,CR00177,youtube,1521249.0,macro,1.3735095306554022,0.12405263636236,0.0426200025691897,55.4,71.4,27.8,True,
2026-09,CR00177,youtube,1599692,macro,1.9346955538941246,0.0517992517637467,0.021523338366153746,71.3,60.0,13.3,True,
2026-07,CR00178,all,,,,,,59.0,66.1,46.3,True,The Lens
2026-08,CR00178,all,,,,,,73.3,68.7,22.8,False,The Pulse
2026-09,CR00178,all,,,,,,,,,False,
2026-07,CR00178,instagram,30270.0,micro,0.7345226296663363,0.1201983568943823,0.1319875776397515,59.0,66.1,46.3,True,
2026-08,CR00178,instagram,30350.0,micro,0.8634596375617792,0.1265775798069784,0.0680345572354211,73.3,68.7,22.8,False,
2026-09,CR00178,instagram,,,,,,,,,False,
2026-07,CR00179,all,,,,,,23.3,37.8,82.8,True,The Hub
2026-08,CR00179,all,,,,,,33.9,58.8,69.5,True,The Hub
2026-09,CR00179,all,,,,,,29.4,32.3,96.4,False,The Hub
2026-07,CR00179,instagram,24646.0,micro,0.138237442181287,0.0961572673901441,0.1935483870967742,3.2,56.2,68.5,True,
2026-08,CR00179,instagram,25760.0,micro,0.1497635312664214,0.1098664368806549,0.1036269430051813,5.7,59.5,36.6,True,
2026-09,CR00179,instagram,,,,,,,,,False,
2026-07,CR00179,tiktok,27130.0,micro,3.696719498709915,0.0556420233463035,0.2915896487985213,60.9,31.1,88.1,True,
2026-08,CR00179,tiktok,27720.0,micro,5.298051948051948,0.1150442477876106,0.3551425030978934,74.7,66.2,94.5,True,
2026-09,CR00179,tiktok,29410.0,micro,3.134716082964978,0.02189020152883947,0.37122557726465366,49.7,17.8,96.6,True,
2026-07,CR00179,youtube,41477.0,micro,0.3682522843985823,0.0506624110241406,0.2518518518518518,5.7,26.1,91.9,True,
2026-08,CR00179,youtube,24534.0,micro,0.6766528083475992,0.0959528276601447,0.1633663366336633,21.3,50.6,77.4,True,
2026-09,CR00179,youtube,24610,micro,0.4329540837058106,0.0821863594388989,0.3047091412742382,9.1,46.8,96.2,True,
2026-07,CR00180,all,,,,,,56.7,49.8,18.0,False,The Pulse
2026-08,CR00180,all,,,,,,60.9,67.6,56.4,True,The Lens
2026-09,CR00180,all,,,,,,51.3,72.7,53.3,False,The Lens
2026-07,CR00180,instagram,49793.0,micro,0.9747755708633744,0.0297596889605823,0.0599483204134366,75.4,20.4,18.0,True,
2026-08,CR00180,instagram,50860.0,micro,1.0121706645694062,0.0855923159018143,0.133911965282083,78.8,45.7,50.1,True,
2026-09,CR00180,instagram,,,,,,,,,False,
2026-07,CR00180,tiktok,30530.0,micro,2.426629544710121,0.0803255484784147,,38.0,46.8,,False,
2026-08,CR00180,tiktok,32665.0,micro,2.346578907087096,0.1198532688813466,0.1750278706800446,33.6,68.4,62.9,True,
2026-09,CR00180,tiktok,34057,micro,2.3866459171389143,0.08679835338417845,0.305765595463138,34.9,48.1,91.7,True,
2026-07,CR00180,youtube,4057.0,nano,,0.1797034021517883,,,82.2,,False,
2026-08,CR00180,youtube,4480.0,nano,1.74375,0.1978609625668449,0.0949720670391061,70.4,88.8,56.3,True,
2026-09,CR00180,youtube,4722,nano,1.7884371029224904,0.24854574299312532,0.024630541871921183,67.7,97.3,14.9,True,
2026-07,CR00181,all,,,,,,52.7,43.1,65.6,False,The Hub
2026-08,CR00181,all,,,,,,44.5,49.8,66.2,False,The Hub
2026-09,CR00181,all,,,,,,40.1,33.1,72.4,False,The Hub
2026-07,CR00181,instagram,7900.0,nano,0.5221518987341772,,0.1809523809523809,40.0,,64.6,False,
2026-08,CR00181,instagram,8340.0,nano,0.736810551558753,0.1615598885793872,0.132183908045977,64.5,87.3,49.0,True,
2026-09,CR00181,instagram,,,,,,,,,False,
2026-07,CR00181,tiktok,35174.0,micro,6.2913231364075735,0.07565749235474,0.2331918695555059,84.3,43.1,77.6,True,
2026-08,CR00181,tiktok,,,,,,,,,False,
2026-09,CR00181,tiktok,,,,,,,,,False,
2026-07,CR00181,youtube,235894.0,mid,0.9220370166261116,,0.0987003433055419,33.9,,54.5,False,
2026-08,CR00181,youtube,234494.0,mid,0.7438612501812413,0.0007297619098423,0.1946977372509287,24.5,12.4,83.3,True,
2026-09,CR00181,youtube,240020,mid,1.045096241979835,0.04794379996419824,0.15487211674250745,40.1,33.1,72.4,True,
2026-07,CR00182,all,,,,,,93.7,56.7,57.5,True,The Pulse
2026-08,CR00182,all,,,,,,93.8,71.6,68.5,True,The Pulse
2026-09,CR00182,all,,,,,,,,68.9,False,The Hub
2026-07,CR00182,tiktok,123820.0,mid,16.449911161363268,0.0458653602500211,0.1059129149884411,98.6,32.7,34.0,True,
2026-08,CR00182,tiktok,123830.0,mid,15.601792780424775,0.0771572720946416,0.1332630098452883,97.8,51.0,50.6,True,
2026-09,CR00182,tiktok,,,,,0.18854863697794771,,,68.9,False,
2026-07,CR00182,youtube,46006.0,micro,3.0283441290266486,0.1500349965003499,0.1706733644300921,88.8,80.7,81.0,True,
2026-08,CR00182,youtube,49434.0,micro,3.135190354816523,0.2004371053909664,0.2049661399548532,89.9,92.2,86.4,True,
2026-09,CR00182,youtube,,,,,,,,,False,
2026-07,CR00183,all,,,,,,15.6,59.8,56.2,False,The Lens
2026-08,CR00183,all,,,,,,41.5,42.6,67.4,False,The Hub
2026-09,CR00183,all,,,,,,9.8,50.0,99.0,False,The Hub
2026-07,CR00183,instagram,160210.0,mid,0.3235253729480057,0.1687335862270207,0.0533919597989949,19.6,87.7,14.9,True,
2026-08,CR00183,instagram,,,,,,,,,False,
2026-09,CR00183,instagram,175530.0,mid,0.21844698911866917,0.07548557073708718,,10.0,50.0,,False,
2026-07,CR00183,tiktok,136981.0,mid,,0.1169266395414257,,,73.1,,False,
2026-08,CR00183,tiktok,143900.0,mid,5.14178596247394,0.1257138386920128,0.1005752826820075,72.9,73.2,37.3,True,
2026-09,CR00183,tiktok,,,,,,,,,False,
2026-07,CR00183,youtube,14573.0,micro,0.5330405544500103,0.0286581492200183,0.3549107142857143,11.6,18.6,97.5,True,
2026-08,CR00183,youtube,14778.0,micro,0.4543916632832589,0.0080491132332878,0.3341013824884792,10.1,12.0,97.5,True,
2026-09,CR00183,youtube,14870.0,micro,0.44310692669804974,,0.4094292803970223,9.7,,99.0,False,
2026-07,CR00184,all,,,,,,29.0,22.1,47.4,False,The Hub
2026-08,CR00184,all,,,,,,20.7,38.5,56.9,True,The Hub
2026-09,CR00184,all,,,,,,34.2,34.0,32.4,False,The Pulse
2026-07,CR00184,instagram,169990.0,mid,0.3810224130831225,-0.0499636729447269,0.2683461117196057,25.3,5.5,86.1,True,
2026-08,CR00184,instagram,177829.0,mid,0.2905881492894859,0.0033797889747785,0.1594202898550724,16.3,13.6,61.5,True,
2026-09,CR00184,instagram,178030,mid,0.2679660731337415,0.020896172857912905,0.16536158452326116,15.0,21.7,59.7,True,
2026-07,CR00184,tiktok,38687.0,micro,1.4136273166696822,0.0695880564003317,,12.9,39.7,,False,
2026-08,CR00184,tiktok,40180.0,micro,0.9209059233449476,0.0999178757185874,0.2108626198083067,5.9,57.1,71.3,True,
2026-09,CR00184,tiktok,,,,,,,,,False,
2026-07,CR00184,youtube,280263.0,mid,1.1876844249865306,0.0221046528482388,0.0135046972860125,48.8,21.0,8.8,True,
2026-08,CR00184,youtube,291560.0,mid,1.0260941144189877,0.0744002653204112,0.0602290400113106,40.0,44.7,37.8,True,
2026-09,CR00184,youtube,293453,mid,1.324454001151803,0.07460451149846199,0.006558810668998688,53.4,46.4,5.1,True,
2026-07,CR00185,all,,,,,,70.8,91.0,81.5,True,The Lens
2026-08,CR00185,all,,,,,,,89.2,89.0,False,The Lens
2026-09,CR00185,all,,,,,,,88.7,,False,The Lens
2026-07,CR00185,tiktok,109690.0,mid,4.480809554198195,0.1754179168452636,0.2460907279334193,70.8,91.0,81.5,True,
2026-08,CR00185,tiktok,114470.0,mid,,0.1501054958304029,0.3038244569804113,,89.2,89.0,False,
2026-09,CR00185,tiktok,119808,mid,,0.16600325057663673,,,88.7,,False,
2026-07,CR00186,all,,,,,,45.5,85.3,11.5,False,The Lens
2026-09,CR00186,all,,,,,,83.8,62.8,,False,The Pulse
2026-07,CR00186,instagram,,,,,,,,,False,
2026-09,CR00186,instagram,12850.0,micro,1.3393774319066147,0.055008210180623976,,86.3,30.6,,True,
2026-07,CR00186,tiktok,,,,,,,,,False,
2026-09,CR00186,tiktok,39664,micro,6.0571551028640584,0.20735419456958482,,81.2,95.0,,False,
2026-07,CR00186,youtube,17373.0,micro,1.142289759972371,0.1729003510667026,0.0174039158810732,45.5,85.3,11.5,True,
2026-09,CR00186,youtube,,,,,,,,,False,
2026-07,CR00189,all,,,,,,63.8,74.0,69.0,True,The Lens
2026-08,CR00189,all,,,,,,57.7,66.2,59.0,True,The Lens
2026-09,CR00189,all,,,,,,94.9,21.0,93.9,False,The Pulse
2026-07,CR00189,instagram,40140.0,micro,2.13368211260588,0.1082274986195472,0.3377265238879736,96.8,60.2,94.6,True,
2026-08,CR00189,instagram,42010.0,micro,2.2732682694596527,0.1208644610458911,0.4108040201005025,96.4,65.3,98.8,True,
2026-09,CR00189,instagram,43170.0,micro,2.187097521426917,0.03599712023038157,0.3284175642087821,94.9,21.0,93.9,True,
2026-07,CR00189,youtube,171483.0,mid,0.8790842240921841,0.1604173856554132,0.0788630904723779,30.8,87.7,43.4,True,
2026-08,CR00189,youtube,181536.0,mid,0.6244932134673012,0.1139091377659966,0.0290999567286888,19.0,67.1,19.2,True,
2026-09,CR00189,youtube,,,,,,,,,False,
2026-08,CR00190,all,,,,,,,,,False,
2026-08,CR00190,tiktok,,,,,,,,,False,
2026-07,CR00192,all,,,,,,64.2,36.4,56.9,True,The Pulse
2026-08,CR00192,all,,,,,,31.2,33.2,67.1,False,The Hub
2026-09,CR00192,all,,,,,,47.7,57.1,57.7,True,The Hub
2026-07,CR00192,instagram,84930.0,micro,0.7117037560343813,-0.0256969140759435,0.2712504722327162,57.0,6.6,87.1,True,
2026-08,CR00192,instagram,82280.0,micro,0.5495624696159456,0.0319829424307036,0.1771904062652961,48.6,19.2,67.1,True,
2026-09,CR00192,instagram,83088,micro,0.6516344117080686,0.00415740114086822,0.09551833408782254,54.3,9.9,33.4,True,
2026-07,CR00192,tiktok,11810.0,micro,4.426672311600338,0.0687782805429864,0.1438868126001067,70.1,38.6,51.1,True,
2026-08,CR00192,tiktok,,,,,,,,,False,
2026-09,CR00192,tiktok,12510.0,micro,4.630855315747402,0.16048237476808905,0.14313471502590674,70.0,83.8,53.9,True,
2026-07,CR00192,youtube,15885.0,micro,1.5937047529115518,0.1202397743300423,0.0590610802624936,65.4,64.1,32.6,True,
2026-08,CR00192,youtube,16748.0,micro,0.5171960831144017,0.08930081300813,,13.9,47.1,,False,
2026-09,CR00192,youtube,17680,micro,0.6570135746606335,0.15036762313748456,0.21715076071922546,18.8,77.7,85.9,True,
2026-07,CR00193,all,,,,,,74.0,5.2,65.1,True,The Pulse
2026-08,CR00193,all,,,,,,76.5,3.2,65.6,True,The Pulse
2026-09,CR00193,all,,,,,,79.8,19.5,89.3,True,The Hub
2026-07,CR00193,youtube,34144.0,micro,1.909852389878163,-0.0240946637322434,0.1221227621483376,74.0,5.2,65.1,True,
2026-08,CR00193,youtube,33710.0,micro,2.01972708395135,-0.0423295454545454,0.1204347826086956,76.5,3.2,65.6,True,
2026-09,CR00193,youtube,34292,micro,2.2981745013414208,0.027014076070679845,0.2295271049596309,79.8,19.5,89.3,True,
2026-07,CR00194,all,,,,,,54.0,85.8,95.6,False,The Hub
2026-08,CR00194,all,,,,,,71.8,48.5,65.8,True,The Pulse
2026-09,CR00194,all,,,,,,63.8,50.7,60.1,True,The Pulse
2026-07,CR00194,instagram,24120.0,micro,0.7754560530679934,,0.3601637107776262,63.1,,96.1,False,
2026-08,CR00194,instagram,24180.0,micro,0.4784532671629445,0.0458477508650519,0.2447916666666666,39.5,24.7,81.4,True,
2026-09,CR00194,instagram,25108,micro,0.459216186076151,0.07377154342898687,0.1942675159235669,36.8,41.3,68.8,True,
2026-07,CR00194,tiktok,45940.0,micro,2.787636047017849,0.1531124497991967,0.3452747457785241,44.8,85.8,95.0,True,
2026-08,CR00194,tiktok,26690.0,micro,5.995391532409142,0.4721456150027578,0.2367248281592265,80.0,100.0,78.1,True,
2026-09,CR00194,tiktok,53743,micro,3.5894349031501775,0.22628120293889473,0.1604949421965318,56.2,96.7,60.9,True,
2026-07,CR00194,youtube,,,,,,,,,False,
2026-08,CR00194,youtube,96079.0,micro,4.268893306549819,0.0279017021322121,0.0602542841348811,95.8,20.8,38.0,True,
2026-09,CR00194,youtube,94677,micro,6.7015220169629375,0.014454397394136807,0.09293310283409294,98.5,14.2,50.5,True,
2026-07,CR00197,all,,,,,,8.6,58.8,44.4,False,The Lens
2026-08,CR00197,all,,,,,,12.8,57.0,45.0,False,The Lens
2026-07,CR00197,instagram,,,,,,,,,False,
2026-08,CR00197,instagram,,,,,,,,,False,
2026-07,CR00197,tiktok,14030.0,micro,1.2174625801853172,,0.2773668639053254,8.8,,85.4,False,
2026-08,CR00197,tiktok,14300.0,micro,1.4512587412587412,0.1215686274509803,0.1883680555555555,14.9,69.8,66.4,True,
2026-07,CR00197,youtube,75394.0,micro,0.4499827572485874,0.1121863429169924,0.0027958993476234,8.5,58.8,3.5,True,
2026-08,CR00197,youtube,77930.0,micro,0.4571538560246375,0.0857692200518293,0.036019536019536,10.6,44.2,23.5,True,
2026-07,CR00198,all,,,,,,0.2,34.0,6.0,True,The Lens
2026-08,CR00198,all,,,,,,0.4,13.7,3.6,True,The Lens
2026-09,CR00198,all,,,,,,0.6,13.9,6.1,True,The Lens
2026-07,CR00198,youtube,382979.0,mid,0.1164006381550946,0.0529703365015822,0.006664734859461,0.2,34.0,6.0,True,
2026-08,CR00198,youtube,383499.0,mid,0.1951035074406973,0.002750707941231,0.0032881216605014,0.4,13.7,3.6,True,
2026-09,CR00198,youtube,389089,mid,0.19816802839453185,-0.003036328323178075,0.0076591004038434754,0.6,13.9,6.1,True,
2026-07,CR00199,all,,,,,,29.8,71.2,8.5,False,The Lens
2026-08,CR00199,all,,,,,,19.6,36.9,57.0,True,The Hub
2026-09,CR00199,all,,,,,,32.0,36.2,32.4,True,The Lens
2026-07,CR00199,instagram,680285.0,mid,0.6022887466282514,0.1095408262289948,,48.4,59.6,,False,
2026-08,CR00199,instagram,699880.0,mid,0.4297308109961708,0.0509971167707832,0.2268060139347268,31.9,30.0,77.9,True,
2026-09,CR00199,instagram,710737,mid,0.6242196480554691,0.0063575491294122315,0.07871698668432281,51.3,13.8,25.1,True,
2026-07,CR00199,youtube,57928.0,micro,0.513879298439442,0.1524520043768029,0.0120240480961923,11.1,82.7,8.5,True,
2026-08,CR00199,youtube,61300.0,micro,0.3879964188584267,0.085724406659582,0.057471264367816,7.2,43.8,36.0,True,
2026-09,CR00199,youtube,62749,micro,0.5313232083379815,0.1086787518993604,0.06853750674581759,12.7,58.5,39.8,True,
2026-07,CR00200,all,,,,,,52.4,53.1,60.6,False,The Hub
2026-08,CR00200,all,,,,,,73.6,100.0,63.6,False,The Lens
2026-09,CR00200,all,,,,,,50.8,52.3,67.1,False,The Hub
2026-07,CR00200,instagram,,,,,,,,,False,
2026-08,CR00200,instagram,28550.0,micro,0.5737653239929947,,0.1621067031463748,51.4,,63.6,False,
2026-09,CR00200,instagram,,,,,,,,,False,
2026-07,CR00200,tiktok,2554.0,nano,11.027016444792482,0.2802005012531328,0.1797997387897257,95.5,100.0,62.8,True,
2026-08,CR00200,tiktok,2662.0,nano,10.91923365890308,0.2688274547187798,,95.9,100.0,,False,
2026-09,CR00200,tiktok,3000.0,nano,6.69,0.30434782608695654,0.1826625386996904,84.6,100.0,67.1,True,
2026-07,CR00200,youtube,22162.0,micro,0.4939987365761213,-0.0202908801556076,0.1089324618736383,9.3,6.2,58.4,True,
2026-08,CR00200,youtube,,,,,,,,,False,
2026-09,CR00200,youtube,22494,micro,0.6114519427402862,-0.031683168316831684,,16.9,4.6,,False,
2026-07,CR00202,all,,,,,,65.0,38.8,50.2,False,The Pulse
2026-08,CR00202,all,,,,,,51.7,21.3,21.1,True,The Pulse
2026-09,CR00202,all,,,,,,36.9,12.6,36.6,False,The Pulse
2026-07,CR00202,instagram,39860.0,micro,0.4871550426492724,0.0657754010695187,0.3012202954399486,34.8,37.2,90.5,True,
2026-08,CR00202,instagram,41320.0,micro,0.4462245885769603,0.0260740004966476,0.1134173461823573,34.0,15.8,41.0,True,
2026-09,CR00202,instagram,41220,micro,0.5559194565744784,-0.03972044263249854,0.18334297281665704,45.5,4.4,65.7,True,
2026-07,CR00202,tiktok,,,,,,,,,False,
2026-08,CR00202,tiktok,26410.0,micro,1.8138583869746308,-0.0877374784110535,0.036503138804929,24.0,2.2,7.7,True,
2026-09,CR00202,tiktok,26490.0,micro,2.093280483201208,0.03073929961089494,0.03320952589032117,28.3,20.7,7.5,True,
2026-07,CR00202,youtube,13093.0,micro,3.9253035973420913,0.0776131687242798,0.0145745181006111,95.3,40.5,9.9,True,
2026-08,CR00202,youtube,13935.0,micro,4.740940078937926,0.0868886982294672,0.0217489805165382,97.2,45.8,14.5,True,
2026-09,CR00202,youtube,,,,,,,,,False,
2026-09,CR00206,all,,,,,,16.7,70.8,79.5,True,The Hub
2026-09,CR00206,tiktok,7080.0,nano,1.5700564971751412,0.15309446254071662,0.23661971830985915,16.7,70.8,79.5,True,
2026-07,CR00208,all,,,,,,19.6,72.6,45.8,False,The Lens
2026-08,CR00208,all,,,,,,32.9,27.8,55.2,False,The Hub
2026-09,CR00208,all,,,,,,35.8,69.8,54.8,False,The Lens
2026-07,CR00208,instagram,8923.0,nano,0.495573237700325,0.1436811074083568,0.0445859872611464,36.9,72.6,10.2,True,
2026-08,CR00208,instagram,9240.0,nano,0.4318181818181818,0.1240875912408759,0.0588235294117647,32.3,64.8,19.6,True,
2026-09,CR00208,instagram,9380.0,nano,0.494456289978678,0.15945611866501855,0.08979591836734693,40.2,77.8,30.4,True,
2026-07,CR00208,tiktok,,,,,,,,,False,
2026-08,CR00208,tiktok,4910.0,nano,3.9877800407331976,-0.0268358643644684,,63.7,1.9,,False,
2026-09,CR00208,tiktok,4820.0,nano,3.9145228215767633,,,61.7,,,False,
2026-07,CR00208,youtube,29140.0,micro,0.3028140013726836,,0.1737089201877934,2.2,,81.5,False,
2026-08,CR00208,youtube,28985.0,micro,0.2825944454027945,0.021173900789177,0.2341040462427745,2.6,16.6,90.9,True,
2026-09,CR00208,youtube,30013,micro,0.33298903808349717,0.11572490706319703,0.18439716312056736,5.5,61.7,79.2,True,
2026-07,CR00212,all,,,,,,54.2,69.9,7.3,False,The Lens
2026-08,CR00212,all,,,,,,61.9,60.6,64.4,False,The Hub
2026-09,CR00212,all,,,,,,62.9,52.3,45.0,True,The Pulse
2026-07,CR00212,instagram,,,,,,,,,False,
2026-08,CR00212,instagram,174450.0,mid,2.706357122384637,0.2098619876551772,0.0898027898027898,98.9,95.7,31.9,True,
2026-09,CR00212,instagram,190880.0,mid,1.9565224224643756,0.1604352848197459,0.07749105579660501,93.2,85.5,24.6,True,
2026-07,CR00212,tiktok,114960.0,mid,3.25098295059151,0.1100811123986095,0.0380187732451738,54.2,69.9,7.3,True,
2026-08,CR00212,tiktok,116990.0,mid,,,,,,,False,
2026-09,CR00212,tiktok,119520.0,mid,4.686136211512718,0.0940045766590389,0.05280404456511563,70.2,61.6,14.5,True,
2026-07,CR00212,youtube,,,,,,,,,False,
2026-08,CR00212,youtube,57055.0,micro,0.7459994741915695,0.0440837389744903,0.3174458380843785,24.9,25.6,97.0,True,
2026-09,CR00212,youtube,57057,micro,0.7734721418931946,-0.003127402334195262,0.30109245936584067,25.3,9.9,95.8,True,
2026-07,CR00213,all,,,,,,38.4,24.2,7.8,True,The Pulse
2026-08,CR00213,all,,,,,,,,13.3,False,The Hub
2026-09,CR00213,all,,,,,,61.5,,7.5,False,The Pulse
2026-07,CR00213,instagram,3380.0,nano,0.5097633136094675,0.0539444964140941,0.0357142857142857,38.4,24.2,7.8,True,
2026-08,CR00213,instagram,,,,,0.0430622009569378,,,13.3,False,
2026-09,CR00213,instagram,3530.0,nano,0.753257790368272,,0.03508771929824561,61.5,,7.5,False,
2026-07,CR00215,all,,,,,,39.3,54.2,79.0,False,The Hub
2026-09,CR00215,all,,,,,,11.8,81.4,89.4,False,The Hub
2026-07,CR00215,instagram,3358.0,nano,1.086360929124479,0.0209790209790209,0.1780821917808219,80.4,12.9,62.4,True,
2026-09,CR00215,instagram,,,,,,,,,False,
2026-07,CR00215,tiktok,44516.0,micro,1.7042860993799982,0.1374402739095996,,19.6,76.8,,False,
2026-09,CR00215,tiktok,50980.0,micro,1.4214986269125147,0.16926605504587156,0.2513504388926401,13.3,85.1,83.4,True,
2026-07,CR00215,youtube,102277.0,mid,0.6529327219218397,0.1228372562796416,0.3009819593514501,17.8,72.8,95.6,True,
2026-09,CR00215,youtube,108784,mid,0.45878070304456536,0.14187345173615484,0.29545454545454547,10.3,77.7,95.4,True,
2026-07,CR00216,all,,,,,,,,,False,
2026-08,CR00216,all,,,,,,87.7,44.5,85.1,True,The Pulse
2026-09,CR00216,all,,,,,,60.6,70.6,90.5,True,The Hub
2026-07,CR00216,youtube,,,,,,,,,False,
2026-08,CR00216,youtube,53974.0,micro,2.7624226479416016,0.0862145300865365,0.1996060407091267,87.7,44.5,85.1,True,
2026-09,CR00216,youtube,58203,micro,1.5443533838461936,0.133015378625657,0.23892100192678228,60.6,70.6,90.5,True,
2026-07,CR00217,all,,,,,,13.2,60.9,,True,The Lens
2026-08,CR00217,all,,,,,,10.4,49.5,,True,The Lens
2026-09,CR00217,all,,,,,,4.7,19.0,,True,The Lens
2026-07,CR00217,instagram,36410.0,micro,0.2501785223839604,0.1090466037161133,,13.2,60.9,,True,
2026-08,CR00217,instagram,36450.0,micro,0.2234293552812071,0.0969003912127595,,10.4,49.5,,True,
2026-09,CR00217,instagram,36980.0,micro,0.14616008653326124,0.03238414293690676,,4.7,19.0,,True,
2026-07,CR00219,all,,,,,,75.3,35.0,18.0,True,The Pulse
2026-09,CR00219,all,,,,,,84.8,27.3,22.5,True,The Pulse
2026-07,CR00219,youtube,25136.0,micro,1.9656667727562065,0.0664856379142093,0.0303899082568807,75.3,35.0,18.0,True,
2026-09,CR00219,youtube,26410.0,micro,2.6467247254827715,0.0446993670886076,0.0354014598540146,84.8,27.3,22.5,True,
2026-09,CR00221,all,,,,,,52.9,55.0,68.1,False,The Hub
2026-09,CR00221,instagram,,,,,,,,,False,
2026-09,CR00221,tiktok,132810.0,mid,3.375536480686695,0.0896783721693469,0.18420862529798454,52.9,55.0,68.1,True,
2026-07,CR00223,all,,,,,,46.2,41.0,41.6,False,The Pulse
2026-08,CR00223,all,,,,,,32.4,31.4,64.5,False,The Hub
2026-09,CR00223,all,,,,,,18.0,49.4,46.5,False,The Lens
2026-07,CR00223,instagram,,,,,,,,,False,
2026-08,CR00223,instagram,10490.0,micro,0.0895138226882745,0.0521564694082246,,1.1,28.5,,False,
2026-09,CR00223,instagram,10390.0,micro,0.08431183830606352,,0.08860759493670886,2.1,,30.1,False,
2026-07,CR00223,tiktok,615380.0,mid,2.233239624297182,0.1027722523878644,0.1186195218679678,32.3,63.5,40.6,True,
2026-08,CR00223,tiktok,,,,,,,,,False,
2026-09,CR00223,tiktok,,,,,,,,,False,
2026-07,CR00223,youtube,100661.0,mid,1.4612511300304984,0.0109266568246412,0.0781087634222376,60.0,18.5,42.5,True,
2026-08,CR00223,youtube,100730.0,mid,1.6126675270525166,0.0532204098703471,0.115388003170968,63.8,34.2,64.5,True,
2026-09,CR00223,youtube,105464,mid,0.9313035727831298,0.07881627267054696,0.11857307914500288,33.8,49.4,62.9,True,
2026-07,CR00224,all,,,,,,57.6,66.3,49.8,True,The Lens
2026-08,CR00224,all,,,,,,55.6,80.4,31.2,True,The Lens
2026-09,CR00224,all,,,,,,95.8,80.1,49.0,False,The Pulse
2026-07,CR00224,instagram,15250.0,micro,0.3749685534591195,0.1766975308641975,0.1501340482573726,25.0,87.2,53.4,True,
2026-08,CR00224,instagram,16700.0,micro,0.3175554224086279,0.2145454545454545,0.1217391304347826,19.7,94.2,45.5,True,
2026-09,CR00224,instagram,,,,,,,,,False,
2026-07,CR00224,tiktok,81090.0,micro,3.315871254162042,0.0799041150619256,0.2150086132644272,56.0,46.1,73.5,True,
2026-08,CR00224,tiktok,82620.0,micro,3.5219922536916,0.1577914798206278,0.0599198057265488,56.8,82.9,15.9,True,
2026-09,CR00224,tiktok,,,,,,,,,False,
2026-07,CR00224,youtube,85242.0,micro,3.3762112573613945,0.1222845406430207,0.0387168634439741,91.7,65.7,22.4,True,
2026-08,CR00224,youtube,90879.0,micro,3.1710736253699974,0.1245174222926153,0.0499606771803468,90.3,64.0,32.1,True,
2026-09,CR00224,youtube,94800,micro,4.356803797468355,0.15882503942205434,0.08911687142213932,95.8,80.1,49.0,True,
2026-09,CR00226,all,,,,,,8.7,4.3,32.8,True,The Hub
2026-09,CR00226,youtube,41246,micro,0.4178102118993357,-0.033530941725050965,0.05233494363929147,8.7,4.3,32.8,True,
2026-07,CR00227,all,,,,,,16.4,27.5,42.8,True,The Hub
2026-08,CR00227,all,,,,,,26.8,21.1,73.7,False,The Hub
2026-09,CR00227,all,,,,,,16.2,34.5,43.7,False,The Hub
2026-07,CR00227,instagram,26960.0,micro,0.2139465875370919,0.0125441297979418,0.1446808510638297,9.3,13.9,51.7,True,
2026-08,CR00227,instagram,27100.0,micro,0.2562730627306273,-0.0053571428571428,0.2005649717514124,13.6,8.9,73.7,True,
2026-09,CR00227,instagram,26260.0,micro,0.25091393754760094,0.020598523124757094,,13.5,13.5,,False,
2026-07,CR00227,tiktok,1731150.0,macro,1.405175172573145,0.0653755261797503,0.2077783466866666,12.5,66.7,72.4,True,
2026-08,CR00227,tiktok,1807241.0,macro,2.602571544138275,0.1025496798029707,,40.1,33.3,,False,
2026-09,CR00227,tiktok,1823792,macro,1.6083434539713384,0.15079899419802437,0.1542636240804684,17.5,87.5,58.8,True,
2026-07,CR00227,youtube,50060.0,micro,0.8089292848581702,-0.0585270443090348,0.0037950664136622,27.5,2.0,4.2,True,
2026-08,CR00227,youtube,,,,,,,,,False,
2026-09,CR00227,youtube,49150,micro,0.6252492370295015,-0.05408006158583526,0.046511627906976744,17.5,2.5,28.6,True,
2026-07,CR00228,all,,,,,,18.4,34.6,76.5,True,The Hub
2026-08,CR00228,all,,,,,,22.6,37.1,52.9,False,The Hub
2026-09,CR00228,all,,,,,,34.8,46.2,57.0,False,The Hub
2026-07,CR00228,tiktok,16543.0,micro,2.197183098591549,0.0756876259834839,0.4046511627906977,31.3,43.4,98.9,True,
2026-08,CR00228,tiktok,16820.0,micro,2.252318668252081,0.084461637653127,0.2829457364341085,32.0,50.5,86.3,False,
2026-09,CR00228,tiktok,17522,micro,3.2488871133432258,0.08994774819606867,,52.0,50.6,,False,
2026-07,CR00228,youtube,26268.0,micro,0.3635602253692706,0.0467840918147764,0.0980707395498392,5.4,25.8,54.1,True,
2026-08,CR00228,youtube,26753.0,micro,0.4988225619556685,0.039961127308066,0.0306220095693779,13.2,23.7,19.5,True,
2026-09,CR00228,youtube,27024,micro,0.6285894020130255,0.0755820895522388,0.10384615384615385,17.7,41.8,57.0,True,
2026-09,CR00229,all,,,,,,23.0,47.5,54.1,True,The Hub
2026-09,CR00229,youtube,15610,micro,0.7334401024983984,0.08417835810529241,0.09900990099009901,23.0,47.5,54.1,True,
2026-07,CR00230,all,,,,,,72.2,91.4,62.0,False,The Lens
2026-08,CR00230,all,,,,,,83.2,80.5,64.5,False,The Pulse
2026-09,CR00230,all,,,,,,59.9,62.6,50.4,False,The Lens
2026-07,CR00230,instagram,19922.0,micro,1.3419837365726333,0.2037462235649546,0.0806330067822155,87.3,92.3,26.8,True,
2026-08,CR00230,instagram,21650.0,micro,1.8462817551963049,0.1811238406983087,0.0856353591160221,93.8,87.3,29.4,True,
2026-09,CR00230,instagram,22630.0,micro,1.2827662395050818,0.1371859296482412,,84.6,72.2,,False,
2026-07,CR00230,tiktok,,,,,,,,,False,
2026-08,CR00230,tiktok,,,,,,,,,False,
2026-09,CR00230,tiktok,99652,micro,1.708395215349416,0.031893302406494635,0.014573643410852714,19.7,21.6,2.8,True,
2026-07,CR00230,youtube,37279.0,micro,1.377316988116634,0.1903378248930327,0.3438438438438438,57.1,90.5,97.2,True,
2026-08,CR00230,youtube,39760.0,micro,1.8610915492957747,0.1431857389304197,0.470932020916641,72.5,73.7,99.6,True,
2026-09,CR00230,youtube,40915,micro,2.070365391665648,0.2047997644287397,0.3423462712603576,75.5,94.0,97.9,True,
2026-07,CR00231,all,,,,,,35.8,74.0,79.0,False,The Hub
2026-08,CR00231,all,,,,,,46.5,70.6,66.7,False,The Lens
2026-09,CR00231,all,,,,,,53.9,59.8,78.9,False,The Hub
2026-07,CR00231,instagram,196650.0,mid,0.5376913297737096,0.1493449781659388,0.2506292700467458,41.9,79.5,80.5,True,
2026-08,CR00231,instagram,199080.0,mid,,0.1142953095264748,0.1655074296553904,,66.4,64.6,False,
2026-09,CR00231,instagram,207530.0,mid,0.9013347467835976,0.13634123637956524,0.24167343623070675,70.7,71.7,80.1,True,
2026-07,CR00231,tiktok,99328.0,micro,1.920505798969072,0.09573083287369,,25.6,56.2,,False,
2026-08,CR00231,tiktok,101890.0,mid,2.104161350476004,0.1321111111111111,0.2876131400721565,29.7,76.4,87.0,True,
2026-09,CR00231,tiktok,106886,mid,2.827620081208016,0.08591980005892573,0.22977904318883588,45.0,53.0,77.7,True,
2026-07,CR00231,youtube,140561.0,mid,1.0432196697519227,0.1510731863110397,0.155881233346022,40.0,86.4,77.6,True,
2026-08,CR00231,youtube,146463.0,mid,1.6040774803192617,0.1180296333615773,0.0786466502352677,63.3,68.9,48.4,True,
2026-09,CR00231,youtube,152040,mid,1.1399828992370429,0.0962420327055634,,46.0,54.8,,False,
2026-07,CR00233,all,,,,,,58.0,55.5,11.8,False,The Pulse
2026-08,CR00233,all,,,,,,53.7,63.3,25.3,True,The Lens
2026-09,CR00233,all,,,,,,66.3,52.2,7.7,False,The Pulse
2026-07,CR00233,instagram,72840.0,micro,0.3024025260845689,0.1551636640446587,0.0711538461538461,17.7,81.8,23.4,True,
2026-08,CR00233,instagram,78590.0,micro,0.3283496628069729,0.1696681053728233,0.0896980461811722,20.8,82.5,31.7,True,
2026-09,CR00233,instagram,82400.0,micro,0.40694174757281554,0.15714085100407246,0.05205582798943795,29.9,80.6,14.1,True,
2026-07,CR00233,tiktok,95280.0,micro,4.879324097397145,0.0850700375811411,0.0125862155767003,74.0,49.1,0.7,True,
2026-08,CR00233,tiktok,97970.0,micro,5.508247422680412,0.1264803955386915,0.0768082565677243,76.2,71.6,24.1,True,
2026-09,CR00233,tiktok,102231,mid,10.365192554117636,0.0882932177949051,0.012161927375919384,96.8,53.6,2.3,True,
2026-07,CR00233,youtube,21597.0,micro,2.3919062832800853,0.0674146196807196,0.0171790235081374,82.2,35.6,11.3,False,
2026-08,CR00233,youtube,22469.0,micro,1.618585606836085,0.0691886747561265,0.0310483870967741,64.0,35.7,20.1,True,
2026-09,CR00233,youtube,22393,micro,1.9512347608627696,0.032887453874538744,0.009489254814401339,72.2,22.3,6.7,False,
2026-07,CR00234,all,,,,,,86.2,96.1,59.8,True,The Lens
2026-08,CR00234,all,,,,,,73.2,99.4,30.6,True,The Lens
2026-09,CR00234,all,,,,,,75.3,,33.7,False,The Pulse
2026-07,CR00234,youtube,10602.0,micro,2.80871533672892,0.2205848491825927,0.1111934766493699,86.2,96.1,59.8,True,
2026-08,CR00234,youtube,11480.0,micro,1.888327526132404,0.2629262926292629,0.0467289719626168,73.2,99.4,30.6,True,
2026-09,CR00234,youtube,11967,micro,2.056822929723406,,0.05358182877111241,75.3,,33.7,False,
2026-07,CR00235,all,,,,,,43.2,38.3,70.0,False,The Hub
2026-08,CR00235,all,,,,,,39.9,47.1,46.7,False,The Lens
2026-09,CR00235,all,,,,,,40.9,28.1,30.0,False,The Pulse
2026-07,CR00235,instagram,108050.0,mid,0.2177510411846367,-0.0328499820981024,,9.7,6.2,,False,
2026-08,CR00235,instagram,106810.0,mid,0.2719127422525981,-0.0381809995497523,0.2778947368421052,14.4,6.4,86.9,True,
2026-09,CR00235,instagram,105330.0,mid,0.2956612551030096,-0.04885316958641864,0.13395348837209303,18.4,6.5,50.3,True,
2026-07,CR00235,tiktok,,,,,,,,,False,
2026-08,CR00235,tiktok,56980.0,micro,2.611828711828712,0.1150684931506849,0.0290246371920351,40.3,66.5,6.4,True,
2026-09,CR00235,tiktok,57420.0,micro,1.2023162661093696,0.06927374301675977,0.04091048908028299,9.3,39.8,9.6,True,
2026-07,CR00235,youtube,327548.0,mid,2.0773810250711344,0.1173621155473078,0.1329096989966555,76.6,70.4,70.0,True,
2026-08,CR00235,youtube,338040.0,mid,1.641131227073719,0.1171921475312314,,65.1,68.3,,False,
2026-09,CR00235,youtube,353572,mid,4.020646431278495,0.05236965625623183,,95.1,38.0,,False,
2026-07,CR00238,all,,,,,,94.3,62.4,72.7,True,The Pulse
2026-08,CR00238,all,,,,,,86.1,74.7,68.5,True,The Pulse
2026-09,CR00238,all,,,,,,80.0,69.5,42.3,True,The Pulse
2026-07,CR00238,youtube,41809.0,micro,3.7660073189983017,0.1183661459447892,0.1424524484014569,94.3,62.4,72.7,True,
2026-08,CR00238,youtube,44236.0,micro,2.626299846279049,0.14500181187555,0.1308152924919392,86.1,74.7,68.5,True,
2026-09,CR00238,youtube,44940,micro,2.3202937249666222,0.1286636361353191,0.07612574341546305,80.0,69.5,42.3,True,
2026-07,CR00243,all,,,,,,41.8,24.1,65.7,True,The Hub
2026-08,CR00243,all,,,,,,40.3,8.7,56.3,False,The Hub
2026-09,CR00243,all,,,,,,58.8,34.2,63.9,False,The Hub
2026-07,CR00243,instagram,45641.0,micro,0.2625271137792774,0.014064166370423,0.1641659311562224,14.5,15.3,57.6,True,
2026-08,CR00243,instagram,44290.0,micro,0.3154662452020772,,,19.3,,,False,
2026-09,CR00243,instagram,,,,,,,,,False,
2026-07,CR00243,tiktok,47266.0,micro,1.4161130622434732,-0.0356632798792181,0.1826326671261199,13.1,4.1,63.7,True,
2026-08,CR00243,tiktok,47630.0,micro,1.3963258450556373,-0.0189495365602471,0.1608087091757387,13.4,8.7,58.7,True,
2026-09,CR00243,tiktok,46150.0,micro,1.8236836403033587,-0.018920068027210885,0.20124261251704803,22.8,8.3,72.0,True,
2026-07,CR00243,youtube,91407.0,micro,4.804818011749648,0.0985229963104952,0.1488848122043062,97.8,52.9,75.7,True,
2026-08,CR00243,youtube,95190.0,micro,2.8087614245193824,,0.0894962486602358,88.2,,53.9,False,
2026-09,CR00243,youtube,102270,mid,3.9738926371369905,0.10490492653414002,0.10089619854244633,94.9,60.2,55.8,True,
2026-07,CR00244,all,,,,,,54.6,67.5,32.0,True,The Lens
2026-08,CR00244,all,,,,,,10.8,28.0,37.1,False,The Hub
2026-09,CR00244,all,,,,,,46.8,47.4,30.3,True,The Lens
2026-07,CR00244,tiktok,95900.0,micro,1.5718561001042752,0.1506665226833687,0.158770208391739,16.4,85.0,56.2,True,
2026-08,CR00244,tiktok,97830.0,micro,1.263191250127773,0.0436313206742052,0.1003249816542614,10.8,28.0,37.1,True,
2026-09,CR00244,tiktok,104950.0,mid,1.8525297760838495,0.13766937669376694,0.10680379746835443,23.7,78.1,35.5,True,
2026-07,CR00244,youtube,93463.0,micro,3.4562447171608017,0.0951454718020224,0.0113248071853949,92.7,50.0,7.8,True,
2026-08,CR00244,youtube,,,,,,,,,False,
2026-09,CR00244,youtube,99862,micro,1.869930504095652,0.021480738937419447,0.03911792905081496,69.8,16.7,25.1,True,
2026-09,CR00245,all,,,,,,3.2,6.7,14.4,True,The Hub
2026-09,CR00245,instagram,54780.0,micro,0.11747321088608054,-0.024324228700820832,0.0529595015576324,3.2,6.7,14.4,True,
2026-07,CR00246,all,,,,,,,,12.9,False,The Hub
2026-08,CR00246,all,,,,,,94.9,34.3,48.5,True,The Pulse
2026-09,CR00246,all,,,,,,89.7,9.4,6.9,True,The Pulse
2026-07,CR00246,instagram,,,,,0.0494951167025326,,,12.9,False,
2026-08,CR00246,instagram,132660.0,mid,2.031953867028494,0.0617896590363374,0.1304586768125132,94.9,34.3,48.5,True,
2026-09,CR00246,instagram,136546,mid,1.7129538763493621,-0.019889891398752486,0.03414564356907816,89.7,9.4,6.9,True,
2026-07,CR00247,all,,,,,,38.2,45.2,92.7,False,The Hub
2026-08,CR00247,all,,,,,,29.6,51.0,74.0,True,The Hub
2026-09,CR00247,all,,,,,,33.5,44.0,62.4,False,The Hub
2026-07,CR00247,instagram,111440.0,mid,0.8767049533381192,0.1279352226720647,,69.1,69.2,,False,
2026-08,CR00247,instagram,117610.0,mid,0.6003741178471218,0.1724653573920845,0.1370949467482438,53.7,85.0,52.0,True,
2026-09,CR00247,instagram,121139,mid,0.7654595134514897,0.14325217063042658,0.1740858505564388,62.8,75.4,62.4,True,
2026-07,CR00247,tiktok,8406.0,nano,1.1117059243397571,0.0701464035646085,0.3156089193825043,7.2,21.1,92.7,True,
2026-08,CR00247,tiktok,8700.0,nano,0.9087390029325512,0.0532687651331719,0.3799582463465553,5.5,17.0,96.0,True,
2026-09,CR00247,tiktok,8974,nano,0.8328504568754179,0.031375703942075624,,4.2,12.5,,False,
2026-07,CR00248,all,,,,,,67.1,47.3,38.3,True,The Pulse
2026-08,CR00248,all,,,,,,72.6,20.8,52.1,False,The Pulse
2026-09,CR00248,all,,,,,,52.4,66.2,55.0,True,The Lens
2026-07,CR00248,instagram,91349.0,micro,1.2674906129240604,-0.0047502315193114,0.1453298497713912,85.8,9.9,52.0,True,
2026-08,CR00248,instagram,93990.0,micro,0.6611235237791254,0.0212974030207541,0.187780772686433,59.2,13.1,69.7,True,
2026-09,CR00248,instagram,91121,micro,0.6384587526475785,0.0696459595248157,0.2912353347135956,52.6,38.1,89.5,True,
2026-07,CR00248,tiktok,60360.0,micro,1.7264247846255798,0.177090036857193,0.116159175124859,20.5,89.9,37.9,True,
2026-08,CR00248,tiktok,,,,,0.1314702643171806,,,49.7,False,
2026-09,CR00248,tiktok,65140.0,micro,1.6677770954866442,0.16654727793696275,0.054954954954954956,19.0,84.6,15.8,True,
2026-07,CR00248,youtube,146590.0,mid,3.876294426632103,0.069063593932322,0.0422881582464581,95.0,42.0,24.9,True,
2026-08,CR00248,youtube,150336.0,mid,2.620922467007237,0.0472508411527449,0.059408095169012,85.9,28.6,36.9,True,
2026-09,CR00248,youtube,156255,mid,2.7140187513999554,0.14077226898731868,0.11089380011734794,85.6,75.9,59.8,True,
2026-07,CR00249,all,,,,,,53.8,25.0,52.3,True,The Pulse
2026-09,CR00249,all,,,,,,50.6,34.9,67.6,False,The Hub
2026-07,CR00249,instagram,30284.0,micro,0.3610157178708228,0.0227625802093887,0.1055806938159879,22.7,17.9,37.8,True,
2026-09,CR00249,instagram,29998,micro,0.2686845789719315,,,15.2,,,False,
2026-07,CR00249,youtube,737153.0,mid,2.650992399135593,0.0504510872120943,0.1248109374536611,84.8,32.1,66.8,True,
2026-09,CR00249,youtube,742735,mid,2.7426080634412004,0.04867118570361575,0.13654841093865483,85.9,34.9,67.6,True,
2026-07,CR00250,all,,,,,,,,62.1,False,The Hub
2026-09,CR00250,all,,,,,,26.8,41.7,27.2,True,The Lens
2026-07,CR00250,tiktok,,,,,0.1775836972343522,,,62.1,False,
2026-09,CR00250,tiktok,3645,nano,2.0139917695473253,0.10689341026419678,0.08761904761904762,26.8,41.7,27.2,True,
2026-07,CR00251,all,,,,,,42.3,26.6,34.9,True,The Pulse
2026-08,CR00251,all,,,,,,,,,False,
2026-09,CR00251,all,,,,,,,,,False,
2026-07,CR00251,tiktok,44331.0,micro,2.6870587173761025,0.0496022350601382,0.1069762275049988,42.3,26.6,34.9,True,
2026-08,CR00251,tiktok,,,,,,,,,False,
2026-09,CR00251,tiktok,,,,,,,,,False,
2026-07,CR00252,all,,,,,,35.4,45.3,57.3,True,The Hub
2026-08,CR00252,all,,,,,,67.7,6.2,61.8,True,The Pulse
2026-09,CR00252,all,,,,,,62.6,18.3,,False,The Pulse
2026-07,CR00252,instagram,40703.0,micro,0.4885389283345208,0.0795978993156861,0.1629260182876143,35.4,45.3,57.3,True,
2026-08,CR00252,instagram,43660.0,micro,0.7916628492899679,-0.0186558777253315,0.1595639246778989,67.7,6.2,61.8,True,
2026-09,CR00252,instagram,42640.0,micro,0.765126641651032,0.031945788964181994,,62.6,18.3,,False,
2026-09,CR00253,all,,,,,,17.5,26.1,90.1,True,The Hub
2026-09,CR00253,instagram,233610.0,mid,0.2878173023415094,0.03946782949185726,0.2923683267646005,17.5,26.1,90.1,True,
2026-07,CR00254,all,,,,,,44.3,26.4,25.8,False,The Pulse
2026-08,CR00254,all,,,,,,46.3,35.6,61.7,True,The Hub
2026-09,CR00254,all,,,,,,43.0,61.8,55.2,False,The Lens
2026-07,CR00254,instagram,16110.0,micro,0.2458721291123525,0.0261146496815286,0.0367647058823529,12.3,19.0,8.5,True,
2026-08,CR00254,instagram,17016.0,micro,0.1576163610719323,0.0674361708801204,0.0853658536585365,6.0,37.1,29.1,True,
2026-09,CR00254,instagram,,,,,,,,,False,
2026-07,CR00254,tiktok,,,,,,,,,False,
2026-08,CR00254,tiktok,11241.0,micro,2.990036473623343,0.0179299103504482,0.2250740375123396,46.2,17.8,75.5,True,
2026-09,CR00254,tiktok,11202,micro,2.138546688091412,0.06624785836664764,,30.0,38.2,,False,
2026-07,CR00254,youtube,14618.0,micro,2.0173758380079354,0.065141358204605,0.0787486515641855,76.3,33.7,43.2,True,
2026-08,CR00254,youtube,14740.0,micro,2.6774084124830395,0.0983606557377049,0.1804056970220112,86.6,51.9,80.5,True,
2026-09,CR00254,youtube,15826,micro,1.422216605585745,0.16874676907170816,0.10041592394533572,56.1,85.5,55.2,True,
2026-07,CR00257,all,,,,,,42.1,50.4,62.8,False,The Hub
2026-08,CR00257,all,,,,,,40.7,48.8,32.8,True,The Lens
2026-09,CR00257,all,,,,,,57.0,53.0,38.5,False,The Pulse
2026-07,CR00257,instagram,13267.0,micro,1.0115323735584534,0.1499523272947906,,78.0,79.2,,False,
2026-08,CR00257,instagram,13890.0,micro,0.780561555075594,0.1555740432612312,0.0759075907590759,66.9,77.3,24.2,True,
2026-09,CR00257,instagram,14450.0,micro,1.0347404844290657,0.1643835616438356,0.1052158273381295,76.3,83.3,37.6,True,
2026-07,CR00257,tiktok,22531.0,micro,1.106342372730904,0.0535889642272621,0.1716514954486346,7.0,28.5,60.0,True,
2026-08,CR00257,tiktok,22870.0,micro,1.4794490599038042,0.0490825688073394,0.07,16.3,29.8,20.8,True,
2026-09,CR00257,tiktok,,,,,,,,,False,
2026-07,CR00257,youtube,10426.0,micro,1.0730865144830233,0.0855893377759267,0.1231043710972346,41.3,43.5,65.6,True,
2026-08,CR00257,youtube,10387.0,micro,0.9967266775777414,0.0764846098041247,0.0883280757097791,38.8,39.3,53.4,True,
2026-09,CR00257,youtube,10611,micro,1.0022618037885214,0.03360607831677381,0.06826347305389222,37.6,22.7,39.4,True,
2026-07,CR00259,all,,,,,,80.2,39.1,55.5,False,The Pulse
2026-08,CR00259,all,,,,,,60.8,44.0,29.4,False,The Pulse
2026-09,CR00259,all,,,,,,61.4,43.6,20.5,True,The Pulse
2026-07,CR00259,instagram,87350.0,micro,1.2447510017172296,0.068763000122354,,85.7,39.1,,True,
2026-08,CR00259,instagram,91690.0,micro,0.8570727451194241,0.0811225091380733,,72.2,44.0,,True,
2026-09,CR00259,instagram,91873,micro,1.100160003483069,0.041986594231663475,,79.9,24.6,,True,
2026-07,CR00259,tiktok,2940.0,nano,5.045238095238095,,0.1586826347305389,74.8,,55.5,False,
2026-08,CR00259,tiktok,3150.0,nano,3.15968253968254,,0.0855614973262032,49.5,,29.4,False,
2026-09,CR00259,tiktok,3273,nano,2.726245035135961,0.13883089770354906,0.06521739130434782,42.9,62.5,20.5,True,
2026-07,CR00260,all,,,,,,65.0,23.4,32.0,False,The Pulse
2026-08,CR00260,all,,,,,,45.0,45.8,33.6,False,The Lens
2026-09,CR00260,all,,,,,,80.7,40.0,29.0,True,The Pulse
2026-07,CR00260,instagram,19577.0,micro,0.3672677121111508,0.037027227460536,0.1682692307692307,24.0,23.4,58.8,True,
2026-08,CR00260,instagram,,,,,,,,,False,
2026-09,CR00260,instagram,20520.0,micro,0.8873294346978557,0.08342133051742344,0.13078848560700876,69.7,47.2,48.1,True,
2026-07,CR00260,tiktok,14280.0,micro,5.997619047619048,,,82.4,,,False,
2026-08,CR00260,tiktok,14950.0,micro,2.92608695652174,0.0786435786435786,0.0908304498269896,45.0,45.8,33.6,True,
2026-09,CR00260,tiktok,14900.0,micro,6.793422818791946,0.11694152923538231,0.059973345179920035,85.2,62.2,17.1,True,
2026-07,CR00260,youtube,33540.0,micro,3.0167561121049493,,0.0048217089033415,88.6,,5.1,False,
2026-08,CR00260,youtube,,,,,,,,,False,
2026-09,CR00260,youtube,33710.0,micro,2.7997923464847227,-0.0009549958218932792,0.0341,87.1,10.6,21.7,True,
2026-07,CR00261,all,,,,,,68.5,58.9,52.1,True,The Pulse
2026-08,CR00261,all,,,,,,57.5,56.7,63.2,True,The Hub
2026-09,CR00261,all,,,,,,50.2,73.0,20.0,False,The Lens
2026-07,CR00261,instagram,96410.0,micro,0.7675967223317083,0.2227013316423589,0.055667001003009,61.3,95.6,15.6,True,
2026-08,CR00261,instagram,101987.0,mid,0.4036985105944875,0.1767006645744877,0.0219594594594594,29.9,87.9,6.3,True,
2026-09,CR00261,instagram,111030.0,mid,0.6713230658380618,0.18761364851855813,0.012087912087912088,56.4,90.6,3.3,True,
2026-07,CR00261,tiktok,62295.0,micro,11.145565454691388,-0.0336316957014101,0.3847655071122467,95.7,4.5,97.7,True,
2026-08,CR00261,tiktok,62880.0,micro,10.027178753180662,-0.057271364317841,0.4993228071426026,94.3,3.3,99.3,True,
2026-09,CR00261,tiktok,,,,,,,,,False,
2026-07,CR00261,youtube,207278.0,mid,1.1779783672169744,0.1249396223752693,0.0785921749530155,48.4,76.5,43.0,True,
2026-08,CR00261,youtube,216580.0,mid,1.2167177318430933,0.1427214688967445,0.1951907634879986,48.3,78.9,83.9,True,
2026-09,CR00261,youtube,223242,mid,1.1072423647879879,0.09649501954851765,0.06211407400631203,44.1,55.4,36.8,True,
2026-07,CR00266,all,,,,,,40.2,68.6,51.6,True,The Lens
2026-08,CR00266,all,,,,,,47.8,74.6,40.8,True,The Lens
2026-09,CR00266,all,,,,,,4.8,47.2,54.8,False,The Hub
2026-07,CR00266,instagram,14440.0,micro,0.9636426592797784,0.1167826759474091,0.1661807580174927,74.9,63.9,58.0,True,
2026-08,CR00266,instagram,14750.0,micro,1.1088135593220338,0.1398763523956723,0.1617647058823529,81.5,73.9,63.4,True,
2026-09,CR00266,instagram,,,,,,,,,False,
2026-07,CR00266,youtube,10112.0,micro,0.3660007911392405,0.1351594072743601,0.0827338129496402,5.5,73.2,45.1,True,
2026-08,CR00266,youtube,10335.0,micro,0.5200774068698597,0.1456601263717991,0.0271739130434782,14.1,75.3,18.3,True,
2026-09,CR00266,youtube,10780,micro,0.31196660482374766,0.08287292817679558,0.1,4.8,47.2,54.8,True,
2026-07,CR00267,all,,,,,,33.6,7.7,6.2,True,The Pulse
2026-08,CR00267,all,,,,,,45.5,7.1,8.2,True,The Pulse
2026-09,CR00267,all,,,,,,50.8,10.0,25.5,True,The Pulse
2026-07,CR00267,youtube,2889469.0,macro,0.9123794025822738,-0.0544374341420633,0.0068535398533342,33.6,7.7,6.2,True,
2026-08,CR00267,youtube,2794445.0,macro,1.154040247705716,-0.1191176818264206,0.0121356021633029,45.5,7.1,8.2,True,
2026-09,CR00267,youtube,2781166,macro,1.244905554001451,-0.10169666161825129,0.039718550667455776,50.8,10.0,25.5,True,
2026-07,CR00268,all,,,,,,15.3,88.5,6.2,False,The Lens
2026-08,CR00268,all,,,,,,35.3,56.2,47.8,True,The Lens
2026-09,CR00268,all,,,,,,48.4,57.6,37.0,True,The Lens
2026-07,CR00268,instagram,,,,,,,,,False,
2026-08,CR00268,instagram,1420030.0,macro,0.249268677422308,0.1085410502814229,0.0156597342291162,12.7,64.7,4.0,True,
2026-09,CR00268,instagram,1455873,macro,0.34872753323950645,0.10436893388000319,0.011623338353742388,24.8,50.0,3.0,True,
2026-07,CR00268,tiktok,175144.0,mid,1.4625736536792582,0.1698650083827055,0.0324193087689231,15.3,88.5,6.2,True,
2026-08,CR00268,tiktok,173250.0,mid,1.4244040404040403,0.1640016124697662,0.1586016384073156,13.8,90.4,58.1,True,
2026-09,CR00268,tiktok,187200.0,mid,2.2450694444444443,0.1509375960651706,0.05087319665907365,31.9,82.8,14.0,True,
2026-07,CR00268,youtube,,,,,,,,,False,
2026-08,CR00268,youtube,53223.0,micro,2.178682148695113,0.0128453984928065,0.1839584996009577,79.5,13.6,81.2,True,
2026-09,CR00268,youtube,55779,micro,2.9363021925814374,0.07296195129457932,0.2622673434856176,88.6,40.1,94.1,True,
2026-07,CR00269,all,,,,,,62.9,29.2,67.9,True,The Hub
2026-08,CR00269,all,,,,,,65.8,20.8,54.6,False,The Pulse
2026-09,CR00269,all,,,,,,83.8,49.6,69.3,False,The Pulse
2026-07,CR00269,instagram,17360.0,micro,0.9205069124423964,0.072929542645241,0.1212121212121212,71.7,40.9,43.2,True,
2026-08,CR00269,instagram,17150.0,micro,1.1047230320699708,0.0393939393939393,0.0885122410546139,81.3,22.0,31.0,True,
2026-09,CR00269,instagram,17320.0,micro,1.2352193995381062,0.08589341692789969,0.19577464788732393,83.8,49.6,69.3,True,
2026-07,CR00269,tiktok,19515.0,micro,2.472867025365104,0.0558922194567687,0.3132343161161605,38.9,31.8,92.5,True,
2026-08,CR00269,tiktok,19830.0,micro,2.2392839132627333,0.0469904963041182,,31.2,29.1,,False,
2026-09,CR00269,tiktok,,,,,,,,,False,
2026-07,CR00269,youtube,334186.0,mid,2.1687024591095976,-0.0033372601064702,0.1277658235556818,78.0,14.8,67.9,True,
2026-08,CR00269,youtube,333180.0,mid,2.5321944732307204,-0.0076840600428877,0.1685200630154758,84.8,11.2,78.1,True,
2026-09,CR00269,youtube,,,,,,,,,False,
2026-07,CR00271,all,,,,,,33.4,73.4,56.2,False,The Lens
2026-08,CR00271,all,,,,,,77.4,60.8,79.4,False,The Hub
2026-09,CR00271,all,,,,,,54.7,64.9,61.0,True,The Lens
2026-07,CR00271,instagram,211057.0,mid,0.5677139350981014,0.1129819861626729,0.2020162853819309,43.6,62.3,72.2,True,
2026-08,CR00271,instagram,217030.0,mid,,0.0624143332680634,0.1921846752885551,,35.7,70.2,False,
2026-09,CR00271,instagram,234802,mid,0.6491511997342442,0.043054506685620365,0.22209203238176395,53.8,28.3,75.7,True,
2026-07,CR00271,tiktok,9970.0,nano,2.065596790371113,0.2070217917675544,,28.2,91.2,,False,
2026-08,CR00271,tiktok,,,,,,,,,False,
2026-09,CR00271,tiktok,11190.0,micro,2.6831992850759607,0.15718717683557393,0.09035087719298246,41.6,82.6,27.7,True,
2026-07,CR00271,youtube,9778.0,nano,0.8427081202699939,0.1397598787737498,0.0745614035087719,28.5,66.7,40.2,True,
2026-08,CR00271,youtube,10520.0,micro,2.061216730038023,0.1741071428571428,0.2198952879581152,77.4,86.0,88.7,True,
2026-09,CR00271,youtube,11123,micro,1.818304414276724,0.16495601173020527,0.18608695652173912,68.6,83.7,79.6,True,
2026-07,CR00272,all,,,,,,32.2,55.5,,True,The Lens
2026-08,CR00272,all,,,,,,48.8,24.4,,True,The Pulse
2026-09,CR00272,all,,,,,,34.2,33.3,,True,The Pulse
2026-07,CR00272,instagram,85990.0,micro,0.4570647749738342,0.0956931702344546,,32.2,55.5,,True,
2026-08,CR00272,instagram,86110.0,micro,0.5558239461154337,0.0448974639000121,,48.8,24.4,,True,
2026-09,CR00272,instagram,88908,micro,0.4297813470103928,0.06331475590212166,,34.2,33.3,,True,
2026-07,CR00276,all,,,,,,36.7,13.3,88.4,False,The Hub
2026-08,CR00276,all,,,,,,37.2,27.1,38.0,True,The Hub
2026-09,CR00276,all,,,,,,32.4,35.2,51.8,True,The Hub
2026-07,CR00276,instagram,,,,,,,,,False,
2026-08,CR00276,instagram,64690.0,micro,0.3207914669964445,0.0874096486804505,0.063003663003663,20.0,46.7,21.2,True,
2026-09,CR00276,instagram,67473,micro,0.3131474812147081,0.07903279973133326,0.11971268954509177,19.7,45.2,41.7,True,
2026-07,CR00276,youtube,9416.0,nano,0.9745114698385726,0.0144365438483085,0.2130952380952381,36.7,13.3,88.4,True,
2026-08,CR00276,youtube,9051.0,nano,1.3500165727543918,-0.0198180636777128,0.0922087205146533,54.3,7.5,54.7,True,
2026-09,CR00276,youtube,8837,nano,1.1175738372750934,0.04295999055824384,0.11650485436893204,45.2,25.3,61.9,True,
2026-07,CR00277,all,,,,,,63.3,84.4,43.0,False,The Lens
2026-08,CR00277,all,,,,,,64.0,74.3,41.2,False,The Lens
2026-09,CR00277,all,,,,,,72.9,44.6,45.9,False,The Pulse
2026-07,CR00277,instagram,82090.0,micro,1.5227920574978682,,,91.2,,,False,
2026-08,CR00277,instagram,84833.0,micro,1.546591538670093,0.1025864309851832,,90.4,54.0,,True,
2026-09,CR00277,instagram,89770.0,micro,1.5294753258326834,0.052650093808630394,,88.5,29.8,,True,
2026-07,CR00277,tiktok,24550.0,micro,2.695641547861507,0.1210045662100456,0.1076825194846508,42.7,69.3,35.4,True,
2026-08,CR00277,tiktok,25380.0,micro,,0.1215201060539107,0.0765018521501046,,69.5,23.8,False,
2026-09,CR00277,tiktok,26480.0,micro,3.6720166163141994,0.10748640736093684,0.12380824493084464,57.3,59.3,45.9,True,
2026-07,CR00277,youtube,192744.0,mid,1.3625482505291993,0.2476147323451356,0.0925845485572448,55.9,99.4,50.6,True,
2026-08,CR00277,youtube,207730.0,mid,0.9704712848408992,0.289447548106766,0.0988055050636198,37.6,99.4,58.6,True,
2026-09,CR00277,youtube,,,,,,,,,False,
2026-07,CR00279,all,,,,,,14.0,80.2,3.0,False,The Lens
2026-08,CR00279,all,,,,,,19.3,82.0,19.8,True,The Lens
2026-09,CR00279,all,,,,,,20.8,64.8,30.3,True,The Lens
2026-07,CR00279,instagram,29180.0,micro,0.2471555860178204,,0.0049504950495049,12.5,,2.2,False,
2026-08,CR00279,instagram,29430.0,micro,0.2025144410465511,0.1222707423580786,0.0135135135135135,8.7,66.0,3.5,True,
2026-09,CR00279,instagram,30290.0,micro,0.1573456586332123,0.06692497358224728,0.05511811023622047,5.1,34.5,15.5,True,
2026-07,CR00279,tiktok,,,,,,,,,False,
2026-08,CR00279,tiktok,125650.0,mid,2.479864703541584,0.2371996849153209,0.081377353623936,37.9,99.4,26.7,True,
2026-09,CR00279,tiktok,135978,mid,2.949153539543161,0.17802285387554254,0.1841466964199088,46.5,90.7,67.9,True,
2026-07,CR00279,youtube,227072.0,mid,0.6139638528748591,0.1344807773975169,0.0036796916067986,15.4,80.2,3.9,True,
2026-08,CR00279,youtube,247945.0,mid,0.4755328802758676,0.1452266250352189,0.0458579881656804,11.3,80.7,29.2,True,
2026-09,CR00279,youtube,251100,mid,0.48913978494623656,0.12136260516961112,0.011839422926140819,10.8,69.3,7.6,True,
2026-07,CR00281,all,,,,,,50.5,35.3,78.9,False,The Hub
2026-08,CR00281,all,,,,,,11.7,21.6,54.5,False,The Hub
2026-09,CR00281,all,,,,,,40.7,74.7,48.1,False,The Lens
2026-07,CR00281,instagram,62734.0,micro,0.2326011413268721,0.0507327694497948,0.2793867120954003,11.2,30.7,87.3,True,
2026-08,CR00281,instagram,64690.0,micro,0.2417066007110836,0.0386962106615285,0.1423670668953688,11.7,21.6,54.5,True,
2026-09,CR00281,instagram,,,,,,,,,False,
2026-07,CR00281,tiktok,20290.0,micro,,,,,,,False,
2026-08,CR00281,tiktok,,,,,,,,,False,
2026-09,CR00281,tiktok,19890.0,micro,1.5444947209653093,,0.07418032786885245,15.4,,22.3,False,
2026-07,CR00281,youtube,93152.0,micro,3.1308613878392304,0.0764412910084703,0.1353280615516136,89.8,39.9,70.5,True,
2026-08,CR00281,youtube,,,,,,,,,False,
2026-09,CR00281,youtube,101442,mid,1.7232802981013782,0.13719115734720416,0.16231884057971013,66.0,74.7,73.9,True,
2026-07,CR00282,all,,,,,,28.0,84.8,69.2,False,The Lens
2026-08,CR00282,all,,,,,,42.2,79.8,56.1,True,The Lens
2026-09,CR00282,all,,,,,,31.2,61.4,15.9,False,The Lens
2026-07,CR00282,instagram,2920.0,nano,0.2554794520547945,,,13.4,,,False,
2026-08,CR00282,instagram,3080.0,nano,0.2188311688311688,0.1316176470588235,0.1428571428571428,10.2,74.6,54.9,True,
2026-09,CR00282,instagram,3150.0,nano,0.22158730158730158,,0.05555555555555555,10.5,,15.9,False,
2026-07,CR00282,tiktok,54760.0,micro,1.958564645726808,0.1394090719933416,0.1225550411036568,26.2,78.3,42.9,True,
2026-08,CR00282,tiktok,57180.0,micro,2.551696397341728,0.1222767419038272,0.1507713095372142,39.5,70.5,55.6,True,
2026-09,CR00282,tiktok,59850.0,micro,3.2481203007518795,0.11473272490221642,,51.8,61.4,,False,
2026-07,CR00282,youtube,234743.0,mid,1.1218396288707224,0.1793997065857432,0.3000441891294741,44.5,91.4,95.4,True,
2026-08,CR00282,youtube,249476.0,mid,2.049183087751928,0.1849058396067349,0.0976265259204092,76.9,94.4,57.7,True,
2026-09,CR00282,youtube,,,,,,,,,False,
2026-07,CR00283,all,,,,,,70.4,75.0,80.4,False,The Hub
2026-08,CR00283,all,,,,,,63.7,69.8,52.8,False,The Lens
2026-09,CR00283,all,,,,,,61.8,87.1,70.8,False,The Lens
2026-07,CR00283,instagram,1910.0,nano,0.8298429319371727,,,66.5,,,False,
2026-08,CR00283,instagram,1920.0,nano,0.9677083333333332,0.1023576768257619,,78.1,54.9,,True,
2026-09,CR00283,instagram,1930.0,nano,0.9181347150259067,,,72.2,,,False,
2026-07,CR00283,tiktok,38030.0,micro,4.086878779910597,0.1441034897713598,0.1827513227513227,65.4,80.1,63.9,True,
2026-08,CR00283,tiktok,40220.0,micro,3.151939333664844,0.167150319210679,0.0888273511556076,49.3,84.7,31.8,True,
2026-09,CR00283,tiktok,42091,micro,2.107837780047991,0.1727125821910175,0.16905280036651013,29.4,87.1,63.2,True,
2026-07,CR00283,youtube,43809.0,micro,2.2581661302472096,0.1276738139977863,0.3333980582524272,79.4,69.9,96.8,True,
2026-08,CR00283,youtube,,,,,0.1525032607605096,,,73.8,False,
2026-09,CR00283,youtube,46738,micro,2.5686165432838375,,0.1737326357568104,83.7,,78.3,False,
2026-07,CR00284,all,,,,,,6.1,92.2,58.0,True,The Lens
2026-08,CR00284,all,,,,,,28.0,86.4,78.5,True,The Lens
2026-09,CR00284,all,,,,,,7.8,93.4,43.0,True,The Lens
2026-07,CR00284,youtube,90197.0,micro,0.3784826546337461,0.1973900807136788,0.1075319753671245,6.1,92.2,58.0,True,
2026-08,CR00284,youtube,98240.0,micro,0.7865838762214984,0.1744172145845786,0.1696919691969197,28.0,86.4,78.5,True,
2026-09,CR00284,youtube,105162,mid,0.4094730035564177,0.2189445133471654,0.07748959333973743,7.8,93.4,43.0,True,
2026-07,CR00285,all,,,,,,43.2,43.3,27.6,True,The Lens
2026-08,CR00285,all,,,,,,48.6,46.2,5.4,False,The Pulse
2026-09,CR00285,all,,,,,,59.8,26.8,47.4,False,The Pulse
2026-07,CR00285,instagram,120810.0,mid,1.2445079049747538,0.0324758567643791,,85.5,20.5,,True,
2026-08,CR00285,instagram,119160.0,mid,1.4327626720375966,0.0063339244996199,,88.5,15.0,,True,
2026-09,CR00285,instagram,113990,mid,1.3235020615843496,-0.017793287665331094,,85.5,10.1,,True,
2026-07,CR00285,tiktok,29000.0,micro,1.437758620689655,0.1166730843280708,0.1434167573449401,14.1,66.7,50.5,True,
2026-08,CR00285,tiktok,31045.0,micro,1.3555483974875182,0.1930748241804696,,12.4,92.0,,False,
2026-09,CR00285,tiktok,32430.0,micro,2.373327166204132,,0.25102195306585917,34.2,,82.9,False,
2026-07,CR00285,youtube,11759.0,micro,0.8675057402840377,0.0839786135693215,0.0041666666666666,29.9,42.8,4.6,True,
2026-08,CR00285,youtube,12100.0,micro,1.1388429752066116,0.0558464223385689,0.0074418604651162,44.8,31.5,5.4,True,
2026-09,CR00285,youtube,12476,micro,,0.0784923928077455,0.018691588785046728,,43.6,12.0,False,
2026-07,CR00286,all,,,,,,51.9,69.1,25.9,True,The Lens
2026-08,CR00286,all,,,,,,40.6,82.2,27.6,False,The Lens
2026-09,CR00286,all,,,,,,38.2,56.3,28.2,False,The Lens
2026-07,CR00286,instagram,10510.0,micro,0.8134157944814463,0.1325431034482758,0.1287553648068669,65.5,73.4,44.9,True,
2026-08,CR00286,instagram,11000.0,micro,0.8982727272727272,0.1891891891891892,0.0422343324250681,75.2,89.3,12.8,True,
2026-09,CR00286,instagram,11939,micro,0.8855012982661864,0.07674963924963925,0.1314935064935065,69.4,43.3,48.3,True,
2026-07,CR00286,tiktok,80250.0,micro,6.465844236760125,0.1649005661199012,0.0612372795368408,85.1,87.6,13.0,True,
2026-08,CR00286,tiktok,,,,,,,,,False,
2026-09,CR00286,tiktok,92616,micro,,0.12544201815464256,0.05019261273510084,,66.8,13.5,False,
2026-07,CR00286,youtube,10460.0,micro,0.3626195028680688,0.0895833333333333,0.0346820809248554,5.2,46.4,19.8,True,
2026-08,CR00286,youtube,10940.0,micro,0.3681901279707495,0.1455497382198952,0.0659340659340659,6.0,75.0,42.3,True,
2026-09,CR00286,youtube,11209,micro,0.3651530020519226,0.1088139281828074,0.03557312252964427,7.0,58.9,22.7,True,
2026-07,CR00287,all,,,,,,32.3,57.6,8.6,False,The Lens
2026-08,CR00287,all,,,,,,39.2,33.8,24.2,False,The Pulse
2026-09,CR00287,all,,,,,,31.0,40.8,18.8,False,The Lens
2026-07,CR00287,instagram,,,,,,,,,False,
2026-08,CR00287,instagram,60300.0,micro,0.5459701492537313,0.0230743128605361,0.0167722698471859,48.0,13.7,4.2,True,
2026-09,CR00287,instagram,60980.0,micro,0.6402263037061332,0.05174197999310107,0.08547655068078669,53.2,29.4,29.3,True,
2026-07,CR00287,tiktok,39730.0,micro,3.280056837618083,0.1219994351878,,54.6,70.4,,False,
2026-08,CR00287,tiktok,41160.0,micro,3.9033527696793,0.0917771883289124,0.0897198568431445,62.1,53.8,32.7,True,
2026-09,CR00287,tiktok,,,,,,,,,False,
2026-07,CR00287,youtube,37132.0,micro,0.5062210492297748,0.0864616554993124,0.012218963831867,10.0,44.8,8.6,True,
2026-08,CR00287,youtube,36911.0,micro,0.3891251930318875,,0.0574452003023431,7.4,,35.8,False,
2026-09,CR00287,youtube,38403,micro,0.42475848241022834,0.09239084056322003,0.012958963282937365,8.9,52.1,8.4,True,
2026-07,CR00288,all,,,,,,58.0,70.3,55.7,True,The Lens
2026-08,CR00288,all,,,,,,78.0,50.0,44.4,True,The Pulse
2026-09,CR00288,all,,,,,,31.0,73.4,43.2,True,The Lens
2026-07,CR00288,youtube,39504.0,micro,1.4047185095180237,0.1286212216444774,0.1033668044890726,58.0,70.3,55.7,True,
2026-08,CR00288,youtube,40655.0,micro,2.090394785389251,0.0949072203818911,0.0697597894044093,78.0,50.0,44.4,True,
2026-09,CR00288,youtube,42721,micro,0.8835467334566138,0.1407172038129823,0.07770670457237622,31.0,73.4,43.2,True,
2026-07,CR00289,all,,,,,,38.4,48.1,44.0,True,The Lens
2026-08,CR00289,all,,,,,,57.3,35.7,53.8,False,The Pulse
2026-09,CR00289,all,,,,,,41.5,56.6,51.0,False,The Lens
2026-07,CR00289,instagram,9560.0,nano,0.4240585774058577,0.1559854897218863,0.1538461538461538,29.1,80.6,54.5,True,
2026-08,CR00289,instagram,10179.0,micro,,0.1702690273626121,0.2183406113537118,,83.2,76.6,False,
2026-09,CR00289,instagram,10659,micro,0.34646777371235576,0.16875,0.1511627906976744,23.9,83.7,55.2,True,
2026-07,CR00289,tiktok,56920.0,micro,1.876791988756149,0.0173369079535299,0.1363636363636363,24.3,15.0,47.9,True,
2026-08,CR00289,tiktok,55870.0,micro,3.0809736889207087,-0.0444672481614503,0.0990234709611101,47.9,4.7,36.9,True,
2026-09,CR00289,tiktok,57860.0,micro,2.3896819910127896,0.009949380345610053,,35.1,13.3,,False,
2026-07,CR00289,youtube,113592.0,mid,1.508512923445313,0.0796281863630315,0.0545194447387941,61.9,48.8,29.6,True,
2026-08,CR00289,youtube,113204.0,mid,1.6606922016889862,0.0204626174121549,0.07693170348772,66.7,19.3,47.8,True,
2026-09,CR00289,youtube,115691,mid,1.7110665479596512,0.13341432112311777,0.08466464006209172,65.6,72.9,46.9,True,
2026-07,CR00291,all,,,,,,39.5,34.3,48.0,True,The Hub
2026-08,CR00291,all,,,,,,46.1,32.1,41.5,True,The Pulse
2026-09,CR00291,all,,,,,,59.6,27.8,27.4,False,The Pulse
2026-07,CR00291,instagram,52480.0,micro,0.8702172256097561,-0.0265256909664255,0.1430997876857749,68.7,6.2,50.2,True,
2026-08,CR00291,instagram,52353.0,micro,1.1262200828987832,0.0422448288905257,0.0312292358803986,82.2,23.7,9.3,True,
2026-09,CR00291,instagram,49973,micro,0.7908070357993316,0.027278707396291575,0.09096244131455399,64.1,16.3,31.2,True,
2026-07,CR00291,tiktok,49640.0,micro,2.929955680902498,0.0950805206265166,0.0775022143489814,47.7,55.1,20.8,True,
2026-08,CR00291,tiktok,51430.0,micro,3.3514874586817034,0.0736951983298538,0.2170697889385302,53.0,43.3,73.5,True,
2026-09,CR00291,tiktok,53003,micro,3.5138199724543893,0.06893213673489967,0.07748508613177826,55.2,39.4,23.6,True,
2026-07,CR00291,youtube,51918.0,micro,0.302207326938634,0.0810394369716403,0.1441860465116279,2.1,41.5,73.0,True,
2026-08,CR00291,youtube,51719.0,micro,0.290299503083973,0.0525041209629825,0.0648275862068965,3.2,29.2,41.6,True,
2026-09,CR00291,youtube,,,,,,,,,False,
2026-07,CR00292,all,,,,,,0.5,,0.8,False,The Hub
2026-08,CR00292,all,,,,,,37.2,74.8,7.4,True,The Lens
2026-09,CR00292,all,,,,,,39.4,68.6,7.8,True,The Lens
2026-07,CR00292,instagram,,,,,,,,,False,
2026-08,CR00292,instagram,96240.0,micro,0.8559954280964256,0.1863905325443787,0.0448015583150718,72.0,88.3,14.0,True,
2026-09,CR00292,instagram,104670.0,mid,1.028795261297411,0.140071887593944,0.05421507298182902,76.1,74.6,14.9,True,
2026-07,CR00292,youtube,1290.0,nano,0.2085271317829457,,0.0,0.5,,0.8,False,
2026-08,CR00292,youtube,1290.0,nano,0.2689922480620155,0.1368788142981691,0.0,2.3,61.3,0.9,True,
2026-09,CR00292,youtube,1380,nano,0.24710144927536232,0.12929623567921442,0.0,2.7,62.7,0.7,True,
2026-07,CR00293,all,,,,,,54.4,20.2,33.8,False,The Pulse
2026-08,CR00293,all,,,,,,64.6,3.6,48.4,False,The Pulse
2026-09,CR00293,all,,,,,,52.1,49.1,49.2,True,The Pulse
2026-07,CR00293,instagram,242533.0,mid,1.009499738179959,0.0389165895617011,0.0943810359964881,77.7,22.6,32.4,True,
2026-08,CR00293,instagram,246240.0,mid,0.8158585120207927,-0.052777350361594,0.1292397660818713,69.2,3.6,47.3,True,
2026-09,CR00293,instagram,243057,mid,0.8633283550772041,-0.02305923776296856,0.2575623758003974,68.2,8.7,84.0,True,
2026-07,CR00293,tiktok,114386.0,mid,2.158192436137289,,,30.3,,,False,
2026-08,CR00293,tiktok,,,,,,,,,False,
2026-09,CR00293,tiktok,123094,mid,1.4867337156969471,0.1259352761465708,0.12374410498257125,14.4,72.2,45.6,True,
2026-07,CR00293,youtube,458360.0,mid,1.341757570468627,0.0108013460885366,0.0623571147024044,55.2,17.9,35.3,True,
2026-08,CR00293,youtube,468900.0,mid,1.4991042866282789,,0.0812361947554229,60.1,,49.5,False,
2026-09,CR00293,youtube,468152,mid,1.9795835540593654,0.11459719679347839,0.02876974272375087,73.6,66.3,18.1,True,
2026-09,CR00295,all,,,,,,72.2,39.4,85.0,False,The Hub
2026-09,CR00295,instagram,,,,,,,,,False,
2026-09,CR00295,tiktok,28625,micro,6.724184879971337,0.07217769121282493,0.2368445475638051,84.8,41.1,79.8,True,
2026-09,CR00295,youtube,98256,micro,1.5138413939097868,0.06546297505550476,0.23890967397113844,59.5,37.6,90.3,True,
2026-07,CR00296,all,,,,,,53.4,50.8,11.4,False,The Pulse
2026-08,CR00296,all,,,,,,49.2,43.8,23.0,False,The Pulse
2026-09,CR00296,all,,,,,,51.7,48.4,4.5,False,The Pulse
2026-07,CR00296,instagram,105298.0,mid,0.3968451442572508,0.124329980566767,0.0531772575250836,27.0,67.1,14.6,True,
2026-08,CR00296,instagram,108000.0,mid,0.3616111111111111,0.1271133375078271,0.0309843707156567,25.1,72.1,9.1,True,
2026-09,CR00296,instagram,110470.0,mid,0.314139585407803,0.13957086857850218,0.03026227303295225,19.9,73.2,5.8,True,
2026-07,CR00296,tiktok,,,,,,,,,False,
2026-08,CR00296,tiktok,66910.0,micro,,0.0710741155754762,0.1420733228032255,,41.8,53.0,False,
2026-09,CR00296,tiktok,,,,,,,,,False,
2026-07,CR00296,youtube,118389.0,mid,2.288895083158064,0.0544367947130757,0.0118545837723919,79.9,34.6,8.1,True,
2026-08,CR00296,youtube,124220.0,mid,1.8904282724199,0.0147034798235582,0.0105556903664159,73.4,17.4,7.0,True,
2026-09,CR00296,youtube,121542,mid,2.5358641457274027,0.022925819320305005,0.003472796427980817,83.5,23.5,3.2,True,
2026-07,CR00297,all,,,,,,63.7,61.0,63.8,True,The Hub
2026-08,CR00297,all,,,,,,63.5,38.1,51.3,False,The Pulse
2026-09,CR00297,all,,,,,,85.0,63.5,30.9,False,The Pulse
2026-07,CR00297,instagram,51750.0,micro,0.5951884057971014,0.0107421875,,47.3,13.1,,True,
2026-08,CR00297,instagram,53040.0,micro,0.5095211161387632,0.0233455527686667,,42.3,14.4,,True,
2026-09,CR00297,instagram,,,,,,,,,False,
2026-07,CR00297,tiktok,14421.0,micro,4.183135704874835,0.2320375907731738,0.2902208201892745,66.7,98.1,87.9,True,
2026-08,CR00297,tiktok,,,,,,,,,False,
2026-09,CR00297,tiktok,,,,,,,,,False,
2026-07,CR00297,youtube,14843.0,micro,2.100788250353702,0.1334860633829706,0.0738539898132427,77.2,71.9,39.7,True,
2026-08,CR00297,youtube,15543.0,micro,2.526217589911857,0.1179601524850751,0.0836526181353767,84.7,61.7,51.3,True,
2026-09,CR00297,youtube,16051,micro,2.6878699146470626,0.11729082556035082,0.04914640455250905,85.0,63.5,30.9,True,
2026-07,CR00298,all,,,,,,49.9,64.0,56.7,False,The Lens
2026-08,CR00298,all,,,,,,39.5,80.6,43.0,False,The Lens
2026-09,CR00298,all,,,,,,45.5,54.3,51.0,True,The Lens
2026-07,CR00298,instagram,24600.0,micro,1.8472357723577235,0.0822701275846898,0.1767955801104972,94.2,46.4,62.0,True,
2026-08,CR00298,instagram,25240.0,micro,1.4156497622820918,0.1690597498842056,0.0715859030837004,88.1,82.1,23.5,True,
2026-09,CR00298,instagram,26167,micro,2.762754614590897,0.14366258741258742,0.211996336996337,97.6,75.0,74.6,True,
2026-07,CR00298,tiktok,14920.0,micro,3.1039544235924934,0.1503469545104086,0.0614672835426305,51.5,84.6,13.5,True,
2026-08,CR00298,tiktok,15420.0,micro,2.036900129701686,0.1371681415929203,,28.5,76.4,,False,
2026-09,CR00298,tiktok,16139,micro,2.4230745399343205,0.08076073126632291,0.01999149298170991,36.8,45.2,3.4,True,
2026-07,CR00298,youtube,212080.0,mid,0.3216710675216899,0.1055967970639753,0.2820240622788393,4.0,61.1,94.5,False,
2026-08,CR00298,youtube,222650.0,mid,0.2437229358465849,0.1505270773046713,0.1105746016417189,1.8,83.2,62.5,True,
2026-09,CR00298,youtube,226881,mid,0.23484557984141466,0.06687200225712404,0.16414048059149722,2.1,42.8,74.9,True,
2026-07,CR00300,all,,,,,,48.0,68.4,38.4,False,The Lens
2026-08,CR00300,all,,,,,,56.2,54.9,42.8,True,The Pulse
2026-09,CR00300,all,,,,,,50.4,66.7,52.2,False,The Lens
2026-07,CR00300,instagram,16896.0,micro,0.6159446022727273,,,49.2,,,False,
2026-08,CR00300,instagram,18030.0,micro,0.8378813089295618,0.1654815772462831,0.0571620712844653,70.5,80.4,18.4,True,
2026-09,CR00300,instagram,18329,micro,0.4144797861312674,0.18465615305067218,0.12483221476510067,31.4,88.1,45.6,True,
2026-07,CR00300,tiktok,570340.0,mid,3.1186976189641267,0.1173059593307996,,51.7,73.7,,False,
2026-08,CR00300,tiktok,600160.0,mid,2.5393295121300987,0.0504060487258471,0.0877166117959319,39.1,35.0,31.1,True,
2026-09,CR00300,tiktok,616125,mid,4.722854940150132,0.10627612508439031,,70.6,66.2,,False,
2026-07,CR00300,youtube,14048.0,micro,1.1025768792710706,0.1190950370429379,0.0709939148073022,43.1,63.1,38.4,True,
2026-08,CR00300,youtube,14300.0,micro,1.4779020979020978,0.0941086457536342,0.1703360370799536,58.9,49.4,78.9,True,
2026-09,CR00300,youtube,14933,micro,1.1935311056050357,0.08163117485151383,0.10839160839160839,49.2,45.7,58.9,True,
2026-07,CR00302,all,,,,,,41.5,47.4,87.8,False,The Hub
2026-08,CR00302,all,,,,,,24.3,41.6,82.6,False,The Hub
2026-09,CR00302,all,,,,,,45.0,29.4,94.4,False,The Hub
2026-07,CR00302,instagram,180230.0,mid,0.9192531764966988,0.1625491840288976,0.2103794156127344,71.3,86.3,73.7,True,
2026-08,CR00302,instagram,190160.0,mid,0.4347181320992848,0.1320395285152994,0.1980790426704456,32.7,75.0,72.5,True,
2026-09,CR00302,instagram,,,,,,,,,False,
2026-07,CR00302,tiktok,6420.0,nano,1.7549844236760124,,0.3949044585987261,22.1,,98.2,False,
2026-08,CR00302,tiktok,6610.0,nano,1.6701966717095311,,0.2329317269076305,20.2,,77.3,False,
2026-09,CR00302,tiktok,6830.0,nano,3.292386530014641,0.09105431309904154,0.345703125,52.2,39.6,95.9,True,
2026-07,CR00302,youtube,400013.0,mid,0.883106299045281,-0.0271158326888185,0.2470231783063172,31.0,8.6,91.5,True,
2026-08,CR00302,youtube,407828.0,mid,0.651666879174554,-0.0293299313818127,0.3455669560641936,20.1,8.1,98.0,True,
2026-09,CR00302,youtube,411475,mid,1.0071425967555745,0.013006164572418955,0.25335147332094504,37.8,19.3,93.0,True,
2026-07,CR00303,all,,,,,,20.5,41.1,,False,The Lens
2026-08,CR00303,all,,,,,,44.2,77.1,50.3,False,The Lens
2026-07,CR00303,instagram,107622.0,mid,0.3340302168701566,0.0732899185224337,,20.5,41.1,,True,
2026-08,CR00303,instagram,,,,,,,,,False,
2026-07,CR00303,tiktok,,,,,,,,,False,
2026-08,CR00303,tiktok,146730.0,mid,2.8383970558168063,0.1332252085264133,0.1328831243077143,44.2,77.1,50.3,True,
2026-07,CR00304,all,,,,,,68.2,53.3,96.8,False,The Hub
2026-08,CR00304,all,,,,,,,,37.3,False,The Hub
2026-07,CR00304,instagram,89380.0,micro,0.9559633027522936,0.0274744223473962,0.3678332092330603,74.7,19.3,96.8,True,
2026-08,CR00304,instagram,,,,,,,,,False,
2026-07,CR00304,youtube,42728.0,micro,1.5078402920801348,0.1801684850158817,,61.8,87.3,,False,
2026-08,CR00304,youtube,,,,,0.0599708348523514,,,37.3,False,
2026-07,CR00305,all,,,,,,92.0,6.9,19.2,False,The Pulse
2026-08,CR00305,all,,,,,,85.8,12.7,35.8,True,The Pulse
2026-09,CR00305,all,,,,,,75.0,16.0,37.5,True,The Pulse
2026-07,CR00305,tiktok,36760.0,micro,,-0.1157084435891267,0.0593797276853252,,0.4,12.1,False,
2026-08,CR00305,tiktok,35830.0,micro,6.467848171922969,-0.1226738491674828,0.1212092038124578,82.9,0.7,45.5,True,
2026-09,CR00305,tiktok,34833,micro,6.160738380271582,-0.12097812097812098,0.08337973273942094,82.0,1.2,24.9,True,
2026-07,CR00305,youtube,32704.0,micro,3.4097052348336594,0.0119124972926142,0.0437448218724109,92.0,13.4,26.3,True,
2026-08,CR00305,youtube,33594.0,micro,2.859052211704471,0.0429032658636533,0.0393530098382524,88.7,24.7,26.0,True,
2026-09,CR00305,youtube,33686,micro,1.795167131746126,0.05239151488643819,0.09206927985414767,67.9,30.9,50.1,True,
2026-07,CR00311,all,,,,,,87.5,92.6,71.3,True,The Lens
2026-09,CR00311,all,,,,,,92.6,76.5,35.6,True,The Pulse
2026-07,CR00311,youtube,582806.0,mid,2.937032219984008,0.192015135245692,0.1367284848389556,87.5,92.6,71.3,True,
2026-09,CR00311,youtube,616713,mid,3.529739116898784,0.14121154251834744,0.058964641374027335,92.6,76.5,35.6,True,
2026-07,CR00313,all,,,,,,32.7,87.2,36.3,True,The Lens
2026-08,CR00313,all,,,,,,40.9,81.5,85.0,True,The Hub
2026-09,CR00313,all,,,,,,35.9,94.7,34.2,True,The Lens
2026-07,CR00313,tiktok,162470.0,mid,2.260429617775589,0.1550547419308972,0.1097413240219482,32.7,87.2,36.3,True,
2026-08,CR00313,tiktok,171990.0,mid,2.6191639048781905,0.140063635158425,0.2726345206937852,40.9,81.5,85.0,True,
2026-09,CR00313,tiktok,181060.0,mid,2.40429691814868,0.18456002616944717,0.10422991297308237,35.9,94.7,34.2,True,
2026-07,CR00315,all,,,,,,64.2,56.0,64.4,False,The Hub
2026-08,CR00315,all,,,,,,48.6,64.0,75.8,False,The Hub
2026-07,CR00315,instagram,961310.0,mid,0.905176269881724,0.0240428659692779,,70.6,17.8,,False,
2026-08,CR00315,instagram,,,,,,,,,False,
2026-07,CR00315,tiktok,6780.0,nano,5.107374631268437,0.2440366972477064,0.1920600858369098,75.5,96.5,67.1,True,
2026-08,CR00315,tiktok,7360.0,nano,3.0790760869565217,0.2105263157894736,,47.5,96.2,,False,
2026-07,CR00315,youtube,317143.0,mid,1.1549647950609032,0.0864559138900879,0.1154018859452177,46.4,53.7,61.7,True,
2026-08,CR00315,youtube,315480.0,mid,1.2472518067706353,0.051670111340756,0.1596809636200862,49.7,31.7,75.8,True,
2026-07,CR00317,all,,,,,,12.2,37.3,29.7,False,The Lens
2026-08,CR00317,all,,,,,,9.0,60.0,48.2,False,The Lens
2026-09,CR00317,all,,,,,,14.3,72.0,15.0,False,The Lens
2026-07,CR00317,instagram,,,,,,,,,False,
2026-08,CR00317,instagram,18400.0,micro,,0.1091018685955394,,,58.1,,False,
2026-09,CR00317,instagram,,,,,,,,,False,
2026-07,CR00317,tiktok,28600.0,micro,0.7573076923076923,0.1053994511653074,0.1081967213114754,2.7,59.9,35.8,True,
2026-08,CR00317,tiktok,29170.0,micro,0.4799451491258142,0.1176245210727969,0.1482965931863727,1.4,67.3,54.5,True,
2026-09,CR00317,tiktok,,,,,,,,,False,
2026-07,CR00317,youtube,15918.0,micro,0.7215102399798969,0.0172546012269938,0.040133779264214,21.8,14.7,23.6,True,
2026-08,CR00317,youtube,16800.0,micro,0.575654761904762,0.103086014445174,0.0650969529085872,16.6,54.5,41.8,True,
2026-09,CR00317,youtube,17069,micro,0.5691604663424923,0.13899639663686106,0.02535211267605634,14.3,72.0,15.0,True,
2026-07,CR00318,all,,,,,,90.3,83.0,27.2,True,The Pulse
2026-08,CR00318,all,,,,,,95.1,99.0,62.0,False,The Lens
2026-09,CR00318,all,,,,,,77.8,97.2,61.0,True,The Lens
2026-07,CR00318,youtube,14702.0,micro,3.177458849136172,0.1565449968533669,0.0444941585881183,90.3,83.0,27.2,True,
2026-08,CR00318,youtube,14791.0,micro,4.059563247921033,0.2620307167235495,0.1087348041422782,95.1,99.0,62.0,True,
2026-09,CR00318,youtube,16359,micro,2.182223852313711,0.23074029491423412,0.11429776465626318,77.8,97.2,61.0,True,
2026-07,CR00321,all,,,,,,60.0,50.2,38.2,True,The Pulse
2026-08,CR00321,all,,,,,,54.8,40.0,33.8,True,The Pulse
2026-09,CR00321,all,,,,,,59.4,39.4,34.3,True,The Pulse
2026-07,CR00321,tiktok,3786.0,nano,2.3608029582673007,0.1224429291431959,0.1136363636363636,35.8,54.4,37.0,True,
2026-08,CR00321,tiktok,3860.0,nano,2.7059585492227978,0.0962536023054755,0.156084656084656,42.0,34.0,57.6,True,
2026-09,CR00321,tiktok,4034,nano,3.4727317798710957,0.040226921093347086,0.11373390557939914,54.5,14.6,38.1,True,
2026-07,CR00321,youtube,28478.0,micro,2.544595828358733,0.0895248297497895,0.0734561752988047,84.3,46.1,39.5,True,
2026-08,CR00321,youtube,28882.0,micro,1.683713039263209,0.0873837581416362,0.0159409020217729,67.7,46.1,10.0,True,
2026-09,CR00321,youtube,29885,micro,1.658490881713234,0.11836688870593519,0.04905523255813953,64.4,64.2,30.5,True,
2026-07,CR00322,all,,,,,,68.9,57.7,58.1,True,The Pulse
2026-08,CR00322,all,,,,,,70.5,37.5,35.7,False,The Pulse
2026-09,CR00322,all,,,,,,67.0,56.0,40.1,False,The Pulse
2026-07,CR00322,instagram,36936.0,micro,0.7749620965995235,0.1623867069486405,0.1656754460492778,62.9,83.9,57.8,True,
2026-08,CR00322,instagram,,,,,,,,,False,
2026-09,CR00322,instagram,40418,micro,0.47953881933791875,0.15761134183015896,0.2234567901234568,38.5,81.0,76.2,True,
2026-07,CR00322,tiktok,244090.0,mid,2.9918841410954977,-0.043350800114442,0.1722456738008837,49.3,7.1,60.5,True,
2026-08,CR00322,tiktok,241850.0,mid,3.080723589001447,0.0171166624610984,0.0561667807958609,47.7,21.0,13.5,True,
2026-09,CR00322,tiktok,239333,mid,,0.03479242150411179,,,23.2,,False,
2026-07,CR00322,youtube,188048.0,mid,3.79218603760742,0.1361867704280155,0.1034865573664988,94.5,82.1,55.9,True,
2026-08,CR00322,youtube,196244.0,mid,3.609343470373617,0.0925509408751809,0.0979345751777481,93.3,54.0,57.9,True,
2026-09,CR00322,youtube,204803,mid,4.185607632700693,0.10979673893606298,0.00406701048769513,95.4,63.9,4.0,True,
2026-07,CR00323,all,,,,,,55.1,59.1,6.5,False,The Lens
2026-08,CR00323,all,,,,,,65.7,62.6,31.4,False,The Pulse
2026-09,CR00323,all,,,,,,77.2,57.7,33.2,False,The Pulse
2026-07,CR00323,instagram,18220.0,micro,0.5782107574094402,,,45.1,,,False,
2026-08,CR00323,instagram,19400.0,micro,0.6910309278350516,0.1431938715380082,0.1601466992665036,60.5,74.9,62.0,False,
2026-09,CR00323,instagram,19780.0,micro,1.0600606673407482,0.06861156131820638,,78.2,36.1,,False,
2026-07,CR00323,tiktok,35310.0,micro,5.265137354856981,0.2226454293628809,,76.9,97.0,,False,
2026-08,CR00323,tiktok,38060.0,micro,6.789753021544929,0.1867789211100717,,84.7,90.9,,False,
2026-09,CR00323,tiktok,39815,micro,5.363255054627653,0.14886311172668512,0.10119198579761603,76.1,79.3,33.2,True,
2026-07,CR00323,youtube,88324.0,micro,1.1027127394592635,0.0349660182798218,0.0087849910661107,43.3,21.2,6.5,True,
2026-08,CR00323,youtube,90367.0,micro,1.2907809266657075,0.0355231645410063,0.0,52.0,22.1,0.9,True,
2026-09,CR00323,youtube,,,,,,,,,False,
2026-07,CR00324,all,,,,,,73.7,27.4,48.3,False,The Pulse
2026-08,CR00324,all,,,,,,52.7,40.9,67.0,False,The Hub
2026-09,CR00324,all,,,,,,64.8,27.2,44.2,True,The Pulse
2026-07,CR00324,instagram,4808.0,nano,0.9432196339434276,0.0580985915492957,0.139269406392694,73.7,27.4,48.3,True,
2026-08,CR00324,instagram,,,,,,,,,False,
2026-09,CR00324,instagram,4928,nano,1.083198051948052,0.07574765335079676,0.10784313725490197,79.3,46.3,39.0,True,
2026-07,CR00324,youtube,,,,,,,,,False,
2026-08,CR00324,youtube,32016.0,micro,1.3164980009995002,0.0804900273362357,0.1259676284306826,52.7,40.9,67.0,True,
2026-09,CR00324,youtube,32630.0,micro,1.2404535703340485,-0.013305110371938312,0.09085439229843562,50.4,8.2,49.3,True,
2026-07,CR00325,all,,,,,,33.0,33.4,5.7,False,The Lens
2026-08,CR00325,all,,,,,,13.8,43.0,88.6,False,The Hub
2026-09,CR00325,all,,,,,,33.4,15.8,44.1,True,The Hub
2026-07,CR00325,instagram,10080.0,micro,0.4137896825396825,0.0838709677419354,,28.5,48.2,,False,
2026-08,CR00325,instagram,10484.0,micro,0.2571537581075925,0.0797116374871266,0.2857142857142857,13.8,43.0,88.6,True,
2026-09,CR00325,instagram,10608,micro,0.2447209653092006,0.049673461310112806,0.25,12.8,27.4,81.2,True,
2026-07,CR00325,tiktok,84810.0,micro,2.419125103171796,0.0271284970328206,0.0306844281120808,37.4,18.7,5.7,True,
2026-08,CR00325,tiktok,,,,,,,,,False,
2026-09,CR00325,tiktok,84850.0,micro,3.4482852091926928,-0.046785151366922115,0.03242207648662589,54.1,4.1,7.0,True,
2026-07,CR00327,all,,,,,,66.9,55.5,41.9,True,The Pulse
2026-08,CR00327,all,,,,,,52.0,61.6,54.6,True,The Lens
2026-09,CR00327,all,,,,,,52.6,50.5,67.2,False,The Hub
2026-07,CR00327,instagram,25410.0,micro,3.3633215269578907,0.1736720554272517,0.1618246687054026,99.3,86.9,56.6,True,
2026-08,CR00327,instagram,27220.0,micro,1.3862968405584128,0.1672384219554031,0.2276004119464469,87.5,81.1,78.1,True,
2026-09,CR00327,instagram,28350,micro,2.101269841269841,0.11495654225822945,0.2018181818181818,94.2,60.7,71.0,True,
2026-07,CR00327,tiktok,13910.0,micro,3.6547807332854063,0.1327361563517915,0.0597982708933717,60.5,73.8,12.3,True,
2026-08,CR00327,tiktok,14830.0,micro,3.662778152393797,0.1816733067729083,0.0283496456294296,59.3,88.7,6.2,True,
2026-09,CR00327,tiktok,15280.0,micro,2.2962041884816755,0.166412213740458,,33.2,84.2,,False,
2026-07,CR00327,youtube,55940.0,micro,1.0700572041473009,-0.0210867092484031,0.1044955044955045,41.0,5.9,56.8,True,
2026-08,CR00327,youtube,94656.0,micro,0.4283405172413793,0.0146207606225614,0.1723404255319149,9.2,14.9,79.6,True,
2026-09,CR00327,youtube,54836,micro,0.8756473849296083,-0.025778598966013467,0.12097772277227722,30.4,6.7,63.4,True,
2026-07,CR00328,all,,,,,,55.2,48.5,53.4,True,The Pulse
2026-08,CR00328,all,,,,,,69.5,48.6,50.4,True,The Pulse
2026-09,CR00328,all,,,,,,57.0,38.1,48.9,True,The Pulse
2026-07,CR00328,instagram,113970.0,mid,0.4261998771606563,0.0884347244771273,0.0021237864077669,29.6,52.1,1.7,True,
2026-08,CR00328,instagram,117660.0,mid,0.4821009688934217,0.0791525268274786,0.0317535545023696,40.1,45.7,9.6,True,
2026-09,CR00328,instagram,119110.0,mid,0.44397615649399713,0.004893275963890998,0.041844349680170576,36.1,13.0,10.5,True,
2026-07,CR00328,tiktok,60888.0,micro,2.685356720536066,-0.1149356784650047,0.2485661514532905,41.9,0.7,82.2,True,
2026-08,CR00328,tiktok,58870.0,micro,4.431119415661628,-0.1146036998044818,0.2123454962623047,69.4,1.5,72.2,True,
2026-09,CR00328,tiktok,55580.0,micro,2.748434688736956,-0.09034369885433716,0.2552530150441378,43.3,1.7,84.5,True,
2026-07,CR00328,youtube,68814.0,micro,3.7174412183567296,0.2026214610276127,0.1510842516885887,94.1,92.8,76.4,True,
2026-08,CR00328,youtube,72696.0,micro,6.805477605370309,0.2538332844650649,0.1342404021145679,99.1,98.7,69.4,True,
2026-09,CR00328,youtube,78345,micro,3.418558938030506,0.2630586186883343,0.0942944994875299,91.6,99.6,51.6,True,
2026-07,CR00330,all,,,,,,31.1,67.6,45.0,False,The Lens
2026-08,CR00330,all,,,,,,39.0,42.6,53.6,False,The Hub
2026-09,CR00330,all,,,,,,42.0,74.4,49.5,False,The Lens
2026-07,CR00330,instagram,5668.0,nano,0.1829569513055751,0.1025092394475783,0.0568181818181818,6.9,46.8,16.5,True,
2026-08,CR00330,instagram,5920.0,nano,0.2418918918918919,0.0467764540995094,0.0769230769230769,11.9,18.3,24.7,True,
2026-09,CR00330,instagram,5830.0,nano,0.29228130360205834,,0.09848484848484848,18.2,,34.3,False,
2026-07,CR00330,tiktok,58933.0,micro,2.57324419255765,0.1452863555978778,,40.5,82.0,,False,
2026-08,CR00330,tiktok,62340.0,micro,2.4452358036573627,0.1340731307986174,0.3259274785160344,36.7,74.5,92.7,False,
2026-09,CR00330,tiktok,64980.0,micro,2.452539242843952,0.08935456831517184,0.2003718240033051,37.4,49.4,71.5,True,
2026-07,CR00330,youtube,79370.0,micro,1.15116542774348,0.1352399350467551,0.1446236559139785,45.8,73.9,73.4,True,
2026-08,CR00330,youtube,85770.0,micro,1.6888655707123703,0.0675877520537714,0.0676049838486386,68.3,35.1,43.5,True,
2026-09,CR00330,youtube,678607,mid,1.9060649241755538,6.89369535204786,0.07657686758403859,70.5,99.4,42.7,True,
2026-07,CR00336,all,,,,,,78.2,5.8,95.4,True,The Hub
2026-08,CR00336,all,,,,,,66.2,4.1,85.1,True,The Hub
2026-09,CR00336,all,,,,,,65.4,7.1,65.2,True,The Pulse
2026-07,CR00336,instagram,42750.0,micro,1.0124444444444445,-0.0295119182746878,0.3462041884816754,78.2,5.8,95.4,True,
2026-08,CR00336,instagram,43090.0,micro,0.7664655372476212,-0.0270941521788214,0.2662565905096661,66.2,4.1,85.1,True,
2026-09,CR00336,instagram,44080,micro,0.8231397459165154,-0.01519213583556747,0.1823855755894591,65.4,7.1,65.2,True,
2026-07,CR00338,all,,,,,,75.7,,,False,The Pulse
2026-08,CR00338,all,,,,,,59.1,20.4,19.9,True,The Pulse
2026-09,CR00338,all,,,,,,,,,False,
2026-07,CR00338,tiktok,16370.0,micro,5.16163714111179,,,75.7,,,False,
2026-08,CR00338,tiktok,16960.0,micro,3.6534198113207546,0.0272562083585705,0.069177744953225,59.1,20.4,19.9,True,
2026-09,CR00338,tiktok,,,,,,,,,False,
2026-07,CR00339,all,,,,,,32.5,26.0,25.3,True,The Pulse
2026-08,CR00339,all,,,,,,24.2,38.0,35.0,True,The Lens
2026-09,CR00339,all,,,,,,26.6,42.2,32.8,True,The Lens
2026-07,CR00339,tiktok,326810.0,mid,3.0368501575839173,0.00970123891618,0.1382154049150585,50.1,16.7,48.4,True,
2026-08,CR00339,tiktok,334300.0,mid,2.3927669757702663,0.0734009761109684,0.1871338311315336,35.0,47.8,65.8,True,
2026-09,CR00339,tiktok,354232,mid,2.9592950382799974,0.10529978002090581,0.17269525875137012,46.9,65.6,64.8,True,
2026-07,CR00339,youtube,15735.0,micro,0.5982205274864951,0.0673585673585673,0.0018115942028985,14.9,35.3,2.3,True,
2026-08,CR00339,youtube,16486.0,micro,0.5017590683003761,0.0512019384046419,0.0060975609756097,13.4,28.2,4.3,True,
2026-09,CR00339,youtube,17012,micro,0.34657888549259347,0.025498824522273797,0.0,6.3,18.8,0.7,True,
2026-07,CR00340,all,,,,,,36.1,28.6,58.1,False,The Hub
2026-08,CR00340,all,,,,,,25.9,73.2,71.4,False,The Lens
2026-09,CR00340,all,,,,,,70.6,67.4,86.0,False,The Hub
2026-07,CR00340,instagram,113780.0,mid,0.4437335208296712,0.0628678187762727,,30.9,34.2,,False,
2026-08,CR00340,instagram,,,,,0.3769633507853403,,,97.0,False,
2026-09,CR00340,instagram,122120.0,mid,0.9666803144448084,0.13011290024060707,0.2683050418039017,74.6,69.6,84.8,True,
2026-07,CR00340,tiktok,1230.0,nano,1.695121951219512,,0.074074074074074,19.2,,18.5,False,
2026-08,CR00340,tiktok,1300.0,nano,0.8715384615384615,0.1668202764976958,0.1212121212121212,5.1,75.5,45.7,True,
2026-09,CR00340,tiktok,,,,,,,,,False,
2026-07,CR00340,youtube,18558.0,micro,1.414161008729389,0.0391981184903124,0.3683168316831683,58.1,22.9,97.7,True,
2026-08,CR00340,youtube,19248.0,micro,1.1750311720698254,0.1398116894652691,,46.7,70.8,,False,
2026-09,CR00340,youtube,20005,micro,1.7334166458385403,0.1198499776085983,0.22134387351778656,66.7,65.2,87.2,True,
2026-07,CR00342,all,,,,,,43.8,28.1,49.0,True,The Hub
2026-08,CR00342,all,,,,,,,48.8,59.9,False,The Hub
2026-09,CR00342,all,,,,,,47.6,29.0,96.4,True,The Hub
2026-07,CR00342,instagram,61100.0,micro,0.5684124386252046,0.046376215919989,0.1402597402597402,43.8,28.1,49.0,True,
2026-08,CR00342,instagram,62930.0,micro,,0.094244479221005,0.1547576301615799,,48.8,59.9,False,
2026-09,CR00342,instagram,64830.0,micro,0.5863026376677464,0.051410963347388906,0.3535044044427422,47.6,29.0,96.4,True,
2026-07,CR00343,all,,,,,,,,,False,
2026-08,CR00343,all,,,,,,23.8,84.4,1.1,True,The Lens
2026-09,CR00343,all,,,,,,,,,False,
2026-07,CR00343,tiktok,,,,,,,,,False,
2026-08,CR00343,tiktok,52450.0,micro,1.8112869399428029,0.1665925266903914,0.0115178469608849,23.8,84.4,1.1,True,
2026-09,CR00343,tiktok,,,,,,,,,False,
2026-07,CR00345,all,,,,,,50.2,79.6,45.0,False,The Lens
2026-08,CR00345,all,,,,,,38.1,68.8,93.6,False,The Hub
2026-09,CR00345,all,,,,,,52.5,62.0,34.2,True,The Lens
2026-07,CR00345,instagram,19450.0,micro,0.4506940874035989,0.2125935162094763,,31.3,94.5,,False,
2026-08,CR00345,instagram,21270.0,micro,0.4240714621532675,0.289090909090909,,31.6,99.7,,False,
2026-09,CR00345,instagram,23710.0,micro,0.6522564318852805,0.3006034009873834,0.1111111111111111,54.5,100.0,40.3,True,
2026-07,CR00345,tiktok,30241.0,micro,4.370887206110909,0.1135618809146812,0.1307698969429289,69.1,64.8,45.0,True,
2026-08,CR00345,tiktok,31860.0,micro,2.9012868801004394,0.0648395721925133,0.3329163191548512,44.6,37.8,93.6,True,
2026-09,CR00345,tiktok,32640.0,micro,3.1473651960784315,0.03783783783783784,0.09110565110565111,50.5,24.1,28.2,True,
2026-07,CR00346,all,,,,,,30.2,39.6,65.5,True,The Hub
2026-09,CR00346,all,,,,,,21.8,48.1,68.3,True,The Hub
2026-07,CR00346,instagram,320026.0,mid,0.7781086536718892,0.126709290371643,0.2562280187573271,63.5,67.8,82.4,True,
2026-09,CR00346,instagram,345610,mid,0.395182431063916,0.1465794371439851,0.40141811527904847,28.8,77.5,98.6,True,
2026-07,CR00346,tiktok,10430.0,micro,1.2029721955896453,0.0350741954133744,0.0991620111731843,8.4,21.0,31.3,True,
2026-09,CR00346,tiktok,11020.0,micro,1.1973684210526316,0.006472795497185741,0.10882352941176471,8.7,12.9,36.0,True,
2026-07,CR00346,youtube,79707.0,micro,0.6632792602908151,0.0581043409000398,0.1790623898484314,18.7,30.1,82.9,True,
2026-09,CR00346,youtube,85510.0,micro,0.8279967255291779,0.09853545734840699,0.14643989622369558,27.8,53.9,70.3,True,
2026-07,CR00347,all,,,,,,77.1,8.2,61.9,False,The Pulse
2026-08,CR00347,all,,,,,,77.6,40.0,35.0,True,The Pulse
2026-09,CR00347,all,,,,,,76.7,42.2,,False,The Pulse
2026-07,CR00347,instagram,4580.0,nano,0.8087336244541484,,0.3387622149837133,65.2,,94.9,False,
2026-08,CR00347,instagram,4735.0,nano,0.7315733896515312,0.1314217443249701,0.1423357664233576,63.7,73.2,54.3,True,
2026-09,CR00347,instagram,5050.0,nano,0.8243564356435643,0.09071274298056156,,65.8,57.4,,False,
2026-07,CR00347,youtube,39177.0,micro,3.073002016489266,-0.0156532663316582,0.0520801700576981,88.9,8.2,28.9,True,
2026-08,CR00347,youtube,38170.0,micro,3.338249934503537,-0.017579080122513,0.023312101910828,91.5,6.8,15.8,True,
2026-09,CR00347,youtube,39362,micro,2.837482851481124,0.04011203889652257,,87.6,27.0,,False,
2026-07,CR00348,all,,,,,,39.3,95.4,61.9,True,The Lens
2026-08,CR00348,all,,,,,,27.7,98.1,36.7,True,The Lens
2026-09,CR00348,all,,,,,,35.4,93.3,53.1,True,The Lens
2026-07,CR00348,youtube,19370.0,micro,1.0388229220443983,0.2165557090817736,0.1162055335968379,39.3,95.4,61.9,True,
2026-08,CR00348,youtube,21550.0,micro,0.7836658932714617,0.251451800232288,0.0593654042988741,27.7,98.1,36.7,True,
2026-09,CR00348,youtube,22720,micro,0.9457746478873239,0.19869156906193944,0.0970724191063174,35.4,93.3,53.1,True,
2026-07,CR00350,all,,,,,,38.2,2.3,,False,The Pulse
2026-08,CR00350,all,,,,,,17.3,6.2,21.0,True,The Hub
2026-09,CR00350,all,,,,,,15.2,2.8,77.7,True,The Hub
2026-07,CR00350,youtube,39470.0,micro,1.016214846719027,-0.0579952267303102,,38.2,2.3,,False,
2026-08,CR00350,youtube,39618.0,micro,0.5815538391640164,-0.0184331797235023,0.0318570318570318,17.3,6.2,21.0,True,
2026-09,CR00350,youtube,38165,micro,0.5759465478841871,-0.044824306737411154,0.17291414752116083,15.2,2.8,77.7,True,
2026-07,CR00351,all,,,,,,58.5,58.5,72.4,True,The Hub
2026-08,CR00351,all,,,,,,52.5,67.3,65.2,False,The Lens
2026-09,CR00351,all,,,,,,38.2,36.4,55.6,False,The Hub
2026-07,CR00351,instagram,17248.0,micro,1.2836270871985158,0.1489475086597388,0.2802013422818792,86.4,78.8,87.6,True,
2026-08,CR00351,instagram,17900.0,micro,1.2306703910614525,0.1423101467772814,0.1613418530351437,84.3,74.6,62.7,True,
2026-09,CR00351,instagram,,,,,,,,,False,
2026-07,CR00351,tiktok,61760.0,micro,3.209844559585492,0.1188405797101449,0.1326310445488006,53.2,67.8,45.9,True,
2026-08,CR00351,tiktok,64610.0,micro,2.677108806686272,0.1042556827892668,0.1780705996131528,41.5,60.0,63.8,True,
2026-09,CR00351,tiktok,64240.0,micro,2.0696606475716064,0.08111746886570179,0.10429349567446332,27.9,46.1,34.5,True,
2026-07,CR00351,youtube,5440.0,nano,0.9479779411764706,0.0746740418806795,0.1864406779661017,35.8,28.9,83.6,True,
2026-08,CR00351,youtube,5740.0,nano,0.854006968641115,,0.1329113924050632,31.7,,69.2,False,
2026-09,CR00351,youtube,5805,nano,1.1839793281653748,0.044064748201438846,0.16901408450704225,48.5,26.7,76.6,True,
2026-07,CR00352,all,,,,,,34.0,40.0,29.9,False,The Lens
2026-08,CR00352,all,,,,,,29.9,40.1,43.3,True,The Hub
2026-09,CR00352,all,,,,,,32.6,34.6,43.9,False,The Hub
2026-07,CR00352,instagram,52390.0,micro,0.6745753006298912,,0.046001415428167,54.6,,11.2,False,
2026-08,CR00352,instagram,55650.0,micro,0.6207906558849955,0.1179188429087987,0.0386029411764705,56.9,61.5,12.1,True,
2026-09,CR00352,instagram,58894,micro,0.775410058749618,0.07370877468049808,0.0065227170490328385,63.2,40.9,1.9,True,
2026-07,CR00352,tiktok,27230.0,micro,,0.0728920409771473,0.1698175787728026,,41.6,59.6,False,
2026-08,CR00352,tiktok,29180.0,micro,1.6925633995887597,0.0637987604812249,0.2645027624309392,20.8,37.5,83.4,True,
2026-09,CR00352,tiktok,29210.0,micro,1.2045874700445054,0.05034160373966199,0.23226643598615918,9.5,28.2,78.5,True,
2026-07,CR00352,youtube,4069259.0,macro,0.5717010123604195,0.0367467535892109,0.0321750873507534,13.5,38.5,18.9,True,
2026-08,CR00352,youtube,3961233.0,macro,0.4825760060062107,-0.0003076377959909,0.0539655295716226,12.0,21.4,34.4,True,
2026-09,CR00352,youtube,4009980.0,macro,0.7637322380660253,,0.09381446729220735,25.1,,51.2,False,
2026-07,CR00353,all,,,,,,22.5,38.5,62.7,True,The Hub
2026-08,CR00353,all,,,,,,19.1,28.1,47.5,True,The Hub
2026-07,CR00353,instagram,113101.0,mid,0.3748684803847888,0.0740427714046949,0.1737496386238797,24.8,43.8,60.7,True,
2026-08,CR00353,instagram,115300.0,mid,0.300112749349523,0.0677903315428783,0.0821964529331514,18.0,39.3,27.5,True,
2026-07,CR00353,tiktok,70930.0,micro,2.22467221204004,0.0491051619582901,0.2519674711437565,32.1,25.1,83.1,True,
2026-08,CR00353,tiktok,71490.0,micro,2.2886137921387606,0.0381934359570142,0.3527508090614886,32.6,25.8,94.3,True,
2026-07,CR00353,youtube,90323.0,micro,0.509482634544911,0.0899623497610657,0.0813734713076199,10.6,46.7,44.4,True,
2026-08,CR00353,youtube,90864.0,micro,0.3786428068321887,0.0236928380707743,0.031549096065225,6.7,19.2,20.6,True,
2026-07,CR00354,all,,,,,,54.4,8.8,39.2,False,The Pulse
2026-08,CR00354,all,,,,,,66.7,8.7,47.2,False,The Pulse
2026-09,CR00354,all,,,,,,62.9,7.0,42.7,True,The Pulse
2026-07,CR00354,instagram,32010.0,micro,0.9838175570134332,-0.0727114716106604,0.0604774535809018,76.0,1.8,18.3,True,
2026-08,CR00354,instagram,31320.0,micro,0.8037356321839081,-0.0774668630338733,0.0688723835246455,68.2,1.7,23.3,True,
2026-09,CR00354,instagram,51121,micro,0.6115881927192347,-0.050219233055885854,0.061855670103092786,50.9,4.0,18.2,True,
2026-07,CR00354,tiktok,,,,,,,,,False,
2026-08,CR00354,tiktok,381870.0,mid,7.087885929766674,-0.0279001094621082,,86.2,7.0,,False,
2026-09,CR00354,tiktok,375630.0,mid,8.261595186752922,-0.027268489745183342,0.11101759362903846,91.3,4.6,36.8,True,
2026-07,CR00354,youtube,44697.0,micro,0.8983153231760521,0.0182708736758172,0.1113744075829383,32.9,15.7,60.0,True,
2026-08,CR00354,youtube,45522.0,micro,1.1570010105004174,0.021588868940754,0.1398195876288659,45.7,17.5,71.0,True,
2026-09,CR00354,youtube,44992,micro,1.1624511024182076,0.007276065103991761,0.1588785046728972,46.6,12.4,73.1,True,
2026-07,CR00356,all,,,,,,34.6,80.8,48.2,False,The Lens
2026-08,CR00356,all,,,,,,39.1,78.7,36.8,True,The Lens
2026-09,CR00356,all,,,,,,36.8,59.2,6.3,False,The Lens
2026-07,CR00356,instagram,149040.0,mid,0.4862117552334943,0.1542750929368029,0.2560305708144256,34.6,80.8,82.2,True,
2026-08,CR00356,instagram,158193.0,mid,0.3048870683279285,0.130450628135317,0.1412727752838658,18.5,73.6,53.6,True,
2026-09,CR00356,instagram,,,,,,,,,False,
2026-07,CR00356,tiktok,,,,,,,,,False,
2026-08,CR00356,tiktok,124860.0,mid,2.157688611244594,0.1162166994457357,0.1147074515383247,30.1,69.4,42.4,True,
2026-09,CR00356,tiktok,130430.0,mid,1.4530782795369164,0.0707659469665873,,13.5,44.4,,False,
2026-07,CR00356,youtube,,,,,0.023493687070481,,,14.3,False,
2026-08,CR00356,youtube,186863.0,mid,1.7075022877723252,0.1803911412075347,0.0214507031063795,68.8,93.2,14.3,True,
2026-09,CR00356,youtube,194256,mid,1.5253325508607198,0.13575425200395236,0.008022265880812049,60.1,74.1,6.3,True,
2026-07,CR00357,all,,,,,,83.2,83.3,54.6,False,The Lens
2026-08,CR00357,all,,,,,,94.7,73.8,34.9,True,The Pulse
2026-09,CR00357,all,,,,,,96.2,45.2,31.6,False,The Pulse
2026-07,CR00357,instagram,,,,,,,,,False,
2026-08,CR00357,instagram,20574.0,micro,2.626130067074949,0.1317454205401837,0.0771698449474247,98.5,70.1,24.9,True,
2026-09,CR00357,instagram,20920,micro,3.633604206500956,0.15134837644468904,0.03260572987721692,99.1,77.8,6.4,True,
2026-07,CR00357,tiktok,105603.0,mid,4.383208810355766,0.1459280559926211,0.2712874758927006,69.3,83.3,84.9,True,
2026-08,CR00357,tiktok,112300.0,mid,7.79560106856634,0.1489666462042152,0.0973490323262946,89.2,88.5,35.8,True,
2026-09,CR00357,tiktok,,,,,,,,,False,
2026-07,CR00357,youtube,282238.0,mid,4.242210474847469,,0.0411809195941892,97.1,,24.2,False,
2026-08,CR00357,youtube,285682.0,mid,4.462923810390574,0.1054521533877645,0.0690142233025654,96.3,62.7,44.1,True,
2026-09,CR00357,youtube,286438,mid,3.6114900955878757,-0.007419112270816657,0.10344393640672847,93.3,12.7,56.8,True,
2026-07,CR00358,all,,,,,,,,,False,
2026-08,CR00358,all,,,,,,48.6,66.2,40.7,True,The Lens
2026-09,CR00358,all,,,,,,56.9,35.1,0.3,False,The Pulse
2026-07,CR00358,instagram,,,,,,,,,False,
2026-08,CR00358,instagram,16410.0,micro,0.6042656916514321,0.1232032854209445,0.2311475409836065,54.4,67.4,78.8,True,
2026-09,CR00358,instagram,,,,,,,,,False,
2026-07,CR00358,tiktok,,,,,,,,,False,
2026-08,CR00358,tiktok,173470.0,mid,2.749414884418055,0.1062432242841655,0.0164426523297491,42.8,65.0,2.6,True,
2026-09,CR00358,tiktok,182496,mid,3.618556023145713,0.05920044574453266,0.0013863598741930144,56.9,35.1,0.3,True,
2026-07,CR00359,all,,,,,,,,,False,
2026-08,CR00359,all,,,,,,,,,False,
2026-09,CR00359,all,,,,,,79.3,55.6,,False,The Pulse
2026-07,CR00359,tiktok,,,,,,,,,False,
2026-08,CR00359,tiktok,,,,,,,,,False,
2026-09,CR00359,tiktok,471915,mid,5.643050125552271,0.08988556449843532,,79.3,55.6,,False,
2026-07,CR00360,all,,,,,,31.6,51.1,73.4,True,The Hub
2026-08,CR00360,all,,,,,,24.6,55.6,57.0,False,The Hub
2026-09,CR00360,all,,,,,,38.9,28.9,79.4,False,The Hub
2026-07,CR00360,instagram,500240.0,mid,0.5913161682392452,0.1063585093442441,0.2576173065204143,46.9,58.2,82.7,True,
2026-08,CR00360,instagram,,,,,,,,,False,
2026-09,CR00360,instagram,542650.0,mid,1.0485967013728923,0.03675894614164804,0.19863875286401006,77.8,25.4,70.4,True,
2026-07,CR00360,tiktok,220310.0,mid,0.1578548409059961,0.0214575161580474,0.2029099488792764,0.2,21.8,70.8,True,
2026-08,CR00360,tiktok,217990.0,mid,0.2750080278911876,0.045515587529976,0.2354403409090909,0.2,31.2,77.7,True,
2026-09,CR00360,tiktok,221817,mid,0.2736174414044009,0.0046423783470415595,,0.2,11.9,,False,
2026-07,CR00360,youtube,6438.0,nano,1.175520347934141,0.1597910286434876,0.1247443762781186,47.8,73.3,66.7,True,
2026-08,CR00360,youtube,6677.0,nano,1.2303429683989815,0.1821883852691218,0.0585480093676815,48.9,80.0,36.2,True,
2026-09,CR00360,youtube,7006,nano,1.0209820154153582,0.10157232704402516,0.22572178477690288,38.8,49.3,88.4,False,
2026-08,CR00361,all,,,,,,91.8,36.4,47.5,True,The Pulse
2026-08,CR00361,tiktok,58535.0,micro,6.567540787562996,0.0734458096460663,0.0363132608247118,83.9,42.9,7.5,True,
2026-08,CR00361,youtube,9430.0,nano,7.740721102863202,0.0619369369369369,0.212235294117647,99.6,30.0,87.5,True,
2026-09,CR00363,all,,,,,,42.0,65.4,28.5,False,The Lens
2026-09,CR00363,instagram,10130.0,micro,0.5771964461994077,0.09159482758620689,0.08356545961002786,47.0,52.0,28.5,True,
2026-09,CR00363,tiktok,13850,micro,2.428086642599278,0.14804376657824933,,37.0,78.8,,False,
2026-08,CR00364,all,,,,,,9.4,41.5,,False,The Lens
2026-08,CR00364,tiktok,25388.0,micro,1.1651961556640933,0.0701850524807149,,9.4,41.5,,False,
2026-07,CR00366,all,,,,,,79.3,17.1,56.1,False,The Pulse
2026-08,CR00366,all,,,,,,72.2,54.5,51.5,False,The Pulse
2026-09,CR00366,all,,,,,,68.7,58.4,55.6,False,The Pulse
2026-07,CR00366,instagram,137250.0,mid,1.0388415300546447,0.0231084606783451,0.1591359699467807,79.3,17.1,56.1,True,
2026-08,CR00366,instagram,136460.0,mid,1.853217059944306,0.0146479292140679,0.114037028841189,94.0,17.1,41.5,True,
2026-09,CR00366,instagram,137240.0,mid,1.3894782862139319,0.01938646661219639,0.1926741848063642,87.0,20.3,68.2,True,
2026-07,CR00366,tiktok,,,,,,,,,False,
2026-08,CR00366,tiktok,3560.0,nano,10.8688202247191,,0.1397121083827265,95.7,,52.5,False,
2026-09,CR00366,tiktok,3620.0,nano,8.52707182320442,,0.07845303867403315,92.4,,24.4,False,
2026-07,CR00366,youtube,,,,,,,,,False,
2026-08,CR00366,youtube,891990.0,mid,0.7760647540891714,0.1785247136232113,0.1042402364696957,26.8,91.9,60.4,True,
2026-09,CR00366,youtube,916040.0,mid,0.802819745862626,0.24030545927209707,0.1626295979864687,26.8,96.4,74.3,True,
2026-07,CR00368,all,,,,,,66.0,53.7,63.4,True,The Pulse
2026-08,CR00368,all,,,,,,68.1,71.5,69.6,False,The Lens
2026-09,CR00368,all,,,,,,95.1,65.8,35.4,False,The Pulse
2026-07,CR00368,instagram,17657.0,micro,3.8541088520133657,0.1895041767717596,0.1815384615384615,99.6,90.5,64.9,True,
2026-08,CR00368,instagram,18270.0,micro,2.125013683634373,0.2019736842105263,0.1493506493506493,96.0,91.4,57.6,True,
2026-09,CR00368,instagram,19790.0,micro,1.7827185447195553,0.2185960591133005,0.13553719008264462,90.6,95.2,51.4,True,
2026-07,CR00368,tiktok,35805.0,micro,10.094651584974166,0.0340495581355051,0.1490737888854666,94.1,20.6,53.7,True,
2026-08,CR00368,tiktok,37019.0,micro,17.850104000648315,0.0854420172995162,0.1838875137162834,99.4,51.6,65.3,True,
2026-09,CR00368,tiktok,36740.0,micro,14.455389221556887,0.06461895102868734,0.06313807116661711,99.6,36.5,19.4,True,
2026-07,CR00368,youtube,515305.0,mid,0.3387391932932923,0.0823370524087174,0.1380846325167037,4.3,50.0,71.6,True,
2026-08,CR00368,youtube,533067.0,mid,0.4116649501844984,,0.2043311212015368,8.8,,86.0,False,
2026-09,CR00368,youtube,,,,,,,,,False,
2026-07,CR00369,all,,,,,,26.0,45.9,10.1,False,The Lens
2026-08,CR00369,all,,,,,,,,0.9,False,The Hub
2026-09,CR00369,all,,,,,,28.2,26.8,3.4,False,The Pulse
2026-07,CR00369,instagram,289240.0,mid,0.1716014382519707,-0.0300469483568075,0.0303524804177545,6.1,6.8,6.6,True,
2026-08,CR00369,instagram,,,,,,,,,False,
2026-09,CR00369,instagram,283497,mid,0.4176375764117433,0.015375854214123007,0.021629919062238347,32.1,18.1,5.0,True,
2026-07,CR00369,tiktok,,,,,,,,,False,
2026-08,CR00369,tiktok,,,,,,,,,False,
2026-09,CR00369,tiktok,7430.0,nano,1.9152086137281292,0.07994186046511628,0.007054673721340388,24.3,35.4,1.8,True,
2026-07,CR00369,youtube,75558.0,micro,1.1519097911538156,0.1676582855553323,0.0212355212355212,46.0,85.0,13.6,True,
2026-08,CR00369,youtube,,,,,0.0,,,0.9,False,
2026-09,CR00369,youtube,,,,,,,,,False,
2026-07,CR00371,all,,,,,,61.5,74.0,71.7,True,The Lens
2026-08,CR00371,all,,,,,,22.5,82.1,34.3,True,The Lens
2026-09,CR00371,all,,,,,,66.7,87.5,85.6,True,The Lens
2026-07,CR00371,instagram,937397.0,mid,0.767927569642318,0.1340613900099687,0.2014550493677464,61.5,74.0,71.7,True,
2026-08,CR00371,instagram,996530.0,mid,0.3350375804040019,0.1632464864360087,0.0949481375719145,22.5,82.1,34.3,True,
2026-09,CR00371,instagram,1019970.0,macro,0.8378618978989578,0.16877893385891735,0.27102102102102105,66.7,87.5,85.6,True,
2026-07,CR00373,all,,,,,,98.5,45.6,66.4,False,The Pulse
2026-08,CR00373,all,,,,,,97.1,77.3,81.8,False,The Pulse
2026-09,CR00373,all,,,,,,70.4,44.2,62.7,True,The Pulse
2026-07,CR00373,instagram,18827.0,micro,2.648217984809051,0.0799632880169792,0.1128213265629958,98.5,45.6,40.7,True,
2026-08,CR00373,instagram,20020.0,micro,2.633466533466533,0.1203133743704532,0.1724,98.7,64.6,65.7,True,
2026-09,CR00373,instagram,20500.0,micro,1.8065853658536586,0.10333692142088267,0.16408518877057116,91.2,56.3,59.1,True,
2026-07,CR00373,tiktok,,,,,,,,,False,
2026-08,CR00373,tiktok,,,,,,,,,False,
2026-09,CR00373,tiktok,141825,mid,1.9537881191609379,-0.001267561001373191,0.09574784418673803,25.2,10.6,30.6,True,
2026-07,CR00373,youtube,9229.0,nano,,,0.2528011204481792,,,92.2,False,
2026-08,CR00373,youtube,9623.0,nano,4.110672347500779,0.1989783204585098,0.3434065934065934,95.4,90.0,97.8,True,
2026-09,CR00373,youtube,10428,micro,3.9734369006520907,0.12080825451418745,0.4014962593516209,94.7,65.6,98.5,True,
2026-07,CR00374,all,,,,,,81.0,47.0,41.5,False,The Pulse
2026-08,CR00374,all,,,,,,75.3,47.9,49.2,False,The Pulse
2026-09,CR00374,all,,,,,,73.6,45.6,76.9,False,The Hub
2026-07,CR00374,instagram,7525.0,nano,1.2427906976744183,0.0422437673130193,0.0739644970414201,85.3,19.4,24.4,True,
2026-08,CR00374,instagram,7461.0,nano,1.972523790376625,0.051882137318483,0.1325581395348837,94.7,21.1,49.2,True,
2026-09,CR00374,instagram,7400.0,nano,1.8067567567567568,,,91.5,,,False,
2026-07,CR00374,tiktok,,,,,,,,,False,
2026-08,CR00374,tiktok,176740.0,mid,3.2708498359171663,0.0634815572537457,,51.5,43.3,,False,
2026-09,CR00374,tiktok,183110.0,mid,3.3826716181530228,0.009816356918325704,0.2074329239590911,53.1,13.9,73.6,True,
2026-07,CR00374,youtube,22014.0,micro,2.089397656037068,0.1379096454047348,0.1089524809661328,76.8,74.5,58.6,True,
2026-08,CR00374,youtube,22980.0,micro,2.2194952132288948,0.1534407468754705,,79.7,79.2,,False,
2026-09,CR00374,youtube,24246,micro,2.1179163573372928,0.14926292837844243,0.18803227252353205,76.2,77.3,80.2,True,
2026-07,CR00377,all,,,,,,27.5,70.9,18.0,False,The Lens
2026-08,CR00377,all,,,,,,40.0,39.0,28.8,False,The Pulse
2026-09,CR00377,all,,,,,,54.8,69.1,31.5,False,The Lens
2026-07,CR00377,instagram,,,,,0.0747800586510264,,,24.6,False,
2026-08,CR00377,instagram,48851.0,micro,1.0081062823688358,0.1076570754823934,0.16035208572522,78.6,56.4,62.2,True,
2026-09,CR00377,instagram,28070,micro,1.9394210150107218,0.18045334118339712,0.10384331116038432,92.5,86.5,36.7,True,
2026-07,CR00377,tiktok,40050.0,micro,3.124669163545568,0.0757453666398066,0.057644730331519,51.9,43.8,11.4,True,
2026-08,CR00377,tiktok,40320.0,micro,,0.0304114490161001,0.0210609659540775,,21.5,4.0,False,
2026-09,CR00377,tiktok,41330.0,micro,4.4231550931526735,0.043423377934864935,,68.1,24.9,,False,
2026-07,CR00377,youtube,255273.0,mid,0.3080819358098976,0.2432933956750438,,3.1,98.1,,False,
2026-08,CR00377,youtube,284600.0,mid,0.2399367533380182,,0.031063321385902,1.4,,20.3,False,
2026-09,CR00377,youtube,299271,mid,0.2656889575000585,0.23778740089089623,0.04124820659971305,3.8,95.8,26.3,True,
2026-07,CR00379,all,,,,,,48.5,94.2,82.9,False,The Lens
2026-08,CR00379,all,,,,,,70.3,61.6,56.5,True,The Pulse
2026-09,CR00379,all,,,,,,86.4,69.0,60.8,True,The Pulse
2026-07,CR00379,instagram,,,,,,,,,False,
2026-08,CR00379,instagram,135790.0,mid,1.6187348111053834,0.0738631870304468,0.0509136880818296,90.9,42.9,15.9,True,
2026-09,CR00379,instagram,139958,mid,2.039411823547064,0.061413620506597905,0.08144796380090498,93.8,40.6,27.1,True,
2026-07,CR00379,tiktok,104840.0,mid,2.972167111789393,0.184498926674952,0.2512377756864029,48.5,94.2,82.9,True,
2026-08,CR00379,tiktok,110270.0,mid,3.1605876484991384,0.1386588463683112,0.4083920758385999,49.7,80.3,97.1,True,
2026-09,CR00379,tiktok,118910.0,mid,5.610537381212682,0.20855778026222177,0.32881415790299795,78.9,97.4,94.6,True,
2026-07,CR00380,all,,,,,,32.7,19.9,95.3,True,The Hub
2026-08,CR00380,all,,,,,,32.4,24.5,80.5,True,The Hub
2026-09,CR00380,all,,,,,,15.4,26.6,92.0,False,The Hub
2026-07,CR00380,instagram,8120.0,nano,0.1399014778325123,0.0172889000250563,0.3763440860215054,3.5,9.7,97.3,True,
2026-08,CR00380,instagram,8363.0,nano,0.2062656941289011,0.0485205616850551,0.246031746031746,9.8,19.7,81.6,True,
2026-09,CR00380,instagram,,,,,,,,,False,
2026-07,CR00380,tiktok,59262.0,micro,6.957932570618609,-0.0555555555555555,0.3501192855761171,87.3,3.0,95.2,True,
2026-08,CR00380,tiktok,61080.0,micro,4.708218729535036,-0.0519944125407418,0.2044901271301055,70.5,4.0,70.2,True,
2026-09,CR00380,tiktok,57566,micro,,,,,,,False,
2026-07,CR00380,youtube,57980.0,micro,0.4113487409451535,0.0901569991538967,0.2622950819672131,7.4,47.1,93.3,True,
2026-08,CR00380,youtube,59250.0,micro,0.5764556962025317,0.0941828254847645,0.2236394557823129,16.8,49.7,89.6,True,
2026-09,CR00380,youtube,62544,micro,0.5776893067280634,0.03860907686942659,0.24935600206079342,15.4,26.6,92.0,True,
2026-07,CR00381,all,,,,,,70.7,63.7,56.2,False,The Pulse
2026-08,CR00381,all,,,,,,60.6,59.7,64.7,False,The Hub
2026-09,CR00381,all,,,,,,86.2,73.8,62.8,False,The Pulse
2026-07,CR00381,instagram,3910.0,nano,0.5982097186700768,0.0887031544890806,0.062200956937799,47.7,40.3,19.5,True,
2026-08,CR00381,instagram,4077.0,nano,0.3298994358597008,0.0745914602003162,0.0638297872340425,21.7,32.4,21.7,True,
2026-09,CR00381,instagram,,,,,,,,,False,
2026-07,CR00381,tiktok,11820.0,micro,4.405245346869712,0.1784646061814556,0.3188531711555169,69.9,90.3,92.9,True,
2026-08,CR00381,tiktok,12310.0,micro,,0.1939864209505334,0.4104152328515714,,93.5,97.6,False,
2026-09,CR00381,tiktok,13010.0,micro,5.561875480399692,0.2124883504193849,0.23510114816839803,78.6,95.9,79.0,True,
2026-07,CR00381,youtube,34143.0,micro,3.8168877954485545,0.1148734693877551,,94.6,60.5,,False,
2026-08,CR00381,youtube,35228.0,micro,7.357698421710003,0.1010126265783222,0.1553020252940656,99.5,53.2,74.9,True,
2026-09,CR00381,youtube,37005,micro,3.8214565599243344,0.09146413402548371,0.08459133541759714,93.9,51.8,46.7,True,
2026-07,CR00382,all,,,,,,,,,False,
2026-09,CR00382,all,,,,,,29.6,9.3,,False,The Pulse
2026-07,CR00382,tiktok,,,,,,,,,False,
2026-09,CR00382,tiktok,494204,mid,2.10812336605936,-0.005747785483069482,,29.6,9.3,,False,
2026-07,CR00383,all,,,,,,68.0,52.2,42.5,False,The Pulse
2026-08,CR00383,all,,,,,,55.9,48.1,38.5,True,The Pulse
2026-09,CR00383,all,,,,,,54.0,6.7,62.1,False,The Hub
2026-07,CR00383,instagram,6132.0,nano,1.1090998043052838,,0.2206235011990407,81.2,,75.6,False,
2026-08,CR00383,instagram,6470.0,nano,0.8508500772797527,0.0801335559265442,0.1725352112676056,71.5,38.0,66.0,True,
2026-09,CR00383,instagram,,,,,,,,,False,
2026-07,CR00383,tiktok,1422420.0,macro,4.163819406363802,0.1446850631322276,0.0151703190829223,66.1,100.0,2.1,True,
2026-08,CR00383,tiktok,1465190.0,macro,2.6157099079300297,0.1456463265880586,0.0622365927967936,40.7,100.0,16.8,True,
2026-09,CR00383,tiktok,,,,,,,,,False,
2026-07,CR00383,youtube,1473.0,nano,1.3754243041412084,-0.0441271901362751,0.0915492957746478,56.6,4.4,49.9,True,
2026-08,CR00383,youtube,1428.0,nano,1.3942577030812324,-0.0199039121482498,0.0505050505050505,55.6,6.2,32.8,True,
2026-09,CR00383,youtube,1391,nano,1.3544212796549244,0.007971014492753623,0.1171875,54.0,6.7,62.1,True,
2026-07,CR00386,all,,,,,,40.8,32.4,86.8,False,The Hub
2026-08,CR00386,all,,,,,,51.5,33.0,92.3,False,The Hub
2026-09,CR00386,all,,,,,,43.3,60.8,23.5,False,The Lens
2026-07,CR00386,instagram,237257.0,mid,0.5122925772474574,0.040998100152251,,38.5,26.7,,False,
2026-08,CR00386,instagram,247740.0,mid,0.385464599983854,0.0639467468327249,,27.8,36.4,,False,
2026-09,CR00386,instagram,250050.0,mid,0.3365126974605079,0.07289968248519695,0.07481629926519706,22.4,48.6,23.5,True,
2026-07,CR00386,tiktok,26890.0,micro,2.7084789884715508,0.0687599364069952,0.2827811479234717,43.1,38.2,86.8,True,
2026-08,CR00386,tiktok,27980.0,micro,5.395997140814868,0.0487256371814092,0.3244188438592882,75.2,29.5,92.3,True,
2026-09,CR00386,tiktok,28410.0,micro,4.129355860612461,0.13594562175129948,,64.3,73.0,,False,
2026-07,CR00390,all,,,,,,56.8,47.4,58.2,True,The Hub
2026-08,CR00390,all,,,,,,66.1,45.2,58.2,True,The Pulse
2026-09,CR00390,all,,,,,,65.3,26.9,78.4,False,The Hub
2026-07,CR00390,instagram,132019.0,mid,0.249206553602133,0.1042070926731348,0.0977222630418809,13.0,57.5,34.1,True,
2026-08,CR00390,instagram,132640.0,mid,0.4317551266586248,0.1070862198480928,0.1302847282139775,32.1,64.3,48.0,True,
2026-09,CR00390,instagram,136590.0,mid,0.3190131049125119,0.03336359509759419,,20.5,24.6,,False,
2026-07,CR00390,tiktok,243796.0,mid,3.45124612380843,-0.0292542495709615,0.2619539243208129,57.9,9.0,84.0,True,
2026-08,CR00390,tiktok,249480.0,mid,4.189393199537738,-0.0023992322456813,0.2946928723198764,66.2,12.1,87.6,True,
2026-09,CR00390,tiktok,243330.0,mid,5.499235605967205,0.006452413450800347,0.3027527165977591,77.6,13.2,91.2,True,
2026-07,CR00390,youtube,45610.0,micro,6.743521157640868,0.1387980325085516,0.1042074090629714,99.5,75.8,56.6,True,
2026-08,CR00390,youtube,48271.0,micro,10.081353193428766,0.1129017383686079,0.0611965142465485,100.0,59.1,39.1,True,
2026-09,CR00390,youtube,48986,micro,5.602437431102764,0.07808442272987368,0.13123216129228155,97.9,42.9,65.7,True,
2026-07,CR00391,all,,,,,,70.0,53.1,58.4,True,The Pulse
2026-09,CR00391,all,,,,,,53.3,52.0,16.3,False,The Pulse
2026-07,CR00391,tiktok,55530.0,micro,2.9906356924185125,0.0869692876857126,0.0756154747948417,49.1,50.6,18.7,True,
2026-09,CR00391,tiktok,54490.0,micro,3.386272710589099,-0.009992732558139535,0.056012051492741716,53.3,10.8,16.3,True,
2026-07,CR00391,youtube,4078.0,nano,3.268268759195684,0.1148168398031711,0.386780905752754,90.8,55.6,98.2,True,
2026-09,CR00391,youtube,4386,nano,,0.20660247592847317,,,93.3,,False,
2026-07,CR00393,all,,,,,,42.2,31.8,75.0,False,The Hub
2026-08,CR00393,all,,,,,,49.9,27.5,67.5,True,The Hub
2026-09,CR00393,all,,,,,,67.4,56.2,69.5,False,The Hub
2026-07,CR00393,instagram,27620.0,micro,0.7710716871832006,0.0446293494704992,0.1805094130675526,61.8,26.6,64.1,True,
2026-08,CR00393,instagram,27710.0,micro,0.830205701912667,-0.027719298245614,0.3757292882147025,69.9,3.8,96.5,True,
2026-09,CR00393,instagram,28360.0,micro,1.0150211565585332,0.03844745514463566,0.15519253208868145,75.6,23.0,56.9,True,
2026-07,CR00393,tiktok,7110.0,nano,2.439099859353024,0.0838414634146341,,38.2,24.6,,False,
2026-08,CR00393,tiktok,7281.0,nano,1.726960582337591,0.0431232091690544,0.0569230769230769,22.0,9.4,14.1,True,
2026-09,CR00393,tiktok,,,,,,,,,False,
2026-07,CR00393,youtube,39803.0,micro,0.8006431676004321,0.0860300136425648,0.1985773562537048,26.5,44.1,85.9,True,
2026-08,CR00393,youtube,39840.0,micro,1.4313253012048193,0.1366619115549215,0.2401075681905493,57.7,69.2,91.8,True,
2026-09,CR00393,youtube,42231,micro,1.5123724278373707,0.17445352911730352,0.1984852441890833,59.3,89.4,82.1,True,
2026-07,CR00394,all,,,,,,60.5,30.3,89.8,False,The Hub
2026-08,CR00394,all,,,,,,48.9,21.8,69.0,False,The Hub
2026-09,CR00394,all,,,,,,37.4,39.2,62.4,False,The Hub
2026-07,CR00394,instagram,23172.0,micro,0.8908596582081822,0.0655752782120849,,70.0,36.9,,False,
2026-08,CR00394,instagram,23940.0,micro,0.6409774436090225,0.0764388489208633,0.2106951871657754,58.0,41.2,75.3,True,
2026-09,CR00394,instagram,,,,,,,,,False,
2026-07,CR00394,tiktok,4240.0,nano,4.1773584905660375,0.11315305854555,0.3433641975308642,66.3,45.6,94.7,True,
2026-08,CR00394,tiktok,4510.0,nano,3.1341463414634148,,0.1618497109826589,48.3,,58.9,False,
2026-09,CR00394,tiktok,4560.0,nano,2.168640350877193,0.1371571072319202,0.11385459533607682,30.4,58.3,38.3,True,
2026-07,CR00394,youtube,46179.0,micro,1.1390242317936723,-0.0141539643909312,0.1924846625766871,45.3,8.5,84.8,True,
2026-08,CR00394,youtube,46051.0,micro,1.0367201580856007,-0.0484937394107194,0.1477541371158392,40.4,2.3,72.8,True,
2026-09,CR00394,youtube,45474,micro,1.1122179707085367,0.02807921866521975,0.21988950276243094,44.5,20.2,86.5,False,
2026-07,CR00395,all,,,,,,55.9,62.9,43.7,False,The Lens
2026-08,CR00395,all,,,,,,49.9,61.8,49.6,True,The Lens
2026-09,CR00395,all,,,,,,47.2,53.2,22.0,False,The Lens
2026-07,CR00395,instagram,55190.0,micro,0.705671317267621,0.0834314880251276,,56.4,47.4,,False,
2026-08,CR00395,instagram,56430.0,micro,0.6438950912635123,0.0781429117309896,0.1977011494252873,58.2,41.6,72.3,True,
2026-09,CR00395,instagram,58510,micro,0.8474790634079644,0.1074912212251268,0.12018140589569161,67.1,58.7,42.0,True,
2026-07,CR00395,tiktok,,,,,,,,,False,
2026-08,CR00395,tiktok,57650.0,micro,1.544978317432784,0.1073761044948136,0.057828073089701,17.7,63.6,14.8,True,
2026-09,CR00395,tiktok,58720.0,micro,2.0349625340599453,0.08579881656804733,0.011989854738298363,27.3,47.7,2.1,True,
2026-07,CR00395,youtube,11886.0,micro,1.34452296819788,0.1463014755521265,0.0795262267343485,55.4,78.4,43.7,True,
2026-08,CR00395,youtube,12546.0,micro,1.9069823051171688,0.1570598542838698,0.1085080147965474,73.9,80.2,61.8,True,
2026-09,CR00395,youtube,,,,,,,,,False,
2026-07,CR00396,all,,,,,,21.3,13.9,63.2,True,The Hub
2026-08,CR00396,all,,,,,,35.8,15.8,88.1,False,The Hub
2026-09,CR00396,all,,,,,,32.4,8.8,92.6,False,The Hub
2026-07,CR00396,instagram,46610.0,micro,0.3997425445183437,0.0143634385201305,0.1712328767123287,27.4,15.7,60.2,True,
2026-08,CR00396,instagram,46690.0,micro,0.5182266009852217,0.0466263169692894,0.2417061611374407,43.3,25.4,80.9,True,
2026-09,CR00396,instagram,44800.0,micro,0.77625,-0.062172911869374084,0.3539325842696629,63.7,2.0,96.7,True,
2026-07,CR00396,tiktok,5312.0,nano,2.29480421686747,0.0545959896763946,0.103244837758112,33.7,12.3,32.9,True,
2026-08,CR00396,tiktok,5320.0,nano,3.8351503759398495,,,61.1,,,False,
2026-09,CR00396,tiktok,,,,,,,,,False,
2026-07,CR00396,youtube,144614.0,mid,0.3055859045458945,-0.0070379499996566,0.3297491039426523,2.8,13.6,96.6,True,
2026-08,CR00396,youtube,147390.0,mid,0.2848225795508515,-0.0437169106197446,0.2785522788203753,3.0,6.2,95.3,True,
2026-09,CR00396,youtube,147708,mid,0.21954125707476915,0.009900177765622863,0.22619525914021696,1.1,15.7,88.6,True,
2026-07,CR00399,all,,,,,,75.4,17.4,37.6,False,The Pulse
2026-08,CR00399,all,,,,,,49.0,85.7,81.9,False,The Lens
2026-09,CR00399,all,,,,,,51.9,32.3,68.0,False,The Hub
2026-07,CR00399,instagram,36860.0,micro,1.239781718963165,0.0442517989687801,0.1160135760567726,85.1,25.9,42.0,True,
2026-08,CR00399,instagram,,,,,,,,,False,
2026-09,CR00399,instagram,39320.0,micro,0.6302390640895219,0.07873799725651577,0.22831367106176267,52.1,44.8,77.6,True,
2026-07,CR00399,tiktok,369400.0,mid,4.134063345966432,-0.0911327625233736,0.0145134629941451,65.8,3.2,1.8,True,
2026-08,CR00399,tiktok,,,,,,,,,False,
2026-09,CR00399,tiktok,368250.0,mid,5.12691649694501,-0.05596287940935193,,74.2,2.0,,False,
2026-07,CR00399,youtube,11477964.0,macro,,0.0135839931996583,0.1287270613998911,,23.1,69.0,False,
2026-08,CR00399,youtube,11358570.0,macro,1.2306882820636753,0.1493236249131068,0.1874171569132948,49.0,85.7,81.9,True,
2026-09,CR00399,youtube,11899403,macro,0.8451345836425576,0.05119738272288976,0.10781991803828776,29.5,50.0,58.5,True,
2026-07,CR00400,all,,,,,,27.9,,16.8,False,The Pulse
2026-08,CR00400,all,,,,,,41.9,24.0,3.6,False,The Pulse
2026-09,CR00400,all,,,,,,27.6,50.2,16.2,True,The Lens
2026-07,CR00400,instagram,2810.0,nano,0.4067615658362989,,0.0571428571428571,27.9,,16.8,False,
2026-08,CR00400,instagram,2880.0,nano,0.2371527777777777,,0.0,11.5,,1.3,False,
2026-09,CR00400,instagram,3013,nano,0.1745768337205443,0.09404502541757444,0.0,5.8,63.0,1.0,True,
2026-07,CR00400,tiktok,,,,,,,,,False,
2026-08,CR00400,tiktok,11030.0,micro,4.963553943789664,0.035884710822676,0.028209556706966,72.3,24.0,6.0,True,
2026-09,CR00400,tiktok,11650.0,micro,3.1106437768240345,0.06587374199451052,0.09625876851130163,49.3,37.3,31.3,True,
2026-07,CR00401,all,,,,,,73.3,39.4,56.2,False,The Pulse
2026-08,CR00401,all,,,,,,77.5,47.7,59.7,True,The Pulse
2026-09,CR00401,all,,,,,,68.4,60.0,60.8,False,The Pulse
2026-07,CR00401,instagram,,,,,0.0961606510969568,,,33.2,False,
2026-08,CR00401,instagram,35380.0,micro,7.625155455059356,0.0599161174355901,0.1417900892056852,99.8,32.3,53.8,True,
2026-09,CR00401,instagram,35764,micro,10.643384408902808,0.060459599703484065,0.16833103764921947,100.0,32.1,60.8,True,
2026-07,CR00401,tiktok,116330.0,mid,12.283013839938109,-0.015903899839269,0.371275332788859,96.9,11.5,96.3,True,
2026-08,CR00401,tiktok,119732.0,mid,15.011559148765576,0.0521542747172596,0.3690780371047396,97.6,36.9,95.6,True,
2026-09,CR00401,tiktok,,,,,,,,,False,
2026-07,CR00401,youtube,167688.0,mid,1.2093232670197032,0.1125796178343949,0.072333282466046,49.7,67.3,39.0,True,
2026-08,CR00401,youtube,175810.0,mid,0.9272851373642,0.130538229052794,0.0463847203274215,35.1,73.9,29.7,True,
2026-09,CR00401,youtube,179060.0,mid,0.9921087903496035,0.18020036910097548,,36.7,88.0,,False,
2026-07,CR00403,all,,,,,,88.2,52.6,39.6,False,The Pulse
2026-08,CR00403,all,,,,,,87.0,67.2,20.8,False,The Pulse
2026-09,CR00403,all,,,,,,58.7,38.5,23.6,False,The Pulse
2026-07,CR00403,instagram,487740.0,mid,1.398810841841965,0.1318048916322458,,88.6,69.9,,True,
2026-08,CR00403,instagram,505860.0,mid,1.2465326374886332,0.1193326400106211,,84.9,68.6,,True,
2026-09,CR00403,instagram,536210,mid,1.2208892038566979,0.11348996382574893,,83.5,63.8,,True,
2026-07,CR00403,tiktok,27445.0,micro,,,0.1329879101899827,,,46.1,False,
2026-08,CR00403,tiktok,,,,,,,,,False,
2026-09,CR00403,tiktok,27280.0,micro,0.5406891495601173,-0.03330970942593905,,1.3,6.6,,False,
2026-07,CR00403,youtube,294057.0,mid,2.9494723812050045,0.0569529711155521,0.0591178406846609,87.9,35.2,33.0,True,
2026-08,CR00403,youtube,310750.0,mid,2.93024142713061,0.1137593634636751,0.0315721258024666,89.1,65.8,20.8,True,
2026-09,CR00403,youtube,322782,mid,3.3670619799121386,0.07227638900423553,0.036354640341163445,91.4,45.2,23.6,True,
2026-07,CR00404,all,,,,,,80.4,27.4,69.3,False,The Pulse
2026-08,CR00404,all,,,,,,67.8,32.4,62.0,True,The Pulse
2026-09,CR00404,all,,,,,,71.4,17.4,,False,The Pulse
2026-07,CR00404,instagram,1166213.0,macro,1.445779630307671,0.0241329830021462,0.1960659603183221,89.8,21.4,69.3,True,
2026-08,CR00404,instagram,1148762.0,macro,1.287255323557012,0.045095811199671,0.1782088380989749,85.4,11.8,67.4,True,
2026-09,CR00404,instagram,1189553,macro,1.572420060308368,-0.010049690877966495,,88.9,6.2,,False,
2026-07,CR00404,tiktok,297680.0,mid,4.539223327062618,0.0522446094026157,,71.0,33.3,,False,
2026-08,CR00404,tiktok,301720.0,mid,3.174241018162535,0.0796536176912617,0.1526912489133584,50.3,52.9,56.5,True,
2026-09,CR00404,tiktok,301588,mid,3.430809581283075,0.04241728767161166,,53.9,28.5,,False,
2026-07,CR00405,all,,,,,,,,,False,
2026-08,CR00405,all,,,,,,79.6,,33.1,False,The Pulse
2026-09,CR00405,all,,,,,,75.1,5.8,14.2,True,The Pulse
2026-07,CR00405,tiktok,,,,,,,,,False,
2026-08,CR00405,tiktok,36260.0,micro,5.915140650854936,,0.0902713298256473,79.6,,33.1,False,
2026-09,CR00405,tiktok,36350.0,micro,5.205144429160935,-0.03401541323412171,0.051024656520331224,75.1,5.8,14.2,True,
2026-09,CR00406,all,,,,,,86.1,6.6,73.7,False,The Pulse
2026-09,CR00406,instagram,21705,micro,1.5020502188435845,,,88.2,,,False,
2026-09,CR00406,youtube,294297,mid,2.5901929003693547,-0.036557499410732525,0.16186342985013902,84.0,6.6,73.7,True,
2026-07,CR00407,all,,,,,,26.4,61.2,46.7,False,The Lens
2026-08,CR00407,all,,,,,,58.4,45.4,74.4,False,The Hub
2026-09,CR00407,all,,,,,,59.4,51.0,53.8,False,The Pulse
2026-07,CR00407,instagram,28470.0,micro,0.3663154197400772,,0.2892857142857143,23.6,,89.5,False,
2026-08,CR00407,instagram,29100.0,micro,0.6479725085910653,0.0846067834513604,0.2033898305084746,58.4,45.4,74.4,True,
2026-09,CR00407,instagram,29373,micro,0.4841861573553944,0.0761311595530317,,39.1,42.5,,False,
2026-07,CR00407,tiktok,28290.0,micro,2.09915164369035,0.1120283018867924,0.0254010695187165,29.2,64.4,3.9,True,
2026-08,CR00407,tiktok,,,,,,,,,False,
2026-09,CR00407,tiktok,31423,micro,6.91576233968749,0.1156754837564353,0.048319094641074006,86.7,61.8,12.7,True,
2026-07,CR00407,youtube,324572.0,mid,,0.0936856612382021,,,58.0,,False,
2026-08,CR00407,youtube,,,,,,,,,False,
2026-09,CR00407,youtube,348515,mid,1.29389265885256,0.07768923686806374,0.27839982606805086,52.5,48.8,95.0,True,
2026-08,CR00408,all,,,,,,61.1,12.9,85.8,True,The Hub
2026-08,CR00408,instagram,120497.0,mid,0.6987061918553988,0.002621024779085,0.2727827812547703,61.1,12.9,85.8,True,
2026-09,CR00409,all,,,,,,28.8,41.4,42.4,True,The Hub
2026-09,CR00409,instagram,88655,micro,0.31651909085781965,0.07977589671761769,0.05914870093974572,20.1,46.4,16.9,True,
2026-09,CR00409,tiktok,98020.0,micro,2.748877780044889,0.0998653500897666,0.14257711750747962,43.6,54.8,53.1,True,
2026-09,CR00409,youtube,25014,micro,0.7311105780762773,0.03423468122054081,0.10393700787401575,22.8,23.0,57.1,True,
2026-07,CR00412,all,,,,,,54.9,75.9,,False,The Lens
2026-08,CR00412,all,,,,,,51.9,64.4,28.6,False,The Lens
2026-09,CR00412,all,,,,,,17.9,80.7,9.1,False,The Lens
2026-07,CR00412,instagram,87355.0,micro,0.676217732242001,0.1381758957654723,,54.9,75.9,,False,
2026-08,CR00412,instagram,94575.0,micro,0.7185196933650542,0.1037134721314536,,62.8,55.0,,False,
2026-09,CR00412,instagram,,,,,,,,,False,
2026-07,CR00412,tiktok,,,,,,,,,False,
2026-08,CR00412,tiktok,38110.0,micro,3.946680661243768,0.0829781187837453,0.0225547835382148,62.7,48.7,4.9,True,
2026-09,CR00412,tiktok,,,,,,,,,False,
2026-07,CR00412,youtube,,,,,,,,,False,
2026-08,CR00412,youtube,105901.0,mid,0.8236371705649617,0.1724309722560503,0.0859006886553098,30.2,89.4,52.2,True,
2026-09,CR00412,youtube,112199,mid,0.6320733696378755,0.16197350842490083,0.014279714405711887,17.9,80.7,9.1,True,
2026-07,CR00416,all,,,,,,46.7,49.0,46.5,False,The Lens
2026-08,CR00416,all,,,,,,45.4,40.2,41.2,True,The Pulse
2026-09,CR00416,all,,,,,,47.8,38.9,55.8,True,The Hub
2026-07,CR00416,instagram,,,,,,,,,False,
2026-08,CR00416,instagram,92750.0,micro,0.4837196765498652,0.0217008151575236,0.05005177770107,40.5,13.4,15.2,True,
2026-09,CR00416,instagram,95380.0,micro,0.25011532816104004,0.013818027210884353,0.10192735359525575,13.2,11.9,35.4,True,
2026-07,CR00416,tiktok,18285.0,micro,2.9606234618539786,0.2019325576809308,0.0342019543973941,48.1,94.4,6.4,True,
2026-08,CR00416,tiktok,19450.0,micro,2.442107969151671,0.2436061381074168,0.0794638583054093,36.3,97.8,24.9,True,
2026-09,CR00416,tiktok,20460.0,micro,3.80405669599218,0.2731798382078407,0.12170889220069547,60.0,99.6,43.0,True,
2026-07,CR00416,youtube,26341.0,micro,1.1373144527542614,-0.0428415697674418,0.205229793977813,45.2,3.6,86.6,True,
2026-08,CR00416,youtube,26360.0,micro,1.4841426403641882,-0.002337559429477,0.1949064449064449,59.3,9.4,83.5,True,
2026-09,CR00416,youtube,25824,micro,1.882280049566295,-0.027674234722692873,0.22802960222016652,70.2,5.3,89.0,True,
2026-07,CR00417,all,,,,,,49.7,66.9,37.9,False,The Lens
2026-08,CR00417,all,,,,,,54.4,36.0,90.1,False,The Hub
2026-09,CR00417,all,,,,,,44.7,58.7,49.1,False,The Lens
2026-07,CR00417,instagram,153930.0,mid,1.0572987721691678,0.1437806509139545,,79.9,76.0,,True,
2026-08,CR00417,instagram,,,,,,,,,False,
2026-09,CR00417,instagram,,,,,,,,,False,
2026-07,CR00417,tiktok,,,,,,,,,False,
2026-08,CR00417,tiktok,15330.0,micro,3.438747553816047,0.0623700623700623,0.3062074186222558,54.4,36.0,90.1,True,
2026-09,CR00417,tiktok,,,,,,,,,False,
2026-07,CR00417,youtube,8718.0,nano,0.682381280110117,0.1174057933863112,0.0686274509803921,19.4,57.8,37.9,True,
2026-08,CR00417,youtube,,,,,,,,,False,
2026-09,CR00417,youtube,9378,nano,1.1149498827042013,0.1237866986219293,0.08955223880597014,44.7,58.7,49.1,True,
2026-07,CR00419,all,,,,,,,,,False,
2026-08,CR00419,all,,,,,,49.8,81.9,43.4,False,The Lens
2026-09,CR00419,all,,,,,,46.8,85.2,9.4,False,The Lens
2026-07,CR00419,instagram,,,,,,,,,False,
2026-08,CR00419,instagram,24740.0,micro,0.1669765561843169,0.173067804646752,0.116504854368932,6.6,84.2,43.4,True,
2026-09,CR00419,instagram,26410.0,micro,0.197235895494131,0.18856885688568856,0.038834951456310676,7.7,89.7,9.4,True,
2026-07,CR00419,tiktok,,,,,,,,,False,
2026-08,CR00419,tiktok,122223.0,mid,9.533197516015807,0.1385468095016301,,92.9,79.6,,False,
2026-09,CR00419,tiktok,127760.0,mid,6.895280212899186,0.14490545747826866,,86.0,80.8,,False,
2026-07,CR00422,all,,,,,,41.2,86.4,37.7,False,The Lens
2026-08,CR00422,all,,,,,,39.3,62.9,19.8,False,The Lens
2026-09,CR00422,all,,,,,,25.4,55.9,20.0,True,The Lens
2026-07,CR00422,instagram,70030.0,micro,0.4350135656147365,0.2392496903202973,0.1376811594202898,30.4,97.1,47.8,True,
2026-08,CR00422,instagram,123600.0,mid,,0.1041629444345185,,,62.1,,False,
2026-09,CR00422,instagram,126740,mid,0.20313239703329652,0.15538538675418204,0.09325396825396826,8.3,81.2,32.0,True,
2026-07,CR00422,tiktok,2840.0,nano,3.057042253521127,,0.0860465116279069,50.5,,24.0,False,
2026-08,CR00422,tiktok,3010.0,nano,2.693687707641196,,0.0311418685121107,41.8,,7.1,False,
2026-09,CR00422,tiktok,3076,nano,2.2243172951885564,0.06583506583506583,0.027777777777777776,31.5,29.2,5.7,True,
2026-07,CR00422,youtube,3670.0,nano,1.0967302452316077,0.165079365079365,0.0758928571428571,42.7,75.6,41.3,True,
2026-08,CR00422,youtube,3841.0,nano,0.965894298359802,0.1407781407781407,0.0504587155963302,36.9,63.7,32.6,True,
2026-09,CR00422,youtube,4053,nano,0.9898840365161609,0.12364846132520099,0.03524229074889868,36.3,57.3,22.3,True,
2026-07,CR00423,all,,,,,,96.0,61.1,,False,The Pulse
2026-08,CR00423,all,,,,,,91.4,80.5,47.5,True,The Pulse
2026-07,CR00423,youtube,36207.0,micro,4.050956997265722,0.1159500693481276,,96.0,61.1,,False,
2026-08,CR00423,youtube,38310.0,micro,3.3379013312451056,0.1581015719467956,0.0767745050700144,91.4,80.5,47.5,True,
2026-07,CR00424,all,,,,,,46.4,69.7,53.0,True,The Lens
2026-08,CR00424,all,,,,,,71.4,72.3,69.2,False,The Lens
2026-09,CR00424,all,,,,,,38.2,59.4,59.3,True,The Lens
2026-07,CR00424,instagram,22270.0,micro,0.301347103726987,0.1408811475409836,0.2015209125475285,17.3,77.4,72.0,True,
2026-08,CR00424,instagram,,,,,,,,,False,
2026-09,CR00424,instagram,24466,micro,0.2124172320771683,0.12270558002936857,0.34196891191709844,9.4,62.7,94.8,True,
2026-07,CR00424,tiktok,59540.0,micro,2.530231776956668,0.1330161750713606,0.2078321678321678,39.5,74.2,72.6,True,
2026-08,CR00424,tiktok,61358.0,micro,3.327406369177613,0.1065863511758765,0.3979935016815824,52.8,61.8,96.9,True,
2026-09,CR00424,tiktok,63378,micro,1.975827574237117,0.1119727700189487,0.20523623232019259,26.0,61.0,73.1,True,
2026-07,CR00424,youtube,10914.0,micro,2.410573575224482,0.1099359300315264,0.0236966824644549,82.5,57.5,14.5,True,
2026-08,CR00424,youtube,11190.0,micro,3.1380697050938338,0.1619937694704049,0.0645661157024793,90.1,82.8,41.4,True,
2026-09,CR00424,youtube,11956,micro,2.2336901973904317,0.1024435223605348,0.015615615615615615,79.3,54.6,9.9,True,
2026-07,CR00425,all,,,,,,30.1,45.4,98.1,True,The Hub
2026-08,CR00425,all,,,,,,33.7,66.9,97.7,True,The Hub
2026-09,CR00425,all,,,,,,53.8,85.1,91.6,True,The Hub
2026-07,CR00425,youtube,14213.0,micro,0.8680785196650953,0.0882015159635556,0.3838664812239221,30.1,45.4,98.1,True,
2026-08,CR00425,youtube,15286.0,micro,0.8889179641502029,0.1272030086276823,0.3404067197170645,33.7,66.9,97.7,True,
2026-09,CR00425,youtube,16031,micro,1.339030628157944,0.1675892206846322,0.24617860016090104,53.8,85.1,91.6,True,
2026-07,CR00427,all,,,,,,38.0,48.5,41.2,True,The Lens
2026-08,CR00427,all,,,,,,54.6,11.3,60.1,True,The Hub
2026-09,CR00427,all,,,,,,20.3,15.1,63.5,True,The Hub
2026-07,CR00427,instagram,31675.0,micro,0.5043725335438043,0.0841291029195331,0.1137566137566137,38.0,48.5,41.2,True,
2026-08,CR00427,instagram,31570.0,micro,0.6089008552423186,0.0104953687604716,0.1551976573938506,54.6,11.3,60.1,True,
2026-09,CR00427,instagram,52320.0,micro,0.3174120795107034,0.02427564604541895,0.17829457364341086,20.3,15.1,63.5,True,
2026-08,CR00428,all,,,,,,26.6,47.2,2.7,False,The Lens
2026-08,CR00428,tiktok,7259.0,nano,2.397437663590026,0.0422110552763819,,35.2,7.5,,False,
2026-08,CR00428,youtube,180670.0,mid,0.5895610782088891,0.1659890287189415,0.0018076644974692,18.0,87.0,2.7,True,
2026-07,CR00430,all,,,,,,38.7,63.3,51.2,True,The Lens
2026-08,CR00430,all,,,,,,35.0,46.6,18.9,False,The Lens
2026-09,CR00430,all,,,,,,49.8,50.4,36.8,False,The Lens
2026-07,CR00430,instagram,68009.0,micro,0.2724345307238748,0.0958058746757327,0.1679764243614931,15.6,55.8,58.5,True,
2026-08,CR00430,instagram,68520.0,micro,0.25379451255108,-0.0083936324167872,0.0574121679520137,13.2,8.6,18.9,True,
2026-09,CR00430,instagram,67660.0,micro,0.4213420041383388,0.056857232114964074,0.09096651926721415,33.3,31.0,31.5,True,
2026-07,CR00430,tiktok,68159.0,micro,4.9686174973224375,0.0668513648885549,0.0619051701963474,74.4,37.1,13.9,True,
2026-08,CR00430,tiktok,,,,,,,,,False,
2026-09,CR00430,tiktok,69910.0,micro,8.984494349878416,0.05636143850105772,0.11674648661380231,93.7,32.8,39.9,False,
2026-07,CR00430,youtube,154851.0,mid,0.7965721887491847,0.2215499424135809,0.1731505744809514,26.0,96.9,81.3,True,
2026-08,CR00430,youtube,163313.0,mid,1.412575851279445,0.1556909533514492,,56.8,84.5,,False,
2026-09,CR00430,youtube,174880,mid,0.7279849039341263,0.18017033107934838,0.06788936547847951,22.4,87.3,38.9,True,
2026-07,CR00431,all,,,,,,75.0,75.6,40.5,False,The Lens
2026-08,CR00431,all,,,,,,69.4,65.0,39.2,True,The Pulse
2026-09,CR00431,all,,,,,,72.3,51.2,47.9,False,The Pulse
2026-07,CR00431,instagram,14418.0,micro,2.666111804688584,0.1515974440894568,0.1113423517169615,98.7,79.9,40.5,True,
2026-08,CR00431,instagram,15310.0,micro,2.416394513389941,0.1070137382501807,0.0971370143149284,97.5,55.7,35.4,True,
2026-09,CR00431,instagram,15831,micro,2.6991977765144335,0.09119106699751861,0.22916666666666666,97.2,51.2,77.9,True,
2026-07,CR00431,tiktok,34640.0,micro,3.102338337182448,0.1246753246753246,,51.3,71.2,,False,
2026-08,CR00431,tiktok,36080.0,micro,2.676496674057649,0.1335218347470939,0.115473441108545,41.3,74.2,43.0,True,
2026-09,CR00431,tiktok,37270.0,micro,2.9995707002951435,,0.0603448275862069,47.4,,17.9,False,
2026-07,CR00432,all,,,,,,27.4,27.0,44.4,True,The Hub
2026-08,CR00432,all,,,,,,24.8,22.2,40.1,False,The Hub
2026-09,CR00432,all,,,,,,24.0,30.2,64.2,False,The Hub
2026-07,CR00432,instagram,9960.0,nano,0.5910642570281125,0.0641025641025641,0.0656108597285067,46.7,29.0,21.0,True,
2026-08,CR00432,instagram,10020.0,micro,0.450499001996008,0.0728051391862955,0.0360110803324099,35.2,39.5,11.4,True,
2026-09,CR00432,instagram,10396,micro,,0.06866776315789473,,,36.5,,False,
2026-07,CR00432,tiktok,175658.0,mid,1.2362773115941204,0.0632342882737832,0.114617823177175,9.2,41.0,37.4,True,
2026-08,CR00432,tiktok,,,,,,,,,False,
2026-09,CR00432,tiktok,,,,,0.17145877378435517,,,64.2,False,
2026-07,CR00432,youtube,3846.0,nano,0.8000520020800832,0.0044398015147558,0.1475409836065573,26.3,11.1,74.8,True,
2026-08,CR00432,youtube,3831.0,nano,0.5220569042025581,-0.0232024477307496,0.131578947368421,14.5,5.0,68.8,True,
2026-09,CR00432,youtube,3733,nano,0.7500669702652023,0.041864359475300025,,24.0,24.0,,False,
2026-07,CR00433,all,,,,,,34.2,38.2,5.8,True,The Lens
2026-09,CR00433,all,,,,,,43.6,51.8,18.8,True,The Lens
2026-07,CR00433,tiktok,206440.0,mid,2.838287153652393,0.1032492518170158,0.0554702977203605,46.2,65.4,10.7,True,
2026-09,CR00433,tiktok,222690.0,mid,4.587215411558669,0.1338017412555369,0.11202573564197181,69.8,77.5,37.0,True,
2026-07,CR00433,youtube,26545.0,micro,0.7288001506875118,-0.0010161071804907,0.0,22.3,11.1,0.8,True,
2026-09,CR00433,youtube,27687,micro,0.6250948098385524,0.03852213053263316,0.0,17.3,26.2,0.7,True,
2026-07,CR00435,all,,,,,,84.0,51.1,88.5,True,The Hub
2026-08,CR00435,all,,,,,,65.6,36.1,44.5,True,The Pulse
2026-09,CR00435,all,,,,,,81.6,39.3,85.4,True,The Hub
2026-07,CR00435,instagram,12416.0,micro,1.217380798969072,0.0861691890473274,0.2857142857142857,84.0,51.1,88.5,True,
2026-08,CR00435,instagram,12828.0,micro,0.7516370439663237,0.0647410358565737,0.1194029850746268,65.6,36.1,44.5,True,
2026-09,CR00435,instagram,12770.0,micro,1.1870790916209868,0.07041072925398156,0.27086614173228346,81.6,39.3,85.4,True,
2026-07,CR00437,all,,,,,,65.2,61.4,57.3,False,The Pulse
2026-08,CR00437,all,,,,,,76.2,75.8,66.0,True,The Pulse
2026-09,CR00437,all,,,,,,61.2,66.0,79.4,False,The Hub
2026-07,CR00437,instagram,16620.0,micro,0.8144404332129964,0.1252538930264048,0.1299435028248587,65.7,69.3,45.9,True,
2026-08,CR00437,instagram,17470.0,micro,1.3123068116771608,0.1756393001345895,0.1290909090909091,86.0,85.9,47.1,True,
2026-09,CR00437,instagram,,,,,,,,,False,
2026-07,CR00437,tiktok,41970.0,micro,3.174362639980939,0.1162234042553191,0.1970452118191527,53.0,66.3,68.7,True,
2026-08,CR00437,tiktok,42960.0,micro,4.014548417132216,0.1210855949895615,0.1970342093672001,64.4,68.7,68.7,True,
2026-09,CR00437,tiktok,46080.0,micro,3.9982421875,0.11143270622286541,,62.8,60.6,,False,
2026-07,CR00437,youtube,31890.0,micro,2.099090624020069,0.092871830020562,,77.0,48.7,,False,
2026-08,CR00437,youtube,53290.0,micro,2.1176768624507414,0.1422386076220688,0.1895688680768609,78.3,72.7,82.3,True,
2026-09,CR00437,youtube,57500,micro,1.523391304347826,0.13688040018190087,0.18561484918793503,59.7,71.3,79.4,True,
2026-07,CR00438,all,,,,,,71.8,54.4,59.2,True,The Pulse
2026-08,CR00438,all,,,,,,54.6,48.3,55.5,False,The Hub
2026-09,CR00438,all,,,,,,59.2,56.6,64.4,False,The Hub
2026-07,CR00438,instagram,9787.0,nano,0.713190967610095,0.1270152003684937,0.2588996763754045,57.5,64.5,83.2,True,
2026-08,CR00438,instagram,10520.0,micro,0.3640684410646387,0.1085353003161222,,25.5,57.0,,False,
2026-09,CR00438,instagram,10750.0,micro,0.5190697674418605,0.16974972796517954,,43.6,84.9,,False,
2026-07,CR00438,tiktok,8153.0,nano,4.034588495032503,0.1014590651175358,0.1438771867190289,64.0,36.8,50.7,True,
2026-08,CR00438,tiktok,8630.0,nano,3.443568945538818,0.0951776649746192,0.0875,54.6,32.1,30.9,True,
2026-09,CR00438,tiktok,8916,nano,4.064602960969045,0.060418648905804,0.1177414180301572,63.2,25.0,40.7,True,
2026-07,CR00438,youtube,83045.0,micro,3.6977903546270094,0.1162712547886282,0.0788808775497627,93.9,61.8,43.6,True,
2026-08,CR00438,youtube,89382.0,micro,2.44731601441006,0.1069389574844885,0.1775605782936265,83.8,55.8,80.1,True,
2026-09,CR00438,youtube,92577,micro,1.9062294090324812,0.11062191084025146,0.22311121271002402,70.7,59.9,88.0,True,
2026-07,CR00439,all,,,,,,87.8,87.6,56.6,True,The Pulse
2026-08,CR00439,all,,,,,,72.9,67.8,48.8,True,The Pulse
2026-09,CR00439,all,,,,,,26.4,69.3,40.2,False,The Lens
2026-07,CR00439,tiktok,965879.0,mid,12.44168265383138,0.1924976819928811,0.1654588884003374,97.1,96.2,58.2,True,
2026-08,CR00439,tiktok,1016260.0,macro,9.13635486981678,0.1197100076023842,0.174733761403234,91.7,66.7,62.7,True,
2026-09,CR00439,tiktok,,,,,,,,,False,
2026-07,CR00439,youtube,3060.0,nano,2.205228758169935,0.1737629459148446,0.1,78.5,78.9,54.9,True,
2026-08,CR00439,youtube,3267.0,nano,1.349862258953168,0.1482284887924801,0.0549450549450549,54.1,68.8,34.8,True,
2026-09,CR00439,youtube,3442,nano,0.7966298663567694,0.1386040357260999,0.07042253521126761,26.4,69.3,40.2,True,
2026-07,CR00441,all,,,,,,81.7,3.3,14.6,True,The Pulse
2026-08,CR00441,all,,,,,,72.8,,8.8,False,The Pulse
2026-09,CR00441,all,,,,,,77.0,33.3,,False,The Pulse
2026-07,CR00441,youtube,3218.0,nano,2.3856432566811683,-0.0563049853372434,0.0238095238095238,81.7,3.3,14.6,True,
2026-08,CR00441,youtube,3300.0,nano,1.8706060606060608,,0.0129032258064516,72.8,,8.8,False,
2026-09,CR00441,youtube,3323,nano,2.1387300631959074,0.058954748247291265,,77.0,33.3,,False,
2026-07,CR00442,all,,,,,,53.7,47.6,60.1,True,The Hub
2026-08,CR00442,all,,,,,,49.1,46.2,35.7,False,The Pulse
2026-07,CR00442,instagram,211440.0,mid,0.5473656829360575,0.0650816038686278,0.1083271923360353,42.8,35.6,39.3,True,
2026-08,CR00442,instagram,215630.0,mid,0.616180494365348,0.0949575991469049,,56.1,56.4,,False,
2026-07,CR00442,tiktok,7820.0,nano,9.099360613810742,0.1830559757942511,0.2484449973342811,92.4,75.4,82.0,True,
2026-08,CR00442,tiktok,8460.0,nano,4.125295508274232,0.1340482573726541,0.1318163985876814,65.4,62.3,49.9,True,
2026-07,CR00442,youtube,98181.0,micro,0.7945325470304845,0.0598693798240405,0.1093311506080449,25.8,31.7,59.1,True,
2026-08,CR00442,youtube,97370.0,micro,0.7643935503748588,0.0252453676283949,0.032055412371134,25.9,19.8,21.5,True,
2026-07,CR00443,all,,,,,,62.0,41.8,49.6,True,The Pulse
2026-08,CR00443,all,,,,,,74.7,59.8,2.5,False,The Pulse
2026-09,CR00443,all,,,,,,56.7,50.8,53.1,False,The Pulse
2026-07,CR00443,instagram,13846.0,micro,0.654485049833887,0.0400360549838503,,53.6,24.5,,True,
2026-08,CR00443,instagram,14100.0,micro,0.8943262411347518,0.1104985429629046,,74.7,59.8,,True,
2026-09,CR00443,instagram,14610.0,micro,0.8530458590006844,0.08867362146050671,,67.5,50.8,,True,
2026-07,CR00443,tiktok,84047.0,micro,3.3336823444025367,-0.021913185150704,0.371670243656104,56.4,7.1,96.6,True,
2026-08,CR00443,tiktok,,,,,,,,,False,
2026-09,CR00443,tiktok,83048,micro,2.9142544070898757,-0.01218003615948235,0.2558963009800822,45.9,10.0,84.7,True,
2026-07,CR00443,youtube,696683.0,mid,1.9798861175025084,0.2004056012254188,0.0018758315222331,76.0,93.8,2.6,True,
2026-08,CR00443,youtube,,,,,0.0014986032040788,,,2.5,False,
2026-09,CR00443,youtube,754974,mid,,0.20433575803981624,0.03377959927140255,,91.6,21.5,False,
2026-07,CR00444,all,,,,,,50.7,30.8,9.6,True,The Pulse
2026-08,CR00444,all,,,,,,93.8,10.4,1.1,False,The Pulse
2026-09,CR00444,all,,,,,,50.0,18.7,32.1,False,The Pulse
2026-07,CR00444,instagram,4180.0,nano,0.2454545454545454,0.112396694214876,0.0517241379310344,11.9,51.6,13.7,True,
2026-08,CR00444,instagram,4270.0,nano,,,0.0,,,1.3,False,
2026-09,CR00444,instagram,4302,nano,0.22942817294281728,0.04926829268292683,0.1744186046511628,11.5,29.6,62.7,False,
2026-07,CR00444,youtube,45160.0,micro,3.092227635075288,-0.005242521696991,0.0054806778144399,89.4,10.1,5.5,True,
2026-08,CR00444,youtube,44382.0,micro,3.855662205398585,0.0022808879654931,0.0,93.8,10.4,0.9,True,
2026-09,CR00444,youtube,46234,micro,2.9217242721806462,-0.014494607153514942,0.0004063388866314506,88.4,7.8,1.5,True,
2026-07,CR00445,all,,,,,,58.7,82.9,2.9,True,The Lens
2026-08,CR00445,all,,,,,,,,,False,
2026-09,CR00445,all,,,,,,16.5,92.0,29.6,True,The Lens
2026-07,CR00445,instagram,192340.0,mid,0.7316990745554747,0.1554727862549561,0.0117817279867713,58.7,82.9,2.9,True,
2026-08,CR00445,instagram,,,,,,,,,False,
2026-09,CR00445,instagram,216160.0,mid,0.27543948926720946,0.19776140078683438,0.08687837028160575,16.5,92.0,29.6,True,
2026-07,CR00446,all,,,,,,59.5,49.1,73.2,False,The Hub
2026-08,CR00446,all,,,,,,42.2,54.6,61.8,False,The Hub
2026-09,CR00446,all,,,,,,38.2,60.7,58.9,True,The Lens
2026-07,CR00446,instagram,1640.0,nano,0.6378048780487805,0.0175879396984924,0.1896551724137931,52.0,11.3,67.3,True,
2026-08,CR00446,instagram,1670.0,nano,0.4960725075528701,0.0548119821542383,0.037037037037037,41.6,23.9,11.9,True,
2026-09,CR00446,instagram,1612,nano,0.4205955334987593,0.02871729419272495,0.12121212121212122,33.1,18.5,43.5,True,
2026-07,CR00446,tiktok,52680.0,micro,4.589920273348519,0.1144489105140681,,72.0,65.5,,False,
2026-08,CR00446,tiktok,,,,,0.2421933363215299,,,80.1,False,
2026-09,CR00446,tiktok,58510.0,micro,3.8317381644163393,0.18297614233724221,0.16319639842431063,60.9,90.5,61.9,True,
2026-07,CR00446,youtube,28511.0,micro,1.325628704710463,0.1296406355243868,0.1652470187393526,54.5,70.6,79.2,True,
2026-08,CR00446,youtube,28950.0,micro,1.1050431778929188,0.170642943792964,0.2586943258084198,42.9,85.4,93.4,True,
2026-09,CR00446,youtube,30433,micro,0.6974337068314002,0.14036796942331473,0.1516626115166261,20.5,73.0,71.2,True,
2026-07,CR00448,all,,,,,,75.9,2.9,76.5,False,The Hub
2026-08,CR00448,all,,,,,,83.7,60.6,91.0,False,The Hub
2026-09,CR00448,all,,,,,,77.2,12.8,98.8,True,The Hub
2026-07,CR00448,instagram,8420.0,nano,1.1808788598574822,,0.1534090909090909,82.9,,53.7,False,
2026-08,CR00448,instagram,8390.0,nano,1.200715137067938,0.1068601583113456,0.2547892720306513,83.7,60.6,82.8,True,
2026-09,CR00448,instagram,8804,nano,1.194457064970468,-0.02286348501664817,0.36403508771929827,82.5,7.4,98.1,True,
2026-07,CR00448,youtube,64255.0,micro,1.7087074935802662,-0.0470576021830693,0.4234955185659411,68.9,2.9,99.3,True,
2026-08,CR00448,youtube,,,,,0.4207753613399973,,,99.3,False,
2026-09,CR00448,youtube,64023,micro,1.9490807990878278,0.024843527396712074,0.4354253460556377,71.9,18.1,99.6,True,
2026-07,CR00449,all,,,,,,44.8,56.9,51.3,True,The Lens
2026-08,CR00449,all,,,,,,82.7,24.8,76.5,False,The Pulse
2026-09,CR00449,all,,,,,,44.1,59.7,49.8,True,The Lens
2026-07,CR00449,instagram,385500.0,mid,0.438609597924773,0.0690515806988352,0.0929759077027485,30.7,37.7,31.7,True,
2026-08,CR00449,instagram,,,,,,,,,False,
2026-09,CR00449,instagram,405048,mid,0.410608125456736,0.05973585616510036,0.0805091016723398,30.6,39.9,26.2,True,
2026-07,CR00449,tiktok,166880.0,mid,1.7431447746883988,0.1841339672177676,0.2447646171888088,21.3,93.6,79.9,True,
2026-08,CR00449,tiktok,,,,,,,,,False,
2026-09,CR00449,tiktok,181930.0,mid,1.5994723245204199,0.1656948805023387,0.3547283198397463,17.3,88.1,96.1,True,
2026-07,CR00449,youtube,115374.0,mid,2.398677344982405,0.0656727998226557,0.0779869381482904,82.4,39.5,42.3,True,
2026-08,CR00449,youtube,121580.0,mid,2.384849481822668,0.0379919747289336,0.1614041969013532,82.7,24.8,76.5,True,
2026-09,CR00449,youtube,125482,mid,2.619985336542293,0.08479001331327697,0.04282156998816181,84.4,51.2,27.2,True,
2026-08,CR00451,all,,,,,,14.7,,93.8,False,The Hub
2026-08,CR00451,tiktok,14060.0,micro,1.4465149359886202,,0.3395585738539898,14.7,,93.8,False,
2026-07,CR00452,all,,,,,,10.8,24.7,,False,The Lens
2026-08,CR00452,all,,,,,,11.5,43.3,47.7,True,The Hub
2026-09,CR00452,all,,,,,,,,,False,
2026-07,CR00452,instagram,294634.0,mid,0.2288839712999857,0.0400621282454065,,10.8,24.7,,True,
2026-08,CR00452,instagram,290640.0,mid,0.1444501789154968,0.0285956964892412,,4.7,20.7,,True,
2026-09,CR00452,instagram,,,,,,,,,False,
2026-07,CR00452,youtube,,,,,,,,,False,
2026-08,CR00452,youtube,56810.0,micro,0.5928181658158775,0.1265119968272853,0.0767951205988356,18.3,65.9,47.7,True,
2026-09,CR00452,youtube,,,,,,,,,False,
2026-07,CR00457,all,,,,,,49.3,54.0,,False,The Lens
2026-08,CR00457,all,,,,,,64.0,50.6,21.4,True,The Pulse
2026-09,CR00457,all,,,,,,46.7,51.4,88.9,True,The Hub
2026-07,CR00457,instagram,19600.0,micro,0.6160204081632653,0.3119143239625167,,49.3,100.0,,True,
2026-08,CR00457,instagram,21740.0,micro,0.5641214351425943,0.3223844282238443,,50.1,100.0,,True,
2026-09,CR00457,instagram,23080.0,micro,0.5967071057192375,0.2915500839395635,,49.1,99.6,,True,
2026-07,CR00457,tiktok,17897.0,micro,,-0.0123613487114397,,,7.9,,False,
2026-08,CR00457,tiktok,17505.0,micro,5.681233933161954,-0.1174691202419964,0.0729108244531688,77.8,1.1,21.4,True,
2026-09,CR00457,tiktok,16960,micro,2.8070754716981132,-0.06961435075977837,0.28698553948832034,44.2,3.3,88.9,True,
2026-07,CR00458,all,,,,,,69.6,26.6,75.3,False,The Hub
2026-08,CR00458,all,,,,,,67.3,52.7,59.2,False,The Pulse
2026-09,CR00458,all,,,,,,56.8,48.7,82.9,True,The Hub
2026-07,CR00458,instagram,49363.0,micro,0.817697465713186,0.0813836312653347,,65.9,46.0,,False,
2026-08,CR00458,instagram,50960.0,micro,0.9638540031397176,0.0794323236602414,0.0889712696941612,77.9,42.3,31.5,True,
2026-09,CR00458,instagram,53573,micro,0.9284900976238031,0.14864922813036022,0.20423497267759563,72.4,76.6,72.4,True,
2026-07,CR00458,tiktok,,,,,,,,,False,
2026-08,CR00458,tiktok,200420.0,mid,2.382985729967069,0.1027235213204951,0.1985821940249605,34.6,63.1,69.1,True,
2026-09,CR00458,tiktok,195969,mid,1.638192775387944,0.06174250838421654,0.3302466606572154,18.6,36.4,94.8,True,
2026-07,CR00458,youtube,58233.0,micro,1.8952655710679511,-0.0183077934557224,0.1483994689482224,73.4,7.2,75.3,True,
2026-08,CR00458,youtube,56540.0,micro,3.0027237354085603,,0.1619507706464228,89.4,,76.9,False,
2026-09,CR00458,youtube,60851,micro,2.2568404792032997,0.05514036517487125,0.19448777951118046,79.5,33.0,81.5,True,
2026-07,CR00460,all,,,,,,30.7,87.6,58.8,False,The Lens
2026-08,CR00460,all,,,,,,37.4,79.3,46.8,True,The Lens
2026-09,CR00460,all,,,,,,35.6,56.4,55.2,False,The Lens
2026-07,CR00460,instagram,,,,,0.1351503759398496,,,47.3,False,
2026-08,CR00460,instagram,112480.0,mid,0.4805565433854907,0.0846673095467695,0.1388030345602697,39.7,49.3,52.7,True,
2026-09,CR00460,instagram,115330.0,mid,0.6247810630365039,0.04163656069364162,0.20848457350272231,51.5,26.8,73.8,True,
2026-07,CR00460,tiktok,197430.0,mid,0.7055969204274933,0.1511282140983033,0.2957702267911795,2.2,85.3,89.0,True,
2026-08,CR00460,tiktok,205320.0,mid,1.218648938242743,0.185929648241206,0.1841016695738848,10.2,95.5,65.6,True,
2026-09,CR00460,tiktok,,,,,,,,,False,
2026-07,CR00460,youtube,92034.0,micro,1.4459004281026575,0.1895769514133933,0.074552392133842,59.2,89.9,40.0,True,
2026-08,CR00460,youtube,98372.0,micro,1.5723783190338714,0.2139595725251129,0.0331325301204819,62.4,93.2,22.0,True,
2026-09,CR00460,youtube,105590,mid,0.6718060422388483,0.1765426871392597,0.061955469506292354,19.8,86.1,36.6,True,
2026-07,CR00461,all,,,,,,60.4,34.2,36.3,True,The Pulse
2026-08,CR00461,all,,,,,,68.4,34.0,43.4,False,The Pulse
2026-09,CR00461,all,,,,,,42.2,50.9,41.0,False,The Lens
2026-07,CR00461,instagram,48775.0,micro,1.2770271655561252,0.0876109352004638,0.2639786991251426,86.2,52.2,84.6,True,
2026-08,CR00461,instagram,,,,,0.1929824561403508,,,71.1,False,
2026-09,CR00461,instagram,53350.0,micro,,0.11938732689886697,0.23330365093499555,,61.1,78.7,False,
2026-07,CR00461,tiktok,22730.0,micro,3.2840739111306645,0.0577012563983248,0.0317381601785271,54.8,33.0,5.9,True,
2026-08,CR00461,tiktok,24880.0,micro,4.145337620578778,0.1018600531443755,0.0389570076051528,65.8,58.9,7.9,True,
2026-09,CR00461,tiktok,25060.0,micro,2.815003990422985,0.1463860933211345,0.043634907926341074,44.6,78.4,10.9,True,
2026-07,CR00461,youtube,17096.0,micro,1.053287318671034,0.0221823617339312,0.0316205533596837,40.1,17.3,18.3,True,
2026-08,CR00461,youtube,17630.0,micro,1.775496313102666,-0.0036923076923076,0.0833902939166097,70.9,9.1,51.1,True,
2026-09,CR00461,youtube,18118,micro,1.0434374655039187,0.00789942145082332,0.05268817204301075,39.9,13.1,33.5,True,
2026-07,CR00463,all,,,,,,29.3,37.5,59.8,True,The Hub
2026-08,CR00463,all,,,,,,26.6,56.6,57.0,True,The Hub
2026-09,CR00463,all,,,,,,18.4,32.0,53.7,False,The Hub
2026-07,CR00463,instagram,23620.0,micro,0.6011007620660457,0.1157298063297118,0.197838736492103,48.2,63.5,70.2,True,
2026-08,CR00463,instagram,24850.0,micro,0.5349698189134808,0.109375,0.1903019213174748,46.3,58.4,69.9,True,
2026-09,CR00463,instagram,,,,,,,,,False,
2026-07,CR00463,tiktok,14236.0,micro,2.3901376791233493,0.0023234527916637,0.1227611940298507,36.4,10.5,43.2,True,
2026-08,CR00463,tiktok,14812.0,micro,2.037334593572779,0.0444961568295606,0.1435406698564593,28.7,28.4,53.9,True,
2026-09,CR00463,tiktok,14860.0,micro,2.1911170928667563,0.04427266338721012,0.14484536082474228,30.9,25.3,54.1,True,
2026-07,CR00463,youtube,92437.0,micro,0.3094107337970726,0.0751613841232916,0.1235911387485425,3.3,38.6,66.1,True,
2026-08,CR00463,youtube,94798.0,micro,0.3346378615582607,0.1631799163179916,0.0760279286268425,4.8,83.1,47.1,True,
2026-09,CR00463,youtube,98144,micro,0.33785050537985,0.06996925626321872,0.09724950884086445,5.9,38.7,53.3,True,
2026-07,CR00465,all,,,,,,84.2,34.1,62.3,False,The Pulse
2026-08,CR00465,all,,,,,,53.9,43.7,61.8,True,The Hub
2026-09,CR00465,all,,,,,,48.9,41.4,65.2,False,The Hub
2026-07,CR00465,instagram,168180.0,mid,1.1250802711380663,0.0403315600643325,0.0992282852607958,82.1,26.0,34.9,True,
2026-08,CR00465,instagram,166920.0,mid,0.7553738317757009,0.0301160207356208,0.0200018693335825,65.8,21.4,5.6,True,
2026-09,CR00465,instagram,169730.0,mid,0.9133800742355506,0.05717844908128309,0.09796976241900648,72.0,37.0,34.0,True,
2026-07,CR00465,tiktok,,,,,0.187038789025544,,,65.1,False,
2026-08,CR00465,tiktok,61860.0,micro,3.215906886517944,0.1243184296619411,0.3096180717279925,50.9,70.9,90.7,True,
2026-09,CR00465,tiktok,62810.0,micro,1.9734277981213182,0.08950563746747615,0.1758369240967849,25.8,49.8,65.5,True,
2026-07,CR00465,youtube,9045.0,nano,2.8621337755666114,0.0905473836508319,0.2054794520547945,86.3,42.2,86.9,True,
2026-08,CR00465,youtube,9502.0,nano,1.1454430646179752,0.0763479836882646,0.2223701731025299,45.1,38.8,89.1,True,
2026-09,CR00465,youtube,9706,nano,,0.06262316619224874,0.30138339920948615,,37.3,96.0,False,
2026-09,CR00469,all,,,,,,19.2,,32.9,False,The Hub
2026-09,CR00469,tiktok,161800.0,mid,1.6794313967861558,,0.10082320066460237,19.2,,32.9,False,
2026-07,CR00471,all,,,,,,66.3,55.5,67.1,True,The Hub
2026-08,CR00471,all,,,,,,63.5,80.7,65.0,True,The Lens
2026-09,CR00471,all,,,,,,,,,False,
2026-07,CR00471,instagram,453754.0,mid,0.82438061152078,0.1016307633293112,0.1896427282569469,66.3,55.5,67.1,True,
2026-08,CR00471,instagram,487480.0,mid,0.7245733158283417,0.1456485948911,0.1673712095592379,63.5,80.7,65.0,True,
2026-09,CR00471,instagram,,,,,,,,,False,
2026-07,CR00473,all,,,,,,52.0,78.6,38.6,False,The Lens
2026-08,CR00473,all,,,,,,64.7,60.2,75.8,False,The Hub
2026-09,CR00473,all,,,,,,54.7,71.4,54.5,False,The Lens
2026-07,CR00473,instagram,32196.0,micro,1.2375139768915393,0.1780892092648834,0.0465674507921267,84.5,88.3,11.5,True,
2026-08,CR00473,instagram,34310.0,micro,1.74887787816963,0.1334654773703336,,92.8,70.8,,False,
2026-09,CR00473,instagram,36300.0,micro,,0.15421303656597773,0.06325088339222615,,79.4,18.8,False,
2026-07,CR00473,tiktok,,,,,,,,,False,
2026-08,CR00473,tiktok,135100.0,mid,4.3651665433012585,0.1459835439816778,0.1906385716583561,68.8,85.4,66.7,True,
2026-09,CR00473,tiktok,140300.0,mid,7.459016393442623,0.1530243261012492,0.3073517342663384,89.2,84.8,92.5,True,
2026-07,CR00473,youtube,44466.0,micro,0.6849278100121441,0.1264629882960936,0.123352165725047,19.6,69.0,65.8,True,
2026-08,CR00473,youtube,43590.0,micro,0.8692590043587979,0.0407722264437689,0.1993180409175449,32.5,24.4,84.9,True,
2026-09,CR00473,youtube,45808,micro,0.6906872162067761,0.08911079410366143,0.09555261999119331,20.2,50.0,52.2,True,
2026-07,CR00475,all,,,,,,18.6,40.1,,True,The Lens
2026-08,CR00475,all,,,,,,17.6,60.1,,True,The Lens
2026-09,CR00475,all,,,,,,,,,False,
2026-07,CR00475,instagram,34380.0,micro,0.3123618382780686,0.0706944876985362,,18.6,40.1,,True,
2026-08,CR00475,instagram,34920.0,micro,0.2979667812142039,0.1131654446923812,,17.6,60.1,,True,
2026-09,CR00475,instagram,,,,,,,,,False,
2026-07,CR00476,all,,,,,,22.2,80.7,44.7,False,The Lens
2026-08,CR00476,all,,,,,,44.0,81.1,66.0,False,The Lens
2026-09,CR00476,all,,,,,,24.7,93.8,22.1,False,The Lens
2026-07,CR00476,instagram,1620.0,nano,0.3493827160493827,,0.0,21.2,,0.9,False,
2026-08,CR00476,instagram,1690.0,nano,0.5159763313609468,,0.1428571428571428,43.1,,54.9,False,
2026-09,CR00476,instagram,1660.0,nano,0.43734939759036146,,0.07142857142857142,34.6,,22.1,False,
2026-07,CR00476,tiktok,7352.0,nano,1.835826985854189,0.1906072874493927,0.2931258106355383,23.3,80.7,88.4,True,
2026-08,CR00476,tiktok,7690.0,nano,2.908582574772432,0.168693009118541,0.2324255858138062,44.8,81.1,77.0,True,
2026-09,CR00476,tiktok,8410.0,nano,1.5306777645659928,0.22238372093023256,,14.8,93.8,,False,
2026-07,CR00477,all,,,,,,45.8,55.8,53.6,True,The Lens
2026-08,CR00477,all,,,,,,54.1,54.1,52.3,False,The Pulse
2026-09,CR00477,all,,,,,,64.6,60.4,54.0,False,The Pulse
2026-07,CR00477,instagram,126310.0,mid,0.4666138864697965,0.308234075608493,0.1791094189703691,32.8,100.0,63.2,True,
2026-08,CR00477,instagram,139044.0,mid,0.4519648456603665,0.279283092125238,,35.7,99.3,,False,
2026-09,CR00477,instagram,154683,mid,0.5881512512687238,0.21199276015263227,0.2861758204387009,48.1,94.9,88.1,True,
2026-07,CR00477,tiktok,130259.0,mid,3.917817578823728,0.0115868196044017,0.1419920944184351,63.0,17.3,50.0,True,
2026-08,CR00477,tiktok,133940.0,mid,5.004180976556667,0.026281510995326,,72.5,22.9,,False,
2026-09,CR00477,tiktok,130702,mid,6.036594696332115,0.03775397587874264,0.06457737565046177,81.0,25.8,19.9,True,
2026-07,CR00477,youtube,3812.0,nano,1.078436516264428,0.1042873696407879,0.0871212121212121,41.5,50.0,47.6,True,
2026-08,CR00477,youtube,3911.0,nano,,0.0765207817230938,0.0862068965517241,,40.0,52.3,False,
2026-09,CR00477,youtube,,,,,,,,,False,
2026-07,CR00480,all,,,,,,96.4,59.3,36.7,True,The Pulse
2026-08,CR00480,all,,,,,,84.1,78.3,30.1,True,The Pulse
2026-09,CR00480,all,,,,,,92.0,73.5,64.4,True,The Pulse
2026-07,CR00480,youtube,649708.0,mid,4.084922765303798,0.1022667700435506,0.0661600845060823,96.4,59.3,36.7,True,
2026-08,CR00480,youtube,695720.0,mid,2.4568303340424307,0.1423504782233898,0.0465149009535202,84.1,78.3,30.1,True,
2026-09,CR00480,youtube,722384,mid,3.469301645662141,0.1346500004712106,0.1261891497359012,92.0,73.5,64.4,True,
2026-07,CR00481,all,,,,,,70.2,57.1,6.1,True,The Pulse
2026-08,CR00481,all,,,,,,86.8,5.9,6.5,True,The Pulse
2026-09,CR00481,all,,,,,,52.8,31.2,13.8,True,The Pulse
2026-07,CR00481,instagram,1177410.0,macro,0.8949312473989519,0.0860713956277096,0.0297700241701964,70.2,57.1,6.1,True,
2026-08,CR00481,instagram,1207050.0,macro,1.3618922165610372,0.0374925865759005,0.0221872492748256,86.8,5.9,6.5,True,
2026-09,CR00481,instagram,1246830.0,macro,0.6390229622322209,0.08875383124197732,0.05169359410430839,52.8,31.2,13.8,True,
2026-07,CR00483,all,,,,,,75.2,51.0,44.9,True,The Pulse
2026-08,CR00483,all,,,,,,74.9,45.9,67.7,False,The Pulse
2026-09,CR00483,all,,,,,,,,,False,
2026-07,CR00483,tiktok,259778.0,mid,3.138957109531985,0.1302312427940568,0.0609781756278571,52.1,78.8,12.6,True,
2026-08,CR00483,tiktok,273950.0,mid,3.475269209709801,0.1486373165618448,,55.8,87.9,,False,
2026-09,CR00483,tiktok,,,,,,,,,False,
2026-07,CR00483,youtube,70500.0,micro,5.449120567375887,0.0392099056603773,0.1539920348947468,98.3,23.2,77.2,True,
2026-08,CR00483,youtube,72746.0,micro,3.905300635086465,-0.0380821410625975,0.1280238183848157,94.0,3.9,67.7,True,
2026-09,CR00483,youtube,,,,,,,,,False,
2026-07,CR00485,all,,,,,,39.6,55.4,64.0,True,The Hub
2026-08,CR00485,all,,,,,,58.4,42.3,49.5,False,The Pulse
2026-09,CR00485,all,,,,,,25.8,87.2,39.2,False,The Lens
2026-07,CR00485,instagram,195912.0,mid,0.3631885744620033,0.154780640483811,0.3208773354995938,23.3,81.5,92.4,True,
2026-08,CR00485,instagram,,,,,0.2144663631765301,,,75.5,False,
2026-09,CR00485,instagram,219290.0,mid,0.20326052259564958,0.2009967687167972,0.19783573806881244,8.5,94.2,70.2,True,
2026-07,CR00485,tiktok,243891.0,mid,1.9777974587008127,0.1460181565295842,0.1164387480688905,26.6,84.0,38.4,True,
2026-08,CR00485,tiktok,253760.0,mid,2.240526481715006,0.1447647403798439,0.0409085205170033,31.6,84.1,8.6,True,
2026-09,CR00485,tiktok,271220.0,mid,2.7381240321510214,0.14472629046553834,0.03487725950380806,43.1,80.1,8.3,True,
2026-07,CR00485,youtube,874106.0,mid,1.7236056038970102,-0.1421805598899297,0.1146285989016069,69.0,0.6,61.2,True,
2026-08,CR00485,youtube,812604.0,mid,2.576270852715468,-0.1514886987538661,0.1152042488276173,85.2,0.6,64.3,True,
2026-09,CR00485,youtube,,,,,,,,,False,
2026-08,CR00487,all,,,,,,,,,False,
2026-08,CR00487,instagram,,,,,,,,,False,
2026-07,CR00488,all,,,,,,68.7,42.5,30.1,True,The Pulse
2026-08,CR00488,all,,,,,,73.9,71.4,12.0,False,The Pulse
2026-09,CR00488,all,,,,,,66.8,54.6,30.2,True,The Pulse
2026-07,CR00488,instagram,69280.0,micro,0.8568995381062355,0.225977703061405,0.0271441605839416,68.2,96.4,5.6,True,
2026-08,CR00488,instagram,72280.0,micro,0.8548284449363586,0.2088978089981602,0.0369080779944289,71.8,92.4,11.7,True,
2026-09,CR00488,instagram,79720.0,micro,0.811703462117411,0.23885003885003886,0.07432641684732115,65.2,96.8,23.2,True,
2026-07,CR00488,tiktok,7180.0,nano,11.630640668523675,-0.1139084289769221,0.2230692741133576,96.1,1.8,75.6,True,
2026-08,CR00488,tiktok,6800.0,nano,7.595147058823529,,,88.6,,,False,
2026-09,CR00488,tiktok,6712,nano,6.7723480333730635,-0.08368600682593856,0.1355764473033152,85.0,2.1,50.3,True,
2026-07,CR00488,youtube,67308.0,micro,1.0843287573542522,0.0564249054353114,0.013613380007779,41.9,29.4,9.2,True,
2026-08,CR00488,youtube,67780.0,micro,1.5250221304219531,0.095877122069523,0.0189746167378738,61.2,50.3,12.4,True,
2026-09,CR00488,youtube,70560,micro,1.2322420634920634,0.11914731633041492,0.027694073755201606,50.2,64.9,17.1,True,
2026-07,CR00489,all,,,,,,72.8,33.4,70.5,True,The Pulse
2026-08,CR00489,all,,,,,,80.2,43.6,91.0,False,The Hub
2026-09,CR00489,all,,,,,,77.4,48.6,68.2,False,The Pulse
2026-07,CR00489,instagram,164540.0,mid,1.956970949313237,0.068067041427032,0.2006260157707819,95.3,37.0,71.0,True,
2026-08,CR00489,instagram,164740.0,mid,2.4872283598397478,0.0885423549623364,0.311611030478955,97.7,55.0,91.8,True,
2026-09,CR00489,instagram,168620.0,mid,2.364221326058593,0.09188629152366769,0.16086267351938133,95.9,56.5,58.6,True,
2026-07,CR00489,tiktok,22713.0,micro,4.666578611367939,0.0806451612903225,0.1241091177193413,73.0,47.2,43.6,True,
2026-08,CR00489,tiktok,23650.0,micro,5.929260042283298,0.1051401869158878,,79.8,61.5,,False,
2026-09,CR00489,tiktok,24730.0,micro,5.015527699150829,0.09473218238158478,0.14101160499233634,72.7,53.1,51.6,True,
2026-07,CR00489,youtube,92682.0,micro,1.218445868669213,0.0197722396435055,0.3422141748577341,50.0,16.0,97.0,True,
2026-08,CR00489,youtube,94677.0,micro,1.602321577574279,0.0135313072056351,0.2295655754581017,63.1,14.3,90.3,True,
2026-09,CR00489,youtube,94696,micro,1.6152741404071977,0.06197151508354828,0.2672413793103448,63.5,36.2,94.3,False,
2026-09,CR00490,all,,,,,,7.8,70.5,46.1,True,The Lens
2026-09,CR00490,tiktok,74440,micro,1.1696802794196668,0.1324945611659643,0.1239364263926794,7.8,70.5,46.1,True,
2026-07,CR00491,all,,,,,,38.4,81.4,3.7,False,The Lens
2026-08,CR00491,all,,,,,,59.8,71.6,42.3,False,The Lens
2026-09,CR00491,all,,,,,,57.5,41.1,48.6,True,The Pulse
2026-07,CR00491,instagram,,,,,,,,,False,
2026-08,CR00491,instagram,2280.0,nano,,,,,,,False,
2026-09,CR00491,instagram,2254,nano,0.6708074534161491,0.0687529634898056,,56.2,37.0,,True,
2026-07,CR00491,tiktok,,,,,,,,,False,
2026-08,CR00491,tiktok,63210.0,micro,4.864198702736909,0.1048767697954903,0.2210434584927821,71.7,61.1,74.4,True,
2026-09,CR00491,tiktok,63135,micro,2.9259048071592617,0.05174165819853738,0.19780043349120977,46.3,29.0,70.2,True,
2026-07,CR00491,youtube,14115.0,micro,1.0191285866099893,0.1503667481662591,0.003125,38.4,81.4,3.7,True,
2026-08,CR00491,youtube,14424.0,micro,1.2038269550748752,0.1616332447451075,0.0159705159705159,48.0,82.1,10.2,True,
2026-09,CR00491,youtube,15139,micro,1.874826606777198,0.10738058664325946,0.042440318302387266,70.0,57.4,27.0,True,
2026-07,CR00494,all,,,,,,54.0,63.5,53.4,False,The Lens
2026-08,CR00494,all,,,,,,56.2,61.6,65.4,False,The Hub
2026-09,CR00494,all,,,,,,44.6,73.2,34.3,False,The Lens
2026-07,CR00494,instagram,146780.0,mid,0.4325998092383158,0.0809258345545728,0.2417582417582417,30.2,48.6,78.3,True,
2026-08,CR00494,instagram,148540.0,mid,0.4694762353574794,0.103402169068489,,38.0,61.4,,False,
2026-09,CR00494,instagram,,,,,,,,,False,
2026-07,CR00494,tiktok,25270.0,micro,3.533161851998417,0.0822269807280513,,58.7,47.6,,False,
2026-08,CR00494,tiktok,25475.0,micro,5.834975466143278,0.0636299110684313,0.3007763323541754,78.8,37.1,88.7,True,
2026-09,CR00494,tiktok,27060.0,micro,2.67039911308204,0.0815347721822542,,41.4,46.5,,False,
2026-07,CR00494,youtube,7345.0,nano,1.892579986385296,0.2455485840257758,0.0515097690941385,73.2,94.4,28.6,True,
2026-08,CR00494,youtube,7700.0,nano,1.288181818181818,0.1937984496124031,0.0653753026634382,51.9,86.2,42.1,True,
2026-09,CR00494,youtube,8279,nano,1.177920038652011,0.292583918813427,0.05521472392638037,47.7,100.0,34.3,True,
2026-07,CR00495,all,,,,,,45.4,42.4,9.8,False,The Pulse
2026-08,CR00495,all,,,,,,32.8,80.4,17.0,False,The Lens
2026-09,CR00495,all,,,,,,39.2,42.4,45.4,False,The Hub
2026-07,CR00495,instagram,3965.0,nano,0.4771752837326607,0.0842220399234345,0.0128205128205128,33.9,37.1,3.2,True,
2026-08,CR00495,instagram,4160.0,nano,0.3432692307692307,0.1366120218579235,0.0535714285714285,23.3,76.1,17.0,True,
2026-09,CR00495,instagram,,,,,,,,,False,
2026-07,CR00495,tiktok,297950.0,mid,2.1417754656821613,0.1498977268341631,0.0684759916492693,29.7,84.6,16.4,True,
2026-08,CR00495,tiktok,320870.0,mid,2.714410820581544,0.1450237305070834,,42.4,84.7,,False,
2026-09,CR00495,tiktok,334280.0,mid,1.5943819552470981,0.15189524465885595,0.17386042759177087,16.9,84.1,65.0,True,
2026-07,CR00495,youtube,45787.0,micro,1.8616419507720527,-0.0230647776734659,,72.7,5.6,,False,
2026-08,CR00495,youtube,,,,,,,,,False,
2026-09,CR00495,youtube,44671,micro,1.5732130464954892,-0.08706137213627353,0.04026548672566372,61.4,0.7,25.7,True,
2026-07,CR00497,all,,,,,,92.6,43.8,2.7,True,The Pulse
2026-08,CR00497,all,,,,,,91.7,52.6,34.0,True,The Pulse
2026-09,CR00497,all,,,,,,87.4,41.7,3.9,True,The Pulse
2026-07,CR00497,instagram,18826.0,micro,1.6455433974290874,0.0783594913506701,0.0078451882845188,92.6,43.8,2.7,True,
2026-08,CR00497,instagram,19100.0,micro,1.6800523560209424,0.1002304147465437,0.0946612830865859,91.7,52.6,34.0,True,
2026-09,CR00497,instagram,19938,micro,1.4171932992276055,0.07436146136437116,0.014687100893997445,87.4,41.7,3.9,True,
2026-09,CR00500,all,,,,,,20.7,44.4,,False,The Lens
2026-09,CR00500,tiktok,48684,micro,1.735169665598554,0.0781291522721233,,20.7,44.4,,False,
2026-07,CR00501,all,,,,,,41.0,36.2,50.2,True,The Hub
2026-08,CR00501,all,,,,,,31.5,43.0,54.6,False,The Hub
2026-09,CR00501,all,,,,,,29.2,31.0,82.3,False,The Hub
2026-07,CR00501,instagram,116957.0,mid,0.3604658122215857,0.0757139572315474,0.0676176890156918,22.3,45.9,21.5,True,
2026-08,CR00501,instagram,,,,,,,,,False,
2026-09,CR00501,instagram,124680.0,mid,0.5615575874238049,0.06282499360668314,,45.9,41.3,,False,
2026-07,CR00501,tiktok,120820.0,mid,2.785606687634498,0.0689197558170397,0.2533561839474436,44.6,42.9,83.3,True,
2026-08,CR00501,tiktok,124880.0,mid,2.815639013452915,0.0678980673849837,0.1275371099666767,43.8,43.9,48.3,True,
2026-09,CR00501,tiktok,,,,,,,,,False,
2026-07,CR00501,youtube,10560.0,micro,1.3737689393939394,0.0330659362160047,0.0833333333333333,56.1,19.9,45.7,True,
2026-08,CR00501,youtube,11000.0,micro,0.6278181818181818,0.083743842364532,0.1056701030927835,19.2,42.2,60.9,True,
2026-09,CR00501,youtube,10755,micro,0.5287773128777313,0.02889122739883287,0.19865319865319866,12.5,20.6,82.3,True,
2026-07,CR00502,all,,,,,,55.0,38.6,93.4,False,The Hub
2026-08,CR00502,all,,,,,,26.9,67.4,67.6,False,The Hub
2026-09,CR00502,all,,,,,,,50.2,85.5,False,The Hub
2026-07,CR00502,tiktok,9591.0,nano,3.297049317068085,0.1027940669196274,0.3297420829252367,55.0,38.6,93.4,True,
2026-08,CR00502,tiktok,10090.0,micro,3.278989098116948,0.1478953356086461,,51.7,80.7,,False,
2026-09,CR00502,tiktok,10460.0,micro,,0.08958333333333333,0.2635524798154556,,50.2,85.5,False,
2026-07,CR00502,youtube,,,,,,,,,False,
2026-08,CR00502,youtube,71299.0,micro,0.259218221854444,0.1030337721808815,0.1277777777777777,2.1,54.2,67.6,True,
2026-09,CR00502,youtube,,,,,,,,,False,
2026-07,CR00504,all,,,,,,78.2,52.8,49.7,False,The Pulse
2026-08,CR00504,all,,,,,,46.1,45.0,46.3,False,The Hub
2026-09,CR00504,all,,,,,,48.0,38.3,62.5,False,The Hub
2026-07,CR00504,instagram,,,,,,,,,False,
2026-08,CR00504,instagram,16550.0,micro,0.4526283987915407,0.0866710439921208,,35.9,46.4,,False,
2026-09,CR00504,instagram,16366,micro,0.3386288647195405,0.1058855328062707,,23.1,57.5,,True,
2026-07,CR00504,tiktok,218820.0,mid,5.434763732748378,0.1803862336821663,0.24861677344205,77.7,92.9,82.4,True,
2026-08,CR00504,tiktok,223020.0,mid,3.6045870325531344,0.1192973651191969,0.181630082763584,58.3,71.3,64.5,True,
2026-09,CR00504,tiktok,229373,mid,7.024667245054998,0.06611232215813227,,87.7,40.4,,False,
2026-07,CR00504,youtube,23017.0,micro,2.2077594821219098,0.0090749671196843,0.0275521017308371,78.7,12.7,16.9,True,
2026-08,CR00504,youtube,23393.0,micro,1.1316633180866071,0.0214391756178499,0.0432937181663837,44.1,17.2,28.1,True,
2026-09,CR00504,youtube,23230,micro,0.9252260008609556,0.021862490652355605,0.11785297549591599,33.3,17.0,62.5,True,
2026-07,CR00505,all,,,,,,58.2,41.7,71.4,True,The Hub
2026-08,CR00505,all,,,,,,24.5,42.6,40.6,False,The Lens
2026-09,CR00505,all,,,,,,48.6,34.9,72.8,False,The Hub
2026-07,CR00505,instagram,60106.0,micro,1.6534788540245566,0.0691213091426538,,92.7,39.8,,True,
2026-08,CR00505,instagram,,,,,,,,,False,
2026-09,CR00505,instagram,63010.0,micro,1.9485637200444375,0.036689700559394536,,92.9,21.8,,True,
2026-07,CR00505,tiktok,5804.0,nano,4.319090282563749,0.108691499522445,0.1674041297935103,68.9,42.1,58.9,True,
2026-08,CR00505,tiktok,5810.0,nano,2.774182444061962,0.0974222896133434,0.0162469536961819,43.2,37.7,2.2,True,
2026-09,CR00505,tiktok,,,,,,,,,False,
2026-07,CR00505,youtube,9216.0,nano,0.5615234375,0.0945368171021377,0.1871794871794871,13.0,43.3,83.8,True,
2026-08,CR00505,youtube,9604.0,nano,0.3665139525197834,0.1072169702559372,0.1710037174721189,5.8,47.5,79.0,True,
2026-09,CR00505,youtube,9718,nano,0.2858612883309323,0.10044162608991054,0.15671641791044777,4.2,48.0,72.8,True,
2026-07,CR00508,all,,,,,,26.4,53.0,97.5,False,The Hub
2026-08,CR00508,all,,,,,,47.8,39.3,27.4,False,The Pulse
2026-09,CR00508,all,,,,,,57.0,63.0,15.2,False,The Lens
2026-07,CR00508,instagram,81160.0,micro,0.3938516510596352,0.0781083953241232,,26.4,43.4,,True,
2026-08,CR00508,instagram,84000.0,micro,0.3345119047619048,0.061812665908229,,22.3,33.3,,False,
2026-09,CR00508,instagram,86358,micro,0.2787234535306515,0.14574184389635547,,16.9,76.2,,True,
2026-07,CR00508,tiktok,11760.0,micro,,0.1104815864022662,0.3831070889894419,,62.5,97.5,False,
2026-08,CR00508,tiktok,11970.0,micro,4.004010025062657,0.0793507664562669,,64.0,47.3,,False,
2026-09,CR00508,tiktok,12295,micro,5.484993899959333,0.12767128313308262,,77.4,68.5,,False,
2026-07,CR00508,youtube,,,,,,,,,False,
2026-08,CR00508,youtube,30890.0,micro,1.419391388798964,0.0725694444444444,0.042332268370607,57.1,37.3,27.4,True,
2026-09,CR00508,youtube,32514,micro,2.1369563880174693,0.07994818480751985,0.025355958650282815,76.8,44.3,15.2,True,
2026-07,CR00509,all,,,,,,47.0,41.7,59.3,True,The Hub
2026-08,CR00509,all,,,,,,71.3,46.9,65.1,False,The Pulse
2026-09,CR00509,all,,,,,,48.9,50.1,47.7,True,The Lens
2026-07,CR00509,instagram,266630.0,mid,0.6342009526309867,0.0391690700756099,0.0974102800052583,51.8,23.3,33.9,True,
2026-08,CR00509,instagram,273400.0,mid,0.6602487198244331,0.0476701410177805,0.1336588342996643,59.0,27.9,49.9,True,
2026-09,CR00509,instagram,280789,mid,0.7023743807627791,0.07107191492121133,0.03447754423106003,58.3,47.1,7.2,True,
2026-07,CR00509,tiktok,6890.0,nano,1.2007256894049347,0.0850393700787401,0.3866171003717472,8.2,26.3,97.9,True,
2026-08,CR00509,tiktok,7380.0,nano,,0.0982142857142857,0.3085714285714285,,39.6,90.5,False,
2026-09,CR00509,tiktok,12480.0,micro,0.6629006410256411,0.07401032702237521,0.31268436578171094,2.7,41.9,93.5,True,
2026-07,CR00509,youtube,45481.0,micro,2.353466282623513,0.1383910692831397,0.0838274044795784,81.0,75.5,46.0,True,
2026-08,CR00509,youtube,48268.0,micro,2.442322035302892,0.142383792483196,0.0923970432946145,83.6,73.1,54.8,True,
2026-09,CR00509,youtube,50164,micro,2.716210828482577,0.11557364289367758,0.07654600301659126,85.7,61.3,42.5,True,
2026-07,CR00510,all,,,,,,26.3,98.6,30.7,False,The Lens
2026-08,CR00510,all,,,,,,22.9,95.3,47.9,False,The Lens
2026-09,CR00510,all,,,,,,22.7,88.6,73.3,False,The Lens
2026-07,CR00510,instagram,19394.0,micro,0.2696710322780241,0.2955243820975284,0.0338541666666666,15.5,99.6,7.6,True,
2026-08,CR00510,instagram,20980.0,micro,0.3022402287893231,0.2113163972286374,,18.1,93.1,,False,
2026-09,CR00510,instagram,,,,,,,,,False,
2026-07,CR00510,tiktok,11280.0,micro,0.963386524822695,,0.0708534621578099,4.7,,17.4,False,
2026-08,CR00510,tiktok,10980.0,micro,0.7655737704918033,,0.0751565762004175,3.7,,22.3,False,
2026-09,CR00510,tiktok,10970.0,micro,1.3375569735642663,,,11.4,,,False,
2026-07,CR00510,youtube,107460.0,mid,1.4296575469942303,0.2425419730817261,0.1257421823459559,58.7,97.5,67.0,True,
2026-08,CR00510,youtube,115475.0,mid,1.1909937215847586,0.2220481940461198,0.149871170913255,46.9,97.5,73.5,True,
2026-09,CR00510,youtube,129088,mid,0.9326893282102132,0.18146456649673717,0.16133876850461273,34.0,88.6,73.3,True,
2026-07,CR00511,all,,,,,,48.9,48.1,40.4,True,The Pulse
2026-08,CR00511,all,,,,,,52.1,51.8,31.8,True,The Pulse
2026-09,CR00511,all,,,,,,58.6,60.0,36.6,False,The Lens
2026-07,CR00511,instagram,20410.0,micro,0.3933855952964233,0.107433532284319,0.0564102564102564,26.1,59.1,16.1,True,
2026-08,CR00511,instagram,21060.0,micro,0.6092592592592593,0.1523309258043335,0.0200752823086574,54.8,76.6,5.8,True,
2026-09,CR00511,instagram,22369,micro,0.44217443783807947,0.1400540237500637,0.016100178890876567,35.5,73.4,4.1,True,
2026-07,CR00511,tiktok,55630.0,micro,2.08578105338846,0.0110868774990912,0.2047106325706595,28.8,13.1,71.7,True,
2026-08,CR00511,tiktok,56480.0,micro,1.33314447592068,0.0246734397677793,0.1240694789081885,11.8,20.0,46.8,True,
2026-09,CR00511,tiktok,57070.0,micro,3.1133695461713686,,0.16371503320587644,49.5,,62.2,False,
2026-07,CR00511,youtube,8145.0,nano,3.402209944751381,0.1479915433403805,0.0598834128245893,91.9,72.2,33.5,True,
2026-08,CR00511,youtube,8390.0,nano,3.070798569725864,0.1307277628032345,0.0661840744570837,89.6,58.8,42.7,True,
2026-09,CR00511,youtube,8681,nano,3.3051491763621703,0.09636271785804496,0.07777777777777778,90.9,46.7,43.4,True,
2026-07,CR00512,all,,,,,,42.6,41.2,92.1,False,The Hub
2026-09,CR00512,all,,,,,,51.0,36.6,94.9,False,The Hub
2026-07,CR00512,tiktok,3830.0,nano,1.231592689295039,0.1297935103244837,,9.0,57.9,,False,
2026-09,CR00512,tiktok,3917,nano,2.8302272147051313,0.11627244229125107,,45.2,43.8,,False,
2026-07,CR00512,youtube,95336.0,micro,1.98330116640094,0.0421398979022966,0.2520093770931011,76.1,24.5,92.1,True,
2026-09,CR00512,youtube,99720.0,micro,1.4327617328519855,0.048139583771284425,0.2693246541903987,56.8,29.4,94.9,True,
2026-07,CR00515,all,,,,,,63.5,72.9,97.9,True,The Hub
2026-08,CR00515,all,,,,,,37.9,33.4,98.4,True,The Hub
2026-09,CR00515,all,,,,,,63.7,86.2,96.4,True,The Hub
2026-07,CR00515,youtube,60457.0,micro,1.5434771821294473,0.1349164633001689,0.3747094374709437,63.5,72.9,97.9,True,
2026-08,CR00515,youtube,64629.0,micro,0.9767596589766204,0.0620860791112717,0.3553870292887029,37.9,33.4,98.4,True,
2026-09,CR00515,youtube,66815,micro,1.6221956147571652,0.1700376499430873,0.30681124007330485,63.7,86.2,96.4,True,
2026-07,CR00517,all,,,,,,49.8,65.2,33.0,True,The Lens
2026-08,CR00517,all,,,,,,49.6,21.7,22.6,False,The Pulse
2026-09,CR00517,all,,,,,,49.2,53.2,19.1,False,The Lens
2026-07,CR00517,instagram,2870.0,nano,0.3484320557491289,0.2212765957446808,0.1333333333333333,21.0,98.4,47.1,True,
2026-08,CR00517,instagram,3060.0,nano,0.2954248366013072,,0.0666666666666666,16.8,,22.6,False,
2026-09,CR00517,instagram,3325,nano,0.30105263157894735,0.1569241475295755,0.06666666666666667,18.6,75.9,19.1,True,
2026-07,CR00517,tiktok,102286.0,mid,5.566362943120271,0.0441928601325071,0.0756242746434053,78.7,32.1,18.9,True,
2026-08,CR00517,tiktok,106269.0,mid,6.381889356256293,0.0221219786667179,,82.3,21.7,,False,
2026-09,CR00517,tiktok,107250.0,mid,5.660745920745921,0.049207591469379766,,79.9,30.5,,False,
2026-07,CR00518,all,,,,,,73.0,25.9,25.2,True,The Pulse
2026-08,CR00518,all,,,,,,66.8,7.5,46.6,True,The Pulse
2026-09,CR00518,all,,,,,,72.4,4.8,52.8,True,The Pulse
2026-07,CR00518,youtube,642547.0,mid,1.8749881331638,0.0330885722232851,0.0427321829740452,73.0,25.9,25.2,True,
2026-08,CR00518,youtube,656872.0,mid,1.665132628579084,-0.0395681454643284,0.0749706227967097,66.8,7.5,46.6,True,
2026-09,CR00518,youtube,631718,mid,1.9592492219629645,-0.04730751771637809,0.09655440079347967,72.4,4.8,52.8,True,
2026-07,CR00519,all,,,,,,61.4,15.1,22.4,False,The Pulse
2026-08,CR00519,all,,,,,,47.6,46.6,9.6,False,The Pulse
2026-09,CR00519,all,,,,,,62.1,32.2,5.5,False,The Pulse
2026-07,CR00519,instagram,74670.0,micro,1.0786259541984733,-0.0218758187057898,0.0033415014479839,80.3,7.7,2.0,True,
2026-08,CR00519,instagram,75760.0,micro,1.4826821541710666,0.1095489162272993,0.0503965631196298,89.0,59.1,15.4,True,
2026-09,CR00519,instagram,76940.0,micro,1.243228489732259,0.07759103641456583,0.009587923296613628,84.0,44.0,2.5,False,
2026-07,CR00519,tiktok,,,,,,,,,False,
2026-08,CR00519,tiktok,47590.0,micro,2.3192057154864467,0.0830678197542102,0.0208217656857301,33.2,49.5,3.8,True,
2026-09,CR00519,tiktok,48500.0,micro,2.602061855670103,0.03016142735768904,0.03557191045691506,40.2,20.3,8.5,True,
2026-07,CR00519,youtube,55268.0,micro,1.0954982991966418,0.0389502970148131,0.0782715042804728,42.6,22.5,42.7,True,
2026-08,CR00519,youtube,57124.0,micro,0.667250192563546,0.0556818391824213,,20.6,31.2,,False,
2026-09,CR00519,youtube,,,,,,,,,False,
2026-07,CR00520,all,,,,,,15.2,9.5,24.0,True,The Hub
2026-08,CR00520,all,,,,,,16.4,4.2,39.4,True,The Hub
2026-09,CR00520,all,,,,,,,,,False,
2026-07,CR00520,youtube,13384.0,micro,0.6031829049611477,-0.0113753877973112,0.0411622276029055,15.2,9.5,24.0,True,
2026-08,CR00520,youtube,13378.0,micro,0.5685453730004485,-0.0365836093907532,0.0613107822410148,16.4,4.2,39.4,True,
2026-09,CR00520,youtube,,,,,,,,,False,
2026-07,CR00522,all,,,,,,60.8,57.8,46.8,True,The Pulse
2026-08,CR00522,all,,,,,,65.4,58.1,41.8,True,The Pulse
2026-09,CR00522,all,,,,,,38.2,44.6,18.7,False,The Lens
2026-07,CR00522,instagram,39877.0,micro,0.5014920881711262,0.1718878570588926,0.1031652989449003,37.4,85.8,36.8,True,
2026-08,CR00522,instagram,42310.0,micro,0.5917986291656818,0.2338874307378244,0.1942959001782531,52.9,96.9,71.6,True,
2026-09,CR00522,instagram,,,,,,,,,False,
2026-07,CR00522,tiktok,835251.0,mid,13.292585103160606,0.0771344710989144,0.1074282995857228,97.7,46.8,35.2,True,
2026-08,CR00522,tiktok,844210.0,mid,15.987803982421436,0.0507442995120979,0.0563931705003557,98.6,35.7,13.7,True,
2026-09,CR00522,tiktok,,,,,,,,,False,
2026-07,CR00522,youtube,308206.0,mid,1.1670733210904396,0.0677868625277161,0.1283993115318416,47.4,40.7,68.4,True,
2026-08,CR00522,youtube,313608.0,mid,1.1343970817070994,0.0699546918499918,0.0619141914191419,44.6,41.6,40.0,True,
2026-09,CR00522,youtube,323115,mid,1.0077805115825635,0.06930820856995354,0.02943534532126904,38.2,44.6,18.7,True,
2026-07,CR00523,all,,,,,,60.6,32.4,49.1,False,The Pulse
2026-08,CR00523,all,,,,,,46.3,39.3,34.0,True,The Pulse
2026-09,CR00523,all,,,,,,41.2,30.4,43.0,True,The Hub
2026-07,CR00523,instagram,221420.0,mid,0.5851368440068648,0.1175547244472035,0.0363391655450874,46.0,64.4,8.3,True,
2026-08,CR00523,instagram,240672.0,mid,0.3240302153968887,0.1381766247032451,0.0076902678334659,20.2,77.9,2.6,True,
2026-09,CR00523,instagram,243210.0,mid,0.28145635459068297,0.08252103084523968,0.07172995780590717,17.1,52.9,22.7,True,
2026-07,CR00523,tiktok,,,,,,,,,False,
2026-08,CR00523,tiktok,144788.0,mid,3.588695195734453,0.0551215530810936,0.0785616493516952,58.0,39.5,24.7,True,
2026-09,CR00523,tiktok,154067,mid,2.6600699695586987,0.06188657917953242,0.10475552578700603,41.2,37.1,35.0,True,
2026-07,CR00523,youtube,33650.0,micro,1.946924219910847,-0.1109643328929986,0.2348860257680872,75.1,0.3,89.9,True,
2026-08,CR00523,youtube,33630.0,micro,1.5220041629497472,-0.079890560875513,0.1548987411056376,60.8,0.6,74.7,True,
2026-09,CR00523,youtube,32500,micro,1.6984307692307692,-0.06976073796483136,0.15192926045016078,65.2,1.1,71.4,True,
2026-07,CR00525,all,,,,,,61.2,38.1,77.2,False,The Hub
2026-08,CR00525,all,,,,,,60.1,43.4,48.2,False,The Pulse
2026-09,CR00525,all,,,,,,57.6,32.1,78.0,True,The Hub
2026-07,CR00525,instagram,179630.0,mid,0.7124311083894672,-0.0657894736842105,,57.4,4.1,,True,
2026-08,CR00525,instagram,,,,,,,,,False,
2026-09,CR00525,instagram,172590.0,mid,0.5923228460513356,-0.04935279537317543,,48.5,5.8,,True,
2026-07,CR00525,tiktok,21710.0,micro,,0.0997973657548125,0.3015582034830431,,58.1,90.6,False,
2026-08,CR00525,tiktok,21501.0,micro,2.385237895911818,0.0635635140482785,,34.8,36.7,,False,
2026-09,CR00525,tiktok,22210.0,micro,3.569293111211166,0.10607569721115538,0.25719424460431656,56.0,58.5,85.0,True,
2026-07,CR00525,youtube,9063.0,nano,1.5927397109125014,0.1076753849914446,0.1192411924119241,65.1,52.2,63.7,True,
2026-08,CR00525,youtube,9194.0,nano,2.576789210354579,0.1115947285697013,0.0775316455696202,85.4,50.0,48.2,True,
2026-09,CR00525,youtube,9535,nano,1.8072364971158887,0.05885619100499723,0.14933837429111532,68.3,32.0,70.9,True,
2026-07,CR00526,all,,,,,,32.8,32.4,88.5,False,The Hub
2026-08,CR00526,all,,,,,,29.0,8.1,70.9,False,The Hub
2026-09,CR00526,all,,,,,,35.5,22.6,78.9,False,The Hub
2026-07,CR00526,instagram,52596.0,micro,0.7717126777701726,,,62.2,,,False,
2026-08,CR00526,instagram,51300.0,micro,0.6203118908382066,-0.0295119182746878,0.3375,56.7,3.4,94.6,True,
2026-09,CR00526,instagram,,,,,,,,,False,
2026-07,CR00526,tiktok,,,,,,,,,False,
2026-08,CR00526,tiktok,29100.0,micro,,-0.182354593987075,0.0773034448656667,,0.4,24.3,False,
2026-09,CR00526,tiktok,28010.0,micro,4.737593716529811,-0.22022617671113118,,70.8,0.4,,False,
2026-07,CR00526,youtube,18840.0,micro,0.3125265392781316,0.0625458236986069,0.213235294117647,3.5,32.4,88.5,True,
2026-08,CR00526,youtube,18800.0,micro,0.2288829787234042,0.0273224043715847,0.2678571428571428,1.2,20.5,93.7,True,
2026-09,CR00526,youtube,19615,micro,0.12332398674483813,0.08101405345825297,0.17857142857142858,0.2,44.7,78.9,True,
2026-07,CR00527,all,,,,,,27.9,51.6,60.4,True,The Hub
2026-08,CR00527,all,,,,,,34.0,47.7,62.6,False,The Hub
2026-09,CR00527,all,,,,,,37.9,49.0,69.2,True,The Hub
2026-07,CR00527,instagram,66260.0,micro,0.248988831874434,0.0753002271989613,0.1279317697228145,12.8,42.0,44.6,True,
2026-08,CR00527,instagram,67150.0,micro,0.308518242740134,0.0521780006267627,0.1201657458563535,19.1,28.9,44.8,True,
2026-09,CR00527,instagram,67630.0,micro,0.5187934348661837,0.0767393727113517,0.12562814070351758,43.4,42.9,46.5,True,
2026-07,CR00527,tiktok,166743.0,mid,3.087134092585596,0.0349572654877693,0.1185635226179018,51.1,29.5,40.4,True,
2026-08,CR00527,tiktok,171000.0,mid,5.263438596491228,0.031425297062549,0.2423005783740935,74.3,25.5,80.4,True,
2026-09,CR00527,tiktok,168060.0,mid,3.138200642627633,0.02688500549920567,0.2155283671467658,50.3,20.5,74.9,True,
2026-07,CR00527,youtube,117877.0,mid,0.6865715958159777,0.138941225349527,0.3223140495867768,19.7,83.3,96.3,True,
2026-08,CR00527,youtube,121293.0,mid,0.4114664490118968,0.1721055632326082,,8.6,88.8,,False,
2026-09,CR00527,youtube,125742,mid,0.6775460864309459,0.16927969647938404,0.21732851985559568,20.0,83.7,86.1,True,
2026-07,CR00528,all,,,,,,77.1,58.4,23.9,True,The Pulse
2026-08,CR00528,all,,,,,,81.9,57.7,,False,The Pulse
2026-09,CR00528,all,,,,,,69.0,57.1,68.0,False,The Pulse
2026-07,CR00528,instagram,34987.0,micro,0.9970560493897732,0.1043876262626262,0.0721415607985481,77.1,58.4,23.9,True,
2026-08,CR00528,instagram,36420.0,micro,1.1151839648544757,0.1090133982947624,,81.9,57.7,,False,
2026-09,CR00528,instagram,36590.0,micro,0.8690079256627494,0.10377073906485672,0.19164072921298356,69.0,57.1,68.0,False,
2026-07,CR00529,all,,,,,,76.4,53.4,68.0,False,The Pulse
2026-08,CR00529,all,,,,,,39.2,69.1,58.8,True,The Lens
2026-09,CR00529,all,,,,,,43.8,68.0,57.5,False,The Lens
2026-07,CR00529,instagram,125013.0,mid,0.9870173501955796,0.0930385059280243,0.1914580265095729,76.4,53.4,68.0,True,
2026-08,CR00529,instagram,128678.0,mid,0.4840532181103218,0.0884069494019928,0.1868613138686131,40.6,54.3,69.5,True,
2026-09,CR00529,instagram,131571,mid,0.7099436805983081,0.07873376623376624,0.1641025641025641,59.2,50.7,59.4,True,
2026-07,CR00529,tiktok,,,,,,,,,False,
2026-08,CR00529,tiktok,87890.0,micro,1.7062805779952213,0.3073032872229659,0.1049572950603152,21.2,99.3,39.7,True,
2026-09,CR00529,tiktok,,,,,,,,,False,
2026-07,CR00529,youtube,,,,,,,,,False,
2026-08,CR00529,youtube,6250.0,nano,1.3968,0.1180679785330948,0.1266666666666666,55.9,53.8,67.2,True,
2026-09,CR00529,youtube,6450,nano,0.8362790697674418,0.17144932800581184,0.10062893081761007,28.5,85.3,55.6,True,
2026-07,CR00530,all,,,,,,56.4,72.6,20.8,False,The Lens
2026-08,CR00530,all,,,,,,53.7,56.2,10.2,True,The Lens
2026-09,CR00530,all,,,,,,52.5,67.8,17.0,False,The Lens
2026-07,CR00530,instagram,,,,,,,,,False,
2026-08,CR00530,instagram,17340.0,micro,0.5428489042675894,-0.020865577529378,,47.8,5.8,,True,
2026-09,CR00530,instagram,16320.0,micro,0.2713235294117647,,,15.4,,,False,
2026-07,CR00530,tiktok,17950.0,micro,2.442896935933148,0.1039360393603936,0.0357981220657277,38.7,59.6,6.6,True,
2026-08,CR00530,tiktok,18970.0,micro,3.1499209277807063,0.1448400724200362,0.0617900954111767,49.1,78.5,16.6,True,
2026-09,CR00530,tiktok,19216,micro,3.777529142381349,0.13502658003544005,0.04954304954304954,59.2,71.8,13.2,True,
2026-07,CR00530,youtube,21377.0,micro,1.9199139261823448,0.1739799000494261,0.0623318385650224,74.2,85.6,35.1,True,
2026-08,CR00530,youtube,22587.0,micro,1.6206667552131755,0.1659611810861036,0.0046920821114369,64.2,84.4,3.9,True,
2026-09,CR00530,youtube,23970.0,micro,2.5105131414267836,0.11748251748251748,0.03289296306282017,82.9,63.8,20.8,True,
2026-07,CR00533,all,,,,,,57.8,54.0,21.9,True,The Pulse
2026-08,CR00533,all,,,,,,38.4,50.6,69.8,True,The Hub
2026-09,CR00533,all,,,,,,41.3,64.4,22.8,True,The Lens
2026-07,CR00533,instagram,211331.0,mid,0.9214313091784924,0.0935966964045455,,71.9,54.1,,True,
2026-08,CR00533,instagram,215000.0,mid,0.589260465116279,0.085474832130055,,52.7,52.1,,True,
2026-09,CR00533,instagram,225775,mid,0.8654944081497066,0.11874476614257895,,68.6,65.9,,True,
2026-07,CR00533,tiktok,135200.0,mid,2.733957100591716,0.0876035717158716,0.0792809642560266,43.6,53.8,21.9,True,
2026-08,CR00533,tiktok,141060.0,mid,1.8256486601446196,0.0758904736480817,0.2002906087488528,24.2,49.0,69.8,True,
2026-09,CR00533,tiktok,148314,mid,1.465080841997384,0.0956598825397998,0.07575040242401287,14.0,62.9,22.8,True,
2026-07,CR00535,all,,,,,,56.7,71.1,29.8,False,The Lens
2026-08,CR00535,all,,,,,,59.5,60.8,50.7,True,The Lens
2026-09,CR00535,all,,,,,,52.2,68.4,35.9,True,The Lens
2026-07,CR00535,instagram,151206.0,mid,0.6491872015660755,0.1202352993472962,0.1049454078355812,52.9,65.1,37.1,True,
2026-08,CR00535,instagram,155750.0,mid,0.4634927768860353,0.0537889039242219,0.1222753060615109,37.2,30.7,45.9,True,
2026-09,CR00535,instagram,163920.0,mid,0.34730966325036605,0.0925086643561717,0.12313273580879215,24.1,57.2,44.8,True,
2026-07,CR00535,tiktok,190030.0,mid,3.3442088091354,0.0806369064543645,,56.6,49.4,,False,
2026-08,CR00535,tiktok,202500.0,mid,5.150335802469136,0.0994082197730604,0.3689624767316547,73.3,61.1,95.4,True,
2026-09,CR00535,tiktok,208259,mid,2.9698836544879215,0.0828324528929745,0.162878232389891,47.1,50.3,61.7,True,
2026-07,CR00535,youtube,706370.0,mid,1.4680748049888868,0.2468536085094665,0.0387307292159273,60.6,98.8,22.6,True,
2026-08,CR00535,youtube,771030.0,mid,1.68419516750321,0.1772349034277425,0.0173720826157121,67.9,90.7,10.9,True,
2026-09,CR00535,youtube,820481,mid,2.7053216345046383,0.29012329178531726,0.0002724973840251134,85.4,97.6,1.3,True,
2026-07,CR00538,all,,,,,,19.9,39.2,85.1,True,The Hub
2026-08,CR00538,all,,,,,,,13.3,99.1,False,The Hub
2026-09,CR00538,all,,,,,,19.8,31.0,96.6,False,The Hub
2026-07,CR00538,tiktok,397210.0,mid,1.6795448251554592,0.1029321930360415,0.2039036877049836,19.0,64.1,71.2,True,
2026-08,CR00538,tiktok,,,,,,,,,False,
2026-09,CR00538,tiktok,433350.0,mid,2.419190031152648,0.048638838475499095,,36.4,29.8,,False,
2026-07,CR00538,youtube,45260.0,micro,0.709191338930623,0.0143206113713274,0.4091580502215657,20.8,14.4,98.9,True,
2026-08,CR00538,youtube,46767.0,micro,,0.0101736651114567,0.3995186522262334,,13.3,99.1,False,
2026-09,CR00538,youtube,48113,micro,0.2598050422962609,0.05420802383926028,0.3106060606060606,3.2,32.3,96.6,True,
2026-07,CR00539,all,,,,,,35.0,39.4,,False,The Lens
2026-08,CR00539,all,,,,,,23.4,32.4,22.3,True,The Lens
2026-09,CR00539,all,,,,,,,,,False,
2026-07,CR00539,instagram,33720.0,micro,0.4873665480427046,0.0687797147385103,,35.0,39.4,,False,
2026-08,CR00539,instagram,32866.0,micro,0.5059027566482078,0.0795204467071768,0.1147378832838773,42.0,42.6,41.7,True,
2026-09,CR00539,instagram,,,,,,,,,False,
2026-07,CR00539,tiktok,,,,,,,,,False,
2026-08,CR00539,tiktok,137690.0,mid,0.8460817779068923,0.0244029462093594,0.0187595712098009,4.9,22.3,2.9,True,
2026-09,CR00539,tiktok,,,,,,,,,False,
2026-07,CR00540,all,,,,,,46.2,22.1,31.7,True,The Pulse
2026-08,CR00540,all,,,,,,13.8,41.1,30.7,False,The Lens
2026-09,CR00540,all,,,,,,16.5,49.3,5.0,False,The Lens
2026-07,CR00540,instagram,26650.0,micro,2.467354596622889,-0.0351194786386676,0.0842887473460721,98.0,5.1,29.5,True,
2026-08,CR00540,instagram,,,,,,,,,False,
2026-09,CR00540,instagram,,,,,,,,,False,
2026-07,CR00540,tiktok,52995.0,micro,0.9569393338994244,0.0895353618421052,0.1211523283346487,4.5,52.1,42.2,True,
2026-08,CR00540,tiktok,55410.0,micro,0.9143475906876016,0.1305855947765762,0.0736503396496246,5.7,72.4,21.6,True,
2026-09,CR00540,tiktok,,,,,,,,,False,
2026-07,CR00540,youtube,62016.0,micro,0.9712009803921569,-0.0115711963278186,0.0398783977110157,36.2,9.2,23.5,True,
2026-08,CR00540,youtube,62329.0,micro,0.691540053586613,-0.0016817759554089,0.0617836175566116,21.9,9.7,39.8,True,
2026-09,CR00540,youtube,67549,micro,0.6015337014611615,0.08764048562135704,0.004973062577704103,16.5,49.3,5.0,True,
2026-07,CR00541,all,,,,,,94.3,70.2,94.5,False,The Hub
2026-08,CR00541,all,,,,,,59.2,72.1,83.2,False,The Hub
2026-09,CR00541,all,,,,,,62.6,82.2,68.7,True,The Lens
2026-07,CR00541,instagram,22920.0,micro,,0.0745428973277074,,,41.6,,False,
2026-08,CR00541,instagram,23897.0,micro,0.3605473490396284,0.0916358320771093,,25.0,47.8,,False,
2026-09,CR00541,instagram,24216,micro,0.4016352824578791,0.13861199924769607,0.10726643598615918,29.5,73.0,38.7,True,
2026-07,CR00541,tiktok,19200.0,micro,10.171927083333332,0.2427184466019417,0.3415912031047865,94.3,98.9,94.5,True,
2026-08,CR00541,tiktok,20880.0,micro,9.760680076628352,0.219626168224299,0.2629011357572985,93.5,96.4,83.2,True,
2026-09,CR00541,tiktok,22502,micro,9.80761710070216,0.1869395505855048,0.4319293767283557,95.8,91.3,98.7,True,
2026-07,CR00542,all,,,,,,64.1,21.6,31.6,False,The Pulse
2026-08,CR00542,all,,,,,,,,,False,
2026-09,CR00542,all,,,,,,83.8,14.6,37.8,False,The Pulse
2026-07,CR00542,instagram,442622.0,mid,1.38908820618948,-0.0236918319315868,0.1693749019432055,88.3,8.2,60.0,True,
2026-08,CR00542,instagram,,,,,,,,,False,
2026-09,CR00542,instagram,442170.0,mid,1.1655200488499897,-0.07580887885628292,,81.2,4.3,,False,
2026-07,CR00542,tiktok,2066060.0,macro,5.022444653107848,-0.0043995971453216,,74.6,11.1,,False,
2026-08,CR00542,tiktok,,,,,,,,,False,
2026-09,CR00542,tiktok,2142140.0,macro,6.902025544548909,0.02408987689733477,0.113377588311797,86.5,25.0,37.8,True,
2026-07,CR00542,youtube,8054.0,nano,0.8584554258753414,0.0978735005452562,0.0023201856148491,29.4,45.6,3.2,True,
2026-08,CR00542,youtube,,,,,,,,,False,
2026-09,CR00542,youtube,,,,,,,,,False,
2026-07,CR00544,all,,,,,,23.5,96.6,33.7,True,The Lens
2026-08,CR00544,all,,,,,,12.5,85.7,14.5,True,The Lens
2026-09,CR00544,all,,,,,,23.7,92.8,51.7,True,The Lens
2026-07,CR00544,instagram,142867.0,mid,0.3655217789972492,0.2117333740447656,0.0972053462940461,23.5,96.6,33.7,True,
2026-08,CR00544,instagram,149030.0,mid,0.2479098168154063,0.173095088161209,0.0456273764258555,12.5,85.7,14.5,True,
2026-09,CR00544,instagram,156604,mid,0.342117698143087,0.1983043584720862,0.13903743315508021,23.7,92.8,51.7,True,
2026-07,CR00546,all,,,,,,58.3,64.7,13.6,True,The Lens
2026-08,CR00546,all,,,,,,53.6,58.2,14.1,True,The Lens
2026-09,CR00546,all,,,,,,55.8,79.0,27.2,False,The Lens
2026-07,CR00546,instagram,81652.0,micro,1.3956792240239064,0.1447237449003911,0.0457746478873239,88.5,77.7,11.0,True,
2026-08,CR00546,instagram,85530.0,micro,2.0445457734128376,0.0903381336040093,0.0798509029819403,95.5,47.4,25.9,True,
2026-09,CR00546,instagram,86450.0,micro,1.379120879120879,0.16055846422338568,,86.8,81.7,,False,
2026-07,CR00546,tiktok,126970.0,mid,1.4379617232417106,0.0560592198286617,0.053022011431351,14.3,35.9,10.0,True,
2026-08,CR00546,tiktok,131140.0,mid,1.4250266890346197,0.0944750459021866,0.0297269711661138,13.9,58.6,6.6,True,
2026-09,CR00546,tiktok,132680.0,mid,1.924894482966536,0.11308724832214766,0.003429111978242876,24.7,66.9,0.5,True,
2026-07,CR00546,youtube,56947.0,micro,1.8453474283105344,0.149910142761949,0.0347295306251315,72.0,80.4,19.9,True,
2026-08,CR00546,youtube,60094.0,micro,1.2819749059806302,0.1307342038911677,0.014917695473251,51.3,68.5,9.9,True,
2026-09,CR00546,youtube,61488,micro,,0.1726518546772194,0.09884510869565218,,88.3,53.9,False,
2026-07,CR00550,all,,,,,,65.9,55.2,21.9,False,The Pulse
2026-08,CR00550,all,,,,,,63.6,42.7,35.8,False,The Pulse
2026-09,CR00550,all,,,,,,57.4,40.8,47.1,False,The Pulse
2026-07,CR00550,instagram,42490.0,micro,0.8110143563191339,0.0157781496533588,,65.4,16.1,,False,
2026-08,CR00550,instagram,42836.0,micro,0.7478989634886544,-0.0235918944177246,,65.2,5.2,,False,
2026-09,CR00550,instagram,43420.0,micro,0.8397973284200829,0.010002326122354036,0.07659073055773763,66.9,10.7,24.3,True,
2026-07,CR00550,tiktok,,,,,,,,,False,
2026-08,CR00550,tiktok,142240.0,mid,3.51847581552306,0.0740768707996677,0.1793887636136832,56.6,48.4,64.2,True,
2026-09,CR00550,tiktok,152950.0,mid,3.033324615887545,0.11862795289987567,0.19442386692706579,47.8,70.9,69.9,True,
2026-07,CR00550,youtube,158334.0,mid,1.625020526229363,0.2005004170141784,0.0381205673758865,66.4,94.4,21.9,True,
2026-08,CR00550,youtube,170620.0,mid,1.7126772945727349,0.1310573417301955,0.0107660758752014,69.1,74.5,7.3,True,
2026-09,CR00550,youtube,,,,,,,,,False,
2026-07,CR00551,all,,,,,,44.1,47.7,52.1,False,The Hub
2026-08,CR00551,all,,,,,,53.6,53.7,38.9,True,The Lens
2026-09,CR00551,all,,,,,,39.0,52.0,32.2,True,The Lens
2026-07,CR00551,instagram,30140.0,micro,,0.2222222222222222,0.1851851851851851,,95.3,65.4,False,
2026-08,CR00551,instagram,33280.0,micro,0.05625,0.2132701421800948,0.1176470588235294,0.2,93.8,43.8,True,
2026-09,CR00551,instagram,34380,micro,0.05977312390924956,0.2361126092115198,0.10975609756097561,0.4,96.4,39.8,True,
2026-07,CR00551,tiktok,56525.0,micro,2.400548429898275,0.0768102413655154,0.0383686952102655,37.0,44.6,7.8,True,
2026-08,CR00551,tiktok,56020.0,micro,5.842770439128882,0.1066772026866851,0.0498055378185406,79.0,62.2,12.1,True,
2026-09,CR00551,tiktok,58298,micro,2.724553157912793,0.10475649043016866,0.06097173705938393,42.7,57.3,18.1,True,
2026-07,CR00551,youtube,497816.0,mid,1.2480494801292044,-0.074151084461935,0.1796632184441249,51.2,3.1,83.1,True,
2026-08,CR00551,youtube,497219.0,mid,2.3363708949175312,-0.0539577379570682,0.1050456051651692,81.7,5.0,60.8,True,
2026-09,CR00551,youtube,476009,mid,1.9868216777413872,-0.11831408540707743,0.0678737067427756,73.8,2.4,38.7,True,
2026-07,CR00552,all,,,,,,51.7,47.2,82.4,False,The Hub
2026-08,CR00552,all,,,,,,60.4,30.9,36.2,True,The Pulse
2026-09,CR00552,all,,,,,,72.9,52.2,75.8,False,The Hub
2026-07,CR00552,instagram,,,,,,,,,False,
2026-08,CR00552,instagram,275285.0,mid,0.6298599633107507,-0.0152108665400286,0.1088318196053867,57.1,10.0,39.4,True,
2026-09,CR00552,instagram,,,,,,,,,False,
2026-07,CR00552,tiktok,19580.0,micro,,0.0459401709401709,0.2887756526595002,,23.2,87.7,False,
2026-08,CR00552,tiktok,19676.0,micro,8.784254929863794,-0.0116039584065906,0.1508826001681143,91.2,11.6,55.8,True,
2026-09,CR00552,tiktok,19994,micro,6.859357807342203,0.03536844285640309,,85.6,23.2,,False,
2026-07,CR00552,youtube,726.0,nano,1.2672176308539944,0.1451104100946372,0.1538461538461538,51.7,71.1,77.1,True,
2026-08,CR00552,youtube,752.0,nano,0.875,0.1516079632465543,0.02,33.0,71.2,13.4,True,
2026-09,CR00552,youtube,798,nano,1.5325814536340852,0.1615720524017467,0.16666666666666666,60.3,81.3,75.8,True,
2026-07,CR00553,all,,,,,,69.2,41.7,91.8,False,The Hub
2026-08,CR00553,all,,,,,,52.6,36.0,68.9,True,The Hub
2026-09,CR00553,all,,,,,,70.3,24.5,81.3,False,The Hub
2026-07,CR00553,instagram,1336600.0,macro,0.7021449947628311,0.0754747344705503,,56.1,42.9,,False,
2026-08,CR00553,instagram,1380272.0,macro,0.3157486350516419,0.110600442865235,0.4732830530607894,19.5,70.6,100.0,True,
2026-09,CR00553,instagram,,,,,,,,,False,
2026-07,CR00553,tiktok,84069.0,micro,5.498114643923444,0.1336623649824022,0.2933930571108623,77.9,74.5,88.6,True,
2026-08,CR00553,tiktok,88771.0,micro,6.02658525869935,0.0507184622304287,0.2293209662905793,80.2,30.9,76.4,True,
2026-09,CR00553,tiktok,90030.0,micro,,0.04455273233553777,,,25.7,,False,
2026-07,CR00553,youtube,27188.0,micro,1.903376489627777,-0.0164954420489075,0.2895972325179145,73.5,7.8,94.9,True,
2026-08,CR00553,youtube,27800.0,micro,1.4388489208633093,-0.0176678445229682,0.0466101694915254,58.0,6.5,30.3,True,
2026-09,CR00553,youtube,27314,micro,1.9024309877718386,0.03517016599711968,0.19315068493150686,70.3,23.4,81.3,True,
2026-08,CR00555,all,,,,,,24.2,51.6,57.3,False,The Hub
2026-08,CR00555,tiktok,36980.0,micro,0.9518658734451054,0.0338272295219457,,6.7,22.5,,False,
2026-08,CR00555,youtube,37113.0,micro,1.090453479912699,0.1596362954630671,0.0969030969030969,41.8,80.8,57.3,True,
2026-07,CR00557,all,,,,,,45.3,43.2,61.7,False,The Hub
2026-08,CR00557,all,,,,,,49.6,43.7,63.4,False,The Hub
2026-09,CR00557,all,,,,,,62.6,30.8,38.8,False,The Pulse
2026-07,CR00557,instagram,11490.0,micro,0.3052219321148825,0.0638888888888888,,17.9,36.1,,False,
2026-08,CR00557,instagram,11950.0,micro,0.2851882845188284,0.052863436123348,,15.5,30.2,,False,
2026-09,CR00557,instagram,12600.0,micro,0.48293650793650794,0.09565217391304348,0.011320754716981131,38.9,53.2,2.8,True,
2026-07,CR00557,tiktok,77820.0,micro,2.9182215368799795,0.1285540841968546,0.1431708991077556,47.6,73.0,50.2,True,
2026-08,CR00557,tiktok,79300.0,micro,3.165170239596469,0.1443001443001443,0.1019621897679419,49.9,77.8,38.0,True,
2026-09,CR00557,tiktok,,,,,,,,,False,
2026-07,CR00557,youtube,994844.0,mid,1.7653109432232592,0.015990833202272,0.1445479995747546,70.4,20.4,73.2,True,
2026-08,CR00557,youtube,992400.0,mid,2.442026400644901,0.0358973288379035,0.22131644901728,83.4,23.0,88.9,True,
2026-09,CR00557,youtube,970324,mid,2.753835832155033,-0.025178172086004827,0.16373616842000918,86.3,8.4,74.7,True,
2026-07,CR00559,all,,,,,,41.8,29.8,40.2,True,The Pulse
2026-08,CR00559,all,,,,,,55.4,45.7,30.4,True,The Pulse
2026-09,CR00559,all,,,,,,46.6,55.8,72.2,False,The Hub
2026-07,CR00559,instagram,7170.0,nano,0.7820083682008369,0.0749625187406296,0.1436950146627566,63.9,33.9,51.0,True,
2026-08,CR00559,instagram,7313.0,nano,1.3139614385341174,0.0220824598183088,0.1127214170692431,86.2,9.9,40.8,True,
2026-09,CR00559,instagram,7430.0,nano,0.9074024226110363,0.08309037900874636,0.27505827505827507,71.8,51.9,86.5,False,
2026-07,CR00559,tiktok,11700.0,micro,1.7071794871794872,0.0493273542600896,0.096,19.8,25.8,29.3,True,
2026-08,CR00559,tiktok,12200.0,micro,1.834344262295082,0.1509433962264151,0.0695067264573991,24.6,81.5,20.1,True,
2026-09,CR00559,tiktok,12529,micro,1.756884029052598,0.11033321517192485,0.15203426124197003,21.4,59.8,57.8,True,
2026-09,CR00563,all,,,,,,,,,False,
2026-09,CR00563,youtube,,,,,,,,,False,
2026-07,CR00566,all,,,,,,62.3,60.3,71.5,False,The Hub
2026-08,CR00566,all,,,,,,59.2,67.6,49.8,True,The Lens
2026-09,CR00566,all,,,,,,63.0,65.5,68.8,True,The Hub
2026-07,CR00566,instagram,9040.0,nano,,0.2166890982503364,0.4444444444444444,,96.8,98.3,False,
2026-08,CR00566,instagram,10271.0,micro,0.3024048291305617,0.2421090821139194,0.1469194312796208,18.3,97.9,56.4,True,
2026-09,CR00566,instagram,10734,micro,0.3596049934786659,0.2132926415734147,0.3516483516483517,25.6,94.4,96.1,True,
2026-07,CR00566,tiktok,835804.0,mid,4.234021373432049,0.0617981881678288,0.2236655889835608,67.3,39.7,76.3,True,
2026-08,CR00566,tiktok,828970.0,mid,5.885537474214989,0.0619923646519254,0.2240966711011208,79.2,42.0,75.3,True,
2026-09,CR00566,tiktok,836050.0,mid,7.621260690150111,0.05601869394972843,0.28337938898246107,89.9,34.4,88.3,True,
2026-07,CR00566,youtube,26006.0,micro,1.3813350765208028,0.086208336813967,0.0741839762611275,57.3,44.4,39.9,True,
2026-08,CR00566,youtube,26220.0,micro,2.230549199084668,0.120034173430158,0.0270506108202443,80.2,63.0,17.7,True,
2026-09,CR00566,youtube,27715,micro,1.9762944254014072,0.12456887806857375,0.035175879396984924,73.4,67.7,22.1,True,
2026-07,CR00568,all,,,,,,30.6,90.2,48.1,True,The Lens
2026-08,CR00568,all,,,,,,34.6,90.3,7.5,True,The Lens
2026-09,CR00568,all,,,,,,,,,False,
2026-07,CR00568,youtube,46577.0,micro,0.8784378555939627,0.18973664716851,0.0876853642811089,30.6,90.2,48.1,True,
2026-08,CR00568,youtube,47604.0,micro,0.9114570204184522,0.1929033228086002,0.0108049702863317,34.6,90.3,7.5,True,
2026-09,CR00568,youtube,,,,,,,,,False,
2026-07,CR00569,all,,,,,,40.4,22.6,50.8,True,The Hub
2026-08,CR00569,all,,,,,,51.0,30.8,40.9,True,The Pulse
2026-09,CR00569,all,,,,,,42.5,15.4,41.7,False,The Pulse
2026-07,CR00569,instagram,63741.0,micro,0.4507930531369134,-0.0303486673968601,0.0133951571354971,31.5,5.5,3.4,True,
2026-08,CR00569,instagram,63840.0,micro,0.5775375939849624,0.0271922767497988,0.0348027842227378,51.8,16.5,11.0,True,
2026-09,CR00569,instagram,62940.0,micro,0.5517318080711789,0.007846277021617293,0.03334856098675194,45.1,10.3,6.6,True,
2026-07,CR00569,tiktok,21870.0,micro,1.662368541380887,0.087518647439085,0.1961367013372957,18.8,50.9,68.5,True,
2026-08,CR00569,tiktok,22390.0,micro,1.6071460473425636,0.065683008091385,0.1123723041997729,18.9,38.9,41.9,True,
2026-09,CR00569,tiktok,23172,micro,1.731572587605731,0.05250726744186047,,20.3,29.9,,False,
2026-07,CR00569,youtube,76038.0,micro,1.7896841053157633,0.0012245704127987,0.1698766175142943,70.8,11.4,80.6,True,
2026-08,CR00569,youtube,75210.0,micro,2.368647786198644,0.0724369028946242,0.1352750362343847,82.2,37.0,69.7,True,
2026-09,CR00569,youtube,77424,micro,1.5883963628848936,-0.026431607273093075,0.16915372035977105,62.2,6.0,76.8,True,
2026-07,CR00570,all,,,,,,69.2,65.6,53.8,False,The Pulse
2026-08,CR00570,all,,,,,,61.2,70.9,20.5,True,The Lens
2026-09,CR00570,all,,,,,,52.8,61.0,38.4,False,The Lens
2026-07,CR00570,instagram,,,,,,,,,False,
2026-08,CR00570,instagram,52005.0,micro,0.6308624170752812,0.1026652248584695,0.0554166666666666,57.3,54.3,17.9,True,
2026-09,CR00570,instagram,,,,,,,,,False,
2026-07,CR00570,tiktok,17550.0,micro,9.695327635327637,0.0727383863080684,,93.3,41.2,,False,
2026-08,CR00570,tiktok,9010.0,nano,11.700554938956715,0.1463104325699745,0.0635634931795809,96.9,66.0,17.2,True,
2026-09,CR00570,tiktok,18720.0,micro,6.600373931623932,0.048152295632698766,0.1199421965317919,84.1,27.4,42.0,True,
2026-07,CR00570,youtube,8788.0,nano,1.1368912152935822,0.2231036882393876,0.0975609756097561,45.0,90.0,53.8,True,
2026-08,CR00570,youtube,9466.0,nano,0.809106275089795,0.2207892700541656,0.0411764705882352,29.3,92.5,26.3,True,
2026-09,CR00570,youtube,9906,nano,0.7158287906319403,0.2336239103362391,0.056179775280898875,21.5,94.7,34.7,True,
2026-07,CR00571,all,,,,,,12.6,52.5,45.0,False,The Lens
2026-08,CR00571,all,,,,,,20.5,60.2,91.0,False,The Hub
2026-09,CR00571,all,,,,,,24.8,53.6,29.7,False,The Lens
2026-07,CR00571,tiktok,1630.0,nano,,,0.056768558951965,,,11.2,False,
2026-08,CR00571,tiktok,,,,,,,,,False,
2026-09,CR00571,tiktok,1750.0,nano,1.534857142857143,,0.00684931506849315,15.0,,1.3,False,
2026-07,CR00571,youtube,198680.0,mid,0.5516106301590498,0.0855584878238016,0.1633267845448592,12.6,52.5,78.8,True,
2026-08,CR00571,youtube,203530.0,mid,0.6611310371935342,0.1033230335555916,0.2360408344429649,20.5,60.2,91.0,True,
2026-09,CR00571,youtube,209310,mid,0.9385409201662606,0.09316815601318215,0.10722325850646428,34.6,53.6,58.1,True,
2026-07,CR00573,all,,,,,,,,,False,
2026-08,CR00573,all,,,,,,2.2,15.3,74.6,True,The Hub
2026-09,CR00573,all,,,,,,4.0,,,False,The Pulse
2026-07,CR00573,tiktok,,,,,,,,,False,
2026-08,CR00573,tiktok,95130.0,micro,0.5887101860611794,0.0080534068030094,0.2226855713094245,2.2,15.3,74.6,True,
2026-09,CR00573,tiktok,92840.0,micro,0.8320336062042223,,,4.0,,,False,
2026-07,CR00574,all,,,,,,60.0,38.4,32.1,False,The Pulse
2026-08,CR00574,all,,,,,,52.5,79.2,18.2,False,The Lens
2026-09,CR00574,all,,,,,,51.0,67.5,11.8,False,The Lens
2026-07,CR00574,instagram,6781.0,nano,0.9237575578823184,0.0534410439645797,0.0529411764705882,72.1,22.6,14.4,True,
2026-08,CR00574,instagram,7050.0,nano,,0.1444805194805195,0.0323624595469255,,80.3,10.5,False,
2026-09,CR00574,instagram,7236,nano,0.6835268103924821,0.09206157561122849,0.048034934497816595,57.3,61.1,12.7,True,
2026-07,CR00574,tiktok,102260.0,mid,2.170193624095443,,0.1828038966539601,30.7,,64.2,False,
2026-08,CR00574,tiktok,106720.0,mid,3.473313343328336,0.1467870191274446,0.0804702451471794,55.6,86.6,25.8,True,
2026-09,CR00574,tiktok,113240.0,mid,2.485146591310491,0.13809045226130653,0.06285626251733169,38.1,78.8,19.2,True,
2026-07,CR00574,youtube,137467.0,mid,2.1270195756072368,0.0866870617623576,0.0303214069132807,77.3,54.3,17.8,True,
2026-08,CR00574,youtube,143323.0,mid,1.236061204412411,0.1223502141755221,,49.4,70.8,,False,
2026-09,CR00574,youtube,146491,mid,1.4626017980626795,0.10887304326762952,0.0035898908673176336,57.6,62.7,3.4,False,
2026-07,CR00576,all,,,,,,69.2,45.5,27.2,False,The Pulse
2026-08,CR00576,all,,,,,,64.6,59.8,32.8,False,The Pulse
2026-09,CR00576,all,,,,,,67.7,60.3,25.9,False,The Pulse
2026-07,CR00576,instagram,534563.0,mid,2.212670910631674,0.0787680286399841,0.1052875871476204,97.2,46.6,37.6,True,
2026-08,CR00576,instagram,542100.0,mid,2.3724312857406384,0.0845687533761478,0.1157777260355362,97.2,48.6,42.4,True,
2026-09,CR00576,instagram,539540.0,mid,1.7999536642324943,0.04190483547041557,0.13305616338439097,91.0,27.5,49.7,True,
2026-07,CR00576,tiktok,2143770.0,macro,1.4348334942647765,,0.0944886812061919,13.9,,28.8,False,
2026-08,CR00576,tiktok,2308620.0,macro,1.141215964515598,0.1416434657475311,,8.6,91.7,,False,
2026-09,CR00576,tiktok,2368864,macro,1.5462647919002526,0.1467820001529776,,15.6,75.0,,False,
2026-07,CR00576,youtube,218628.0,mid,4.093231425069067,0.0743654635249023,0.0247052900223962,96.5,44.4,15.2,True,
2026-08,CR00576,youtube,223568.0,mid,2.8052180991912974,0.0630604928057212,0.0358053346524104,88.0,39.1,23.3,True,
2026-09,CR00576,youtube,237384,mid,4.48810787584673,0.14251061249241964,0.001161324573627978,96.4,78.3,2.1,True,
2026-07,CR00577,all,,,,,,47.1,54.8,,False,The Lens
2026-08,CR00577,all,,,,,,9.3,74.6,54.4,False,The Lens
2026-07,CR00577,instagram,258390.0,mid,0.5913657649289833,0.095151309654997,,47.1,54.8,,False,
2026-08,CR00577,instagram,270360.0,mid,,0.1781932278729245,0.0926479378362223,,89.3,33.3,False,
2026-07,CR00577,youtube,,,,,,,,,False,
2026-08,CR00577,youtube,7504.0,nano,0.4285714285714285,0.1349062310949788,0.157190635451505,9.3,60.0,75.4,True,
2026-07,CR00579,all,,,,,,22.7,25.6,,False,The Lens
2026-08,CR00579,all,,,,,,48.4,50.0,57.2,True,The Hub
2026-09,CR00579,all,,,,,,49.2,55.6,48.8,True,The Lens
2026-07,CR00579,instagram,,,,,,,,,False,
2026-08,CR00579,instagram,9980.0,nano,0.4701402805611222,0.1631701631701631,0.3181818181818182,38.2,88.7,92.1,True,
2026-09,CR00579,instagram,10484,micro,0.5811713086608165,0.1854364540931705,0.23968565815324164,47.2,88.5,79.8,True,
2026-07,CR00579,youtube,8204.0,nano,0.7325694783032667,0.066008316008316,,22.7,25.6,,False,
2026-08,CR00579,youtube,8456.0,nano,1.4711447492904446,0.0122097198946612,0.0338164251207729,58.6,11.2,22.2,True,
2026-09,CR00579,youtube,8488,nano,1.258718190386428,0.04160019634310958,0.027932960893854747,51.3,22.7,17.7,True,
2026-07,CR00581,all,,,,,,61.2,22.3,62.3,False,The Hub
2026-08,CR00581,all,,,,,,70.0,21.0,70.8,True,The Hub
2026-09,CR00581,all,,,,,,99.2,25.5,,False,The Pulse
2026-07,CR00581,instagram,,,,,,,,,False,
2026-08,CR00581,instagram,71860.0,micro,2.348510993598664,0.0488979710991096,0.3715173715173715,97.0,26.5,96.0,True,
2026-09,CR00581,instagram,,,,,,,,,False,
2026-07,CR00581,tiktok,250130.0,mid,1.7920121536800864,-0.017479770602561,,22.7,10.3,,False,
2026-08,CR00581,tiktok,261820.0,mid,1.4177220991520891,-0.0069410202920538,0.1300240192153723,13.6,10.2,49.0,True,
2026-09,CR00581,tiktok,,,,,,,,,False,
2026-07,CR00581,youtube,83655.0,micro,7.296061203753512,0.0661713164166549,0.1173700321812616,99.7,34.3,62.3,True,
2026-08,CR00581,youtube,89220.0,micro,6.893398341179108,0.0460780865283151,0.1272747546833184,99.3,26.3,67.4,True,
2026-09,CR00581,youtube,91030.0,micro,7.597264638031418,0.03797035347776511,,99.2,25.5,,False,
2026-07,CR00582,all,,,,,,81.6,,,False,The Pulse
2026-08,CR00582,all,,,,,,81.3,97.5,89.8,True,The Lens
2026-07,CR00582,tiktok,17013.0,micro,5.9198847939810735,,,81.6,,,False,
2026-08,CR00582,tiktok,19368.0,micro,6.229244114002478,0.2416180524392589,0.3059626073774634,81.3,97.5,89.8,True,
2026-09,CR00583,all,,,,,,30.0,46.4,80.6,True,The Hub
2026-09,CR00583,instagram,116090.0,mid,0.4269101559135154,0.046138596016941515,0.29839189994044074,34.0,30.4,90.9,True,
2026-09,CR00583,tiktok,75280.0,micro,1.7541710945802338,0.146163215590743,0.28072870939420547,21.1,78.0,87.8,True,
2026-09,CR00583,youtube,276997,mid,0.9399307573728235,0.04212565838976674,0.11932796574673059,34.8,30.7,63.2,True,
2026-07,CR00584,all,,,,,,57.5,51.6,38.8,False,The Pulse
2026-08,CR00584,all,,,,,,41.0,52.6,30.0,False,The Lens
2026-09,CR00584,all,,,,,,55.1,58.7,54.4,False,The Lens
2026-07,CR00584,instagram,227796.0,mid,0.6875888953273982,0.0796735328410415,0.1326973684210526,55.3,47.9,46.6,True,
2026-08,CR00584,instagram,,,,,,,,,False,
2026-09,CR00584,instagram,242652,mid,0.6948098511448494,0.07438499548376813,0.2316522537690365,57.9,49.3,78.5,True,
2026-07,CR00584,tiktok,,,,,,,,,False,
2026-08,CR00584,tiktok,170433.0,mid,1.4451133289914513,0.1007537152932514,0.1101639344262295,14.5,61.8,41.3,True,
2026-09,CR00584,tiktok,,,,,,,,,False,
2026-07,CR00584,youtube,20505.0,micro,1.452475006096074,0.1040219673719916,0.0578034682080924,59.7,55.2,31.0,False,
2026-08,CR00584,youtube,21390.0,micro,1.6769518466573166,0.0846855983772819,0.0275,67.5,43.5,18.6,True,
2026-09,CR00584,youtube,22547,micro,1.2838958619772032,0.12465083798882681,0.048824593128390596,52.3,68.1,30.3,True,
2026-07,CR00587,all,,,,,,23.4,64.6,42.6,False,The Lens
2026-08,CR00587,all,,,,,,28.6,80.4,39.0,False,The Lens
2026-09,CR00587,all,,,,,,32.7,75.0,54.8,False,The Lens
2026-07,CR00587,instagram,,,,,,,,,False,
2026-08,CR00587,instagram,3045.0,nano,0.4495894909688013,0.2908011869436201,0.1568627450980392,35.0,100.0,61.1,True,
2026-09,CR00587,instagram,3350.0,nano,0.7035820895522388,0.3188976377952756,,58.5,100.0,,False,
2026-07,CR00587,tiktok,276130.0,mid,2.084797015898309,0.115541550519129,0.2102198162729658,28.4,72.4,73.1,True,
2026-08,CR00587,tiktok,,,,,,,,,False,
2026-09,CR00587,tiktok,301450.0,mid,1.770771272184442,0.16786765845343252,0.2746294348283447,21.6,89.4,86.5,True,
2026-07,CR00587,youtube,112010.0,mid,0.6603517543076511,0.091502631066069,0.0179558011049723,18.5,56.8,12.2,True,
2026-08,CR00587,youtube,112866.0,mid,0.7042421987135187,0.1048721036092919,0.0263819095477386,22.2,60.9,17.0,True,
2026-09,CR00587,youtube,115950,mid,0.6339801638637343,0.04963473254456082,0.03571428571428571,18.1,35.5,23.0,True,
2026-07,CR00588,all,,,,,,52.5,41.4,38.2,False,The Pulse
2026-08,CR00588,all,,,,,,73.8,62.0,49.7,True,The Pulse
2026-09,CR00588,all,,,,,,56.3,31.4,52.5,False,The Pulse
2026-07,CR00588,instagram,7520.0,nano,3.059308510638298,,,99.1,,,False,
2026-08,CR00588,instagram,7490.0,nano,4.939252336448599,0.1014705882352941,0.1092530657748049,99.6,53.5,39.9,True,
2026-09,CR00588,instagram,8081,nano,3.347729241430516,0.05703073904512754,0.059947545897339825,98.9,31.5,17.4,True,
2026-07,CR00588,tiktok,37550.0,micro,3.22878828229028,,0.0647021140294683,53.6,,15.3,False,
2026-08,CR00588,tiktok,38510.0,micro,8.681848870423266,0.1648517846339988,0.0811022849857801,91.0,84.0,26.5,True,
2026-09,CR00588,tiktok,,,,,,,,,False,
2026-07,CR00588,youtube,116836.0,mid,0.3543770755589031,0.0685665681961605,0.1136950904392764,4.8,41.4,61.0,True,
2026-08,CR00588,youtube,121080.0,mid,0.8401222332342253,0.0825212337952615,0.1915826391933362,30.9,48.4,82.6,True,
2026-09,CR00588,youtube,125890,mid,0.5499086504090873,0.04499912840647802,0.22165532879818595,13.7,31.3,87.6,True,
2026-07,CR00589,all,,,,,,79.7,37.3,38.8,False,The Pulse
2026-08,CR00589,all,,,,,,62.3,77.0,63.8,False,The Lens
2026-09,CR00589,all,,,,,,74.4,53.5,54.0,True,The Pulse
2026-07,CR00589,tiktok,12220.0,micro,7.373895253682487,,,88.5,,,False,
2026-08,CR00589,tiktok,,,,,,,,,False,
2026-09,CR00589,tiktok,12208,micro,9.215022935779816,0.037918721305900356,0.16200974109202768,94.3,24.5,61.4,True,
2026-07,CR00589,youtube,97668.0,micro,1.7897366588852028,0.0713557035200684,0.072023752514127,70.9,37.3,38.8,True,
2026-08,CR00589,youtube,103300.0,mid,1.5630203291384317,0.1401766004415011,0.1146039603960396,62.3,77.0,63.8,True,
2026-09,CR00589,youtube,107042,mid,1.372096933913791,0.1654762423239406,0.08401003986416654,54.6,82.5,46.5,True,
2026-07,CR00591,all,,,,,,52.1,47.0,39.5,False,The Pulse
2026-08,CR00591,all,,,,,,91.1,11.0,75.8,False,The Pulse
2026-09,CR00591,all,,,,,,83.1,25.8,80.9,False,The Pulse
2026-07,CR00591,instagram,75720.0,micro,1.8876386687797144,0.0182894029047875,,94.8,16.4,,False,
2026-08,CR00591,instagram,76200.0,micro,1.6266666666666667,0.0086035737921906,0.214729910986465,91.1,11.0,75.8,True,
2026-09,CR00591,instagram,79114,micro,1.2150567535455166,0.043940673493085614,0.24972079517534063,83.1,25.8,80.9,True,
2026-07,CR00591,tiktok,71140.0,micro,1.2397104301377566,0.1387866175764366,0.117743979721166,9.4,77.5,39.5,True,
2026-08,CR00591,tiktok,,,,,,,,,False,
2026-09,CR00591,tiktok,,,,,,,,,False,
2026-07,CR00592,all,,,,,,,,,False,
2026-09,CR00592,all,,,,,,69.1,93.8,3.9,True,The Lens
2026-07,CR00592,tiktok,,,,,,,,,False,
2026-09,CR00592,tiktok,85521,micro,4.566398896177547,0.1963990934780784,0.02440790903165061,69.1,93.8,3.9,True,
2026-07,CR00593,all,,,,,,94.3,61.9,31.7,False,The Pulse
2026-08,CR00593,all,,,,,,93.6,59.6,34.0,False,The Pulse
2026-09,CR00593,all,,,,,,76.8,,,False,The Pulse
2026-07,CR00593,instagram,52603.0,micro,1.4699541851225215,0.1347614116834929,,90.5,74.5,,False,
2026-08,CR00593,instagram,,,,,,,,,False,
2026-09,CR00593,instagram,57159,micro,1.115817281617943,,,80.1,,,False,
2026-07,CR00593,tiktok,207729.0,mid,11.956669506905632,-0.0042756961187991,0.045583680444302,96.3,13.5,9.1,True,
2026-08,CR00593,tiktok,216800.0,mid,7.669211254612546,0.0170763745543253,0.0681704816272238,88.8,20.4,18.8,True,
2026-09,CR00593,tiktok,216940.0,mid,5.053913524476814,,,73.4,,,False,
2026-07,CR00593,youtube,7116.0,nano,4.066891512085442,0.2565777856259933,0.0985576923076923,96.2,97.8,54.3,True,
2026-08,CR00593,youtube,7730.0,nano,5.903104786545925,0.2819237147595356,0.0803839232153569,98.4,98.8,49.1,True,
2026-09,CR00593,youtube,,,,,,,,,False,
2026-07,CR00594,all,,,,,,88.8,15.8,49.5,True,The Pulse
2026-08,CR00594,all,,,,,,87.3,14.3,,False,The Pulse
2026-09,CR00594,all,,,,,,75.9,23.2,49.2,True,The Pulse
2026-07,CR00594,instagram,138030.0,mid,1.4102151706150836,0.017695200176952,0.1416314508899987,88.8,15.8,49.5,True,
2026-08,CR00594,instagram,143110.0,mid,1.3837327929564671,0.0051271245961511,,87.3,14.3,,False,
2026-09,CR00594,instagram,137090,mid,1.0159238456488437,0.02700677978799116,0.1323553382233089,75.9,23.2,49.2,True,
2026-07,CR00595,all,,,,,,49.0,80.7,,True,The Lens
2026-08,CR00595,all,,,,,,52.6,72.5,,True,The Lens
2026-09,CR00595,all,,,,,,,,,False,
2026-07,CR00595,instagram,22760.0,micro,0.6150702987697715,0.1524050632911392,,49.0,80.7,,True,
2026-08,CR00595,instagram,24450.0,micro,0.5884253578732106,0.1372093023255814,,52.6,72.5,,True,
2026-09,CR00595,instagram,,,,,,,,,False,
2026-09,CR00596,all,,,,,,90.9,31.0,47.0,False,The Pulse
2026-09,CR00596,instagram,,,,,,,,,False,
2026-09,CR00596,tiktok,19010,micro,8.148605996843767,0.05616978721040058,0.24195575666163902,90.9,32.4,81.3,True,
2026-09,CR00596,youtube,576960.0,mid,,0.03885627858403255,0.020454069889098137,,29.5,12.8,False,
2026-07,CR00598,all,,,,,,34.4,89.5,68.3,True,The Lens
2026-08,CR00598,all,,,,,,12.6,98.5,33.3,True,The Lens
2026-09,CR00598,all,,,,,,,97.9,,False,The Lens
2026-07,CR00598,tiktok,75130.0,micro,2.334659922800479,0.1713439351418771,0.1946522582432807,34.4,89.5,68.3,True,
2026-08,CR00598,tiktok,82670.0,micro,1.3560904802225715,0.2738058551617873,0.0907997594708358,12.6,98.5,33.3,True,
2026-09,CR00598,tiktok,89110.0,micro,,0.2440318302387268,,,97.9,,False,
2026-08,CR00599,all,,,,,,74.6,11.4,70.8,False,The Pulse
2026-08,CR00599,instagram,57588.0,micro,,,,,,,False,
2026-08,CR00599,tiktok,,,,,,,,,False,
2026-08,CR00599,youtube,16998.0,micro,1.932050829509354,0.0049663001064207,0.1396895787139689,74.6,11.4,70.8,True,
2026-07,CR00601,all,,,,,,57.5,39.0,51.8,False,The Pulse
2026-08,CR00601,all,,,,,,36.1,39.6,33.9,False,The Lens
2026-09,CR00601,all,,,,,,57.6,13.8,25.2,False,The Pulse
2026-07,CR00601,instagram,,,,,,,,,False,
2026-08,CR00601,instagram,,,,,,,,,False,
2026-09,CR00601,instagram,,,,,,,,,False,
2026-07,CR00601,tiktok,20763.0,micro,2.1460771564802776,0.0935952807331718,0.1878072763028515,29.9,53.9,65.8,True,
2026-08,CR00601,tiktok,21990.0,micro,2.433105957253297,0.0869995056846267,0.0741467242055708,36.1,53.1,21.9,True,
2026-09,CR00601,tiktok,22098,micro,2.373698977283012,-0.016555407209612818,0.11924882629107982,34.5,9.5,41.5,True,
2026-07,CR00601,youtube,295437.0,mid,2.70976214895223,0.0300324590426848,0.0682475672832471,85.1,24.1,37.7,True,
2026-08,CR00601,youtube,296660.0,mid,,0.0401932699151814,0.0736666534291728,,26.1,45.9,False,
2026-09,CR00601,youtube,310666,mid,2.393557711497235,0.011934775669213882,0.013478936306314538,80.6,18.1,8.8,True,
2026-07,CR00602,all,,,,,,3.1,,39.3,False,The Hub
2026-08,CR00602,all,,,,,,6.9,73.6,,False,The Lens
2026-09,CR00602,all,,,,,,0.6,,6.5,False,The Hub
2026-07,CR00602,tiktok,2370.0,nano,0.8371308016877637,,0.1176470588235294,3.1,,39.3,False,
2026-08,CR00602,tiktok,2421.0,nano,0.9760429574555968,0.1617082533589251,,6.9,73.6,,False,
2026-09,CR00602,tiktok,2560.0,nano,0.509765625,,0.030303030303030304,0.6,,6.5,False,
2026-07,CR00604,all,,,,,,87.7,,25.3,False,The Pulse
2026-08,CR00604,all,,,,,,76.6,19.6,33.7,True,The Pulse
2026-09,CR00604,all,,,,,,97.3,43.2,31.8,False,The Pulse
2026-07,CR00604,instagram,,,,,,,,,False,
2026-08,CR00604,instagram,33790.0,micro,0.6484758804379994,-0.0147135492092915,0.0813793103448275,58.6,7.2,26.8,True,
2026-09,CR00604,instagram,,,,,0.15546218487394958,,,57.5,False,
2026-07,CR00604,tiktok,27620.0,micro,7.085409123823316,,0.0885739592559787,87.7,,25.3,False,
2026-08,CR00604,tiktok,28930.0,micro,10.125198755617006,0.0531488896978522,0.1082745651151857,94.5,32.0,40.6,True,
2026-09,CR00604,tiktok,29140.0,micro,10.393273850377488,0.07607090103397342,0.028294573643410852,97.3,43.2,6.0,True,
2026-07,CR00605,all,,,,,,45.8,49.1,49.0,True,The Lens
2026-08,CR00605,all,,,,,,43.8,63.0,20.5,False,The Lens
2026-09,CR00605,all,,,,,,47.1,49.5,46.1,True,The Lens
2026-07,CR00605,instagram,38730.0,micro,0.8786728634133747,0.1252178965717606,0.0512927439532944,69.5,69.0,13.4,True,
2026-08,CR00605,instagram,39810.0,micro,0.6152223059532781,0.1525767226404169,0.0520425293788472,55.8,77.0,16.1,True,
2026-09,CR00605,instagram,40920.0,micro,0.9457478005865103,0.10954446854663774,0.1822477219034762,73.5,59.1,64.9,True,
2026-07,CR00605,tiktok,109030.0,mid,2.711721544529029,0.0369982879969564,0.1834050297816016,43.2,30.8,64.4,True,
2026-08,CR00605,tiktok,,,,,,,,,False,
2026-09,CR00605,tiktok,115600.0,mid,1.6179325259515571,0.05599707682470083,0.16829484902309058,18.0,33.8,63.0,True,
2026-07,CR00605,youtube,18449.0,micro,0.7812889587511518,0.0903019916080609,0.1305241521068859,24.6,47.4,69.3,True,
2026-08,CR00605,youtube,19355.0,micro,0.8589511754068716,0.0939354546995987,0.0382022471910112,31.9,49.0,24.9,True,
2026-09,CR00605,youtube,19172,micro,1.2277800959732943,0.10348797053067803,0.01609517144856543,49.8,55.7,10.5,True,
2026-07,CR00609,all,,,,,,36.8,20.1,60.9,False,The Hub
2026-09,CR00609,all,,,,,,40.8,17.5,70.7,False,The Hub
2026-07,CR00609,instagram,34690.0,micro,0.1030556356298645,0.0766604593420235,0.1879194630872483,1.5,42.7,66.6,True,
2026-09,CR00609,instagram,37770.0,micro,0.16023298914482392,0.050333704115684094,,5.6,28.2,,False,
2026-07,CR00609,tiktok,121638.0,mid,,-0.0448002638543147,0.2658852560148056,,5.8,84.5,False,
2026-09,CR00609,tiktok,126357,mid,,-0.009143448632795653,,,7.9,,False,
2026-07,CR00609,youtube,497461.0,mid,1.8474051232156887,-0.016475086695374,0.0578816568047337,72.1,11.7,31.6,True,
2026-09,CR00609,youtube,503960,mid,2.102815699658703,0.010855524442982422,0.14814814814814814,76.0,16.3,70.7,True,
2026-07,CR00610,all,,,,,,28.7,73.9,46.4,True,The Lens
2026-08,CR00610,all,,,,,,34.3,47.8,57.8,True,The Hub
2026-09,CR00610,all,,,,,,36.0,48.6,52.1,True,The Hub
2026-07,CR00610,instagram,789980.0,mid,0.5768905541912454,0.1550259521894875,0.1393690129112869,44.7,82.2,48.5,True,
2026-08,CR00610,instagram,804080.0,mid,0.3456621231718237,0.0613096102319074,0.1418462528144097,24.0,33.6,54.1,True,
2026-09,CR00610,instagram,842150.0,mid,0.46945912248411803,0.08159307492743571,0.12306446715919442,37.4,52.2,44.5,True,
2026-07,CR00610,tiktok,121259.0,mid,1.1715748934099737,0.0813758538890969,0.0850687773764696,7.8,50.0,23.5,True,
2026-08,CR00610,tiktok,121984.0,mid,0.8208371589716684,0.0461839295362739,0.1039562289562289,4.5,33.1,39.1,True,
2026-09,CR00610,tiktok,123044,mid,1.9854279769838432,0.049962027152719114,0.08558145225423625,26.2,31.1,26.7,True,
2026-07,CR00610,youtube,29722.0,micro,0.920059215396003,0.1865543534672042,0.1258941344778254,33.7,89.5,67.2,True,
2026-08,CR00610,youtube,31396.0,micro,1.9212957064594216,0.1483960642305863,0.1789126853377265,74.3,76.6,80.3,True,
2026-09,CR00610,youtube,33231,micro,1.1103788631097469,0.11622048302038897,0.20961995249406176,44.3,62.4,85.0,True,
2026-07,CR00613,all,,,,,,45.0,74.8,59.6,False,The Lens
2026-08,CR00613,all,,,,,,37.7,56.9,25.6,False,The Lens
2026-09,CR00613,all,,,,,,53.4,51.6,36.3,False,The Pulse
2026-07,CR00613,instagram,17176.0,micro,0.8336632510479739,0.1198330942756552,,66.9,65.7,,False,
2026-08,CR00613,instagram,17390.0,micro,0.4848763657274295,0.0603658536585365,0.044927536231884,40.8,32.6,14.2,True,
2026-09,CR00613,instagram,17530.0,micro,0.9656018254420993,0.026947861745752782,0.07542147293700088,74.4,15.9,23.8,True,
2026-07,CR00613,tiktok,,,,,,,,,False,
2026-08,CR00613,tiktok,3260.0,nano,3.930368098159509,,0.1161356628982528,62.5,,43.7,False,
2026-09,CR00613,tiktok,,,,,0.14170506912442396,,,52.5,False,
2026-07,CR00613,youtube,44677.0,micro,0.7433578798934575,0.1607430501428942,0.1100062150403977,23.0,84.0,59.6,True,
2026-08,CR00613,youtube,47462.0,micro,0.4398676836205806,0.1608942373544662,0.0287292817679558,9.9,81.2,19.0,False,
2026-09,CR00613,youtube,49204,micro,0.9111251117795302,0.170687604092315,0.0519893899204244,32.5,87.2,32.6,True,
2026-07,CR00615,all,,,,,,85.6,56.4,69.6,False,The Pulse
2026-08,CR00615,all,,,,,,17.6,48.6,61.5,False,The Hub
2026-09,CR00615,all,,,,,,49.3,64.6,75.4,False,The Hub
2026-07,CR00615,instagram,10626.0,micro,0.9868247694334652,0.0392176039119804,,76.2,24.1,,True,
2026-08,CR00615,instagram,10590.0,micro,0.4069877242681775,,,30.2,,,False,
2026-09,CR00615,instagram,10600.0,micro,0.8524528301886792,,,67.3,,,False,
2026-07,CR00615,tiktok,71950.0,micro,10.294218207088257,0.1674509167613175,0.1989704800924467,94.9,88.8,69.6,False,
2026-08,CR00615,tiktok,76990.0,micro,,0.0678965254178514,,,40.0,,False,
2026-09,CR00615,tiktok,78796,micro,5.557337935935834,0.12082159824756053,,78.2,64.7,,False,
2026-07,CR00615,youtube,,,,,,,,,False,
2026-08,CR00615,youtube,241641.0,mid,0.3416928418604458,0.0992875859810022,0.1078431372549019,4.9,57.1,61.5,True,
2026-09,CR00615,youtube,243361,mid,0.24596381507308074,0.11208547156964443,0.16597724922440538,2.5,64.5,75.4,True,
2026-07,CR00616,all,,,,,,60.8,40.3,32.6,False,The Pulse
2026-08,CR00616,all,,,,,,37.6,81.4,43.5,False,The Lens
2026-09,CR00616,all,,,,,,51.4,42.1,29.4,False,The Pulse
2026-07,CR00616,instagram,,,,,,,,,False,
2026-08,CR00616,instagram,52648.0,micro,0.1139074608722078,0.1590859055083439,0.3333333333333333,2.6,78.7,94.2,True,
2026-09,CR00616,instagram,55040.0,micro,0.22301962209302326,0.12717591644480852,,11.1,65.5,,False,
2026-07,CR00616,tiktok,67380.0,micro,2.0848026120510537,-0.0632559432781871,0.0240431795878312,28.6,2.6,3.7,True,
2026-08,CR00616,tiktok,65720.0,micro,1.854473524041388,,0.032265774378585,25.3,,7.3,False,
2026-09,CR00616,tiktok,65500.0,micro,3.3187786259541983,-0.03704792708027051,0.11579964567563214,52.4,5.4,39.4,True,
2026-07,CR00616,youtube,10112.0,micro,3.483880537974684,0.1458356940509915,0.1147208121827411,93.1,78.1,61.4,True,
2026-08,CR00616,youtube,10604.0,micro,2.5600716710675218,0.1650186772137991,0.0446096654275092,85.0,84.1,29.0,True,
2026-09,CR00616,youtube,11283,micro,3.289550651422494,0.10336397418345394,0.0300240192153723,90.7,55.3,19.4,True,
2026-07,CR00618,all,,,,,,19.5,83.6,50.8,False,The Lens
2026-09,CR00618,all,,,,,,8.8,63.4,38.8,False,The Lens
2026-07,CR00618,instagram,187490.0,mid,0.311696623819937,0.1427439507527275,0.1106790308106491,18.4,75.3,40.0,True,
2026-09,CR00618,instagram,211367,mid,0.24123444057019308,0.22409539473684212,0.13404565322972317,12.4,97.1,50.6,True,
2026-07,CR00618,tiktok,657310.0,mid,0.7494500311877197,,0.2239113543461369,2.5,,76.5,False,
2026-09,CR00618,tiktok,663260.0,mid,0.6575339987335284,0.0037683308866927976,,2.5,11.3,,False,
2026-07,CR00618,youtube,473822.0,mid,1.0069329832721992,0.1860672357255501,0.063454110722825,37.5,92.0,35.8,True,
2026-09,CR00618,youtube,520369,mid,0.5025472309072985,0.16512173605420244,0.04207367306108038,11.6,81.9,26.9,True,
2026-07,CR00620,all,,,,,,85.1,66.7,55.2,False,The Pulse
2026-08,CR00620,all,,,,,,80.9,63.4,62.4,True,The Pulse
2026-09,CR00620,all,,,,,,88.8,87.2,54.7,False,The Pulse
2026-07,CR00620,instagram,791855.0,mid,2.107488113354086,0.1366432167151599,0.2135881627620222,96.5,74.7,74.1,True,
2026-08,CR00620,instagram,852710.0,mid,2.041494649928385,0.0698996235884567,0.1923872569300786,95.1,40.7,70.6,True,
2026-09,CR00620,instagram,870805,mid,2.1788551972025885,0.1491603708224737,0.14895663414484012,94.4,78.3,54.7,True,
2026-07,CR00620,tiktok,33880.0,micro,7.417916174734357,0.0580886945658963,,88.6,33.3,,False,
2026-08,CR00620,tiktok,60110.0,micro,3.808234902678423,0.0858020231213872,0.3809277014770666,60.5,52.0,96.2,True,
2026-09,CR00620,tiktok,,,,,,,,,False,
2026-07,CR00620,youtube,5437.0,nano,1.7531727055361412,0.2323209428830462,0.0648148148148148,70.1,92.2,36.3,True,
2026-08,CR00620,youtube,5700.0,nano,2.703333333333333,0.2582781456953642,0.0313014827018121,87.1,97.5,20.4,True,
2026-09,CR00620,youtube,6179,nano,2.5191778604952257,0.24752675146375933,,83.1,96.0,,False,
2026-07,CR00621,all,,,,,,61.8,53.8,51.6,False,The Pulse
2026-08,CR00621,all,,,,,,57.8,71.1,82.8,False,The Hub
2026-09,CR00621,all,,,,,,46.1,70.0,92.4,False,The Hub
2026-07,CR00621,instagram,3902.0,nano,0.3605843157355202,0.1602735652691049,0.0617283950617283,22.5,85.5,19.0,True,
2026-08,CR00621,instagram,4010.0,nano,0.2977556109725686,0.2151515151515151,,17.4,93.0,,False,
2026-09,CR00621,instagram,4317,nano,0.3282372017604818,0.21434599156118145,,21.4,94.4,,False,
2026-07,CR00621,tiktok,14334.0,micro,5.335286730849728,,,77.3,,,False,
2026-08,CR00621,tiktok,14670.0,micro,3.970006816632584,0.1407465007776049,0.2780543852929912,63.3,76.7,85.9,True,
2026-09,CR00621,tiktok,15930.0,micro,2.900062774639046,0.15854545454545454,,45.7,83.0,,False,
2026-07,CR00621,youtube,101592.0,mid,2.785878809355068,0.0262647486665589,0.1899212396747134,85.5,22.2,84.3,True,
2026-08,CR00621,youtube,102470.0,mid,3.46972772518786,0.071974055863584,0.1730425911757205,92.6,43.5,79.7,True,
2026-09,CR00621,youtube,101839,mid,1.9345241017684778,0.0476940012139543,0.25175892175976944,71.1,32.5,92.4,True,
2026-07,CR00622,all,,,,,,84.4,24.9,47.4,False,The Pulse
2026-08,CR00622,all,,,,,,60.0,36.9,44.2,False,The Pulse
2026-09,CR00622,all,,,,,,61.7,22.4,30.3,False,The Pulse
2026-07,CR00622,instagram,191990.0,mid,1.2239439554143443,0.0042368448582487,0.1025089605734767,84.4,11.6,36.6,True,
2026-08,CR00622,instagram,191870.0,mid,0.915484442591338,0.0851761778179967,0.0867947000148876,75.8,50.7,30.1,True,
2026-09,CR00622,instagram,190946,mid,0.8668419343688791,0.04523707863938429,0.12789115646258503,68.8,29.7,47.5,True,
2026-07,CR00622,tiktok,,,,,,,,,False,
2026-08,CR00622,tiktok,,,,,,,,,False,
2026-09,CR00622,tiktok,49410.0,micro,3.703137016798219,0.05105296745373325,,58.1,28.6,,False,
2026-07,CR00622,youtube,84022.0,micro,,0.0748899805547027,0.107533805537669,,38.2,58.2,False,
2026-08,CR00622,youtube,81720.0,micro,1.133272148800783,0.039707884324228,0.0982539682539682,44.3,23.1,58.2,True,
2026-09,CR00622,youtube,82851,micro,1.4746231186105176,-0.00997535500528107,0.020959902794653706,58.2,8.9,13.1,True,
2026-07,CR00623,all,,,,,,,,83.2,False,The Hub
2026-08,CR00623,all,,,,,,69.8,42.9,96.8,True,The Hub
2026-09,CR00623,all,,,,,,31.6,50.6,87.8,True,The Hub
2026-07,CR00623,youtube,,,,,0.1798268625393494,,,83.2,False,
2026-08,CR00623,youtube,344440.0,mid,1.7308297526419696,0.0707968178271317,0.3148901758230291,69.8,42.9,96.8,True,
2026-09,CR00623,youtube,355955,mid,0.8913008666825862,0.08433276165119673,0.22191011235955055,31.6,50.6,87.8,True,
2026-07,CR00624,all,,,,,,72.2,36.7,1.4,True,The Pulse
2026-08,CR00624,all,,,,,,59.9,46.5,5.1,True,The Pulse
2026-09,CR00624,all,,,,,,71.9,33.6,13.7,True,The Pulse
2026-07,CR00624,tiktok,11930.0,micro,4.592204526404023,0.066130473637176,0.0141129032258064,72.2,36.7,1.4,True,
2026-08,CR00624,tiktok,12740.0,micro,3.7729984301412873,0.0787468247248094,0.0245587106676899,59.9,46.5,5.1,True,
2026-09,CR00624,tiktok,13030.0,micro,4.92233307751343,0.05677210056772101,0.05077262693156733,71.9,33.6,13.7,True,
2026-07,CR00625,all,,,,,,52.8,37.3,7.5,False,The Pulse
2026-08,CR00625,all,,,,,,74.4,54.7,10.4,False,The Pulse
2026-09,CR00625,all,,,,,,46.8,46.2,67.4,False,The Hub
2026-07,CR00625,instagram,2071.0,nano,0.2139063254466441,,0.0,9.1,,0.9,False,
2026-08,CR00625,instagram,,,,,,,,,False,
2026-09,CR00625,instagram,2114,nano,0.22185430463576158,0.04498269896193772,,10.7,24.1,,False,
2026-07,CR00625,tiktok,101020.0,mid,4.247465848346862,0.097327829676298,,67.9,62.2,,False,
2026-08,CR00625,tiktok,106840.0,mid,3.5939161362785472,0.1467210475474938,,58.2,86.0,,False,
2026-09,CR00625,tiktok,110340.0,mid,3.4838136668479245,0.14081885856079404,0.34166358595194085,54.8,79.5,95.3,True,
2026-07,CR00625,youtube,38390.0,micro,2.3717374316228184,0.0075322153111303,0.022913561847988,81.3,12.4,14.1,True,
2026-08,CR00625,youtube,37827.0,micro,3.247019324820895,0.0397746014293567,0.0162831382048176,90.7,23.4,10.4,True,
2026-09,CR00625,youtube,39202,micro,2.031146370083159,0.06000054078901117,0.06844837531243991,74.9,35.1,39.6,True,
2026-07,CR00627,all,,,,,,73.0,28.4,44.0,False,The Pulse
2026-08,CR00627,all,,,,,,84.0,14.1,53.7,True,The Pulse
2026-09,CR00627,all,,,,,,85.6,14.2,54.9,False,The Pulse
2026-07,CR00627,instagram,46520.0,micro,0.6176268271711092,0.0582347588717015,,49.7,33.9,,False,
2026-08,CR00627,instagram,46031.0,micro,0.7134539766678977,-0.0032049199852746,0.2036036036036036,62.6,9.3,74.6,True,
2026-09,CR00627,instagram,,,,,,,,,False,
2026-07,CR00627,tiktok,200582.0,mid,19.151713513675205,0.0204619454619454,0.2825202746920483,99.4,20.5,86.5,True,
2026-08,CR00627,tiktok,201170.0,mid,18.173017845603223,-0.0210705596107055,0.211542547786,99.6,7.6,71.5,True,
2026-09,CR00627,tiktok,191635,mid,11.833746445064836,-0.04601775198004769,0.31299030523106436,98.3,2.6,93.8,True,
2026-07,CR00627,youtube,297270.0,mid,1.7402765162983147,0.044768251022732,0.0001209774981853,69.9,30.9,1.6,True,
2026-08,CR00627,youtube,300628.0,mid,3.102418936359886,0.0385714236361814,0.0218767298019301,89.8,25.5,14.9,True,
2026-09,CR00627,youtube,299930.0,mid,1.9630213716533857,0.028848792535675082,0.02620420365455599,72.8,25.9,16.0,True,
2026-07,CR00628,all,,,,,,57.7,61.3,19.3,True,The Lens
2026-08,CR00628,all,,,,,,,,,False,
2026-09,CR00628,all,,,,,,29.7,,,False,The Pulse
2026-07,CR00628,instagram,3475.0,nano,0.7159712230215828,0.1260531432274789,0.0619047619047619,57.7,61.3,19.3,True,
2026-08,CR00628,instagram,,,,,,,,,False,
2026-09,CR00628,instagram,3690.0,nano,0.4040650406504065,,,29.7,,,False,
2026-07,CR00630,all,,,,,,54.7,17.3,22.0,True,The Pulse
2026-08,CR00630,all,,,,,,34.4,29.2,8.6,True,The Pulse
2026-09,CR00630,all,,,,,,33.1,27.1,9.5,True,The Pulse
2026-07,CR00630,youtube,542814.0,mid,1.3262130306145383,0.0056860183975766,0.0382331106161841,54.7,17.3,22.0,True,
2026-08,CR00630,youtube,548234.0,mid,0.904869088746776,0.0477797696632864,0.0128543757703821,34.4,29.2,8.6,True,
2026-09,CR00630,youtube,545995,mid,0.9152428135788789,0.03272403318365633,0.014689592062804027,33.1,27.1,9.5,True,
2026-07,CR00631,all,,,,,,42.5,,31.5,False,The Pulse
2026-08,CR00631,all,,,,,,27.7,,43.3,False,The Hub
2026-09,CR00631,all,,,,,,11.6,77.1,4.7,True,The Lens
2026-07,CR00631,tiktok,3090.0,nano,2.6954692556634305,,0.099502487562189,42.5,,31.5,False,
2026-08,CR00631,tiktok,3270.0,nano,1.995107033639144,,0.1159420289855072,27.7,,43.3,False,
2026-09,CR00631,tiktok,3480.0,nano,1.3520114942528736,0.15614617940199335,0.02666666666666667,11.6,77.1,4.7,True,
2026-07,CR00633,all,,,,,,2.9,43.6,78.5,True,The Hub
2026-07,CR00633,tiktok,605110.0,mid,0.7896845201698864,0.0720537169584012,0.2397722265532318,2.9,43.6,78.5,True,
2026-07,CR00634,all,,,,,,28.0,65.9,24.9,True,The Lens
2026-08,CR00634,all,,,,,,18.5,33.5,67.5,True,The Hub
2026-09,CR00634,all,,,,,,38.3,51.0,66.8,True,The Hub
2026-07,CR00634,tiktok,81040.0,micro,2.047593780848964,0.1154852030282174,0.0877959089864399,28.0,65.9,24.9,True,
2026-08,CR00634,tiktok,84160.0,micro,1.587143536121673,0.0551654964894684,0.1927604473219541,18.5,33.5,67.5,True,
2026-09,CR00634,tiktok,85280.0,micro,2.4865384615384616,0.09039764735967268,0.18211169284467713,38.3,51.0,66.8,True,
2026-07,CR00635,all,,,,,,45.6,15.4,60.0,True,The Hub
2026-09,CR00635,all,,,,,,4.3,0.7,,False,The Pulse
2026-07,CR00635,instagram,651080.0,mid,0.1960312096823739,-0.1371280895898217,0.1536753823384311,7.8,0.7,53.9,True,
2026-09,CR00635,instagram,637220,mid,0.1437870751074982,-0.1367348957056212,,4.3,0.7,,False,
2026-07,CR00635,youtube,7233.0,nano,2.478086547767178,0.0747399702823179,0.1233885819521178,83.4,30.0,66.0,True,
2026-09,CR00635,youtube,,,,,,,,,False,
2026-08,CR00636,all,,,,,,39.9,81.4,31.6,False,The Lens
2026-08,CR00636,instagram,249400.0,mid,0.4810785886126704,0.1405835543766578,0.1544309143380024,39.9,79.3,59.7,True,
2026-08,CR00636,tiktok,132500.0,mid,,0.1432269197584124,0.0206061684988205,,83.4,3.5,False,
2026-08,CR00637,all,,,,,,25.7,90.0,30.5,True,The Lens
2026-08,CR00637,instagram,23430.0,micro,0.3725138711054204,0.1947985721570627,0.0876777251184834,25.7,90.0,30.5,True,
2026-07,CR00638,all,,,,,,33.3,40.4,49.3,True,The Hub
2026-08,CR00638,all,,,,,,,27.6,52.8,False,The Hub
2026-09,CR00638,all,,,,,,48.8,10.4,29.3,True,The Pulse
2026-07,CR00638,tiktok,15950.0,micro,2.284764890282132,0.0726294552790854,0.1409660107334526,33.3,40.4,49.3,True,
2026-08,CR00638,tiktok,15800.0,micro,,0.0429042904290429,0.1418439716312056,,27.6,52.8,False,
2026-09,CR00638,tiktok,16063,micro,3.0817406462055654,-0.01138601674052191,0.09315194835139497,48.8,10.4,29.3,True,
2026-07,CR00639,all,,,,,,18.6,61.8,15.8,True,The Lens
2026-08,CR00639,all,,,,,,15.0,71.8,25.6,True,The Lens
2026-09,CR00639,all,,,,,,,,8.6,False,The Hub
2026-07,CR00639,tiktok,44511.0,micro,1.4837006582642494,0.1442416452442159,0.0634881422924901,15.9,80.5,14.2,True,
2026-08,CR00639,tiktok,46110.0,micro,1.5050314465408805,0.1635124905374716,0.080518161036322,17.3,83.6,26.0,True,
2026-09,CR00639,tiktok,,,,,,,,,False,
2026-07,CR00639,youtube,41056.0,micro,0.7144631722525331,0.0855344914201105,0.0283793876026885,21.3,43.1,17.3,True,
2026-08,CR00639,youtube,40657.0,micro,0.4901984898049536,0.1147149946535793,0.0388821385176184,12.7,60.1,25.1,True,
2026-09,CR00639,youtube,,,,,0.013411567476948869,,,8.6,False,
2026-07,CR00641,all,,,,,,70.5,52.9,76.2,False,The Hub
2026-08,CR00641,all,,,,,,64.2,62.0,65.7,True,The Hub
2026-09,CR00641,all,,,,,,69.8,55.8,71.0,False,The Hub
2026-07,CR00641,instagram,18506.0,micro,2.29828163838755,0.0221485777409555,,97.6,17.5,,False,
2026-08,CR00641,instagram,19690.0,micro,1.4753174200101575,0.0501333333333333,0.1331444759206798,88.8,27.5,49.4,True,
2026-09,CR00641,instagram,18992,micro,1.9029591406908173,0.01204305659170841,,91.9,11.5,,False,
2026-07,CR00641,tiktok,95130.0,micro,2.784841795437822,0.2410958904109589,0.1671236901380863,44.4,98.5,58.7,True,
2026-08,CR00641,tiktok,104700.0,mid,1.691222540592168,0.2687833252544838,0.2980186261641352,20.6,100.0,88.3,True,
2026-09,CR00641,tiktok,109640.0,mid,3.0017511856986503,0.27651647456048434,0.19932111337406652,47.6,100.0,71.0,True,
2026-07,CR00641,youtube,290801.0,mid,1.7330167365311673,0.0703924145216562,0.2648323845667299,69.6,42.6,93.7,True,
2026-08,CR00641,youtube,303997.0,mid,2.408750744250766,0.0996494832681615,0.1009828227377368,83.1,58.4,59.5,True,
2026-09,CR00641,youtube,,,,,,,,,False,
2026-09,CR00645,all,,,,,,93.1,82.1,81.6,False,The Pulse
2026-09,CR00645,instagram,12640.0,micro,1.8198575949367088,,0.36231884057971014,91.7,,97.8,False,
2026-09,CR00645,tiktok,105120.0,mid,9.241466894977169,0.1497320354369463,0.17463238746267534,94.5,82.1,65.3,True,
2026-07,CR00648,all,,,,,,31.4,44.0,53.9,False,The Hub
2026-09,CR00648,all,,,,,,64.3,100.0,23.2,False,The Lens
2026-07,CR00648,instagram,28420.0,micro,0.2988740323715693,0.0985697719366061,0.2337278106508875,17.1,56.6,77.6,True,
2026-09,CR00648,instagram,,,,,,,,,False,
2026-07,CR00648,tiktok,,,,,,,,,False,
2026-09,CR00648,tiktok,,,,,,,,,False,
2026-07,CR00648,youtube,22719.0,micro,1.1478058013116774,0.0596548507462686,0.0555768493675737,45.7,31.4,30.2,True,
2026-09,CR00648,youtube,194520,mid,1.6527452190006169,6.899930958859603,0.03585170431397402,64.3,100.0,23.2,True,
2026-08,CR00651,all,,,,,,33.8,18.5,33.8,True,The Pulse
2026-08,CR00651,tiktok,31340.0,micro,2.3586151882578177,0.0198503091441588,0.09263015551048,33.8,18.5,33.8,True,
2026-07,CR00655,all,,,,,,45.8,29.5,44.1,False,The Pulse
2026-08,CR00655,all,,,,,,44.4,1.0,,False,The Pulse
2026-09,CR00655,all,,,,,,37.4,11.2,51.4,True,The Hub
2026-07,CR00655,instagram,133650.0,mid,0.3290684624017957,0.0452021584421678,0.0542975970425138,20.1,29.5,15.4,True,
2026-08,CR00655,instagram,,,,,,,,,False,
2026-09,CR00655,instagram,139458,mid,0.2753660600324112,0.013746029207586122,0.10811554332874829,16.2,16.7,39.2,True,
2026-07,CR00655,youtube,29480.0,micro,1.8296132971506105,,0.1434210526315789,71.6,,72.8,False,
2026-08,CR00655,youtube,28636.0,micro,1.1334334404246402,-0.0689296397450903,,44.4,1.0,,False,
2026-09,CR00655,youtube,28917,micro,1.508904796486496,-0.027411543118525495,0.12122577737719693,58.7,5.7,63.6,True,
2026-07,CR00657,all,,,,,,14.9,59.0,26.7,True,The Lens
2026-08,CR00657,all,,,,,,,,,False,
2026-09,CR00657,all,,,,,,4.9,67.5,23.8,False,The Lens
2026-07,CR00657,tiktok,462190.0,mid,1.4460568164607628,0.0934749692438724,0.0906188956119872,14.9,59.0,26.7,True,
2026-08,CR00657,tiktok,,,,,,,,,False,
2026-09,CR00657,tiktok,499820.0,mid,0.9570325317114161,0.11316006325026169,0.07796917497733455,4.9,67.5,23.8,True,
2026-07,CR00661,all,,,,,,81.2,94.7,22.8,True,The Lens
2026-08,CR00661,all,,,,,,,84.9,25.6,False,The Lens
2026-09,CR00661,all,,,,,,73.8,95.8,,False,The Lens
2026-07,CR00661,tiktok,7890.0,nano,5.917363751584284,0.2194744976816074,0.0820487319741422,81.2,94.7,22.8,True,
2026-08,CR00661,tiktok,8620.0,nano,,0.1759890859481582,0.0803571428571428,,84.9,25.6,False,
2026-09,CR00661,tiktok,9040,nano,5.092035398230088,0.2292629861299973,,73.8,95.8,,False,
2026-07,CR00662,all,,,,,,73.6,78.2,33.5,True,The Lens
2026-08,CR00662,all,,,,,,79.5,78.8,44.6,True,The Pulse
2026-09,CR00662,all,,,,,,92.2,89.8,65.0,False,The Pulse
2026-07,CR00662,instagram,43710.0,micro,0.8331274307938686,0.1216320246343341,0.0586592178770949,66.7,67.2,17.6,True,
2026-08,CR00662,instagram,44780.0,micro,0.6969629298794104,0.1172654690618762,0.116368903911154,60.9,61.2,42.9,True,
2026-09,CR00662,instagram,,,,,,,,,False,
2026-07,CR00662,youtube,98752.0,micro,2.3117709008425145,0.185740187072992,0.0904703594323993,80.4,89.2,49.4,True,
2026-08,CR00662,youtube,101840.0,mid,5.329428515318146,0.2157096812701444,0.0742010021548926,98.1,96.3,46.2,True,
2026-09,CR00662,youtube,111543,mid,3.494033691042916,0.19508223067445224,0.12891723239388328,92.2,89.8,65.0,True,
2026-07,CR00663,all,,,,,,48.6,47.2,83.6,False,The Hub
2026-08,CR00663,all,,,,,,50.4,74.0,74.1,True,The Hub
2026-09,CR00663,all,,,,,,63.9,81.3,85.5,False,The Hub
2026-07,CR00663,instagram,329010.0,mid,1.7028023464332391,0.0432838660578386,,92.9,27.4,,False,
2026-08,CR00663,instagram,335870.0,mid,2.0898978771548515,0.1739601537923802,0.1634689659491847,95.7,87.1,63.9,True,
2026-09,CR00663,instagram,,,,,,,,,False,
2026-07,CR00663,tiktok,20680.0,micro,0.3918762088974855,0.0643335048893463,0.2342995169082125,0.6,35.2,77.9,True,
2026-08,CR00663,tiktok,20780.0,micro,0.3452334630350194,0.0948366701791359,0.1713286713286713,0.4,54.9,62.0,True,
2026-09,CR00663,tiktok,,,,,,,,,False,
2026-07,CR00663,youtube,718260.0,mid,1.2820496756049342,0.129760618343628,0.2226210783950159,52.4,79.0,89.4,True,
2026-08,CR00663,youtube,728588.0,mid,1.3732671962755356,0.1440388408054568,0.3114670010258748,55.2,80.1,96.4,True,
2026-09,CR00663,youtube,789293,mid,1.64067082819688,0.16501155722968924,0.21512357653072867,63.9,81.3,85.5,True,
2026-07,CR00665,all,,,,,,24.7,67.9,28.7,False,The Lens
2026-07,CR00665,instagram,23570.0,micro,0.238650827322868,0.161655988171513,0.0806845965770171,11.5,83.6,27.1,True,
2026-07,CR00665,tiktok,,,,,,,,,False,
2026-07,CR00665,youtube,11232.0,micro,1.013621794871795,0.0981619084865076,0.0556368960468521,37.9,52.3,30.3,True,
2026-07,CR00668,all,,,,,,67.5,37.7,93.1,True,The Hub
2026-08,CR00668,all,,,,,,66.3,21.1,87.1,True,The Hub
2026-09,CR00668,all,,,,,,78.7,47.0,97.0,True,The Hub
2026-07,CR00668,youtube,124303.0,mid,1.6568465765106233,0.0600088687258028,0.260814606741573,67.5,37.7,93.1,True,
2026-08,CR00668,youtube,126080.0,mid,1.657257296954315,0.02813340944304,0.2102782019786202,66.3,21.1,87.1,True,
2026-09,CR00668,youtube,130530,mid,2.2149161112387956,0.07518821765704024,0.31385152561203034,78.7,47.0,97.0,True,
2026-07,CR00669,all,,,,,,24.1,60.4,33.8,False,The Lens
2026-08,CR00669,all,,,,,,11.4,56.4,57.0,False,The Hub
2026-09,CR00669,all,,,,,,24.9,60.0,50.8,False,The Lens
2026-07,CR00669,instagram,21215.0,micro,0.576431769974075,0.1809073197884776,,44.5,88.7,,False,
2026-08,CR00669,instagram,,,,,0.2183406113537118,,,76.6,False,
2026-09,CR00669,instagram,23155,micro,0.5173828546750162,0.1807751147373789,,43.2,86.9,,False,
2026-07,CR00669,tiktok,44510.0,micro,0.8824309144012581,0.0564918110610016,0.1055753262158956,3.7,32.2,33.8,True,
2026-08,CR00669,tiktok,45437.0,micro,1.3110460637806194,0.0983610520208857,0.1008,11.4,56.4,37.5,True,
2026-09,CR00669,tiktok,45016,micro,1.0578905278123334,0.056713615023474176,0.13708579210167954,6.6,33.2,50.8,True,
2026-07,CR00670,all,,,,,,67.7,55.7,45.7,False,The Pulse
2026-08,CR00670,all,,,,,,86.9,43.5,47.5,False,The Pulse
2026-09,CR00670,all,,,,,,81.2,27.8,34.9,False,The Pulse
2026-07,CR00670,instagram,5010.0,nano,1.1137724550898205,,0.0794701986754966,81.6,,26.1,False,
2026-08,CR00670,instagram,,,,,,,,,False,
2026-09,CR00670,instagram,5145,nano,1.0643343051506318,0.04086587092858588,0.08843537414965986,78.6,20.4,29.8,True,
2026-07,CR00670,tiktok,270480.0,mid,5.928290446613428,0.1124912598198494,0.145181171689807,81.8,71.2,51.6,True,
2026-08,CR00670,tiktok,276960.0,mid,11.175324956672444,0.1073734071093226,0.1793058184065811,96.3,65.6,64.0,True,
2026-09,CR00670,tiktok,283650,mid,6.4559809624537285,0.055426151796810465,,83.7,32.5,,False,
2026-07,CR00670,youtube,58581.0,micro,1.0403543811133302,0.0773319111372664,0.1096713021491782,39.8,40.2,59.3,True,
2026-08,CR00670,youtube,57595.0,micro,2.0623665248719507,0.0339472928335487,0.0478159266582779,77.6,21.4,31.0,True,
2026-09,CR00670,youtube,58466,micro,,0.05190622694805779,0.0693233706932337,,30.5,40.0,False,
2026-07,CR00673,all,,,,,,42.9,15.8,57.1,True,The Hub
2026-08,CR00673,all,,,,,,39.9,15.1,70.5,True,The Hub
2026-09,CR00673,all,,,,,,35.0,25.7,72.8,True,The Hub
2026-07,CR00673,instagram,8098.0,nano,0.7419115831069399,-0.0153210116731517,0.0890688259109311,59.6,6.5,31.0,True,
2026-08,CR00673,instagram,8104.0,nano,0.7987413622902271,-0.0025846153846153,0.2792207792207792,67.9,7.0,87.4,True,
2026-09,CR00673,instagram,7886,nano,0.4737509510524981,-0.04815932407966204,0.21568627450980393,38.0,1.9,74.9,True,
2026-07,CR00673,tiktok,407880.0,mid,1.8152446798077864,0.0353860994060009,0.3054479845097694,22.9,30.1,91.1,True,
2026-08,CR00673,tiktok,432750.0,mid,1.7833090699017908,0.0420930960579863,0.212128245084712,23.0,29.9,72.0,True,
2026-09,CR00673,tiktok,429096,mid,1.997697484945094,0.03827950328593966,0.3152968600996009,26.4,26.5,94.0,True,
2026-07,CR00673,youtube,82408.0,micro,1.1528735074264636,-0.0010303904573721,0.0900147565174618,46.2,10.8,49.2,True,
2026-08,CR00673,youtube,82989.0,micro,0.8054561447902734,-0.0044864028405887,0.0856363016035482,28.9,8.4,52.0,True,
2026-09,CR00673,youtube,82900.0,micro,1.0489384800965018,0.08607362766933054,0.09106874059207225,40.5,48.6,49.5,True,
2026-07,CR00674,all,,,,,,66.6,27.1,26.2,False,The Pulse
2026-08,CR00674,all,,,,,,57.0,42.6,58.5,False,The Hub
2026-09,CR00674,all,,,,,,82.4,25.0,60.0,False,The Pulse
2026-07,CR00674,instagram,100250.0,mid,0.9661945137157107,,0.0832405964834186,75.0,,29.3,False,
2026-08,CR00674,instagram,105190.0,mid,0.5959787052001141,0.046875,0.1860388541323674,53.3,27.1,69.0,True,
2026-09,CR00674,instagram,106301,mid,1.1364897790237156,-0.005482425365105205,0.20254045589002959,80.6,11.6,71.8,True,
2026-07,CR00674,tiktok,15360.0,micro,3.140755208333333,,,52.3,,,False,
2026-08,CR00674,tiktok,,,,,,,,,False,
2026-09,CR00674,tiktok,,,,,,,,,False,
2026-07,CR00674,youtube,58905.0,micro,1.856599609540786,0.0521192419668851,0.0395679606459202,72.5,27.1,23.1,True,
2026-08,CR00674,youtube,61442.0,micro,1.5134435728003646,0.1098827652233602,0.0774950256571368,60.7,58.1,48.0,True,
2026-09,CR00674,youtube,61875,micro,2.605591919191919,0.06822851026362585,0.0873220738992551,84.2,38.3,48.2,True,
2026-07,CR00676,all,,,,,,54.6,84.4,24.2,False,The Lens
2026-09,CR00676,all,,,,,,68.1,80.0,36.9,True,The Lens
2026-07,CR00676,instagram,195960.0,mid,1.5162329046744234,0.1829047446577327,0.1093801067654428,91.1,92.5,39.8,True,
2026-09,CR00676,instagram,221280,mid,1.4706209327548807,0.17546441149753783,0.0997395763417188,87.8,89.1,34.5,True,
2026-07,CR00676,tiktok,632632.0,mid,1.620169387574451,0.1226951839771142,0.0451265186809171,18.0,76.3,8.7,True,
2026-09,CR00676,tiktok,674090.0,mid,1.8395510985180021,0.1331148092116322,0.09603378072688885,23.3,76.8,31.1,True,
2026-07,CR00676,youtube,,,,,,,,,False,
2026-09,CR00676,youtube,95175,micro,3.595103756238508,0.14207715845683086,0.08169107856191744,93.2,74.1,45.1,True,
2026-07,CR00680,all,,,,,,48.9,90.6,60.7,True,The Lens
2026-08,CR00680,all,,,,,,60.3,55.3,30.5,True,The Pulse
2026-09,CR00680,all,,,,,,51.4,75.5,22.0,True,The Lens
2026-07,CR00680,tiktok,75120.0,micro,2.98582268370607,0.1787227365447983,0.1723123201674078,48.9,90.6,60.7,True,
2026-08,CR00680,tiktok,76610.0,micro,3.790562589740243,0.0963079564968517,0.0869886164963673,60.3,55.3,30.5,True,
2026-09,CR00680,tiktok,77740.0,micro,3.1872781065088756,0.14155653450807637,0.07186395533473339,51.4,75.5,22.0,True,
2026-07,CR00681,all,,,,,,71.5,18.0,61.4,False,The Pulse
2026-08,CR00681,all,,,,,,65.6,30.7,50.1,False,The Pulse
2026-09,CR00681,all,,,,,,65.0,29.0,59.6,True,The Pulse
2026-07,CR00681,instagram,2418250.0,macro,1.3853625555670424,0.0204964383376658,,88.1,14.3,,False,
2026-08,CR00681,instagram,2471390.0,macro,,0.0821725860762874,0.1286974139785319,,35.3,46.9,False,
2026-09,CR00681,instagram,2505441,macro,1.6993878522783015,0.037724267414856356,0.123154701718908,89.5,12.5,45.0,True,
2026-07,CR00681,tiktok,39580.0,micro,4.234613441131885,-0.0888581952117863,0.1224902723735408,67.5,1.5,42.7,True,
2026-08,CR00681,tiktok,38800.0,micro,7.022371134020618,-0.0388902650483031,0.0883712156936716,85.9,5.8,31.6,True,
2026-09,CR00681,tiktok,37940.0,micro,4.003294675803901,-0.024678663239074552,0.21376978638389427,63.0,7.5,74.4,True,
2026-07,CR00681,youtube,272556.0,mid,1.4451305419803635,0.0614130053819133,0.1683356901676719,59.0,38.3,80.2,True,
2026-08,CR00681,youtube,281229.0,mid,1.1526691770763329,0.0869929886132605,0.142400116334024,45.3,50.9,71.9,True,
2026-09,CR00681,youtube,283844,mid,1.073639041163456,0.11614701915401464,0.10932033266418124,42.4,66.9,59.4,True,
2026-07,CR00682,all,,,,,,73.4,41.4,58.9,False,The Pulse
2026-09,CR00682,all,,,,,,76.4,53.4,14.6,True,The Pulse
2026-07,CR00682,instagram,109650.0,mid,4.368736890104879,0.1023424147984316,,99.8,56.2,,False,
2026-09,CR00682,instagram,120643,mid,2.905174771847517,0.15548468043942573,0.07782445279681627,98.1,81.9,24.9,True,
2026-07,CR00682,youtube,29019.0,micro,1.162135152830904,0.0507658326393163,0.1091628959276018,46.9,26.5,58.9,True,
2026-09,CR00682,youtube,29746,micro,1.3841861090566798,0.037711494854352,0.00423728813559322,54.8,24.8,4.4,True,
2026-07,CR00684,all,,,,,,63.8,50.9,68.5,True,The Hub
2026-08,CR00684,all,,,,,,59.2,40.4,59.0,False,The Pulse
2026-09,CR00684,all,,,,,,73.8,50.1,63.8,False,The Pulse
2026-07,CR00684,instagram,101740.0,mid,0.7739138981718104,0.0696525258897124,0.1688247011952191,62.6,38.4,59.3,True,
2026-08,CR00684,instagram,104370.0,mid,0.5309092651144965,-0.0454545454545454,0.1212319790301441,45.7,4.3,45.2,True,
2026-09,CR00684,instagram,106595,mid,0.94835592663821,0.06397101391411973,0.10153846153846154,73.7,42.8,35.1,True,
2026-07,CR00684,tiktok,199535.0,mid,4.474182474252637,0.0295551760256337,0.2982426447772982,70.6,27.6,90.0,True,
2026-08,CR00684,tiktok,196900.0,mid,3.7353458968511184,0.04561627104243,,59.7,31.8,,False,
2026-09,CR00684,tiktok,201010.0,mid,5.315322620765136,0.024150405054261987,,75.5,17.9,,False,
2026-07,CR00684,youtube,11552.0,micro,1.422351108033241,0.1764945513799776,0.1035502958579881,58.3,86.6,56.1,True,
2026-08,CR00684,youtube,12520.0,micro,1.8516773162939295,0.1696562032884903,0.1485148514851485,72.1,85.1,72.9,True,
2026-09,CR00684,youtube,12804,micro,1.9511871290221805,0.17943994104642594,0.2521891418563923,72.1,89.7,92.6,True,
2026-07,CR00685,all,,,,,,31.6,45.8,38.7,True,The Lens
2026-08,CR00685,all,,,,,,26.5,41.8,34.2,True,The Lens
2026-09,CR00685,all,,,,,,,,,False,
2026-07,CR00685,instagram,570300.0,mid,0.7224776433456076,0.1222622350788122,0.1572083186464575,58.1,66.4,55.4,True,
2026-08,CR00685,instagram,605680.0,mid,0.5235702020869106,0.0992976024102945,0.0852281062050755,44.6,58.6,28.9,True,
2026-09,CR00685,instagram,,,,,,,,,False,
2026-07,CR00685,tiktok,73661.0,micro,0.9292026988501378,-0.0227266696738928,0.0437349074322511,4.3,6.7,8.4,True,
2026-08,CR00685,tiktok,71360.0,micro,1.4625840807174888,-0.007510431154381,0.0699447804364975,15.3,12.0,20.5,True,
2026-09,CR00685,tiktok,,,,,,,,,False,
2026-07,CR00685,youtube,265652.0,mid,0.8961460858566846,0.1084027687955572,0.0948842714360862,32.4,64.2,52.2,True,
2026-08,CR00685,youtube,272790.0,mid,0.6377770320443251,0.0941799366250852,0.0875892214906213,19.6,54.7,53.2,True,
2026-09,CR00685,youtube,,,,,,,,,False,
2026-07,CR00686,all,,,,,,63.4,84.2,95.6,False,The Hub
2026-08,CR00686,all,,,,,,54.8,89.0,51.7,False,The Lens
2026-09,CR00686,all,,,,,,60.0,84.7,22.0,False,The Lens
2026-07,CR00686,instagram,186517.0,mid,1.1732067318260533,0.1658842723107408,0.3471838111298482,82.7,87.0,95.6,True,
2026-08,CR00686,instagram,197840.0,mid,0.8311564900930044,0.19317290875098,0.3019883650256143,70.1,94.3,90.7,True,
2026-09,CR00686,instagram,,,,,,,,,False,
2026-07,CR00686,tiktok,105990.0,mid,2.756892159637702,0.1394323801333046,,44.0,81.4,,False,
2026-08,CR00686,tiktok,107090.0,mid,2.444047063217854,,0.1228981673908936,36.5,,46.4,False,
2026-09,CR00686,tiktok,109850.0,mid,2.4738552571688666,0.14845791949817042,0.0934348631405639,37.8,81.5,29.5,True,
2026-07,CR00686,youtube,,,,,,,,,False,
2026-08,CR00686,youtube,58586.0,micro,1.4352234322193016,0.1642455436100236,0.0271413979279147,57.8,83.8,18.1,True,
2026-09,CR00686,youtube,58886,micro,2.4671059334986243,0.1720006368919672,0.02314581865754252,82.1,87.9,14.5,True,
2026-07,CR00687,all,,,,,,56.9,56.4,50.6,True,The Pulse
2026-08,CR00687,all,,,,,,51.7,80.0,53.0,False,The Lens
2026-09,CR00687,all,,,,,,51.3,83.3,59.8,False,The Lens
2026-07,CR00687,instagram,124040.0,mid,0.5201064172847468,0.1755117513267627,0.15372589890568,39.9,90.4,54.1,True,
2026-08,CR00687,instagram,132460.0,mid,0.2551713724898082,0.1397349853725692,0.0959232613908872,13.4,78.6,34.7,True,
2026-09,CR00687,instagram,135560.0,mid,0.3418486279138389,0.15942524803284297,0.14318706697459585,23.5,83.3,53.6,True,
2026-07,CR00687,tiktok,11841.0,micro,5.837513723503083,0.0494549321988832,0.2781954887218045,80.4,26.2,85.8,True,
2026-08,CR00687,tiktok,11660.0,micro,5.559948542024014,,,77.2,,,False,
2026-09,CR00687,tiktok,11690.0,micro,5.634473909324209,,0.17964693665628245,79.1,,66.1,False,
2026-07,CR00687,youtube,53303.0,micro,1.227998424103709,0.0983968018463567,0.017639902676399,50.5,52.6,11.8,True,
2026-08,CR00687,youtube,56529.0,micro,1.6251481540448265,0.1612605024754,0.1406510851419031,64.6,81.5,71.3,True,
2026-09,CR00687,youtube,,,,,,,,,False,
2026-07,CR00688,all,,,,,,77.3,61.4,38.0,True,The Pulse
2026-08,CR00688,all,,,,,,72.4,75.8,44.8,False,The Lens
2026-09,CR00688,all,,,,,,70.7,51.7,33.0,True,The Pulse
2026-07,CR00688,instagram,18117.0,micro,1.346194182259756,0.0631418343993897,,87.5,35.4,,True,
2026-08,CR00688,instagram,18440.0,micro,0.8978850325379609,0.1095066185318893,,75.0,58.8,,True,
2026-09,CR00688,instagram,19502,micro,0.8253512460260486,0.04227459783015339,,66.0,25.0,,True,
2026-07,CR00688,tiktok,422550.0,mid,3.000257957638149,0.0805523590333717,0.119336990994745,49.5,48.7,41.3,True,
2026-08,CR00688,tiktok,,,,,,,,,False,
2026-09,CR00688,tiktok,442540.0,mid,4.234231933836489,0.08052544193768922,0.1149629032086867,65.8,49.0,38.6,True,
2026-07,CR00688,youtube,46781.0,micro,3.874543083730575,0.3685858053946521,0.0615499393826354,94.8,100.0,34.7,True,
2026-08,CR00688,youtube,93218.0,micro,1.7306421506575984,0.204989658738366,0.0707786836819094,69.7,92.9,44.8,True,
2026-09,CR00688,youtube,98330,micro,2.3549883046882947,0.16034551934105876,0.04309740714786265,80.4,81.2,27.4,True,
2026-07,CR00689,all,,,,,,66.0,100.0,24.5,False,The Lens
2026-08,CR00689,all,,,,,,61.0,93.0,34.4,False,The Lens
2026-09,CR00689,all,,,,,,46.2,98.2,62.4,False,The Lens
2026-07,CR00689,instagram,,,,,,,,,False,
2026-08,CR00689,instagram,4890.0,nano,0.540081799591002,,0.1466666666666666,47.3,,56.2,False,
2026-09,CR00689,instagram,4910.0,nano,0.2274949083503055,,0.22340425531914893,11.3,,76.0,False,
2026-07,CR00689,tiktok,49093.0,micro,3.5842788177540585,,,59.3,,,False,
2026-08,CR00689,tiktok,52700.0,micro,3.0244781783681214,0.1776536312849162,,46.6,88.0,,False,
2026-09,CR00689,tiktok,,,,,,,,,False,
2026-07,CR00689,youtube,420846.0,mid,1.8693536352965217,0.2495279153454234,0.0416974417511582,72.8,100.0,24.5,True,
2026-08,CR00689,youtube,453180.0,mid,2.979628403724789,0.246884028064383,0.0190363349131121,89.2,98.1,12.5,True,
2026-09,CR00689,youtube,493743,mid,2.419910763291834,0.2903692010966007,0.08898321585731532,81.0,98.2,48.8,True,
2026-07,CR00690,all,,,,,,49.7,75.4,42.2,False,The Lens
2026-08,CR00690,all,,,,,,48.7,69.0,40.7,True,The Lens
2026-07,CR00690,instagram,8223.0,nano,0.5850662775142892,0.2939417781274587,,45.8,100.0,,True,
2026-08,CR00690,instagram,8910.0,nano,0.4640852974186307,0.1895861148197596,,37.6,91.5,,True,
2026-07,CR00690,tiktok,4470.0,nano,5.2145413870246085,0.1175,0.0903490759753593,76.1,50.9,26.5,True,
2026-08,CR00690,tiktok,4580.0,nano,7.989519650655022,0.2052631578947368,0.1377906976744186,89.8,94.3,51.7,True,
2026-07,CR00690,youtube,5634.0,nano,0.8074192403265885,,0.1071428571428571,27.3,,57.8,False,
2026-08,CR00690,youtube,5617.0,nano,0.6072636638775147,0.0276253201609952,0.0461538461538461,18.7,21.2,29.6,True,
2026-07,CR00691,all,,,,,,32.6,93.4,,True,The Lens
2026-08,CR00691,all,,,,,,,,,False,
2026-09,CR00691,all,,,,,,,,,False,
2026-07,CR00691,instagram,19050.0,micro,0.4647244094488189,0.2110616656071201,,32.6,93.4,,True,
2026-08,CR00691,instagram,19730.0,micro,,,,,,,False,
2026-09,CR00691,instagram,,,,,,,,,False,
2026-07,CR00692,all,,,,,,25.8,19.9,66.7,False,The Hub
2026-08,CR00692,all,,,,,,39.3,42.7,78.3,False,The Hub
2026-09,CR00692,all,,,,,,41.8,37.3,66.4,False,The Hub
2026-07,CR00692,instagram,,,,,0.306136210384356,,,91.0,False,
2026-08,CR00692,instagram,28640.0,micro,0.9313198324022346,0.1200625733281188,0.3574237954768928,76.4,64.3,95.3,True,
2026-09,CR00692,instagram,,,,,,,,,False,
2026-07,CR00692,tiktok,88150.0,micro,1.5833238797504254,0.0081198536139066,0.1638289822171774,16.6,12.0,57.5,True,
2026-08,CR00692,tiktok,88480.0,micro,1.6548372513562386,0.0193548387096774,,20.0,18.2,,False,
2026-09,CR00692,tiktok,86561,micro,2.599577176788623,0.05974461625102533,0.1869357045143639,40.0,35.3,68.7,True,
2026-07,CR00692,youtube,13351.0,micro,0.934536738821062,0.0533333333333333,0.0941558441558441,35.1,27.8,51.7,True,
2026-08,CR00692,youtube,13706.0,micro,0.6861228658981467,0.0866566241179735,0.1070811744386874,21.5,45.5,61.3,True,
2026-09,CR00692,youtube,14133,micro,1.0890822896766432,0.07238788982472115,0.12583892617449666,43.5,39.4,64.2,True,
2026-07,CR00694,all,,,,,,86.2,82.2,49.8,False,The Pulse
2026-08,CR00694,all,,,,,,80.7,76.0,38.2,False,The Pulse
2026-09,CR00694,all,,,,,,74.6,62.1,56.4,False,The Pulse
2026-07,CR00694,instagram,21130.0,micro,1.1993374349266446,0.1209549071618037,0.0658771280532938,83.2,66.4,21.2,False,
2026-08,CR00694,instagram,21860.0,micro,1.9100182982616647,0.1204510507432086,0.0319199618866126,94.5,64.9,9.8,True,
2026-09,CR00694,instagram,23647,micro,1.3366177527804795,0.042774617453807826,,86.1,25.4,,False,
2026-07,CR00694,tiktok,11380.0,micro,5.963444639718805,0.1612244897959183,0.2202696196437169,82.0,86.9,75.3,True,
2026-08,CR00694,tiktok,12145.0,micro,4.200082338410868,0.1862668489939441,,66.4,90.5,,False,
2026-09,CR00694,tiktok,12880.0,micro,3.6771739130434784,0.17197452229299362,,57.5,86.3,,False,
2026-07,CR00694,youtube,2279.0,nano,3.488372093023256,0.242639040348964,0.0961145194274028,93.3,93.3,52.9,True,
2026-08,CR00694,youtube,2400.0,nano,2.32625,0.1613984674329502,0.1243523316062176,81.3,72.5,66.5,True,
2026-09,CR00694,youtube,2527,nano,2.3506133755441234,0.14759309718437782,0.10191082802547771,80.2,74.7,56.4,True,
2026-07,CR00696,all,,,,,,54.0,69.9,62.4,True,The Lens
2026-08,CR00696,all,,,,,,47.4,75.8,59.6,False,The Lens
2026-09,CR00696,all,,,,,,69.8,87.7,84.5,False,The Lens
2026-07,CR00696,instagram,35230.0,micro,0.8739710474027818,0.1241225271218889,0.2634854771784232,68.9,68.2,84.4,True,
2026-08,CR00696,instagram,37780.0,micro,1.390391741662255,0.091907514450867,,87.7,48.1,,False,
2026-09,CR00696,instagram,38700.0,micro,0.9306976744186046,0.16251126464403726,0.3099068585944115,72.6,82.5,93.1,True,
2026-07,CR00696,tiktok,50241.0,micro,6.2582154017635,0.1211505846648219,0.1066923875945986,84.0,70.0,34.5,True,
2026-08,CR00696,tiktok,52950.0,micro,,0.1761439360284318,0.2386282293225743,,86.9,78.8,False,
2026-09,CR00696,tiktok,55920.0,micro,4.340325464949928,0.19257837492002558,0.21879803821096552,67.0,92.9,75.9,True,
2026-07,CR00696,youtube,165190.0,mid,0.4906652945093528,0.1221384416819509,0.1283185840707964,9.2,71.6,68.3,True,
2026-08,CR00696,youtube,170304.0,mid,0.3798677658774896,0.1795539548413907,0.0632746249184605,7.1,92.5,40.3,True,
2026-09,CR00696,youtube,,,,,,,,,False,
2026-07,CR00697,all,,,,,,7.7,42.0,31.5,True,The Lens
2026-08,CR00697,all,,,,,,14.0,37.1,35.8,True,The Lens
2026-09,CR00697,all,,,,,,13.4,43.9,51.7,True,The Hub
2026-07,CR00697,instagram,37500.0,micro,0.1652266666666666,0.1339582703356516,0.1486146095717884,5.6,74.1,52.7,True,
2026-08,CR00697,instagram,40060.0,micro,0.3940339490763854,0.118057493720346,0.3015102481121898,28.9,62.2,90.4,True,
2026-09,CR00697,instagram,41620.0,micro,0.2013695338779433,0.13498772838832834,0.22351233671988388,7.9,70.2,76.5,True,
2026-07,CR00697,tiktok,156440.0,mid,1.4745845052416262,0.0586006225470293,0.0989085948158253,15.7,36.5,30.8,True,
2026-08,CR00697,tiktok,159950.0,mid,1.1728790246952172,0.0378950100577509,0.0251659884343542,9.6,28.7,5.3,True,
2026-09,CR00697,tiktok,152533,mid,1.7324316705237555,0.0886427383611799,0.10023568556772494,20.5,54.3,32.6,True,
2026-07,CR00697,youtube,213218.0,mid,0.3021649204100967,0.0027276404029383,0.0170502983802216,1.9,15.4,11.1,True,
2026-08,CR00697,youtube,206926.0,mid,0.3009240018170747,0.0237627583204286,0.0176600441501103,3.5,20.5,11.6,True,
2026-09,CR00697,youtube,209207,mid,0.5034917569679791,-0.03638314924506923,0.08307264511644073,11.8,7.2,46.1,True,
2026-07,CR00698,all,,,,,,25.3,44.8,45.0,True,The Hub
2026-08,CR00698,all,,,,,,38.2,59.2,40.4,True,The Lens
2026-09,CR00698,all,,,,,,5.9,24.5,,False,The Lens
2026-07,CR00698,instagram,8300.0,nano,0.5527710843373494,0.1111111111111111,0.1693548387096774,43.0,49.2,59.8,True,
2026-08,CR00698,instagram,8820.0,nano,0.7993197278911565,0.1514360313315927,0.0622222222222222,68.1,84.5,20.5,True,
2026-09,CR00698,instagram,,,,,,,,,False,
2026-07,CR00698,tiktok,189697.0,mid,1.112637521942888,0.0628176037202005,0.0966565349544072,7.6,40.4,30.1,True,
2026-08,CR00698,tiktok,190140.0,mid,1.1170874092773746,0.046565389696169,0.1656725569987178,8.3,33.8,60.3,True,
2026-09,CR00698,tiktok,195966,mid,1.031760611534654,0.0372577768132665,,5.9,24.5,,False,
2026-07,CR00699,all,,,,,,98.8,16.9,71.0,True,The Pulse
2026-08,CR00699,all,,,,,,92.5,38.5,94.7,True,The Hub
2026-09,CR00699,all,,,,,,98.7,14.9,87.6,True,The Pulse
2026-07,CR00699,tiktok,29106.0,micro,16.747371675943103,0.0241739681199197,0.2030350978135788,98.8,16.9,71.0,True,
2026-08,CR00699,tiktok,30230.0,micro,9.453919947072444,0.0651867512332628,0.3580748042910989,92.5,38.5,94.7,True,
2026-09,CR00699,tiktok,29820.0,micro,12.399731723675385,0.015667574931880108,0.2802878848460616,98.7,14.9,87.6,True,
2026-07,CR00701,all,,,,,,33.4,55.0,41.7,True,The Lens
2026-08,CR00701,all,,,,,,31.5,46.8,84.3,False,The Hub
2026-09,CR00701,all,,,,,,27.7,49.5,46.8,False,The Lens
2026-07,CR00701,instagram,95820.0,micro,0.5806303485702359,0.0309877340219496,0.0589606152412025,45.3,21.2,17.8,True,
2026-08,CR00701,instagram,95192.0,micro,,0.0023375802885121,,,10.0,,False,
2026-09,CR00701,instagram,96910.0,micro,0.5868744195645444,0.034810464495461824,0.02086677367576244,47.9,20.2,4.7,True,
2026-07,CR00701,tiktok,62820.0,micro,0.6806590257879657,0.1832736861932567,0.0616493194555644,2.0,91.8,13.7,True,
2026-08,CR00701,tiktok,67130.0,micro,0.7884403396395054,0.1938467010492619,0.2025819265143992,3.9,93.1,70.0,True,
2026-09,CR00701,tiktok,73720.0,micro,0.6442620727075421,0.24801083460301337,,2.3,98.3,,False,
2026-07,CR00701,youtube,114792.0,mid,1.2933131228657049,0.0847957361154424,0.2644009832211179,52.9,51.9,93.5,True,
2026-08,CR00701,youtube,119185.0,mid,1.4822083315853505,0.0592150868274648,0.3653831775700935,59.1,37.3,98.6,True,
2026-09,CR00701,youtube,123027,mid,0.9138400513708373,0.03927249995776242,0.22710463345660215,32.9,30.1,88.8,True,
2026-07,CR00702,all,,,,,,63.3,32.0,46.6,False,The Pulse
2026-08,CR00702,all,,,,,,47.6,14.2,50.8,False,The Hub
2026-09,CR00702,all,,,,,,43.8,11.9,50.6,False,The Hub
2026-07,CR00702,instagram,23130.0,micro,1.2098140942498918,0.0848968105065666,0.265625,83.8,50.0,85.4,True,
2026-08,CR00702,instagram,23520.0,micro,0.6345663265306123,0.024390243902439,0.1553030303030303,57.5,15.1,60.4,True,
2026-09,CR00702,instagram,23859,micro,0.8698604300264051,0.024255173005924273,,69.2,14.7,,False,
2026-07,CR00702,tiktok,2014.0,nano,4.385799404170804,0.0550026191723415,0.1047120418848167,69.7,14.0,33.3,True,
2026-08,CR00702,tiktok,2010.0,nano,3.5248756218905477,0.0506842372022301,0.0989583333333333,57.0,13.2,36.6,True,
2026-09,CR00702,tiktok,2100.0,nano,2.9557142857142855,0.031,0.15168539325842698,46.7,10.4,57.5,True,
2026-07,CR00702,youtube,8020.0,nano,0.971571072319202,,0.0366598778004073,36.5,,21.0,False,
2026-08,CR00702,youtube,7820.0,nano,0.7925831202046035,,0.0933734939759036,28.4,,55.4,False,
2026-09,CR00702,youtube,7997,nano,0.586594973114918,0.01743002544529262,0.0779816513761468,15.6,10.7,43.6,True,
2026-07,CR00703,all,,,,,,43.3,62.2,26.7,True,The Lens
2026-08,CR00703,all,,,,,,36.6,50.3,48.2,True,The Lens
2026-09,CR00703,all,,,,,,25.6,29.4,56.0,False,The Hub
2026-07,CR00703,instagram,499050.0,mid,0.5769341749323715,0.2164237312923511,0.0437724243977447,44.9,97.9,10.0,True,
2026-08,CR00703,instagram,522030.0,mid,0.4382985652165584,0.1769095500045089,0.078711162255466,32.9,88.6,25.6,True,
2026-09,CR00703,instagram,,,,,,,,,False,
2026-07,CR00703,tiktok,11655.0,micro,4.898670098670099,0.0078692493946731,0.0944703363143972,74.2,11.6,28.5,True,
2026-08,CR00703,tiktok,11710.0,micro,4.273783091374893,0.0362831858407079,0.1532441302701338,67.8,24.4,56.7,True,
2026-09,CR00703,tiktok,11550.0,micro,2.4327272727272726,-0.0049956933677863915,,37.2,11.2,,False,
2026-07,CR00703,youtube,156339.0,mid,0.511427091128893,0.1250161910107508,0.0761575075724794,10.9,77.2,41.6,True,
2026-08,CR00703,youtube,157483.0,mid,0.4222106513083952,0.0624734352968162,0.110381861575179,9.0,37.9,62.4,True,
2026-09,CR00703,youtube,160421,mid,0.562145853722393,0.07708473210688868,0.10135635018495684,14.1,47.6,56.0,True,
2026-07,CR00704,all,,,,,,2.6,81.0,79.5,True,The Lens
2026-08,CR00704,all,,,,,,0.9,72.4,52.9,True,The Lens
2026-09,CR00704,all,,,,,,5.1,52.8,23.0,True,The Lens
2026-07,CR00704,youtube,23106.0,micro,0.3052886696096252,0.1502389486260454,0.1664050235478807,2.6,81.0,79.5,True,
2026-08,CR00704,youtube,23846.0,micro,0.2054851966786882,0.1415031115366204,0.0864864864864864,0.9,72.4,52.9,True,
2026-09,CR00704,youtube,24710,micro,0.3267503035208418,0.09239610963748895,0.03571428571428571,5.1,52.8,23.0,True,
2026-09,CR00706,all,,,,,,96.6,75.4,58.3,True,The Pulse
2026-09,CR00706,instagram,60689,micro,2.4607754288256523,0.14475148542865227,0.15614827260317127,96.6,75.4,58.3,True,
2026-07,CR00707,all,,,,,,43.5,27.9,35.8,False,The Pulse
2026-08,CR00707,all,,,,,,30.9,11.7,20.8,False,The Pulse
2026-09,CR00707,all,,,,,,37.4,16.0,32.7,True,The Pulse
2026-07,CR00707,instagram,22130.0,micro,0.4741075463172164,0.0493124703651019,,33.3,30.3,,False,
2026-08,CR00707,instagram,22530.0,micro,0.5321349312028406,0.024090909090909,,45.9,14.8,,False,
2026-09,CR00707,instagram,23077,micro,0.3765654114486285,-0.010632368703108254,0.09345794392523364,27.4,7.5,32.9,True,
2026-07,CR00707,tiktok,30160.0,micro,2.0879641909814324,0.0668553236646621,0.0636209813874788,29.0,37.5,14.4,True,
2026-08,CR00707,tiktok,29790.0,micro,1.4978180597515944,0.0060143042912873,0.0958250497017892,17.1,13.5,34.7,True,
2026-09,CR00707,tiktok,31333,micro,2.1066287939233397,0.05733279341297159,0.12246065808297568,29.2,34.4,44.0,True,
2026-07,CR00707,youtube,419115.0,mid,1.698063777244909,0.0034380469212002,0.1063602060808359,68.3,16.0,57.3,True,
2026-08,CR00707,youtube,422200.0,mid,0.8190999526290857,-0.0405853747216288,0.010469211002189,29.8,6.8,6.8,True,
2026-09,CR00707,youtube,417055,mid,1.4044190814161202,-0.04424756452769827,0.03350284175889919,55.7,6.0,21.1,True,
2026-07,CR00709,all,,,,,,32.0,55.6,79.4,False,The Hub
2026-08,CR00709,all,,,,,,60.5,33.3,41.8,True,The Pulse
2026-09,CR00709,all,,,,,,37.8,44.2,22.2,False,The Lens
2026-07,CR00709,instagram,4488.0,nano,,,,,,,False,
2026-08,CR00709,instagram,4490.0,nano,0.8176613080819203,0.0570297951582867,0.10727969348659,69.6,25.4,37.8,True,
2026-09,CR00709,instagram,4635,nano,0.7108953613807982,0.07167630057803469,0.024691358024691357,59.4,42.6,5.5,True,
2026-07,CR00709,tiktok,,,,,,,,,False,
2026-08,CR00709,tiktok,89980.0,micro,5.557457212713937,0.0595854922279792,0.0188956154833975,77.0,34.2,3.1,True,
2026-09,CR00709,tiktok,,,,,0.04437657204455624,,,11.1,False,
2026-07,CR00709,youtube,830956.0,mid,0.8927933608999754,0.0888316126436947,0.1661385793871866,32.0,55.6,79.4,True,
2026-08,CR00709,youtube,874964.0,mid,0.9240688759766116,0.0675461168394942,0.1971099867310188,34.9,40.4,84.6,True,
2026-09,CR00709,youtube,894591,mid,0.5997120471813376,0.0743205268618861,0.09140833875280006,16.3,45.8,49.9,True,
2026-07,CR00711,all,,,,,,99.8,91.2,49.6,True,The Pulse
2026-08,CR00711,all,,,,,,97.5,78.2,57.0,True,The Pulse
2026-09,CR00711,all,,,,,,97.1,73.8,93.9,True,The Pulse
2026-07,CR00711,youtube,29518.0,micro,7.444135781557016,0.1937558134832369,0.0908337477208685,99.8,91.2,49.6,True,
2026-08,CR00711,youtube,31387.0,micro,4.78599420142097,0.1513939838591342,0.0961358969572521,97.5,78.2,57.0,True,
2026-09,CR00711,youtube,32201,micro,4.836123101767026,0.14082760575356054,0.25998433829287393,97.1,73.8,93.9,True,
2026-07,CR00718,all,,,,,,8.3,74.1,85.5,True,The Hub
2026-09,CR00718,all,,,,,,12.2,31.9,61.5,True,The Hub
2026-07,CR00718,youtube,118156.0,mid,0.4467822201157791,0.1237113402061855,0.1976935749588138,8.3,74.1,85.5,True,
2026-09,CR00718,youtube,124351,mid,0.5190227662021214,0.04748386879390805,0.11588455606961885,12.2,31.9,61.5,True,
2026-07,CR00721,all,,,,,,65.1,38.4,38.2,False,The Pulse
2026-08,CR00721,all,,,,,,52.7,40.6,81.0,True,The Hub
2026-09,CR00721,all,,,,,,52.7,33.6,29.7,False,The Pulse
2026-07,CR00721,instagram,76810.0,micro,1.159966150240854,0.1064534716220109,0.1260851591566763,82.5,58.8,44.1,True,
2026-08,CR00721,instagram,80060.0,micro,0.5970522108418685,0.063072633116452,0.3082071151814019,53.5,35.1,91.1,True,
2026-09,CR00721,instagram,,,,,,,,,False,
2026-07,CR00721,tiktok,76450.0,micro,4.0633335133092165,-0.002947391087843,,64.8,9.0,,False,
2026-08,CR00721,tiktok,74760.0,micro,2.474585339753879,0.0208930766079475,0.2413396689147762,37.7,18.9,79.7,True,
2026-09,CR00721,tiktok,75762,micro,3.7924949182967715,0.015889617442374996,,59.6,15.4,,False,
2026-07,CR00721,youtube,740459.0,mid,1.1757423436003884,0.0777570931405441,0.058407110131248,47.9,47.5,32.3,True,
2026-08,CR00721,youtube,780760.0,mid,1.6739420564578102,0.1141458681165004,0.1442119758351101,67.0,67.7,72.2,True,
2026-09,CR00721,youtube,825883,mid,1.1356887113549983,0.0875352906474517,0.048383552435981955,45.8,51.8,29.7,True,
2026-07,CR00722,all,,,,,,34.2,88.0,43.7,False,The Lens
2026-08,CR00722,all,,,,,,18.8,53.8,37.6,False,The Lens
2026-09,CR00722,all,,,,,,25.9,57.7,33.7,True,The Lens
2026-07,CR00722,instagram,87218.0,micro,0.2309041711573299,0.1520314894066677,0.1189516129032258,11.0,80.3,42.2,True,
2026-08,CR00722,instagram,87790.0,micro,0.3599840528534002,0.1260903027193432,,24.6,68.4,,False,
2026-09,CR00722,instagram,96734,micro,0.37587611387929787,0.12126761869436202,0.06844106463878327,27.1,61.5,19.9,True,
2026-07,CR00722,tiktok,,,,,0.2012534818941504,,,70.3,False,
2026-08,CR00722,tiktok,109980.0,mid,0.9786324786324786,0.0169209431345353,0.1163115612993363,7.1,19.7,43.9,True,
2026-09,CR00722,tiktok,110175,mid,0.7880281370546858,0.028788331528031973,0.08615751789976134,3.6,21.2,26.9,True,
2026-07,CR00722,youtube,172345.0,mid,1.3852215033798485,0.2168764871601155,0.0317475870853951,57.4,95.7,18.7,True,
2026-08,CR00722,youtube,191540.0,mid,0.7451289547875117,0.1296296296296296,0.048575085899077,24.7,73.3,31.4,True,
2026-09,CR00722,youtube,204370,mid,1.1660713411948915,0.20068620711939886,0.09952701020662186,47.1,90.4,54.3,True,
2026-07,CR00724,all,,,,,,64.4,23.4,63.5,False,The Pulse
2026-08,CR00724,all,,,,,,49.5,33.0,4.1,False,The Pulse
2026-09,CR00724,all,,,,,,44.8,29.8,7.8,False,The Pulse
2026-07,CR00724,instagram,69760.0,micro,1.2380017201834863,0.0778739184177997,,84.7,43.1,,True,
2026-08,CR00724,instagram,70500.0,micro,1.5516028368794326,0.0962525268232001,,90.5,49.1,,True,
2026-09,CR00724,instagram,71800.0,micro,1.281866295264624,0.07244212098581031,,84.4,40.5,,True,
2026-07,CR00724,tiktok,75000.0,micro,2.7725733333333333,-0.0517132380831963,0.1822036201554601,44.2,3.7,63.5,True,
2026-08,CR00724,tiktok,,,,,,,,,False,
2026-09,CR00724,tiktok,74640.0,micro,2.8609592711682743,0.014268242967794538,,45.5,14.5,,False,
2026-07,CR00724,youtube,,,,,,,,,False,
2026-08,CR00724,youtube,443682.0,mid,0.4107581556159592,0.0143922887511517,0.0054151624548736,8.5,16.8,4.1,True,
2026-09,CR00724,youtube,448201,mid,0.30072222061084203,0.0485313108249738,0.012002042900919305,4.4,34.3,7.8,True,
2026-07,CR00725,all,,,,,,25.4,27.2,46.2,True,The Hub
2026-08,CR00725,all,,,,,,42.1,44.8,38.1,False,The Lens
2026-09,CR00725,all,,,,,,29.6,28.1,60.6,True,The Hub
2026-07,CR00725,instagram,304960.0,mid,0.335778462749213,0.009734454671876,0.269417202119265,20.7,13.7,86.3,True,
2026-08,CR00725,instagram,320211.0,mid,0.4027188322699719,0.084406520488756,,29.7,47.1,,False,
2026-09,CR00725,instagram,332110.0,mid,0.33506368371924966,0.022034159101400216,0.25735294117647056,22.2,22.5,83.7,True,
2026-07,CR00725,tiktok,11843.0,micro,0.644093557375665,-0.1034143387084563,0.0958904109589041,1.6,1.1,29.0,True,
2026-08,CR00725,tiktok,11670.0,micro,,,0.0696721311475409,,,20.3,False,
2026-09,CR00725,tiktok,11444,micro,0.9960678084585809,-0.08957836117740653,0.1172069825436409,5.7,2.1,40.4,True,
2026-07,CR00725,youtube,16158.0,micro,1.3065973511573217,0.1232533889468196,0.039647577092511,53.8,66.7,23.3,True,
2026-08,CR00725,youtube,17210.0,micro,1.3538640325392213,0.0837531486146095,0.0939226519337016,54.5,42.5,55.9,True,
2026-09,CR00725,youtube,17676,micro,1.5588934147997284,0.10974384731290808,0.10569105691056911,60.8,59.6,57.7,True,
2026-07,CR00726,all,,,,,,62.5,21.6,51.2,False,The Pulse
2026-08,CR00726,all,,,,,,41.6,16.8,31.8,False,The Pulse
2026-09,CR00726,all,,,,,,52.2,41.8,61.8,False,The Hub
2026-07,CR00726,instagram,92645.0,micro,0.5845431485779049,,,45.6,,,False,
2026-08,CR00726,instagram,92300.0,micro,0.4215926327193933,0.0501763568096484,0.0177819372952737,31.0,27.8,4.7,True,
2026-09,CR00726,instagram,98927,micro,0.4303476300706582,0.0703489315661347,,34.4,38.9,,False,
2026-07,CR00726,tiktok,55540.0,micro,5.22596326971552,0.0493104099754392,0.2726811961479979,76.3,25.5,85.2,True,
2026-08,CR00726,tiktok,,,,,,,,,False,
2026-09,CR00726,tiktok,59040.0,micro,6.02730352303523,0.08869629356444772,0.25123852542619846,80.8,48.5,83.2,True,
2026-07,CR00726,youtube,37640.0,micro,1.5942614240170032,0.0231041043761891,0.0279810589754627,65.6,17.6,17.1,True,
2026-08,CR00726,youtube,37466.0,micro,1.296001708215449,-0.0185466547912191,0.1002114164904862,52.2,5.8,59.0,True,
2026-09,CR00726,youtube,38900.0,micro,1.0604627249357326,0.06633771929824561,0.07296137339055794,41.4,37.9,40.4,True,
2026-07,CR00727,all,,,,,,64.2,76.8,91.2,False,The Hub
2026-08,CR00727,all,,,,,,49.6,87.0,36.6,False,The Lens
2026-09,CR00727,all,,,,,,56.3,70.5,47.5,True,The Lens
2026-07,CR00727,instagram,25394.0,micro,2.007009529810192,0.2014003879453091,0.314247311827957,95.7,92.0,92.0,True,
2026-08,CR00727,instagram,,,,,,,,,False,
2026-09,CR00727,instagram,28870.0,micro,2.1822999653619672,0.19396195202646815,0.15611719973160368,94.7,90.9,58.0,True,
2026-07,CR00727,tiktok,129190.0,mid,3.1732022602368604,0.0888327012220817,,52.8,56.4,,False,
2026-08,CR00727,tiktok,,,,,0.0396621646761171,,,8.4,False,
2026-09,CR00727,tiktok,136246,mid,2.8005372634792947,0.06299347751458977,0.03681229773462783,44.0,37.7,8.8,True,
2026-07,CR00727,youtube,30955.0,micro,1.1167501211435955,0.1523284815545545,0.2376432078559738,44.1,82.0,90.5,True,
2026-08,CR00727,youtube,32895.0,micro,1.2441100471196231,0.1793281468468791,0.1157280219780219,49.6,87.0,64.7,True,
2026-09,CR00727,youtube,35190,micro,0.8649616368286445,0.16449915616003177,0.1659802306425041,30.2,83.0,75.6,True,
2026-07,CR00728,all,,,,,,18.5,68.7,45.9,False,The Lens
2026-08,CR00728,all,,,,,,6.2,82.0,94.1,False,The Hub
2026-09,CR00728,all,,,,,,17.8,73.4,10.4,False,The Lens
2026-07,CR00728,instagram,118010.0,mid,0.3093975086857046,0.0737943585077343,0.1251363140676117,18.2,41.8,43.9,True,
2026-08,CR00728,instagram,,,,,,,,,False,
2026-09,CR00728,instagram,120660.0,mid,0.41771921100613296,0.09561427403977119,,32.3,58.0,,False,
2026-07,CR00728,tiktok,56790.0,micro,1.861049480542349,0.1342121030557219,0.1106367180248747,23.9,74.9,36.8,False,
2026-08,CR00728,tiktok,,,,,,,,,False,
2026-09,CR00728,tiktok,63015,micro,0.7506308021899548,0.17681662838254245,0.04227782571182054,3.2,88.8,10.4,True,
2026-07,CR00728,youtube,154580.0,mid,0.5705330573165999,0.1689883086044436,0.1045336413514294,13.3,89.5,57.0,True,
2026-08,CR00728,youtube,175095.0,mid,0.3716896541877266,0.1463523219044002,0.2685823754789272,6.2,82.0,94.1,True,
2026-09,CR00728,youtube,,,,,,,,,False,
2026-07,CR00729,all,,,,,,50.3,26.1,38.0,False,The Pulse
2026-08,CR00729,all,,,,,,30.1,28.3,23.6,True,The Pulse
2026-09,CR00729,all,,,,,,46.6,65.1,8.4,False,The Lens
2026-07,CR00729,instagram,,,,,,,,,False,
2026-08,CR00729,instagram,19512.0,micro,0.1797355473554735,0.0340222575516693,0.0186567164179104,7.8,19.9,5.4,True,
2026-09,CR00729,instagram,,,,,,,,,False,
2026-07,CR00729,tiktok,413239.0,mid,6.314907353855759,0.0255825439095031,0.1210189380984952,84.5,24.4,42.0,True,
2026-08,CR00729,tiktok,426590.0,mid,5.475941770786938,0.0134464162687382,0.1085714586868761,76.0,17.8,40.8,True,
2026-09,CR00729,tiktok,424950.0,mid,5.002616778444523,0.09359720006176335,0.03346468445877366,72.5,60.3,7.8,True,
2026-07,CR00729,youtube,194640.0,mid,0.623314837648993,0.0357598978288633,0.0604593032338697,16.1,27.8,33.9,True,
2026-08,CR00729,youtube,195387.0,mid,0.3755316372123017,0.0780448240474062,0.0374474589224302,6.5,47.2,24.7,True,
2026-09,CR00729,youtube,195135,mid,0.7026520101468214,0.12578750605773892,0.013520280420630946,20.7,69.9,9.0,True,
2026-07,CR00730,all,,,,,,31.1,45.6,57.8,False,The Hub
2026-08,CR00730,all,,,,,,43.8,91.5,65.3,False,The Lens
2026-09,CR00730,all,,,,,,49.0,78.4,61.7,False,The Lens
2026-07,CR00730,instagram,4332.0,nano,0.6191135734072022,0.0343839541547277,0.2138364779874214,49.9,14.5,74.4,True,
2026-08,CR00730,instagram,4420.0,nano,0.5375565610859728,,0.1481481481481481,46.9,,56.9,False,
2026-09,CR00730,instagram,4490.0,nano,0.4959910913140312,,,40.4,,,False,
2026-07,CR00730,tiktok,,,,,,,,,False,
2026-08,CR00730,tiktok,114460.0,mid,4.873711340206185,0.1482744783306581,0.2080057564693654,71.9,87.3,70.6,True,
2026-09,CR00730,tiktok,121380.0,mid,5.5190311418685125,0.11860658003870611,,78.0,70.2,,False,
2026-07,CR00730,youtube,96352.0,micro,0.5418984556625706,0.1399635597832517,0.075482912332838,12.3,76.8,41.1,True,
2026-08,CR00730,youtube,102160.0,mid,0.4895458104933438,0.2077077668755172,0.1298613459587419,12.5,95.7,68.3,True,
2026-09,CR00730,youtube,106982,mid,0.8417023424501318,0.17774891012373947,0.11624795599821615,28.7,86.7,61.7,True,
2026-07,CR00731,all,,,,,,63.2,47.2,63.2,False,The Pulse
2026-08,CR00731,all,,,,,,54.4,44.9,40.9,True,The Pulse
2026-09,CR00731,all,,,,,,60.8,37.2,36.0,False,The Pulse
2026-07,CR00731,tiktok,68267.0,micro,3.6180145604757774,0.1913129973474801,0.1804193114060396,59.7,92.9,63.2,True,
2026-08,CR00731,tiktok,72250.0,micro,2.4059100346020763,0.1844262295081967,0.1918986736766638,35.4,89.5,67.1,True,
2026-09,CR00731,tiktok,77850.0,micro,3.763442517662171,0.13417832167832167,,59.0,71.0,,False,
2026-07,CR00731,youtube,69419.0,micro,1.6272490240424091,-0.0637778497059934,,66.6,1.6,,False,
2026-08,CR00731,youtube,68098.0,micro,1.89507768216394,-0.1110037727966997,0.021820117083555,73.5,0.3,14.7,True,
2026-09,CR00731,youtube,70086,micro,1.6027451987558143,-0.03927293662869597,0.06053910737958462,62.7,3.5,36.0,True,
2026-07,CR00732,all,,,,,,63.8,64.0,,False,The Lens
2026-08,CR00732,all,,,,,,53.2,77.5,84.5,True,The Hub
2026-09,CR00732,all,,,,,,,,,False,
2026-07,CR00732,tiktok,59630.0,micro,4.02917994298172,0.1114631873252562,,63.8,64.0,,False,
2026-08,CR00732,tiktok,59959.0,micro,3.364132156973932,0.1432303086925849,0.2711508145034156,53.2,77.5,84.5,True,
2026-09,CR00732,tiktok,,,,,,,,,False,
2026-07,CR00733,all,,,,,,59.2,60.6,51.3,False,The Lens
2026-08,CR00733,all,,,,,,42.7,44.8,53.9,False,The Hub
2026-09,CR00733,all,,,,,,43.0,39.3,48.6,True,The Hub
2026-07,CR00733,instagram,,,,,,,,,False,
2026-08,CR00733,instagram,77770.0,micro,0.1581715314388581,0.049952747401107,,6.2,27.1,,False,
2026-09,CR00733,instagram,77585,micro,0.1424115486240897,-0.009194815145903838,0.01918158567774936,4.1,7.9,4.4,True,
2026-07,CR00733,tiktok,67503.0,micro,3.434839933040013,0.1443513935037634,,57.3,81.3,,False,
2026-08,CR00733,tiktok,69750.0,micro,2.539598566308244,0.1371046625366808,0.1273301941559698,39.3,76.0,48.1,True,
2026-09,CR00733,tiktok,74045,micro,3.8052400567222633,0.1377185704188562,0.2108833922261484,60.3,73.9,74.1,True,
2026-07,CR00733,youtube,8257.0,nano,1.499697226595616,0.0883089495189139,0.0929432013769363,61.2,40.0,51.3,True,
2026-08,CR00733,youtube,8595.0,nano,2.3760325770796973,0.0636059893577527,0.1012738853503184,82.5,31.2,59.7,True,
2026-09,CR00733,youtube,8780.0,nano,1.6747152619589978,0.05910735826296743,0.13427561837455831,64.6,36.0,67.2,True,
2026-07,CR00734,all,,,,,,47.1,41.0,99.5,False,The Hub
2026-08,CR00734,all,,,,,,64.0,28.4,88.4,True,The Hub
2026-09,CR00734,all,,,,,,53.0,28.8,93.4,True,The Hub
2026-07,CR00734,instagram,9850.0,nano,0.2026395939086294,0.0580021482277121,,8.2,25.8,,False,
2026-08,CR00734,instagram,9834.0,nano,0.4273947528981086,0.0390955198647506,0.2332439678284182,31.8,12.7,79.7,True,
2026-09,CR00734,instagram,9950,nano,0.3484422110552764,0.06633801307469725,0.30726256983240224,24.6,35.2,92.0,True,
2026-07,CR00734,youtube,101478.0,mid,2.8013855219850607,0.0903640348992134,0.4272700029967036,86.0,56.2,99.5,True,
2026-08,CR00734,youtube,105450.0,mid,4.32615457562826,0.074047667549399,0.3183828346800611,96.1,44.1,97.1,True,
2026-09,CR00734,youtube,107555,mid,2.429696434382409,0.021318013483999622,0.2691409291461199,81.4,22.3,94.7,True,
2026-07,CR00735,all,,,,,,54.0,32.2,55.0,False,The Hub
2026-08,CR00735,all,,,,,,55.4,29.7,78.2,True,The Hub
2026-09,CR00735,all,,,,,,23.2,59.0,63.2,False,The Hub
2026-07,CR00735,instagram,2840.0,nano,1.0658450704225353,,0.0523809523809523,80.1,,14.1,False,
2026-08,CR00735,instagram,2960.0,nano,1.289527027027027,0.0467158412363891,0.1733333333333333,85.6,16.9,66.2,True,
2026-09,CR00735,instagram,3010.0,nano,,0.16666666666666666,0.0963855421686747,,83.3,33.7,False,
2026-07,CR00735,youtube,2942.0,nano,0.8239292997960571,0.0760790051207022,0.3166666666666666,28.0,32.2,95.9,True,
2026-08,CR00735,youtube,3080.0,nano,0.7574675324675325,0.0871867278503353,0.2287581699346405,25.2,42.5,90.1,True,
2026-09,CR00735,youtube,3013,nano,0.7378028542980418,0.05905096660808436,0.25280898876404495,23.2,34.7,92.8,True,
2026-07,CR00739,all,,,,,,63.3,79.2,81.7,False,The Hub
2026-08,CR00739,all,,,,,,25.8,64.7,35.8,False,The Lens
2026-09,CR00739,all,,,,,,26.5,75.5,43.1,True,The Lens
2026-07,CR00739,instagram,1696830.0,macro,,0.1122378080755112,,,71.4,,False,
2026-08,CR00739,instagram,1780790.0,macro,0.2311367426816188,0.1168818950973075,,10.8,76.5,,False,
2026-09,CR00739,instagram,1820240.0,macro,0.3067342767986639,0.1490616181957061,0.07027837538301063,19.0,75.0,21.0,True,
2026-07,CR00739,tiktok,,,,,,,,,False,
2026-08,CR00739,tiktok,51150.0,micro,1.4703812316715543,0.150057714505579,0.128440366972477,15.5,81.1,48.8,True,
2026-09,CR00739,tiktok,52290.0,micro,2.0594568751195257,0.1271825824531149,0.15100849256900212,27.7,67.6,57.3,True,
2026-07,CR00739,youtube,18362.0,micro,1.5422067312928875,0.1788649203903441,0.1738616203429923,63.3,86.9,81.7,True,
2026-08,CR00739,youtube,20091.0,micro,1.2750485291921756,0.0712343375099973,0.0354552780016116,51.1,36.4,22.9,True,
2026-09,CR00739,youtube,19796,micro,0.9113457264093756,0.16515597410241317,0.09351145038167939,32.7,84.0,51.0,True,
2026-07,CR00741,all,,,,,,40.6,55.0,56.0,True,The Hub
2026-08,CR00741,all,,,,,,49.8,49.3,38.9,True,The Pulse
2026-09,CR00741,all,,,,,,48.2,53.8,30.2,True,The Lens
2026-07,CR00741,instagram,22790.0,micro,0.9870996050899518,0.2661111111111111,0.0686149936467598,76.5,98.9,21.7,True,
2026-08,CR00741,instagram,24050.0,micro,1.893970893970894,0.2264150943396226,0.0821917808219178,94.3,95.5,27.3,True,
2026-09,CR00741,instagram,25812,micro,1.6884394855106153,0.24912891986062718,0.05898876404494382,89.3,98.0,16.6,True,
2026-07,CR00741,youtube,320864.0,mid,0.3493380372992919,-0.0185093984674915,0.2375094150138086,4.7,11.1,90.3,True,
2026-08,CR00741,youtube,313060.0,mid,0.3478917779339424,-0.0637597942460673,0.0825766174801362,5.3,3.1,50.5,True,
2026-09,CR00741,youtube,312140,mid,0.3850932273979625,-0.018982965616946384,0.07958251793868232,7.2,9.6,43.8,True,
2026-07,CR00745,all,,,,,,23.5,56.9,41.9,True,The Lens
2026-08,CR00745,all,,,,,,26.8,52.6,46.4,True,The Lens
2026-09,CR00745,all,,,,,,27.7,67.6,67.8,False,The Hub
2026-07,CR00745,instagram,19844.0,micro,0.6274944567627494,0.1263480531274832,0.3347324239244491,51.0,70.1,94.1,True,
2026-08,CR00745,instagram,21140.0,micro,0.601844843897824,0.1790295593976575,0.4061738424045491,54.1,86.6,97.9,True,
2026-09,CR00745,instagram,21852,micro,0.6331228262859235,0.13275620755792858,0.458559256390395,52.4,69.4,99.7,True,
2026-07,CR00745,tiktok,31310.0,micro,1.6406898754391568,0.0727378627471134,0.0686055182699478,18.4,40.8,16.7,True,
2026-08,CR00745,tiktok,33640.0,micro,1.5617122473246134,0.0525657071339173,0.0836560805577072,17.9,31.3,28.3,True,
2026-09,CR00745,tiktok,,,,,,,,,False,
2026-07,CR00745,youtube,287770.0,mid,0.2285471035896723,0.1038273584399045,0.0238434163701067,1.0,59.9,14.8,True,
2026-08,CR00745,youtube,294279.0,mid,0.4096996387781663,0.0659308816018719,0.0194738640245985,8.3,39.8,12.9,True,
2026-09,CR00745,youtube,305983,mid,0.2591058980400872,0.1129366063731891,0.05913254310344827,3.0,65.7,35.8,True,
2026-07,CR00746,all,,,,,,47.0,14.1,57.2,False,The Hub
2026-08,CR00746,all,,,,,,35.7,17.7,67.3,False,The Hub
2026-09,CR00746,all,,,,,,28.2,16.7,53.9,False,The Hub
2026-07,CR00746,instagram,4580.0,nano,0.3537117903930131,0.0395039044556729,0.081081081081081,21.8,16.1,27.6,True,
2026-08,CR00746,instagram,4720.0,nano,0.3538135593220339,0.0097932535364526,0.1818181818181818,24.4,8.5,68.5,True,
2026-09,CR00746,instagram,4673,nano,0.389043441044297,0.024331433581762384,0.14545454545454545,28.2,16.7,53.9,True,
2026-07,CR00746,tiktok,,,,,,,,,False,
2026-08,CR00746,tiktok,47390.0,micro,2.862333825701625,0.0461368653421633,,44.4,28.7,,False,
2026-09,CR00746,tiktok,,,,,,,,,False,
2026-07,CR00746,youtube,62045.0,micro,1.8527520348134416,0.0071749752447121,0.205305172127058,72.3,12.1,86.8,True,
2026-08,CR00746,youtube,64330.0,micro,0.9952432768537228,0.0196544618798541,0.1215381901569941,38.4,15.9,66.1,True,
2026-09,CR00746,youtube,,,,,,,,,False,
2026-07,CR00747,all,,,,,,76.0,34.6,51.9,False,The Pulse
2026-08,CR00747,all,,,,,,75.1,45.0,34.7,False,The Pulse
2026-09,CR00747,all,,,,,,,,36.5,False,The Hub
2026-07,CR00747,instagram,611870.0,mid,0.7716443035285273,0.0664196416277857,0.081282316442606,62.0,36.3,28.0,True,
2026-08,CR00747,instagram,614970.0,mid,0.722306779192481,0.0891750203676809,0.0827390939597315,63.3,55.7,27.7,True,
2026-09,CR00747,instagram,,,,,,,,,False,
2026-07,CR00747,tiktok,,,,,,,,,False,
2026-08,CR00747,tiktok,23130.0,micro,5.390575010808474,0.1043208402960133,0.1120518825436858,75.0,60.4,41.7,True,
2026-09,CR00747,tiktok,,,,,0.11072103699702944,,,36.5,False,
2026-07,CR00747,youtube,14460.0,micro,3.169986168741356,0.0633134789322744,0.1490634755463059,90.0,33.0,75.8,True,
2026-08,CR00747,youtube,14213.0,micro,2.692183212551889,0.0225915533491618,,86.9,18.8,,False,
2026-09,CR00747,youtube,,,,,,,,,False,
2026-07,CR00748,all,,,,,,10.2,25.2,56.4,False,The Hub
2026-08,CR00748,all,,,,,,39.6,25.4,64.0,False,The Hub
2026-09,CR00748,all,,,,,,25.6,24.5,73.0,False,The Hub
2026-07,CR00748,tiktok,,,,,,,,,False,
2026-08,CR00748,tiktok,183130.0,mid,5.438349806148637,0.0341069512677169,,75.8,26.8,,False,
2026-09,CR00748,tiktok,335350.0,mid,3.0857611450723126,,0.16106558794039347,49.0,,61.1,False,
2026-07,CR00748,youtube,41779.0,micro,0.5074558988965748,0.046699235876237,0.1041666666666666,10.2,25.2,56.4,True,
2026-08,CR00748,youtube,42516.0,micro,0.2923370025402201,0.0400958974484428,0.1147058823529411,3.4,24.0,64.0,True,
2026-09,CR00748,youtube,41643,micro,0.24205748865355523,0.03731473408892764,0.20930232558139536,2.3,24.5,84.8,True,
2026-07,CR00750,all,,,,,,83.1,81.4,78.5,False,The Pulse
2026-08,CR00750,all,,,,,,76.7,77.7,51.3,False,The Lens
2026-09,CR00750,all,,,,,,42.5,58.9,67.6,False,The Hub
2026-07,CR00750,instagram,13760.0,micro,1.1886627906976743,0.1536849165758363,0.2422145328719723,83.1,81.4,78.5,True,
2026-08,CR00750,instagram,14550.0,micro,0.9434364261168384,0.1556791104050834,0.136518771331058,76.7,77.7,51.3,True,
2026-09,CR00750,instagram,,,,,,,,,False,
2026-07,CR00750,tiktok,,,,,,,,,False,
2026-08,CR00750,tiktok,,,,,,,,,False,
2026-09,CR00750,tiktok,82622,micro,2.697986008569146,0.10722182763565216,0.18299024918743229,42.5,58.9,67.6,True,
2026-07,CR00751,all,,,,,,65.9,51.2,21.5,False,The Pulse
2026-08,CR00751,all,,,,,,58.6,39.5,28.4,True,The Pulse
2026-09,CR00751,all,,,,,,73.8,56.0,56.4,False,The Pulse
2026-07,CR00751,instagram,6160.0,nano,0.6207792207792208,0.0864197530864197,,50.3,38.7,,False,
2026-08,CR00751,instagram,6100.0,nano,0.7019672131147541,0.0407780242279474,0.0534351145038167,61.6,14.1,16.8,True,
2026-09,CR00751,instagram,6180.0,nano,0.648705501618123,,0.08163265306122448,53.6,,27.6,False,
2026-07,CR00751,tiktok,,,,,,,,,False,
2026-08,CR00751,tiktok,180980.0,mid,1.732042214609349,0.0379078970006308,0.1249205340114431,22.4,29.3,47.2,True,
2026-09,CR00751,tiktok,,,,,,,,,False,
2026-07,CR00751,youtube,403660.0,mid,2.376068968934252,0.1072222069835696,0.037823910482921,81.5,63.6,21.5,True,
2026-08,CR00751,youtube,419156.0,mid,3.341180849134928,0.1321808654313651,0.0319741942785999,91.7,75.2,21.3,True,
2026-09,CR00751,youtube,430154,mid,3.838843762931415,0.096945463076774,0.21416407305185273,94.1,56.0,85.1,True,
2026-07,CR00752,all,,,,,,64.8,41.3,13.2,False,The Pulse
2026-08,CR00752,all,,,,,,94.5,55.4,36.2,False,The Pulse
2026-09,CR00752,all,,,,,,67.5,34.1,65.0,True,The Pulse
2026-07,CR00752,instagram,190240.0,mid,0.3291894449116905,0.0738315646872883,,20.3,42.5,,True,
2026-08,CR00752,instagram,,,,,,,,,False,
2026-09,CR00752,instagram,201780.0,mid,0.4154772524531668,0.0957371707846864,,31.6,58.7,,True,
2026-07,CR00752,tiktok,26973.0,micro,5.189115040966893,0.0899502970056976,,75.9,52.4,,False,
2026-08,CR00752,tiktok,27240.0,micro,,0.0813815005954744,0.1633241263360153,,48.4,59.6,False,
2026-09,CR00752,tiktok,27450.0,micro,5.404626593806921,0.03428786737000754,0.2918297165895885,76.5,22.4,89.1,True,
2026-07,CR00752,youtube,18580.0,micro,5.319860064585576,0.0553220493013745,0.0208725674827369,98.1,29.1,13.2,True,
2026-08,CR00752,youtube,19106.0,micro,4.027530618653826,0.1196671354899203,0.0192864030858244,94.5,62.3,12.7,True,
2026-09,CR00752,youtube,20080.0,micro,3.8603585657370516,0.030800821355236138,0.07353563867325336,94.3,21.3,41.0,True,
2026-07,CR00753,all,,,,,,41.2,33.6,76.7,True,The Hub
2026-08,CR00753,all,,,,,,53.8,5.4,85.3,False,The Hub
2026-09,CR00753,all,,,,,,31.6,1.8,56.5,False,The Hub
2026-07,CR00753,instagram,214720.0,mid,0.4066738077496274,0.1577074459481317,0.2482793352358569,27.7,84.9,79.5,True,
2026-08,CR00753,instagram,,,,,,,,,False,
2026-09,CR00753,instagram,,,,,,,,,False,
2026-07,CR00753,tiktok,25119.0,micro,3.3286356940961026,0.0137212962589289,0.2017037647705413,56.2,13.9,70.5,True,
2026-08,CR00753,tiktok,24472.0,micro,3.2987087283425955,-0.0329183955739972,,52.5,6.5,,False,
2026-09,CR00753,tiktok,23750.0,micro,2.6266526315789474,,0.12284882181625628,40.6,,44.8,False,
2026-07,CR00753,youtube,276390.0,mid,1.040128079887116,-0.1258211537427531,0.168102658111824,39.6,1.9,80.1,True,
2026-08,CR00753,youtube,267914.0,mid,1.3623774793403851,-0.0558462931833479,0.2006663249615581,55.0,4.3,85.3,True,
2026-09,CR00753,youtube,253713,mid,0.729521151852684,-0.1254321770693655,0.1383964011643292,22.6,1.8,68.2,True,
2026-07,CR00754,all,,,,,,45.2,57.1,63.3,False,The Hub
2026-08,CR00754,all,,,,,,45.2,74.3,5.6,True,The Lens
2026-09,CR00754,all,,,,,,37.4,63.4,32.6,False,The Lens
2026-07,CR00754,instagram,14251.0,micro,0.7560171216055014,0.222946880631597,,60.5,96.0,,True,
2026-08,CR00754,instagram,15370.0,micro,1.4925178919973976,0.2660626029654036,,89.2,99.3,,True,
2026-09,CR00754,instagram,16430.0,micro,0.7245283018867924,0.19404069767441862,,60.3,91.3,,True,
2026-07,CR00754,tiktok,2199016.0,macro,,0.0628600539111177,,,55.6,,False,
2026-08,CR00754,tiktok,2192560.0,macro,1.11607481665268,0.1159826741114374,0.0120811411257338,8.1,58.3,1.8,True,
2026-09,CR00754,tiktok,2324694,macro,1.50265712390534,0.1295977033835054,0.026204991747785376,14.6,62.5,4.4,True,
2026-07,CR00754,youtube,23038.0,micro,0.8669589374077611,0.0319835154990145,0.1184600197433366,29.8,19.6,63.3,True,
2026-08,CR00754,youtube,22708.0,micro,0.98903470142681,0.1258862610937577,0.0134854771784232,38.3,65.3,9.3,True,
2026-09,CR00754,youtube,23042,micro,,0.06395160917948008,0.11389521640091116,,36.5,60.8,False,
2026-07,CR00755,all,,,,,,69.6,56.1,68.9,False,The Pulse
2026-08,CR00755,all,,,,,,39.8,46.2,40.9,False,The Lens
2026-09,CR00755,all,,,,,,18.8,59.0,44.0,False,The Lens
2026-07,CR00755,instagram,5300.0,nano,0.5169811320754717,,,39.1,,,False,
2026-08,CR00755,instagram,5580.0,nano,0.7793906810035842,0.0463400794401361,,66.7,15.5,,True,
2026-09,CR00755,instagram,5774,nano,0.3901974367855906,0.07824463118580766,,28.4,48.1,,True,
2026-07,CR00755,tiktok,5881.0,nano,23.47247863247864,0.1292242703533026,0.1977759472817133,100.0,56.1,68.9,True,
2026-08,CR00755,tiktok,,,,,,,,,False,
2026-09,CR00755,tiktok,6300.0,nano,,,0.14590163934426228,,,54.9,False,
2026-07,CR00755,youtube,,,,,,,,,False,
2026-08,CR00755,youtube,51250.0,micro,0.4938861587277019,0.1485880770954729,0.0643056849953401,12.9,76.9,40.9,True,
2026-09,CR00755,youtube,53438,micro,0.4357573262472398,0.1299585553582001,0.05253623188405797,9.3,69.9,33.1,True,
2026-07,CR00757,all,,,,,,36.6,21.5,89.0,False,The Hub
2026-08,CR00757,all,,,,,,34.7,27.6,88.8,True,The Hub
2026-09,CR00757,all,,,,,,26.0,35.6,82.5,False,The Hub
2026-07,CR00757,instagram,172406.0,mid,0.4283319606046193,0.0373530367393109,0.2868110775980257,30.0,21.9,89.0,True,
2026-08,CR00757,instagram,174530.0,mid,0.4938807081877041,0.0727764460015981,0.2289303079416531,41.4,41.4,78.3,True,
2026-09,CR00757,instagram,173420.0,mid,0.4166243801176335,0.06510256725218032,,31.8,44.9,,False,
2026-07,CR00757,tiktok,4004.0,nano,3.0669330669330668,,,50.9,,,False,
2026-08,CR00757,tiktok,4031.0,nano,2.453981642272389,0.0735019973368841,0.2996742671009772,37.1,18.9,88.5,True,
2026-09,CR00757,tiktok,4380.0,nano,1.791552511415525,0.11734693877551021,0.17587939698492464,22.2,45.8,65.8,True,
2026-07,CR00757,youtube,5393.0,nano,0.8535138142035973,0.053937854211452,,28.9,21.1,,False,
2026-08,CR00757,youtube,5510.0,nano,0.7615245009074411,0.0317132670294614,0.4456521739130434,25.7,22.5,99.5,True,
2026-09,CR00757,youtube,5547,nano,0.7522985397512169,0.02418759231905465,0.41866028708133973,24.1,16.0,99.2,True,
2026-07,CR00759,all,,,,,,51.4,54.1,46.6,True,The Lens
2026-08,CR00759,all,,,,,,44.4,61.7,45.0,True,The Lens
2026-09,CR00759,all,,,,,,41.8,63.4,41.8,True,The Lens
2026-07,CR00759,instagram,20090.0,micro,0.7443006470881035,0.1401816118047673,,60.0,76.6,,True,
2026-08,CR00759,instagram,20230.0,micro,0.5689569945625309,0.1662831808743476,,51.0,80.8,,True,
2026-09,CR00759,instagram,22020.0,micro,0.505086285195277,0.13505154639175257,,42.1,70.6,,True,
2026-07,CR00759,tiktok,81628.0,micro,3.308435830842358,0.0464457406576501,0.1874007087865086,55.6,23.6,65.3,True,
2026-08,CR00759,tiktok,82700.0,micro,1.4837122128174125,0.1175675675675675,0.1089570183348361,16.5,66.9,41.1,True,
2026-09,CR00759,tiktok,87097,micro,2.815607885461038,0.07432990835193842,0.12142991063058559,44.8,42.3,42.5,True,
2026-07,CR00759,youtube,7210.0,nano,1.0234396671289876,0.1327572663000785,0.0484988452655889,38.6,62.2,27.9,True,
2026-08,CR00759,youtube,7800.0,nano,1.6506410256410255,0.0714285714285714,0.0791788856304985,65.8,37.5,48.9,True,
2026-09,CR00759,youtube,7992,nano,1.0175175175175175,0.15042464373110695,0.07360406091370558,38.6,77.3,41.1,True,
2026-07,CR00760,all,,,,,,64.2,64.0,15.9,False,The Pulse
2026-08,CR00760,all,,,,,,56.6,72.2,20.8,False,The Lens
2026-09,CR00760,all,,,,,,51.6,40.6,11.8,True,The Pulse
2026-07,CR00760,instagram,20960.0,micro,0.5433683206106871,0.1605758582502768,,42.5,82.8,,False,
2026-08,CR00760,instagram,21250.0,micro,0.3849411764705882,0.1363636363636363,0.0305084745762711,27.6,72.2,8.6,True,
2026-09,CR00760,instagram,22560,micro,0.3690159574468085,0.07793014477519232,0.032,26.7,44.4,6.1,True,
2026-07,CR00760,youtube,358113.0,mid,2.791607676906452,0.0744432209924362,0.0257705101999919,85.8,45.1,15.9,True,
2026-08,CR00760,youtube,362008.0,mid,2.609530728602683,,0.0505292399061257,85.7,,33.0,False,
2026-09,CR00760,youtube,368776,mid,2.1237987287675986,0.051072089198733385,0.027760360257652626,76.4,36.7,17.5,True,
2026-07,CR00761,all,,,,,,8.1,56.6,57.2,True,The Hub
2026-08,CR00761,all,,,,,,10.9,69.4,28.0,False,The Lens
2026-09,CR00761,all,,,,,,2.4,92.6,63.0,False,The Lens
2026-07,CR00761,instagram,3230.0,nano,0.1244582043343653,0.0945442222975262,0.3333333333333333,2.4,41.9,93.9,True,
2026-08,CR00761,instagram,3287.0,nano,0.0693641618497109,0.1276157804459691,,0.6,69.0,,False,
2026-09,CR00761,instagram,3460.0,nano,0.0907514450867052,0.18900343642611683,0.17647058823529413,2.4,92.6,63.0,True,
2026-07,CR00761,youtube,18560.0,micro,0.5804956896551724,0.1323978035387431,0.0355392156862745,13.8,71.2,20.6,True,
2026-08,CR00761,youtube,19610.0,micro,0.6721060683324834,0.1381311665699361,0.0427461139896373,21.2,69.8,28.0,True,
2026-09,CR00761,youtube,,,,,,,,,False,
2026-07,CR00764,all,,,,,,20.0,36.5,49.3,False,The Hub
2026-08,CR00764,all,,,,,,42.0,15.9,63.1,False,The Hub
2026-09,CR00764,all,,,,,,52.2,26.8,46.4,True,The Pulse
2026-07,CR00764,instagram,,,,,,,,,False,
2026-08,CR00764,instagram,35610.0,micro,1.77722549845549,0.0063815656492737,,93.6,10.3,,True,
2026-09,CR00764,instagram,36050.0,micro,2.2888488210818307,0.031473533619456366,,95.3,17.9,,True,
2026-07,CR00764,tiktok,186595.0,mid,1.1119429781076664,0.0865792799035678,0.0883766875205795,7.4,53.2,25.1,True,
2026-08,CR00764,tiktok,197790.0,mid,0.8964710046008393,0.0352245367947241,,5.3,27.4,,False,
2026-09,CR00764,tiktok,201650.0,mid,1.2663277956855938,0.08577428386818867,0.18083191437606422,10.6,52.3,66.3,True,
2026-07,CR00764,youtube,274540.0,mid,0.8968856997158884,0.0138858113597754,0.1447415649676956,32.5,19.8,73.5,True,
2026-08,CR00764,youtube,265334.0,mid,0.7762442807932644,-0.0173833824640407,0.1122801960219083,27.0,9.9,63.1,True,
2026-09,CR00764,youtube,260040.0,mid,1.2411129057068144,-0.012904636096046071,0.041555629580279814,50.6,10.2,26.5,True,
2026-07,CR00766,all,,,,,,62.1,66.8,75.0,True,The Hub
2026-08,CR00766,all,,,,,,64.7,70.8,50.0,True,The Lens
2026-09,CR00766,all,,,,,,58.4,71.4,37.3,False,The Lens
2026-07,CR00766,instagram,96070.0,micro,1.0375455397106277,0.0828449053201082,,79.0,46.7,,True,
2026-08,CR00766,instagram,100910.0,mid,1.4968585868595778,0.1361179914433686,,89.4,76.4,,True,
2026-09,CR00766,instagram,106100.0,mid,0.9386427898209236,0.0887634684453566,,73.1,53.6,,True,
2026-07,CR00766,tiktok,174450.0,mid,2.7220521639438235,0.1055133079847908,0.336259396707584,43.4,66.7,94.3,True,
2026-08,CR00766,tiktok,174250.0,mid,2.087626972740316,0.1191393705844573,0.1932134996331621,29.3,70.7,68.0,True,
2026-09,CR00766,tiktok,,,,,,,,,False,
2026-07,CR00766,youtube,397278.0,mid,1.5466600214459396,0.1568789039181141,0.1028562971733017,63.8,87.0,55.6,True,
2026-08,CR00766,youtube,403676.0,mid,1.946486786432684,0.1128767244136166,0.0497258418984616,75.5,65.2,31.9,True,
2026-09,CR00766,youtube,441546,mid,1.0964112459404003,0.18622457203649376,0.06310760282509348,43.7,89.2,37.3,True,
2026-07,CR00769,all,,,,,,68.4,37.0,74.8,True,The Hub
2026-08,CR00769,all,,,,,,54.8,31.1,89.6,False,The Hub
2026-07,CR00769,instagram,22060.0,micro,1.6128739800543972,0.0289179104477611,0.1432506887052341,92.2,20.1,50.5,True,
2026-08,CR00769,instagram,,,,,,,,,False,
2026-07,CR00769,tiktok,4708.0,nano,23.03016142735769,0.1949238578680203,0.2421625079974408,99.8,86.0,79.2,True,
2026-08,CR00769,tiktok,5020.0,nano,25.621513944223107,0.1230425055928411,0.2667731629392971,100.0,56.6,83.9,True,
2026-07,CR00769,youtube,177430.0,mid,0.5621597249619569,-0.0540093836638942,0.285459940652819,13.1,4.9,94.7,True,
2026-08,CR00769,youtube,173660.0,mid,0.4372797420246458,-0.0455619675735092,0.2774962742175857,9.7,5.6,95.2,True,
2026-07,CR00770,all,,,,,,91.5,9.9,57.1,True,The Pulse
2026-08,CR00770,all,,,,,,,,,False,
2026-09,CR00770,all,,,,,,98.3,12.0,29.5,True,The Pulse
2026-07,CR00770,youtube,364970.0,mid,3.370433186289284,-0.0237789546889209,0.1049951178418946,91.5,9.9,57.1,True,
2026-08,CR00770,youtube,,,,,,,,,False,
2026-09,CR00770,youtube,373531,mid,6.6944590944258975,-0.008207167929648295,0.04835009227412185,98.3,12.0,29.5,True,
2026-07,CR00771,all,,,,,,30.1,47.7,,False,The Lens
2026-08,CR00771,all,,,,,,49.6,59.8,59.1,False,The Lens
2026-09,CR00771,all,,,,,,24.6,75.5,88.8,False,The Hub
2026-07,CR00771,instagram,97057.0,micro,0.7088824093058718,0.0571966973836132,,56.8,33.6,,False,
2026-08,CR00771,instagram,,,,,,,,,False,
2026-09,CR00771,instagram,103240.0,mid,0.48561604029445954,0.16959329330463352,0.3563730955035303,39.3,87.7,97.0,True,
2026-07,CR00771,tiktok,58693.0,micro,2.033854122297378,0.0651120587968424,,27.6,36.0,,False,
2026-08,CR00771,tiktok,60670.0,micro,6.533723421790012,0.1097494055240534,0.1048550533086615,83.5,64.4,39.5,True,
2026-09,CR00771,tiktok,,,,,,,,,False,
2026-07,CR00771,youtube,460129.0,mid,0.3694963803628982,0.1229176936856028,,5.9,73.5,,False,
2026-08,CR00771,youtube,490110.0,mid,0.5518251004876457,0.0958790778793909,0.1698059197343562,15.7,55.3,78.7,True,
2026-09,CR00771,youtube,515749,mid,0.4476169609635695,0.10945734899949663,0.19055417267129568,9.9,63.3,80.6,True,
2026-07,CR00772,all,,,,,,37.6,58.4,47.7,True,The Lens
2026-08,CR00772,all,,,,,,21.6,,,False,The Pulse
2026-09,CR00772,all,,,,,,,,,False,
2026-07,CR00772,tiktok,35070.0,micro,2.42480752780154,0.1002698123862709,0.1361714124612348,37.6,58.4,47.7,True,
2026-08,CR00772,tiktok,36080.0,micro,1.7157982261640798,,,21.6,,,False,
2026-09,CR00772,tiktok,,,,,,,,,False,
2026-07,CR00779,all,,,,,,66.0,61.8,73.1,True,The Hub
2026-08,CR00779,all,,,,,,64.7,67.3,88.0,True,The Hub
2026-09,CR00779,all,,,,,,56.0,67.2,93.3,False,The Hub
2026-07,CR00779,instagram,171990.0,mid,0.3519797662654805,0.1324071635501711,0.1929371231696813,21.6,71.9,68.3,True,
2026-08,CR00779,instagram,178040.0,mid,0.1958604807908335,0.0850804485616772,0.2410936205468102,8.3,50.0,80.7,True,
2026-09,CR00779,instagram,180032,mid,0.33758998400284396,0.09973427812223207,,22.9,59.4,,False,
2026-07,CR00779,tiktok,30090.0,micro,5.848886673313393,0.1519908116385911,0.2177062374245472,80.6,85.4,74.2,True,
2026-08,CR00779,tiktok,32370.0,micro,7.179518072289157,0.2037932316846411,0.3108487914558741,86.8,94.9,90.9,True,
2026-09,CR00779,tiktok,34666,micro,,0.18415029888983775,,,90.9,,False,
2026-07,CR00779,youtube,28467.0,micro,3.961534408262198,0.0534359619583317,0.1537895511405445,95.7,28.1,76.7,True,
2026-08,CR00779,youtube,29100.0,micro,6.670343642611684,0.1089939024390243,0.2490219092331768,98.9,57.1,92.5,True,
2026-09,CR00779,youtube,29032,micro,2.9475062000551118,0.09110042092603728,0.2569832402234637,89.0,51.4,93.3,True,
2026-07,CR00781,all,,,,,,60.3,52.1,26.5,True,The Pulse
2026-08,CR00781,all,,,,,,46.5,50.2,65.8,False,The Hub
2026-09,CR00781,all,,,,,,63.9,45.6,12.2,False,The Pulse
2026-07,CR00781,instagram,11860.0,micro,0.6000843170320405,0.0640588551946886,0.0171428571428571,47.9,36.5,3.7,True,
2026-08,CR00781,instagram,12110.0,micro,0.4218827415359207,0.0707338638373121,,31.2,37.8,,False,
2026-09,CR00781,instagram,12635,micro,0.40854768500197863,0.04132717345653087,0.06976744186046512,30.3,24.2,20.6,True,
2026-07,CR00781,tiktok,129810.0,mid,5.4318927663508205,0.0741770517849163,0.2043443045431117,77.5,45.5,71.5,True,
2026-08,CR00781,tiktok,133430.0,mid,5.004833995353369,0.0695791583166332,0.3472050910781001,72.7,45.2,94.0,False,
2026-09,CR00781,tiktok,136886,mid,9.10817030229534,,,94.1,,,False,
2026-07,CR00781,youtube,29114.0,micro,1.3473930068008515,0.1359787740450271,0.0038154699965313,55.5,74.2,4.4,True,
2026-08,CR00781,youtube,30190.0,micro,0.9345809870818153,0.1281763826606876,0.06006628003314,35.6,67.5,37.6,True,
2026-09,CR00781,youtube,31294,micro,1.771106282354445,0.12225210686749148,0.003843689942344651,67.3,67.0,3.8,True,
2026-07,CR00785,all,,,,,,,,81.0,False,The Hub
2026-08,CR00785,all,,,,,,18.9,98.6,17.7,True,The Lens
2026-09,CR00785,all,,,,,,16.7,92.1,35.9,False,The Lens
2026-07,CR00785,instagram,,,,,0.2522796352583586,,,81.0,False,
2026-08,CR00785,instagram,29060.0,micro,0.3079490708878183,0.2585534863577306,0.0554156171284634,18.9,98.6,17.7,True,
2026-09,CR00785,instagram,32120.0,micro,0.2784557907845579,0.19716734998136415,0.1027190332326284,16.7,92.1,35.9,True,
2026-07,CR00786,all,,,,,,66.9,56.4,79.1,False,The Hub
2026-08,CR00786,all,,,,,,51.1,24.0,17.6,False,The Pulse
2026-09,CR00786,all,,,,,,56.2,53.0,45.6,True,The Pulse
2026-07,CR00786,instagram,45800.0,micro,0.9329257641921396,0.2648439657553162,0.3256325632563256,72.4,98.5,93.4,True,
2026-08,CR00786,instagram,,,,,,,,,False,
2026-09,CR00786,instagram,55200.0,micro,0.6720833333333334,0.2897196261682243,0.25475285171102663,56.6,99.2,83.4,True,
2026-07,CR00786,tiktok,89080.0,micro,4.2243825774584645,-0.0129639889196675,,67.1,7.5,,False,
2026-08,CR00786,tiktok,86490.0,micro,4.203630477511851,-0.0591754595888175,0.075669951942657,66.8,2.9,23.0,True,
2026-09,CR00786,tiktok,85637,micro,4.323364900685451,-0.04220957152923018,0.07668663303909205,66.8,5.0,23.3,True,
2026-07,CR00786,youtube,6282.0,nano,1.4840815027061445,0.1337303735787764,0.1217391304347826,61.1,63.3,64.7,True,
2026-08,CR00786,youtube,6615.0,nano,0.9342403628117912,0.0950173812282734,0.0186915887850467,35.4,45.0,12.2,True,
2026-09,CR00786,youtube,6778,nano,1.1159634110357037,0.11498601743707847,0.04878048780487805,45.1,54.7,30.1,True,
2026-07,CR00788,all,,,,,,51.6,7.4,73.6,True,The Hub
2026-08,CR00788,all,,,,,,9.8,13.4,,False,The Lens
2026-09,CR00788,all,,,,,,55.9,11.0,56.5,True,The Hub
2026-07,CR00788,tiktok,715570.0,mid,1.856364855988932,-0.0169431916065739,0.2497563666452146,23.7,10.9,82.6,True,
2026-08,CR00788,tiktok,714866.0,mid,1.1815235302839973,0.0005080454525733,,9.8,13.4,,False,
2026-09,CR00788,tiktok,712210.0,mid,1.822896336754609,0.01037026528585615,0.13285065613931063,22.6,14.6,49.2,True,
2026-07,CR00788,youtube,54131.0,micro,2.2689174311926608,-0.036111754126676,0.1213238959226398,79.6,3.9,64.6,True,
2026-08,CR00788,youtube,,,,,,,,,False,
2026-09,CR00788,youtube,53154,micro,3.0648681190503066,-0.022814596929864876,0.12178628389154705,89.2,7.4,63.8,True,
2026-07,CR00789,all,,,,,,59.9,63.2,83.0,False,The Hub
2026-08,CR00789,all,,,,,,86.7,65.2,61.8,True,The Pulse
2026-09,CR00789,all,,,,,,75.2,72.4,37.5,False,The Pulse
2026-07,CR00789,instagram,3060.0,nano,1.8411764705882352,0.1397889977392614,0.1983640081799591,94.0,71.0,70.5,True,
2026-08,CR00789,instagram,3140.0,nano,2.5275101025800435,0.1264005602240896,0.2784810126582278,98.1,67.6,87.2,True,
2026-09,CR00789,instagram,,,,,,,,,False,
2026-07,CR00789,tiktok,99580.0,micro,1.924482827877084,0.0953690463095369,0.3550077408598309,25.8,55.4,95.4,True,
2026-08,CR00789,tiktok,96100.0,micro,4.061071800208117,0.05349704012278,0.0443530621236598,65.2,32.4,10.2,True,
2026-09,CR00789,tiktok,97360.0,micro,3.3961277732128186,0.08479108635097493,0.026816443594646272,53.5,47.3,4.9,True,
2026-07,CR00789,youtube,,,,,,,,,False,
2026-08,CR00789,youtube,18043.0,micro,4.588150529291138,0.224333310714528,0.2143668728695871,96.8,95.5,88.0,True,
2026-09,CR00789,youtube,19040,micro,4.762605042016807,0.23467998184294145,0.14570620628069653,96.8,97.5,70.1,True,
2026-07,CR00791,all,,,,,,67.8,41.6,83.4,True,The Hub
2026-08,CR00791,all,,,,,,76.3,39.8,82.7,True,The Hub
2026-09,CR00791,all,,,,,,65.3,38.1,75.7,True,The Hub
2026-07,CR00791,instagram,19120.0,micro,0.9419456066945606,0.0569375345494748,0.2864385297845374,73.6,33.2,88.8,True,
2026-08,CR00791,instagram,19750.0,micro,1.3285569620253164,0.0618279569892473,0.1795407098121085,86.4,33.7,67.8,True,
2026-09,CR00791,instagram,20080,micro,1.1919820717131475,0.05059383665567938,0.17950530035335688,82.1,28.6,63.8,True,
2026-07,CR00791,tiktok,14280.0,micro,16.0718487394958,0.0672645739910313,0.2964904921700224,98.4,37.8,89.3,True,
2026-08,CR00791,tiktok,14820.0,micro,10.723886639676111,0.101040118870728,0.2922636103151863,95.3,58.2,87.4,True,
2026-09,CR00791,tiktok,15286,micro,10.235575035980636,0.06969909027291812,0.39872,96.6,40.2,97.9,True,
2026-07,CR00791,youtube,12743.0,micro,0.8899788118967276,0.1000517955801105,0.1402002861230329,31.3,53.9,72.1,True,
2026-08,CR00791,youtube,13534.0,micro,1.1957292744199792,0.0493099705380679,0.2507903055848261,47.1,27.6,92.8,True,
2026-09,CR00791,youtube,13484,micro,0.6125778700682291,0.08121019108280254,0.13108614232209737,17.1,45.4,65.5,True,
2026-07,CR00795,all,,,,,,31.8,64.8,91.4,False,The Hub
2026-08,CR00795,all,,,,,,49.8,42.4,68.8,False,The Hub
2026-09,CR00795,all,,,,,,40.0,56.8,64.5,True,The Hub
2026-07,CR00795,instagram,75497.0,micro,0.7328900486112031,0.0556953883155745,,58.8,32.8,,False,
2026-08,CR00795,instagram,75250.0,micro,1.1243986710963456,0.0643564356435643,0.1617192331478045,82.0,35.7,63.2,True,
2026-09,CR00795,instagram,80518,micro,1.2865446235624332,0.06752403049386808,0.20708299540416328,84.8,34.9,73.2,True,
2026-07,CR00795,tiktok,140197.0,mid,1.783361983494654,0.188482829361749,0.2813288277568892,22.5,94.9,86.3,True,
2026-08,CR00795,tiktok,,,,,,,,,False,
2026-09,CR00795,tiktok,157120.0,mid,1.6291496945010184,0.17922545782047433,0.20423853456344432,18.4,92.1,72.5,True,
2026-07,CR00795,youtube,235861.0,mid,0.581490793306227,0.1110477796567853,0.3281462585034013,14.0,66.7,96.5,False,
2026-08,CR00795,youtube,243858.0,mid,0.5815556594411502,0.0834136740668997,0.1543676157272903,17.5,49.1,74.4,True,
2026-09,CR00795,youtube,250972,mid,0.6098489074478428,0.0677115240623511,0.08633015597920277,16.7,43.4,47.8,True,
2026-08,CR00796,all,,,,,,46.0,47.4,,False,The Lens
2026-08,CR00796,youtube,91435.0,micro,1.1628369880242797,0.089575538025215,,46.0,47.4,,False,
2026-07,CR00799,all,,,,,,55.7,58.9,42.7,False,The Lens
2026-08,CR00799,all,,,,,,74.0,57.6,60.6,False,The Pulse
2026-09,CR00799,all,,,,,,64.2,66.2,57.0,False,The Lens
2026-07,CR00799,instagram,267990.0,mid,0.6986454718459644,0.106573622925097,0.1195593766792047,55.7,58.9,42.7,True,
2026-08,CR00799,instagram,277050.0,mid,0.8897491427540155,0.1082,0.1558081912257688,74.3,65.0,60.6,True,
2026-09,CR00799,instagram,289008,mid,0.8100502408237834,0.15484943417940028,0.11216855819634587,65.0,80.4,40.6,True,
2026-07,CR00799,tiktok,,,,,,,,,False,
2026-08,CR00799,tiktok,,,,,,,,,False,
2026-09,CR00799,tiktok,419760.0,mid,6.0780279207166,0.0725948639325412,,81.4,46.4,,False,
2026-07,CR00799,youtube,,,,,,,,,False,
2026-08,CR00799,youtube,167680.0,mid,1.904556297709924,0.0843248836006207,,73.7,50.3,,False,
2026-09,CR00799,youtube,179474,mid,1.1503337530784403,0.1302316208420973,0.16163434903047091,46.2,71.7,73.5,True,
2026-07,CR00805,all,,,,,,71.8,88.4,56.4,True,The Lens
2026-08,CR00805,all,,,,,,50.1,,86.8,False,The Hub
2026-09,CR00805,all,,,,,,36.6,86.7,36.3,True,The Lens
2026-07,CR00805,tiktok,27410.0,micro,4.574936154688071,0.1658868566567418,0.1595483005366726,71.8,88.4,56.4,True,
2026-08,CR00805,tiktok,29660.0,micro,3.1662508428860416,,0.2848814613291877,50.1,,86.8,False,
2026-09,CR00805,tiktok,30485,micro,2.4217484008528785,0.17218441188910677,0.1101465002712968,36.6,86.7,36.3,True,
2026-07,CR00806,all,,,,,,49.0,9.8,25.0,True,The Pulse
2026-08,CR00806,all,,,,,,53.4,15.6,17.2,True,The Pulse
2026-09,CR00806,all,,,,,,59.9,6.4,16.2,True,The Pulse
2026-07,CR00806,youtube,65155.0,micro,1.1899623973601412,-0.0106143894068697,0.0425082198215124,49.0,9.8,25.0,True,
2026-08,CR00806,youtube,64305.0,micro,1.3381852111033357,0.0189029027760172,0.0268033109972408,53.4,15.6,17.2,True,
2026-09,CR00806,youtube,63906,micro,1.5237066942071167,-0.025793469313088815,0.026499925562006848,59.9,6.4,16.2,True,
2026-07,CR00808,all,,,,,,47.0,66.9,61.1,False,The Lens
2026-08,CR00808,all,,,,,,56.2,44.1,48.2,True,The Pulse
2026-09,CR00808,all,,,,,,44.2,45.4,57.1,False,The Hub
2026-07,CR00808,instagram,193938.0,mid,0.8358960080025575,0.1573551351673927,,67.0,84.2,,False,
2026-08,CR00808,instagram,199990.0,mid,1.1588679433971698,0.1681658878504673,0.224714451249793,82.6,84.3,77.2,True,
2026-09,CR00808,instagram,216500.0,mid,,0.12048442190249456,0.2895534616960262,,66.7,89.2,False,
2026-07,CR00808,tiktok,190990.0,mid,1.3364783496518142,0.1759019825144686,0.1490016460316324,11.4,91.7,53.4,True,
2026-08,CR00808,tiktok,197590.0,mid,1.3932688901260186,0.0516259513545159,0.1626640478528702,13.2,36.3,59.4,True,
2026-09,CR00808,tiktok,207067,mid,2.3742846518276695,0.0699146412037037,0.14917077942288026,34.7,43.0,57.0,True,
2026-07,CR00808,youtube,159091.0,mid,1.5134482780295555,0.0316650238638721,0.1286307053941908,62.5,24.7,68.8,True,
2026-08,CR00808,youtube,157206.0,mid,1.8648970141088763,-0.0006229975080099,0.0117020165082018,72.7,11.8,8.1,True,
2026-09,CR00808,youtube,160207,mid,1.3373136005293151,0.029727089251970023,0.03902838427947598,53.6,26.5,25.0,True,
2026-07,CR00809,all,,,,,,32.2,54.9,53.3,True,The Lens
2026-08,CR00809,all,,,,,,42.4,73.3,71.7,True,The Lens
2026-09,CR00809,all,,,,,,51.4,63.6,57.2,False,The Lens
2026-07,CR00809,instagram,49926.0,micro,0.1496815286624203,0.1127802790531805,0.2825112107623318,4.1,62.4,88.0,True,
2026-08,CR00809,instagram,50870.0,micro,0.2324945940632986,0.1844004656577415,0.2881844380403458,11.2,87.6,89.0,True,
2026-09,CR00809,instagram,52900.0,micro,0.23495274102079394,0.06760847628657922,0.1978021978021978,12.2,35.3,69.9,True,
2026-07,CR00809,tiktok,19122.0,micro,1.9142872084509988,0.0557641342756183,0.0788623141564318,25.0,31.5,21.5,True,
2026-08,CR00809,tiktok,20010.0,micro,2.6736631684157923,0.0689102564102564,0.1070745697896749,41.1,40.4,40.4,True,
2026-09,CR00809,tiktok,,,,,,,,,False,
2026-07,CR00809,youtube,19318.0,micro,1.6592297339269075,0.1308318211087045,0.0925373134328358,67.6,70.9,50.4,True,
2026-08,CR00809,youtube,19980.0,micro,1.9332332332332327,0.1992797118847539,0.202911737943585,74.8,91.9,85.7,True,
2026-09,CR00809,youtube,21535,micro,3.27856977014163,0.19155646544569246,0.08121212121212121,90.5,91.8,44.6,True,
2026-07,CR00810,all,,,,,,61.2,6.4,67.2,True,The Hub
2026-08,CR00810,all,,,,,,47.4,10.6,27.2,False,The Pulse
2026-09,CR00810,all,,,,,,72.4,22.8,48.7,False,The Pulse
2026-07,CR00810,tiktok,58872.0,micro,8.371772659328713,-0.0075355282455874,0.2659119071758477,90.8,8.2,84.7,True,
2026-08,CR00810,tiktok,59705.0,micro,,0.022170861153912,,,19.6,,False,
2026-09,CR00810,tiktok,59329,micro,9.832796777292724,0.0349044097125314,0.23746249464209174,96.0,22.8,80.1,True,
2026-07,CR00810,youtube,27168.0,micro,0.8923365724381626,-0.0295063227834536,0.091543156059285,31.7,4.6,49.7,True,
2026-08,CR00810,youtube,27960.0,micro,1.1968884120171674,-0.0566801619433198,0.0421205519244734,47.4,1.6,27.2,True,
2026-09,CR00810,youtube,26340.0,micro,1.191116173120729,,0.027755102040816326,48.9,,17.3,False,
2026-07,CR00811,all,,,,,,93.0,13.4,66.8,False,The Pulse
2026-08,CR00811,all,,,,,,88.5,41.1,34.7,False,The Pulse
2026-09,CR00811,all,,,,,,81.2,46.4,57.4,False,The Pulse
2026-07,CR00811,instagram,,,,,,,,,False,
2026-08,CR00811,instagram,140470.0,mid,0.9512066633444864,0.1869032530629489,,77.3,92.1,,False,
2026-09,CR00811,instagram,145410.0,mid,0.6498796506430095,0.16021702704859173,,54.1,84.8,,False,
2026-07,CR00811,tiktok,33880.0,micro,10.277390791027155,0.0101204819277108,0.3109297148309127,94.7,12.7,92.2,True,
2026-08,CR00811,tiktok,34100.0,micro,11.898093841642227,0.0121697833184921,0.1185614142029869,97.1,16.7,44.8,True,
2026-09,CR00811,tiktok,33881,micro,10.377792863256692,0.07354245880861851,0.12736642827092975,97.0,41.5,48.2,True,
2026-07,CR00811,youtube,28553.0,micro,3.3571953910272128,0.0132003832369326,0.0758964463740151,91.3,14.1,41.4,True,
2026-08,CR00811,youtube,29074.0,micro,3.3007154158354544,0.0139499197879612,0.0374404356705241,91.2,14.6,24.6,True,
2026-09,CR00811,youtube,28508,micro,3.5043847341097236,0.007314229179180948,0.13346228239845262,92.4,12.8,66.7,True,
2026-08,CR00812,all,,,,,,8.1,93.5,96.6,False,The Hub
2026-08,CR00812,youtube,15801.0,micro,0.4029491804316182,0.2147140221402214,0.3143939393939394,8.1,93.5,96.6,False,
2026-07,CR00813,all,,,,,,,,,False,
2026-08,CR00813,all,,,,,,40.5,40.0,72.2,True,The Hub
2026-09,CR00813,all,,,,,,43.5,50.8,62.2,False,The Hub
2026-07,CR00813,instagram,,,,,,,,,False,
2026-08,CR00813,instagram,35070.0,micro,0.2600798403193612,0.1390061708346865,0.0909090909090909,14.0,73.5,32.6,True,
2026-09,CR00813,instagram,36950.0,micro,0.29058186738836267,,0.15357142857142858,17.7,,56.6,False,
2026-07,CR00813,tiktok,,,,,,,,,False,
2026-08,CR00813,tiktok,367390.0,mid,6.164884727401399,0.0280094017572331,0.3247939841421363,81.1,24.2,92.5,True,
2026-09,CR00813,tiktok,374713,mid,6.797618443982461,0.09305683581671587,0.3070461969202053,85.4,58.9,92.2,True,
2026-07,CR00813,youtube,,,,,,,,,False,
2026-08,CR00813,youtube,41470.0,micro,0.770026525198939,0.0372686343171585,0.2395778364116094,26.5,22.4,91.4,True,
2026-09,CR00813,youtube,44419,micro,0.8210450482901461,0.07596347164692488,0.06386213887480993,27.4,42.6,37.7,True,
2026-07,CR00817,all,,,,,,36.2,54.0,14.4,True,The Lens
2026-08,CR00817,all,,,,,,26.5,35.7,3.1,False,The Lens
2026-09,CR00817,all,,,,,,46.1,,68.4,False,The Hub
2026-07,CR00817,instagram,20040.0,micro,0.4776447105788423,0.083829096809086,0.0487421383647798,34.1,47.8,12.7,True,
2026-08,CR00817,instagram,20690.0,micro,0.3847752537457709,0.0417925478348439,0.010482180293501,27.4,23.4,2.8,True,
2026-09,CR00817,instagram,,,,,,,,,False,
2026-07,CR00817,tiktok,15816.0,micro,2.414137582195245,0.0729986431478968,0.0736629667003027,37.2,41.9,18.3,True,
2026-08,CR00817,tiktok,15885.0,micro,1.7638023292414229,0.0138498851161603,,22.6,17.1,,False,
2026-09,CR00817,tiktok,16490.0,micro,2.925409338993329,,0.18626155878467635,46.1,,68.4,False,
2026-07,CR00817,youtube,328010.0,mid,1.0056918996372062,0.122514629889463,0.017968162874906,37.4,72.2,12.3,True,
2026-08,CR00817,youtube,343470.0,mid,0.8099688473520249,0.1138243019749002,0.0031090767769237,29.6,66.5,3.4,True,
2026-09,CR00817,youtube,,,,,,,,,False,
2026-07,CR00819,all,,,,,,15.3,52.2,52.1,True,The Lens
2026-08,CR00819,all,,,,,,24.0,34.1,58.2,False,The Hub
2026-09,CR00819,all,,,,,,23.1,82.2,49.8,True,The Lens
2026-07,CR00819,instagram,52697.0,micro,0.2280774996679128,0.1330007955107394,0.0229612034837688,10.4,73.7,4.6,True,
2026-08,CR00819,instagram,52750.0,micro,0.1721895734597156,,0.0607734806629834,6.8,,20.3,False,
2026-09,CR00819,instagram,57137,micro,0.1554159301328386,0.17269051577283828,0.04376012965964344,4.9,85.7,11.3,True,
2026-07,CR00819,youtube,72040.0,micro,0.6911438089950028,0.0587422659200799,0.4489051094890511,20.2,30.7,99.6,True,
2026-08,CR00819,youtube,77380.0,micro,1.0737658309640734,0.0633502817094956,0.3000440917107583,41.3,34.1,96.2,True,
2026-09,CR00819,youtube,78842,micro,1.058052814489739,0.15306540306540306,0.22516148877268533,41.3,78.7,88.2,True,
2026-07,CR00822,all,,,,,,31.4,76.2,41.6,False,The Lens
2026-08,CR00822,all,,,,,,60.6,67.0,34.6,False,The Lens
2026-09,CR00822,all,,,,,,59.4,79.3,31.6,False,The Lens
2026-07,CR00822,instagram,90511.0,micro,0.2775242788169393,0.1318826986806728,0.1191619380183326,15.8,73.0,42.4,True,
2026-08,CR00822,instagram,95960.0,micro,0.4733326385994164,0.1235218358506029,0.0884749708963911,38.8,67.7,30.8,True,
2026-09,CR00822,instagram,96890.0,micro,0.3912684487563216,0.17144238907024545,0.09332934489979061,28.6,85.3,32.3,True,
2026-07,CR00822,tiktok,37751.0,micro,2.874228497258351,0.120373942721472,0.0766105629715612,47.0,68.9,20.1,True,
2026-08,CR00822,tiktok,,,,,,,,,False,
2026-09,CR00822,tiktok,,,,,,,,,False,
2026-07,CR00822,youtube,747.0,nano,,0.1990369181380417,0.1176470588235294,,86.7,62.4,False,
2026-08,CR00822,youtube,790.0,nano,2.369620253164557,0.1447368421052631,0.0606060606060606,82.4,66.2,38.5,True,
2026-09,CR00822,youtube,850,nano,3.26,0.1424731182795699,0.04929577464788732,90.3,73.3,31.0,True,
2026-07,CR00823,all,,,,,,34.8,34.6,37.1,True,The Hub
2026-08,CR00823,all,,,,,,31.0,51.8,2.3,False,The Lens
2026-09,CR00823,all,,,,,,29.0,53.6,4.2,False,The Lens
2026-07,CR00823,instagram,48440.0,micro,0.1120148637489678,0.1278230500582072,,1.9,71.2,,True,
2026-08,CR00823,instagram,49638.0,micro,0.1882630242959023,0.1273933089554611,,7.9,69.1,,True,
2026-09,CR00823,instagram,51921,micro,0.13534022842395177,0.1619335347432024,,3.8,82.1,,True,
2026-07,CR00823,tiktok,123350.0,mid,2.684742602351033,-0.04057806435555,0.2062162460046291,41.7,8.3,72.1,True,
2026-08,CR00823,tiktok,,,,,,,,,False,
2026-09,CR00823,tiktok,,,,,,,,,False,
2026-07,CR00823,youtube,36526.0,micro,1.473087663582106,0.0409530052153096,0.0018106570098292,60.9,24.2,2.1,True,
2026-08,CR00823,youtube,37490.0,micro,1.3489197119231795,0.0638479001135073,0.0011500862564692,54.0,34.4,2.3,True,
2026-09,CR00823,youtube,36905,micro,1.3604660615092805,0.03773584905660377,0.004227053140096618,54.2,25.2,4.2,True,
2026-09,CR00824,all,,,,,,,,,False,
2026-09,CR00824,tiktok,,,,,,,,,False,
2026-08,CR00825,all,,,,,,22.8,49.1,9.9,True,The Lens
2026-08,CR00825,tiktok,8950.0,nano,1.7766480446927375,0.1063040791100123,0.0434782608695652,22.8,49.1,9.9,True,
2026-07,CR00826,all,,,,,,56.0,66.1,46.6,False,The Lens
2026-08,CR00826,all,,,,,,31.4,53.7,77.1,False,The Hub
2026-09,CR00826,all,,,,,,42.0,64.6,24.4,False,The Lens
2026-07,CR00826,instagram,,,,,,,,,False,
2026-08,CR00826,instagram,47730.0,micro,0.2912424051958935,0.1733038348082596,0.3450292397660818,16.4,84.5,94.9,True,
2026-09,CR00826,instagram,8936,nano,,0.08079342041606193,,,50.0,,False,
2026-07,CR00826,tiktok,11309.0,micro,3.898222654522946,0.0825117258543122,0.114856429463171,62.6,47.9,37.7,True,
2026-08,CR00826,tiktok,11240.0,micro,3.011743772241993,0.0339865819209039,0.1622874806800618,46.4,22.9,59.2,True,
2026-09,CR00826,tiktok,,,,,,,,,False,
2026-07,CR00826,youtube,37563.0,micro,1.198067247024998,0.1638059239063081,0.1019975786924939,49.5,84.3,55.4,True,
2026-08,CR00826,youtube,,,,,,,,,False,
2026-09,CR00826,youtube,40546,micro,1.0696492872293197,0.15417022487902077,0.037237237237237236,42.0,79.1,24.4,True,
2026-07,CR00827,all,,,,,,20.1,69.8,63.1,True,The Lens
2026-09,CR00827,all,,,,,,55.5,65.1,23.8,True,The Lens
2026-07,CR00827,youtube,893585.0,mid,0.6882120895046359,0.1165597486948676,0.1184561445566509,20.1,69.8,63.1,True,
2026-09,CR00827,youtube,937637,mid,1.398957165726182,0.11250234332916478,0.03644454755401828,55.5,65.1,23.8,True,
2026-07,CR00828,all,,,,,,70.1,50.0,26.6,False,The Pulse
2026-08,CR00828,all,,,,,,62.4,48.2,45.2,False,The Pulse
2026-09,CR00828,all,,,,,,61.6,55.2,64.1,False,The Hub
2026-07,CR00828,instagram,960.0,nano,1.3791666666666669,,0.0188679245283018,87.9,,3.9,False,
2026-08,CR00828,instagram,970.0,nano,0.9505154639175256,0.0331196581196581,0.0,77.1,11.3,1.3,True,
2026-09,CR00828,instagram,,,,,,,,,False,
2026-07,CR00828,tiktok,115046.0,mid,6.493028875406359,0.0193149398401644,0.1189540059347181,85.5,19.9,40.9,True,
2026-08,CR00828,tiktok,,,,,,,,,False,
2026-09,CR00828,tiktok,122670.0,mid,6.079131001874949,0.06336685159500693,0.2186752647762214,81.6,38.4,75.6,True,
2026-07,CR00828,youtube,2273.0,nano,0.9938407391113068,0.1752843846949328,0.0616438356164383,37.0,80.0,34.9,True,
2026-08,CR00828,youtube,2462.0,nano,1.2030869212022746,0.193407658749394,0.222707423580786,47.8,85.0,89.2,True,
2026-09,CR00828,youtube,2665,nano,1.0607879924953096,0.1408390410958904,0.09649122807017543,41.6,72.0,52.6,True,
2026-07,CR00829,all,,,,,,62.2,34.0,68.0,True,The Hub
2026-08,CR00829,all,,,,,,53.6,46.5,60.9,True,The Hub
2026-09,CR00829,all,,,,,,41.0,18.5,44.6,True,The Hub
2026-07,CR00829,tiktok,298150.0,mid,3.871648499077645,0.0523807842998835,0.1942586892167616,62.2,34.0,68.0,True,
2026-08,CR00829,tiktok,302830.0,mid,3.3979031139583267,0.0716231996885947,0.1667118355337024,53.6,46.5,60.9,True,
2026-09,CR00829,tiktok,311023,mid,2.6337537738366614,0.024264378982727108,0.12267145952664908,41.0,18.5,44.6,True,
2026-07,CR00830,all,,,,,,72.3,46.5,33.7,True,The Pulse
2026-08,CR00830,all,,,,,,73.0,50.0,35.4,False,The Pulse
2026-09,CR00830,all,,,,,,67.9,46.4,40.6,True,The Pulse
2026-07,CR00830,instagram,86380.0,micro,0.640252373234545,0.0664197530864197,0.0571858540255831,52.1,37.6,17.1,True,
2026-08,CR00830,instagram,86360.0,micro,0.8614289022695693,0.0459004481046384,0.1391731477691363,73.0,25.1,53.1,True,
2026-09,CR00830,instagram,89749,micro,0.5851875786916846,0.09138555828489432,0.15237507711289328,47.4,51.6,56.1,True,
2026-07,CR00830,tiktok,151039.0,mid,5.630141883884295,0.0066246792628878,0.2266018939859795,79.1,16.0,76.9,True,
2026-08,CR00830,tiktok,152590.0,mid,6.419457369421325,0.0714085100407246,,82.5,45.9,,False,
2026-09,CR00830,tiktok,152560.0,mid,4.188719192448873,-0.0404427951443487,0.16409476200825907,64.9,3.3,62.7,True,
2026-07,CR00830,youtube,25471.0,micro,2.791292057634172,0.1743199631166436,0.010392609699769,85.6,85.9,7.2,True,
2026-08,CR00830,youtube,27440.0,micro,1.605430029154519,0.1519731318219983,0.0270479134466769,63.5,78.9,17.6,True,
2026-09,CR00830,youtube,28341,micro,3.3470943156557635,0.16557680444170264,0.0023207839092315627,91.3,84.4,2.9,True,
2026-07,CR00831,all,,,,,,11.8,57.2,44.6,False,The Lens
2026-08,CR00831,all,,,,,,45.1,58.2,85.3,False,The Hub
2026-09,CR00831,all,,,,,,45.2,77.4,52.8,False,The Lens
2026-07,CR00831,instagram,,,,,,,,,False,
2026-08,CR00831,instagram,63860.0,micro,1.0444409646100845,0.1743287973519676,0.2575079872204472,79.8,85.2,83.7,True,
2026-09,CR00831,instagram,65660.0,micro,1.5440146207736827,0.15031534688156972,0.14165748898678415,88.7,77.4,52.8,True,
2026-07,CR00831,tiktok,,,,,,,,,False,
2026-08,CR00831,tiktok,60330.0,micro,1.223371456986574,0.0298736770228747,0.2715256104277584,10.4,21.1,84.8,True,
2026-09,CR00831,tiktok,64460.0,micro,0.5708346261247285,,,1.7,,,False,
2026-07,CR00831,youtube,47089.0,micro,0.5349232304784557,0.1093599076495394,0.0816944024205748,11.8,57.2,44.6,True,
2026-08,CR00831,youtube,47980.0,micro,,0.1301910347914164,0.2106666666666666,,68.2,87.3,False,
2026-09,CR00831,youtube,,,,,,,,,False,
2026-07,CR00832,all,,,,,,50.4,63.9,56.3,False,The Lens
2026-08,CR00832,all,,,,,,58.6,78.6,67.0,False,The Lens
2026-09,CR00832,all,,,,,,35.6,74.8,74.7,False,The Lens
2026-07,CR00832,instagram,119474.0,mid,0.3934663608818655,0.1516232264034546,0.2496801705756929,26.3,80.1,79.8,True,
2026-08,CR00832,instagram,127470.0,mid,0.675335373028948,0.1441522304999551,0.3294460641399417,59.9,80.0,93.2,True,
2026-09,CR00832,instagram,135400.0,mid,0.4737370753323486,0.12486499958461411,0.22527582748244734,37.8,68.1,77.3,True,
2026-07,CR00832,tiktok,45300.0,micro,4.107770419426049,0.0255829748698211,0.1985543050599323,65.6,18.0,69.4,False,
2026-08,CR00832,tiktok,44990.0,micro,4.597288286285841,,0.2152227080708515,69.9,,73.1,False,
2026-09,CR00832,tiktok,46310.0,micro,2.1130857266249192,,0.29420146881508275,29.8,,89.6,False,
2026-07,CR00832,youtube,14948.0,micro,1.446213540272946,0.2060674519928998,0.0344086021505376,59.3,93.5,19.6,True,
2026-08,CR00832,youtube,15300.0,micro,1.1587581699346403,0.1486486486486486,0.0540974825923942,45.9,77.3,34.6,True,
2026-09,CR00832,youtube,16160,micro,1.0263613861386138,0.16133668702838663,0.1048284625158831,39.2,81.6,57.3,True,
2026-07,CR00834,all,,,,,,51.0,48.4,46.7,True,The Pulse
2026-09,CR00834,all,,,,,,61.7,39.9,51.5,True,The Pulse
2026-07,CR00834,instagram,39816.0,micro,0.1550884066706851,0.1269423452492145,0.2444933920704846,4.8,70.4,79.0,True,
2026-09,CR00834,instagram,42422,micro,0.2916647022771204,0.10327429715742113,0.18526543878656554,17.9,55.6,66.3,True,
2026-07,CR00834,tiktok,733332.0,mid,6.134773881407057,0.1114239943741635,0.0815726458120034,83.2,70.5,22.6,True,
2026-09,CR00834,tiktok,775100.0,mid,13.86426267578377,0.0906302325908624,0.08339929618432723,99.2,56.3,25.1,True,
2026-07,CR00834,youtube,999094.0,mid,1.590927380206467,-0.0586529356618253,0.0713730688362738,64.9,4.3,38.6,True,
2026-09,CR00834,youtube,979150,mid,1.8041035592095185,-0.025432416776317752,0.11861012075427793,68.1,7.8,63.0,True,
2026-07,CR00835,all,,,,,,53.7,39.4,16.8,False,The Pulse
2026-08,CR00835,all,,,,,,21.2,46.8,14.8,False,The Lens
2026-09,CR00835,all,,,,,,13.5,28.5,19.6,False,The Lens
2026-07,CR00835,instagram,852512.0,mid,0.413004157126234,0.1690561701299039,0.079627539503386,28.3,88.4,26.3,True,
2026-08,CR00835,instagram,930800.0,mid,0.4482509669101848,0.1570063021292993,0.058046009336858,34.4,81.4,19.1,True,
2026-09,CR00835,instagram,941133,mid,,0.12328755678305353,,,67.4,,False,
2026-07,CR00835,tiktok,63580.0,micro,8.806165460836741,-0.0330038022813688,,92.2,4.9,,False,
2026-08,CR00835,tiktok,,,,,,,,,False,
2026-09,CR00835,tiktok,61200.0,micro,,-0.04449648711943794,0.09111396515375482,,4.6,28.5,False,
2026-07,CR00835,youtube,63877.0,micro,1.0555755592779874,0.0462377567399351,0.0105919003115264,40.5,24.8,7.4,True,
2026-08,CR00835,youtube,63743.0,micro,0.4025226299358361,0.009486253642468,0.0163339382940108,7.9,12.3,10.6,True,
2026-09,CR00835,youtube,65015,micro,0.5480119972314081,0.010412619473152538,0.016706443914081145,13.5,13.5,10.7,True,
2026-07,CR00836,all,,,,,,33.2,75.2,68.6,True,The Lens
2026-08,CR00836,all,,,,,,51.0,57.5,30.8,True,The Lens
2026-09,CR00836,all,,,,,,32.1,75.9,75.0,True,The Lens
2026-07,CR00836,youtube,36197.0,micro,0.9081968118904882,0.1383778343868918,0.128538283062645,33.2,75.2,68.6,True,
2026-08,CR00836,youtube,36571.0,micro,1.2738235213693911,0.1093214426547759,0.0472727272727272,51.0,57.5,30.8,True,
2026-09,CR00836,youtube,39841,micro,0.9067543485354284,0.14597595351780476,0.16557257476294676,32.1,75.9,75.0,True,
2026-07,CR00837,all,,,,,,29.4,38.5,33.1,True,The Lens
2026-09,CR00837,all,,,,,,62.6,19.2,70.5,True,The Hub
2026-07,CR00837,tiktok,314490.0,mid,2.1047569080097936,0.0604599406528189,0.1040206873540206,29.4,38.5,33.1,True,
2026-09,CR00837,tiktok,332430,mid,3.9949583370935233,0.025841212629915816,0.198519720166278,62.6,19.2,70.5,True,
2026-07,CR00839,all,,,,,,57.8,38.8,54.4,False,The Pulse
2026-08,CR00839,all,,,,,,63.7,51.5,55.1,False,The Pulse
2026-09,CR00839,all,,,,,,46.6,36.8,51.9,True,The Hub
2026-07,CR00839,instagram,19280.0,micro,0.5384854771784232,0.0129151291512915,,42.1,14.6,,False,
2026-08,CR00839,instagram,,,,,,,,,False,
2026-09,CR00839,instagram,19460.0,micro,0.5616135662898253,-0.0313588850174216,0.1799660441426146,46.2,5.6,64.4,True,
2026-07,CR00839,tiktok,5892.0,nano,4.240495587236931,0.2078720787207872,0.0661881977671451,67.7,93.0,15.8,True,
2026-08,CR00839,tiktok,6460.0,nano,,0.1875,0.1432806324110672,,86.8,53.6,False,
2026-09,CR00839,tiktok,6710.0,nano,3.465424739195231,0.2025089605734767,0.054355919583023084,54.3,87.5,15.0,True,
2026-07,CR00839,youtube,4984.0,nano,1.5437399678972712,-0.0059832469086557,0.259825327510917,63.7,8.9,92.9,True,
2026-08,CR00839,youtube,5064.0,nano,1.6109794628751974,0.0209677419354838,0.0958083832335329,63.7,16.2,56.6,True,
2026-09,CR00839,youtube,5149,nano,1.0281608079238687,0.024880573248407645,0.16793893129770993,39.4,17.3,76.2,True,
2026-07,CR00843,all,,,,,,19.4,63.2,42.1,False,The Lens
2026-08,CR00843,all,,,,,,24.9,25.0,6.0,False,The Lens
2026-09,CR00843,all,,,,,,32.6,21.7,29.7,False,The Pulse
2026-07,CR00843,instagram,135948.0,mid,0.1302851090122694,0.0480191799196725,0.0803738317757009,2.6,30.8,26.6,True,
2026-08,CR00843,instagram,141250.0,mid,0.0908955752212389,0.0422046779310853,0.0320366132723112,1.3,25.7,10.0,True,
2026-09,CR00843,instagram,,,,,0.05096418732782369,,,13.3,False,
2026-07,CR00843,tiktok,137430.0,mid,2.37272065778942,0.1887379984430412,0.2451803666469544,36.2,95.5,80.4,True,
2026-08,CR00843,tiktok,,,,,,,,,False,
2026-09,CR00843,tiktok,157770.0,mid,1.7839323065221524,,0.15635778339848241,22.0,,59.3,False,
2026-07,CR00843,youtube,,,,,0.0329274395329441,,,19.2,False,
2026-08,CR00843,youtube,269600.0,mid,1.224213649851632,0.0372023237025352,0.0004388210341549,48.5,24.2,2.0,True,
2026-09,CR00843,youtube,277350.0,mid,1.0826789255453397,0.019781593558113028,0.027317492574644366,43.2,21.7,16.6,True,
2026-07,CR00844,all,,,,,,11.2,57.0,92.9,False,The Hub
2026-09,CR00844,all,,,,,,21.4,65.4,69.5,True,The Hub
2026-07,CR00844,instagram,246743.0,mid,0.1875392614988064,0.0435799508541315,0.321626617375231,7.3,28.1,92.9,True,
2026-09,CR00844,instagram,264360.0,mid,0.23450219397790892,0.07093376544460199,0.33182503770739064,12.0,46.4,94.2,True,
2026-07,CR00844,youtube,122657.0,mid,0.6023137692916017,0.1492485570796791,,15.1,85.8,,False,
2026-09,CR00844,youtube,132024,mid,0.8826955705023329,0.1734527904434312,0.08160512561119541,30.8,84.3,44.8,True,
2026-07,CR00846,all,,,,,,17.4,68.6,48.4,False,The Lens
2026-08,CR00846,all,,,,,,29.2,47.6,65.2,True,The Hub
2026-09,CR00846,all,,,,,,42.3,45.0,90.2,False,The Hub
2026-07,CR00846,instagram,,,,,0.0233333333333333,,,5.1,False,
2026-08,CR00846,instagram,11810.0,micro,0.3188823031329382,0.0975836431226765,0.1083743842364532,19.8,50.5,39.2,True,
2026-09,CR00846,instagram,,,,,,,,,False,
2026-07,CR00846,tiktok,111940.0,mid,1.6112024298731464,0.1097452166154456,0.309773419005749,17.4,68.6,91.8,True,
2026-08,CR00846,tiktok,115320.0,mid,2.5118106139438083,0.0680744651292025,0.3134494000138725,38.7,44.6,91.2,True,
2026-09,CR00846,tiktok,120360.0,mid,2.693436357593885,0.0712950600801068,0.29669872936705854,42.3,45.0,90.2,True,
2026-07,CR00847,all,,,,,,49.8,93.1,87.3,False,The Lens
2026-08,CR00847,all,,,,,,51.0,55.9,53.8,True,The Lens
2026-09,CR00847,all,,,,,,57.4,50.5,51.0,True,The Pulse
2026-07,CR00847,instagram,64280.0,micro,0.988534536403236,0.2073628850488354,,76.7,93.1,,True,
2026-08,CR00847,instagram,69470.0,micro,0.451576219951058,0.1377333770062233,,35.3,72.9,,True,
2026-09,CR00847,instagram,74320.0,micro,0.37181108719052747,0.1531419705197828,,26.9,78.2,,True,
2026-07,CR00847,tiktok,,,,,,,,,False,
2026-08,CR00847,tiktok,11130.0,micro,8.461298377028713,-0.0127652082049476,0.0684190902311707,90.6,10.9,19.0,True,
2026-09,CR00847,tiktok,11233,micro,7.067924864239295,-0.07653732324893127,0.06851407375081824,87.9,2.9,21.2,True,
2026-07,CR00847,youtube,188440.0,mid,0.7406654638081087,,0.2078223400729201,22.8,,87.3,False,
2026-08,CR00847,youtube,204319.0,mid,0.7784102310602539,0.152384927326975,0.2196685924703193,27.2,83.9,88.5,True,
2026-09,CR00847,youtube,209687,mid,1.4602812763786024,0.1272585544176545,0.19120626772929894,57.4,70.5,80.8,True,
2026-07,CR00848,all,,,,,,39.4,41.0,2.8,False,The Lens
2026-08,CR00848,all,,,,,,56.0,57.2,16.7,True,The Lens
2026-09,CR00848,all,,,,,,39.0,46.7,21.8,False,The Lens
2026-07,CR00848,instagram,6600.0,nano,0.5065151515151515,0.1111111111111111,,38.2,49.2,,False,
2026-08,CR00848,instagram,6994.0,nano,0.6118101229625393,0.0829978321461752,0.0873015873015873,55.0,39.4,30.3,True,
2026-09,CR00848,instagram,7294,nano,0.4871126953660543,0.14164971043981844,0.10683760683760683,39.5,70.4,38.4,True,
2026-07,CR00848,tiktok,,,,,,,,,False,
2026-08,CR00848,tiktok,123720.0,mid,6.379881991593922,0.1991858098284385,0.0606178963402726,82.1,97.5,16.1,True,
2026-09,CR00848,tiktok,,,,,,,,,False,
2026-07,CR00848,youtube,206094.0,mid,1.055955049637544,0.0518219863223435,0.0019812680115273,40.7,32.7,2.8,True,
2026-08,CR00848,youtube,211050.0,mid,0.8402369106846719,0.0534591194968553,0.0035390258027153,31.0,34.8,3.8,True,
2026-09,CR00848,youtube,221634,mid,1.012480034651723,0.022226321979567833,0.0066246223965233985,38.4,22.9,5.3,True,
2026-07,CR00851,all,,,,,,60.9,68.9,62.6,False,The Lens
2026-09,CR00851,all,,,,,,75.9,31.2,37.5,False,The Pulse
2026-07,CR00851,instagram,25060.0,micro,0.4567438148443735,,0.245798319327731,32.0,,79.3,False,
2026-09,CR00851,instagram,,,,,,,,,False,
2026-07,CR00851,tiktok,86406.0,micro,8.514096243316436,0.1232353170579518,0.2155440581532163,91.8,70.8,74.0,True,
2026-09,CR00851,tiktok,,,,,,,,,False,
2026-07,CR00851,youtube,69781.0,micro,1.4423840300368296,0.1235066816937691,0.0607821229050279,58.8,67.0,34.4,True,
2026-09,CR00851,youtube,74413,micro,2.081746469030949,0.053709997167941094,0.06343516209476309,75.9,31.2,37.5,True,
2026-07,CR00855,all,,,,,,35.5,68.6,46.5,False,The Lens
2026-08,CR00855,all,,,,,,48.7,66.8,46.2,True,The Lens
2026-09,CR00855,all,,,,,,45.0,69.2,32.2,False,The Lens
2026-07,CR00855,instagram,6080.0,nano,0.2338815789473684,,0.3,11.4,,90.2,False,
2026-08,CR00855,instagram,6040.0,nano,0.3410596026490066,0.0634701621248706,0.3308823529411764,23.1,28.2,93.9,True,
2026-09,CR00855,instagram,6130.0,nano,,,0.14606741573033707,,,54.1,False,
2026-07,CR00855,tiktok,406757.0,mid,5.876461867896557,0.1435941554698987,0.1331833858149647,80.8,82.7,46.3,True,
2026-08,CR00855,tiktok,422370.0,mid,8.86592561024694,0.1692550452620214,0.0969012865145251,91.4,92.4,35.3,True,
2026-09,CR00855,tiktok,450980.0,mid,4.122972193888864,0.11755959756158002,0.11701947612352237,64.1,69.5,40.2,False,
2026-07,CR00855,youtube,22986.0,micro,0.5846602279648482,0.1027633851468048,0.0020408163265306,14.4,54.6,3.0,True,
2026-08,CR00855,youtube,24139.0,micro,0.8514022950412196,0.1556396016851781,0.0135135135135135,31.6,79.9,9.5,True,
2026-09,CR00855,youtube,24962,micro,0.7888711498773412,0.12664740927965337,0.0018148820326678765,26.0,68.8,2.3,True,
2026-07,CR00856,all,,,,,,41.2,45.2,61.1,False,The Hub
2026-08,CR00856,all,,,,,,51.1,48.3,45.6,True,The Pulse
2026-09,CR00856,all,,,,,,48.6,51.8,41.8,True,The Lens
2026-07,CR00856,instagram,156902.0,mid,0.2559797550612347,0.074781655649553,0.0923456790123456,13.8,45.2,31.5,True,
2026-08,CR00856,instagram,163950.0,mid,0.2865568770966758,0.0568555405144072,0.0539436044135676,15.7,32.1,17.5,True,
2026-09,CR00856,instagram,165130.0,mid,0.2630412402349664,0.06887177163570457,0.04554455445544554,14.5,45.7,11.6,True,
2026-07,CR00856,youtube,184117.0,mid,1.7087015321779089,,0.239095744680851,68.7,,90.7,False,
2026-08,CR00856,youtube,185270.0,mid,2.661925837966212,0.1099994008747229,0.1507115922637149,86.4,64.6,73.7,True,
2026-09,CR00856,youtube,190970,mid,2.4882442268419123,0.1030375842570077,0.15406579764121664,82.7,57.8,72.0,True,
2026-07,CR00857,all,,,,,,36.0,33.9,41.2,False,The Hub
2026-08,CR00857,all,,,,,,50.8,35.0,40.8,True,The Pulse
2026-09,CR00857,all,,,,,,42.4,52.2,49.9,True,The Lens
2026-07,CR00857,instagram,23100.0,micro,0.6318181818181818,0.1154031868662481,0.2538461538461538,51.6,63.1,81.5,True,
2026-08,CR00857,instagram,24410.0,micro,1.0415813191315035,0.1181859825927622,0.1688177594217862,79.6,62.9,65.3,True,
2026-09,CR00857,instagram,25960.0,micro,0.4924114021571649,0.19852262234533702,0.178256611165524,40.0,92.5,63.3,True,
2026-07,CR00857,tiktok,43020.0,micro,3.3138307763830777,0.0554465161923454,,55.8,30.7,,False,
2026-08,CR00857,tiktok,44900.0,micro,4.43,0.0677764565992865,0.151062607696726,69.2,39.6,56.1,True,
2026-09,CR00857,tiktok,45890.0,micro,6.422597515798649,0.06128584643848289,0.26405356395592133,83.5,36.1,85.8,True,
2026-07,CR00857,youtube,632.0,nano,0.2183544303797468,-0.0094043887147335,0.0,0.7,7.8,0.8,True,
2026-08,CR00857,youtube,640.0,nano,0.303125,-0.0548148148148148,0.0,3.7,2.5,0.9,True,
2026-09,CR00857,youtube,627,nano,0.2631578947368421,0.045,0.0,3.6,28.0,0.7,True,
2026-07,CR00858,all,,,,,,51.1,70.5,45.2,False,The Lens
2026-08,CR00858,all,,,,,,77.5,88.0,10.3,False,The Lens
2026-09,CR00858,all,,,,,,73.8,68.1,52.0,False,The Pulse
2026-07,CR00858,instagram,14460.0,micro,0.9957123098201937,0.1586538461538461,0.0358565737051792,76.9,82.5,8.0,True,
2026-08,CR00858,instagram,15690.0,micro,0.95736137667304,0.1850453172205438,0.032293986636971,77.5,88.0,10.3,True,
2026-09,CR00858,instagram,16190.0,micro,1.0956145768993206,0.15395580898075553,,79.7,79.0,,False,
2026-07,CR00858,tiktok,,,,,,,,,False,
2026-08,CR00858,tiktok,,,,,,,,,False,
2026-09,CR00858,tiktok,3480.0,nano,13.997701149425287,,0.12188759781835427,99.4,,43.5,False,
2026-07,CR00858,youtube,97745.0,micro,0.7873241598035705,0.1113069183104996,0.1781006187785848,25.3,58.5,82.4,True,
2026-08,CR00858,youtube,,,,,,,,,False,
2026-09,CR00858,youtube,108023,mid,1.071910611629005,0.10189322071934227,0.11340361445783133,42.2,57.2,60.4,True,
2026-07,CR00859,all,,,,,,60.1,69.7,56.4,False,The Lens
2026-08,CR00859,all,,,,,,68.1,52.6,67.5,True,The Pulse
2026-09,CR00859,all,,,,,,58.4,60.5,76.8,False,The Hub
2026-07,CR00859,instagram,6208.0,nano,0.5339884020618557,0.1234165761853058,0.1864406779661017,41.7,59.7,66.3,True,
2026-08,CR00859,instagram,6630.0,nano,0.5368024132730015,0.0922570016474464,0.1976744186046511,46.5,45.1,72.0,True,
2026-09,CR00859,instagram,6800.0,nano,0.6248529411764706,0.16838487972508592,0.2545454545454545,51.7,85.2,83.1,True,
2026-07,CR00859,tiktok,36000.0,micro,4.457861111111111,,0.1586879432624113,70.3,,55.7,False,
2026-08,CR00859,tiktok,36374.0,micro,10.568730411832629,0.0046678635547576,0.1979962305326852,95.1,13.1,68.9,True,
2026-09,CR00859,tiktok,37380.0,micro,3.9725521669341894,0.013282732447817837,,61.9,14.1,,False,
2026-07,CR00859,youtube,23348.0,micro,1.678173719376392,0.1484505656665027,0.086092715231788,68.2,79.7,47.3,True,
2026-08,CR00859,youtube,24170.0,micro,1.57310715763343,0.2681007345225603,0.1081632653061224,62.6,99.7,61.6,True,
2026-09,CR00859,youtube,26582,micro,1.5761041306147017,0.16286801697362088,0.14683815648445875,61.6,82.3,70.5,True,
2026-08,CR00860,all,,,,,,71.2,88.2,19.0,True,The Lens
2026-09,CR00860,all,,,,,,41.2,76.1,56.4,True,The Lens
2026-08,CR00860,instagram,261296.0,mid,0.5198472230726838,0.184500172260603,0.0435425193269668,44.4,90.7,13.5,True,
2026-09,CR00860,instagram,277430,mid,0.5011246080092275,0.14525024355608396,0.15257175881333077,41.2,76.1,56.4,True,
2026-08,CR00860,tiktok,54360.0,micro,15.626306107431937,0.1712992889463477,0.0778775745770659,98.0,85.8,24.5,True,
2026-07,CR00864,all,,,,,,15.9,46.0,28.4,False,The Lens
2026-08,CR00864,all,,,,,,36.4,56.5,78.3,False,The Hub
2026-09,CR00864,all,,,,,,23.2,33.3,55.4,False,The Hub
2026-07,CR00864,instagram,,,,,,,,,False,
2026-08,CR00864,instagram,160720.0,mid,1.0625373320059732,0.1320701556666901,0.2746865016926524,80.2,75.7,86.5,True,
2026-09,CR00864,instagram,,,,,,,,,False,
2026-07,CR00864,tiktok,148862.0,mid,1.8940629576386183,0.0599686698946169,0.1190800265242732,24.7,37.2,41.1,True,
2026-08,CR00864,tiktok,155040.0,mid,1.4432920536635707,0.0583657587548638,,14.3,40.8,,False,
2026-09,CR00864,tiktok,156410.0,mid,1.775001598363276,0.050577646426652335,0.2979171234378426,21.8,31.8,90.9,True,
2026-07,CR00864,youtube,58624.0,micro,0.4069664301310043,0.1030537941934634,0.0254470426409903,7.1,54.9,15.7,True,
2026-08,CR00864,youtube,62080.0,micro,0.5275773195876289,0.0999291282778171,0.1364106097140889,14.8,52.9,70.1,True,
2026-09,CR00864,youtube,64610,micro,0.7589691998142702,0.059944878272852546,0.030997739748143363,24.7,34.8,20.0,True,
2026-07,CR00865,all,,,,,,46.8,60.0,53.0,False,The Lens
2026-08,CR00865,all,,,,,,42.0,49.8,59.8,False,The Hub
2026-09,CR00865,all,,,,,,42.8,41.6,32.6,True,The Pulse
2026-07,CR00865,instagram,,,,,,,,,False,
2026-08,CR00865,instagram,1281870.0,macro,0.2467824350363141,0.1552229121418851,0.1489648964896489,12.1,88.2,57.1,True,
2026-09,CR00865,instagram,1355837,macro,0.37756677240700764,0.11829632311761751,0.12217161859321911,27.6,56.2,44.2,True,
2026-07,CR00865,tiktok,1560.0,nano,2.32948717948718,,0.125,34.2,,43.8,False,
2026-08,CR00865,tiktok,1608.0,nano,3.978855721393035,0.0489236790606653,0.1931330472103004,63.5,11.3,67.8,True,
2026-09,CR00865,tiktok,1596,nano,2.619674185463659,0.04450261780104712,0.03125,40.4,16.7,6.7,True,
2026-07,CR00865,youtube,3107.0,nano,1.4493080141615706,0.1314639475600874,0.1171366594360086,59.5,60.0,62.1,True,
2026-08,CR00865,youtube,3210.0,nano,1.250467289719626,,0.0903225806451612,50.3,,54.5,False,
2026-09,CR00865,youtube,3434,nano,1.5387303436225976,0.11240686750890833,0.0847457627118644,60.5,52.0,47.0,True,
2026-07,CR00869,all,,,,,,15.7,48.9,80.4,True,The Hub
2026-08,CR00869,all,,,,,,28.2,55.0,98.2,True,The Hub
2026-09,CR00869,all,,,,,,,,,False,
2026-07,CR00869,youtube,9660.0,nano,0.6182194616977226,0.098976109215017,0.1695804195804195,15.7,48.9,80.4,True,
2026-08,CR00869,youtube,9750.0,nano,0.7884102564102564,0.1206896551724138,0.3496855345911949,28.2,55.0,98.2,True,
2026-09,CR00869,youtube,,,,,,,,,False,
2026-08,CR00871,all,,,,,,2.4,75.8,64.7,False,The Lens
2026-08,CR00871,tiktok,178857.0,mid,0.6184046472880569,0.131326101394731,0.1830774186620852,2.4,75.8,64.7,True,
2026-07,CR00872,all,,,,,,16.9,96.7,33.4,True,The Lens
2026-08,CR00872,all,,,,,,9.1,96.6,,False,The Lens
2026-09,CR00872,all,,,,,,6.8,61.9,,False,The Lens
2026-07,CR00872,instagram,46192.0,micro,0.2931027017665397,0.2343541232430121,0.0962566844919786,16.9,96.7,33.4,True,
2026-08,CR00872,instagram,47650.0,micro,0.2040293809024134,0.2290430745421718,,9.1,96.6,,False,
2026-09,CR00872,instagram,52200.0,micro,0.1874521072796935,0.12137486573576799,,6.8,61.9,,False,
2026-07,CR00873,all,,,,,,48.6,64.9,50.0,True,The Lens
2026-08,CR00873,all,,,,,,41.4,56.2,56.2,False,The Lens
2026-09,CR00873,all,,,,,,37.9,66.7,69.9,True,The Hub
2026-07,CR00873,instagram,79670.0,micro,0.5151248901719593,0.0583156216790648,0.5316831683168317,38.9,34.3,99.5,True,
2026-08,CR00873,instagram,81114.0,micro,0.460253470424341,0.0174096279758171,0.2834922227797291,36.5,12.4,88.3,True,
2026-09,CR00873,instagram,82977,micro,0.41840510020849153,0.057233866343887364,0.41335978835978837,32.7,31.3,98.9,True,
2026-07,CR00873,tiktok,431251.0,mid,7.758739110170179,0.1081927698459198,0.0873062638382972,89.8,67.9,24.7,True,
2026-08,CR00873,tiktok,446810.0,mid,5.409113493431212,0.1285645727564345,,75.6,74.5,,False,
2026-09,CR00873,tiktok,460261,mid,5.253391010752595,0.1272314485771875,0.12849832859136492,75.3,72.8,48.4,True,
2026-07,CR00873,youtube,11023.0,micro,0.6403882790528894,0.1995864620742191,0.0432692307692307,17.1,92.5,25.9,True,
2026-08,CR00873,youtube,12025.0,micro,0.4841580041580041,0.1612747464992757,0.037037037037037,12.2,81.8,24.2,True,
2026-09,CR00873,youtube,12822,micro,0.3331773514272344,0.21951683469659503,0.11764705882352941,5.7,96.1,62.3,True,
2026-07,CR00874,all,,,,,,45.3,36.4,57.6,False,The Hub
2026-08,CR00874,all,,,,,,49.5,26.0,94.6,False,The Hub
2026-09,CR00874,all,,,,,,61.0,31.3,53.4,False,The Pulse
2026-07,CR00874,instagram,93064.0,micro,0.5141622969139517,-0.024772603428763,0.1479620323841429,38.7,7.3,52.2,True,
2026-08,CR00874,instagram,,,,,,,,,False,
2026-09,CR00874,instagram,,,,,0.04077627562145661,,,10.2,False,
2026-07,CR00874,tiktok,4110.0,nano,2.956447688564477,,0.0981735159817351,47.9,,30.6,False,
2026-08,CR00874,tiktok,4301.0,nano,1.937688909555917,0.0319097888675623,,26.7,5.7,,False,
2026-09,CR00874,tiktok,4345,nano,3.03590333716916,0.02187206020696143,0.14114832535885166,48.0,6.2,51.8,True,
2026-07,CR00874,youtube,47216.0,micro,1.190846323280244,0.1213870086688041,0.2360436893203883,49.3,65.4,90.1,True,
2026-08,CR00874,youtube,49720.0,micro,1.852413515687852,0.0879649890590809,0.2727882037533512,72.3,46.4,94.6,True,
2026-09,CR00874,youtube,50578,micro,2.0044683459211514,0.1065701096112193,0.3452581032412965,74.1,56.4,98.1,True,
2026-07,CR00875,all,,,,,,17.2,66.4,41.9,True,The Lens
2026-08,CR00875,all,,,,,,18.3,62.4,90.7,False,The Hub
2026-09,CR00875,all,,,,,,35.2,59.0,39.3,False,The Lens
2026-07,CR00875,instagram,275847.0,mid,0.3684179998332409,0.1209966148256818,0.0702093964455393,24.4,65.8,22.7,True,
2026-08,CR00875,instagram,283730.0,mid,0.2885454481373136,0.0795190807746452,,16.1,46.4,,False,
2026-09,CR00875,instagram,293110.0,mid,0.48040326157415303,0.1072453913569054,0.13532242540904715,38.7,62.3,51.1,True,
2026-07,CR00875,tiktok,42904.0,micro,1.8431381689352968,0.1185442031441458,0.0780224024719969,23.5,67.4,21.0,True,
2026-08,CR00875,tiktok,44107.0,micro,2.2867345319337065,0.1212028775515391,,32.4,69.1,,False,
2026-09,CR00875,tiktok,45137,micro,2.230741963356005,0.10146660484638473,0.08858739026336791,31.7,55.6,27.5,True,
2026-07,CR00875,youtube,20395.0,micro,0.3166462368227506,0.1231345338399691,0.1743589743589743,3.8,66.0,82.0,True,
2026-08,CR00875,youtube,21368.0,micro,0.375,0.1404173560335165,0.2331691297208538,6.3,71.8,90.7,True,
2026-09,CR00875,youtube,,,,,,,,,False,
2026-07,CR00876,all,,,,,,45.6,54.7,27.5,True,The Lens
2026-08,CR00876,all,,,,,,47.0,53.9,49.6,False,The Lens
2026-09,CR00876,all,,,,,,46.8,23.4,56.6,False,The Hub
2026-07,CR00876,instagram,100533.0,mid,0.6747535635065103,0.0850602253594094,0.2087551299589603,54.7,50.0,73.4,True,
2026-08,CR00876,instagram,101460.0,mid,0.3630987581312833,0.0874598070739549,0.2685925015365704,25.3,53.6,85.3,True,
2026-09,CR00876,instagram,105650.0,mid,0.6014387127307146,0.04428190174953049,0.2921108742004264,49.8,29.0,89.8,True,
2026-07,CR00876,tiktok,18170.0,micro,3.259933957072097,0.1377582968065122,0.0106415323806628,54.4,77.2,0.2,True,
2026-08,CR00876,tiktok,19320.0,micro,3.8337991718426494,0.1555023923444976,,60.9,82.2,,False,
2026-09,CR00876,tiktok,,,,,,,,,False,
2026-07,CR00876,youtube,72634.0,micro,0.8143156097695294,0.0713295377444762,0.0135483870967741,27.7,36.9,9.0,True,
2026-08,CR00876,youtube,73570.0,micro,1.3583797743645507,0.0460685340537466,0.020515058926233,54.7,26.0,14.0,True,
2026-09,CR00876,youtube,76501,micro,1.100299342492255,0.023821950991019927,0.035958124715521164,43.9,17.7,23.4,True,
2026-07,CR00878,all,,,,,,21.6,14.8,20.6,False,The Pulse
2026-08,CR00878,all,,,,,,37.4,30.8,30.9,False,The Pulse
2026-09,CR00878,all,,,,,,31.8,20.8,23.3,True,The Pulse
2026-07,CR00878,instagram,31868.0,micro,0.2005773816995104,0.009279493269992,0.0472972972972973,8.0,12.8,12.0,True,
2026-08,CR00878,instagram,32110.0,micro,0.2742447835565244,0.0807808818579602,0.0681063122923588,14.7,43.6,23.1,True,
2026-09,CR00878,instagram,32740.0,micro,0.19337202199144776,0.01962005605730302,0.06222222222222222,7.3,13.1,18.5,True,
2026-07,CR00878,tiktok,,,,,,,,,False,
2026-08,CR00878,tiktok,2380.0,nano,3.4235294117647057,,0.0445544554455445,54.0,,10.4,False,
2026-09,CR00878,tiktok,2402,nano,2.628226477935054,0.024307036247334754,0.042483660130718956,40.8,8.3,10.6,True,
2026-07,CR00878,youtube,10388.0,micro,0.939834424335772,0.020231781575329,0.0524835988753514,35.3,16.7,29.1,True,
2026-08,CR00878,youtube,10840.0,micro,1.1281365313653136,0.0219986838394284,0.1006224066390041,43.6,17.9,59.3,True,
2026-09,CR00878,youtube,10579,micro,1.1684469231496362,0.07477395103118968,0.07342657342657342,47.3,41.1,40.8,True,
2026-07,CR00880,all,,,,,,37.6,27.1,58.1,True,The Hub
2026-08,CR00880,all,,,,,,39.2,32.6,24.5,True,The Pulse
2026-09,CR00880,all,,,,,,55.2,35.4,25.4,False,The Pulse
2026-07,CR00880,instagram,39120.0,micro,1.2876278118609408,0.0912133891213389,0.269811320754717,86.6,53.3,86.6,True,
2026-08,CR00880,instagram,41370.0,micro,1.1032148900169203,0.1498054474708171,0.0357256778309409,81.1,76.3,11.2,True,
2026-09,CR00880,instagram,43590.0,micro,0.7565496673548979,0.13250194855806702,0.121492128678987,62.0,69.0,43.9,True,
2026-07,CR00880,tiktok,155610.0,mid,1.4451384872437505,0.0213980964883491,0.2233887430737824,14.7,21.2,75.8,True,
2026-08,CR00880,tiktok,155540.0,mid,2.2404707949279423,0.0002419488341886,0.155702479338843,31.4,12.7,57.4,True,
2026-09,CR00880,tiktok,158679,mid,3.0668897585691868,0.031749850451247105,,48.4,22.5,,False,
2026-07,CR00880,youtube,8323.0,nano,0.5274540430133365,-0.0208235294117647,0.0176991150442477,11.4,6.7,12.0,True,
2026-08,CR00880,youtube,8358.0,nano,0.3470926058865757,-0.0173994827180813,0.0066889632107023,5.1,8.8,4.8,True,
2026-09,CR00880,youtube,8104,nano,,0.021040695476880433,0.010452961672473868,,14.7,6.9,False,
2026-07,CR00881,all,,,,,,38.8,37.8,29.6,False,The Pulse
2026-08,CR00881,all,,,,,,46.8,30.4,38.0,False,The Pulse
2026-09,CR00881,all,,,,,,73.1,32.5,13.4,False,The Pulse
2026-07,CR00881,instagram,41600.0,micro,0.5283653846153846,-0.1765637371338083,0.175,41.2,0.4,61.5,True,
2026-08,CR00881,instagram,39150.0,micro,0.5766794380587484,-0.1549751780703647,0.1939393939393939,51.6,0.7,71.3,True,
2026-09,CR00881,instagram,37230.0,micro,0.8574536663980661,-0.14863937800137206,0.07961564859299931,67.7,0.4,26.0,True,
2026-07,CR00881,tiktok,6000.0,nano,3.9343333333333335,,0.0304054054054054,63.2,,5.5,False,
2026-08,CR00881,tiktok,6236.0,nano,3.969211032713278,0.0738763561219218,,63.1,20.8,,False,
2026-09,CR00881,tiktok,6391,nano,5.559536848693475,0.14575645756457564,0.00461361014994233,78.4,64.6,0.8,True,
2026-07,CR00881,youtube,509600.0,mid,0.5381102825745683,0.1241259126905345,0.0379921259842519,12.1,75.3,21.7,True,
2026-08,CR00881,youtube,521750.0,mid,0.7613224724484906,0.119202883006564,0.0066612130419539,25.6,69.6,4.7,True,
2026-09,CR00881,youtube,,,,,,,,,False,
2026-07,CR00882,all,,,,,,19.4,70.8,24.3,False,The Lens
2026-08,CR00882,all,,,,,,54.9,40.9,13.8,True,The Pulse
2026-09,CR00882,all,,,,,,40.9,38.5,47.9,False,The Hub
2026-07,CR00882,instagram,,,,,,,,,False,
2026-08,CR00882,instagram,280270.0,mid,2.5718235986727085,-0.0925531949659637,0.0538638389715197,98.3,1.4,17.2,True,
2026-09,CR00882,instagram,267523,mid,2.24223337806469,-0.11326377057548377,0.19079769942485622,95.1,2.9,67.1,True,
2026-07,CR00882,tiktok,105400.0,mid,2.157988614800759,0.1099410278011794,0.1020629750271444,30.1,69.2,32.4,True,
2026-08,CR00882,tiktok,109220.0,mid,2.7884178721845814,0.1125598451665478,0.0713215808272842,43.4,68.8,21.2,True,
2026-09,CR00882,tiktok,114110.0,mid,1.7176583997896766,0.0690462806820311,0.09236492024462518,20.1,41.7,28.8,True,
2026-07,CR00882,youtube,74636.0,micro,0.4570716544294978,0.1349066358494008,0.0258939580764488,8.7,72.5,16.2,True,
2026-08,CR00882,youtube,77823.0,micro,0.7086722434241806,0.0998940004239983,0.0026007802340702,22.9,52.6,3.0,True,
2026-09,CR00882,youtube,78023,micro,0.40554708227061254,0.13339628123184194,,7.6,70.9,,False,
2026-07,CR00883,all,,,,,,45.7,39.1,41.4,False,The Pulse
2026-08,CR00883,all,,,,,,31.9,28.9,77.2,False,The Hub
2026-09,CR00883,all,,,,,,25.5,28.3,11.6,False,The Lens
2026-07,CR00883,instagram,3478350.0,macro,0.1531479005850475,0.0859493295452771,0.0430914298750348,4.7,50.0,9.8,True,
2026-08,CR00883,instagram,3767980.0,macro,0.082761320389174,0.0879896051396809,,0.9,47.1,,False,
2026-09,CR00883,instagram,,,,,,,,,False,
2026-07,CR00883,tiktok,746735.0,mid,6.7354094826143145,0.0165814676913233,0.4573023036422279,86.7,19.2,99.5,True,
2026-08,CR00883,tiktok,759270.0,mid,7.187663150131047,0.0100705068511374,0.4576982773975216,87.0,15.9,98.7,True,
2026-09,CR00883,tiktok,,,,,,,,,False,
2026-07,CR00883,youtube,200620.0,mid,,0.0793913829466706,0.0242697594501718,,48.1,15.0,False,
2026-08,CR00883,youtube,210846.0,mid,0.39761247545602,0.0363019758183426,0.0938398849472675,7.8,23.6,55.7,True,
2026-09,CR00883,youtube,207690,mid,0.7807308970099668,0.03686877511794513,0.018140744797371305,25.5,28.3,11.6,True,
2026-07,CR00887,all,,,,,,40.7,52.2,40.7,False,The Lens
2026-08,CR00887,all,,,,,,53.4,51.4,28.8,False,The Pulse
2026-09,CR00887,all,,,,,,53.5,58.2,24.2,False,The Lens
2026-07,CR00887,instagram,11725.0,micro,0.5884008528784648,0.1625024786833234,0.0825082508250825,46.6,84.3,28.8,True,
2026-08,CR00887,instagram,12610.0,micro,0.4430610626486915,0.132973944294699,0.0173611111111111,33.3,70.4,4.4,True,
2026-09,CR00887,instagram,12933,micro,0.6988324441351581,0.15452597750401714,0.0835117773019272,58.1,79.8,28.2,True,
2026-07,CR00887,tiktok,363221.0,mid,3.418277026934016,0.0382162692117501,,57.1,31.4,,False,
2026-08,CR00887,tiktok,372250.0,mid,5.152478173270652,0.0460280439486329,0.1423135615053806,73.5,32.5,53.2,True,
2026-09,CR00887,tiktok,384650.0,mid,3.184572988431041,0.0760042519861251,,50.7,48.3,,False,
2026-07,CR00887,youtube,27262.0,micro,0.6587924583669577,0.0779328614922304,0.0952712100139082,18.3,40.8,52.6,True,
2026-08,CR00887,youtube,,,,,,,,,False,
2026-09,CR00887,youtube,29239,micro,1.27562502137556,0.08196417998815868,0.031192660550458717,51.7,46.5,20.2,True,
2026-07,CR00889,all,,,,,,59.4,32.2,53.0,False,The Pulse
2026-08,CR00889,all,,,,,,74.2,38.3,62.8,False,The Pulse
2026-09,CR00889,all,,,,,,58.0,36.0,54.0,True,The Pulse
2026-07,CR00889,instagram,8990.0,nano,0.5760845383759733,0.1126237623762376,,44.3,54.8,,False,
2026-08,CR00889,instagram,9370.0,nano,0.6354322305229456,0.0832369942196531,,57.7,40.8,,False,
2026-09,CR00889,instagram,9393,nano,0.4426700734589588,0.07140412912056576,0.11363636363636363,35.7,40.7,40.9,True,
2026-07,CR00889,tiktok,64920.0,micro,13.977726432532348,-0.0316229116945107,0.3603037250696447,97.8,5.2,95.7,True,
2026-08,CR00889,tiktok,64513.0,micro,15.76579914125835,-0.0308852468866889,0.4400911592097961,98.4,6.9,98.5,True,
2026-09,CR00889,tiktok,65589,micro,9.497476711033862,0.012629108706056724,0.4964768528081893,94.9,13.7,99.7,True,
2026-07,CR00889,youtube,39087.0,micro,0.9529511090643948,0.0694995485265548,0.0148423005565862,36.0,36.6,10.2,True,
2026-08,CR00889,youtube,40539.0,micro,1.659315720664052,0.1279318883726106,0.0417899408284023,66.5,67.2,27.1,True,
2026-09,CR00889,youtube,43575,micro,1.0888582903040733,0.09276256394823955,0.033582089552238806,43.3,53.5,21.3,True,
2026-07,CR00891,all,,,,,,45.6,45.5,67.9,True,The Hub
2026-08,CR00891,all,,,,,,43.5,35.0,65.4,True,The Hub
2026-09,CR00891,all,,,,,,67.2,54.0,60.5,False,The Pulse
2026-07,CR00891,instagram,122130.0,mid,0.4967166134446901,0.1131060882245716,0.1008372770294867,37.1,63.7,35.9,True,
2026-08,CR00891,instagram,125750.0,mid,0.4653439363817097,0.0990211501485754,0.1232279171210468,37.8,57.9,46.2,True,
2026-09,CR00891,instagram,129688,mid,0.5622031336746653,0.11476142585763772,0.060297572435395456,46.4,65.2,17.7,True,
2026-07,CR00891,tiktok,92920.0,micro,1.6017757210503658,0.0783335267494487,0.2409567108124135,17.0,44.9,78.8,True,
2026-08,CR00891,tiktok,92800.0,micro,1.3101616379310346,0.0345596432552954,0.2121113989637305,11.2,23.3,71.7,True,
2026-09,CR00891,tiktok,,,,,0.2858455882352941,,,88.6,False,
2026-07,CR00891,youtube,1784.0,nano,2.420964125560538,0.0721153846153846,0.2169312169312169,82.7,27.8,89.1,True,
2026-08,CR00891,youtube,1825.0,nano,2.332054794520548,0.0410724472333143,0.1686046511627907,81.5,23.8,78.3,True,
2026-09,CR00891,youtube,1827,nano,2.889983579638752,0.07914943886591849,0.16589861751152074,88.0,42.7,75.2,True,
2026-08,CR00892,all,,,,,,59.3,74.9,31.2,False,The Lens
2026-08,CR00892,instagram,9226.0,nano,0.5678517233904183,0.2349083121402757,,50.9,95.8,,False,
2026-08,CR00892,tiktok,285270.0,mid,3.880846215865671,0.1959000586903664,,61.7,96.8,,False,
2026-08,CR00892,youtube,23400.0,micro,1.643888888888889,0.055956678700361,0.0482315112540192,65.3,32.1,31.2,True,
2026-08,CR00894,all,,,,,,33.4,28.0,11.9,True,The Pulse
2026-09,CR00894,all,,,,,,,,,False,
2026-08,CR00894,tiktok,285960.0,mid,2.326437263953,0.0377789874795862,0.0496391914302362,33.4,28.0,11.9,True,
2026-09,CR00894,tiktok,,,,,,,,,False,
2026-07,CR00895,all,,,,,,12.0,63.2,36.7,True,The Lens
2026-08,CR00895,all,,,,,,1.6,62.9,60.1,False,The Lens
2026-09,CR00895,all,,,,,,20.2,61.3,35.2,False,The Lens
2026-07,CR00895,tiktok,51950.0,micro,0.8491241578440808,0.1271425471902799,0.1250965250965251,3.5,71.9,44.1,True,
2026-08,CR00895,tiktok,53350.0,micro,0.5114714894253045,0.1068464730290456,0.1395027624309392,1.6,62.9,52.3,True,
2026-09,CR00895,tiktok,55043,micro,0.8679577784641099,,,4.7,,,False,
2026-07,CR00895,youtube,1212.0,nano,0.7037953795379538,0.1129476584022038,0.0526315789473684,20.6,54.4,29.3,True,
2026-08,CR00895,youtube,,,,,0.1282051282051282,,,67.9,False,
2026-09,CR00895,youtube,1321,nano,0.9568508705526116,0.1252129471890971,0.057692307692307696,35.7,61.3,35.2,True,
2026-07,CR00897,all,,,,,,48.4,39.0,27.2,False,The Pulse
2026-08,CR00897,all,,,,,,43.0,22.9,39.4,True,The Pulse
2026-09,CR00897,all,,,,,,46.5,47.9,59.2,False,The Hub
2026-07,CR00897,instagram,5430.0,nano,1.3279926335174954,0.1479915433403805,,87.0,75.8,,False,
2026-08,CR00897,instagram,5590.0,nano,1.0148479427549195,0.1047430830039525,0.1367781155015197,79.0,59.2,51.5,True,
2026-09,CR00897,instagram,6026,nano,1.1933289080650515,0.18296034550451512,0.11547911547911548,82.3,90.7,41.4,True,
2026-07,CR00897,tiktok,,,,,0.016889639539535,,,2.5,False,
2026-08,CR00897,tiktok,137500.0,mid,1.912050909090909,-0.0503487809931625,0.088091269014378,25.9,5.7,31.3,True,
2026-09,CR00897,tiktok,136392,mid,2.4156548771188926,0.07579091834078701,,36.2,47.7,,False,
2026-07,CR00897,youtube,3893.0,nano,0.5037246339583868,-0.0603427468018344,0.0945945945945946,9.9,2.2,52.0,True,
2026-08,CR00897,youtube,4023.0,nano,0.7385036042754164,-0.0244907856450048,0.0565217391304347,24.2,3.8,35.3,True,
2026-09,CR00897,youtube,3964,nano,0.7033299697275479,0.0007573844988639232,0.1696969696969697,20.9,5.3,77.1,True,
2026-07,CR00899,all,,,,,,27.2,48.8,54.7,True,The Hub
2026-08,CR00899,all,,,,,,43.6,92.4,76.0,False,The Lens
2026-09,CR00899,all,,,,,,24.6,38.4,59.0,False,The Hub
2026-07,CR00899,instagram,246890.0,mid,0.4070436226659646,0.0272103182858331,0.3072100313479624,28.1,18.5,91.5,True,
2026-08,CR00899,instagram,247435.0,mid,0.4432881362782145,,0.4107255520504732,33.5,,98.6,False,
2026-09,CR00899,instagram,249998,mid,0.5355242841942736,0.05728858288362966,0.23392299687825183,44.4,38.4,79.0,True,
2026-07,CR00899,tiktok,30680.0,micro,2.82506518904824,0.144776119402985,0.144878324844369,45.8,81.6,51.4,True,
2026-08,CR00899,tiktok,20320.0,micro,3.39990157480315,0.1931884908984145,0.1429675425038639,53.8,92.4,53.4,True,
2026-09,CR00899,tiktok,,,,,,,,,False,
2026-07,CR00899,youtube,195833.0,mid,0.415164961982914,0.076975956356277,0.0368340943683409,7.6,46.3,21.2,True,
2026-08,CR00899,youtube,,,,,,,,,False,
2026-09,CR00899,youtube,201786,mid,0.32067636010426886,,0.06793977230995225,4.9,,39.0,False,
2026-07,CR00901,all,,,,,,62.6,22.8,71.8,False,The Hub
2026-08,CR00901,all,,,,,,23.6,61.7,53.0,False,The Lens
2026-09,CR00901,all,,,,,,3.0,51.4,29.2,False,The Lens
2026-07,CR00901,instagram,,,,,,,,,False,
2026-08,CR00901,instagram,112627.0,mid,0.1419286671934793,0.0663113147704572,0.0726172465960665,4.5,37.9,23.8,True,
2026-09,CR00901,instagram,116729,mid,0.14567074163232788,0.08044391788074566,0.007587253414264037,4.5,51.4,2.2,True,
2026-07,CR00901,tiktok,610.0,nano,,,0.1875,,,65.5,False,
2026-08,CR00901,tiktok,650.0,nano,0.7923076923076923,0.1719858156028368,0.1379310344827586,4.1,83.0,51.9,True,
2026-09,CR00901,tiktok,710.0,nano,0.5422535211267606,,0.14814814814814814,1.5,,56.2,False,
2026-07,CR00901,youtube,981480.0,mid,1.523376940946326,0.0291934063168491,0.15844453102172,62.6,22.8,78.0,True,
2026-08,CR00901,youtube,1026774.0,macro,1.5619191759822513,0.122040881001426,0.1941798066239568,62.1,64.3,83.2,False,
2026-09,CR00901,youtube,,,,,,,,,False,
2026-07,CR00902,all,,,,,,77.7,26.2,28.2,False,The Pulse
2026-08,CR00902,all,,,,,,43.9,39.7,57.6,False,The Hub
2026-09,CR00902,all,,,,,,50.0,9.2,29.3,False,The Pulse
2026-07,CR00902,instagram,892.0,nano,0.9473094170403588,0.065710872162485,,74.3,30.6,,False,
2026-08,CR00902,instagram,960.0,nano,0.51875,0.1012805587892898,0.4489795918367347,43.9,52.1,99.5,True,
2026-09,CR00902,instagram,,,,,,,,,False,
2026-07,CR00902,youtube,50020.0,micro,2.3645741703318675,0.0371138295666597,0.0511906459432482,81.1,21.9,28.2,True,
2026-08,CR00902,youtube,50170.0,micro,,0.0478279030910609,0.0232479784366576,,27.3,15.6,False,
2026-09,CR00902,youtube,49308,micro,1.2308753143506124,-0.009183160856023309,0.0481203007518797,50.0,9.2,29.3,True,
2026-08,CR00907,all,,,,,,19.8,3.2,,False,The Pulse
2026-08,CR00907,tiktok,216350.0,mid,1.651194823203143,-0.0713795175551549,,19.8,3.2,,False,
2026-08,CR00908,all,,,,,,71.4,61.4,58.4,True,The Pulse
2026-08,CR00908,youtube,99650.0,micro,1.8178223783241343,0.1175283166984411,0.0985084236506062,71.4,61.4,58.4,True,
2026-08,CR00909,all,,,,,,1.7,43.7,,False,The Lens
2026-09,CR00909,all,,,,,,0.2,25.9,,False,The Lens
2026-08,CR00909,instagram,670.0,nano,0.0955223880597015,0.0907590759075907,,1.7,43.7,,False,
2026-09,CR00909,instagram,670,nano,0.058208955223880594,0.046875,,0.2,25.9,,False,
2026-07,CR00911,all,,,,,,30.9,61.0,32.5,False,The Lens
2026-08,CR00911,all,,,,,,42.4,56.9,34.2,True,The Lens
2026-09,CR00911,all,,,,,,64.1,84.4,19.2,False,The Lens
2026-07,CR00911,instagram,115702.0,mid,0.2569186358057769,0.0393359862741751,0.0854974031162604,14.2,24.0,29.8,True,
2026-08,CR00911,instagram,117080.0,mid,0.3977451315339938,0.036509791423209,0.1122751081758141,29.1,23.6,40.3,True,
2026-09,CR00911,instagram,,,,,,,,,False,
2026-07,CR00911,tiktok,7226.0,nano,2.2197619706615,0.1422699968384445,0.0784574468085106,31.9,59.6,21.2,True,
2026-08,CR00911,tiktok,7340.0,nano,3.992234332425068,0.1037593984962406,0.120468692786525,63.9,47.2,45.0,True,
2026-09,CR00911,tiktok,7690.0,nano,5.793368010403121,0.15119760479041916,0.03976290442084465,80.1,68.8,9.3,False,
2026-07,CR00911,youtube,71014.0,micro,1.1597290675078151,0.2837180715486542,0.0850211440017805,46.5,99.3,46.6,False,
2026-08,CR00911,youtube,76933.0,micro,0.8998219229719366,0.2976369187174254,0.0270157938487115,34.2,100.0,17.4,True,
2026-09,CR00911,youtube,83131,micro,1.1809794180269695,0.2943310445762686,0.0473763684409211,48.1,100.0,29.1,True,
2026-07,CR00914,all,,,,,,46.5,68.4,70.3,False,The Hub
2026-08,CR00914,all,,,,,,49.6,63.2,79.5,True,The Hub
2026-09,CR00914,all,,,,,,49.4,73.8,58.3,False,The Lens
2026-07,CR00914,instagram,57740.0,micro,0.6267405611361274,0.1023291332569683,0.1843541540327471,50.8,58.0,65.1,True,
2026-08,CR00914,instagram,59393.0,micro,0.3821325745458219,0.0898398076958364,0.2,27.0,47.1,73.0,True,
2026-09,CR00914,instagram,61680.0,micro,0.45969520103761347,0.06934812760055478,0.1703096539162113,37.0,37.3,61.0,True,
2026-07,CR00914,tiktok,,,,,,,,,False,
2026-08,CR00914,tiktok,303830.0,mid,6.330921897113518,0.1108551789696903,0.5012281767518026,81.7,68.2,99.6,True,
2026-09,CR00914,tiktok,314080.0,mid,,0.18212954947495202,0.28232483893565463,,93.4,88.1,False,
2026-07,CR00914,youtube,19318.0,micro,1.0932808779376748,0.1469453185299531,0.1484517304189435,42.2,78.8,75.5,True,
2026-08,CR00914,youtube,19549.0,micro,1.026497519054683,0.1434838558727187,0.1204968944099378,40.2,74.4,65.8,True,
2026-09,CR00914,youtube,20626,micro,1.5797052264132647,0.18519795437568234,0.0411663807890223,61.8,90.8,25.9,True,
2026-07,CR00915,all,,,,,,61.1,69.4,13.2,True,The Lens
2026-08,CR00915,all,,,,,,72.4,,84.6,False,The Hub
2026-09,CR00915,all,,,,,,41.7,,34.8,False,The Pulse
2026-07,CR00915,instagram,2154.0,nano,0.7618384401114207,0.1378763866877971,0.0505050505050505,61.1,69.4,13.2,True,
2026-08,CR00915,instagram,2320.0,nano,0.8573275862068965,,0.2638888888888889,72.4,,84.6,False,
2026-09,CR00915,instagram,2460.0,nano,0.5036585365853659,,0.10112359550561797,41.7,,34.8,False,
2026-07,CR00916,all,,,,,,57.8,69.3,85.6,False,The Hub
2026-08,CR00916,all,,,,,,42.2,53.5,59.5,False,The Hub
2026-09,CR00916,all,,,,,,74.7,58.6,76.0,False,The Hub
2026-07,CR00916,instagram,2750.0,nano,0.6538181818181819,,0.2302631578947368,53.4,,76.8,False,
2026-08,CR00916,instagram,2890.0,nano,0.4325259515570934,,,32.5,,,False,
2026-09,CR00916,instagram,,,,,,,,,False,
2026-07,CR00916,tiktok,,,,,,,,,False,
2026-08,CR00916,tiktok,36880.0,micro,2.378524945770065,0.0979458172075022,0.1149258073901658,34.4,56.0,42.8,True,
2026-09,CR00916,tiktok,37397,micro,,0.0708109036765548,,,40.7,,False,
2026-07,CR00916,youtube,31943.0,micro,1.5100953871152167,0.1266974709886776,0.2772186642268984,62.1,69.3,94.4,True,
2026-08,CR00916,youtube,33830.0,micro,1.4980195093112625,0.0965964343598055,0.1601941747572815,59.8,51.0,76.2,True,
2026-09,CR00916,youtube,33862,micro,2.020258697064556,0.14743654908339263,0.16757560733763013,74.7,76.6,76.0,True,
2026-07,CR00919,all,,,,,,59.0,51.8,82.2,False,The Hub
2026-08,CR00919,all,,,,,,59.6,37.1,43.6,True,The Pulse
2026-09,CR00919,all,,,,,,51.4,41.4,49.2,False,The Pulse
2026-07,CR00919,instagram,,,,,,,,,False,
2026-08,CR00919,instagram,8720.0,nano,1.0362385321100918,-0.014290536739057,0.141025641025641,79.4,5.6,53.4,True,
2026-09,CR00919,instagram,,,,,,,,,False,
2026-07,CR00919,tiktok,107810.0,mid,5.702819775531027,0.0881106176826806,,79.8,55.1,,False,
2026-08,CR00919,tiktok,109790.0,mid,3.9236906822114954,0.1103357605177993,0.0572041737586028,62.3,67.5,14.6,True,
2026-09,CR00919,tiktok,114469,mid,7.257117647572705,0.05547103353526412,0.02738234463846433,88.4,33.1,5.2,True,
2026-07,CR00919,youtube,28888.0,micro,1.0149196898366104,0.0921326225851574,0.1767002928734136,38.1,48.4,82.2,True,
2026-08,CR00919,youtube,28908.0,micro,0.9661339421613394,0.0754064208920799,0.1115754283326368,37.0,38.3,62.9,True,
2026-09,CR00919,youtube,30879,micro,0.569804721655494,0.08866873501621773,0.25529411764705884,14.4,49.6,93.1,True,
2026-07,CR00923,all,,,,,,55.8,66.8,32.1,False,The Lens
2026-08,CR00923,all,,,,,,52.0,58.9,62.2,False,The Hub
2026-09,CR00923,all,,,,,,59.3,65.8,25.0,True,The Lens
2026-07,CR00923,instagram,82960.0,micro,0.5241200578592092,0.1530229325920778,,41.0,81.0,,True,
2026-08,CR00923,instagram,86250.0,micro,0.5266550724637681,0.119257721256164,,45.0,63.9,,True,
2026-09,CR00923,instagram,92640.0,micro,0.664302677029361,0.14568389809547366,,55.8,75.8,,True,
2026-07,CR00923,tiktok,24460.0,micro,5.103802125919869,0.1647619047619047,,75.1,87.3,,False,
2026-08,CR00923,tiktok,24980.0,micro,6.731545236188951,0.1308284291534631,,84.3,73.1,,False,
2026-09,CR00923,tiktok,26110.0,micro,8.362657985446189,0.12375634943957013,0.12249106406378883,91.5,65.6,44.3,True,
2026-07,CR00923,youtube,23680.0,micro,1.258783783783784,0.0604567845947156,0.0584028605482717,51.4,32.0,32.1,True,
2026-08,CR00923,youtube,24350.0,micro,0.775564681724846,0.0783879539415411,0.1092985318107667,26.6,39.6,62.2,True,
2026-09,CR00923,youtube,25015,micro,0.8814311413152108,0.1034928848641656,0.0072992700729927005,30.6,56.0,5.7,True,
2026-07,CR00924,all,,,,,,4.6,46.4,50.8,True,The Hub
2026-08,CR00924,all,,,,,,7.9,83.3,,False,The Lens
2026-09,CR00924,all,,,,,,4.6,12.3,,False,The Lens
2026-07,CR00924,instagram,96290.0,micro,0.084359746598816,0.0114495798319327,0.1490825688073394,1.1,13.5,52.9,True,
2026-08,CR00924,instagram,,,,,,,,,False,
2026-09,CR00924,instagram,96190.0,micro,0.07477908306476765,0.01573389651531151,,1.1,12.3,,False,
2026-07,CR00924,tiktok,56980.0,micro,1.195981045981046,0.1411976767474464,0.1382510991695163,8.0,79.4,48.6,True,
2026-08,CR00924,tiktok,60310.0,micro,1.0943458796219532,0.1629386810644041,,7.9,83.3,,False,
2026-09,CR00924,tiktok,63410,micro,1.1707774798927615,,,8.0,,,False,
2026-07,CR00926,all,,,,,,62.8,,4.9,False,The Pulse
2026-08,CR00926,all,,,,,,,,,False,
2026-09,CR00926,all,,,,,,61.3,8.3,9.7,True,The Pulse
2026-07,CR00926,instagram,42830.0,micro,0.7746439411627364,,0.0229990800367985,62.8,,4.9,False,
2026-08,CR00926,instagram,,,,,,,,,False,
2026-09,CR00926,instagram,45580.0,micro,0.7501096972356297,-0.0050830758206816245,0.03954175905395418,61.3,8.3,9.7,True,
2026-07,CR00927,all,,,,,,19.0,53.9,80.2,False,The Hub
2026-08,CR00927,all,,,,,,35.2,51.8,51.9,False,The Hub
2026-09,CR00927,all,,,,,,40.1,12.8,65.3,False,The Hub
2026-07,CR00927,instagram,,,,,,,,,False,
2026-08,CR00927,instagram,4130.0,nano,1.3404358353510897,,0.013477088948787,86.6,,3.3,False,
2026-09,CR00927,instagram,4102,nano,0.9556313993174061,-0.03391427225624117,0.205,74.1,3.7,72.7,True,
2026-07,CR00927,tiktok,1065950.0,macro,2.340062854730522,0.1302978569989502,0.1933881500358366,35.2,88.9,67.8,True,
2026-08,CR00927,tiktok,1109910.0,macro,1.6028506815867951,0.1299669127004326,0.2230391818118996,18.7,75.0,74.8,True,
2026-09,CR00927,tiktok,,,,,,,,,False,
2026-07,CR00927,youtube,9719.0,nano,0.3075419281819117,0.0403553842860201,0.2592592592592592,2.9,18.9,92.6,True,
2026-08,CR00927,youtube,9980.0,nano,0.1811644861679816,0.0516332982086406,0.1651376146788991,0.2,28.7,77.6,True,
2026-09,CR00927,youtube,10144,micro,0.34246845425867506,0.03225806451612903,0.10687022900763359,6.1,22.0,57.9,True,
2026-07,CR00928,all,,,,,,56.6,44.1,28.5,True,The Pulse
2026-08,CR00928,all,,,,,,71.4,39.1,45.3,True,The Pulse
2026-09,CR00928,all,,,,,,65.0,79.0,39.5,False,The Lens
2026-07,CR00928,instagram,307440.0,mid,0.5238843351548269,0.0536344631413002,0.0868082467834444,40.8,32.9,30.0,True,
2026-08,CR00928,instagram,311390.0,mid,0.7568290568097884,0.0397689328168825,0.0732100938967136,66.0,24.3,24.0,True,
2026-09,CR00928,instagram,316090.0,mid,0.655189977538043,0.1028190635684879,0.07620735489587949,54.9,60.1,24.0,True,
2026-07,CR00928,tiktok,208992.0,mid,6.915169001684275,-0.1066770962902171,0.0374442485219375,86.9,1.3,7.1,True,
2026-08,CR00928,tiktok,194560.0,mid,5.548483758223684,-0.1574206400762201,0.1710299831150309,76.6,0.6,61.8,True,
2026-09,CR00928,tiktok,183440.0,mid,5.0250599651112084,,0.12937428524750857,73.2,,49.0,False,
2026-07,CR00928,youtube,17780.0,micro,1.085545556805399,0.2411867364746946,0.0885466794995187,42.0,98.0,48.5,True,
2026-08,CR00928,youtube,19000.0,micro,1.825578947368421,0.2017710309930424,0.0823170731707317,71.6,92.5,50.2,True,
2026-09,CR00928,youtube,20832,micro,1.7425115207373272,0.23845193508114856,0.08214849921011058,66.9,97.9,45.5,True,
2026-07,CR00931,all,,,,,,58.5,38.9,64.9,True,The Hub
2026-08,CR00931,all,,,,,,53.6,35.0,,False,The Pulse
2026-09,CR00931,all,,,,,,59.1,50.7,19.8,True,The Pulse
2026-07,CR00931,youtube,7959.0,nano,1.4269380575449178,0.0878895571350464,0.1217948717948717,58.5,38.9,64.9,True,
2026-08,CR00931,youtube,8250.0,nano,1.3407272727272728,0.0672703751617076,,53.6,35.0,,False,
2026-09,CR00931,youtube,8273,nano,1.5105765743986461,0.11076799140708915,0.030276046304541407,59.1,50.7,19.8,True,
2026-07,CR00934,all,,,,,,54.8,83.0,26.2,True,The Lens
2026-08,CR00934,all,,,,,,28.6,90.9,20.5,False,The Lens
2026-09,CR00934,all,,,,,,92.2,94.0,38.4,False,The Lens
2026-07,CR00934,tiktok,132490.0,mid,6.4780662691523885,0.1513861128009038,0.0705843366839721,85.3,85.9,17.1,True,
2026-08,CR00934,tiktok,,,,,0.0590888697571208,,,15.7,False,
2026-09,CR00934,tiktok,146250.0,mid,8.42114188034188,0.18401878238341968,0.084508512316185,92.2,94.0,25.9,True,
2026-07,CR00934,youtube,25311.0,micro,0.7718778396744499,0.1492462767889575,0.0631136044880785,24.4,80.1,35.4,True,
2026-08,CR00934,youtube,26909.0,micro,0.7926344345757925,0.1970195729537366,0.0390879478827361,28.6,90.9,25.4,True,
2026-09,CR00934,youtube,27783,micro,,,0.0931174089068826,,,50.9,False,
2026-07,CR00935,all,,,,,,42.3,33.4,52.6,False,The Hub
2026-08,CR00935,all,,,,,,36.4,39.1,64.4,False,The Hub
2026-09,CR00935,all,,,,,,32.9,53.9,59.8,False,The Hub
2026-07,CR00935,instagram,145735.0,mid,0.796349538545991,-0.0023480606251454,0.0266617969320672,64.8,11.0,5.4,True,
2026-08,CR00935,instagram,143990.0,mid,0.87522050142371,0.0121608322789259,,73.7,16.4,,False,
2026-09,CR00935,instagram,146480.0,mid,0.8605884762424905,0.05685425685425685,0.06758221900975786,67.9,36.2,19.6,True,
2026-07,CR00935,tiktok,,,,,,,,,False,
2026-08,CR00935,tiktok,12540.0,micro,1.699043062200957,0.1022812735021308,0.0848930481283422,21.0,59.3,28.9,True,
2026-09,CR00935,tiktok,13060,micro,1.5584226646248085,0.12625043118316662,,16.1,67.2,,False,
2026-07,CR00935,youtube,71687.0,micro,0.68707018008844,0.1043040236613469,0.4786219624730852,19.9,55.9,99.8,True,
2026-08,CR00935,youtube,72737.0,micro,0.5275169446086586,0.0827503051594271,0.5136334812935954,14.6,41.6,99.8,True,
2026-09,CR00935,youtube,76389,micro,0.5729358939114271,0.10797012111103053,0.49239093676022994,14.6,58.2,100.0,True,
2026-07,CR00936,all,,,,,,45.0,77.6,44.5,True,The Lens
2026-08,CR00936,all,,,,,,45.8,64.3,78.6,True,The Hub
2026-07,CR00936,tiktok,815663.0,mid,2.7994257432297407,0.1289312659081063,0.1257696063861407,45.0,77.6,44.5,True,
2026-08,CR00936,tiktok,831600.0,mid,2.956287766979477,0.1036496350364963,0.23791681046525,45.8,64.3,78.6,True,
2026-07,CR00937,all,,,,,,62.3,87.9,44.0,False,The Lens
2026-08,CR00937,all,,,,,,54.4,66.4,70.0,False,The Hub
2026-07,CR00937,instagram,192160.0,mid,1.1078528309741882,0.2181299524564184,0.0448533013989439,81.0,98.6,10.5,True,
2026-08,CR00937,instagram,200360.0,mid,0.5653373926931523,0.1208951048951049,0.1375345965509899,50.5,69.3,52.2,True,
2026-07,CR00937,tiktok,16473.0,micro,1.984580829235719,0.2643334100851945,0.2291154791154791,26.8,99.6,77.4,True,
2026-08,CR00937,tiktok,,,,,,,,,False,
2026-07,CR00937,youtube,126110.0,mid,2.219371976845611,0.1103187180841697,,79.1,65.4,,False,
2026-08,CR00937,youtube,134468.0,mid,1.464140167177321,0.1072701970504195,0.2143069159988127,58.4,63.4,87.8,True,
2026-08,CR00938,all,,,,,,67.2,8.4,32.2,True,The Pulse
2026-08,CR00938,tiktok,66740.0,micro,4.250524423134552,-0.0201145206283952,0.0888877981741435,67.2,8.4,32.2,True,
2026-07,CR00939,all,,,,,,83.4,15.4,32.2,True,The Pulse
2026-08,CR00939,all,,,,,,68.2,6.4,59.8,True,The Pulse
2026-09,CR00939,all,,,,,,65.1,15.9,50.5,True,The Pulse
2026-07,CR00939,tiktok,484130.0,mid,6.183163613079132,0.0029001719387649,0.101190374386427,83.4,15.4,32.2,True,
2026-08,CR00939,tiktok,498970.0,mid,4.288750826703009,-0.0377962473725822,0.1640010512286234,68.2,6.4,59.8,True,
2026-09,CR00939,tiktok,500717,mid,4.189600113437331,0.018651243314501707,0.13573769231508442,65.1,15.9,50.5,True,
2026-07,CR00940,all,,,,,,23.7,49.7,51.0,True,The Hub
2026-08,CR00940,all,,,,,,43.0,56.8,58.1,True,The Hub
2026-09,CR00940,all,,,,,,,,,False,
2026-07,CR00940,youtube,20989.0,micro,0.7512982991090571,0.0950592163614545,0.0926470588235294,23.7,49.7,51.0,True,
2026-08,CR00940,youtube,21170.0,micro,1.111809163911195,0.1083769633507853,0.0980662983425414,43.0,56.8,58.1,True,
2026-09,CR00940,youtube,,,,,,,,,False,
2026-07,CR00942,all,,,,,,47.4,44.8,49.6,False,The Hub
2026-08,CR00942,all,,,,,,68.5,79.6,25.7,False,The Lens
2026-09,CR00942,all,,,,,,42.9,42.3,44.6,True,The Hub
2026-07,CR00942,instagram,81381.0,micro,0.2120028016367456,-0.0569769867204338,0.1961089494163424,8.9,2.9,69.5,True,
2026-08,CR00942,instagram,,,,,,,,,False,
2026-09,CR00942,instagram,79640,micro,0.28697890507282775,-0.06192209383134858,0.2537912578055308,17.3,2.4,82.9,True,
2026-07,CR00942,tiktok,158860.0,mid,3.435723278358303,0.2045799211404307,,57.5,98.1,,False,
2026-08,CR00942,tiktok,168540.0,mid,3.312014951940192,0.1848987626546681,0.0528769976006156,52.7,94.9,13.0,True,
2026-09,CR00942,tiktok,180192,mid,3.489738723139762,0.16180945994738744,0.11621075821553148,55.0,87.4,39.6,True,
2026-07,CR00942,youtube,40743.0,micro,1.9711361460864445,0.0648980658651333,0.0545389307499103,75.8,33.3,29.8,True,
2026-08,CR00942,youtube,44004.0,micro,2.4812289791837108,0.1246453855393973,0.0604504148557882,84.3,64.3,38.4,True,
2026-09,CR00942,youtube,44334,micro,1.4261740424956015,0.0646718378521169,0.017931858936043037,56.5,37.2,11.2,True,
2026-07,CR00943,all,,,,,,93.4,74.8,71.1,True,The Pulse
2026-08,CR00943,all,,,,,,,,,False,
2026-09,CR00943,all,,,,,,66.3,29.8,84.6,True,The Hub
2026-07,CR00943,youtube,21991.0,micro,3.509162839343368,0.1381326984784184,0.1362862010221465,93.4,74.8,71.1,True,
2026-08,CR00943,youtube,,,,,,,,,False,
2026-09,CR00943,youtube,24643,micro,1.7258044880899241,0.04881681988423561,0.20748486516235554,66.3,29.8,84.6,True,
2026-07,CR00949,all,,,,,,79.9,46.6,85.9,False,The Hub
2026-08,CR00949,all,,,,,,79.0,38.8,97.4,False,The Hub
2026-09,CR00949,all,,,,,,77.6,54.0,78.2,False,The Hub
2026-07,CR00949,instagram,37770.0,micro,0.9374635954461212,0.1181172291296625,0.2679205110007097,72.8,65.0,85.9,True,
2026-08,CR00949,instagram,38976.0,micro,0.9334718801313628,0.1191959798994974,,76.6,63.6,,False,
2026-09,CR00949,instagram,39950.0,micro,1.0458823529411765,0.09752747252747253,0.23145299145299145,77.6,54.0,78.2,False,
2026-07,CR00949,tiktok,390997.0,mid,6.956702992606082,0.0307296884061791,,87.1,28.2,,False,
2026-08,CR00949,tiktok,402170.0,mid,6.320279981102519,0.0053244675532446,0.4091586749421106,81.5,14.0,97.4,True,
2026-09,CR00949,tiktok,,,,,,,,,False,
2026-08,CR00950,all,,,,,,2.8,33.1,13.3,True,The Lens
2026-08,CR00950,youtube,73905.0,micro,0.2844327176781002,0.061030235162374,0.0196721311475409,2.8,33.1,13.3,True,
2026-07,CR00952,all,,,,,,51.5,97.1,39.1,True,The Lens
2026-08,CR00952,all,,,,,,66.6,93.2,81.0,False,The Lens
2026-09,CR00952,all,,,,,,49.4,98.7,15.6,False,The Lens
2026-07,CR00952,instagram,6980.0,nano,1.1239255014326648,0.2034482758620689,0.105,81.9,95.2,37.3,True,
2026-08,CR00952,instagram,7429.0,nano,0.9220621887198815,0.1721363206058693,,76.2,90.1,,False,
2026-09,CR00952,instagram,,,,,,,,,False,
2026-07,CR00952,youtube,2093.0,nano,0.7138079311992356,0.2631261315630658,0.0754716981132075,21.1,98.9,40.9,True,
2026-08,CR00952,youtube,2310.0,nano,1.4186147186147189,0.2432584269662921,0.1839080459770115,57.0,96.2,81.0,True,
2026-09,CR00952,youtube,2475,nano,1.2,0.2544348707551951,0.02564102564102564,49.4,98.7,15.6,True,
2026-07,CR00953,all,,,,,,34.9,16.6,48.2,True,The Hub
2026-08,CR00953,all,,,,,,47.9,19.6,70.2,False,The Hub
2026-09,CR00953,all,,,,,,6.8,17.0,53.6,False,The Hub
2026-07,CR00953,instagram,83307.0,micro,0.4944362418524253,0.0373566438791139,0.135661133371494,36.7,23.7,47.6,True,
2026-08,CR00953,instagram,85200.0,micro,0.7357981220657277,0.0328524669656928,0.2001922614756068,64.1,19.6,73.2,True,
2026-09,CR00953,instagram,,,,,,,,,False,
2026-07,CR00953,tiktok,65331.0,micro,2.264376788966953,-0.0016809034091777,0.1390535161432994,33.1,9.4,48.9,True,
2026-08,CR00953,tiktok,64060.0,micro,2.250655635341867,,0.1924431401320616,31.8,,67.3,False,
2026-09,CR00953,tiktok,63900.0,micro,1.0620657276995304,0.01978933929141398,0.14283249956874244,6.8,17.0,53.6,True,
2026-07,CR00955,all,,,,,,61.8,44.0,64.4,False,The Hub
2026-08,CR00955,all,,,,,,47.8,40.8,40.7,True,The Pulse
2026-09,CR00955,all,,,,,,49.4,65.3,27.2,False,The Lens
2026-07,CR00955,instagram,82258.0,micro,0.5177004060395342,-0.0485344807643371,,39.3,3.6,,False,
2026-08,CR00955,instagram,81360.0,micro,0.3375983284169125,-0.0298115907464822,0.2258064516129032,22.7,3.1,77.4,True,
2026-09,CR00955,instagram,,,,,,,,,False,
2026-07,CR00955,tiktok,,,,,,,,,False,
2026-08,CR00955,tiktok,72840.0,micro,3.4599395936298736,0.0376068376068376,0.0391635329725763,55.4,25.5,8.2,True,
2026-09,CR00955,tiktok,73830.0,micro,2.021224434511716,0.06767895878524946,0.04867645213900389,27.1,38.6,13.0,True,
2026-07,CR00955,youtube,5142.0,nano,2.555036950602878,0.1845196959225984,0.121012101210121,84.4,84.4,64.4,True,
2026-08,CR00955,youtube,5630.0,nano,1.6477797513321493,0.2346491228070175,0.0590551181102362,65.4,93.8,36.5,True,
2026-09,CR00955,youtube,5912,nano,1.9435047361299054,0.2001624035728786,0.07373271889400922,71.7,92.0,41.3,True,
2026-07,CR00956,all,,,,,,50.8,73.0,84.6,False,The Hub
2026-08,CR00956,all,,,,,,44.8,56.2,54.0,True,The Lens
2026-09,CR00956,all,,,,,,38.7,78.2,61.6,True,The Lens
2026-07,CR00956,instagram,71400.0,micro,0.0798739495798319,0.1078355314197052,0.2,0.7,59.5,70.7,True,
2026-08,CR00956,instagram,74270.0,micro,0.1061128315605224,0.1292382545233389,0.1993355481727574,2.3,69.4,72.7,True,
2026-09,CR00956,instagram,76305,micro,0.08045344341786252,0.17812745869394178,0.18775510204081633,1.7,86.1,66.6,True,
2026-07,CR00956,tiktok,517680.0,mid,22.42259117601608,0.2302866105803507,,99.6,100.0,,False,
2026-08,CR00956,tiktok,952460.0,mid,7.508442349285009,0.0621598715318048,0.0428596747089056,88.4,42.7,9.5,True,
2026-09,CR00956,tiktok,601550.0,mid,6.897694289751476,0.20931588364191947,0.13356293895191787,86.3,98.0,49.5,True,
2026-07,CR00956,youtube,10166.0,micro,1.2781821758803855,0.1131063177488229,0.3968253968253968,52.2,59.5,98.4,True,
2026-08,CR00956,youtube,10548.0,micro,1.1294084186575657,0.1079831932773109,0.1767810026385224,43.7,56.5,79.9,True,
2026-09,CR00956,youtube,10905,micro,0.8289775332416323,0.08951943251074033,0.14096916299559473,28.1,50.4,68.6,True,
2026-07,CR00959,all,,,,,,20.9,64.7,55.2,False,The Lens
2026-08,CR00959,all,,,,,,29.2,46.7,60.2,True,The Hub
2026-09,CR00959,all,,,,,,3.4,43.8,86.7,False,The Hub
2026-07,CR00959,instagram,1003810.0,macro,0.1388569550014445,,0.3211458725970599,3.4,,92.7,False,
2026-08,CR00959,instagram,1085367.0,macro,0.1232302069253994,0.0872762571074807,0.238639695104075,3.4,41.2,80.4,True,
2026-09,CR00959,instagram,1086020.0,macro,0.12642400692436603,0.1007033831309671,0.27565564424173317,3.4,43.8,86.7,True,
2026-07,CR00959,tiktok,498887.0,mid,2.439378055551658,0.1031904683982645,0.0709308853151933,38.4,64.7,17.6,True,
2026-08,CR00959,tiktok,516360.0,mid,3.4500426059338447,0.0785136913340434,0.1052763770551981,55.0,52.2,40.0,True,
2026-09,CR00959,tiktok,,,,,,,,,False,
2026-07,CR00962,all,,,,,,26.1,21.1,33.6,False,The Hub
2026-08,CR00962,all,,,,,,30.3,26.7,51.2,True,The Hub
2026-09,CR00962,all,,,,,,32.9,34.1,41.4,True,The Hub
2026-07,CR00962,instagram,45050.0,micro,0.1648390677025527,0.0021312021312021,0.1156862745098039,5.4,10.9,41.7,True,
2026-08,CR00962,instagram,44360.0,micro,0.2049143372407574,0.0622605363984674,0.1434878587196468,9.5,34.4,55.5,True,
2026-09,CR00962,instagram,45390.0,micro,0.1855034148490857,0.083810888252149,0.09534883720930233,6.6,47.6,33.1,True,
2026-07,CR00962,tiktok,20280.0,micro,2.613067061143984,0.0410677618069815,,41.3,22.1,,False,
2026-08,CR00962,tiktok,20600.0,micro,2.2628155339805827,0.0542476970317297,0.2606889811873931,32.2,32.7,82.8,True,
2026-09,CR00962,tiktok,20954,micro,4.218764913620311,0.07710496555978205,0.09969392216878006,65.5,43.6,32.4,True,
2026-07,CR00962,youtube,27975.0,micro,0.8917247542448615,0.0586165140392038,0.043072132848988,31.5,30.4,25.4,True,
2026-08,CR00962,youtube,27902.0,micro,1.235180273815497,0.0100637127135823,0.0223540145985401,49.2,13.0,15.2,True,
2026-09,CR00962,youtube,28605,micro,0.7990211501485754,0.0011549769004619908,0.10813542193026782,26.6,11.0,58.7,True,
2026-07,CR00966,all,,,,,,,,,False,
2026-08,CR00966,all,,,,,,21.2,63.6,25.4,True,The Lens
2026-09,CR00966,all,,,,,,37.6,79.7,7.7,True,The Lens
2026-07,CR00966,instagram,,,,,,,,,False,
2026-08,CR00966,instagram,306450.0,mid,0.3291009952683961,0.1067571959984109,0.0783592644978783,21.2,63.6,25.4,True,
2026-09,CR00966,instagram,322720.0,mid,0.47347855726326227,0.15092724679029956,0.03547066848567531,37.6,79.7,7.7,True,
2026-07,CR00967,all,,,,,,41.0,92.8,86.2,False,The Lens
2026-08,CR00967,all,,,,,,38.7,84.8,56.6,True,The Lens
2026-09,CR00967,all,,,,,,38.4,92.4,52.4,True,The Lens
2026-07,CR00967,instagram,16151.0,micro,0.728933192991146,0.2139957907396271,,58.5,94.9,,False,
2026-08,CR00967,instagram,17410.0,micro,0.7115450890292935,0.1598934043970686,0.064334085778781,62.2,79.0,21.9,True,
2026-09,CR00967,instagram,18301,micro,0.4431998251461669,0.2139966832504146,0.04896421845574388,35.9,94.8,13.0,True,
2026-07,CR00967,youtube,11930.0,micro,0.7447611064543168,0.1908564583749251,0.2008928571428571,23.4,90.8,86.2,True,
2026-08,CR00967,youtube,12540.0,micro,0.5319776714513557,0.1942857142857142,0.2377622377622377,15.2,90.6,91.2,True,
2026-09,CR00967,youtube,13915,micro,1.0577793747754223,0.17983720535865694,0.2471590909090909,40.9,90.1,91.8,True,
2026-07,CR00969,all,,,,,,65.7,64.1,99.1,False,The Hub
2026-08,CR00969,all,,,,,,74.8,56.2,98.2,False,The Hub
2026-09,CR00969,all,,,,,,59.0,63.4,95.8,True,The Hub
2026-07,CR00969,tiktok,29890.0,micro,2.87152893944463,0.0880961048416454,0.4095656954370533,46.8,51.3,99.1,True,
2026-08,CR00969,tiktok,30405.0,micro,3.5868771583621117,0.0564261144505055,0.4359005754867148,57.8,33.8,98.2,True,
2026-09,CR00969,tiktok,30570.0,micro,2.274550212626758,0.10400866738894908,0.381849980567431,32.8,56.8,97.2,True,
2026-07,CR00969,youtube,1182209.0,macro,2.607214122037643,0.1256110263719648,,84.6,76.9,,False,
2026-08,CR00969,youtube,1209853.0,macro,3.3581881435182623,0.1280838426644661,,91.9,78.6,,False,
2026-09,CR00969,youtube,1281972,macro,2.688249041320715,0.07425510680356875,0.2681671496612943,85.2,70.0,94.5,True,
2026-07,CR00970,all,,,,,,65.0,4.4,62.9,True,The Pulse
2026-08,CR00970,all,,,,,,52.0,21.3,95.6,True,The Hub
2026-09,CR00970,all,,,,,,44.0,42.1,86.2,True,The Hub
2026-07,CR00970,instagram,66600.0,micro,0.7970870870870871,-0.0474828375286041,0.1786476868327402,65.0,4.4,62.9,True,
2026-08,CR00970,instagram,66750.0,micro,0.5777228464419476,0.0360080707744839,0.3656832298136646,52.0,21.3,95.6,True,
2026-09,CR00970,instagram,65971,micro,0.5221839899349714,0.07504155395495878,0.2735930735930736,44.0,42.1,86.2,True,
2026-07,CR00971,all,,,,,,46.2,49.2,80.8,True,The Hub
2026-08,CR00971,all,,,,,,29.4,54.6,81.3,True,The Hub
2026-09,CR00971,all,,,,,,34.5,60.0,86.8,True,The Hub
2026-07,CR00971,tiktok,36240.0,micro,0.6291803102689355,0.1493815413891532,0.1929133858267716,1.4,84.3,67.6,True,
2026-08,CR00971,tiktok,37910.0,micro,0.945819045106832,0.1463562140913214,0.1911987860394537,6.5,79.3,66.9,True,
2026-09,CR00971,tiktok,39700.0,micro,0.6248614609571789,0.15541327124563445,0.31019283746556475,1.9,81.3,93.3,True,
2026-07,CR00971,youtube,201964.0,mid,3.290824107266641,-0.0060631114785724,0.2721228121638799,91.0,14.2,94.0,True,
2026-08,CR00971,youtube,216530.0,mid,1.3070937052602412,0.0479117262740163,0.2797227972279723,52.4,29.8,95.7,True,
2026-09,CR00971,youtube,216031,mid,1.7696488004036457,0.05931821079368815,0.1883481612070026,67.1,38.6,80.4,True,
2026-07,CR00975,all,,,,,,34.0,73.0,13.3,False,The Lens
2026-08,CR00975,all,,,,,,48.4,54.1,41.2,False,The Lens
2026-09,CR00975,all,,,,,,36.0,66.1,14.8,False,The Lens
2026-07,CR00975,instagram,88050.0,micro,0.1803066439522998,0.0939247111442415,0.0709617180205415,6.7,54.4,23.2,True,
2026-08,CR00975,instagram,92940.0,micro,0.1249946201850656,0.0658379109852177,,3.8,36.8,,False,
2026-09,CR00975,instagram,91840.0,micro,0.11452526132404181,0.08468170544466753,,2.8,48.8,,False,
2026-07,CR00975,tiktok,,,,,,,,,False,
2026-08,CR00975,tiktok,70660.0,micro,7.135946787432776,0.0999377334993773,0.097574203727443,86.4,57.5,36.0,True,
2026-09,CR00975,tiktok,72000,micro,4.569,0.15938295062960936,0.05373989218328841,69.3,83.4,14.8,True,
2026-07,CR00975,youtube,19464.0,micro,1.503236744759556,0.196532857933239,0.0027739251040221,61.4,91.5,3.4,True,
2026-08,CR00975,youtube,20752.0,micro,1.3593388589051658,0.1296679368535656,0.0748299319727891,54.9,67.9,46.4,True,
2026-09,CR00975,youtube,,,,,,,,,False,
2026-07,CR00976,all,,,,,,41.6,64.1,64.0,True,The Lens
2026-08,CR00976,all,,,,,,44.9,48.9,94.5,False,The Hub
2026-07,CR00976,instagram,17770.0,micro,0.8879009566685425,0.1606792945787067,0.1430700447093889,69.8,83.2,50.0,True,
2026-08,CR00976,instagram,18970.0,micro,1.2491829204006326,0.1960907944514502,0.3295225285810356,85.1,90.4,93.5,True,
2026-07,CR00976,tiktok,4310.0,nano,1.7276102088167054,0.116580310880829,0.1438848920863309,20.7,49.1,50.9,True,
2026-08,CR00976,tiktok,4350.0,nano,1.2772413793103448,0.0789539227895392,,11.0,26.4,,False,
2026-07,CR00976,youtube,47325.0,micro,0.9313681986265188,0.1145521772921033,0.2443324937027707,34.4,60.1,91.0,True,
2026-08,CR00976,youtube,45980.0,micro,0.99551768611117,0.0547477810980776,0.2796575621687729,38.6,29.9,95.5,True,
2026-07,CR00977,all,,,,,,62.2,50.2,48.8,True,The Pulse
2026-08,CR00977,all,,,,,,54.8,41.3,40.8,True,The Pulse
2026-09,CR00977,all,,,,,,62.1,52.0,60.8,False,The Pulse
2026-07,CR00977,instagram,2926.0,nano,0.5403280929596719,0.0706183680936699,0.0638297872340425,42.3,32.3,20.0,True,
2026-08,CR00977,instagram,3050.0,nano,0.4491803278688525,0.1206829646876212,0.0408163265306122,34.8,62.0,12.4,True,
2026-09,CR00977,instagram,3140.0,nano,0.7595541401273885,,0.10666666666666667,62.4,,38.1,False,
2026-07,CR00977,tiktok,28230.0,micro,10.931207934821112,0.1406060606060606,0.294451871657754,95.3,78.7,88.8,True,
2026-08,CR00977,tiktok,29390.0,micro,7.679686968356584,0.0667876588021778,0.1594676042189854,89.0,39.3,58.5,True,
2026-09,CR00977,tiktok,30760.0,micro,9.294115734720416,0.11935953420669577,,94.7,63.1,,False,
2026-07,CR00977,youtube,19655.0,micro,1.190638514372933,0.0762196791326726,0.0679676985195154,49.1,39.5,37.6,True,
2026-08,CR00977,youtube,19839.0,micro,1.0547910680981905,0.037496077816128,0.0849947534102833,40.6,22.7,51.6,True,
2026-09,CR00977,youtube,20189,micro,0.8446183565307841,0.07462607121946027,0.20408163265306123,29.1,40.8,83.6,True,
2026-07,CR00978,all,,,,,,11.9,94.0,5.0,True,The Lens
2026-08,CR00978,all,,,,,,,94.2,17.9,False,The Lens
2026-09,CR00978,all,,,,,,30.7,93.4,,False,The Lens
2026-07,CR00978,tiktok,39167.0,micro,1.3824648300865523,0.2011469578017664,0.0289955125992405,11.9,94.0,5.0,True,
2026-08,CR00978,tiktok,41700.0,micro,,0.2006910452058738,0.0662482566248256,,94.2,17.9,False,
2026-09,CR00978,tiktok,43390.0,micro,2.1839824844434204,0.1936726272352132,,30.7,93.4,,False,
2026-07,CR00979,all,,,,,,51.7,44.8,30.7,True,The Pulse
2026-08,CR00979,all,,,,,,64.3,61.9,41.4,True,The Pulse
2026-09,CR00979,all,,,,,,52.4,57.4,55.0,False,The Lens
2026-07,CR00979,instagram,12380.0,micro,1.9449919224555727,0.0440209141507842,0.0752014324082363,95.2,25.5,25.4,True,
2026-08,CR00979,instagram,12720.0,micro,1.635298742138365,0.1087215232913974,0.2047244094488189,91.3,57.4,74.8,True,
2026-09,CR00979,instagram,13130.0,micro,1.929017517136329,0.0771123872026251,0.15565610859728507,92.3,43.7,57.7,True,
2026-07,CR00979,tiktok,4624.0,nano,2.801903114186852,0.1056910569105691,0.1161616161616161,45.2,40.4,38.1,True,
2026-08,CR00979,tiktok,4770.0,nano,4.047589098532495,0.1605839416058394,0.0055671537926235,65.0,71.7,0.2,True,
2026-09,CR00979,tiktok,,,,,,,,,False,
2026-07,CR00979,youtube,372726.0,mid,0.5970256971609171,0.1148512837692326,0.0517081034162068,14.7,68.5,28.7,True,
2026-08,CR00979,youtube,386168.0,mid,0.951484845973773,0.0964981273939968,0.0804375181492595,36.7,56.5,49.3,True,
2026-09,CR00979,youtube,391980.0,mid,0.5208862697076382,0.12783772119119552,0.09566704675028506,12.4,71.1,52.4,True,
2026-07,CR00983,all,,,,,,26.6,54.8,26.8,False,The Lens
2026-08,CR00983,all,,,,,,26.0,41.4,67.2,False,The Hub
2026-09,CR00983,all,,,,,,30.1,53.3,39.5,True,The Lens
2026-07,CR00983,instagram,29960.0,micro,0.3519692923898531,0.1022810890360559,,21.4,57.7,,False,
2026-08,CR00983,instagram,32180.0,micro,0.44136109384711,0.1142659279778393,0.2309160305343511,33.1,60.5,78.6,True,
2026-09,CR00983,instagram,32770.0,micro,0.36414403417760144,0.09233333333333334,0.15142857142857144,26.3,52.4,55.5,True,
2026-07,CR00983,tiktok,15140.0,micro,2.2106340819022456,0.2293950466910272,0.0579514824797843,31.7,97.4,11.6,True,
2026-08,CR00983,tiktok,,,,,0.0987091875474563,,,36.4,False,
2026-09,CR00983,tiktok,17730.0,micro,2.692216582064298,0.20121951219512196,0.027564102564102563,42.1,94.2,5.4,True,
2026-07,CR00983,youtube,421308.0,mid,,-0.0243254008688966,0.0773757355703017,,9.3,42.0,False,
2026-08,CR00983,youtube,416856.0,mid,0.6098700750379028,0.0351989907669078,0.2094616908850726,18.9,22.4,86.7,True,
2026-09,CR00983,youtube,420755,mid,0.7199248969115043,-0.003285624268611036,0.10520757169550735,21.9,13.3,57.5,True,
2026-07,CR00985,all,,,,,,24.9,,66.3,False,The Hub
2026-08,CR00985,all,,,,,,54.5,67.3,83.5,True,The Hub
2026-09,CR00985,all,,,,,,4.6,68.7,89.1,False,The Hub
2026-07,CR00985,tiktok,,,,,,,,,False,
2026-08,CR00985,tiktok,337180.0,mid,13.684939794768374,0.1743112875700902,0.2084594199449185,97.4,93.6,70.9,True,
2026-09,CR00985,tiktok,,,,,,,,,False,
2026-07,CR00985,youtube,127305.0,mid,0.7858842936255449,,0.1235979062066018,24.9,,66.3,False,
2026-08,CR00985,youtube,129680.0,mid,0.4778377544725478,0.0683802932937881,0.2958001448225923,11.6,41.0,96.1,True,
2026-09,CR00985,youtube,130469,mid,0.3051606128658915,0.12132046444870351,0.22925333917232318,4.6,68.7,89.1,True,
2026-07,CR00986,all,,,,,,34.0,25.2,55.8,True,The Hub
2026-08,CR00986,all,,,,,,5.6,10.0,,False,The Lens
2026-09,CR00986,all,,,,,,10.1,,82.5,False,The Hub
2026-07,CR00986,instagram,751000.0,mid,0.6197376830892144,0.0712961113805597,0.1056991258541054,50.1,40.4,38.0,True,
2026-08,CR00986,instagram,,,,,,,,,False,
2026-09,CR00986,instagram,,,,,,,,,False,
2026-07,CR00986,youtube,1996.0,nano,0.655811623246493,0.0040241448692152,0.1451612903225806,18.0,10.0,73.7,True,
2026-08,CR00986,youtube,2034.0,nano,0.3647984267453294,-0.0145348837209302,,5.6,10.0,,False,
2026-09,CR00986,youtube,2060.0,nano,0.45679611650485435,,0.2,10.1,,82.5,False,
2026-07,CR00987,all,,,,,,61.9,77.9,37.8,True,The Lens
2026-09,CR00987,all,,,,,,40.7,70.1,54.8,False,The Lens
2026-07,CR00987,instagram,643630.0,mid,1.7845858645495083,0.194561989606533,0.1330236095836202,93.7,94.5,46.8,True,
2026-09,CR00987,instagram,726520.0,mid,,0.1942074724263195,0.09036633710655777,,91.3,30.9,False,
2026-07,CR00987,tiktok,25010.0,micro,1.622391043582567,0.1181151645207439,0.0254041570438799,18.2,67.0,4.1,True,
2026-09,CR00987,tiktok,,,,,,,,,False,
2026-07,CR00987,youtube,22550.0,micro,1.906075388026608,0.1342487802424425,0.1177914110429447,73.7,72.2,62.6,True,
2026-09,CR00987,youtube,23344,micro,1.0558601782042494,0.08698081579437511,0.17736486486486486,40.7,48.9,78.7,True,
2026-07,CR00990,all,,,,,,62.8,83.6,29.6,False,The Lens
2026-08,CR00990,all,,,,,,65.1,60.8,37.8,True,The Pulse
2026-09,CR00990,all,,,,,,67.1,64.6,28.0,False,The Pulse
2026-07,CR00990,instagram,14014.0,micro,0.9197944912230628,0.1281597166317823,0.0697674418604651,71.5,71.5,22.2,True,
2026-08,CR00990,instagram,14327.0,micro,0.8785509876457039,0.1070159171689074,0.0625,73.9,56.0,20.7,True,
2026-09,CR00990,instagram,14768,micro,1.074553087757313,0.13026174804836982,,78.8,67.5,,False,
2026-07,CR00990,tiktok,,,,,,,,,False,
2026-08,CR00990,tiktok,192590.0,mid,4.762869307856067,0.0543055783653583,0.22729952186538,71.1,38.9,75.9,True,
2026-09,CR00990,tiktok,202079,mid,5.431588636127455,0.0657894042878616,0.12180656934306569,77.2,39.7,43.3,True,
2026-07,CR00990,youtube,7343.0,nano,1.3194879477052976,0.2460546410996097,0.0672782874617737,54.2,95.6,36.9,True,
2026-08,CR00990,youtube,7674.0,nano,1.2525410476935106,0.1970051474029012,0.0259515570934256,50.4,87.5,16.7,True,
2026-09,CR00990,youtube,8381,nano,1.1240902040329317,0.18828867148731038,0.01996007984031936,45.4,86.7,12.6,True,
2026-07,CR00991,all,,,,,,45.7,44.9,74.2,False,The Hub
2026-08,CR00991,all,,,,,,64.1,36.7,26.2,False,The Pulse
2026-09,CR00991,all,,,,,,40.8,44.9,63.2,True,The Hub
2026-07,CR00991,instagram,35913.0,micro,0.373597304597221,0.0899902877261138,,24.6,52.6,,False,
2026-08,CR00991,instagram,36580.0,micro,0.5195735374521596,0.083209949659461,,44.2,44.7,,False,
2026-09,CR00991,instagram,39000.0,micro,0.26597435897435895,0.12945264986967853,0.2436750998668442,14.7,66.7,80.4,True,
2026-07,CR00991,tiktok,950.0,nano,1.7073684210526316,0.1605667060212514,0.3734939759036144,20.0,66.7,97.0,True,
2026-08,CR00991,tiktok,,,,,,,,,False,
2026-09,CR00991,tiktok,1060,nano,1.6160377358490565,0.11814345991561181,0.2,17.8,47.9,71.2,True,
2026-07,CR00991,youtube,1012231.0,macro,3.430271351104639,0.0068003190788884,0.0939084373817631,92.4,15.4,51.5,True,
2026-08,CR00991,youtube,1016380.0,macro,2.453130718825636,0.0073740757626816,0.0394518952559459,84.0,28.6,26.2,True,
2026-09,CR00991,youtube,1018277,macro,3.2012360094551875,-0.025291495445099496,0.06397972546470328,89.9,20.0,37.9,True,
2026-07,CR00992,all,,,,,,69.8,35.1,26.3,False,The Pulse
2026-08,CR00992,all,,,,,,51.3,50.9,27.2,False,The Pulse
2026-09,CR00992,all,,,,,,65.7,62.0,58.5,True,The Pulse
2026-07,CR00992,instagram,61935.0,micro,1.453039476870913,,,89.9,,,False,
2026-08,CR00992,instagram,,,,,,,,,False,
2026-09,CR00992,instagram,65444,micro,0.8930077623617139,0.1331313306207255,0.2511974454497073,70.3,69.8,81.8,True,
2026-07,CR00992,tiktok,7251.0,nano,3.0045510964004967,0.0954827013143979,0.090316573556797,49.7,35.1,26.3,True,
2026-08,CR00992,tiktok,7660.0,nano,3.243627190653213,0.1149927219796215,0.0818070818070818,51.3,50.9,27.2,True,
2026-09,CR00992,tiktok,7853,nano,3.838278364956068,0.12652417156792425,0.10606060606060606,61.1,54.2,35.2,True,
2026-09,CR00994,all,,,,,,49.4,57.5,84.0,False,The Hub
2026-09,CR00994,instagram,14410.0,micro,1.2139486467730742,0.18114754098360655,,82.9,87.3,,False,
2026-09,CR00994,youtube,375632,mid,0.5876416279763172,0.03610044573899995,0.20525994949055126,15.8,27.7,84.0,True,
2026-07,CR00995,all,,,,,,67.9,81.8,51.6,True,The Lens
2026-08,CR00995,all,,,,,,59.0,76.5,56.3,True,The Lens
2026-09,CR00995,all,,,,,,73.2,87.3,79.8,False,The Lens
2026-07,CR00995,instagram,11970.0,micro,1.3652464494569758,0.1886792452830188,0.0078313253012048,87.7,90.1,2.4,True,
2026-08,CR00995,instagram,12726.0,micro,1.1538582429671538,0.206027293404094,0.0291750503018108,82.4,92.1,7.9,True,
2026-09,CR00995,instagram,13585,micro,1.0401177769598822,0.2457588262265016,,77.4,97.6,,False,
2026-07,CR00995,tiktok,31940.0,micro,2.5686912961803383,0.1799039527151828,0.245404868355688,40.3,91.0,80.6,True,
2026-08,CR00995,tiktok,34730.0,micro,2.369277281888857,0.1897910243233984,0.2764872521246458,34.2,91.3,85.7,True,
2026-09,CR00995,tiktok,34670.0,micro,3.187222382463225,0.17565276364869448,0.2778505897771953,51.2,88.4,87.3,True,
2026-07,CR00995,youtube,7527.0,nano,1.9699747575395243,0.1361509433962264,0.1386696730552424,75.6,64.4,71.8,True,
2026-08,CR00995,youtube,7854.0,nano,1.508148714031067,0.1021611001964636,0.1563088512241054,60.5,46.2,75.3,True,
2026-09,CR00995,youtube,8195,nano,3.3236119585112873,0.14936886395511922,0.15460729746444032,91.1,76.0,72.2,True,
2026-07,CR00998,all,,,,,,,,,False,
2026-08,CR00998,all,,,,,,88.7,56.3,76.2,False,The Pulse
2026-09,CR00998,all,,,,,,45.9,72.2,39.0,False,The Lens
2026-07,CR00998,instagram,,,,,,,,,False,
2026-08,CR00998,instagram,8857.0,nano,1.4633623122953596,0.1040887559212166,,88.7,56.3,,False,
2026-09,CR00998,instagram,9513,nano,1.7849258908861558,0.14517876489707476,0.07160493827160494,90.8,72.2,22.4,True,
2026-07,CR00998,tiktok,,,,,,,,,False,
2026-08,CR00998,tiktok,4920.0,nano,,,0.2277992277992278,,,76.2,False,
2026-09,CR00998,tiktok,8620.0,nano,0.5325986078886311,,0.14736842105263157,1.1,,55.7,False,
2026-07,CR00999,all,,,,,,35.2,,52.4,False,The Hub
2026-08,CR00999,all,,,,,,47.6,66.2,42.0,True,The Lens
2026-09,CR00999,all,,,,,,60.5,55.6,,False,The Pulse
2026-07,CR00999,instagram,2040.0,nano,0.488235294117647,,0.1481481481481481,35.2,,52.4,False,
2026-08,CR00999,instagram,1998.0,nano,0.5425425425425425,0.125,0.1147540983606557,47.6,66.2,42.0,True,
2026-09,CR00999,instagram,2160,nano,0.725,0.08816120906801007,,60.5,55.6,,False,
2026-07,CR01000,all,,,,,,86.3,8.6,93.6,False,The Hub
2026-08,CR01000,all,,,,,,51.3,37.0,6.5,False,The Pulse
2026-09,CR01000,all,,,,,,18.6,70.2,14.1,False,The Lens
2026-07,CR01000,tiktok,76290.0,micro,6.68645956219688,-0.0063818702787184,0.3319505042557757,86.3,8.6,93.6,True,
2026-08,CR01000,tiktok,73270.0,micro,7.343906100723352,0.0395856980703745,,87.6,26.2,,False,
2026-09,CR01000,tiktok,,,,,,,,,False,
2026-07,CR01000,youtube,,,,,,,,,False,
2026-08,CR01000,youtube,83787.0,micro,0.5315860455679282,0.0896853988113043,0.0101670297748729,15.0,47.7,6.5,True,
2026-09,CR01000,youtube,86822,micro,0.6556057220520145,0.13064201067847375,0.02304426925409339,18.6,70.2,14.1,True,
2026-07,CR01001,all,,,,,,15.0,51.4,61.3,False,The Hub
2026-08,CR01001,all,,,,,,49.0,67.6,91.4,False,The Hub
2026-07,CR01001,instagram,,,,,,,,,False,
2026-08,CR01001,instagram,78510.0,micro,0.557597758247357,0.1569407603890362,,49.0,78.0,,False,
2026-07,CR01001,tiktok,468240.0,mid,1.715748334187596,0.0908836754187731,0.1375987150314549,20.4,58.3,48.2,True,
2026-08,CR01001,tiktok,489650.0,mid,,0.0930419447730874,0.3164278674854067,,57.3,91.4,False,
2026-07,CR01001,youtube,9034.0,nano,0.4967899048040735,0.0976913730255164,0.1473684210526315,9.7,44.4,74.4,True,
2026-08,CR01001,youtube,,,,,,,,,False,
2026-08,CR01002,all,,,,,,38.4,41.4,31.4,True,The Lens
2026-08,CR01002,instagram,414550.0,mid,0.533655771318297,0.0696408298069976,,46.1,40.0,,True,
2026-08,CR01002,tiktok,155440.0,mid,2.8068386515697377,0.0435016111707841,0.0857015135066096,43.6,30.6,29.6,True,
2026-08,CR01002,youtube,63750.0,micro,0.7588392156862745,0.1014167242570836,0.0507374631268436,25.4,53.6,33.3,True,
2026-07,CR01003,all,,,,,,40.4,72.6,58.2,False,The Lens
2026-08,CR01003,all,,,,,,34.6,86.9,58.5,False,The Lens
2026-09,CR01003,all,,,,,,45.7,78.9,40.8,True,The Lens
2026-07,CR01003,instagram,,,,,,,,,False,
2026-08,CR01003,instagram,10010.0,micro,0.4488511488511488,0.1790341578327444,0.1518987341772152,34.6,86.9,58.5,True,
2026-09,CR01003,instagram,10880.0,micro,0.7287683823529412,0.1537645811240721,0.03759398496240601,60.7,78.6,8.8,True,
2026-07,CR01003,tiktok,61913.0,micro,4.272576034112383,0.1087770196457672,0.2007847044902534,68.3,61.8,70.1,True,
2026-08,CR01003,tiktok,,,,,,,,,False,
2026-09,CR01003,tiktok,66260.0,micro,3.5271204346513736,0.12898279093542342,0.15871504026322625,55.4,69.3,60.1,True,
2026-07,CR01003,youtube,9201.0,nano,0.5509183784371264,0.1821919568289862,0.0844686648501362,12.5,83.3,46.2,False,
2026-08,CR01003,youtube,,,,,,,,,False,
2026-09,CR01003,youtube,10370,micro,0.7122468659594986,0.1736079674060661,0.09815950920245399,21.1,88.7,53.5,True,
2026-07,CR01004,all,,,,,,35.8,21.5,61.4,False,The Hub
2026-08,CR01004,all,,,,,,64.5,18.6,58.9,True,The Pulse
2026-09,CR01004,all,,,,,,71.7,18.8,66.9,False,The Pulse
2026-07,CR01004,instagram,171998.0,mid,0.2802416307166362,0.0296075473505255,0.3181941800380745,16.0,19.2,92.2,True,
2026-08,CR01004,instagram,173520.0,mid,0.3997464269248502,0.0620639001101726,0.3234476367006487,29.3,35.0,92.5,True,
2026-09,CR01004,instagram,176297,mid,,0.015465520816533419,,,18.8,,False,
2026-07,CR01004,tiktok,,,,,,,,,False,
2026-08,CR01004,tiktok,5959.0,nano,5.797784863232086,0.0053990214273662,0.1144503911074516,78.6,3.8,42.2,True,
2026-09,CR01004,tiktok,5940.0,nano,3.7355218855218855,,0.24849094567404426,58.8,,82.1,False,
2026-07,CR01004,youtube,20814.0,micro,1.350341116556164,0.0408040804080408,0.0565134099616858,55.7,23.9,30.7,True,
2026-08,CR01004,youtube,20660.0,micro,2.587512100677638,0.0212555610479485,0.0651607298001737,85.5,16.9,41.9,True,
2026-09,CR01004,youtube,21230.0,micro,2.641497880357984,,0.09495683780099955,84.6,,51.8,False,
2026-07,CR01005,all,,,,,,10.1,54.4,28.5,False,The Lens
2026-08,CR01005,all,,,,,,32.5,43.4,29.6,False,The Lens
2026-09,CR01005,all,,,,,,,,,False,
2026-07,CR01005,instagram,66730.0,micro,,0.111055611055611,0.0560866794136392,,62.0,15.9,False,
2026-08,CR01005,instagram,71130.0,micro,0.7221706734148742,0.0448002350176263,0.0902654867256637,63.1,24.1,32.2,True,
2026-09,CR01005,instagram,,,,,,,,,False,
2026-07,CR01005,tiktok,10420.0,micro,1.619193857965451,0.0933892969569779,0.1355685131195335,17.8,53.6,47.3,True,
2026-08,CR01005,tiktok,,,,,,,,,False,
2026-09,CR01005,tiktok,,,,,,,,,False,
2026-07,CR01005,youtube,31463.0,micro,0.3028954645138734,0.0918586896168795,0.0385356454720616,2.4,47.7,22.2,True,
2026-08,CR01005,youtube,32580.0,micro,0.2591080876795162,0.1199724991405981,0.041407867494824,1.9,62.7,26.9,True,
2026-09,CR01005,youtube,,,,,,,,,False,
2026-07,CR01006,all,,,,,,72.8,99.4,3.2,True,The Lens
2026-08,CR01006,all,,,,,,,,,False,
2026-09,CR01006,all,,,,,,76.3,99.3,3.1,True,The Lens
2026-07,CR01006,tiktok,331720.0,mid,4.655432292294706,0.2238332410994281,0.0221318275483715,72.8,99.4,3.2,True,
2026-08,CR01006,tiktok,,,,,,,,,False,
2026-09,CR01006,tiktok,376911,mid,5.371461697854401,0.2719213584763036,0.017467511631638056,76.3,99.3,3.1,True,
2026-07,CR01008,all,,,,,,71.1,36.2,37.4,False,The Pulse
2026-08,CR01008,all,,,,,,69.3,59.3,78.6,False,The Hub
2026-09,CR01008,all,,,,,,66.5,54.2,54.2,False,The Pulse
2026-07,CR01008,instagram,61814.0,micro,1.0096256511469894,0.0454268705181978,0.1069169960474308,77.8,27.4,38.8,True,
2026-08,CR01008,instagram,62945.0,micro,0.5637937882278179,0.0312935201114114,0.1608919382504288,49.9,18.6,62.5,True,
2026-09,CR01008,instagram,62190.0,micro,0.680977649139733,0.0344311377245509,0.04336224149432955,57.1,19.8,11.0,True,
2026-07,CR01008,tiktok,200703.0,mid,4.049236932183375,0.0730428087959324,0.1082322614759245,64.4,44.9,36.1,True,
2026-08,CR01008,tiktok,194640.0,mid,6.13193588162762,,0.2459723577823567,80.9,,81.2,False,
2026-09,CR01008,tiktok,205200.0,mid,3.6012378167641326,0.07238045466422785,,56.4,45.7,,False,
2026-07,CR01008,youtube,,,,,,,,,False,
2026-08,CR01008,youtube,101033.0,mid,2.058416556966536,0.2964749964711468,0.2457975345536047,77.2,100.0,92.1,True,
2026-09,CR01008,youtube,109210,mid,2.751167475505906,0.27798256392253234,0.32669322709163345,86.1,97.0,97.5,True,
2026-07,CR01009,all,,,,,,57.0,49.6,58.8,True,The Hub
2026-08,CR01009,all,,,,,,,,,False,
2026-09,CR01009,all,,,,,,,,,False,
2026-07,CR01009,instagram,367880.0,mid,0.6525863740302923,0.1268761869754334,0.14417332469589,53.3,68.5,51.2,True,
2026-08,CR01009,instagram,,,,,,,,,False,
2026-09,CR01009,instagram,,,,,,,,,False,
2026-07,CR01009,youtube,1455954.0,macro,1.470645363795834,0.017390520499739,0.123781026371289,60.7,30.8,66.5,True,
2026-08,CR01009,youtube,,,,,,,,,False,
2026-09,CR01009,youtube,,,,,,,,,False,
2026-07,CR01011,all,,,,,,51.6,67.4,41.6,False,The Lens
2026-08,CR01011,all,,,,,,63.0,85.3,48.6,True,The Lens
2026-09,CR01011,all,,,,,,56.0,82.2,51.4,True,The Lens
2026-07,CR01011,instagram,5810.0,nano,0.7371772805507745,0.0779220779220779,0.09375,59.4,35.5,32.2,False,
2026-08,CR01011,instagram,6010.0,nano,1.110981697171381,0.1425855513307984,0.0633802816901408,81.7,78.9,21.4,True,
2026-09,CR01011,instagram,6100.0,nano,0.6070491803278688,0.1619047619047619,0.125,50.0,81.5,45.9,True,
2026-07,CR01011,tiktok,2740.0,nano,1.205109489051095,0.1819772528433945,0.1666666666666666,8.6,73.7,58.4,True,
2026-08,CR01011,tiktok,2940.0,nano,2.162244897959184,0.1951219512195122,0.2519480519480519,30.3,88.7,81.9,True,
2026-09,CR01011,tiktok,3065,nano,2.095269168026101,0.2052693668895006,0.22664015904572565,28.5,89.6,77.2,True,
2026-07,CR01011,youtube,23808.0,micro,2.887642809139785,0.2037008948885181,0.0607419486343253,86.7,93.1,34.2,True,
2026-08,CR01011,youtube,24770.0,micro,2.0580540976988293,0.1834687052078356,0.0661025912215758,77.1,88.3,42.5,True,
2026-09,CR01011,youtube,27275,micro,3.12051329055912,0.14596949891067537,0.04940530649588289,89.5,75.5,31.2,True,
2026-07,CR01013,all,,,,,,52.3,69.2,47.0,False,The Lens
2026-08,CR01013,all,,,,,,25.8,61.2,52.2,True,The Lens
2026-09,CR01013,all,,,,,,33.4,64.6,43.2,True,The Lens
2026-07,CR01013,instagram,21491.0,micro,0.6405937369131264,0.0792447145081102,,52.3,44.9,,False,
2026-08,CR01013,instagram,22200.0,micro,0.528918918918919,0.0526315789473684,0.2573839662447257,45.2,29.6,83.4,True,
2026-09,CR01013,instagram,22453,micro,0.6090945530664054,0.06513282732447818,0.12391093901258471,50.2,33.7,45.3,True,
2026-07,CR01013,tiktok,17000.0,micro,,0.1963406052076002,0.1354260089686098,,93.6,47.0,False,
2026-08,CR01013,tiktok,17290.0,micro,0.9423366107576634,0.1932367149758454,0.0702247191011236,6.3,92.7,21.0,True,
2026-09,CR01013,tiktok,18578,micro,1.563462159543546,0.21021431828545373,0.11902766135792121,16.5,95.4,41.2,True,
2026-09,CR01014,all,,,,,,21.2,64.7,61.9,True,The Lens
2026-09,CR01014,instagram,76930.0,micro,0.322773950344469,0.12520111159865438,0.17302798982188294,21.2,64.7,61.9,True,
2026-07,CR01016,all,,,,,,50.2,40.2,21.9,False,The Pulse
2026-08,CR01016,all,,,,,,39.2,54.9,20.2,True,The Lens
2026-09,CR01016,all,,,,,,40.2,45.2,50.0,False,The Hub
2026-07,CR01016,instagram,820.0,nano,1.273170731707317,,0.1066666666666666,86.0,,38.5,False,
2026-08,CR01016,instagram,910.0,nano,0.7384615384615385,0.2493036211699164,0.0,64.7,97.2,1.3,True,
2026-09,CR01016,instagram,,,,,,,,,False,
2026-07,CR01016,tiktok,147770.0,mid,3.648399539825404,0.0828020810434527,,60.3,51.3,,False,
2026-08,CR01016,tiktok,148240.0,mid,3.2860024284943337,0.1034688104808694,0.1167635250849265,51.9,63.7,44.2,True,
2026-09,CR01016,tiktok,158730.0,mid,5.072708372708373,0.12870653487875985,0.24005518956839425,73.6,73.5,80.8,True,
2026-07,CR01016,youtube,117712.0,mid,0.3319797471795568,0.0404009156715956,0.0048309178743961,4.2,29.0,5.3,True,
2026-08,CR01016,youtube,113703.0,mid,0.212052452441888,-0.0618564356435643,0.0219354838709677,1.1,3.7,15.1,True,
2026-09,CR01016,youtube,120862,mid,0.36476311826711455,0.010966031233532132,0.029974160206718347,6.7,16.9,19.2,True,
2026-07,CR01017,all,,,,,,52.3,83.0,24.2,False,The Lens
2026-08,CR01017,all,,,,,,45.0,89.0,36.8,True,The Lens
2026-09,CR01017,all,,,,,,83.9,97.4,11.8,False,The Lens
2026-07,CR01017,instagram,27380.0,micro,0.9055880204528852,0.1408333333333333,0.041740674955595,70.8,77.0,9.5,True,
2026-08,CR01017,instagram,29210.0,micro,0.5183749099269122,0.1628184713375796,0.175392670157068,43.5,79.4,66.9,True,
2026-09,CR01017,instagram,30452,micro,,,,,,,False,
2026-07,CR01017,tiktok,365652.0,mid,5.748695480949099,0.1187766191804964,0.117227732214381,80.0,74.4,38.8,True,
2026-08,CR01017,tiktok,381600.0,mid,6.045070754716981,0.1595612142574979,0.0431424161946618,80.4,89.8,9.7,True,
2026-09,CR01017,tiktok,405240,mid,6.5253504096337975,0.1999786796799583,0.05781008696469151,83.9,96.0,16.6,True,
2026-07,CR01017,youtube,24733.0,micro,0.3810698257388913,0.2373305317924858,,6.2,97.7,,False,
2026-08,CR01017,youtube,27576.0,micro,0.4670728169422686,0.2423860154982879,0.051985559566787,11.1,97.7,33.9,True,
2026-09,CR01017,youtube,218400,mid,,6.01123595505618,0.011070720423000661,,98.8,7.0,False,
2026-07,CR01023,all,,,,,,34.3,40.1,69.8,False,The Hub
2026-08,CR01023,all,,,,,,65.6,68.2,33.8,False,The Lens
2026-09,CR01023,all,,,,,,34.4,59.5,51.3,False,The Lens
2026-07,CR01023,instagram,,,,,,,,,False,
2026-08,CR01023,instagram,29750.0,micro,1.2148235294117646,0.1721828211189913,0.0601173020527859,84.1,83.8,20.0,True,
2026-09,CR01023,instagram,30967,micro,0.6103271224206414,0.16016034766971377,0.07043235704323571,50.6,81.3,21.5,True,
2026-07,CR01023,tiktok,49860.0,micro,2.8650421179302046,0.1410195781708124,,46.6,79.0,,False,
2026-08,CR01023,tiktok,51140.0,micro,3.0604028157997654,0.0866978325541861,0.126189676408017,47.2,52.7,47.7,True,
2026-09,CR01023,tiktok,53280.0,micro,2.271114864864865,0.18822479928635147,0.22046621888581588,32.3,91.7,76.2,False,
2026-07,CR01023,youtube,206291.0,mid,0.7244135711204076,-0.1359611647232274,0.1320836965998256,22.0,1.2,69.8,True,
2026-08,CR01023,youtube,,,,,,,,,False,
2026-09,CR01023,youtube,194395,mid,0.6924252166979603,-0.047209437966543644,0.10154000250406911,20.3,5.4,56.2,True,
2026-07,CR01025,all,,,,,,84.5,55.5,70.9,False,The Pulse
2026-08,CR01025,all,,,,,,93.0,63.0,49.5,False,The Pulse
2026-09,CR01025,all,,,,,,75.4,57.6,28.8,False,The Pulse
2026-07,CR01025,instagram,342270.0,mid,0.9024951062027056,0.2162680786041718,,70.4,97.3,,False,
2026-08,CR01025,instagram,363560.0,mid,1.5233634063153263,0.2259239277043431,0.0589518207653162,90.0,96.4,19.8,True,
2026-09,CR01025,instagram,402760.0,mid,0.6284313238653292,0.23119249228135605,,51.9,97.8,,False,
2026-07,CR01025,tiktok,,,,,,,,,False,
2026-08,CR01025,tiktok,,,,,,,,,False,
2026-09,CR01025,tiktok,,,,,,,,,False,
2026-07,CR01025,youtube,88382.0,micro,5.759249620963544,0.0128000916747837,0.1361389961389961,98.6,13.7,70.9,True,
2026-08,CR01025,youtube,91550.0,micro,4.305778263244129,0.0525408139802253,0.1719515339004898,95.9,29.5,79.2,True,
2026-09,CR01025,youtube,91973,micro,7.451589053309124,0.023753603668785272,0.04677533664068037,99.0,17.4,28.8,True,
2026-07,CR01029,all,,,,,,86.8,56.5,97.8,True,The Hub
2026-08,CR01029,all,,,,,,67.1,31.0,,False,The Pulse
2026-09,CR01029,all,,,,,,75.4,66.7,92.8,True,The Hub
2026-07,CR01029,instagram,8460.0,nano,1.3095744680851065,0.1165368879503761,0.4194756554307116,86.8,56.5,97.8,True,
2026-08,CR01029,instagram,8590.0,nano,0.7835855646100116,0.0684079601990049,,67.1,31.0,,False,
2026-09,CR01029,instagram,8967,nano,0.9991078398572544,0.10881661926548782,0.3089430894308943,75.4,66.7,92.8,True,
2026-07,CR01030,all,,,,,,48.7,49.9,58.4,True,The Hub
2026-08,CR01030,all,,,,,,44.1,49.9,50.3,True,The Hub
2026-09,CR01030,all,,,,,,46.1,73.1,43.2,True,The Lens
2026-07,CR01030,tiktok,41890.0,micro,8.103938887562665,0.0691679428279734,0.3001824817518248,90.4,39.0,90.4,True,
2026-08,CR01030,tiktok,43420.0,micro,6.095324735145095,0.062133072407045,0.3294709559384052,80.6,34.9,92.9,True,
2026-09,CR01030,tiktok,46480.0,micro,7.217125645438898,0.12081022425850012,0.21793662768766503,88.2,64.3,75.4,True,
2026-07,CR01030,youtube,18455.0,micro,0.3970197778379843,0.1151057401812688,0.0437853107344632,6.9,60.8,26.5,True,
2026-08,CR01030,youtube,18968.0,micro,0.3973007169970476,0.1257641403050626,0.0111731843575419,7.6,64.9,7.7,True,
2026-09,CR01030,youtube,19230.0,micro,0.27082683307332295,0.1626360338573156,0.017057569296375266,4.0,81.9,10.9,True,
2026-07,CR01031,all,,,,,,67.1,58.2,6.7,False,The Pulse
2026-08,CR01031,all,,,,,,59.2,64.1,37.7,True,The Lens
2026-09,CR01031,all,,,,,,87.2,41.3,44.2,False,The Pulse
2026-07,CR01031,instagram,206680.0,mid,0.425261273466228,0.1130378587969195,,29.2,63.0,,False,
2026-08,CR01031,instagram,214370.0,mid,0.3786957130195456,0.1287978516139223,0.1478412559965111,26.5,72.9,56.6,True,
2026-09,CR01031,instagram,,,,,,,,,False,
2026-07,CR01031,tiktok,1013450.0,macro,5.665857220385811,0.0581681876083279,,79.3,44.4,,False,
2026-08,CR01031,tiktok,1018140.0,macro,4.780613668061367,0.1030291211648466,0.1371090803851753,71.3,41.7,51.4,True,
2026-09,CR01031,tiktok,1091790.0,macro,10.037116112072834,0.07786399715673499,0.2770694037113238,96.4,50.0,86.8,True,
2026-07,CR01031,youtube,36396.0,micro,3.468100890207716,0.123784234415043,0.0092742870391838,92.9,67.3,6.7,True,
2026-08,CR01031,youtube,37140.0,micro,2.220005385029617,0.1487490935460478,0.0071005917159763,79.9,77.6,5.0,True,
2026-09,CR01031,youtube,38938,micro,2.1851147978838155,0.05423040476512793,0.0006832934745473181,77.9,32.6,1.7,True,
2026-07,CR01034,all,,,,,,41.6,69.5,56.6,False,The Lens
2026-08,CR01034,all,,,,,,25.6,45.0,35.5,False,The Lens
2026-09,CR01034,all,,,,,,27.8,82.4,37.6,False,The Lens
2026-07,CR01034,instagram,643.0,nano,0.0793157076205287,0.1690909090909091,,0.6,87.1,,False,
2026-08,CR01034,instagram,650.0,nano,0.1292307692307692,0.0769230769230769,,4.0,35.2,,False,
2026-09,CR01034,instagram,686,nano,0.08163265306122448,0.09584664536741214,,1.9,64.8,,False,
2026-07,CR01034,tiktok,925883.0,mid,6.024943756392546,0.0854787730429603,0.161065908472218,82.6,51.9,56.6,True,
2026-08,CR01034,tiktok,986040.0,mid,3.0673177558719726,0.0879480983747641,0.0970939875935992,47.3,54.8,35.5,True,
2026-09,CR01034,tiktok,1029970.0,macro,3.4240948765498023,0.17732385350464086,0.1127820064929271,53.7,100.0,37.6,True,
2026-07,CR01035,all,,,,,,39.6,50.3,55.6,False,The Hub
2026-08,CR01035,all,,,,,,45.8,36.3,40.7,True,The Pulse
2026-09,CR01035,all,,,,,,46.8,32.5,60.0,False,The Hub
2026-07,CR01035,instagram,94870.0,micro,0.2643617581954253,,0.1807692307692307,15.1,,64.4,False,
2026-08,CR01035,instagram,99730.0,micro,0.2753835355459741,0.0527815897814842,0.0959860383944153,15.1,29.9,35.0,True,
2026-09,CR01035,instagram,97670.0,micro,0.5658851233746288,0.033216968158256636,,46.8,19.4,,False,
2026-07,CR01035,tiktok,,,,,,,,,False,
2026-08,CR01035,tiktok,36008.0,micro,3.433681404132415,0.0355160613119374,0.105410447761194,54.2,23.6,40.2,True,
2026-09,CR01035,tiktok,35820.0,micro,1.8561697375767727,-0.01674444139445512,,24.1,9.1,,False,
2026-07,CR01035,youtube,10656.0,micro,1.55884009009009,0.095169578622816,0.0853242320819112,64.2,50.3,46.9,True,
2026-08,CR01035,youtube,11335.0,micro,1.6874283193647992,0.1057457808994244,0.0756013745704467,68.1,55.5,47.0,True,
2026-09,CR01035,youtube,11474,micro,1.8524490151647202,0.12700127688832138,0.11232876712328767,69.4,69.1,60.0,True,
2026-07,CR01037,all,,,,,,65.6,39.9,38.9,True,The Pulse
2026-08,CR01037,all,,,,,,38.2,31.7,30.4,False,The Pulse
2026-09,CR01037,all,,,,,,53.0,39.3,43.6,False,The Pulse
2026-07,CR01037,instagram,131530.0,mid,0.7901239261005094,-0.0238961038961038,0.1013488880787459,64.4,7.5,36.3,True,
2026-08,CR01037,instagram,136210.0,mid,0.5183980618163131,0.0020986745213549,0.0647925033467202,43.7,12.1,22.1,True,
2026-09,CR01037,instagram,133290.0,mid,0.4130467401905619,0.011381743683132255,0.10909712722298222,31.2,15.9,39.5,True,
2026-07,CR01037,tiktok,50714.0,micro,5.547008715542059,0.0658680117696511,0.1325151021190909,78.5,36.3,45.7,True,
2026-08,CR01037,tiktok,53490.0,micro,,0.0756082847375829,,,44.4,,False,
2026-09,CR01037,tiktok,54040.0,micro,3.9771095484826056,0.046881053855094924,,62.4,26.6,,False,
2026-07,CR01037,youtube,147376.0,mid,1.3157909021821734,0.124200955039895,0.0614408419097732,54.0,75.9,34.6,True,
2026-08,CR01037,youtube,154099.0,mid,0.8704663884905158,0.0628983308042488,0.0606380483227773,32.6,38.5,38.7,True,
2026-09,CR01037,youtube,156280,mid,1.6988802149987203,0.14058839414087304,0.08587490307573016,65.4,75.3,47.6,True,
2026-07,CR01039,all,,,,,,62.1,62.0,47.0,True,The Pulse
2026-08,CR01039,all,,,,,,76.0,50.3,46.6,False,The Pulse
2026-09,CR01039,all,,,,,,69.8,70.4,64.8,False,The Lens
2026-07,CR01039,instagram,20500.0,micro,0.8464878048780488,0.0665972944849115,0.1430030643513789,68.0,38.0,49.8,True,
2026-08,CR01039,instagram,21530.0,micro,0.8110078959591268,0.0286669851887243,0.3874538745387454,68.6,16.8,97.4,True,
2026-09,CR01039,instagram,21930.0,micro,0.5009119927040584,0.10367388022143935,0.3086734693877551,41.0,56.7,92.5,True,
2026-07,CR01039,tiktok,2890.0,nano,1.696885813148789,0.1636880584890333,0.0930232558139534,19.4,70.2,27.4,True,
2026-08,CR01039,tiktok,2990.0,nano,3.963545150501672,,0.0688172043010752,62.9,,19.6,False,
2026-09,CR01039,tiktok,,,,,,,,,False,
2026-07,CR01039,youtube,3152.0,nano,6.034898477157361,0.172182967645965,0.1194690265486725,99.0,77.8,63.8,True,
2026-08,CR01039,youtube,3382.0,nano,4.514192785334122,0.1891701828410689,0.0349586016559337,96.6,83.8,22.8,True,
2026-09,CR01039,youtube,3500,nano,6.855714285714286,0.1655011655011655,0.06278538812785388,98.7,84.0,37.1,True,
2026-07,CR01045,all,,,,,,52.6,52.4,67.4,True,The Hub
2026-08,CR01045,all,,,,,,,,,False,
2026-09,CR01045,all,,,,,,33.1,34.2,55.3,True,The Hub
2026-07,CR01045,instagram,11720.0,micro,0.7169795221843004,0.1258405379442843,0.2193784277879341,57.9,69.7,75.4,True,
2026-08,CR01045,instagram,,,,,,,,,False,
2026-09,CR01045,instagram,20468,micro,0.2733046707054915,-0.0010249402118209772,0.14175257731958762,15.8,9.1,53.0,True,
2026-07,CR01045,tiktok,21005.0,micro,1.4442751725779577,0.0511434719511584,0.1181318681318681,14.5,27.7,39.7,True,
2026-08,CR01045,tiktok,,,,,,,,,False,
2026-09,CR01045,tiktok,22013,micro,0.9790578294644074,0.08087007758028086,0.12449799196787148,5.3,45.6,46.9,True,
2026-07,CR01045,youtube,31778.0,micro,2.711057964629618,0.114352842164323,0.2061095505617977,85.3,59.8,87.1,True,
2026-08,CR01045,youtube,,,,,,,,,False,
2026-09,CR01045,youtube,34153,micro,2.1871870699499314,0.08487659223023411,0.1317031317031317,78.1,47.9,65.9,True,
2026-07,CR01046,all,,,,,,16.2,76.0,80.6,False,The Hub
2026-08,CR01046,all,,,,,,31.7,75.2,91.2,False,The Hub
2026-09,CR01046,all,,,,,,62.5,58.8,62.6,False,The Hub
2026-07,CR01046,instagram,13260.0,micro,0.2803921568627451,0.253071253071253,0.4864864864864865,16.2,97.8,99.3,True,
2026-08,CR01046,instagram,14700.0,micro,0.1601360544217687,0.2148760330578512,0.4078212290502793,6.4,94.5,98.1,True,
2026-09,CR01046,instagram,14935,micro,,0.2263918541632452,,,95.6,,False,
2026-07,CR01046,tiktok,26000.0,micro,,0.0938157341186369,0.1772281014917761,,54.3,61.9,False,
2026-08,CR01046,tiktok,26730.0,micro,3.4478488589599703,0.1345500848896434,,54.8,75.3,,False,
2026-09,CR01046,tiktok,27330.0,micro,5.115221368459569,0.05399151561897416,0.214481003111153,74.0,30.7,74.6,True,
2026-07,CR01046,youtube,,,,,,,,,False,
2026-08,CR01046,youtube,206050.0,mid,0.8967143897112352,0.0958898812976066,0.1960313375650483,34.0,55.9,84.2,True,
2026-09,CR01046,youtube,210286,mid,1.2529269661318394,0.079186681446812,0.09296432475404949,51.0,50.0,50.7,True,
2026-07,CR01047,all,,,,,,44.0,81.0,70.9,True,The Lens
2026-08,CR01047,all,,,,,,53.1,84.0,55.4,False,The Lens
2026-09,CR01047,all,,,,,,62.4,80.0,81.9,False,The Hub
2026-07,CR01047,instagram,23478.0,micro,0.1439219695033648,0.1507695323987844,0.1621621621621621,3.7,79.6,57.1,True,
2026-08,CR01047,instagram,23850.0,micro,0.1494060565501087,0.125,0.1354166666666666,5.5,68.0,50.8,True,
2026-09,CR01047,instagram,,,,,,,,,False,
2026-07,CR01047,tiktok,301.0,nano,9.700996677740864,0.1897233201581027,0.2868852459016393,93.5,78.9,87.4,True,
2026-08,CR01047,tiktok,320.0,nano,6.371875,,0.0826446280991735,81.9,,27.8,False,
2026-09,CR01047,tiktok,,,,,,,,,False,
2026-07,CR01047,youtube,1050659.0,macro,0.9332771146489964,0.1264209464363633,0.1280915169580278,34.8,84.6,68.1,True,
2026-08,CR01047,youtube,1023240.0,macro,1.8284898948438293,0.1770985516916104,0.2138604504646401,71.8,100.0,87.6,True,
2026-09,CR01047,youtube,1087719,macro,1.592163049464062,0.10270252186713057,0.19656596851037997,62.4,80.0,81.9,True,
2026-07,CR01049,all,,,,,,42.1,45.6,54.4,True,The Hub
2026-08,CR01049,all,,,,,,55.6,36.9,39.7,False,The Pulse
2026-09,CR01049,all,,,,,,39.7,4.0,60.2,False,The Hub
2026-07,CR01049,instagram,136138.0,mid,0.1529771261514051,0.1470627885814431,0.0197287299630086,4.5,77.4,4.1,True,
2026-08,CR01049,instagram,140570.0,mid,,0.0973458235753317,0.0412371134020618,,57.1,12.6,False,
2026-09,CR01049,instagram,,,,,,,,,False,
2026-07,CR01049,tiktok,74470.0,micro,7.337693030750638,0.0453396967995508,0.3333534451550621,88.3,22.8,93.8,True,
2026-08,CR01049,tiktok,75520.0,micro,7.449311440677966,-0.0074911289262715,0.3657476198338011,88.2,12.4,95.1,True,
2026-09,CR01049,tiktok,,,,,,,,,False,
2026-07,CR01049,youtube,7203.0,nano,0.9118422879355824,0.0851159987948177,0.1226277372262773,33.4,36.7,65.3,True,
2026-08,CR01049,youtube,7460.0,nano,0.717024128686327,0.0827285921625544,0.0175824175824175,23.1,41.2,11.3,True,
2026-09,CR01049,youtube,7484,nano,1.0414216996258685,-0.026788036410923276,0.11298701298701298,39.7,4.0,60.2,True,
2026-07,CR01050,all,,,,,,3.3,23.1,77.2,True,The Hub
2026-08,CR01050,all,,,,,,3.5,15.3,32.0,True,The Hub
2026-09,CR01050,all,,,,,,3.0,12.6,56.5,True,The Hub
2026-07,CR01050,tiktok,549391.0,mid,0.8465337073231997,0.0236883196255482,0.2284749173494322,3.3,23.1,77.2,True,
2026-08,CR01050,tiktok,546080.0,mid,0.7079768532083212,0.0099500647309043,0.0888857880415823,3.5,15.3,32.0,True,
2026-09,CR01050,tiktok,544920.0,mid,0.7271966527196653,0.004757163403031309,0.14863865048831015,3.0,12.6,56.5,True,
2026-07,CR01051,all,,,,,,75.8,82.1,,False,The Lens
2026-08,CR01051,all,,,,,,61.8,54.5,44.8,False,The Pulse
2026-09,CR01051,all,,,,,,53.7,69.7,57.0,False,The Lens
2026-07,CR01051,instagram,37258.0,micro,0.9812120886789414,0.1583037990424672,,75.8,82.1,,False,
2026-08,CR01051,instagram,39277.0,micro,1.8700511749879063,0.1027289572687966,0.259025787965616,94.1,54.6,83.9,True,
2026-09,CR01051,instagram,40860.0,micro,1.0850954478707782,0.12966546862040365,0.3434282253179891,79.5,67.1,95.3,False,
2026-07,CR01051,tiktok,,,,,,,,,False,
2026-08,CR01051,tiktok,13990.0,micro,4.263330950679056,0.0550527903469079,,67.6,33.1,,False,
2026-09,CR01051,tiktok,14790.0,micro,4.2132521974306965,0.09231905465288036,0.12188949810206663,65.3,51.9,43.8,True,
2026-07,CR01051,youtube,,,,,,,,,False,
2026-08,CR01051,youtube,995565.0,mid,0.7334498500851275,0.136954371763803,0.007788585810489,23.8,75.8,5.6,True,
2026-09,CR01051,youtube,1039689,macro,0.5920116496375358,0.13740829637473936,0.05132925276512188,16.2,90.0,32.0,True,
2026-07,CR01053,all,,,,,,47.6,96.7,42.2,True,The Lens
2026-08,CR01053,all,,,,,,21.7,78.8,46.1,True,The Lens
2026-09,CR01053,all,,,,,,9.5,88.0,48.0,True,The Lens
2026-07,CR01053,youtube,7511.0,nano,1.1749434163227266,0.2532955114300017,0.0774487471526196,47.6,96.7,42.2,True,
2026-08,CR01053,youtube,8014.0,nano,0.6902919890192164,0.1809608016504568,0.074074074074074,21.7,78.8,46.1,True,
2026-09,CR01053,youtube,8371,nano,0.4368653685342253,0.19041524459613196,0.08661417322834646,9.5,88.0,48.0,True,
2026-07,CR01054,all,,,,,,51.4,91.1,85.3,True,The Lens
2026-08,CR01054,all,,,,,,45.8,83.0,88.1,False,The Hub
2026-09,CR01054,all,,,,,,52.8,78.8,86.9,False,The Hub
2026-07,CR01054,tiktok,11013.0,micro,10.428584400254245,0.1470680137485678,0.2969112658453847,95.1,82.4,89.5,True,
2026-08,CR01054,tiktok,11610.0,micro,8.557450473729544,0.1751012145748987,0.2974971558589306,90.8,86.5,88.1,True,
2026-09,CR01054,tiktok,12060.0,micro,9.529767827529021,0.12290502793296089,,95.1,65.1,,False,
2026-07,CR01054,youtube,53147.0,micro,0.4215289668278548,0.288131074432245,0.1726708074534161,7.8,99.7,81.1,True,
2026-08,CR01054,youtube,91536.0,micro,0.1988725747246985,0.1551158447327242,,0.7,79.5,,False,
2026-09,CR01054,youtube,95257,micro,0.4721332815436136,0.19495458879020522,0.22098214285714285,10.5,92.6,86.9,True,
2026-07,CR01055,all,,,,,,19.8,66.7,79.4,False,The Hub
2026-08,CR01055,all,,,,,,22.7,35.9,63.8,True,The Hub
2026-09,CR01055,all,,,,,,19.9,41.6,59.2,False,The Hub
2026-07,CR01055,instagram,21760.0,micro,0.0761488970588235,0.2115812917594654,0.2112676056338028,0.4,94.2,73.9,True,
2026-08,CR01055,instagram,23430.0,micro,0.10734101579172,0.1697453819271093,0.1073170731707317,2.5,82.8,38.0,True,
2026-09,CR01055,instagram,24690.0,micro,0.07019036046982584,0.21207658321060383,,0.6,94.0,,False,
2026-07,CR01055,tiktok,,,,,,,,,False,
2026-08,CR01055,tiktok,79150.0,micro,1.9213644977890083,0.0076384468491406,0.1483816729718369,26.1,14.9,54.7,True,
2026-09,CR01055,tiktok,77450,micro,2.2660813428018076,6.45619471883272e-05,0.13910835214446954,32.1,11.6,51.3,True,
2026-07,CR01055,youtube,15702.0,micro,1.0381480066233602,0.0757004864013153,0.1951219512195122,39.1,39.2,85.0,True,
2026-08,CR01055,youtube,15350.0,micro,1.0185667752442995,0.0016956890367181,0.3702290076335878,39.5,10.1,98.7,True,
2026-09,CR01055,youtube,15904,micro,0.8053948692152918,0.02672692059393157,0.1342281879194631,27.0,19.1,67.0,True,
2026-07,CR01056,all,,,,,,79.3,26.9,54.0,True,The Pulse
2026-08,CR01056,all,,,,,,64.7,29.8,38.3,False,The Pulse
2026-09,CR01056,all,,,,,,71.4,11.8,27.9,False,The Pulse
2026-07,CR01056,instagram,848476.0,mid,1.0379987177009131,0.0065077877554893,0.111004977125333,79.1,13.0,40.2,True,
2026-08,CR01056,instagram,872228.0,mid,0.8277720962867507,-0.0392610412040463,0.0999566482938007,69.8,5.7,36.1,True,
2026-09,CR01056,instagram,858793,mid,0.6230197498116543,-0.0912608805148576,0.1023461781775174,51.1,3.6,35.6,True,
2026-07,CR01056,tiktok,902225.0,mid,5.89562470558896,-0.0508399864920451,0.1059377344721614,81.0,5.1,34.2,True,
2026-08,CR01056,tiktok,,,,,0.0866273141937215,,,30.2,False,
2026-09,CR01056,tiktok,885856,mid,8.372705044612218,0.026772281450881938,0.06459612888225835,91.8,19.9,20.2,True,
2026-07,CR01056,youtube,37836.0,micro,2.15519610952532,0.1184486683023441,0.2110772492381078,77.9,62.7,87.7,True,
2026-08,CR01056,youtube,38170.0,micro,1.495284254650249,0.1015873015873015,0.078900071890726,59.6,53.9,48.7,True,
2026-09,CR01056,youtube,,,,,,,,,False,
2026-07,CR01057,all,,,,,,72.6,34.6,54.1,True,The Pulse
2026-08,CR01057,all,,,,,,36.0,16.6,77.5,True,The Hub
2026-09,CR01057,all,,,,,,59.4,39.1,,False,The Pulse
2026-07,CR01057,tiktok,118320.0,mid,4.647912440838405,0.0526690391459074,0.1516101309337242,72.6,34.6,54.1,True,
2026-08,CR01057,tiktok,119110.0,mid,2.4273696582990514,0.0108631078672664,0.2350960748891443,36.0,16.6,77.5,True,
2026-09,CR01057,tiktok,120070.0,mid,3.7903972682601816,0.06567853022099938,,59.4,39.1,,False,
2026-07,CR01059,all,,,,,,65.3,79.8,40.7,False,The Lens
2026-08,CR01059,all,,,,,,51.7,94.2,24.0,False,The Lens
2026-09,CR01059,all,,,,,,57.0,57.8,51.3,False,The Lens
2026-07,CR01059,instagram,153156.0,mid,0.7264814959910157,0.1112433248200603,,58.3,61.0,,True,
2026-08,CR01059,instagram,,,,,,,,,False,
2026-09,CR01059,instagram,,,,,,,,,False,
2026-07,CR01059,tiktok,4670.0,nano,6.555674518201285,,0.1923920994879297,85.7,,67.4,False,
2026-08,CR01059,tiktok,,,,,,,,,False,
2026-09,CR01059,tiktok,4855,nano,5.944593202883625,0.04656175899978444,0.29671361502347415,80.3,18.8,90.4,True,
2026-07,CR01059,youtube,36069.0,micro,1.2696498378108625,0.2459067357512953,0.0225988700564971,51.9,98.7,13.9,True,
2026-08,CR01059,youtube,39990.0,micro,1.2838709677419355,0.2195791399817017,0.0369265199552405,51.7,94.2,24.0,True,
2026-09,CR01059,youtube,42439,micro,0.9288861660265322,0.22915399542387116,0.018829516539440202,33.7,96.8,12.2,True,
2026-08,CR01060,all,,,,,,59.4,55.3,,False,The Pulse
2026-08,CR01060,instagram,20750.0,micro,0.6663132530120482,0.1054874800213106,,59.4,55.3,,False,
2026-07,CR01061,all,,,,,,60.6,72.1,27.1,True,The Lens
2026-08,CR01061,all,,,,,,44.9,65.2,36.2,False,The Lens
2026-09,CR01061,all,,,,,,68.2,58.4,,False,The Pulse
2026-07,CR01061,instagram,24240.0,micro,0.6003300330033003,0.12430426716141,,48.0,68.6,,True,
2026-08,CR01061,instagram,24060.0,micro,,0.0524934383202099,,,29.2,,False,
2026-09,CR01061,instagram,24453,micro,1.2157608473397947,0.03953577349827828,,83.3,23.8,,True,
2026-07,CR01061,tiktok,7570.0,nano,4.796433289299868,0.1435045317220543,0.0888395335924486,73.4,61.4,25.8,True,
2026-08,CR01061,tiktok,8030.0,nano,2.491282689912827,0.152080344332855,0.0254957507082152,38.3,67.9,5.5,True,
2026-09,CR01061,tiktok,8422,nano,,,,,,,False,
2026-07,CR01061,youtube,14165.0,micro,1.4654429932933286,0.1761042842909332,0.0512820512820512,60.4,86.3,28.4,True,
2026-08,CR01061,youtube,14870.0,micro,1.2829271540817686,0.2527379949452401,0.1257396449704142,51.5,98.4,66.8,True,
2026-09,CR01061,youtube,16437,micro,1.3235383585812497,0.19620114984353396,,53.2,92.9,,False,
2026-07,CR01064,all,,,,,,88.3,,,False,The Pulse
2026-08,CR01064,all,,,,,,55.7,82.9,46.4,True,The Lens
2026-09,CR01064,all,,,,,,61.7,72.9,44.7,True,The Lens
2026-07,CR01064,instagram,4320.0,nano,1.486574074074074,,,90.7,,,False,
2026-08,CR01064,instagram,4457.0,nano,0.7881983396903747,0.1280688433308023,,67.5,70.4,,True,
2026-09,CR01064,instagram,4560.0,nano,1.2782894736842105,0.05939422621864648,,84.2,33.3,,True,
2026-07,CR01064,tiktok,2030.0,nano,6.592610837438424,,,85.9,,,False,
2026-08,CR01064,tiktok,2200.0,nano,10.830454545454543,0.2008733624454148,0.2439271255060728,95.5,92.5,81.0,True,
2026-09,CR01064,tiktok,2246,nano,12.533837934105076,0.23068493150684932,0.2358490566037736,98.9,97.9,79.3,True,
2026-07,CR01064,youtube,,,,,,,,,False,
2026-08,CR01064,youtube,28479.0,micro,0.3131781312546086,0.1712041454186544,0.0176730486008836,4.1,85.7,11.8,True,
2026-09,CR01064,youtube,30599,micro,0.23049772868394391,0.17085023341241296,0.015625,1.9,87.6,10.1,True,
2026-07,CR01065,all,,,,,,57.4,50.3,22.0,False,The Pulse
2026-09,CR01065,all,,,,,,53.3,69.8,54.5,False,The Lens
2026-07,CR01065,instagram,176000.0,mid,1.0482784090909092,0.1584282235239913,,79.7,85.6,,False,
2026-09,CR01065,instagram,206248,mid,0.6543190721849425,0.2441591815313712,0.22467135838534058,54.7,99.3,76.8,True,
2026-07,CR01065,tiktok,5870.0,nano,2.9824531516183987,0.065496049165935,0.0932922127987663,48.7,15.8,27.6,True,
2026-09,CR01065,tiktok,,,,,,,,,False,
2026-07,CR01065,youtube,363826.0,mid,1.113386618878255,0.0822292686699466,0.0263674332008252,43.9,49.4,16.4,True,
2026-09,CR01065,youtube,388471,mid,1.2767130622363059,0.06275801505207493,0.05151481190929807,51.9,40.4,32.2,True,
2026-07,CR01071,all,,,,,,12.6,28.8,39.6,False,The Hub
2026-08,CR01071,all,,,,,,35.5,38.5,26.7,False,The Lens
2026-07,CR01071,instagram,57760.0,micro,0.1153393351800554,0.0253861175217468,0.233196159122085,2.0,18.6,77.3,True,
2026-08,CR01071,instagram,58970.0,micro,0.1227742920128879,-0.011565538048944,0.0975232198142414,3.2,7.9,35.7,True,
2026-07,CR01071,tiktok,,,,,,,,,False,
2026-08,CR01071,tiktok,71595.0,micro,7.0514002374467495,0.0924863429670094,0.06599023497101,86.1,54.2,17.7,True,
2026-07,CR01071,youtube,782349.0,mid,0.7437307390947007,0.0615146022045774,0.0011718933108329,23.2,38.9,1.9,True,
2026-08,CR01071,youtube,806898.0,mid,0.5808367352503042,0.0922595439273792,,17.1,53.4,,False,
2026-07,CR01073,all,,,,,,78.7,86.0,29.7,False,The Lens
2026-08,CR01073,all,,,,,,54.3,82.7,0.9,False,The Lens
2026-09,CR01073,all,,,,,,86.0,65.3,0.7,False,The Pulse
2026-07,CR01073,instagram,3370.0,nano,2.120178041543027,,0.1386666666666666,96.6,,48.0,False,
2026-08,CR01073,instagram,3660.0,nano,1.7185792349726776,0.1509433962264151,,92.4,83.1,,False,
2026-09,CR01073,instagram,3782,nano,2.4175039661554734,,,96.2,,,False,
2026-07,CR01073,tiktok,65508.0,micro,4.755999267265067,0.1574669587956746,0.1184659720682775,73.2,86.5,40.2,True,
2026-08,CR01073,tiktok,68280.0,micro,3.1112038664323376,0.1332780082987552,,48.1,73.8,,False,
2026-09,CR01073,tiktok,,,,,,,,,False,
2026-07,CR01073,youtube,8619.0,nano,1.6224620025525005,0.189812258420762,0.0,66.3,85.6,0.8,True,
2026-08,CR01073,youtube,9130.0,nano,0.7070098576122672,0.2173333333333333,0.0,22.4,91.2,0.9,True,
2026-09,CR01073,youtube,9770.0,nano,2.0767656090071647,0.13601600188257443,0.0,75.7,65.3,0.7,True,
2026-07,CR01077,all,,,,,,61.4,53.8,59.7,True,The Pulse
2026-08,CR01077,all,,,,,,53.2,76.2,41.6,False,The Lens
2026-09,CR01077,all,,,,,,59.9,55.7,42.7,True,The Pulse
2026-07,CR01077,instagram,9690.0,nano,1.1997936016511868,0.1811311555338859,0.1974358974358974,83.6,90.3,70.0,True,
2026-08,CR01077,instagram,10440.0,micro,0.7113026819923371,0.1384950926935659,0.1090342679127725,62.0,73.2,39.6,True,
2026-09,CR01077,instagram,10633,micro,1.4739020031975925,0.1434562856221099,0.15228426395939088,88.0,74.6,55.8,True,
2026-07,CR01077,tiktok,4660.0,nano,5.232832618025751,0.1477832512315271,0.177158774373259,76.5,64.9,61.6,True,
2026-08,CR01077,tiktok,5020.0,nano,3.500597609561753,0.1674418604651162,0.1160220994475138,56.2,79.2,43.5,False,
2026-09,CR01077,tiktok,5380.0,nano,4.5819702602230485,0.1721132897603486,0.06001984126984127,69.6,81.2,17.4,True,
2026-07,CR01077,youtube,324391.0,mid,0.7610013841321122,-0.0479082162752337,0.0863339524294529,24.2,6.2,47.4,True,
2026-08,CR01077,youtube,176433.0,mid,1.0812376369500036,,,41.4,,,False,
2026-09,CR01077,youtube,320800,mid,0.723893391521197,-0.010786375494144275,0.10026150005943184,22.1,11.4,55.0,True,
2026-07,CR01078,all,,,,,,63.8,65.6,65.4,False,The Lens
2026-08,CR01078,all,,,,,,50.6,73.2,60.5,False,The Lens
2026-09,CR01078,all,,,,,,46.4,31.6,71.8,False,The Hub
2026-07,CR01078,instagram,249170.0,mid,0.8228839747963238,0.183761698893059,0.1890872516972592,66.1,93.8,66.8,True,
2026-08,CR01078,instagram,262020.0,mid,0.6588199374093581,0.1659843360626557,0.1187360357484838,58.8,82.9,44.3,True,
2026-09,CR01078,instagram,,,,,,,,,False,
2026-07,CR01078,tiktok,4033.0,nano,3.245970741383585,0.0953286257468767,,54.0,33.3,,False,
2026-08,CR01078,tiktok,4140.0,nano,,,0.1831971995332555,,,64.9,False,
2026-09,CR01078,tiktok,,,,,,,,,False,
2026-07,CR01078,youtube,37697.0,micro,1.8078892219540017,0.1273363437901851,0.1197384552513281,71.3,69.6,64.0,True,
2026-08,CR01078,youtube,38272.0,micro,1.0974602842809364,0.122675271340569,0.1469933184855233,42.3,63.6,72.4,True,
2026-09,CR01078,youtube,39206,micro,1.1542621027393767,0.0540097319676318,0.15373459028281364,46.4,31.6,71.8,True,
2026-07,CR01079,all,,,,,,84.9,49.4,80.8,True,The Pulse
2026-08,CR01079,all,,,,,,74.9,60.7,84.3,True,The Hub
2026-09,CR01079,all,,,,,,74.8,,59.6,False,The Pulse
2026-07,CR01079,tiktok,37530.0,micro,6.437596589395151,0.0859375,0.245603682284905,84.9,49.4,80.8,True,
2026-08,CR01079,tiktok,39400.0,micro,5.35502538071066,0.104569666386319,0.2708702326130593,74.9,60.7,84.3,True,
2026-09,CR01079,tiktok,40960.0,micro,5.19521484375,,0.15647681945988362,74.8,,59.6,False,
2026-07,CR01081,all,,,,,,57.4,65.5,35.0,True,The Lens
2026-08,CR01081,all,,,,,,19.8,56.2,14.9,False,The Lens
2026-09,CR01081,all,,,,,,33.5,66.7,44.0,False,The Lens
2026-07,CR01081,instagram,97021.0,micro,1.4327104441306522,0.1683505738129357,0.06078720596227,89.2,84.7,18.5,True,
2026-08,CR01081,instagram,,,,,0.0153113621510596,,,3.7,False,
2026-09,CR01081,instagram,,,,,,,,,False,
2026-07,CR01081,tiktok,11690.0,micro,3.405047048759624,0.0904850746268656,0.0586706275529149,56.9,52.8,11.9,True,
2026-08,CR01081,tiktok,,,,,0.0214285714285714,,,4.4,False,
2026-09,CR01081,tiktok,,,,,,,,,False,
2026-07,CR01081,youtube,9104.0,nano,0.7992091388400703,0.1298088855795482,0.1473988439306358,26.1,58.9,74.6,True,
2026-08,CR01081,youtube,9440.0,nano,0.639406779661017,0.1211401425178147,0.0590551181102362,19.8,56.2,36.5,True,
2026-09,CR01081,youtube,9764,nano,0.9258500614502253,0.1370676604169093,0.07967032967032966,33.5,66.7,44.0,True,
2026-07,CR01084,all,,,,,,86.5,19.1,37.0,True,The Pulse
2026-08,CR01084,all,,,,,,67.2,14.9,88.2,True,The Hub
2026-09,CR01084,all,,,,,,56.7,42.2,65.3,True,The Hub
2026-07,CR01084,youtube,197451.0,mid,2.868281244460651,0.0111846855843537,0.0674445404782483,86.5,19.1,37.0,True,
2026-08,CR01084,youtube,198002.0,mid,1.6761042817749316,0.0121973662686078,0.2153403403403403,67.2,14.9,88.2,True,
2026-09,CR01084,youtube,205851,mid,1.432006645583456,0.06646945151045741,0.13041098616777788,56.7,42.2,65.3,True,
2026-07,CR01085,all,,,,,,82.9,33.9,17.2,False,The Pulse
2026-08,CR01085,all,,,,,,77.3,22.0,12.4,True,The Pulse
2026-09,CR01085,all,,,,,,75.2,30.5,17.8,False,The Pulse
2026-07,CR01085,instagram,,,,,,,,,False,
2026-08,CR01085,instagram,13090.0,micro,1.2314744079449962,0.0231074457325138,0.0229540918163672,84.5,14.1,6.8,True,
2026-09,CR01085,instagram,13235,micro,0.9972799395542123,0.010151121966112044,0.0425531914893617,75.2,11.1,10.8,True,
2026-07,CR01085,tiktok,103500.0,mid,16.986917874396134,0.0660212174271294,0.0681838351822504,99.0,42.3,16.2,True,
2026-08,CR01085,tiktok,106120.0,mid,11.57357708254806,0.0157940078491432,0.0478024691358024,96.7,19.1,11.5,True,
2026-09,CR01085,tiktok,105153,mid,,0.11403871213806693,,,68.2,,False,
2026-07,CR01085,youtube,88523.0,micro,1.641912271387097,0.0467299665369925,0.0316125290023201,66.8,25.5,18.2,True,
2026-08,CR01085,youtube,90099.0,micro,1.253887390537076,0.0570781612971349,0.028052805280528,50.6,32.8,18.8,True,
2026-09,CR01085,youtube,89904,micro,,0.006312961719274681,0.03819223424570337,,12.1,24.8,False,
2026-08,CR01086,all,,,,,,17.2,85.9,14.9,True,The Lens
2026-08,CR01086,instagram,2750.0,nano,0.297090909090909,0.15850622406639,0.05,17.2,85.9,14.9,True,
2026-07,CR01088,all,,,,,,88.1,10.1,,False,The Pulse
2026-08,CR01088,all,,,,,,63.2,16.4,25.2,False,The Pulse
2026-09,CR01088,all,,,,,,30.8,76.0,61.6,False,The Lens
2026-07,CR01088,instagram,,,,,,,,,False,
2026-08,CR01088,instagram,29080.0,micro,0.4923658872077029,,0.0655555555555555,41.2,,22.4,False,
2026-09,CR01088,instagram,28938,micro,0.411915128896261,0.1018543197654495,0.1724550898203593,30.8,55.2,61.6,True,
2026-07,CR01088,tiktok,48310.0,micro,7.210329124404885,0.0003727325436925,,88.1,10.1,,False,
2026-08,CR01088,tiktok,48150.0,micro,6.877673935617861,0.0117671779785669,0.0826951889462294,85.1,16.4,28.0,True,
2026-09,CR01088,tiktok,163370.0,mid,,0.20719722160644352,,,96.7,,False,
2026-07,CR01091,all,,,,,,95.5,41.9,26.6,False,The Pulse
2026-08,CR01091,all,,,,,,98.8,30.8,51.4,False,The Pulse
2026-09,CR01091,all,,,,,,98.1,53.2,44.2,False,The Pulse
2026-07,CR01091,tiktok,43183.0,micro,,0.0860642337969367,,,49.8,,False,
2026-08,CR01091,tiktok,,,,,,,,,False,
2026-09,CR01091,tiktok,,,,,,,,,False,
2026-07,CR01091,youtube,35951.0,micro,3.952379627826764,0.0660360574071877,0.0437878248487006,95.5,34.0,26.6,True,
2026-08,CR01091,youtube,36469.0,micro,6.221804820532507,0.0550235774004108,0.0838104435400427,98.8,30.8,51.4,True,
2026-09,CR01091,youtube,37608,micro,5.755823229100192,0.09246187363834422,0.07997495446265938,98.1,53.2,44.2,True,
2026-07,CR01092,all,,,,,,28.7,36.4,31.7,False,The Lens
2026-08,CR01092,all,,,,,,26.7,38.5,60.6,False,The Hub
2026-09,CR01092,all,,,,,,15.3,60.0,41.6,False,The Lens
2026-07,CR01092,instagram,54860.0,micro,0.2471770041012484,,0.1860158311345646,12.7,,66.1,False,
2026-08,CR01092,instagram,55030.0,micro,0.3280029075049973,0.0314901593252108,0.2516233766233766,20.6,18.9,82.3,True,
2026-09,CR01092,instagram,55910.0,micro,0.30822750849579683,0.05015026296018032,0.05925925925925926,19.4,27.8,17.1,True,
2026-07,CR01092,tiktok,172765.0,mid,3.906312042369693,-0.0976987447698744,0.0158939014202172,62.8,1.9,2.3,True,
2026-08,CR01092,tiktok,168470.0,mid,3.1394194812132725,-0.0168650793650793,,48.7,8.9,,False,
2026-09,CR01092,tiktok,,,,,,,,,False,
2026-07,CR01092,youtube,204269.0,mid,0.5096514889679785,0.1210020853912852,0.0442149854381784,10.7,71.0,26.8,True,
2026-08,CR01092,youtube,218124.0,mid,0.4635482569547596,0.1678061473062035,0.0607700312174817,10.9,87.6,38.9,True,
2026-09,CR01092,youtube,234035,mid,0.49993377058986904,0.205135995221372,0.13214285714285715,11.2,92.2,66.1,True,
2026-07,CR01093,all,,,,,,27.4,31.6,79.2,True,The Hub
2026-08,CR01093,all,,,,,,42.4,48.5,88.4,False,The Hub
2026-09,CR01093,all,,,,,,37.8,39.6,81.7,False,The Hub
2026-07,CR01093,instagram,16580.0,micro,0.4934861278648975,0.03625,0.4521531100478468,36.3,22.3,98.5,True,
2026-08,CR01093,instagram,17500.0,micro,0.7327428571428571,0.0504201680672268,0.458808618504436,63.9,28.2,99.8,True,
2026-09,CR01093,instagram,16940.0,micro,0.49799291617473435,0.03799019607843137,0.41947565543071164,40.6,22.2,99.2,True,
2026-07,CR01093,tiktok,8430.0,nano,1.3601423487544484,0.0447947947947947,0.1778385772913816,11.7,10.5,62.3,True,
2026-08,CR01093,tiktok,,,,,,,,,False,
2026-09,CR01093,tiktok,,,,,0.14521452145214522,,,54.4,False,
2026-07,CR01093,youtube,53588.0,micro,0.9295364633873257,0.117953853214837,0.1537976678222502,34.3,62.1,76.9,True,
2026-08,CR01093,youtube,56690.0,micro,0.6685482448403599,0.130950005984918,0.162406015037594,20.8,68.8,77.1,True,
2026-09,CR01093,youtube,56523,micro,0.9446066203138546,0.10710018607384193,0.24384673940624207,35.0,57.1,91.4,True,
2026-07,CR01096,all,,,,,,60.4,61.8,11.0,True,The Lens
2026-08,CR01096,all,,,,,,56.6,74.6,25.0,True,The Lens
2026-09,CR01096,all,,,,,,65.6,52.0,18.9,False,The Pulse
2026-07,CR01096,tiktok,254060.0,mid,5.324415492403369,0.0534040965254167,0.0303046992248275,77.1,35.3,5.3,True,
2026-08,CR01096,tiktok,268570.0,mid,4.224894813270283,0.0847806769529041,0.0057943716379076,67.0,54.1,0.4,True,
2026-09,CR01096,tiktok,275108,mid,6.320615903572415,0.03662952593759303,,82.9,23.8,,False,
2026-07,CR01096,youtube,102107.0,mid,1.1120491249375657,0.1604650634177387,0.0273285568065506,43.8,88.3,16.8,True,
2026-08,CR01096,youtube,106247.0,mid,1.16497406985609,0.2028960894866743,0.0814635132403476,46.2,95.0,49.6,True,
2026-09,CR01096,youtube,109291,mid,1.1830800340375693,0.16046039987683028,0.02983032293377121,48.3,80.1,18.9,True,
2026-07,CR01100,all,,,,,,50.3,89.1,,False,The Lens
2026-08,CR01100,all,,,,,,74.5,90.2,23.6,True,The Lens
2026-09,CR01100,all,,,,,,71.0,90.0,,False,The Lens
2026-07,CR01100,tiktok,33210.0,micro,3.038572719060524,0.1689545934530095,,50.3,89.1,,False,
2026-08,CR01100,tiktok,35302.0,micro,5.272024247917965,0.1860637011154414,0.0763955039055058,74.5,90.2,23.6,True,
2026-09,CR01100,tiktok,37700.0,micro,4.759946949602122,0.18181818181818182,,71.0,90.0,,False,
2026-07,CR01101,all,,,,,,41.6,88.6,61.4,True,The Lens
2026-08,CR01101,all,,,,,,43.4,74.6,67.1,True,The Lens
2026-09,CR01101,all,,,,,,50.8,80.1,61.2,True,The Lens
2026-07,CR01101,instagram,3501704.0,macro,0.912145344095332,0.1183004484118759,0.0786642556095776,71.1,78.6,25.9,True,
2026-08,CR01101,instagram,3604745.0,macro,0.8118848906094606,0.0906650320157793,0.1071577523008054,68.8,52.9,37.5,True,
2026-09,CR01101,instagram,3693110.0,macro,0.9043694880466598,0.1327307413905213,0.07297924829487738,71.4,68.8,22.9,True,
2026-07,CR01101,tiktok,101552.0,mid,1.3871218685993385,0.2181610987824626,0.3728863838623554,12.1,98.7,96.8,True,
2026-08,CR01101,tiktok,116250.0,mid,1.5804129032258063,0.1926746691289627,0.386118038237739,18.1,96.2,96.7,True,
2026-09,CR01101,tiktok,115859,mid,2.1681354059675986,0.17861466312651958,0.4734470989761092,30.2,91.4,99.5,True,
2026-07,CR01102,all,,,,,,55.8,36.5,79.6,True,The Hub
2026-08,CR01102,all,,,,,,48.2,40.2,87.8,False,The Hub
2026-09,CR01102,all,,,,,,98.3,44.4,95.6,False,The Pulse
2026-07,CR01102,instagram,9280.0,nano,1.6205818965517242,0.0457516339869281,0.3604166666666666,92.4,21.0,96.3,True,
2026-08,CR01102,instagram,,,,,0.3112719751809721,,,91.6,False,
2026-09,CR01102,instagram,9870.0,nano,2.9204660587639313,0.07516339869281045,0.344,98.3,44.4,95.6,True,
2026-07,CR01102,tiktok,62370.0,micro,3.476350809684143,0.1286644951140065,0.1852808618225788,58.3,73.4,64.6,True,
2026-08,CR01102,tiktok,66550.0,micro,5.189166040570999,0.1119465329991645,0.2390803715360405,73.7,65.1,79.0,True,
2026-09,CR01102,tiktok,,,,,,,,,False,
2026-07,CR01102,youtube,13147.0,micro,0.6282802160188636,0.0174909062766039,0.157051282051282,16.6,15.0,77.8,True,
2026-08,CR01102,youtube,13412.0,micro,0.7084700268416344,0.0159836376032118,0.2490774907749077,22.8,15.3,92.7,True,
2026-09,CR01102,youtube,,,,,,,,,False,
2026-07,CR01103,all,,,,,,66.1,36.0,52.1,False,The Pulse
2026-08,CR01103,all,,,,,,74.2,20.7,54.9,True,The Pulse
2026-09,CR01103,all,,,,,,72.9,32.3,55.0,True,The Pulse
2026-07,CR01103,instagram,627970.0,mid,0.4922496297593834,-0.070225051821143,0.1000348553502962,36.1,3.4,35.1,True,
2026-08,CR01103,instagram,624180.0,mid,0.4754461853952385,-0.0367592592592592,0.2179054054054054,39.1,7.1,76.2,True,
2026-09,CR01103,instagram,615382,mid,0.5955211559649128,-0.04861807470543996,0.1511378794615789,48.9,7.2,55.0,True,
2026-07,CR01103,tiktok,21478.0,micro,4.186143961262688,0.1200458906967042,0.1106158833063209,66.9,68.5,36.5,True,
2026-08,CR01103,tiktok,22330.0,micro,9.462203313927452,0.0813559322033898,0.0794754846066134,92.7,48.0,25.2,True,
2026-09,CR01103,tiktok,23387,micro,5.427331423440373,0.10290025937278943,0.04811982154238369,76.7,56.4,12.2,True,
2026-07,CR01103,youtube,49995.0,micro,3.914951495149515,,0.1923363649917996,95.2,,84.7,False,
2026-08,CR01103,youtube,49970.0,micro,3.2816690014008407,-0.0115675028484251,0.1141355359489393,90.8,7.1,63.4,True,
2026-09,CR01103,youtube,52479,micro,3.594218639836887,0.055809274720853036,0.3368618746798702,93.0,33.3,97.7,True,
2026-07,CR01105,all,,,,,,32.2,71.6,64.2,False,The Lens
2026-08,CR01105,all,,,,,,36.2,61.7,52.6,True,The Lens
2026-09,CR01105,all,,,,,,30.2,73.6,50.0,True,The Lens
2026-07,CR01105,instagram,8590.0,nano,0.1308498253783469,0.1377483443708609,,2.8,67.7,,False,
2026-08,CR01105,instagram,9240.0,nano,0.173051948051948,0.1309669522643818,0.0,7.0,71.8,1.3,True,
2026-09,CR01105,instagram,9660.0,nano,0.1072463768115942,0.1694915254237288,0.0,2.6,87.0,1.0,True,
2026-07,CR01105,tiktok,168733.0,mid,1.4192718673881222,0.1224397480159918,,13.3,75.6,,False,
2026-08,CR01105,tiktok,178430.0,mid,1.8411197668553492,0.0719735656353259,0.2604394511831378,24.8,47.1,82.6,True,
2026-09,CR01105,tiktok,175451,mid,1.1890271357815003,0.07440248375698863,0.16398269991718045,8.2,47.0,62.4,True,
2026-07,CR01105,youtube,62651.0,micro,2.313817816156167,0.1329499629288052,0.1203776553894571,80.6,71.6,64.2,True,
2026-08,CR01105,youtube,65222.0,micro,2.026095489252093,0.1270628488482607,0.1536045233233862,76.7,66.2,74.0,True,
2026-09,CR01105,youtube,69726,micro,2.263273384390328,0.17068502350570852,0.2198999444135631,79.7,86.9,86.7,True,
2026-07,CR01106,all,,,,,,90.3,9.5,94.4,False,The Hub
2026-08,CR01106,all,,,,,,51.8,18.2,37.8,True,The Pulse
2026-09,CR01106,all,,,,,,54.4,24.2,55.1,True,The Hub
2026-07,CR01106,instagram,42028.0,micro,1.4603121728371562,-0.0068059362888741,0.3363104404065291,90.3,9.5,94.4,True,
2026-08,CR01106,instagram,41140.0,micro,1.709749261798709,-0.0262721893491124,0.1342804766269477,92.2,4.5,50.3,True,
2026-09,CR01106,instagram,41042,micro,2.707202378051752,0.03573411396557816,0.3053423155256149,97.4,20.6,91.7,True,
2026-07,CR01106,youtube,,,,,,,,,False,
2026-08,CR01106,youtube,29179.0,micro,0.4761986360053463,0.0559475988853906,0.0388978930307941,11.5,31.8,25.3,True,
2026-09,CR01106,youtube,29455,micro,0.5022916313019861,0.044911135549327755,0.02909647779479326,11.4,27.7,18.5,True,
2026-07,CR01108,all,,,,,,11.2,41.2,45.0,True,The Hub
2026-08,CR01108,all,,,,,,22.0,62.0,34.2,True,The Lens
2026-09,CR01108,all,,,,,,,,,False,
2026-07,CR01108,youtube,55605.0,micro,0.5213559931660822,0.0807580174927113,0.0823293172690763,11.2,41.2,45.0,True,
2026-08,CR01108,youtube,56771.0,micro,0.6975392365820577,0.1191917200591424,0.053030303030303,22.0,62.0,34.2,True,
2026-09,CR01108,youtube,,,,,,,,,False,
2026-07,CR01109,all,,,,,,33.9,4.5,41.8,True,The Hub
2026-08,CR01109,all,,,,,,28.9,3.8,68.2,True,The Hub
2026-09,CR01109,all,,,,,,16.3,0.7,78.8,True,The Hub
2026-07,CR01109,tiktok,389596.0,mid,2.3103265947288985,-0.0508562115228603,0.119612909143722,33.9,4.5,41.8,True,
2026-08,CR01109,tiktok,387410.0,mid,2.0685552773547404,-0.0689066973323271,0.1939590301003344,28.9,3.8,68.2,True,
2026-09,CR01109,tiktok,375815,mid,1.5592006705426873,-0.10144986443384993,0.2342577024178843,16.3,0.7,78.8,True,
2026-09,CR01110,all,,,,,,,73.8,,False,The Lens
2026-09,CR01110,instagram,24560.0,micro,,0.14073385973060845,,,73.8,,False,
2026-07,CR01111,all,,,,,,63.0,82.7,37.4,False,The Lens
2026-08,CR01111,all,,,,,,32.2,49.8,60.0,False,The Hub
2026-09,CR01111,all,,,,,,31.8,58.8,45.2,True,The Lens
2026-07,CR01111,tiktok,,,,,,,,,False,
2026-08,CR01111,tiktok,170760.0,mid,1.958690559850082,0.1078959320054499,,27.1,66.2,,False,
2026-09,CR01111,tiktok,175762,mid,1.283553896746737,0.0938159278597522,0.1337865055387714,10.8,60.9,49.7,True,
2026-07,CR01111,youtube,108785.0,mid,1.531589833157145,0.137751793670383,0.0677063993068449,63.0,82.7,37.4,True,
2026-08,CR01111,youtube,113361.0,mid,0.968604722964688,0.0526115418543107,0.1017285912974369,37.4,33.5,60.0,True,
2026-09,CR01111,youtube,117289,mid,1.3132945118468058,0.0971842843779233,0.073003932296119,52.9,56.6,40.6,True,
2026-07,CR01112,all,,,,,,33.0,19.3,44.1,True,The Hub
2026-08,CR01112,all,,,,,,15.3,26.9,50.0,True,The Hub
2026-09,CR01112,all,,,,,,16.0,28.0,17.9,True,The Lens
2026-07,CR01112,youtube,79410.0,micro,0.9007933509633548,0.0310710622330134,0.0800656275635767,33.0,19.3,44.1,True,
2026-08,CR01112,youtube,81607.0,micro,0.5357628634798486,0.0472371223981726,0.0818681318681318,15.3,26.9,50.0,True,
2026-09,CR01112,youtube,84170,micro,0.5891172626826661,0.045213525562219824,0.02808860470427038,16.0,28.0,17.9,True,
2026-09,CR01116,all,,,,,,42.4,40.3,77.5,False,The Hub
2026-09,CR01116,instagram,44765,micro,0.378241930079303,0.15615072703323948,,27.8,80.2,,False,
2026-09,CR01116,youtube,89305,micro,1.449549297351772,-0.09513242952965732,0.17158896753722236,57.0,0.4,77.5,True,
2026-07,CR01118,all,,,,,,93.5,55.1,,True,The Pulse
2026-08,CR01118,all,,,,,,87.9,17.9,,True,The Pulse
2026-09,CR01118,all,,,,,,,,,False,
2026-07,CR01118,instagram,14380.0,micro,1.7768428372739915,0.0952018278750952,,93.5,55.1,,True,
2026-08,CR01118,instagram,14960.0,micro,1.3960561497326205,0.0295939435650378,,87.9,17.9,,True,
2026-09,CR01118,instagram,,,,,,,,,False,
2026-07,CR01119,all,,,,,,26.8,55.2,78.0,True,The Hub
2026-08,CR01119,all,,,,,,32.8,23.7,66.2,False,The Hub
2026-09,CR01119,all,,,,,,19.3,81.6,58.2,False,The Lens
2026-07,CR01119,instagram,320440.0,mid,0.6215984271626513,0.0814714816064799,0.1962317097614752,50.7,49.3,69.8,True,
2026-08,CR01119,instagram,339130.0,mid,0.5419042844926725,0.0477323282254078,0.1511373209772535,47.4,28.6,58.3,True,
2026-09,CR01119,instagram,344260.0,mid,0.4183727415325626,0.11418214771182601,0.13279352226720648,32.5,64.5,49.4,True,
2026-07,CR01119,tiktok,242250.0,mid,1.589374613003096,0.1383393637517034,0.225520483546004,16.8,80.8,76.7,True,
2026-08,CR01119,tiktok,,,,,,,,,False,
2026-09,CR01119,tiktok,264497,mid,1.0341611212312725,0.21498886056179517,0.15997695410024967,6.1,98.7,60.6,True,
2026-07,CR01119,youtube,9659.0,nano,0.5565793560409981,0.0846715328467153,0.2107969151670951,12.8,35.6,87.5,True,
2026-08,CR01119,youtube,9713.0,nano,0.592504890353135,0.0243619489559164,0.1540342298288508,18.2,18.8,74.2,True,
2026-09,CR01119,youtube,,,,,0.12708600770218229,,,64.6,False,
2026-07,CR01121,all,,,,,,82.4,46.5,26.4,False,The Pulse
2026-08,CR01121,all,,,,,,84.2,79.4,40.8,False,The Pulse
2026-09,CR01121,all,,,,,,77.9,57.4,47.9,False,The Pulse
2026-07,CR01121,instagram,115520.0,mid,0.9993334487534626,0.0512330512330512,,77.3,31.5,,False,
2026-08,CR01121,instagram,,,,,,,,,False,
2026-09,CR01121,instagram,126015,mid,1.082711402946829,0.057252644914465016,0.16364174393371472,79.1,37.7,58.8,True,
2026-07,CR01121,tiktok,43414.0,micro,6.043833786336205,0.0482422252269654,0.0451926384588923,82.8,24.7,8.9,True,
2026-08,CR01121,tiktok,43870.0,micro,5.397173467061774,0.1286339078981219,0.0820343164741504,75.4,72.0,27.4,True,
2026-09,CR01121,tiktok,47100.0,micro,5.3302123142250535,0.09995329285380664,,75.7,55.2,,False,
2026-07,CR01121,youtube,13989.0,micro,2.8959897061977267,0.1583174629460959,0.0796354992076069,87.0,83.3,43.9,True,
2026-08,CR01121,youtube,15198.0,micro,3.5644821687064088,0.1776830685780705,0.0900718778077268,92.9,86.7,54.1,True,
2026-09,CR01121,youtube,15834,micro,2.2185802703044084,0.1545865538865393,0.0626808100289296,78.9,79.4,37.0,True,
2026-08,CR01123,all,,,,,,30.8,58.8,32.9,True,The Lens
2026-08,CR01123,instagram,1336470.0,macro,0.4182809939617051,0.0953953839092518,0.0909758376718729,30.8,58.8,32.9,True,
2026-07,CR01127,all,,,,,,65.2,36.8,59.2,True,The Pulse
2026-08,CR01127,all,,,,,,,,21.9,False,The Hub
2026-09,CR01127,all,,,,,,72.6,42.2,62.6,True,The Pulse
2026-07,CR01127,tiktok,21860.0,micro,3.8475297346752058,0.093,0.4984415584415584,61.8,53.2,99.8,True,
2026-08,CR01127,tiktok,,,,,,,,,False,
2026-09,CR01127,tiktok,23781,micro,4.31525167150246,0.12434400264762896,0.3803775920767564,66.2,66.0,96.9,True,
2026-07,CR01127,youtube,52502.0,micro,1.6986019580206468,0.0341757440857249,0.0317013032758013,68.5,20.3,18.5,True,
2026-08,CR01127,youtube,,,,,0.032780410742496,,,21.9,False,
2026-09,CR01127,youtube,55200.0,micro,2.2229347826086956,0.024879316747122168,0.04638872577803876,79.1,18.4,28.4,True,
2026-07,CR01129,all,,,,,,90.0,76.6,18.0,False,The Pulse
2026-08,CR01129,all,,,,,,75.8,82.2,20.1,True,The Lens
2026-09,CR01129,all,,,,,,65.0,78.4,9.1,True,The Lens
2026-07,CR01129,instagram,15026.0,micro,,0.108439067571555,,,60.6,,False,
2026-08,CR01129,instagram,15810.0,micro,0.638393421884883,0.1489825581395348,0.0182341650671785,57.8,75.9,5.1,True,
2026-09,CR01129,instagram,16180.0,micro,0.5326328800988875,0.13703443429374562,0.05346820809248555,44.2,71.4,14.6,True,
2026-07,CR01129,tiktok,69076.0,micro,7.945234234755921,0.1882611986513452,0.0718815279021187,90.0,92.5,18.0,True,
2026-08,CR01129,tiktok,70360.0,micro,9.849502558271745,0.1787569107053107,0.0967848092934478,93.9,88.4,35.1,True,
2026-09,CR01129,tiktok,74380.0,micro,6.89095186878193,0.17152307449992124,0.022941865001950838,85.8,85.5,3.6,True,
2026-07,CR01130,all,,,,,,73.9,51.1,48.0,True,The Pulse
2026-08,CR01130,all,,,,,,71.3,10.7,52.8,False,The Pulse
2026-09,CR01130,all,,,,,,,,,False,
2026-07,CR01130,tiktok,236300.0,mid,13.206022005924671,0.0823066001007649,0.1647431251623843,97.5,50.6,57.8,True,
2026-08,CR01130,tiktok,,,,,0.2302939054609328,,,76.8,False,
2026-09,CR01130,tiktok,,,,,,,,,False,
2026-07,CR01130,youtube,78457.0,micro,1.227003326663013,0.0969631721708006,0.0688547984302533,50.3,51.6,38.1,True,
2026-08,CR01130,youtube,78212.0,micro,1.809517721065821,0.0030265722786498,0.0438152011922503,71.3,10.7,28.7,True,
2026-09,CR01130,youtube,,,,,,,,,False,
2026-07,CR01132,all,,,,,,63.4,26.4,9.8,True,The Pulse
2026-08,CR01132,all,,,,,,83.2,16.2,43.8,True,The Pulse
2026-09,CR01132,all,,,,,,82.4,18.8,22.0,True,The Pulse
2026-07,CR01132,instagram,50600.0,micro,1.7450197628458497,0.0860699720970165,0.053639846743295,93.3,50.7,15.1,True,
2026-08,CR01132,instagram,51170.0,micro,2.277017783857729,0.0535309862054766,0.1078147612156295,96.6,30.6,38.9,True,
2026-09,CR01132,instagram,51930.0,micro,1.9946081263238975,0.06895841910251133,0.04792332268370607,93.6,36.9,12.4,True,
2026-07,CR01132,tiktok,65760.0,micro,2.285948905109489,-0.0773116318226462,0.0273549273205905,33.5,2.2,4.6,True,
2026-08,CR01132,tiktok,63110.0,micro,4.580922199334496,-0.1079858657243816,0.1280342165194689,69.7,1.8,48.6,True,
2026-09,CR01132,tiktok,60738,micro,4.829727682834469,-0.1541257572592438,0.0979676915059927,71.2,0.8,31.6,True,
2026-07,CR01133,all,,,,,,95.0,10.3,84.9,True,The Pulse
2026-08,CR01133,all,,,,,,99.2,5.0,97.7,True,The Pulse
2026-09,CR01133,all,,,,,,87.6,12.3,95.0,True,The Hub
2026-07,CR01133,instagram,663060.0,mid,1.9215334962145203,-0.0114559354984912,0.2642235609103079,95.0,10.3,84.9,True,
2026-08,CR01133,instagram,655880.0,mid,3.390562297981338,-0.0423292011622643,0.3987068742564527,99.2,5.0,97.7,True,
2026-09,CR01133,instagram,655120.0,mid,1.461773415557455,-0.002618598136532489,0.3431321168230978,87.6,12.3,95.0,True,
2026-07,CR01134,all,,,,,,68.7,67.1,38.6,True,The Pulse
2026-08,CR01134,all,,,,,,63.0,53.3,68.6,False,The Hub
2026-09,CR01134,all,,,,,,27.2,55.0,51.4,False,The Lens
2026-07,CR01134,instagram,79760.0,micro,2.154864593781344,0.134889015367103,0.0310459388246076,97.0,74.8,6.8,True,
2026-08,CR01134,instagram,82830.0,micro,0.9594349873234336,0.1181155507559395,,77.7,62.5,,False,
2026-09,CR01134,instagram,,,,,,,,,False,
2026-07,CR01134,tiktok,399130.0,mid,4.053759426753188,0.1075253898662522,0.0852913331612014,64.6,67.3,23.7,True,
2026-08,CR01134,tiktok,418030.0,mid,4.9494462119943545,0.1092153793085148,0.1355638496400959,72.1,66.9,51.0,True,
2026-09,CR01134,tiktok,,,,,,,,,False,
2026-07,CR01134,youtube,15990.0,micro,1.1221388367729832,0.1123478260869565,0.195869420386409,44.6,59.2,85.4,True,
2026-08,CR01134,youtube,16350.0,micro,1.014434250764526,0.0548387096774193,0.2044415414761593,39.2,30.5,86.2,True,
2026-09,CR01134,youtube,16785,micro,0.8160857908847186,0.10268033109972409,0.09408926417370325,27.2,55.0,51.4,True,
2026-07,CR01136,all,,,,,,38.2,30.3,66.2,False,The Hub
2026-08,CR01136,all,,,,,,51.4,48.9,68.4,False,The Hub
2026-09,CR01136,all,,,,,,57.3,36.5,74.3,True,The Hub
2026-07,CR01136,instagram,129510.0,mid,0.4685120840089568,0.0125087952466578,0.250381679389313,33.0,15.1,80.2,True,
2026-08,CR01136,instagram,127280.0,mid,0.5647391577624136,0.1029462738301559,0.175215845606907,50.3,60.0,66.4,True,
2026-09,CR01136,instagram,131100.0,mid,0.5163768115942029,0.04905177242538209,0.21626199887069453,42.7,31.9,75.1,True,
2026-07,CR01136,tiktok,43860.0,micro,2.5197446420428635,0.0576320231492645,0.1457454963587581,39.3,32.6,52.3,True,
2026-08,CR01136,tiktok,44570.0,micro,3.5614538927529726,0.0372352804282057,,57.4,25.1,,False,
2026-09,CR01136,tiktok,46260.0,micro,3.711543450064851,0.016479894528675015,0.22490092470277412,58.4,16.2,76.9,True,
2026-07,CR01136,youtube,639810.0,mid,1.0949203669839485,0.0720138062764941,,42.4,43.2,,False,
2026-08,CR01136,youtube,671365.0,mid,1.1663268117938823,0.105156679023645,0.1369859205826349,46.4,61.5,70.3,True,
2026-09,CR01136,youtube,677730,mid,1.9098254467118174,0.10527088293812584,0.15053936935275677,70.9,61.4,71.0,True,
2026-07,CR01138,all,,,,,,12.5,15.4,48.0,False,The Hub
2026-08,CR01138,all,,,,,,9.3,57.8,81.4,False,The Hub
2026-09,CR01138,all,,,,,,7.9,35.9,77.8,False,The Hub
2026-07,CR01138,instagram,,,,,,,,,False,
2026-08,CR01138,instagram,,,,,,,,,False,
2026-09,CR01138,instagram,17615,micro,0.2085154697700823,0.12505588554640096,0.1935483870967742,9.0,64.3,68.5,True,
2026-07,CR01138,tiktok,2450.0,nano,1.0040816326530613,-0.0020032051282051,,6.1,3.5,,False,
2026-08,CR01138,tiktok,2440.0,nano,0.4368852459016393,,0.3055555555555556,1.0,,89.4,False,
2026-09,CR01138,tiktok,2417,nano,1.1514273893256102,-0.025403225806451612,0.2772727272727273,7.4,4.2,87.0,True,
2026-07,CR01138,youtube,141809.0,mid,0.663801310213033,0.0345207438155197,0.0874265569917743,18.9,27.2,48.0,True,
2026-08,CR01138,youtube,147996.0,mid,0.5874347955350144,0.099377497808614,0.1498553121124431,17.6,57.8,73.3,True,
2026-09,CR01138,youtube,150280.0,mid,0.39592094756454616,0.059877283306298046,,7.4,39.2,,False,
2026-09,CR01139,all,,,,,,7.5,,20.6,False,The Hub
2026-09,CR01139,instagram,66200.0,micro,0.19356495468277946,,0.06976744186046512,7.5,,20.6,False,
2026-07,CR01140,all,,,,,,55.2,80.1,,False,The Lens
2026-08,CR01140,all,,,,,,24.4,91.7,26.3,True,The Lens
2026-09,CR01140,all,,,,,,,,,False,
2026-07,CR01140,tiktok,114800.0,mid,3.30359756097561,0.1340511706016003,,55.2,80.1,,False,
2026-08,CR01140,tiktok,116900.0,mid,1.8311976047904197,0.1664338455398124,0.0806845965770171,24.4,91.7,26.3,True,
2026-09,CR01140,tiktok,,,,,,,,,False,
2026-07,CR01143,all,,,,,,25.1,37.9,27.3,False,The Lens
2026-08,CR01143,all,,,,,,16.9,33.8,35.6,False,The Hub
2026-09,CR01143,all,,,,,,46.1,51.8,32.6,True,The Lens
2026-07,CR01143,instagram,,,,,,,,,False,
2026-08,CR01143,instagram,2350.0,nano,,,0.0566801619433198,,,18.2,False,
2026-09,CR01143,instagram,2449,nano,0.8640261331155573,0.16011369019422075,0.08484848484848485,68.4,79.6,29.0,True,
2026-07,CR01143,youtube,55484.0,micro,0.7868574724244828,0.0732330070795775,0.0453020134228187,25.1,37.9,27.3,True,
2026-08,CR01143,youtube,57230.0,micro,0.5773894810414119,0.0625696249535833,0.0871913580246913,16.9,33.8,53.0,True,
2026-09,CR01143,youtube,57198,micro,0.7482079792999755,0.03582035494386092,0.06074461136512083,23.8,24.1,36.2,True,
2026-07,CR01144,all,,,,,,57.3,39.2,28.5,True,The Pulse
2026-08,CR01144,all,,,,,,65.8,56.5,56.2,True,The Pulse
2026-09,CR01144,all,,,,,,80.8,45.7,46.6,False,The Pulse
2026-07,CR01144,instagram,71172.0,micro,1.1126566627325352,0.0875252123953303,,81.4,51.8,,True,
2026-08,CR01144,instagram,74040.0,micro,0.8941112911939492,0.1733755942947702,,74.5,84.9,,True,
2026-09,CR01144,instagram,76469,micro,0.9047849455334842,0.16907200733832747,,71.6,84.5,,True,
2026-07,CR01144,tiktok,226483.0,mid,4.288410167650552,0.0907221459702858,0.0840362509317745,68.5,57.7,23.3,True,
2026-08,CR01144,tiktok,233135.0,mid,7.956874772127737,0.1418894429043033,0.0902296535052377,89.6,82.2,32.9,True,
2026-09,CR01144,tiktok,238870.0,mid,7.759203750994264,0.07063780198108556,0.12422616591002889,90.1,43.7,46.6,True,
2026-07,CR01144,youtube,897130.0,mid,0.7285688807642148,-0.0387446560018858,0.0603929024081115,22.1,8.0,33.7,True,
2026-08,CR01144,youtube,880980.0,mid,0.8768746169039024,-0.0673907520325203,0.1722506436620189,33.3,2.5,79.4,True,
2026-09,CR01144,youtube,849457,mid,,-0.020541421837670305,,,9.0,,False,
2026-07,CR01145,all,,,,,,46.7,41.8,46.1,True,The Pulse
2026-08,CR01145,all,,,,,,49.4,42.0,72.8,False,The Hub
2026-09,CR01145,all,,,,,,42.5,52.3,63.6,False,The Hub
2026-07,CR01145,instagram,5325.0,nano,0.2831924882629108,0.1327377153797064,0.0641025641025641,16.4,66.1,20.2,True,
2026-08,CR01145,instagram,5541.0,nano,0.3817000541418516,0.0905333595748868,0.1923076923076923,26.7,42.3,70.4,True,
2026-09,CR01145,instagram,5920.0,nano,0.3525337837837838,0.1746031746031746,0.10317460317460317,25.0,88.9,36.2,True,
2026-07,CR01145,tiktok,39159.0,micro,3.9965780535764446,0.0979364100263556,0.0810051380860629,63.4,56.6,22.4,True,
2026-08,CR01145,tiktok,39990.0,micro,2.7277319329832457,0.1474892395982783,,42.6,80.0,,False,
2026-09,CR01145,tiktok,41410.0,micro,2.5732673267326733,0.10485592315901815,,39.5,57.7,,False,
2026-07,CR01145,youtube,17455.0,micro,1.4618733887138355,-0.0563844739971888,0.3075435203094777,60.2,2.6,95.8,True,
2026-08,CR01145,youtube,16850.0,micro,2.1478338278931752,-0.03824200913242,0.1561461794019933,78.8,3.6,75.1,True,
2026-09,CR01145,youtube,16711,micro,1.6138471665370115,-0.0031020700351965637,0.24236641221374045,63.1,10.3,91.0,True,
2026-07,CR01146,all,,,,,,19.1,48.2,65.2,True,The Hub
2026-08,CR01146,all,,,,,,26.5,92.9,80.3,False,The Lens
2026-09,CR01146,all,,,,,,22.0,44.8,35.8,True,The Lens
2026-07,CR01146,instagram,314410.0,mid,0.3928055723418466,0.148152205667543,0.2615432775082172,25.9,78.8,83.9,True,
2026-08,CR01146,instagram,344680.0,mid,0.3875478704885691,0.1893309409613194,0.2005026528902541,28.0,92.9,73.4,True,
2026-09,CR01146,instagram,368806,mid,0.4441061154102699,0.15702391185679238,0.04594330400782014,36.3,82.6,11.9,True,
2026-07,CR01146,tiktok,30605.0,micro,1.4013069759843162,0.0250184205238127,0.1339009287925696,12.3,17.6,46.6,True,
2026-08,CR01146,tiktok,30250.0,micro,1.8426776859504133,,0.2897395002658161,25.0,,87.2,False,
2026-09,CR01146,tiktok,29950,micro,1.1658430717863104,-0.025952907506179262,0.15811088295687886,7.6,7.1,59.8,True,
2026-07,CR01147,all,,,,,,12.1,45.9,47.4,False,The Hub
2026-08,CR01147,all,,,,,,34.3,44.5,57.0,True,The Hub
2026-09,CR01147,all,,,,,,26.1,26.8,39.4,False,The Hub
2026-07,CR01147,instagram,141360.0,mid,0.2457838143746463,0.0448665828960011,0.3026941362916006,12.1,28.8,90.7,True,
2026-08,CR01147,instagram,140009.0,mid,0.4064738695369583,0.0852233090982374,0.3306655433866891,30.1,51.4,93.7,True,
2026-09,CR01147,instagram,142310.0,mid,0.21312627362799522,0.0518885357380442,0.36016260162601627,9.6,32.6,97.2,True,
2026-07,CR01147,tiktok,3410.0,nano,1.426392961876833,0.1923076923076923,,13.7,82.5,,False,
2026-08,CR01147,tiktok,3680.0,nano,2.101358695652174,0.1323076923076923,0.0640113798008534,29.5,60.4,17.4,True,
2026-09,CR01147,tiktok,3750.0,nano,,,0.0547945205479452,,,15.5,False,
2026-07,CR01147,youtube,227036.0,mid,0.5077873112634119,0.0342760304675826,0.0037546933667083,10.4,26.5,4.1,True,
2026-08,CR01147,youtube,230133.0,mid,1.1279564425788566,0.0299082568807339,0.1012829169480081,43.4,21.7,59.9,True,
2026-09,CR01147,youtube,231810.0,mid,1.0738492731116,0.018676393039198453,0.007097497198356369,42.6,21.1,5.5,True,
2026-07,CR01148,all,,,,,,31.0,27.5,100.0,False,The Hub
2026-08,CR01148,all,,,,,,16.6,17.5,89.2,False,The Hub
2026-09,CR01148,all,,,,,,3.4,23.0,57.6,False,The Hub
2026-07,CR01148,instagram,108030.0,mid,0.9457928353235212,,,74.1,,,False,
2026-08,CR01148,instagram,113540.0,mid,0.3509512066232165,0.0549742912401528,,24.2,31.4,,False,
2026-09,CR01148,instagram,,,,,,,,,False,
2026-07,CR01148,tiktok,58596.0,micro,1.6074988053792068,-0.0796632531255889,,17.2,1.9,,False,
2026-08,CR01148,tiktok,59920.0,micro,1.849349132176235,-0.0829507193143556,0.2373213236733894,25.1,2.5,78.4,True,
2026-09,CR01148,tiktok,57036,micro,1.043919629707553,-0.03387763398604241,0.054786273329319686,6.3,6.2,15.3,True,
2026-07,CR01148,youtube,153441.0,mid,0.2959769553118136,0.0857391525855481,0.5045592705167173,1.7,53.1,100.0,True,
2026-08,CR01148,youtube,156480.0,mid,0.1959036298568507,0.0155763239875389,0.5606060606060606,0.5,18.6,100.0,True,
2026-09,CR01148,youtube,166080,mid,0.18064185934489402,0.05998812874566795,0.491,0.4,39.8,99.8,True,
2026-08,CR01149,all,,,,,,,,99.1,False,The Hub
2026-08,CR01149,tiktok,,,,,0.4784924211388775,,,99.1,False,
2026-07,CR01151,all,,,,,,83.9,66.2,46.4,True,The Pulse
2026-08,CR01151,all,,,,,,71.6,79.7,,False,The Lens
2026-07,CR01151,instagram,68740.0,micro,1.091256910096014,0.1276246719160105,0.0931119587166255,80.6,70.8,32.0,True,
2026-08,CR01151,instagram,73175.0,micro,0.8523812777587974,0.1630217107981817,,71.6,79.7,,False,
2026-07,CR01151,youtube,1122966.0,macro,2.908950938853002,0.0633946326774114,0.1121963669362026,87.2,61.5,60.7,True,
2026-08,CR01151,youtube,,,,,,,,,False,
2026-07,CR01152,all,,,,,,58.1,,,False,The Pulse
2026-08,CR01152,all,,,,,,61.3,10.5,,False,The Pulse
2026-09,CR01152,all,,,,,,66.0,8.7,,False,The Pulse
2026-07,CR01152,tiktok,37180.0,micro,3.458445400753093,,,58.1,,,False,
2026-08,CR01152,tiktok,37478.0,micro,3.851806393083943,-0.013295421635995,,61.3,10.5,,False,
2026-09,CR01152,tiktok,36303,micro,4.310745668402061,-0.016844955991875424,,66.0,8.7,,False,
2026-07,CR01156,all,,,,,,50.2,77.8,43.3,False,The Lens
2026-08,CR01156,all,,,,,,38.8,63.4,40.1,True,The Lens
2026-09,CR01156,all,,,,,,50.3,68.5,57.3,False,The Lens
2026-07,CR01156,instagram,1220030.0,macro,0.4438513807037532,0.1851625186998504,0.1953945293136857,31.1,100.0,69.0,True,
2026-08,CR01156,instagram,1330960.0,macro,0.4433656909298551,0.1691599539700805,0.253379165695642,33.6,94.1,82.5,True,
2026-09,CR01156,instagram,1379050.0,macro,0.49996519343025997,0.2225945725506884,,40.8,93.8,,False,
2026-07,CR01156,tiktok,,,,,,,,,False,
2026-08,CR01156,tiktok,24010.0,micro,2.294793835901708,0.1341521020311762,0.0755813953488372,32.8,74.9,22.5,True,
2026-09,CR01156,tiktok,24650,micro,3.7251926977687626,0.1355260733370186,0.1524569508609828,58.6,72.6,58.0,True,
2026-07,CR01156,youtube,19912.0,micro,1.726446364001607,0.1041366308084728,0.0296627387240958,69.4,55.6,17.6,True,
2026-08,CR01156,youtube,38513.0,micro,1.2500714044608314,0.0325477894849727,0.0225334957369062,50.1,21.1,15.4,True,
2026-09,CR01156,youtube,37454,micro,1.268649543439953,0.0719212386594545,0.10237923576063446,51.5,39.0,56.6,True,
2026-07,CR01160,all,,,,,,87.2,32.9,35.0,False,The Pulse
2026-08,CR01160,all,,,,,,,,15.9,False,The Hub
2026-09,CR01160,all,,,,,,57.4,24.5,54.2,True,The Pulse
2026-07,CR01160,instagram,671200.0,mid,,-0.1283456488708232,0.1091035441278665,,1.4,39.5,False,
2026-08,CR01160,instagram,,,,,,,,,False,
2026-09,CR01160,instagram,621980.0,mid,0.4070291649249172,-0.11818413814614229,0.2949609823967092,30.1,1.4,90.3,True,
2026-07,CR01160,tiktok,31790.0,micro,7.743063856558666,0.0540450928381962,0.1290904124556132,89.6,29.6,44.7,False,
2026-08,CR01160,tiktok,,,,,,,,,False,
2026-09,CR01160,tiktok,31320.0,micro,8.150670498084292,0.0022776819705202875,0.1192788538927939,91.1,12.0,41.7,True,
2026-07,CR01160,youtube,5812.0,nano,2.689091534755678,0.1402785952521091,0.0359435173299101,84.9,67.8,20.8,True,
2026-08,CR01160,youtube,,,,,0.0245700245700245,,,15.9,False,
2026-09,CR01160,youtube,6131,nano,1.258359158375469,0.12454145267791636,0.04912280701754386,51.1,60.0,30.7,True,
2026-07,CR01161,all,,,,,,83.2,79.1,,False,The Pulse
2026-08,CR01161,all,,,,,,80.1,74.0,84.8,True,The Hub
2026-09,CR01161,all,,,,,,86.9,72.7,83.0,True,The Pulse
2026-07,CR01161,youtube,30640.0,micro,2.464686684073107,0.1475225646979513,,83.2,79.1,,False,
2026-08,CR01161,youtube,33001.0,micro,2.2213569285779218,0.1432481119656343,0.1975870703391759,80.1,74.0,84.8,True,
2026-09,CR01161,youtube,34113,micro,2.795327294579779,0.1400260669050563,0.20304232804232805,86.9,72.7,83.0,True,
2026-07,CR01165,all,,,,,,84.1,82.4,69.5,False,The Pulse
2026-08,CR01165,all,,,,,,49.3,43.8,59.1,True,The Hub
2026-09,CR01165,all,,,,,,36.2,74.8,61.8,True,The Lens
2026-07,CR01165,instagram,,,,,,,,,False,
2026-08,CR01165,instagram,24490.0,micro,0.1913842384646794,0.1006741573033707,0.1298701298701298,8.1,52.9,47.8,True,
2026-09,CR01165,instagram,24599,micro,0.21630960608154803,0.10151352319541465,0.0821917808219178,9.8,54.8,27.9,True,
2026-07,CR01165,youtube,11451.0,micro,2.516286787180159,0.1523598671631277,0.1315417256011315,84.1,82.4,69.5,True,
2026-08,CR01165,youtube,11749.0,micro,3.22461486083922,0.0639319025627094,0.138255033557047,90.5,34.7,70.4,True,
2026-09,CR01165,youtube,12490,micro,1.6027221777421938,0.208514755684567,0.29860365198711064,62.5,94.7,95.6,True,
2026-07,CR01168,all,,,,,,55.0,63.0,36.4,True,The Lens
2026-08,CR01168,all,,,,,,50.9,66.4,43.5,True,The Lens
2026-09,CR01168,all,,,,,,60.9,66.0,60.4,False,The Lens
2026-07,CR01168,instagram,17788.0,micro,2.067292556779852,0.1078724464374688,0.2150297619047619,95.9,59.9,74.6,True,
2026-08,CR01168,instagram,18230.0,micro,1.6815139879319805,0.1641123882503193,0.368968779564806,91.9,80.1,95.8,True,
2026-09,CR01168,instagram,19740.0,micro,0.8335866261398176,0.13644214162348878,0.2881002087682672,66.5,71.0,88.4,False,
2026-07,CR01168,tiktok,47202.0,micro,1.357336553535867,0.1392643367445452,0.0614325068870523,11.5,77.9,13.2,True,
2026-08,CR01168,tiktok,50490.0,micro,1.3453159041394336,0.0788461538461538,0.0582010582010582,12.2,46.9,15.2,True,
2026-09,CR01168,tiktok,,,,,,,,,False,
2026-07,CR01168,youtube,15698.0,micro,1.3920881640973373,0.0964587553258364,0.0371702637889688,57.6,51.3,21.3,True,
2026-08,CR01168,youtube,16070.0,micro,1.2248911014312382,0.1413352272727272,0.0293609671848013,48.7,72.1,19.4,True,
2026-09,CR01168,youtube,16529,micro,1.3925222336499485,0.11471540329107095,0.0518796992481203,55.3,61.0,32.4,True,
2026-07,CR01172,all,,,,,,38.8,33.8,93.2,False,The Hub
2026-08,CR01172,all,,,,,,31.8,41.5,67.7,False,The Hub
2026-09,CR01172,all,,,,,,12.9,34.0,97.1,False,The Hub
2026-07,CR01172,instagram,5302.0,nano,1.2206714447378348,0.1206932995138448,0.2818532818532818,84.2,58.1,87.8,True,
2026-08,CR01172,instagram,5620.0,nano,0.946085409252669,,0.1804878048780487,76.9,,68.1,False,
2026-09,CR01172,instagram,,,,,,,,,False,
2026-07,CR01172,tiktok,7490.0,nano,0.9875834445927903,0.0441218741017533,,5.5,8.8,,False,
2026-08,CR01172,tiktok,7460.0,nano,1.1601876675603218,0.0780346820809248,0.0976744186046511,9.0,22.6,36.2,True,
2026-09,CR01172,tiktok,,,,,,,,,False,
2026-07,CR01172,youtube,9839.0,nano,0.8029271267405224,0.0794295117937465,0.403921568627451,26.8,34.4,98.6,True,
2026-08,CR01172,youtube,10074.0,micro,0.4289259479849116,0.1147504702888126,0.3970588235294117,9.5,60.4,98.9,True,
2026-09,CR01172,youtube,10262,micro,0.539465991034886,0.057502061005770815,0.3146853146853147,12.9,34.0,97.1,True,
2026-07,CR01174,all,,,,,,43.0,42.8,2.5,False,The Pulse
2026-08,CR01174,all,,,,,,41.7,48.8,54.5,True,The Hub
2026-09,CR01174,all,,,,,,29.0,71.4,16.0,True,The Lens
2026-07,CR01174,tiktok,13560.0,micro,3.576991150442478,0.0618637431480031,,59.1,34.5,,False,
2026-08,CR01174,tiktok,14480.0,micro,2.4169198895027626,0.0781831720029784,0.253797158255757,35.8,45.5,82.3,True,
2026-09,CR01174,tiktok,14550.0,micro,2.3332646048109966,0.12009237875288684,0.07828857532999545,33.6,63.9,24.1,True,
2026-07,CR01174,youtube,103307.0,mid,0.8054439679789366,0.0844513027230165,0.0018652849740932,27.0,51.2,2.5,True,
2026-08,CR01174,youtube,103920.0,mid,1.1999037721324095,0.0887375589313776,0.0413389602915787,47.6,52.2,26.7,True,
2026-09,CR01174,youtube,109653,mid,0.7530664915688581,0.1446630826243541,0.012120305252132276,24.3,78.9,8.0,True,
2026-07,CR01175,all,,,,,,39.8,53.0,59.8,False,The Hub
2026-08,CR01175,all,,,,,,36.1,55.3,43.9,True,The Lens
2026-09,CR01175,all,,,,,,40.6,45.0,34.8,True,The Lens
2026-07,CR01175,instagram,17414.0,micro,,0.0443804725920594,,,26.3,,False,
2026-08,CR01175,instagram,17498.0,micro,0.7018516401874499,0.1083101089435013,0.0925058548009367,61.4,56.7,33.1,True,
2026-09,CR01175,instagram,17970.0,micro,0.7755703951029493,0.02979942693409742,0.03720577069096431,63.5,17.5,8.3,True,
2026-07,CR01175,tiktok,15950.0,micro,5.0929780564263325,0.2549173878835563,0.0772192513368984,75.0,99.3,20.5,True,
2026-08,CR01175,tiktok,17080.0,micro,2.93384074941452,0.199438202247191,0.011994669035984,45.2,93.8,1.3,True,
2026-09,CR01175,tiktok,18340.0,micro,3.6113413304253,0.24170616113744076,0.005818786367414797,56.7,97.5,1.0,True,
2026-07,CR01175,youtube,185865.0,mid,0.3413875662443171,0.0518794779793772,0.4102880658436214,4.5,33.3,99.1,True,
2026-08,CR01175,youtube,190350.0,mid,0.2428894142369319,0.0132545512615777,0.3184855233853007,1.6,15.5,97.3,True,
2026-09,CR01175,youtube,179929,mid,0.22056477832922985,0.014587632935232488,0.28823750469748216,1.5,19.9,95.2,True,
2026-07,CR01178,all,,,,,,10.2,45.7,57.3,True,The Hub
2026-08,CR01178,all,,,,,,16.1,21.8,,False,The Lens
2026-09,CR01178,all,,,,,,27.5,26.1,72.8,True,The Hub
2026-07,CR01178,tiktok,16130.0,micro,1.2836329820210788,0.0789297658862876,0.1619644723092999,10.2,45.7,57.3,True,
2026-08,CR01178,tiktok,16630.0,micro,1.4794347564642212,0.0309981401115933,,16.1,21.8,,False,
2026-09,CR01178,tiktok,16905,micro,2.0569653948535938,0.04480840543881335,0.2045889101338432,27.5,26.1,72.8,True,
2026-07,CR01179,all,,,,,,9.5,56.5,44.8,False,The Lens
2026-08,CR01179,all,,,,,,44.8,71.5,12.0,False,The Lens
2026-09,CR01179,all,,,,,,13.9,41.5,38.1,False,The Lens
2026-07,CR01179,instagram,,,,,,,,,False,
2026-08,CR01179,instagram,98760.0,micro,0.5254151478331308,0.1337389507519228,,44.8,71.5,,False,
2026-09,CR01179,instagram,,,,,,,,,False,
2026-07,CR01179,youtube,25085.0,micro,0.4954753836954355,0.1063820403122657,0.0817174515235457,9.5,56.5,44.8,True,
2026-08,CR01179,youtube,,,,,0.0183615819209039,,,12.0,False,
2026-09,CR01179,youtube,27508,micro,0.5609277301148756,0.07537138389366693,0.06466729147141519,13.9,41.5,38.1,True,
2026-07,CR01181,all,,,,,,18.2,87.6,87.8,False,The Hub
2026-08,CR01181,all,,,,,,61.4,56.9,68.4,True,The Hub
2026-09,CR01181,all,,,,,,56.9,60.8,67.8,True,The Hub
2026-07,CR01181,instagram,,,,,,,,,False,
2026-08,CR01181,instagram,24264.0,micro,0.7401912298054731,0.2122907819135648,0.0846560846560846,64.8,93.5,28.7,True,
2026-09,CR01181,instagram,26230.0,micro,0.706481128478841,0.18741511996378452,0.09108341323106424,59.0,89.3,31.8,True,
2026-07,CR01181,tiktok,,,,,,,,,False,
2026-08,CR01181,tiktok,125700.0,mid,8.30011137629276,0.0145278450363196,0.2526462516879383,90.4,18.5,82.1,True,
2026-09,CR01181,tiktok,126981,mid,7.613721737897796,-0.002975816582914573,0.20552875640317209,89.6,9.9,73.3,True,
2026-07,CR01181,youtube,43734.0,micro,0.658618008871816,0.1815210049979738,0.2116944088775074,18.2,87.6,87.8,True,
2026-08,CR01181,youtube,45940.0,micro,0.8073791902481497,0.1115412533268812,0.2726506531816266,29.1,58.8,94.4,True,
2026-09,CR01181,youtube,48167,micro,0.7265347644652979,0.16460746149568414,0.39184952978056425,22.2,83.3,98.3,True,
2026-07,CR01184,all,,,,,,94.6,25.0,20.0,False,The Pulse
2026-08,CR01184,all,,,,,,63.9,41.0,24.5,False,The Pulse
2026-09,CR01184,all,,,,,,68.0,37.0,35.6,True,The Pulse
2026-07,CR01184,instagram,,,,,,,,,False,
2026-08,CR01184,instagram,78770.0,micro,0.1744318903135711,0.0969224342013647,,7.4,49.8,,True,
2026-09,CR01184,instagram,80067,micro,0.20229307954588033,0.02920496175846777,,8.1,17.1,,True,
2026-07,CR01184,tiktok,161006.0,mid,8.447529905717799,0.0784275638492401,0.0143115421658246,91.2,47.4,1.6,True,
2026-08,CR01184,tiktok,169140.0,mid,7.220799337826652,0.121766812574612,0.0763728137860082,87.4,72.0,23.4,False,
2026-09,CR01184,tiktok,170160.0,mid,10.022090973201692,0.17986409651920676,0.032518842000843755,96.2,92.7,7.3,True,
2026-07,CR01184,youtube,159991.0,mid,5.212505703445819,-0.0875176803394625,0.0700790058200016,97.9,2.5,38.3,True,
2026-08,CR01184,youtube,152454.0,mid,4.621315281986698,-0.129311920317997,0.039208690136378,97.0,1.2,25.6,True,
2026-09,CR01184,youtube,151716,mid,7.985446492130032,-0.12566706238978342,0.12259471775706128,99.6,1.2,64.0,True,
2026-09,CR01185,all,,,,,,,,,False,
2026-09,CR01185,tiktok,,,,,,,,,False,
2026-07,CR01187,all,,,,,,46.8,25.9,77.8,False,The Hub
2026-08,CR01187,all,,,,,,45.4,43.2,44.6,False,The Pulse
2026-09,CR01187,all,,,,,,45.4,31.7,39.6,False,The Pulse
2026-07,CR01187,instagram,10517.0,micro,1.0458305600456403,0.0520156046814044,0.2656072644721907,79.5,31.8,85.1,True,
2026-08,CR01187,instagram,10563.0,micro,1.068257123923128,,0.0965391621129326,80.3,,35.2,False,
2026-09,CR01187,instagram,10826,micro,0.891280251246998,0.017194400075166778,0.03851444291609354,70.1,12.7,9.1,False,
2026-07,CR01187,tiktok,28790.0,micro,2.7369225425494963,0.0039289974040552,,43.8,11.2,,False,
2026-08,CR01187,tiktok,28430.0,micro,2.7087583538515654,0.041773543422499,0.0412048877522023,42.2,26.9,8.8,True,
2026-09,CR01187,tiktok,28710.0,micro,2.4922326715430163,,0.06323319027181688,38.5,,19.7,False,
2026-07,CR01187,youtube,44142.0,micro,0.640319876761361,0.0662833953331078,0.1334560515416475,17.0,34.6,70.4,True,
2026-08,CR01187,youtube,44651.0,micro,0.5154867752122013,0.1133524498192245,0.2242072353729343,13.8,59.4,89.8,True,
2026-09,CR01187,youtube,46715,micro,0.8236540725676977,0.09032700663160302,0.2351111111111111,27.6,50.7,89.9,True,
2026-07,CR01189,all,,,,,,33.3,20.8,40.3,True,The Hub
2026-08,CR01189,all,,,,,,44.7,32.5,18.1,True,The Pulse
2026-09,CR01189,all,,,,,,52.1,59.0,15.4,False,The Lens
2026-07,CR01189,instagram,1140.0,nano,0.15,-0.0464527027027027,0.0,4.3,1.6,0.9,True,
2026-08,CR01189,instagram,1100.0,nano,0.2363636363636363,0.0635673624288425,0.0,11.3,29.6,1.3,True,
2026-09,CR01189,instagram,1120.0,nano,,,,,,,False,
2026-07,CR01189,youtube,196495.0,mid,1.5132293442581235,0.067420308120206,0.1664112779650628,62.3,40.1,79.7,True,
2026-08,CR01189,youtube,192880.0,mid,2.100616963915388,0.0542655997201451,0.0554470183272862,78.1,35.4,34.9,True,
2026-09,CR01189,youtube,201272,mid,1.2807494336022895,0.10362222685251186,0.025358324145534728,52.1,59.0,15.4,True,
2026-07,CR01190,all,,,,,,43.7,16.2,69.4,False,The Hub
2026-09,CR01190,all,,,,,,40.0,12.2,73.7,False,The Hub
2026-07,CR01190,instagram,4286.0,nano,1.0013999066728885,-0.0333784393324312,0.149746192893401,77.5,3.2,53.2,True,
2026-09,CR01190,instagram,4258,nano,0.796618130577736,0.010201660735468564,0.1322314049586777,64.5,13.0,48.6,True,
2026-07,CR01190,tiktok,11067.0,micro,2.8192825517303697,0.0537992763283184,,45.4,29.2,,False,
2026-09,CR01190,tiktok,11160.0,micro,3.1379032258064514,,0.2390745501285347,50.1,,80.3,False,
2026-07,CR01190,youtube,21229.0,micro,0.4386923547976824,,0.1985507246376811,8.1,,85.7,False,
2026-09,CR01190,youtube,21273,micro,0.32929065011987024,0.0025448890145624205,0.25,5.3,11.3,92.2,True,
2026-07,CR01191,all,,,,,,54.8,77.2,41.8,False,The Lens
2026-08,CR01191,all,,,,,,55.4,66.0,92.3,False,The Hub
2026-09,CR01191,all,,,,,,61.2,71.2,45.8,True,The Lens
2026-07,CR01191,instagram,330830.0,mid,0.2284768612278209,0.1825070593701969,,10.6,91.1,,False,
2026-08,CR01191,instagram,350990.0,mid,0.2317786831533662,0.1835379012678716,,11.0,90.0,,False,
2026-09,CR01191,instagram,372974,mid,0.2732469287403412,0.19879533562180995,0.10498995311453449,15.6,93.5,37.3,True,
2026-07,CR01191,tiktok,26450.0,micro,,0.1108777824443511,0.0381920903954802,,63.3,7.5,False,
2026-08,CR01191,tiktok,,,,,,,,,False,
2026-09,CR01191,tiktok,29110.0,micro,4.717004465819306,0.10516324981017464,0.10355177588794397,70.4,58.1,33.9,True,
2026-07,CR01191,youtube,21800.0,micro,6.153623853211009,,0.1508659525478025,99.1,,76.2,False,
2026-08,CR01191,youtube,22258.0,micro,9.11937280977626,0.0833252214542976,0.248128827398503,99.8,41.9,92.3,True,
2026-09,CR01191,youtube,23373,micro,5.460830873229795,0.11608251360901538,0.13294101912531764,97.7,62.1,66.3,True,
2026-07,CR01193,all,,,,,,47.4,62.8,33.0,True,The Lens
2026-08,CR01193,all,,,,,,49.9,54.8,34.8,True,The Lens
2026-07,CR01193,tiktok,8974.0,nano,1.3230443503454423,0.0892098555649957,0.1414538310412573,11.2,29.8,49.5,True,
2026-08,CR01193,tiktok,9139.0,nano,1.7933034248823725,0.0508221225710014,0.1642066420664206,23.6,15.1,60.0,True,
2026-07,CR01193,youtube,66913.0,micro,2.48610882788098,0.2189936602783647,0.0266894320632638,83.7,95.8,16.6,True,
2026-08,CR01193,youtube,74070.0,micro,1.9572836506007831,0.2196607936769306,0.0138392857142857,76.2,94.5,9.7,True,
2026-07,CR01194,all,,,,,,54.4,32.0,48.3,True,The Pulse
2026-08,CR01194,all,,,,,,93.7,77.5,35.7,False,The Pulse
2026-07,CR01194,instagram,213490.0,mid,0.7731088107171296,0.0043752352277004,0.1766818290639214,62.4,12.3,61.7,True,
2026-08,CR01194,instagram,,,,,,,,,False,
2026-07,CR01194,tiktok,391050.0,mid,1.2926352128883771,-0.0920805182141115,0.200272180517143,10.6,2.6,69.9,True,
2026-08,CR01194,tiktok,,,,,,,,,False,
2026-07,CR01194,youtube,2862.0,nano,3.171558350803634,0.1787479406919275,0.0209267563527653,90.1,81.1,13.4,True,
2026-08,CR01194,youtube,2980.0,nano,3.790604026845638,0.1669303797468354,0.057391304347826,93.7,77.5,35.7,True,
2026-09,CR01195,all,,,,,,40.4,71.6,41.4,True,The Lens
2026-09,CR01195,instagram,22348,micro,0.41887417218543044,0.12369267900241351,0.07124352331606218,32.9,63.5,21.8,True,
2026-09,CR01195,youtube,30904,micro,1.1798796272327208,0.1566301134024477,0.1151665485471297,47.9,79.8,61.1,True,
2026-07,CR01199,all,,,,,,82.4,17.2,50.7,True,The Pulse
2026-08,CR01199,all,,,,,,80.1,28.0,51.2,True,The Pulse
2026-09,CR01199,all,,,,,,74.1,29.3,51.8,True,The Pulse
2026-07,CR01199,instagram,30550.0,micro,1.23810147299509,-0.0252074026802807,0.0641323273360418,84.9,6.9,20.5,True,
2026-08,CR01199,instagram,31160.0,micro,1.3830551989730424,0.0133003804754316,0.1320043103448276,87.1,11.7,48.7,True,
2026-09,CR01199,instagram,30971,micro,1.119692615672726,0.0004522402041541493,0.11464968152866242,80.3,9.5,41.2,True,
2026-07,CR01199,tiktok,6390.0,nano,5.9815336463223785,0.0904436860068259,0.175,82.2,31.6,61.4,True,
2026-08,CR01199,tiktok,6970.0,nano,12.479196556671448,0.0789473684210526,0.0687077251690993,97.2,24.5,19.4,True,
2026-09,CR01199,tiktok,7310.0,nano,6.971956224350206,0.09104477611940298,0.08143800440205429,87.1,37.5,24.6,True,
2026-07,CR01199,youtube,222410.0,mid,2.3000314734049727,-0.0097065764281579,0.1331565341415582,80.1,13.0,70.2,True,
2026-08,CR01199,youtube,222676.0,mid,1.3998365337979846,0.0782349323791031,0.2013247691690084,56.1,47.8,85.5,True,
2026-09,CR01199,youtube,217983,mid,1.3878192336099604,0.06460403897340725,0.23060584606048345,54.9,41.0,89.7,True,
2026-07,CR01200,all,,,,,,41.6,91.4,51.2,False,The Lens
2026-08,CR01200,all,,,,,,46.8,63.5,31.2,False,The Lens
2026-09,CR01200,all,,,,,,53.2,77.8,64.8,False,The Lens
2026-07,CR01200,instagram,3110.0,nano,0.5183279742765273,,0.072289156626506,39.5,,24.1,False,
2026-08,CR01200,instagram,3207.0,nano,0.4583723105706268,0.0975359342915811,0.0888888888888888,36.3,47.9,31.2,True,
2026-09,CR01200,instagram,,,,,,,,,False,
2026-07,CR01200,tiktok,44060.0,micro,,0.1856835306781485,,,92.1,,False,
2026-08,CR01200,tiktok,46690.0,micro,5.550139216106232,0.0936987584914499,,76.8,54.5,,False,
2026-09,CR01200,tiktok,49012,micro,4.356708561168693,0.131185376661743,0.3231534090909091,67.4,70.1,94.3,True,
2026-07,CR01200,youtube,161046.0,mid,1.103982713013673,0.1742754019468445,0.1593373751174109,43.6,90.7,78.3,True,
2026-08,CR01200,youtube,173865.0,mid,0.7790239553676703,0.1714786241282889,,27.3,88.2,,False,
2026-09,CR01200,youtube,186250,mid,1.025744966442953,0.1761919797916009,0.05891652613827993,39.0,85.5,35.4,True,
2026-07,CR01201,all,,,,,,76.8,29.2,21.8,False,The Pulse
2026-08,CR01201,all,,,,,,74.7,30.8,56.8,True,The Pulse
2026-09,CR01201,all,,,,,,77.1,54.0,43.9,False,The Pulse
2026-07,CR01201,instagram,28870.0,micro,0.770973328714929,0.0939749905267146,0.0954063604240282,61.6,54.7,32.7,True,
2026-08,CR01201,instagram,29520.0,micro,0.8422425474254742,0.0833027522935779,0.1721311475409836,71.1,45.0,65.5,True,
2026-09,CR01201,instagram,,,,,,,,,False,
2026-07,CR01201,tiktok,199067.0,mid,8.761592830554537,-0.0620842049716364,0.0561998215878679,92.0,3.8,11.0,True,
2026-08,CR01201,tiktok,193090.0,mid,5.688751359469677,-0.0105052782617607,0.0684883401920438,78.0,9.6,19.2,True,
2026-09,CR01201,tiktok,187870.0,mid,5.6462926491723,0.020145525629887053,0.06150517694328543,79.7,16.6,18.7,True,
2026-07,CR01201,youtube,,,,,,,,,False,
2026-08,CR01201,youtube,74700.0,micro,1.9378045515394915,0.0731793061746797,0.2037888285276501,75.0,37.7,85.8,True,
2026-09,CR01201,youtube,77480,micro,2.015952503871967,0.18659642244547905,0.143265271825897,74.5,91.5,69.1,True,
2026-07,CR01204,all,,,,,,19.9,14.2,62.6,False,The Hub
2026-08,CR01204,all,,,,,,63.8,69.8,85.6,True,The Hub
2026-09,CR01204,all,,,,,,57.7,52.1,86.0,False,The Hub
2026-07,CR01204,instagram,15370.0,micro,0.3261548471047495,0.0125574470839536,0.2352941176470588,19.9,14.2,77.8,True,
2026-08,CR01204,instagram,15950.0,micro,0.4020689655172413,0.0992419021364576,0.2805429864253393,29.5,52.2,87.6,True,
2026-09,CR01204,instagram,16560.0,micro,0.3336352657004831,0.045454545454545456,,22.0,27.0,,False,
2026-07,CR01204,tiktok,,,,,0.1356203398508752,,,47.5,False,
2026-08,CR01204,tiktok,57158.0,micro,15.713618391126351,0.1762357492694571,0.2662217444534026,98.2,87.3,83.7,True,
2026-09,CR01204,tiktok,60850.0,micro,8.845341002465078,0.1453039713909279,0.2657806507634048,93.4,77.2,86.0,True,
2026-07,CR01205,all,,,,,,,,,False,
2026-08,CR01205,all,,,,,,48.4,39.9,,False,The Pulse
2026-09,CR01205,all,,,,,,63.0,15.5,,False,The Pulse
2026-07,CR01205,instagram,,,,,,,,,False,
2026-08,CR01205,instagram,27550.0,micro,0.5469328493647913,0.0728193146417445,,48.4,39.9,,False,
2026-09,CR01205,instagram,28356,micro,0.7709832134292566,0.025718936516549103,,63.0,15.5,,False,
2026-07,CR01207,all,,,,,,46.4,19.9,65.6,True,The Hub
2026-08,CR01207,all,,,,,,,,96.7,False,The Hub
2026-09,CR01207,all,,,,,,46.6,21.0,92.3,True,The Hub
2026-07,CR01207,instagram,124731.0,mid,0.5870793948577339,0.0312693780022984,0.1852731591448931,46.4,19.9,65.6,True,
2026-08,CR01207,instagram,,,,,0.3767123287671233,,,96.7,False,
2026-09,CR01207,instagram,125520.0,mid,0.5647068196303378,0.019907369789550662,0.3081429408318688,46.6,21.0,92.3,True,
2026-07,CR01208,all,,,,,,5.4,67.3,71.8,True,The Hub
2026-08,CR01208,all,,,,,,4.7,63.9,77.2,False,The Hub
2026-09,CR01208,all,,,,,,16.2,81.2,38.5,False,The Lens
2026-07,CR01208,tiktok,121250.0,mid,0.921880412371134,0.1034765198398252,0.1725190839694656,4.1,66.0,61.0,True,
2026-08,CR01208,tiktok,126120.0,mid,0.842570567713289,0.0920426010910035,0.213458110516934,4.7,56.7,72.8,True,
2026-09,CR01208,tiktok,135603,mid,0.8338827312080116,0.15429403202328967,,4.4,85.4,,False,
2026-07,CR01208,youtube,21848.0,micro,0.3949293027791321,0.1257793579636213,0.1783216783216783,6.6,68.6,82.7,True,
2026-08,CR01208,youtube,23165.0,micro,,0.1399537424339353,0.1867768595041322,,71.1,81.7,False,
2026-09,CR01208,youtube,24191,micro,0.8285312719606466,0.14812529663028,0.06720977596741344,27.9,77.0,38.5,True,
2026-07,CR01211,all,,,,,,12.9,29.1,76.5,False,The Hub
2026-09,CR01211,all,,,,,,17.9,21.4,77.2,True,The Hub
2026-07,CR01211,instagram,17776.0,micro,0.3680805580558056,0.0090826521344232,0.2521008403361344,24.2,12.4,80.7,True,
2026-09,CR01211,instagram,17756,micro,0.2624464969587745,0.028856182639935102,0.30115830115830117,14.3,16.7,91.2,True,
2026-07,CR01211,tiktok,,,,,,,,,False,
2026-09,CR01211,tiktok,11290.0,micro,2.494862710363153,-0.07761437908496732,0.1487603305785124,38.7,2.5,56.7,True,
2026-07,CR01211,youtube,11807.0,micro,0.2829677310070297,0.0886040936750875,0.1419354838709677,1.6,45.8,72.3,True,
2026-09,CR01211,youtube,11890,micro,0.20630782169890666,0.08120396471765026,0.20422535211267606,0.8,45.0,83.8,True,
2026-07,CR01213,all,,,,,,30.2,37.2,64.4,False,The Hub
2026-08,CR01213,all,,,,,,23.9,18.7,49.7,False,The Hub
2026-09,CR01213,all,,,,,,25.1,32.0,26.3,False,The Lens
2026-07,CR01213,instagram,3950.0,nano,0.1711392405063291,0.172106824925816,,6.0,88.7,,False,
2026-08,CR01213,instagram,4190.0,nano,0.177326968973747,,0.0,7.6,,1.3,False,
2026-09,CR01213,instagram,4340.0,nano,0.18317972350230416,0.15425531914893617,0.0,6.4,74.1,1.0,True,
2026-07,CR01213,tiktok,66609.0,micro,4.290276088816826,-0.0013493455673998,0.1611361737677527,68.7,9.7,56.8,True,
2026-08,CR01213,tiktok,65960.0,micro,2.954093389933293,0.0595983935742971,0.1560948396094839,45.6,34.5,57.8,True,
2026-09,CR01213,tiktok,67245,micro,3.5534091754033756,0.029549108168108396,0.13496736500981332,55.8,19.9,50.0,True,
2026-07,CR01213,youtube,12204.0,micro,0.6206981317600787,0.0090954192161402,0.1387665198237885,15.9,13.1,72.0,True,
2026-08,CR01213,youtube,12140.0,micro,0.6028006589785831,-0.0455974842767295,0.2260273972602739,18.5,2.9,90.0,True,
2026-09,CR01213,youtube,11950,micro,0.5394979079497908,-0.06369975711039724,0.04455445544554455,13.1,2.1,28.0,False,
2026-07,CR01215,all,,,,,,38.0,44.8,75.8,True,The Hub
2026-08,CR01215,all,,,,,,62.8,56.4,92.4,False,The Hub
2026-09,CR01215,all,,,,,,47.7,44.6,80.8,False,The Hub
2026-07,CR01215,instagram,32878.0,micro,0.2203601192286635,0.0684041204952393,,10.1,38.7,,True,
2026-08,CR01215,instagram,,,,,,,,,False,
2026-09,CR01215,instagram,32990.0,micro,0.36335253107002125,,,26.1,,,False,
2026-07,CR01215,tiktok,64260.0,micro,6.3500778089013385,0.2090310442144873,0.1474686084513502,84.7,95.1,52.7,True,
2026-08,CR01215,tiktok,68320.0,micro,10.52309718969555,0.2204358699535548,0.3298182210475214,94.9,96.7,93.2,True,
2026-09,CR01215,tiktok,75450.0,micro,10.417746852220013,0.1503277938710169,0.2515285630228453,97.5,79.7,83.7,True,
2026-07,CR01215,youtube,43711.0,micro,0.6779529180297865,-0.100948188979617,0.4063703185159258,19.2,0.7,98.8,True,
2026-08,CR01215,youtube,42608.0,micro,0.8325197146075854,0.0206242364720818,0.2397918334667734,30.7,16.2,91.6,True,
2026-09,CR01215,youtube,42630,micro,0.6660567675346001,-0.005041310740792606,0.17309269893355209,19.6,9.6,77.9,True,
2026-07,CR01217,all,,,,,,38.4,49.6,9.9,False,The Lens
2026-08,CR01217,all,,,,,,42.2,66.8,17.8,False,The Lens
2026-09,CR01217,all,,,,,,47.9,52.1,22.3,False,The Lens
2026-07,CR01217,instagram,42060.0,micro,0.9761768901569188,0.0790148794253463,0.0296442687747035,75.6,44.5,5.9,True,
2026-08,CR01217,instagram,43060.0,micro,0.7869716674407803,0.1752183406113537,,67.3,85.6,,False,
2026-09,CR01217,instagram,44770,micro,1.33533616260889,0.1305270068937653,0.07037386113729187,85.9,67.9,21.3,True,
2026-07,CR01217,tiktok,54440.0,micro,1.289070536370316,0.147071217867678,,10.4,82.8,,False,
2026-08,CR01217,tiktok,56740.0,micro,1.7287099048290449,0.1444130697862041,0.0155038759689922,22.2,78.2,2.0,True,
2026-09,CR01217,tiktok,60050.0,micro,1.2457951706910908,0.12748779571911378,0.11225997045790251,9.9,68.0,37.3,True,
2026-07,CR01217,youtube,495713.0,mid,0.8571290242539534,0.0224386078534096,0.0212925080286832,29.2,21.6,13.8,True,
2026-08,CR01217,youtube,307636.0,mid,0.9671007294334864,0.057637234375376,0.0512710347296813,37.2,36.6,33.5,True,
2026-09,CR01217,youtube,505676,mid,,0.015052882810727914,0.012927158273381294,,20.5,8.2,False,
2026-07,CR01218,all,,,,,,29.6,43.8,12.7,False,The Lens
2026-08,CR01218,all,,,,,,58.7,76.3,,False,The Lens
2026-09,CR01218,all,,,,,,67.3,36.2,32.2,False,The Pulse
2026-07,CR01218,instagram,2630.0,nano,0.4760456273764258,,,33.7,,,False,
2026-08,CR01218,instagram,,,,,,,,,False,
2026-09,CR01218,instagram,2644,nano,0.6486384266263238,-0.02615101289134438,0.17105263157894737,53.4,5.6,61.3,True,
2026-07,CR01218,youtube,20507.0,micro,0.7940215536158385,0.0857157983905125,0.0189753320683111,25.6,43.8,12.7,True,
2026-08,CR01218,youtube,21700.0,micro,1.4719815668202765,0.1475409836065573,,58.7,76.3,,False,
2026-09,CR01218,youtube,22142,micro,2.4294553337548552,0.12225038013177901,0.003335804299481097,81.2,66.7,3.0,False,
2026-07,CR01219,all,,,,,,18.2,41.5,44.4,True,The Hub
2026-08,CR01219,all,,,,,,19.6,9.1,14.3,False,The Pulse
2026-07,CR01219,tiktok,49187.0,micro,1.094801471933641,0.0174796243432212,0.0643776824034334,6.7,15.4,14.8,True,
2026-08,CR01219,tiktok,48650.0,micro,1.64688591983556,-0.0181634712411705,0.0571526351813826,19.6,9.1,14.3,False,
2026-07,CR01219,youtube,49323.0,micro,0.8631875595563936,0.1248118586088939,0.1457586618876941,29.6,67.6,74.1,True,
2026-08,CR01219,youtube,,,,,,,,,False,
2026-07,CR01220,all,,,,,,,53.6,95.9,False,The Hub
2026-08,CR01220,all,,,,,,69.8,80.4,69.4,False,The Lens
2026-07,CR01220,instagram,23760.0,micro,,0.0934192360791532,0.348314606741573,,53.6,95.9,False,
2026-08,CR01220,instagram,24200.0,micro,0.910785123966942,,0.3350462487153134,75.4,,94.4,False,
2026-07,CR01220,tiktok,,,,,,,,,False,
2026-08,CR01220,tiktok,40920.0,micro,4.00405669599218,0.1475042063937184,0.1179975016815605,64.2,80.4,44.4,True,
2026-07,CR01220,youtube,,,,,,,,,False,
2026-08,CR01220,youtube,,,,,,,,,False,
2026-07,CR01222,all,,,,,,66.4,38.8,28.0,False,The Pulse
2026-08,CR01222,all,,,,,,46.4,38.8,55.2,False,The Hub
2026-09,CR01222,all,,,,,,41.9,50.8,65.4,False,The Hub
2026-07,CR01222,instagram,50827.0,micro,0.7048615893127669,0.093735878289686,,56.2,54.0,,True,
2026-08,CR01222,instagram,53700.0,micro,0.5591433891992551,0.0604265402843601,,49.1,33.0,,True,
2026-09,CR01222,instagram,53732,micro,,0.05462325070168207,,,30.2,,False,
2026-07,CR01222,tiktok,,,,,,,,,False,
2026-08,CR01222,tiktok,17565.0,micro,3.773071448904071,0.0851300426267992,,60.1,50.9,,False,
2026-09,CR01222,tiktok,18360.0,micro,2.6883986928104577,0.13473423980222496,0.1261431725007884,41.9,71.4,47.7,True,
2026-07,CR01222,youtube,29560.0,micro,2.0767929634641407,0.0400394060938709,0.0506980161645848,76.5,23.5,28.0,True,
2026-08,CR01222,youtube,30750.0,micro,0.8213983739837398,0.056338028169014,0.0927152317880794,30.0,32.5,55.2,True,
2026-09,CR01222,youtube,30689,micro,,,0.20319303338171263,,,83.2,False,
2026-07,CR01223,all,,,,,,62.8,51.2,75.1,False,The Hub
2026-08,CR01223,all,,,,,,43.5,62.2,77.4,True,The Hub
2026-09,CR01223,all,,,,,,41.4,74.5,71.2,True,The Lens
2026-07,CR01223,instagram,,,,,,,,,False,
2026-08,CR01223,instagram,56720.0,micro,0.0945698166431593,0.1711748915961181,0.4088397790055249,1.5,83.5,98.4,True,
2026-09,CR01223,instagram,59760.0,micro,0.182095046854083,0.2723014690227805,0.289002557544757,6.0,98.8,88.7,True,
2026-07,CR01223,tiktok,44360.0,micro,4.545311091073039,-0.0271929824561403,0.2456829416943184,71.2,6.0,81.1,True,
2026-08,CR01223,tiktok,45330.0,micro,4.562982572247959,0.0172800718132854,0.1037440710465233,69.5,17.5,38.9,True,
2026-09,CR01223,tiktok,45730.0,micro,6.967811064946424,0.05612009237875289,0.14262621597436712,86.9,32.0,53.4,True,
2026-07,CR01223,youtube,313120.0,mid,1.321036663260092,0.2209787482940144,0.1295019843045982,54.3,96.3,69.1,True,
2026-08,CR01223,youtube,337181.0,mid,1.4944169452015386,0.1577825086701232,0.2736354468675154,59.4,85.7,94.8,True,
2026-09,CR01223,youtube,358884,mid,0.8904269903367105,0.20690478512505087,0.15363705556159618,31.2,92.8,71.6,True,
2026-07,CR01224,all,,,,,,44.3,52.1,47.6,True,The Lens
2026-08,CR01224,all,,,,,,54.1,48.4,48.2,True,The Pulse
2026-09,CR01224,all,,,,,,42.0,65.6,76.4,False,The Hub
2026-07,CR01224,instagram,43962.0,micro,0.3801009963149993,-0.0095525616185283,,25.1,8.8,,True,
2026-08,CR01224,instagram,44020.0,micro,0.4516356201726488,0.0156898938624826,,35.5,12.0,,True,
2026-09,CR01224,instagram,,,,,,,,,False,
2026-07,CR01224,tiktok,518530.0,mid,3.364191078626116,0.0959335503233715,0.0960218600232689,56.8,59.6,29.7,True,
2026-08,CR01224,tiktok,539450.0,mid,3.6184817870052832,0.0767035248093888,0.1046929252932456,58.5,49.7,39.3,True,
2026-09,CR01224,tiktok,527994,mid,3.1971329219650224,0.10144921489560103,,51.6,64.9,,False,
2026-07,CR01224,youtube,52016.0,micro,1.244943863426638,0.1820743568766475,0.1227710272999842,51.0,87.9,65.4,True,
2026-08,CR01224,youtube,53822.0,micro,1.6895135818066962,0.1632410469212648,0.0965916398713826,68.4,83.4,57.2,True,
2026-09,CR01224,youtube,56430,micro,0.9074428495481127,0.12124463519313304,0.16846119336025123,32.3,66.3,76.4,True,
2026-09,CR01225,all,,,,,,61.2,16.0,69.0,True,The Hub
2026-09,CR01225,youtube,33263,micro,1.569491627333674,0.020995119555541914,0.1418229680816058,61.2,16.0,69.0,True,
2026-07,CR01227,all,,,,,,,,,False,
2026-08,CR01227,all,,,,,,49.3,91.4,38.5,True,The Lens
2026-09,CR01227,all,,,,,,60.0,76.8,,False,The Lens
2026-07,CR01227,instagram,,,,,,,,,False,
2026-08,CR01227,instagram,234840.0,mid,0.5608243910747743,0.1845649432534678,0.1074786143812992,49.3,91.4,38.5,True,
2026-09,CR01227,instagram,241370.0,mid,0.721092099266686,0.1463785324151033,,60.0,76.8,,False,
2026-07,CR01228,all,,,,,,66.4,22.9,39.2,False,The Pulse
2026-08,CR01228,all,,,,,,56.2,23.9,29.3,False,The Pulse
2026-09,CR01228,all,,,,,,69.0,29.3,31.8,False,The Pulse
2026-07,CR01228,instagram,,,,,,,,,False,
2026-08,CR01228,instagram,94730.0,micro,0.5055948485168373,0.0342112642636812,0.1075729194541075,41.8,20.3,38.7,True,
2026-09,CR01228,instagram,,,,,,,,,False,
2026-07,CR01228,tiktok,15372.0,micro,5.236599011189175,0.044577330796412,0.069026265214606,76.7,22.5,16.9,True,
2026-08,CR01228,tiktok,,,,,,,,,False,
2026-09,CR01228,tiktok,,,,,,,,,False,
2026-07,CR01228,youtube,758.0,nano,1.37467018469657,0.0601398601398601,0.1149425287356321,56.2,23.3,61.6,True,
2026-08,CR01228,youtube,771.0,nano,1.7730220492866406,0.0475543478260869,0.0307692307692307,70.7,27.5,19.9,True,
2026-09,CR01228,youtube,784,nano,1.846938775510204,0.053763440860215055,0.05,69.0,29.3,31.8,True,
2026-07,CR01229,all,,,,,,44.5,65.0,41.3,True,The Lens
2026-08,CR01229,all,,,,,,66.6,51.4,32.6,False,The Pulse
2026-09,CR01229,all,,,,,,56.8,96.8,26.5,False,The Lens
2026-07,CR01229,instagram,23380.0,micro,0.940076988879384,0.2469333333333333,0.1569148936170212,73.2,97.4,55.1,True,
2026-08,CR01229,instagram,26300.0,micro,2.5253992395437264,0.2204176334106728,,97.9,95.2,,False,
2026-09,CR01229,instagram,26790,micro,1.7179917879805897,0.21144976033282084,0.0808448652585579,90.0,93.7,26.5,True,
2026-07,CR01229,tiktok,24390.0,micro,1.49179991799918,0.2207207207207207,0.1025316455696202,16.0,96.6,32.6,True,
2026-08,CR01229,tiktok,,,,,0.1105610561056105,,,41.5,False,
2026-09,CR01229,tiktok,29680.0,micro,1.8466307277628031,0.2938099389712293,,23.5,100.0,,False,
2026-07,CR01229,youtube,11673.0,micro,1.120191895827979,-0.079271178419309,0.0645645645645645,44.3,1.0,36.2,True,
2026-08,CR01229,youtube,11445.0,micro,0.9341197029270424,-0.0111456713322965,0.0365111561866125,35.3,7.5,23.8,True,
2026-09,CR01229,youtube,,,,,,,,,False,
2026-07,CR01230,all,,,,,,20.9,8.0,81.7,True,The Hub
2026-08,CR01230,all,,,,,,,,,False,
2026-09,CR01230,all,,,,,,35.3,6.0,69.1,True,The Hub
2026-07,CR01230,instagram,66642.0,micro,0.3453677860808499,-0.0143465656983967,0.2546786004882018,20.9,8.0,81.7,True,
2026-08,CR01230,instagram,,,,,,,,,False,
2026-09,CR01230,instagram,68000.0,micro,0.44075,-0.030648610121168925,0.1946624803767661,35.3,6.0,69.1,True,
2026-07,CR01231,all,,,,,,65.9,54.9,39.2,True,The Pulse
2026-08,CR01231,all,,,,,,74.4,31.1,74.6,True,The Hub
2026-09,CR01231,all,,,,,,,67.5,29.9,False,The Lens
2026-07,CR01231,youtube,606237.0,mid,1.6018322867129522,0.0872373088663077,0.0724168812269114,65.9,54.9,39.2,True,
2026-08,CR01231,youtube,641662.0,mid,1.929487798872304,0.0505116984196369,0.1546876299808668,74.4,31.1,74.6,True,
2026-09,CR01231,youtube,632164,mid,,0.11780203769127669,0.0486257609547345,,67.5,29.9,False,
2026-08,CR01232,all,,,,,,39.7,,17.0,False,The Pulse
2026-08,CR01232,tiktok,4500.0,nano,2.561555555555556,,0.0632911392405063,39.7,,17.0,False,
2026-08,CR01232,youtube,,,,,,,,,False,
2026-07,CR01233,all,,,,,,50.5,54.8,41.6,True,The Lens
2026-08,CR01233,all,,,,,,59.1,50.1,8.4,False,The Pulse
2026-09,CR01233,all,,,,,,36.9,75.2,86.3,False,The Hub
2026-07,CR01233,instagram,33160.0,micro,0.3216224366706876,0.1229258381307145,0.031055900621118,19.4,67.5,7.1,True,
2026-08,CR01233,instagram,34990.0,micro,0.4636753358102315,0.1976364007901369,0.0304878048780487,37.4,90.7,8.4,True,
2026-09,CR01233,instagram,,,,,,,,,False,
2026-07,CR01233,tiktok,114480.0,mid,6.187831935709294,-0.1314112291350531,0.1310359319184702,83.6,0.6,45.2,True,
2026-08,CR01233,tiktok,104540.0,mid,6.443275301320069,-0.1377433190366215,,82.7,1.3,,False,
2026-09,CR01233,tiktok,,,,,,,,,False,
2026-07,CR01233,youtube,40177.0,micro,1.185155686089056,0.2213710290317677,0.1422222222222222,48.6,96.4,72.5,True,
2026-08,CR01233,youtube,41579.0,micro,1.4253830058442964,0.1114110823019967,,57.3,58.4,,False,
2026-09,CR01233,youtube,44243,micro,0.9940329543656624,0.14515335835382426,0.21945826423438364,36.9,75.2,86.3,True,
2026-07,CR01235,all,,,,,,29.1,80.9,83.4,False,The Hub
2026-08,CR01235,all,,,,,,48.7,62.9,94.3,False,The Hub
2026-09,CR01235,all,,,,,,67.0,70.2,76.8,False,The Hub
2026-07,CR01235,instagram,,,,,,,,,False,
2026-08,CR01235,instagram,77050.0,micro,0.8735885788449059,0.0864354201917653,,73.5,46.0,,False,
2026-09,CR01235,instagram,79680.0,micro,1.3178463855421687,0.12909168201785462,0.2166473011513679,85.3,66.3,75.4,True,
2026-07,CR01235,tiktok,,,,,,,,,False,
2026-08,CR01235,tiktok,325830.0,mid,3.1390817297363656,0.1696815442108248,,48.5,93.0,,False,
2026-09,CR01235,tiktok,344671,mid,3.0742853329697017,0.1288400822711016,0.23205312275664033,48.6,74.2,78.2,True,
2026-07,CR01235,youtube,168597.0,mid,0.8557447641417107,0.1345311395982638,0.1806470940683043,29.1,80.9,83.4,True,
2026-08,CR01235,youtube,172603.0,mid,0.7343846862453144,0.0839105506747634,0.2712819115108567,24.0,49.7,94.3,True,
2026-09,CR01235,youtube,,,,,,,,,False,
2026-07,CR01236,all,,,,,,58.1,82.1,41.8,False,The Lens
2026-08,CR01236,all,,,,,,46.9,66.9,54.9,True,The Lens
2026-09,CR01236,all,,,,,,63.7,67.4,44.7,False,The Lens
2026-07,CR01236,instagram,14690.0,micro,0.6278420694349898,0.1213740458015267,,51.2,66.8,,False,
2026-08,CR01236,instagram,15810.0,micro,0.6022770398481974,0.1473149492017416,0.2205128205128205,54.3,75.3,76.9,True,
2026-09,CR01236,instagram,16870.0,micro,0.8064018968583284,0.1642512077294686,,64.7,82.9,,False,
2026-07,CR01236,tiktok,44830.0,micro,4.606379656480036,,,72.4,,,False,
2026-08,CR01236,tiktok,45610.0,micro,3.476649857487393,0.0501957172461432,0.1534364037936858,56.0,30.5,57.2,True,
2026-09,CR01236,tiktok,47044,micro,3.6470750786497748,0.03128219742639805,0.094244710756029,57.1,21.2,30.1,True,
2026-07,CR01236,youtube,23130.0,micro,1.2406398616515348,0.2337315980371239,0.076463560334528,50.7,97.4,41.8,True,
2026-08,CR01236,youtube,24930.0,micro,0.8253910950661854,0.2208619000979431,0.0466321243523316,30.3,94.8,30.5,True,
2026-09,CR01236,youtube,26916,micro,1.8498290979343142,0.2431184186218363,0.10901162790697674,69.2,98.2,59.2,True,
2026-07,CR01239,all,,,,,,69.7,50.4,60.2,True,The Pulse
2026-08,CR01239,all,,,,,,78.4,50.8,59.1,True,The Pulse
2026-09,CR01239,all,,,,,,82.6,44.7,34.7,False,The Pulse
2026-07,CR01239,tiktok,84620.0,micro,2.820160718506264,0.2161540672607071,0.096,45.6,95.9,29.3,True,
2026-08,CR01239,tiktok,91120.0,micro,4.718711589113258,0.229689608636977,0.0760025873221216,70.7,97.1,23.2,True,
2026-09,CR01239,tiktok,97678,micro,4.513841397244006,0.1746921300750433,0.10454888162854989,68.9,88.0,34.7,True,
2026-07,CR01239,youtube,48018.0,micro,3.5268649256528803,-0.028742490746172,0.2455009625847493,93.8,4.9,91.2,True,
2026-08,CR01239,youtube,48650.0,micro,2.6470298047276466,-0.0316480891719745,0.275030496387351,86.2,4.5,95.0,True,
2026-09,CR01239,youtube,47310,micro,4.445614035087719,-0.06807705944923768,,96.2,1.4,,False,
2026-07,CR01240,all,,,,,,54.6,38.1,39.3,False,The Pulse
2026-08,CR01240,all,,,,,,64.2,48.6,29.0,False,The Pulse
2026-09,CR01240,all,,,,,,50.1,56.1,53.4,True,The Lens
2026-07,CR01240,instagram,,,,,,,,,False,
2026-08,CR01240,instagram,49575.0,micro,0.6750579929399899,0.2026636908371946,0.1331452750352609,59.7,91.8,49.7,True,
2026-09,CR01240,instagram,51999,micro,0.9905959729994808,0.19168099003093847,0.16742811072292393,75.0,90.1,60.5,True,
2026-07,CR01240,tiktok,7603.0,nano,2.0332763382875183,0.1807734120205,0.1501128668171557,27.4,71.9,53.9,True,
2026-08,CR01240,tiktok,,,,,,,,,False,
2026-09,CR01240,tiktok,8120.0,nano,1.700615763546798,0.1534090909090909,0.24970131421744324,19.5,75.0,82.6,True,
2026-07,CR01240,youtube,43645.0,micro,2.3877878336579217,-0.0359170329791698,0.0420064245119841,81.8,4.2,24.7,True,
2026-08,CR01240,youtube,42701.0,micro,1.7061895505960047,-0.020664189716068,0.0123517786561264,68.6,5.5,8.4,True,
2026-09,CR01240,youtube,42168,micro,1.4047619047619047,-0.041483872434250904,0.027469135802469135,55.9,3.2,17.0,True,
2026-07,CR01241,all,,,,,,50.5,21.3,51.6,True,The Hub
2026-08,CR01241,all,,,,,,47.0,13.5,60.8,True,The Hub
2026-09,CR01241,all,,,,,,46.6,15.0,80.6,False,The Hub
2026-07,CR01241,instagram,16980.0,micro,1.1994110718492343,-0.1229813664596273,,83.4,1.1,,True,
2026-08,CR01241,instagram,16509.0,micro,1.5145720609936055,-0.194329217705334,,89.6,0.3,,True,
2026-09,CR01241,instagram,15781,micro,1.0603257081300297,,,78.4,,,False,
2026-07,CR01241,tiktok,591040.0,mid,2.317641783974012,-0.0220236617853892,0.0392540089952198,34.1,9.6,8.0,True,
2026-08,CR01241,tiktok,595450.0,mid,2.614029725417751,-0.0052955130132638,0.0966574839302112,40.5,11.5,34.9,True,
2026-09,CR01241,tiktok,588462,mid,,-0.038919339138842254,0.18268561435678024,,4.0,67.4,False,
2026-07,CR01241,youtube,82186.0,micro,0.9257659455381696,0.0992870805077377,0.2972115166628882,34.1,53.3,95.2,True,
2026-08,CR01241,youtube,83350.0,micro,0.4589322135572885,0.051602321473631,0.2073813708260105,10.8,28.6,86.6,True,
2026-09,CR01241,youtube,86434,micro,0.5742763264456117,0.03840840011052777,0.2583760941744642,14.8,25.9,93.7,True,
2026-07,CR01243,all,,,,,,96.7,31.8,30.4,False,The Pulse
2026-08,CR01243,all,,,,,,41.5,75.7,63.1,True,The Lens
2026-09,CR01243,all,,,,,,33.6,79.1,86.4,False,The Hub
2026-07,CR01243,instagram,,,,,,,,,False,
2026-08,CR01243,instagram,172805.0,mid,0.2805532247330806,0.2568001978239367,0.2596980255516841,15.3,98.6,84.1,True,
2026-09,CR01243,instagram,182187,mid,0.5050579898675537,0.23609631655008176,0.282025819265144,41.9,98.6,87.6,True,
2026-07,CR01243,tiktok,47260.0,micro,,0.050455656812625,0.1231899719040414,,27.3,43.4,False,
2026-08,CR01243,tiktok,49830.0,micro,1.983082480433474,0.0830254292545098,0.2105378704720087,27.3,49.1,71.1,True,
2026-09,CR01243,tiktok,49430.0,micro,1.9607525794052194,,0.261938202247191,25.4,,85.2,False,
2026-07,CR01243,youtube,268227.0,mid,4.197601285478345,0.0579694710685126,0.0295444452235701,96.7,36.4,17.5,True,
2026-08,CR01243,youtube,270550.0,mid,2.3613491036776937,0.1436361330684364,0.0530104712041884,82.0,79.5,34.1,True,
2026-09,CR01243,youtube,282950.0,mid,,0.10484185864896525,,,59.6,,False,
2026-07,CR01246,all,,,,,,,,,False,
2026-08,CR01246,all,,,,,,15.5,96.9,45.2,True,The Lens
2026-09,CR01246,all,,,,,,8.2,94.6,24.2,True,The Lens
2026-07,CR01246,youtube,,,,,,,,,False,
2026-08,CR01246,youtube,582380.0,mid,0.5389848552491501,0.2206665269335569,0.0719491525423728,15.5,96.9,45.2,True,
2026-09,CR01246,youtube,618897,mid,0.4163681517279935,0.23124623253537688,0.03701141473538568,8.2,94.6,24.2,True,
2026-07,CR01247,all,,,,,,42.1,26.8,38.4,False,The Pulse
2026-07,CR01247,instagram,68560.0,micro,0.1850787631271878,-0.0496257277515941,0.0522648083623693,7.1,3.3,13.9,True,
2026-07,CR01247,tiktok,6900.0,nano,6.090724637681159,0.0209780092592592,,83.0,7.0,,False,
2026-07,CR01247,youtube,8869.0,nano,0.9714736723418648,0.1440918472652218,0.1182795698924731,36.3,70.0,63.0,True,
2026-07,CR01248,all,,,,,,46.3,55.9,42.2,False,The Lens
2026-08,CR01248,all,,,,,,40.7,45.0,40.8,False,The Lens
2026-09,CR01248,all,,,,,,44.0,52.2,26.7,True,The Lens
2026-07,CR01248,instagram,38160.0,micro,0.6074947589098533,0.0369565217391304,0.2603966730646193,48.8,23.0,83.7,True,
2026-08,CR01248,instagram,39320.0,micro,0.3938962360122075,0.0189168178284529,0.1524947294448348,28.7,12.7,59.0,True,
2026-09,CR01248,instagram,39790.0,micro,0.555968836391053,0.0451799317047544,0.20251889168765744,45.7,26.2,71.5,True,
2026-07,CR01248,tiktok,76590.0,micro,6.19165687426557,0.0955514232584751,,83.8,55.8,,False,
2026-08,CR01248,tiktok,78717.0,micro,7.821753877815466,0.0413954595967613,,89.4,26.5,,False,
2026-09,CR01248,tiktok,77930.0,micro,5.502104452713974,0.05725139058472392,0.012808948222983944,77.8,34.0,2.6,True,
2026-07,CR01248,youtube,85533.0,micro,0.3897209264260577,0.1855707256220112,0.0,6.4,88.9,0.8,True,
2026-08,CR01248,youtube,90993.0,micro,0.3045069400942929,0.2303167971443637,0.0343035343035343,3.9,95.8,22.6,True,
2026-09,CR01248,youtube,95307,micro,0.4169053689655534,0.22420747058521298,0.007616974972796518,8.4,96.5,5.9,True,
2026-07,CR01249,all,,,,,,64.2,38.2,67.7,False,The Hub
2026-08,CR01249,all,,,,,,73.9,30.4,59.6,True,The Pulse
2026-09,CR01249,all,,,,,,77.7,34.1,37.0,False,The Pulse
2026-07,CR01249,instagram,18880.0,micro,0.4995762711864406,0.0541596873255164,,37.2,32.5,,False,
2026-08,CR01249,instagram,18840.0,micro,0.6138004246284501,0.0716723549488054,0.1219512195121951,55.4,38.5,45.7,True,
2026-09,CR01249,instagram,19320.0,micro,0.6400103519668737,0.02168164992067689,0.14285714285714285,53.0,14.3,53.3,True,
2026-07,CR01249,tiktok,8960.0,nano,5.918303571428571,0.1130434782608695,,81.4,43.9,,False,
2026-08,CR01249,tiktok,9240.0,nano,5.207467532467533,0.0986920332936979,0.1504744690465431,74.1,43.4,55.2,True,
2026-09,CR01249,tiktok,9630.0,nano,10.811526479750778,0.1532934131736527,0.06791800444554211,97.9,72.9,20.7,False,
2026-07,CR01249,youtube,105091.0,mid,1.909221531815284,,0.1276531988213554,73.9,,67.7,False,
2026-08,CR01249,youtube,106910.0,mid,3.4245346553175566,-0.0202529325513196,0.1654744272523871,92.2,9.3,77.8,True,
2026-09,CR01249,youtube,103975,mid,2.477682135128637,0.007851500024233024,,82.3,15.1,,False,
2026-07,CR01253,all,,,,,,53.0,43.2,92.6,False,The Hub
2026-08,CR01253,all,,,,,,60.1,44.9,70.7,True,The Hub
2026-09,CR01253,all,,,,,,49.1,34.2,77.7,True,The Hub
2026-07,CR01253,instagram,95833.0,micro,0.1750232174720607,0.1775989186532317,0.4734848484848485,6.3,88.0,99.0,True,
2026-08,CR01253,instagram,98700.0,micro,0.1202026342451874,0.1677709417889257,0.3739495798319328,3.0,81.4,96.3,True,
2026-09,CR01253,instagram,105065,mid,0.26015323847142247,0.13485634046230288,0.3681783243658724,13.9,71.0,98.3,True,
2026-07,CR01253,tiktok,325170.0,mid,6.721926992034936,0.0282705625652215,,86.5,26.3,,False,
2026-08,CR01253,tiktok,330670.0,mid,11.451773671636374,0.0110686439382357,0.1348585351193542,96.5,17.2,50.8,True,
2026-09,CR01253,tiktok,320198,mid,5.970730610434793,0.023961881006060025,0.26688643409160373,80.5,17.2,86.3,True,
2026-07,CR01253,youtube,40699.0,micro,1.6188849848890636,0.0177294323580895,0.1988696573648887,66.1,15.4,86.1,True,
2026-08,CR01253,youtube,40693.0,micro,2.276116285356204,0.0705585225329509,0.1179951914185315,80.8,36.0,65.1,True,
2026-09,CR01253,youtube,40684,micro,1.319511355815554,0.01456359102244389,0.08869329722410291,53.0,14.5,48.6,True,
2026-07,CR01254,all,,,,,,51.6,80.4,89.7,False,The Hub
2026-08,CR01254,all,,,,,,67.6,44.8,76.7,True,The Hub
2026-09,CR01254,all,,,,,,63.3,37.5,88.3,False,The Hub
2026-07,CR01254,instagram,49140.0,micro,0.2853276353276353,0.1388180764774044,0.3949843260188088,16.6,76.3,97.6,True,
2026-08,CR01254,instagram,50400.0,micro,0.4462896825396825,0.0760034158838599,0.2495495495495495,34.2,40.9,82.1,True,
2026-09,CR01254,instagram,93510.0,micro,0.27461234092610415,0.03819251693127568,0.27155172413793105,16.0,22.6,85.9,True,
2026-07,CR01254,tiktok,13970.0,micro,4.8613457408733,,,73.8,,,False,
2026-08,CR01254,tiktok,13960.0,micro,6.096131805157593,0.0115381892829333,0.1872267629728188,80.7,16.0,66.0,True,
2026-09,CR01254,tiktok,14310.0,micro,8.650873515024458,,,93.0,,,False,
2026-07,CR01254,youtube,176494.0,mid,1.583424932292316,0.1434735566799914,0.1740270494065691,64.4,84.6,81.8,True,
2026-08,CR01254,youtube,187470.0,mid,2.7954179335360325,0.1415088595262741,0.1883442686221536,87.8,77.6,82.1,True,
2026-09,CR01254,youtube,186923,mid,2.4115170417765603,0.08904101608016779,0.24018548355405353,80.8,52.4,90.7,True,
2026-07,CR01255,all,,,,,,41.0,11.2,31.2,False,The Pulse
2026-08,CR01255,all,,,,,,57.0,21.2,36.9,True,The Pulse
2026-09,CR01255,all,,,,,,41.4,15.2,30.3,False,The Pulse
2026-07,CR01255,instagram,95572.0,micro,0.9256058259741348,-0.1338173051650851,0.0979472883933096,72.3,0.7,34.4,True,
2026-08,CR01255,instagram,93860.0,micro,0.8615597698700191,-0.1227217496962333,0.0842634805848137,73.2,1.0,28.4,True,
2026-09,CR01255,instagram,88100.0,micro,0.8956640181611805,-0.11064001615182717,,70.5,0.8,,False,
2026-07,CR01255,tiktok,47830.0,micro,1.245808070248798,0.0379774305555555,0.0935316655397791,9.8,21.7,27.9,True,
2026-08,CR01255,tiktok,49050.0,micro,0.8123343527013251,0.0012951744307499,0.1302839116719243,4.3,12.7,49.2,True,
2026-09,CR01255,tiktok,48960.0,micro,1.3837418300653594,0.05222437137330754,0.09472,12.3,29.5,30.3,True,
2026-07,CR01255,youtube,,,,,,,,,False,
2026-08,CR01255,youtube,4824440.0,macro,3.62213396788021,0.1039125370969107,0.0506406456012355,93.5,50.0,33.2,True,
2026-09,CR01255,youtube,,,,,,,,,False,
2026-07,CR01257,all,,,,,,59.9,44.2,,False,The Pulse
2026-08,CR01257,all,,,,,,44.0,23.6,95.8,False,The Hub
2026-09,CR01257,all,,,,,,72.1,62.3,,False,The Pulse
2026-07,CR01257,tiktok,165290.0,mid,3.629100369048339,0.0727544132917964,,59.9,44.2,,False,
2026-08,CR01257,tiktok,172540.0,mid,2.8321142923380087,0.0264739127848176,0.3741931340120106,44.0,23.6,95.8,True,
2026-09,CR01257,tiktok,170000.0,mid,4.964352941176471,0.09564320701211652,,72.1,62.3,,False,
2026-07,CR01263,all,,,,,,,,,False,
2026-08,CR01263,all,,,,,,94.1,43.6,73.7,True,The Pulse
2026-09,CR01263,all,,,,,,,,,False,
2026-07,CR01263,tiktok,,,,,,,,,False,
2026-08,CR01263,tiktok,43020.0,micro,9.966643421664342,0.0744255744255744,0.2176536451853695,94.1,43.6,73.7,True,
2026-09,CR01263,tiktok,,,,,,,,,False,
2026-07,CR01266,all,,,,,,45.8,50.2,41.3,True,The Lens
2026-08,CR01266,all,,,,,,37.8,43.0,48.1,True,The Hub
2026-09,CR01266,all,,,,,,41.0,30.0,54.5,False,The Hub
2026-07,CR01266,instagram,12499.0,micro,0.3159452756220497,0.1169794459338695,0.0568181818181818,19.0,64.2,16.5,True,
2026-08,CR01266,instagram,13310.0,micro,0.2260706235912847,0.0597133757961783,0.1203007518796992,10.6,31.6,45.0,True,
2026-09,CR01266,instagram,,,,,,,,,False,
2026-07,CR01266,tiktok,72006.0,micro,1.737382995861456,0.1471038042439304,0.0762886597938144,21.1,83.1,19.4,True,
2026-08,CR01266,tiktok,77739.0,micro,1.2381558805747437,0.2126444850016378,0.0676664228237015,10.6,96.0,18.5,True,
2026-09,CR01266,tiktok,133140.0,mid,0.316659155775875,0.09283427727160798,0.04159824849480022,0.4,58.3,10.1,True,
2026-07,CR01266,youtube,28006.0,micro,4.581696779261587,-0.0451740479356312,0.21253245220675,97.2,3.3,88.0,True,
2026-08,CR01266,youtube,27170.0,micro,3.379757085020243,-0.0669642857142857,0.18227724385079,92.1,1.3,80.8,True,
2026-09,CR01266,youtube,27478,micro,2.4436640221267925,-0.06692926754728513,0.40584958217270195,81.6,1.8,98.9,True,
2026-07,CR01268,all,,,,,,45.6,31.2,77.4,True,The Hub
2026-08,CR01268,all,,,,,,47.3,12.9,62.2,True,The Hub
2026-09,CR01268,all,,,,,,24.5,,47.2,False,The Hub
2026-07,CR01268,instagram,65250.0,micro,2.0935632183908046,-0.0039160449493855,0.2414124759549326,96.3,10.2,78.0,True,
2026-08,CR01268,instagram,64560.0,micro,1.7063816604708797,-0.0183974456439105,0.1637113402061855,92.1,6.5,64.1,True,
2026-09,CR01268,instagram,,,,,,,,,False,
2026-07,CR01268,tiktok,22240.0,micro,1.9072392086330936,0.0267774699907663,0.2234871180347513,24.9,18.4,76.0,True,
2026-08,CR01268,tiktok,21500.0,micro,1.9303255813953488,-0.0397498883430102,0.153434800493624,26.3,5.5,57.0,True,
2026-09,CR01268,tiktok,21320.0,micro,1.9235928705440901,,0.12464387464387465,24.5,,47.2,False,
2026-07,CR01268,youtube,85490.0,micro,0.6162475143291613,0.1213420952530856,0.1588598764201714,15.6,65.0,78.1,True,
2026-08,CR01268,youtube,90701.0,micro,0.728404317482718,0.0467271384388127,0.1203946043889671,23.6,26.6,65.4,True,
2026-09,CR01268,youtube,,,,,,,,,False,
2026-07,CR01269,all,,,,,,47.2,39.1,37.2,True,The Pulse
2026-08,CR01269,all,,,,,,26.9,59.2,56.3,True,The Lens
2026-09,CR01269,all,,,,,,,,,False,
2026-07,CR01269,tiktok,269351.0,mid,2.88790091739032,0.0607543989540177,0.1141073847595173,47.2,39.1,37.2,True,
2026-08,CR01269,tiktok,279470.0,mid,1.9554084517121693,0.0948444723027501,0.1526581932485991,26.9,59.2,56.3,True,
2026-09,CR01269,tiktok,,,,,,,,,False,
2026-07,CR01270,all,,,,,,17.3,58.5,19.9,False,The Lens
2026-08,CR01270,all,,,,,,6.9,50.4,32.0,False,The Lens
2026-09,CR01270,all,,,,,,18.4,49.5,40.9,False,The Lens
2026-07,CR01270,instagram,,,,,,,,,False,
2026-08,CR01270,instagram,,,,,,,,,False,
2026-09,CR01270,instagram,,,,,,,,,False,
2026-07,CR01270,tiktok,361440.0,mid,,0.0860903272333904,0.0765877957658779,,52.6,19.9,False,
2026-08,CR01270,tiktok,366330.0,mid,0.5587994431250511,0.053126347563605,0.047170935080405,2.0,37.6,11.3,True,
2026-09,CR01270,tiktok,362366,mid,1.0642499572255675,-0.005860050150616457,0.09959040374488004,7.0,8.6,32.1,True,
2026-07,CR01270,youtube,29722.0,micro,0.6405019850615705,0.1204855613360476,,17.3,64.4,,False,
2026-08,CR01270,youtube,31340.0,micro,0.478174856413529,0.1203537995594713,0.0864553314121037,11.8,63.3,52.7,True,
2026-09,CR01270,youtube,32576,micro,0.8476485756385069,0.18110293317863746,0.09136735979836169,29.7,90.4,49.7,True,
2026-07,CR01274,all,,,,,,55.8,43.2,18.5,False,The Pulse
2026-08,CR01274,all,,,,,,62.7,45.3,18.5,True,The Pulse
2026-09,CR01274,all,,,,,,71.5,55.1,51.2,True,The Pulse
2026-07,CR01274,instagram,23530.0,micro,0.4702932426689333,0.1301633045148895,0.0625,33.1,71.9,19.8,True,
2026-08,CR01274,instagram,25720.0,micro,0.3451399688958009,0.1345390383767093,0.1068965517241379,23.8,71.8,37.1,True,
2026-09,CR01274,instagram,26030.0,micro,0.6892047637341528,0.13124728378965667,0.25129533678756477,57.5,68.3,82.0,True,
2026-07,CR01274,tiktok,32360.0,micro,2.394344870210136,,0.0861718926235055,36.8,,24.2,False,
2026-08,CR01274,tiktok,20290.0,micro,4.654706752094628,0.0496637351267459,0.0510158683078748,70.1,30.2,12.8,True,
2026-09,CR01274,tiktok,21490.0,micro,3.8013494648673802,0.12513089005235603,0.14664410603496897,59.8,66.4,55.2,True,
2026-07,CR01274,youtube,5812.0,nano,4.790949759119064,0.0169728783902012,0.0175054704595186,97.6,14.4,11.6,True,
2026-08,CR01274,youtube,5730.0,nano,3.98586387434555,0.064090655768159,0.0078003120124804,94.2,33.8,5.7,True,
2026-09,CR01274,youtube,6002,nano,4.893368877040986,0.055575096728807595,0.02686817800167926,97.3,30.7,16.4,True,
2026-07,CR01276,all,,,,,,63.3,66.6,,False,The Lens
2026-08,CR01276,all,,,,,,52.4,58.5,42.4,True,The Lens
2026-09,CR01276,all,,,,,,70.7,67.7,29.2,True,The Pulse
2026-07,CR01276,instagram,45230.0,micro,0.7573734247181074,0.1456433637284701,,60.7,78.5,,False,
2026-08,CR01276,instagram,46580.0,micro,0.4546801202232718,0.0978081546075889,0.1150112023898431,36.1,51.2,42.2,True,
2026-09,CR01276,instagram,49850.0,micro,1.0545035105315947,0.11049231454666963,0.06710113444363987,78.0,59.5,19.3,True,
2026-07,CR01276,tiktok,14210.0,micro,4.153624208304011,0.0939183987682833,,65.9,54.7,,False,
2026-08,CR01276,tiktok,15170.0,micro,4.330191166776532,0.1146216017634092,0.1149155722326454,68.6,65.8,42.6,True,
2026-09,CR01276,tiktok,15823,micro,4.069708651962333,0.1429500144466917,0.11564490445859872,63.4,75.9,39.1,True,
2026-07,CR01280,all,,,,,,68.7,43.4,40.5,True,The Pulse
2026-09,CR01280,all,,,,,,63.1,53.5,24.0,True,The Pulse
2026-07,CR01280,instagram,32020.0,micro,0.8801998750780762,0.1876854599406528,0.0988455988455988,69.6,89.4,34.6,True,
2026-09,CR01280,instagram,35425,micro,0.8318419195483415,0.20645029458842762,0.10978520286396182,66.2,93.3,40.1,True,
2026-07,CR01280,tiktok,61400.0,micro,2.9720358306188923,0.0246995994659546,0.1780563749590298,48.3,17.2,62.6,True,
2026-09,CR01280,tiktok,62963,micro,2.5959055318202755,0.0540033814888595,0.08347578347578348,39.7,31.1,25.4,True,
2026-07,CR01280,youtube,149982.0,mid,2.9986198343801256,0.0294032862496396,0.041630072018268,88.2,23.5,24.3,True,
2026-09,CR01280,youtube,155996,mid,2.5215518346624273,0.050548858508990505,0.008400758778212225,83.3,36.1,6.5,True,
2026-07,CR01283,all,,,,,,42.6,43.8,42.2,True,The Lens
2026-08,CR01283,all,,,,,,43.2,28.1,47.1,False,The Hub
2026-09,CR01283,all,,,,,,62.8,14.4,89.5,False,The Hub
2026-07,CR01283,instagram,22100.0,micro,0.5724886877828055,0.0360993905297702,0.1686507936507936,44.1,21.9,59.0,True,
2026-08,CR01283,instagram,21947.0,micro,0.4703148494099421,0.0292159069592946,0.2352941176470588,38.4,17.2,80.2,True,
2026-09,CR01283,instagram,,,,,,,,,False,
2026-07,CR01283,tiktok,2740.0,nano,2.171897810218978,0.1607217792698279,0.0796915167095115,30.9,68.4,22.1,True,
2026-08,CR01283,tiktok,2870.0,nano,3.451219512195122,0.1191489361702127,0.0566037735849056,55.2,54.7,13.9,True,
2026-09,CR01283,tiktok,3055,nano,4.1653027823240585,0.053085143054119266,,64.5,20.8,,False,
2026-07,CR01283,youtube,8076.0,nano,1.2919762258543834,0.0891436277815239,0.0832443970117396,52.8,41.1,45.5,True,
2026-08,CR01283,youtube,8179.0,nano,0.9418021763051718,0.0148901848864623,,36.0,12.5,,False,
2026-09,CR01283,youtube,8305,nano,1.569175195665262,0.013422818791946308,0.23026315789473684,61.0,8.0,89.5,True,
2026-07,CR01284,all,,,,,,14.0,41.1,80.3,True,The Hub
2026-08,CR01284,all,,,,,,14.1,35.0,69.6,False,The Hub
2026-09,CR01284,all,,,,,,25.3,13.9,81.2,False,The Hub
2026-07,CR01284,instagram,24377.0,micro,0.3022521229027362,0.0421529648155273,0.2658662092624357,17.5,25.2,85.6,True,
2026-08,CR01284,instagram,24914.0,micro,0.1732760696796981,0.0468507080129417,0.1437125748502994,7.2,26.1,55.7,True,
2026-09,CR01284,instagram,25315,micro,0.5111198893936402,-0.0036994765634224096,0.2380352644836272,42.5,8.7,79.6,True,
2026-07,CR01284,tiktok,38680.0,micro,0.3864529472595657,0.014424337791765,0.1689189189189189,0.4,14.2,59.1,True,
2026-08,CR01284,tiktok,23010.0,micro,,-0.0229299363057324,0.1774647887323943,,7.6,63.6,False,
2026-09,CR01284,tiktok,22400.0,micro,1.3676339285714285,0.0270518110958276,,11.8,19.1,,False,
2026-07,CR01284,youtube,378220.0,mid,0.7588229073026281,0.1397283720705979,0.3222646918299092,24.0,84.0,96.1,True,
2026-08,CR01284,youtube,392717.0,mid,0.6701976232248668,0.1233484460590111,0.2227926078028747,21.0,71.4,89.4,True,
2026-09,CR01284,youtube,415233,mid,0.7180305996874045,,0.2017561566410981,21.7,,82.9,False,
2026-07,CR01285,all,,,,,,83.0,31.0,27.7,True,The Pulse
2026-08,CR01285,all,,,,,,84.5,48.1,62.7,True,The Pulse
2026-09,CR01285,all,,,,,,,34.4,68.0,False,The Hub
2026-07,CR01285,youtube,51374.0,micro,2.4616342897185346,0.0592577319587628,0.0484613967201031,83.0,31.0,27.7,True,
2026-08,CR01285,youtube,54392.0,micro,2.4816700985439035,0.0905445504852033,0.1112920738327904,84.5,48.1,62.7,True,
2026-09,CR01285,youtube,56390.0,micro,,0.05817226496528429,0.1377726750861079,,34.4,68.0,False,
2026-07,CR01287,all,,,,,,41.6,60.4,71.3,False,The Hub
2026-08,CR01287,all,,,,,,56.2,51.1,47.0,True,The Pulse
2026-09,CR01287,all,,,,,,52.8,54.3,47.6,True,The Lens
2026-07,CR01287,instagram,4860.0,nano,0.1767489711934156,0.1599045346062052,,6.5,83.9,,False,
2026-08,CR01287,instagram,5229.0,nano,0.144578313253012,0.2151986985823843,0.0289855072463768,4.9,94.4,7.7,True,
2026-09,CR01287,instagram,5712,nano,0.24544817927170867,0.23103448275862068,0.09,13.0,96.3,30.7,True,
2026-07,CR01287,tiktok,13080.0,micro,3.711238532110092,0.0313192027839291,0.3645569620253164,61.3,19.5,95.9,True,
2026-08,CR01287,tiktok,12962.0,micro,9.658463200123435,-0.0335520429466149,0.2841305686717306,93.3,6.2,86.5,True,
2026-09,CR01287,tiktok,13262,micro,6.201251696576685,0.005611161662117076,0.23934073808670728,82.2,12.4,80.6,True,
2026-07,CR01287,youtube,105629.0,mid,1.3769608724876692,0.1280328919265271,0.0850712368366714,56.9,77.8,46.7,True,
2026-08,CR01287,youtube,109958.0,mid,1.7535604503537714,0.0907016882575832,0.0750840010338588,70.5,52.8,46.8,True,
2026-09,CR01287,youtube,109721,mid,1.615178498190866,0.09407001904533988,0.049893842887473464,63.3,54.2,31.6,True,
2026-07,CR01290,all,,,,,,69.2,45.2,61.9,True,The Pulse
2026-08,CR01290,all,,,,,,56.0,59.3,82.6,False,The Hub
2026-09,CR01290,all,,,,,,70.6,54.2,46.8,True,The Pulse
2026-07,CR01290,instagram,35720.0,micro,1.7241601343784994,0.1773236651285431,0.2216551221290557,93.1,87.6,75.9,True,
2026-08,CR01290,instagram,37440.0,micro,2.8506410256410257,0.2093023255813953,0.2344660194174757,99.1,92.8,80.0,True,
2026-09,CR01290,instagram,38554,micro,1.191082637339835,0.23301778175770757,0.09340659340659341,81.8,96.0,32.6,True,
2026-07,CR01290,tiktok,125903.0,mid,1.928992954893847,0.0001906592839155,0.1541267942583732,26.0,14.7,54.8,True,
2026-08,CR01290,tiktok,122970.0,mid,1.3640725380174026,0.0598121175558045,0.2759725741541213,12.8,41.4,85.4,True,
2026-09,CR01290,tiktok,131260.0,mid,3.544263294225202,0.04075483666349508,0.2491942824808719,55.6,27.8,82.4,True,
2026-07,CR01290,youtube,3378.0,nano,3.009177027827117,0.0788885340146917,0.1003649635036496,88.4,33.3,55.0,True,
2026-08,CR01290,youtube,3406.0,nano,,0.0937700706486833,0.1908396946564885,,43.8,82.4,False,
2026-09,CR01290,youtube,3634,nano,2.015685195376995,0.07324276432368576,0.03926096997690531,74.3,38.7,25.3,True,
2026-07,CR01291,all,,,,,,41.9,61.1,69.5,True,The Hub
2026-08,CR01291,all,,,,,,38.0,55.6,28.7,True,The Lens
2026-09,CR01291,all,,,,,,55.4,50.0,43.9,True,The Pulse
2026-07,CR01291,instagram,24160.0,micro,0.4380794701986755,0.0228619813717188,0.106,30.5,18.2,38.3,True,
2026-08,CR01291,instagram,23900.0,micro,0.4618828451882845,0.0258722899728997,0.1783216783216783,36.9,15.5,67.6,True,
2026-09,CR01291,instagram,24200.0,micro,0.7202479338842975,-0.08610271903323263,0.19674039580908032,59.8,1.6,69.6,True,
2026-07,CR01291,tiktok,309007.0,mid,4.179442536900458,0.1129852541799033,0.2789885504619601,66.5,71.8,86.1,True,
2026-08,CR01291,tiktok,319390.0,mid,2.5366198065061525,0.0966556791649498,0.0498260437375745,38.9,59.9,12.4,True,
2026-09,CR01291,tiktok,334890.0,mid,4.1754367105616765,0.09832409563477748,0.09278413799453669,64.7,63.6,29.0,True,
2026-07,CR01291,youtube,223687.0,mid,0.8450513440655917,0.1976922870987604,0.1882510013351135,28.7,93.2,84.0,True,
2026-08,CR01291,youtube,239710.0,mid,0.9888823995661424,0.1774732291973671,0.0090113285272914,38.1,91.3,6.1,True,
2026-09,CR01291,youtube,250983,mid,1.061123661761952,0.1737721324815504,0.05246636771300448,41.8,84.9,33.0,True,
2026-07,CR01292,all,,,,,,35.2,36.6,54.7,False,The Hub
2026-08,CR01292,all,,,,,,36.6,34.8,34.6,False,The Pulse
2026-09,CR01292,all,,,,,,32.2,18.3,28.4,False,The Pulse
2026-07,CR01292,instagram,98777.0,micro,0.3143646800368507,-0.0484369731708491,,18.8,4.0,,True,
2026-08,CR01292,instagram,99620.0,micro,0.2506825938566553,-0.0233333333333333,,12.9,5.5,,True,
2026-09,CR01292,instagram,,,,,,,,,False,
2026-07,CR01292,tiktok,,,,,,,,,False,
2026-08,CR01292,tiktok,,,,,0.0802269945476799,,,25.4,False,
2026-09,CR01292,tiktok,46850.0,micro,1.6447385272145143,0.024939838109822796,0.12302391568706932,18.8,18.3,45.1,True,
2026-07,CR01292,youtube,236901.0,mid,1.267052481838405,0.1152270929838436,0.0996435601425759,51.6,69.1,54.7,True,
2026-08,CR01292,youtube,239667.0,mid,1.5078004063972097,0.1089174420595298,0.0676911022113877,60.3,64.0,43.9,True,
2026-09,CR01292,youtube,256642,mid,1.132647812906695,,0.018226285448087114,45.6,,11.8,False,
2026-07,CR01295,all,,,,,,91.4,72.3,8.2,False,The Pulse
2026-08,CR01295,all,,,,,,50.6,38.8,80.6,False,The Hub
2026-09,CR01295,all,,,,,,56.6,58.4,60.6,False,The Hub
2026-07,CR01295,tiktok,19755.0,micro,8.479929131865351,0.1275684931506849,0.0426494345718901,91.4,72.3,8.2,True,
2026-08,CR01295,tiktok,20640.0,micro,6.879893410852713,0.1072961373390558,,85.3,63.3,,False,
2026-09,CR01295,tiktok,21210.0,micro,6.9996699669966995,0.14524838012958963,,87.5,76.8,,False,
2026-07,CR01295,youtube,,,,,,,,,False,
2026-08,CR01295,youtube,1354015.0,macro,0.556186600591574,-0.0017391958265198,0.1806760261110614,16.0,14.3,80.6,True,
2026-09,CR01295,youtube,1396088,macro,0.7842958323544075,0.04554734248504048,0.11369973460543555,25.7,40.0,60.6,True,
2026-07,CR01296,all,,,,,,51.5,49.8,64.9,True,The Hub
2026-08,CR01296,all,,,,,,64.7,82.4,45.7,False,The Lens
2026-09,CR01296,all,,,,,,62.4,39.2,66.6,False,The Hub
2026-07,CR01296,instagram,1217424.0,macro,0.3620718829265728,0.0895178705509322,0.1793172326130379,23.1,64.3,63.4,True,
2026-08,CR01296,instagram,1226483.0,macro,1.073993687641818,0.1348474712397998,0.090620452440799,80.5,82.4,32.4,True,
2026-09,CR01296,instagram,1308790.0,macro,0.507610846659892,0.08615982140634207,0.12032259297481175,42.3,25.0,42.3,True,
2026-07,CR01296,tiktok,28190.0,micro,4.021816246896062,0.0180570603105814,0.2200040330711837,63.6,16.1,74.9,True,
2026-08,CR01296,tiktok,28520.0,micro,3.149438990182328,,0.0842444882595447,48.9,,28.7,False,
2026-09,CR01296,tiktok,,,,,,,,,False,
2026-07,CR01296,youtube,6218.0,nano,1.6611450627211322,0.1428046315015622,0.1037851037851037,67.8,68.9,56.3,True,
2026-08,CR01296,youtube,,,,,0.1598984771573604,,,76.0,False,
2026-09,CR01296,youtube,6772,nano,2.4855286473715297,0.11308349769888232,0.24233490566037735,82.5,53.3,90.9,True,
2026-07,CR01297,all,,,,,,6.8,86.5,33.6,True,The Lens
2026-08,CR01297,all,,,,,,14.1,94.3,22.1,True,The Lens
2026-09,CR01297,all,,,,,,10.1,83.4,11.7,True,The Lens
2026-07,CR01297,tiktok,244110.0,mid,1.1005898979968047,0.154948902346707,0.1053286852589641,6.8,86.5,33.6,True,
2026-08,CR01297,tiktok,262310.0,mid,1.4378597842247722,0.1747503246898652,0.0746226785614094,14.1,94.3,22.1,True,
2026-09,CR01297,tiktok,278658,mid,1.2519647740240725,0.15181250775017566,0.04724955841534191,10.1,83.4,11.7,True,
2026-07,CR01298,all,,,,,,58.5,49.2,35.4,True,The Pulse
2026-08,CR01298,all,,,,,,73.5,37.5,40.2,False,The Pulse
2026-09,CR01298,all,,,,,,73.6,44.9,50.2,True,The Pulse
2026-07,CR01298,instagram,21760.0,micro,0.9701746323529412,0.1903719912472647,0.1730418943533697,75.2,90.9,60.5,True,
2026-08,CR01298,instagram,22710.0,micro,1.2695288419198592,0.0727444496929617,0.1271186440677966,85.3,39.2,46.4,True,
2026-09,CR01298,instagram,23570.0,micro,1.9571489181162494,0.12829104834849211,0.16678805535324107,93.4,65.9,59.9,True,
2026-07,CR01298,tiktok,13120.0,micro,1.4245426829268293,0.0710204081632653,0.0646900269541779,13.5,40.1,15.1,True,
2026-08,CR01298,tiktok,7920.0,nano,3.3873737373737374,0.0969529085872576,0.1214707813525935,53.4,35.8,45.9,True,
2026-09,CR01298,tiktok,8240.0,nano,2.454247572815534,0.11956521739130435,0.21057192374350087,37.6,50.0,73.8,True,
2026-07,CR01298,youtube,8985.0,nano,2.889927657206455,0.0263879369431117,0.0558375634517766,86.9,16.7,30.5,True,
2026-08,CR01298,youtube,9230.0,nano,2.3602383531961,,0.0433789954337899,81.8,,28.3,False,
2026-09,CR01298,youtube,9294,nano,3.1362169141381537,0.02775627557226584,0.02735562310030395,89.7,18.7,16.8,True,
2026-07,CR01300,all,,,,,,52.0,21.1,43.9,False,The Pulse
2026-08,CR01300,all,,,,,,49.9,6.1,55.5,True,The Hub
2026-09,CR01300,all,,,,,,71.5,20.5,52.8,False,The Pulse
2026-07,CR01300,instagram,19429.0,micro,0.4201966133100005,0.0632045529167122,0.1002785515320334,28.7,35.8,35.4,True,
2026-08,CR01300,instagram,18930.0,micro,0.5149498151082937,-0.0247295208655332,0.0232142857142857,42.9,4.8,7.0,True,
2026-09,CR01300,instagram,,,,,0.06907894736842106,,,20.2,False,
2026-07,CR01300,tiktok,209080.0,mid,5.105031566864358,-0.0438735286316617,0.1587408064013799,75.3,6.4,55.9,True,
2026-08,CR01300,tiktok,201270.0,mid,1.9855815571123367,-0.104949526393027,0.2265691263782867,27.5,1.9,75.7,True,
2026-09,CR01300,tiktok,201666,mid,7.960538712524669,-0.05689954310139221,0.19921148223620094,90.3,1.3,70.7,True,
2026-07,CR01300,youtube,,,,,0.0750222617987533,,,40.4,False,
2026-08,CR01300,youtube,60435.0,micro,2.174782824522214,0.0067801692543479,0.1951861107457582,79.2,11.7,83.7,True,
2026-09,CR01300,youtube,60771,micro,1.297872340425532,0.07283961514696796,0.1352975382826129,52.7,39.7,67.4,True,
2026-08,CR01301,all,,,,,,53.8,10.6,42.8,True,The Pulse
2026-08,CR01301,youtube,587840.0,mid,1.3415300081654873,-0.0089856196368663,0.0663210516571005,53.8,10.6,42.8,True,
2026-07,CR01302,all,,,,,,68.4,99.1,44.8,False,The Lens
2026-08,CR01302,all,,,,,,56.8,74.4,60.3,False,The Lens
2026-07,CR01302,instagram,14600.0,micro,0.8367123287671233,0.2553740326741187,,67.2,98.2,,False,
2026-08,CR01302,instagram,15820.0,micro,0.7008849557522124,0.2645883293365307,0.2739463601532567,61.2,99.0,86.2,True,
2026-07,CR01302,tiktok,,,,,0.0489411157024793,,,9.8,False,
2026-08,CR01302,tiktok,71380.0,micro,3.2941159988792377,0.083485124468731,0.0934549006838163,52.3,49.8,34.4,True,
2026-07,CR01302,youtube,1417116.0,macro,1.738080016032562,0.2200971520769226,0.1664639029197979,69.7,100.0,79.9,True,
2026-08,CR01302,youtube,,,,,,,,,False,
2026-07,CR01303,all,,,,,,61.8,35.4,45.3,True,The Pulse
2026-08,CR01303,all,,,,,,53.2,39.4,40.6,False,The Pulse
2026-09,CR01303,all,,,,,,57.0,60.1,31.6,False,The Lens
2026-07,CR01303,instagram,188180.0,mid,0.7356095227973217,0.0181798506655123,0.306161043097442,59.2,16.4,91.2,True,
2026-08,CR01303,instagram,192297.0,mid,0.8315626348824995,0.0274031885792443,,70.3,19.3,,False,
2026-09,CR01303,instagram,,,,,,,,,False,
2026-07,CR01303,tiktok,4780.0,nano,7.595188284518828,0.0885524202798807,0.1005104043973302,89.2,28.1,31.7,True,
2026-08,CR01303,tiktok,4900.0,nano,5.146530612244898,,0.1363636363636363,73.1,,51.2,False,
2026-09,CR01303,tiktok,5100.0,nano,5.337843137254902,0.12087912087912088,0.06911447084233262,75.9,52.1,21.5,True,
2026-07,CR01303,youtube,129654.0,mid,0.9753266385919448,0.1060174364048931,0.0202132739137354,36.9,61.7,13.1,True,
2026-08,CR01303,youtube,135110.0,mid,0.5668196284508918,0.1015898899306971,0.0464431354780244,16.2,59.6,29.9,True,
2026-09,CR01303,youtube,138016,mid,1.0075643403663344,0.11962359049241503,0.07467256336111584,38.0,68.1,41.7,True,
2026-09,CR01304,all,,,,,,53.4,40.1,87.6,True,The Hub
2026-09,CR01304,instagram,73750.0,micro,0.6620203389830508,0.19220821209182024,0.28331936295054483,55.6,90.5,87.8,True,
2026-09,CR01304,tiktok,9623,nano,2.2913852229034606,0.06272777471010492,0.33167495854063017,33.0,27.1,95.1,True,
2026-09,CR01304,youtube,8604,nano,1.9424686192468619,-0.06376496191512514,0.18645640074211503,71.5,2.7,79.8,True,
2026-07,CR01305,all,,,,,,1.4,61.4,15.5,True,The Lens
2026-08,CR01305,all,,,,,,2.5,46.8,40.7,True,The Lens
2026-09,CR01305,all,,,,,,8.6,57.8,,False,The Lens
2026-07,CR01305,youtube,33435.0,micro,0.2777628233886646,0.1159507359567437,0.0249110320284697,1.4,61.4,15.5,True,
2026-08,CR01305,youtube,35200.0,micro,0.2727556818181818,0.0884353741496598,0.0642201834862385,2.5,46.8,40.7,True,
2026-09,CR01305,youtube,36989,micro,0.41744843061450704,0.10791948721020787,,8.6,57.8,,False,
2026-07,CR01307,all,,,,,,21.0,81.0,37.5,True,The Lens
2026-08,CR01307,all,,,,,,31.4,52.6,58.4,True,The Hub
2026-09,CR01307,all,,,,,,28.0,68.6,20.4,False,The Lens
2026-07,CR01307,instagram,296288.0,mid,0.1890424181877092,0.1571489943370435,0.1546233925290875,7.4,83.6,54.9,True,
2026-08,CR01307,instagram,317500.0,mid,0.1469952755905511,0.137055473982022,0.2570264765784114,5.3,77.1,83.0,True,
2026-09,CR01307,instagram,341020.0,mid,0.3210046331593455,0.21510778549795118,,20.7,95.7,,False,
2026-07,CR01307,youtube,191842.0,mid,0.932392281148028,0.1291731412158026,0.034866093986862,34.6,78.4,20.1,True,
2026-08,CR01307,youtube,194060.0,mid,1.4287952179738226,0.04389456697149,0.0513447432762836,57.5,28.0,33.7,True,
2026-09,CR01307,youtube,205616,mid,0.9450480507353514,0.0652519674025106,0.03248049355833787,35.2,41.6,20.4,True,
2026-07,CR01309,all,,,,,,44.0,70.8,81.2,False,The Hub
2026-08,CR01309,all,,,,,,59.1,80.1,66.2,True,The Lens
2026-09,CR01309,all,,,,,,64.8,82.4,97.5,False,The Hub
2026-07,CR01309,instagram,57650.0,micro,0.7607979184735473,0.1189829192546583,0.2533215234720992,60.9,65.3,81.2,True,
2026-08,CR01309,instagram,59870.0,micro,1.4220644730248873,0.1334721696327148,0.2824582824582825,88.3,71.1,87.9,True,
2026-09,CR01309,instagram,62685,micro,1.7631969370662839,0.1380718954248366,0.36137184115523463,90.4,72.6,97.5,True,
2026-07,CR01309,tiktok,69739.0,micro,2.011356629719382,0.1372219685604331,,27.2,76.4,,False,
2026-08,CR01309,tiktok,74060.0,micro,2.1467188765865517,0.1838235294117647,0.1182970425739356,29.9,89.1,44.6,True,
2026-09,CR01309,tiktok,78250.0,micro,2.5497635782747605,0.19047619047619047,,39.3,92.1,,False,
2026-07,CR01312,all,,,,,,76.0,89.3,45.0,True,The Lens
2026-08,CR01312,all,,,,,,68.0,83.4,44.2,True,The Lens
2026-09,CR01312,all,,,,,,86.2,84.0,15.8,False,The Pulse
2026-07,CR01312,tiktok,4574.0,nano,3.505465675557499,0.1948798328108673,0.2418772563176895,58.5,84.2,79.0,True,
2026-08,CR01312,tiktok,4750.0,nano,3.8985263157894736,0.1585365853658536,0.2205188679245283,61.9,69.8,74.2,True,
2026-09,CR01312,tiktok,5020.0,nano,6.3280876494023905,0.18396226415094338,,83.1,83.3,,False,
2026-07,CR01312,youtube,27770.0,micro,3.512063377745769,0.2110771914522459,0.0167570231641202,93.6,94.4,10.9,True,
2026-08,CR01312,youtube,29392.0,micro,1.9210329341317365,0.2377142375879058,0.0207052733743125,74.1,97.1,14.2,True,
2026-09,CR01312,youtube,31907,micro,3.0742156893471653,0.16657526233044495,0.025670410268164107,89.4,84.8,15.8,True,
2026-07,CR01313,all,,,,,,32.1,50.6,30.8,True,The Lens
2026-08,CR01313,all,,,,,,40.6,52.6,39.1,True,The Lens
2026-09,CR01313,all,,,,,,,,,False,
2026-07,CR01313,instagram,69185.0,micro,0.1583368509919797,0.1373125986322987,0.0412371134020618,5.2,75.5,9.0,True,
2026-08,CR01313,instagram,74780.0,micro,0.2981813319069269,0.081886574074074,0.0527045769764216,17.8,44.3,16.3,True,
2026-09,CR01313,instagram,,,,,,,,,False,
2026-07,CR01313,tiktok,2309.0,nano,3.5400606323083585,0.0699721964782205,0.2122015915119363,58.9,19.3,73.3,True,
2026-08,CR01313,tiktok,2330.0,nano,6.627896995708155,0.1169082125603864,0.2614475627769572,84.1,52.8,83.0,True,
2026-09,CR01313,tiktok,,,,,,,,,False,
2026-07,CR01313,youtube,10566.0,micro,0.8952299829642248,0.1067351000314234,0.0147058823529411,32.2,56.9,10.1,True,
2026-08,CR01313,youtube,11429.0,micro,0.6401259952751772,0.1164403633877112,0.0270880361173814,19.9,60.7,17.9,True,
2026-09,CR01313,youtube,,,,,,,,,False,
2026-07,CR01314,all,,,,,,79.4,68.8,82.2,False,The Hub
2026-08,CR01314,all,,,,,,84.0,56.0,64.5,True,The Pulse
2026-09,CR01314,all,,,,,,91.8,87.9,78.1,False,The Pulse
2026-07,CR01314,instagram,257950.0,mid,0.7833921302578019,0.0853283965161778,0.2153955519447547,64.2,50.7,74.9,True,
2026-08,CR01314,instagram,260780.0,mid,0.8142572283150549,0.0657566717070579,0.1431170406306852,69.0,37.1,55.2,True,
2026-09,CR01314,instagram,,,,,,,,,False,
2026-07,CR01314,tiktok,21310.0,micro,10.267714687939934,0.107012987012987,0.302941606907654,94.5,61.0,90.9,True,
2026-08,CR01314,tiktok,22160.0,micro,10.97423285198556,0.0700144857556736,0.219035458206463,96.1,41.1,74.0,True,
2026-09,CR01314,tiktok,22520.0,micro,,0.15250767656090072,0.21700729177364692,,80.1,75.1,False,
2026-07,CR01314,youtube,39779.0,micro,,0.2134403026050881,0.1703936425799297,,94.8,80.8,False,
2026-08,CR01314,youtube,41510.0,micro,2.6865574560346905,0.1890575766256087,0.115086314736052,86.8,89.9,64.2,True,
2026-09,CR01314,youtube,44543,micro,3.466829804907617,0.21925382530862508,0.19228716306378435,91.8,95.7,81.1,True,
2026-07,CR01316,all,,,,,,42.5,40.3,75.1,False,The Hub
2026-08,CR01316,all,,,,,,30.6,10.8,80.8,False,The Hub
2026-07,CR01316,instagram,12740.0,micro,0.7121664050235479,0.1146106736657917,,57.2,62.8,,False,
2026-08,CR01316,instagram,,,,,,,,,False,
2026-07,CR01316,tiktok,119140.0,mid,2.042160483464832,0.0116328436783561,0.2201899402040098,27.8,17.9,75.1,True,
2026-08,CR01316,tiktok,122400.0,mid,2.189640522875817,-0.0065741417092768,0.243721955443596,30.6,10.8,80.8,True,
2026-09,CR01318,all,,,,,,66.6,87.6,16.1,True,The Lens
2026-09,CR01318,tiktok,53857,micro,4.320756818983605,0.17460905978059366,0.05588006230529595,66.6,87.6,16.1,True,
2026-07,CR01321,all,,,,,,15.4,43.6,19.2,False,The Lens
2026-08,CR01321,all,,,,,,12.6,48.0,41.0,True,The Lens
2026-09,CR01321,all,,,,,,2.1,57.6,33.4,False,The Lens
2026-07,CR01321,instagram,39832.0,micro,0.4212191203052822,0.0516699669966996,,28.9,31.4,,False,
2026-08,CR01321,instagram,40770.0,micro,0.3432916360068678,0.1309292649098474,0.1037463976945245,23.4,69.8,36.8,True,
2026-09,CR01321,instagram,,,,,,,,,False,
2026-07,CR01321,tiktok,248400.0,mid,0.6665700483091788,0.0882803943044907,0.0761686825760052,1.8,55.8,19.2,True,
2026-08,CR01321,tiktok,264420.0,mid,0.5144694047348914,0.0338194471595574,0.1205426356589147,1.8,26.1,45.3,True,
2026-09,CR01321,tiktok,264610.0,mid,0.6302067193227769,0.09194074196343828,0.10225846925972397,2.1,57.6,33.4,True,
2026-07,CR01322,all,,,,,,59.1,45.4,29.1,True,The Pulse
2026-08,CR01322,all,,,,,,64.4,56.2,37.2,True,The Pulse
2026-07,CR01322,instagram,33660.0,micro,0.5225844694724363,0.0447575889254454,,40.2,27.0,,True,
2026-08,CR01322,instagram,34210.0,micro,0.5933060508623209,0.0395016712245518,,53.1,22.3,,True,
2026-07,CR01322,tiktok,25680.0,micro,3.7671728971962617,0.1248357424441524,0.0123045372981286,61.6,71.5,0.5,True,
2026-08,CR01322,tiktok,27750.0,micro,3.0524684684684686,0.1257606490872211,0.016254100805249,47.0,71.3,2.4,True,
2026-07,CR01322,youtube,6749.0,nano,1.969032449251741,0.0867954911433172,0.1071098799630655,75.4,37.8,57.7,True,
2026-08,CR01322,youtube,6950.0,nano,3.5897841726618704,0.1622073578595317,0.1427985227739023,93.1,75.0,72.0,True,
2026-07,CR01323,all,,,,,,68.1,25.6,,False,The Pulse
2026-08,CR01323,all,,,,,,,,29.1,False,The Hub
2026-09,CR01323,all,,,,,,34.0,15.2,42.2,True,The Hub
2026-07,CR01323,tiktok,212020.0,mid,4.26753136496557,0.0265820946109524,,68.1,25.6,,False,
2026-08,CR01323,tiktok,,,,,0.0851423143229075,,,29.1,False,
2026-09,CR01323,tiktok,221760.0,mid,2.371865981240981,0.01752775993392677,0.12091836734693878,34.0,15.2,42.2,True,
2026-07,CR01324,all,,,,,,51.4,24.9,24.2,False,The Pulse
2026-08,CR01324,all,,,,,,62.4,48.1,37.8,False,The Pulse
2026-09,CR01324,all,,,,,,63.8,17.4,69.4,False,The Hub
2026-07,CR01324,instagram,,,,,,,,,False,
2026-08,CR01324,instagram,,,,,,,,,False,
2026-09,CR01324,instagram,,,,,,,,,False,
2026-07,CR01324,tiktok,28744.0,micro,3.896604508767047,0.0118988945997324,0.1195243295716539,62.4,13.5,41.6,True,
2026-08,CR01324,tiktok,29040.0,micro,3.623829201101928,0.0367725812209925,0.2050190454850997,58.7,24.7,70.4,True,
2026-09,CR01324,tiktok,28480.0,micro,4.10874297752809,0.02078853046594982,0.18896792376862165,63.8,17.4,69.4,True,
2026-07,CR01324,youtube,92840.0,micro,1.0535975872468764,0.0694497241133036,0.009494284053478,40.3,36.3,6.9,True,
2026-08,CR01324,youtube,96460.0,micro,1.6529753265602325,0.1401891252955082,0.0074333187581985,66.0,71.4,5.2,True,
2026-09,CR01324,youtube,,,,,,,,,False,
2026-07,CR01325,all,,,,,,84.5,18.8,52.2,False,The Pulse
2026-08,CR01325,all,,,,,,83.0,42.7,64.9,True,The Pulse
2026-09,CR01325,all,,,,,,81.9,44.8,70.9,True,The Pulse
2026-07,CR01325,instagram,111715.0,mid,1.102385534619344,0.0401962792603214,0.2041044776119403,80.8,25.3,72.7,True,
2026-08,CR01325,instagram,108470.0,mid,0.9165206969669032,-0.033674832962138,0.2731006160164271,76.0,7.9,86.0,True,
2026-09,CR01325,instagram,111343,mid,0.9867795909935964,0.03162234781803021,0.289338300514458,74.8,23.9,89.0,True,
2026-07,CR01325,tiktok,67340.0,micro,9.13021978021978,,,92.8,,,False,
2026-08,CR01325,tiktok,73390.0,micro,9.16575827769451,0.1768762026940346,0.4180834129258198,91.9,87.6,97.8,True,
2026-09,CR01325,tiktok,75054,micro,8.83582487275828,0.22884228105506163,0.34332842776551387,93.2,97.1,95.6,True,
2026-07,CR01325,youtube,6166.0,nano,2.280084333441453,0.0085050703303892,0.0579915134370579,79.8,12.2,31.7,True,
2026-08,CR01325,youtube,6250.0,nano,2.32112,0.0637204522096608,0.0163576881134133,81.1,32.5,10.8,True,
2026-09,CR01325,youtube,6255,nano,2.1723421262989606,0.020558002936857563,0.04488330341113106,77.6,13.3,28.2,True,
2026-07,CR01327,all,,,,,,,,,False,
2026-08,CR01327,all,,,,,,79.4,25.0,65.2,True,The Pulse
2026-09,CR01327,all,,,,,,88.8,48.2,87.4,True,The Pulse
2026-07,CR01327,youtube,,,,,,,,,False,
2026-08,CR01327,youtube,51228.0,micro,2.174943390333411,0.043106432367494,0.118809046664758,79.4,25.0,65.2,True,
2026-09,CR01327,youtube,52423,micro,2.942372622703775,0.0858119304059652,0.22139687439706734,88.8,48.2,87.4,True,
2026-07,CR01329,all,,,,,,36.0,62.2,85.6,False,The Hub
2026-08,CR01329,all,,,,,,96.5,19.9,70.6,False,The Pulse
2026-09,CR01329,all,,,,,,96.6,24.7,69.3,False,The Pulse
2026-07,CR01329,tiktok,26040.0,micro,2.3649385560675884,0.1099744245524296,0.2781392322706571,36.0,62.2,85.6,True,
2026-08,CR01329,tiktok,,,,,,,,,False,
2026-09,CR01329,tiktok,,,,,,,,,False,
2026-07,CR01329,youtube,,,,,,,,,False,
2026-08,CR01329,youtube,375181.0,mid,4.475293258453919,0.0218961600688561,0.1384117011877883,96.5,19.9,70.6,True,
2026-09,CR01329,youtube,367231,mid,4.727068248595571,0.026134604530035375,0.143785929373118,96.6,24.7,69.3,True,
2026-08,CR01331,all,,,,,,19.4,90.1,45.7,True,The Lens
2026-08,CR01331,youtube,234530.0,mid,0.633944484714109,0.1749411352136666,0.0730059327620303,19.4,90.1,45.7,True,
2026-07,CR01332,all,,,,,,97.4,17.7,,True,The Pulse
2026-08,CR01332,all,,,,,,96.2,26.8,,True,The Pulse
2026-09,CR01332,all,,,,,,98.7,9.3,,True,The Pulse
2026-07,CR01332,instagram,2315.0,nano,2.266522678185745,0.0409172661870503,,97.4,17.7,,True,
2026-08,CR01332,instagram,2350.0,nano,2.145531914893617,0.0595344673231871,,96.2,26.8,,True,
2026-09,CR01332,instagram,2370.0,nano,3.2869198312236287,-0.005254648342764754,,98.7,9.3,,True,
2026-07,CR01334,all,,,,,,53.4,58.2,31.4,False,The Lens
2026-08,CR01334,all,,,,,,38.2,66.6,82.7,False,The Hub
2026-09,CR01334,all,,,,,,58.0,35.2,68.6,False,The Hub
2026-07,CR01334,instagram,59810.0,micro,,0.1697633483277919,,,85.4,,False,
2026-08,CR01334,instagram,62980.0,micro,0.2036678310574785,0.1996190476190476,0.3236994219653179,8.9,91.1,92.8,True,
2026-09,CR01334,instagram,67340.0,micro,,0.09335931157655464,0.19899665551839466,,52.8,70.7,False,
2026-07,CR01334,tiktok,23923.0,micro,3.8517326422271454,0.0993015347854057,0.0532786885245901,62.0,57.7,10.3,True,
2026-08,CR01334,tiktok,,,,,,,,,False,
2026-09,CR01334,tiktok,,,,,,,,,False,
2026-07,CR01334,youtube,165192.0,mid,1.1350368056564482,0.0466119681946336,0.0950061652281134,44.8,31.5,52.4,True,
2026-08,CR01334,youtube,164740.0,mid,1.6764355954837926,0.0702267264340934,0.1470657332143025,67.4,42.2,72.6,True,
2026-09,CR01334,youtube,162241,mid,1.469868898737064,0.011162355874104083,0.13304424953188135,58.0,17.5,66.5,True,
2026-07,CR01337,all,,,,,,23.3,43.3,30.0,False,The Lens
2026-08,CR01337,all,,,,,,57.2,71.1,66.3,False,The Lens
2026-09,CR01337,all,,,,,,42.8,61.0,82.6,True,The Hub
2026-07,CR01337,tiktok,17364.0,micro,2.263648928818245,0.0987091875474563,,32.9,56.9,,False,
2026-08,CR01337,tiktok,32330.0,micro,3.546241880606248,0.1308149702693249,0.3057810977590127,57.2,72.7,89.6,True,
2026-09,CR01337,tiktok,33730.0,micro,2.5074772245459234,0.10192747468147664,0.30773955773955775,38.9,56.0,92.7,True,
2026-07,CR01337,youtube,37009.0,micro,0.574806128239077,0.0565547561950439,0.0555555555555555,13.7,29.7,30.0,True,
2026-08,CR01337,youtube,38383.0,micro,,0.137982151857452,0.0664739884393063,,69.5,43.0,False,
2026-09,CR01337,youtube,38608,micro,1.1633340240364691,0.1210871711481503,0.1556719022687609,46.8,66.0,72.6,True,
2026-07,CR01341,all,,,,,,56.6,51.1,24.7,True,The Pulse
2026-08,CR01341,all,,,,,,66.0,59.2,12.8,True,The Pulse
2026-09,CR01341,all,,,,,,73.8,57.1,28.6,True,The Pulse
2026-07,CR01341,instagram,7013286.0,macro,0.478736928737827,0.0150185649788733,0.0482875831928932,34.3,7.1,12.2,True,
2026-08,CR01341,instagram,7026670.0,macro,0.6754135315875087,0.0803746048536882,0.0528949696019149,60.1,29.4,16.6,True,
2026-09,CR01341,instagram,7239674,macro,0.7356704183088907,0.06123234559033707,0.06038809023046892,60.9,18.8,18.0,True,
2026-07,CR01341,youtube,11005.0,micro,2.217355747387551,0.2134744734810894,0.0676077265973254,78.9,95.1,37.2,True,
2026-08,CR01341,youtube,12063.0,micro,1.8437370471690293,0.1875369167158889,0.0129701686121919,72.0,89.0,9.0,True,
2026-09,CR01341,youtube,13086,micro,2.790845178052881,0.216057987175913,0.0681044267877412,86.7,95.4,39.2,True,
2026-07,CR01342,all,,,,,,56.7,47.8,45.9,False,The Pulse
2026-08,CR01342,all,,,,,,,,60.5,False,The Hub
2026-09,CR01342,all,,,,,,90.1,41.3,63.5,False,The Pulse
2026-07,CR01342,tiktok,,,,,,,,,False,
2026-08,CR01342,tiktok,,,,,0.1659206207102357,,,60.5,False,
2026-09,CR01342,tiktok,,,,,0.14170506912442396,,,52.5,False,
2026-07,CR01342,youtube,3678.0,nano,1.375747688961392,0.0985663082437276,0.0835214446952596,56.7,47.8,45.9,True,
2026-08,CR01342,youtube,,,,,,,,,False,
2026-09,CR01342,youtube,3840,nano,3.25390625,0.07834877843302443,0.1637065637065637,90.1,41.3,74.5,True,
2026-07,CR01343,all,,,,,,48.0,59.6,45.1,True,The Lens
2026-08,CR01343,all,,,,,,45.1,66.8,48.2,True,The Lens
2026-09,CR01343,all,,,,,,67.6,69.5,43.2,False,The Lens
2026-07,CR01343,instagram,59830.0,micro,7.168594350660204,0.1172735760971055,0.0583343993859536,100.0,64.6,17.3,True,
2026-08,CR01343,instagram,59960.0,micro,7.781537691794529,0.1149126069170695,0.017974351206705,100.0,60.8,4.9,True,
2026-09,CR01343,instagram,63830.0,micro,7.283456055146483,0.09654698505411441,0.0405873954721599,99.8,53.6,9.9,False,
2026-07,CR01343,tiktok,8130.0,nano,1.4688806888068882,0.1868613138686131,0.1861313868613138,15.5,77.2,64.8,True,
2026-08,CR01343,tiktok,8880.0,nano,1.3413288288288288,0.16688567674113,0.1763285024154589,12.0,77.4,63.1,True,
2026-09,CR01343,tiktok,9405,nano,2.394152046783626,0.19504447268106734,0.22141119221411193,35.5,85.4,76.4,True,
2026-07,CR01343,youtube,173667.0,mid,0.8414436824497458,0.0598434038605891,0.0965112487773068,28.4,37.0,53.1,True,
2026-08,CR01343,youtube,182920.0,mid,0.7228843210146512,0.1051900187299861,0.1615515771526001,23.3,62.1,76.7,True,
2026-09,CR01343,youtube,,,,,,,,,False,
2026-07,CR01345,all,,,,,,91.6,,,False,The Pulse
2026-08,CR01345,all,,,,,,,,,False,
2026-09,CR01345,all,,,,,,67.2,22.9,99.2,True,The Hub
2026-07,CR01345,tiktok,4870.0,nano,8.485626283367557,,,91.6,,,False,
2026-08,CR01345,tiktok,,,,,,,,,False,
2026-09,CR01345,tiktok,5120.0,nano,4.341796875,0.05661174482467258,0.45108695652173914,67.2,22.9,99.2,True,
2026-07,CR01347,all,,,,,,49.8,69.9,48.6,False,The Lens
2026-08,CR01347,all,,,,,,42.2,42.5,51.8,False,The Hub
2026-07,CR01347,instagram,,,,,,,,,False,
2026-08,CR01347,instagram,230730.0,mid,0.3293267728137306,-0.0741914774095176,,21.6,2.1,,False,
2026-07,CR01347,tiktok,18580.0,micro,3.640527448869753,0.1569836228905909,0.1319073083778966,60.1,86.1,45.4,True,
2026-08,CR01347,tiktok,20030.0,micro,3.569795307039441,0.1845062093435836,0.0930546190155091,57.6,89.8,34.2,True,
2026-07,CR01347,youtube,1011047.0,macro,1.0401089167961528,0.0525796893837021,0.0944146032577841,39.4,53.8,51.9,True,
2026-08,CR01347,youtube,1059491.0,macro,1.1964820843216224,0.032104117248803,0.1345872270789371,47.3,35.7,69.5,True,
2026-09,CR01348,all,,,,,,,,,False,
2026-09,CR01348,instagram,,,,,,,,,False,
2026-07,CR01349,all,,,,,,56.3,73.0,63.0,True,The Lens
2026-08,CR01349,all,,,,,,51.5,62.2,67.9,True,The Hub
2026-09,CR01349,all,,,,,,60.8,90.6,76.7,False,The Lens
2026-07,CR01349,instagram,8560.0,nano,0.6578271028037384,0.0974358974358974,0.1588089330024814,54.0,43.5,55.6,True,
2026-08,CR01349,instagram,8810.0,nano,0.5466515323496027,0.0783353733170134,0.1531531531531531,48.2,36.6,59.2,True,
2026-09,CR01349,instagram,,,,,0.23738317757009345,,,79.3,False,
2026-07,CR01349,tiktok,442502.0,mid,10.032591943087263,0.1730888017581671,0.1216345305360939,93.9,90.4,42.5,True,
2026-08,CR01349,tiktok,472070.0,mid,9.614156798779842,0.088867477877636,0.1694038946844367,93.1,56.1,61.4,True,
2026-09,CR01349,tiktok,468231,mid,9.580589495355925,0.17340882636124563,,95.3,90.1,,False,
2026-07,CR01349,youtube,224540.0,mid,0.7108310323327692,0.1483072517132044,0.2396293777626657,20.9,85.2,90.8,True,
2026-08,CR01349,youtube,237354.0,mid,0.4966842774926902,0.1820006274681659,0.1927539663746152,13.1,93.8,83.0,True,
2026-09,CR01349,youtube,248173,mid,0.7905493345367949,0.20135251575676016,0.16243216576221017,26.2,91.0,74.1,True,
2026-07,CR01350,all,,,,,,43.9,28.4,65.5,True,The Hub
2026-08,CR01350,all,,,,,,62.7,21.2,42.6,True,The Pulse
2026-09,CR01350,all,,,,,,28.2,29.0,42.3,False,The Hub
2026-07,CR01350,instagram,51115.0,micro,1.0331605203951872,0.0217074097023726,0.3104347826086956,78.6,17.2,91.7,True,
2026-08,CR01350,instagram,50050.0,micro,1.1714485514485515,-0.0126257644505819,0.2974607013301088,82.8,7.6,90.2,True,
2026-09,CR01350,instagram,,,,,,,,,False,
2026-07,CR01350,tiktok,116183.0,mid,2.8516564385495298,0.0972979099177378,0.161441213653603,46.4,61.5,57.1,True,
2026-08,CR01350,tiktok,118500.0,mid,5.592751054852321,0.0828840354564561,0.085820895522388,77.4,53.5,29.8,True,
2026-09,CR01350,tiktok,124201,mid,3.1372050144523795,0.08452598213428104,0.17134703196347031,49.9,51.0,64.0,True,
2026-07,CR01350,youtube,55272.0,micro,0.3969279201042119,-0.0196523589925505,0.0873180873180873,6.7,6.5,47.8,True,
2026-08,CR01350,youtube,54567.0,micro,0.7853647809115399,-0.0473970880904996,0.0115194733955019,27.9,2.6,7.9,True,
2026-09,CR01350,youtube,55202,micro,0.36286728741712254,-0.02416517880818116,0.03278688524590164,6.5,7.1,20.6,True,
2026-07,CR01352,all,,,,,,51.5,69.0,25.8,True,The Lens
2026-08,CR01352,all,,,,,,48.6,77.6,13.8,False,The Lens
2026-09,CR01352,all,,,,,,87.3,89.0,18.3,False,The Lens
2026-07,CR01352,tiktok,104400.0,mid,4.045929118773946,0.0972149238045191,0.0887764745122019,64.2,60.9,25.6,True,
2026-08,CR01352,tiktok,106460.0,mid,4.328498966748074,0.1229957805907173,,68.4,72.6,,False,
2026-09,CR01352,tiktok,,,,,,,,,False,
2026-07,CR01352,youtube,42045.0,micro,1.027351647044833,0.1422788524233862,0.0433025404157043,38.8,77.1,26.1,True,
2026-08,CR01352,youtube,45000.0,micro,0.8026444444444445,0.1618900077459333,0.0202821869488536,28.7,82.5,13.8,True,
2026-09,CR01352,youtube,46497,micro,2.828311503967998,0.17398878957733677,0.028858218318695106,87.3,89.0,18.3,True,
2026-07,CR01354,all,,,,,,40.8,66.3,23.8,False,The Lens
2026-08,CR01354,all,,,,,,64.0,54.8,71.8,True,The Hub
2026-09,CR01354,all,,,,,,11.0,71.6,54.8,False,The Lens
2026-07,CR01354,instagram,,,,,,,,,False,
2026-08,CR01354,instagram,138490.0,mid,1.181789298866344,0.1171251109139307,0.3803930689615071,83.4,67.9,97.2,True,
2026-09,CR01354,instagram,,,,,,,,,False,
2026-07,CR01354,tiktok,,,,,,,,,False,
2026-08,CR01354,tiktok,7685.0,nano,6.5590110605074825,0.0986418870621872,0.3171270718232044,83.7,41.5,91.6,True,
2026-09,CR01354,tiktok,,,,,,,,,False,
2026-07,CR01354,youtube,55992.0,micro,1.0653307615373624,0.1232096288866599,0.0411555203798971,40.8,66.3,23.8,True,
2026-08,CR01354,youtube,58214.0,micro,0.7506441749407359,0.1032692125461954,0.0412903225806451,25.0,54.9,26.5,True,
2026-09,CR01354,youtube,60806,micro,0.49060947932769794,0.13892374833767254,0.1,11.0,71.6,54.8,True,
2026-07,CR01355,all,,,,,,69.9,61.8,38.0,True,The Pulse
2026-08,CR01355,all,,,,,,80.1,60.4,26.9,True,The Pulse
2026-09,CR01355,all,,,,,,73.8,69.0,59.8,False,The Pulse
2026-07,CR01355,instagram,15620.0,micro,0.8628681177976952,0.0276315789473684,0.0873015873015873,68.3,19.7,30.5,True,
2026-08,CR01355,instagram,15640.0,micro,0.8590153452685422,0.102184637068358,0.0812720848056537,72.6,53.6,26.3,True,
2026-09,CR01355,instagram,,,,,,,,,False,
2026-07,CR01355,tiktok,69632.0,micro,7.494456571691177,0.1351069379238393,0.1800380027446426,88.8,75.7,63.0,True,
2026-08,CR01355,tiktok,70279.0,micro,9.270649838500832,0.0723069880988709,0.1036295285937655,92.1,42.5,38.4,True,
2026-09,CR01355,tiktok,72455,micro,8.052611966047891,0.07752595104250319,0.12147980170868052,90.5,44.0,42.7,True,
2026-07,CR01355,youtube,389127.0,mid,1.2855700067073217,0.1716775415448449,0.035403422982885,52.6,90.1,20.5,True,
2026-08,CR01355,youtube,397976.0,mid,1.9475395501236252,0.1572804015249106,0.0245750347179496,75.7,85.1,16.1,True,
2026-09,CR01355,youtube,441711,mid,1.458639246022852,0.22955364723239016,0.1691921726041144,57.2,94.0,77.0,True,
2026-07,CR01356,all,,,,,,66.6,73.0,52.4,True,The Lens
2026-08,CR01356,all,,,,,,,,79.0,False,The Hub
2026-09,CR01356,all,,,,,,98.5,52.4,73.0,False,The Pulse
2026-07,CR01356,instagram,1247168.0,macro,0.4937746959511469,0.1272337144804261,0.1859549149417581,36.5,85.7,65.9,True,
2026-08,CR01356,instagram,,,,,0.2317848007261325,,,79.0,False,
2026-09,CR01356,instagram,1358160.0,macro,,0.12625320297534642,0.27779463066889126,,62.5,87.0,False,
2026-07,CR01356,tiktok,132928.0,mid,12.21881770582571,0.0967566274205658,0.1172855313700384,96.7,60.3,39.0,True,
2026-08,CR01356,tiktok,,,,,,,,,False,
2026-09,CR01356,tiktok,140380,mid,12.077539535546373,0.06977382186185453,0.15449294622776527,98.5,42.4,59.1,True,
2026-07,CR01359,all,,,,,,,,,False,
2026-08,CR01359,all,,,,,,89.8,81.8,59.4,True,The Pulse
2026-07,CR01359,instagram,,,,,,,,,False,
2026-08,CR01359,instagram,33210.0,micro,1.5160493827160493,0.1681322546605698,0.1531966224366706,89.8,81.8,59.4,True,
2026-07,CR01361,all,,,,,,58.5,34.3,39.3,False,The Pulse
2026-09,CR01361,all,,,,,,63.4,50.2,87.1,True,The Hub
2026-07,CR01361,tiktok,176980.0,mid,2.440563905526048,0.0287142524994187,,38.6,26.9,,False,
2026-09,CR01361,tiktok,184753,mid,3.702749075793086,0.09080550028635025,0.2972497802335803,57.9,57.0,90.7,True,
2026-07,CR01361,youtube,27384.0,micro,2.184414256500146,0.0812603648424544,0.0733828207847295,78.4,41.8,39.3,True,
2026-09,CR01361,youtube,27580.0,micro,1.8286802030456852,0.07818608287724785,0.20380570856284427,68.8,43.3,83.4,True,
2026-07,CR01362,all,,,,,,42.2,59.4,62.8,True,The Hub
2026-08,CR01362,all,,,,,,50.8,70.1,67.0,False,The Lens
2026-09,CR01362,all,,,,,,40.7,74.4,74.9,True,The Hub
2026-07,CR01362,instagram,13780.0,micro,0.1199564586357039,0.1304347826086956,0.19,2.2,72.6,67.8,True,
2026-08,CR01362,instagram,13630.0,micro,0.1396918561995598,0.1227347611202635,0.1125,4.3,66.7,40.6,True,
2026-09,CR01362,instagram,14246,micro,0.11519022883616453,0.14114066004485742,0.20224719101123595,3.0,74.2,71.3,True,
2026-07,CR01362,tiktok,266170.0,mid,4.806510876507495,0.0876956397368313,0.0940794990775423,73.6,54.5,28.3,True,
2026-08,CR01362,tiktok,278840.0,mid,7.16000932434371,0.100959450388913,,86.6,62.4,,False,
2026-09,CR01362,tiktok,285010.0,mid,5.6431949756148905,0.09337476502858019,0.1453965264699728,79.5,59.6,54.7,True,
2026-07,CR01362,youtube,3614.0,nano,1.244327614831212,0.1072303921568627,0.2589285714285714,50.9,51.1,92.4,True,
2026-08,CR01362,youtube,3895.0,nano,1.5409499358151475,0.1875,0.2602739726027397,61.6,81.2,93.5,True,
2026-09,CR01362,youtube,3888,nano,1.0406378600823045,0.19263803680981595,0.4046242774566474,39.5,89.3,98.7,True,
2026-07,CR01364,all,,,,,,95.9,79.8,16.0,True,The Pulse
2026-08,CR01364,all,,,,,,,95.3,,False,The Lens
2026-09,CR01364,all,,,,,,,,,False,
2026-07,CR01364,tiktok,47780.0,micro,11.59905818334031,0.1414237935977066,0.0678483188312385,95.9,79.8,16.0,True,
2026-08,CR01364,tiktok,49681.0,micro,,0.2041251605710269,,,95.3,,False,
2026-09,CR01364,tiktok,,,,,,,,,False,
2026-07,CR01365,all,,,,,,41.4,64.0,35.1,False,The Lens
2026-08,CR01365,all,,,,,,49.4,35.0,43.6,False,The Pulse
2026-09,CR01365,all,,,,,,46.7,55.4,19.6,False,The Lens
2026-07,CR01365,instagram,23000.0,micro,0.7554347826086957,0.0859301227573182,0.1080168776371308,60.3,50.4,39.0,True,
2026-08,CR01365,instagram,23860.0,micro,0.7484911986588433,0.0623330365093499,0.0933572710951526,65.4,34.7,33.6,True,
2026-09,CR01365,instagram,,,,,,,,,False,
2026-07,CR01365,tiktok,,,,,,,,,False,
2026-08,CR01365,tiktok,,,,,,,,,False,
2026-09,CR01365,tiktok,20153,micro,4.46866471493078,0.13961773354444695,,68.5,75.1,,False,
2026-07,CR01365,youtube,19296.0,micro,0.7293221393034826,0.143127962085308,0.0578093306288032,22.5,77.5,31.2,True,
2026-08,CR01365,youtube,19180.0,micro,0.8803441084462982,0.0691192865105908,0.0885750962772785,33.5,35.4,53.6,True,
2026-09,CR01365,youtube,20513,micro,0.7621995807536684,0.06131001655629139,0.03024390243902439,24.9,35.8,19.6,True,
2026-07,CR01367,all,,,,,,34.3,67.1,54.7,True,The Lens
2026-08,CR01367,all,,,,,,38.7,65.9,62.0,True,The Lens
2026-09,CR01367,all,,,,,,12.5,79.5,,False,The Lens
2026-07,CR01367,instagram,69488.0,micro,0.7791273313377849,0.1938493256593076,0.2903469079939668,63.7,91.6,89.8,True,
2026-08,CR01367,instagram,74520.0,micro,1.5794685990338164,0.2380794151852467,0.2961818181818181,90.7,97.3,89.7,True,
2026-09,CR01367,instagram,,,,,,,,,False,
2026-07,CR01367,tiktok,34806.0,micro,1.7527725104866978,0.0540565094939583,0.0192967409948542,21.7,30.0,3.0,True,
2026-08,CR01367,tiktok,35052.0,micro,1.458518772110008,0.0071834952014252,0.0197706603400553,15.1,14.2,3.3,True,
2026-09,CR01367,tiktok,34160.0,micro,1.6269906323185013,,,18.2,,,False,
2026-07,CR01367,youtube,171723.0,mid,0.6497382412373416,0.1342562930573261,0.1369359331476323,17.6,79.6,71.4,True,
2026-08,CR01367,youtube,178155.0,mid,0.4543964525272936,0.161845074280348,0.2565249813571961,10.2,86.3,93.0,True,
2026-09,CR01367,youtube,183758,mid,0.3647950021223566,0.14656700027454014,,6.8,79.5,,False,
2026-07,CR01371,all,,,,,,80.8,57.4,59.8,False,The Pulse
2026-08,CR01371,all,,,,,,88.4,36.0,71.5,False,The Pulse
2026-09,CR01371,all,,,,,,82.5,27.8,58.5,False,The Pulse
2026-07,CR01371,tiktok,,,,,0.1706405693950178,,,59.8,False,
2026-08,CR01371,tiktok,,,,,,,,,False,
2026-09,CR01371,tiktok,18510.0,micro,6.229011345218801,0.04872521246458923,0.15393402827359703,82.5,27.8,58.5,True,
2026-07,CR01371,youtube,218904.0,mid,2.3398932865548367,0.0928206638676857,,80.8,57.4,,False,
2026-08,CR01371,youtube,228201.0,mid,2.8213022729961743,0.0565056760310376,0.1419724051426779,88.4,36.0,71.5,True,
2026-09,CR01371,youtube,,,,,,,,,False,
2026-07,CR01373,all,,,,,,77.6,22.0,58.7,False,The Pulse
2026-08,CR01373,all,,,,,,79.6,41.7,57.5,True,The Pulse
2026-09,CR01373,all,,,,,,85.2,39.6,40.4,True,The Pulse
2026-07,CR01373,instagram,20037.0,micro,0.8439387133802465,-0.0762528237517864,0.4432314410480349,67.6,1.5,98.0,True,
2026-08,CR01373,instagram,19820.0,micro,1.1731584258324923,-0.075990675990676,0.270440251572327,83.0,2.1,85.5,True,
2026-09,CR01373,instagram,19040.0,micro,1.323844537815126,-0.09613754121526143,0.3390151515151515,85.7,1.2,94.5,True,
2026-07,CR01373,tiktok,,,,,,,,,False,
2026-08,CR01373,tiktok,95980.0,micro,3.809793707022296,0.1540218828904653,0.1240623421042403,60.7,81.8,46.6,True,
2026-09,CR01373,tiktok,99558,micro,5.018069868820185,0.1558367678643989,0.04818200768291594,72.9,82.2,12.4,True,
2026-07,CR01373,youtube,45926.0,micro,2.9471927846674184,0.0823945321706339,0.0336545816123604,87.7,42.5,19.4,True,
2026-08,CR01373,youtube,45026.0,micro,4.062408386265713,0.0823297516886613,0.0634730538922155,95.2,41.2,40.5,True,
2026-09,CR01373,youtube,45716,micro,4.7825269052410535,0.060081159420289854,0.02305451518934665,97.0,35.5,14.3,True,
2026-07,CR01374,all,,,,,,45.5,59.4,51.5,False,The Lens
2026-08,CR01374,all,,,,,,32.2,63.5,48.7,True,The Lens
2026-09,CR01374,all,,,,,,33.0,58.9,68.1,False,The Hub
2026-07,CR01374,instagram,8340.0,nano,1.4557553956834532,0.1965566714490674,0.1442125237191651,90.1,93.5,51.5,True,
2026-08,CR01374,instagram,8910.0,nano,1.6569023569023569,0.2531645569620253,0.1017488076311605,91.5,98.6,36.4,True,
2026-09,CR01374,instagram,9461,nano,2.520240989324596,0.23270358306188926,,96.8,98.1,,False,
2026-07,CR01374,tiktok,,,,,,,,,False,
2026-08,CR01374,tiktok,137380.0,mid,0.431482020672587,0.1271742697735477,0.1304888152444076,0.8,73.9,49.4,True,
2026-09,CR01374,tiktok,142590.0,mid,0.5144189634616734,0.1295152091254753,0.18855625301786577,0.8,75.5,69.2,True,
2026-07,CR01374,youtube,292364.0,mid,0.2221887783721662,0.032887601349561,,0.9,25.3,,False,
2026-08,CR01374,youtube,278730.0,mid,0.3161769454310623,0.0147813740124513,0.1031586635019171,4.2,18.0,60.2,True,
2026-09,CR01374,youtube,286338,mid,0.21956219572672855,-0.07390625151606299,0.13351842503785966,1.3,3.0,66.9,True,
2026-07,CR01376,all,,,,,,61.8,74.5,,False,The Lens
2026-09,CR01376,all,,,,,,49.1,80.3,81.3,True,The Hub
2026-07,CR01376,instagram,21150.0,micro,3.6310165484633568,0.1882022471910112,,99.4,89.8,,False,
2026-09,CR01376,instagram,23669,micro,1.9400904136211923,0.1955851896752033,0.25091352009744217,92.7,91.7,81.5,True,
2026-07,CR01376,tiktok,59550.0,micro,1.867321578505457,0.103186365320489,,24.1,59.2,,False,
2026-09,CR01376,tiktok,65441,micro,0.9885698568175915,0.12809860368901912,0.24046502141545992,5.5,68.9,81.1,True,
2026-07,CR01381,all,,,,,,84.6,35.3,59.0,True,The Pulse
2026-08,CR01381,all,,,,,,93.6,25.8,62.4,False,The Pulse
2026-09,CR01381,all,,,,,,80.8,8.0,,False,The Pulse
2026-07,CR01381,instagram,561430.0,mid,0.8463299075574872,-0.054895293246246,0.0483424399088525,67.8,4.8,12.4,True,
2026-08,CR01381,instagram,,,,,,,,,False,
2026-09,CR01381,instagram,552760.0,mid,1.164067588103336,-0.03564263158812959,,80.8,8.0,,False,
2026-07,CR01381,tiktok,1931420.0,macro,12.136033591865052,0.0503412458873752,0.2049507504382839,96.5,33.3,71.9,True,
2026-08,CR01381,tiktok,1992390.0,macro,8.999848423250468,0.0757057937446346,0.2409487241123547,91.6,25.0,79.5,True,
2026-09,CR01381,tiktok,,,,,,,,,False,
2026-07,CR01381,youtube,534682.0,mid,3.123142353772897,0.1125903606936704,0.2592994799632915,89.6,67.9,92.8,True,
2026-08,CR01381,youtube,538758.0,mid,4.238244258089903,0.0416841486545797,0.0724845454232661,95.6,26.7,45.3,True,
2026-09,CR01381,youtube,,,,,,,,,False,
2026-07,CR01383,all,,,,,,57.9,68.6,70.7,False,The Hub
2026-08,CR01383,all,,,,,,54.8,87.2,58.2,False,The Lens
2026-09,CR01383,all,,,,,,50.6,84.2,59.6,False,The Lens
2026-07,CR01383,instagram,249419.0,mid,0.6464022388029781,0.0704356521477895,,52.7,39.0,,False,
2026-08,CR01383,instagram,263030.0,mid,0.3601338250389689,,0.1647196261682243,24.8,,64.3,False,
2026-09,CR01383,instagram,271960.0,mid,0.461604647742315,0.1727468736524364,0.10330857528696827,37.2,88.4,36.5,True,
2026-07,CR01383,tiktok,231103.0,mid,3.0071763463569168,0.1793496565590585,0.1452727141203703,49.9,92.3,51.8,True,
2026-08,CR01383,tiktok,248910.0,mid,4.201767707203407,0.2092989360151581,0.0664071102028592,66.6,98.1,18.3,True,
2026-09,CR01383,tiktok,,,,,,,,,False,
2026-07,CR01383,youtube,2165.0,nano,1.7986143187066974,0.1639784946236559,0.2241379310344827,71.1,74.4,89.6,True,
2026-08,CR01383,youtube,2320.0,nano,1.8715517241379311,0.1623115577889447,0.2411347517730496,73.0,76.2,91.9,True,
2026-09,CR01383,youtube,2511,nano,1.644763042612505,0.15448275862068966,0.20155038759689922,64.1,80.0,82.7,True,
2026-07,CR01384,all,,,,,,49.5,56.6,81.8,True,The Hub
2026-08,CR01384,all,,,,,,39.6,58.4,87.7,False,The Hub
2026-09,CR01384,all,,,,,,39.0,81.2,73.0,False,The Lens
2026-07,CR01384,instagram,22146.0,micro,0.4515036575453806,0.0313897168405365,0.3657474600870827,31.7,21.5,96.6,True,
2026-08,CR01384,instagram,22370.0,micro,0.3389807778274474,0.0622032288698955,,22.9,34.0,,False,
2026-09,CR01384,instagram,,,,,,,,,False,
2026-07,CR01384,tiktok,59480.0,micro,1.958776059179556,0.0992422842358159,0.1904047976011994,26.4,57.3,66.4,True,
2026-08,CR01384,tiktok,59220.0,micro,1.0124282337048294,0.0786885245901639,0.5134502923976608,7.3,46.2,99.8,True,
2026-09,CR01384,tiktok,63243,micro,1.2608351912464622,0.11944419860164616,,10.4,63.5,,False,
2026-07,CR01384,youtube,9899.0,nano,3.212445701586019,0.2243661100803957,0.1781430475344291,90.5,91.1,82.5,True,
2026-08,CR01384,youtube,10380.0,micro,2.853757225433526,0.2216076262210191,0.1578199052132701,88.5,95.1,75.6,True,
2026-09,CR01384,youtube,11212,micro,1.7760435247948627,0.24938711834187655,0.15678776290630975,67.5,98.9,73.0,True,
2026-07,CR01386,all,,,,,,74.5,79.0,,False,The Lens
2026-08,CR01386,all,,,,,,60.7,81.7,88.8,True,The Hub
2026-07,CR01386,instagram,3500.0,nano,0.9488571428571428,0.1551155115511551,,74.5,79.0,,False,
2026-08,CR01386,instagram,3737.0,nano,0.6968156275086969,0.1463190184049079,0.2872340425531915,60.7,81.7,88.8,True,
2026-07,CR01387,all,,,,,,27.0,50.5,51.8,False,The Hub
2026-08,CR01387,all,,,,,,23.4,40.7,62.1,True,The Hub
2026-09,CR01387,all,,,,,,26.6,37.9,55.3,False,The Hub
2026-07,CR01387,instagram,140910.0,mid,0.5016535377191115,0.1732722731057452,0.2032171581769437,37.6,89.0,72.4,True,
2026-08,CR01387,instagram,143820.0,mid,0.5100820470031985,0.1157486423584173,0.1364087301587301,42.5,67.1,51.0,True,
2026-09,CR01387,instagram,153910.0,mid,0.4746475212786693,0.13973637440758294,,38.2,73.9,,False,
2026-07,CR01387,tiktok,127198.0,mid,1.6433827575905282,0.0144675556689848,0.0989772352358957,18.6,18.6,31.1,True,
2026-08,CR01387,tiktok,124840.0,mid,1.0346203140019226,-0.0173947264856355,0.2355889724310776,7.5,8.3,77.9,True,
2026-09,CR01387,tiktok,125400.0,mid,1.1117464114832536,0.03773584905660377,0.24633714377716953,7.2,25.2,81.6,True,
2026-07,CR01387,youtube,109767.0,mid,0.7834777301010322,0.0720794632131032,,24.7,43.8,,False,
2026-08,CR01387,youtube,109895.0,mid,0.6604941080121934,0.0778457796347515,0.097513271863649,20.3,46.6,57.5,True,
2026-09,CR01387,youtube,111663,mid,0.9366755326294296,0.001084793172078679,0.04734675205855444,34.4,14.5,29.0,True,
2026-08,CR01388,all,,,,,,70.0,92.9,,False,The Lens
2026-09,CR01388,all,,,,,,71.5,60.4,60.4,False,The Pulse
2026-09,CR01388,instagram,,,,,,,,,False,
2026-09,CR01388,tiktok,9940.0,nano,4.848993963782696,0.13860252004581902,0.15924032140248356,71.5,60.4,60.4,True,
2026-08,CR01388,youtube,1499353.0,macro,1.7309879661427297,0.1598812697361601,,70.0,92.9,,False,
2026-09,CR01388,youtube,,,,,,,,,False,
2026-07,CR01393,all,,,,,,60.8,62.3,29.4,False,The Lens
2026-08,CR01393,all,,,,,,58.6,48.5,40.1,False,The Pulse
2026-09,CR01393,all,,,,,,43.2,30.4,39.8,False,The Pulse
2026-07,CR01393,instagram,3060.0,nano,0.6663398692810457,0.1953125,0.075,54.4,91.9,24.9,True,
2026-08,CR01393,instagram,3130.0,nano,0.7667731629392971,0.1417180137731062,,66.4,77.5,,False,
2026-09,CR01393,instagram,,,,,,,,,False,
2026-07,CR01393,tiktok,,,,,,,,,False,
2026-08,CR01393,tiktok,,,,,,,,,False,
2026-09,CR01393,tiktok,16530.0,micro,1.4192377495462796,0.08893280632411067,0.1412056151940545,13.1,49.0,52.1,True,
2026-07,CR01393,youtube,53078.0,micro,1.645069520328573,0.0631121437298455,0.060492505353319,67.1,32.7,34.0,True,
2026-08,CR01393,youtube,53583.0,micro,1.2607730063639586,0.0252372570029083,0.0631921824104234,50.8,19.5,40.1,True,
2026-09,CR01393,youtube,55559,micro,1.9733796504616714,0.004610878055836829,0.043713572023313906,73.2,11.7,27.6,True,
2026-07,CR01394,all,,,,,,69.3,34.7,54.5,True,The Pulse
2026-08,CR01394,all,,,,,,80.7,66.3,42.7,True,The Pulse
2026-09,CR01394,all,,,,,,85.0,54.4,47.2,True,The Pulse
2026-07,CR01394,instagram,37220.0,micro,0.8782106394411606,0.0628212450028555,0.1538461538461538,69.3,34.7,54.5,True,
2026-08,CR01394,instagram,37770.0,micro,1.0803547789250727,0.1224368499257057,0.1157989228007181,80.7,66.3,42.7,True,
2026-09,CR01394,instagram,38360.0,micro,1.289155370177268,0.1010332950631458,0.12710765239948119,85.0,54.4,47.2,True,
2026-07,CR01395,all,,,,,,27.8,3.4,62.6,False,The Hub
2026-08,CR01395,all,,,,,,37.0,38.5,70.9,False,The Hub
2026-09,CR01395,all,,,,,,46.2,87.0,74.2,False,The Lens
2026-07,CR01395,instagram,259610.0,mid,0.5232656677323678,,0.1148977604673807,40.6,,41.5,False,
2026-08,CR01395,instagram,272660.0,mid,0.8412821829384581,0.1112197905204385,0.1924304103861811,70.9,65.7,70.9,True,
2026-09,CR01395,instagram,277550.0,mid,1.1987533777697712,0.165099487868357,0.13425562018550544,82.7,87.0,50.8,True,
2026-07,CR01395,tiktok,42350.0,micro,1.4621487603305785,-0.0538427167113494,0.2586456823358873,15.1,3.4,83.6,True,
2026-08,CR01395,tiktok,41480.0,micro,0.6922854387656702,-0.0126160437990954,,3.1,11.3,,False,
2026-09,CR01395,tiktok,41370.0,micro,1.2264684554024656,,0.39798050139275765,9.7,,97.7,False,
2026-07,CR01396,all,,,,,,16.2,39.3,,False,The Lens
2026-08,CR01396,all,,,,,,53.4,41.6,39.7,False,The Pulse
2026-07,CR01396,instagram,,,,,,,,,False,
2026-08,CR01396,instagram,430120.0,mid,0.9724216497721566,0.0283801554094441,0.1590662323561346,78.3,20.0,61.3,True,
2026-07,CR01396,tiktok,13400.0,micro,1.4945522388059702,0.0694333599361532,,16.2,39.3,,False,
2026-08,CR01396,tiktok,13740.0,micro,0.9395924308588064,0.0717628705148206,0.0662983425414364,6.1,42.2,18.1,True,
2026-07,CR01396,youtube,,,,,,,,,False,
2026-08,CR01396,youtube,2672.0,nano,1.9505988023952097,0.1389599317988064,,75.8,62.5,,False,
2026-07,CR01397,all,,,,,,98.1,,63.9,False,The Pulse
2026-08,CR01397,all,,,,,,92.6,2.8,,False,The Pulse
2026-09,CR01397,all,,,,,,97.0,11.1,93.6,True,The Pulse
2026-07,CR01397,instagram,5950.0,nano,2.5198319327731094,,0.180461329715061,98.1,,63.9,False,
2026-08,CR01397,instagram,5900.0,nano,1.7230508474576272,-0.0294022092267706,,92.6,2.8,,False,
2026-09,CR01397,instagram,6147,nano,2.550187083129982,0.005397448478900883,0.328149300155521,97.0,11.1,93.6,True,
2026-07,CR01398,all,,,,,,65.2,94.8,12.8,True,The Lens
2026-08,CR01398,all,,,,,,90.2,98.2,,False,The Lens
2026-09,CR01398,all,,,,,,68.7,96.3,55.4,True,The Lens
2026-07,CR01398,tiktok,22442.0,micro,4.080474111041797,0.207143241353343,0.0610461538461538,65.2,94.8,12.8,True,
2026-08,CR01398,tiktok,23940.0,micro,8.011278195488721,0.2488262910798122,,90.2,98.2,,False,
2026-09,CR01398,tiktok,25880,micro,4.499381761978362,0.22421948912015138,0.1472092264171472,68.7,96.3,55.4,True,
2026-07,CR01399,all,,,,,,39.6,45.1,46.7,False,The Hub
2026-08,CR01399,all,,,,,,32.8,46.0,67.9,True,The Hub
2026-09,CR01399,all,,,,,,37.2,42.1,68.2,True,The Hub
2026-07,CR01399,instagram,88200.0,micro,0.0826190476190476,,0.2577777777777778,0.9,,82.9,False,
2026-08,CR01399,instagram,88040.0,micro,0.0738073602907769,0.0536282714634626,0.149746192893401,0.8,30.9,57.8,True,
2026-09,CR01399,instagram,91680.0,micro,0.07843586387434555,0.0364006330544879,0.29658792650918636,1.3,21.4,90.6,True,
2026-07,CR01399,youtube,33031.0,micro,2.1841300596409434,0.087619361211722,0.0153791130185979,78.2,45.1,10.4,True,
2026-08,CR01399,youtube,34210.0,micro,1.6315112540192926,0.1172436316133246,0.1666666666666666,64.7,61.0,78.0,True,
2026-09,CR01399,youtube,36653,micro,1.9674242217553815,0.11648237838496452,0.0830557406173662,73.0,62.8,45.9,True,
2026-07,CR01402,all,,,,,,49.9,22.4,46.5,True,The Pulse
2026-08,CR01402,all,,,,,,61.5,38.2,52.2,False,The Pulse
2026-09,CR01402,all,,,,,,76.6,26.2,48.8,False,The Pulse
2026-07,CR01402,instagram,88520.0,micro,0.5290216900135563,-0.0087346024636058,0.0298431967627718,41.3,9.1,6.3,True,
2026-08,CR01402,instagram,,,,,,,,,False,
2026-09,CR01402,instagram,88097,micro,0.7043713179790458,0.032185120093731694,0.08439041578576462,58.8,18.7,28.7,True,
2026-07,CR01402,tiktok,20480.0,micro,1.71357421875,0.0286288297338021,0.1254600200736032,20.2,19.1,44.3,True,
2026-08,CR01402,tiktok,21010.0,micro,2.0283674440742505,0.0531328320802005,0.1037115030271123,28.3,31.6,38.6,True,
2026-09,CR01402,tiktok,,,,,,,,,False,
2026-07,CR01402,youtube,37741.0,micro,2.950716727166742,0.0753034360932246,0.2162364384586606,88.1,38.9,88.9,True,
2026-08,CR01402,youtube,39670.0,micro,4.027980841946055,0.0862541073384446,0.1205432937181663,94.7,44.8,65.9,True,
2026-09,CR01402,youtube,39802,micro,3.9118888498065423,0.05603608384186787,0.1413934426229508,94.5,33.7,68.8,True,
2026-07,CR01406,all,,,,,,34.4,68.2,65.7,False,The Lens
2026-08,CR01406,all,,,,,,45.8,64.6,38.8,True,The Lens
2026-09,CR01406,all,,,,,,41.6,54.3,18.3,False,The Lens
2026-07,CR01406,instagram,205799.0,mid,0.3947978367241823,0.0738440987857884,0.2317054382991835,26.8,43.2,77.1,True,
2026-08,CR01406,instagram,207820.0,mid,0.5295159272447311,0.0301378011301675,0.2441760138050043,45.6,22.1,81.1,True,
2026-09,CR01406,instagram,203960,mid,0.6554275348107472,0.008779088458589905,,55.3,15.2,,False,
2026-07,CR01406,tiktok,22599.0,micro,2.6856940572591705,0.1472738349070971,0.1522894872234608,42.1,83.5,54.3,True,
2026-08,CR01406,tiktok,23120.0,micro,1.8725778546712804,0.1361179361179361,0.0890233362143474,25.7,75.6,32.5,True,
2026-09,CR01406,tiktok,24920.0,micro,1.7141653290529695,0.09394205443371378,0.09820857325655791,19.9,52.7,31.9,True,
2026-07,CR01406,youtube,14905.0,micro,,0.1446014437106435,,,77.8,,False,
2026-08,CR01406,youtube,15900.0,micro,1.6561635220125783,0.2306501547987616,0.0021505376344086,66.1,96.1,2.9,True,
2026-09,CR01406,youtube,16904,micro,1.2250354945575013,0.2145423192987498,0.004666666666666667,49.6,95.0,4.8,True,
2026-07,CR01408,all,,,,,,9.6,72.2,51.5,True,The Lens
2026-08,CR01408,all,,,,,,37.2,84.4,32.2,True,The Lens
2026-09,CR01408,all,,,,,,,,,False,
2026-07,CR01408,instagram,11170.0,micro,0.2221128021486123,0.2114967462039045,0.3296703296703296,10.2,93.8,93.7,True,
2026-08,CR01408,instagram,12340.0,micro,0.3772285251215559,0.2529190780789928,0.1297297297297297,26.3,98.3,47.6,True,
2026-09,CR01408,instagram,,,,,,,,,False,
2026-07,CR01408,youtube,16827.0,micro,0.4704938491709752,0.0960072949912069,0.0138248847926267,9.0,50.7,9.3,True,
2026-08,CR01408,youtube,17268.0,micro,1.2139217048876534,0.1398019801980198,0.0262210796915167,48.1,70.5,16.8,True,
2026-09,CR01408,youtube,,,,,,,,,False,
2026-07,CR01409,all,,,,,,29.8,7.8,95.1,False,The Hub
2026-08,CR01409,all,,,,,,35.7,11.4,79.8,True,The Hub
2026-09,CR01409,all,,,,,,36.1,63.1,90.1,False,The Hub
2026-07,CR01409,instagram,8340.0,nano,0.565347721822542,-0.009853971269144,0.3410852713178294,43.4,8.1,95.1,True,
2026-08,CR01409,instagram,8257.0,nano,0.4134673610270074,-0.0202895111532985,0.2573529411764705,30.6,4.2,83.2,True,
2026-09,CR01409,instagram,,,,,,,,,False,
2026-07,CR01409,youtube,47761.0,micro,0.623981909926509,-0.0178292341860656,,16.3,7.5,,False,
2026-08,CR01409,youtube,47640.0,micro,1.055142737195634,0.0223175965665236,0.1611516974645466,40.7,18.5,76.3,True,
2026-09,CR01409,youtube,50570.0,micro,0.9863357721969547,0.1168286219081272,0.23616636528028934,36.1,63.1,90.1,True,
2026-07,CR01412,all,,,,,,10.7,75.0,51.0,True,The Lens
2026-08,CR01412,all,,,,,,26.8,77.7,61.1,False,The Lens
2026-09,CR01412,all,,,,,,24.8,69.3,19.3,False,The Lens
2026-07,CR01412,instagram,19710.0,micro,0.0463216641298833,0.1237172177879133,0.375,0.2,67.9,97.1,True,
2026-08,CR01412,instagram,21250.0,micro,0.0637647058823529,0.2412383177570093,0.425531914893617,0.4,97.6,99.1,True,
2026-09,CR01412,instagram,22270.0,micro,0.07970363718006286,0.11294352823588207,,1.5,59.9,,False,
2026-07,CR01412,tiktok,12930.0,micro,1.6156225831399846,0.1442477876106194,0.1182412358882947,17.6,80.9,40.0,True,
2026-08,CR01412,tiktok,,,,,,,,,False,
2026-09,CR01412,tiktok,13900.0,micro,1.8551798561151078,0.13747954173486088,0.047619047619047616,23.9,73.4,11.9,True,
2026-07,CR01412,youtube,12020.0,micro,0.5818635607321131,0.1393364928909952,0.025830258302583,14.2,76.1,16.0,True,
2026-08,CR01412,youtube,12780.0,micro,1.328169014084507,0.109375,0.0356359649122807,53.3,57.8,23.1,True,
2026-09,CR01412,youtube,13120.0,micro,1.1914634146341463,0.14285714285714285,0.04172767203513909,49.0,74.5,26.7,True,
2026-07,CR01415,all,,,,,,26.7,53.3,77.4,False,The Hub
2026-08,CR01415,all,,,,,,39.4,55.9,35.5,False,The Lens
2026-09,CR01415,all,,,,,,0.9,60.5,15.9,False,The Lens
2026-07,CR01415,instagram,84810.0,micro,0.0851668435326022,0.1688257993384785,,1.3,85.0,,False,
2026-08,CR01415,instagram,91310.0,micro,0.1058482093965611,0.1412323459567554,,2.1,74.2,,False,
2026-09,CR01415,instagram,93730.0,micro,0.07109783420463033,0.16884898366379847,0.05555555555555555,0.9,84.1,15.9,True,
2026-07,CR01415,tiktok,,,,,,,,,False,
2026-08,CR01415,tiktok,186944.0,mid,3.2076504193769257,0.088770078391632,,50.5,55.4,,False,
2026-09,CR01415,tiktok,,,,,,,,,False,
2026-07,CR01415,youtube,26465.0,micro,1.2723219346306442,0.0353258743447304,0.1545893719806763,52.1,21.6,77.4,True,
2026-08,CR01415,youtube,27380.0,micro,1.648648648648649,0.0737254901960784,0.0571533923303834,65.6,38.0,35.5,True,
2026-09,CR01415,youtube,27972,micro,,0.06397869912514265,,,36.9,,False,
2026-07,CR01419,all,,,,,,40.3,27.1,56.0,False,The Hub
2026-08,CR01419,all,,,,,,12.7,33.6,69.6,False,The Hub
2026-09,CR01419,all,,,,,,39.4,34.9,60.2,True,The Hub
2026-07,CR01419,instagram,27010.0,micro,0.2034061458718992,-0.0676561960648947,,8.4,2.6,,False,
2026-08,CR01419,instagram,45097.0,micro,0.1243763443244561,-0.0581834889209113,0.3109756097560975,3.6,2.4,91.4,True,
2026-09,CR01419,instagram,26140.0,micro,0.32953328232593726,-0.05289855072463768,0.3013205282112845,21.6,3.6,91.4,True,
2026-07,CR01419,tiktok,71410.0,micro,2.110866825374597,0.0518485785830019,0.0910564454614797,29.5,28.1,26.9,True,
2026-08,CR01419,tiktok,69540.0,micro,1.7241299971239574,0.1097989147781678,0.12646484375,21.8,64.7,47.9,True,
2026-09,CR01419,tiktok,71930.0,micro,1.398679271513972,0.06768591361139974,0.11541578862052196,12.7,39.0,38.9,True,
2026-07,CR01419,youtube,152863.0,mid,2.4555451613536303,0.0843039339471406,0.195328390525556,82.9,50.6,85.2,True,
2026-08,CR01419,youtube,,,,,,,,,False,
2026-09,CR01419,youtube,163778,mid,2.581738695062829,0.10663801724370929,0.09212447526920971,83.8,62.0,50.3,True,
2026-07,CR01421,all,,,,,,53.6,50.2,46.1,False,The Pulse
2026-08,CR01421,all,,,,,,42.2,97.9,24.5,False,The Lens
2026-09,CR01421,all,,,,,,,,,False,
2026-07,CR01421,instagram,235070.0,mid,0.7073552558812268,0.1963458700188304,0.1319592513622364,56.6,95.2,46.1,True,
2026-08,CR01421,instagram,253160.0,mid,0.506000158002844,0.2538880633977216,0.0765049599130316,42.2,97.9,24.5,True,
2026-09,CR01421,instagram,,,,,,,,,False,
2026-07,CR01421,tiktok,5720.0,nano,3.0573426573426574,-0.0019057519057519,,50.7,5.3,,False,
2026-08,CR01421,tiktok,,,,,,,,,False,
2026-09,CR01421,tiktok,,,,,,,,,False,
2026-07,CR01424,all,,,,,,60.5,86.8,73.8,False,The Lens
2026-08,CR01424,all,,,,,,64.0,61.2,51.6,True,The Pulse
2026-09,CR01424,all,,,,,,61.3,83.6,26.1,False,The Lens
2026-07,CR01424,instagram,266082.0,mid,0.9454265978157108,0.1739049871174955,0.1689123489373524,73.9,89.7,59.5,True,
2026-08,CR01424,instagram,276412.0,mid,0.7039672662547212,0.2060754942556821,0.1390471024319682,61.8,95.0,52.9,True,
2026-09,CR01424,instagram,,,,,,,,,False,
2026-07,CR01424,tiktok,23353.0,micro,6.6710486875347925,0.148018877199882,0.2091579355840124,86.1,83.9,72.8,True,
2026-08,CR01424,tiktok,25070.0,micro,7.385600319106501,0.101493848857645,0.1245797204034684,88.0,58.5,47.0,True,
2026-09,CR01424,tiktok,25675,micro,8.60510223953262,0.1924666759555989,,92.8,92.5,,False,
2026-07,CR01424,youtube,39612.0,micro,0.719882863778653,,0.218348623853211,21.6,,89.2,False,
2026-08,CR01424,youtube,40956.0,micro,1.096957710713937,0.0548329770520514,0.0926829268292682,42.2,30.2,55.0,True,
2026-09,CR01424,youtube,43348,micro,0.8572944541847375,0.14392779859608382,0.04119601328903655,29.8,74.8,26.1,True,
2026-07,CR01427,all,,,,,,57.1,48.1,61.4,True,The Hub
2026-08,CR01427,all,,,,,,59.9,59.3,74.1,True,The Hub
2026-09,CR01427,all,,,,,,53.7,52.3,66.2,True,The Hub
2026-07,CR01427,instagram,299558.0,mid,0.7823793722751521,0.0461545983474306,,64.1,30.1,,True,
2026-08,CR01427,instagram,311674.0,mid,0.8852230214904034,-0.0196186983149371,,74.1,9.3,,True,
2026-09,CR01427,instagram,312627,mid,0.6093171735006894,0.055712206504597656,,50.4,35.5,,True,
2026-07,CR01427,tiktok,14315.0,micro,17.752427523576667,0.064074927525459,0.377254421292243,99.2,34.8,97.3,True,
2026-08,CR01427,tiktok,14650.0,micro,16.955085324232083,0.145426114151681,0.3242149874783279,98.8,78.9,92.1,True,
2026-09,CR01427,tiktok,15300.0,micro,9.671307189542484,0.058823529411764705,0.4201286893271786,95.6,34.9,98.4,True,
2026-07,CR01427,youtube,36879.0,micro,0.4326581523360178,0.1477343458234781,0.043230944254835,8.0,79.4,25.6,True,
2026-08,CR01427,youtube,39490.0,micro,0.3786781463661686,0.1883839903701474,0.0942956926658905,6.9,89.6,56.1,True,
2026-09,CR01427,youtube,42796,micro,0.5748200766426769,0.17056892778993435,0.05449438202247191,15.0,86.5,33.9,True,
2026-07,CR01429,all,,,,,,20.8,39.8,4.4,False,The Lens
2026-08,CR01429,all,,,,,,14.7,11.4,19.8,False,The Hub
2026-09,CR01429,all,,,,,,,,47.9,False,The Hub
2026-07,CR01429,instagram,491920.0,mid,0.4894230769230769,-0.0755103843457702,0.0204196592029291,35.8,2.7,4.4,True,
2026-08,CR01429,instagram,489320.0,mid,0.3819995095234202,-0.0044556570568248,0.0,26.8,11.4,1.3,False,
2026-09,CR01429,instagram,,,,,,,,,False,
2026-07,CR01429,tiktok,199300.0,mid,0.9939136979427998,0.1254800090354642,,5.7,76.9,,False,
2026-08,CR01429,tiktok,209820.0,mid,0.6616719092555524,,0.1028958105284107,2.6,,38.2,False,
2026-09,CR01429,tiktok,,,,,0.12667493796526055,,,47.9,False,
2026-08,CR01430,all,,,,,,34.5,77.8,65.8,True,The Lens
2026-08,CR01430,tiktok,26800.0,micro,2.0273880597014924,0.0997127615921214,0.3067129629629629,28.1,56.7,90.3,True,
2026-08,CR01430,youtube,570982.0,mid,1.0605623294604734,0.2547400342811937,0.0645499162078046,40.9,98.8,41.2,True,
2026-07,CR01432,all,,,,,,73.1,40.4,44.3,False,The Pulse
2026-08,CR01432,all,,,,,,66.9,68.6,38.4,False,The Lens
2026-09,CR01432,all,,,,,,78.4,44.6,43.8,False,The Pulse
2026-07,CR01432,instagram,38280.0,micro,0.6448798328108672,0.0476477188757218,0.047153024911032,52.5,29.2,11.7,True,
2026-08,CR01432,instagram,38230.0,micro,0.9137326706774784,0.0805539853024307,0.086021505376344,75.6,43.3,29.6,True,
2026-09,CR01432,instagram,39545,micro,,0.06656417725274429,0.13977832512315272,,34.1,51.9,False,
2026-07,CR01432,tiktok,15640.0,micro,9.842838874680307,0.0883785664578984,0.172107073928002,93.7,51.7,60.3,True,
2026-08,CR01432,tiktok,,,,,,,,,False,
2026-09,CR01432,tiktok,16602,micro,8.096434164558486,0.025004630487127245,0.10231712857791912,90.7,18.7,33.7,True,
2026-07,CR01432,youtube,,,,,0.113327289211242,,,60.8,False,
2026-08,CR01432,youtube,10655.0,micro,1.445987799155326,0.2156303479749001,0.0764144011756061,58.2,93.8,47.3,True,
2026-09,CR01432,youtube,11271,micro,1.7245142400851743,0.15968721061837637,0.08237822349570201,66.2,80.9,45.7,True,
2026-07,CR01436,all,,,,,,30.5,77.9,68.2,True,The Lens
2026-08,CR01436,all,,,,,,38.2,67.8,71.7,True,The Hub
2026-09,CR01436,all,,,,,,55.3,66.0,59.8,False,The Lens
2026-07,CR01436,instagram,116289.0,mid,1.116803824953349,0.1126217493637459,0.18,81.8,61.6,63.7,True,
2026-08,CR01436,instagram,122520.0,mid,1.101477309826967,0.0676247126739309,0.2827299857272609,80.9,38.6,88.1,True,
2026-09,CR01436,instagram,126640.0,mid,1.4038850284270372,0.09125376992675571,0.21184096802074331,87.2,55.8,74.3,True,
2026-07,CR01436,tiktok,89280.0,micro,0.431429211469534,0.2095921961793795,0.2854406130268199,0.8,95.5,87.2,True,
2026-08,CR01436,tiktok,99650.0,micro,0.4083090817862518,0.1418585997479088,0.322964318389753,0.6,77.1,91.8,True,
2026-09,CR01436,tiktok,,,,,,,,,False,
2026-07,CR01436,youtube,27230.0,micro,0.4629085567388909,0.1398074508162411,0.0974842767295597,8.8,76.5,53.6,True,
2026-08,CR01436,youtube,29093.0,micro,0.8767744818341182,0.1807224025974026,0.0556776556776556,33.2,87.7,35.1,True,
2026-09,CR01436,youtube,30114,micro,0.7438400743840075,0.14658848614072495,0.08174097664543524,23.4,76.2,45.3,True,
2026-07,CR01437,all,,,,,,35.3,66.1,40.2,False,The Lens
2026-08,CR01437,all,,,,,,32.3,67.3,43.8,False,The Lens
2026-09,CR01437,all,,,,,,30.2,82.1,47.4,False,The Lens
2026-07,CR01437,instagram,100530.0,mid,0.3610961901919824,0.0594372431236168,,22.9,33.6,,False,
2026-08,CR01437,instagram,102830.0,mid,0.3340075853350189,0.0418439716312056,0.0287162162162162,22.1,25.0,7.5,True,
2026-09,CR01437,instagram,102747,mid,0.1884921214244698,0.1270320075466731,,7.1,68.8,,False,
2026-07,CR01437,tiktok,19160.0,micro,3.5843423799582466,0.2165079365079365,0.1479309221244705,59.5,96.3,53.0,True,
2026-08,CR01437,tiktok,20900.0,micro,,0.2893275755706354,0.1505551042512862,,98.9,55.4,False,
2026-09,CR01437,tiktok,22405,micro,3.702744923008257,0.2707730701605127,,57.7,99.2,,False,
2026-07,CR01437,youtube,56730.0,micro,0.7456724836946942,0.1253273030230897,0.046485260770975,23.5,68.3,27.5,True,
2026-08,CR01437,youtube,59650.0,micro,1.0981559094719195,0.1501677528826501,0.1313291139240506,42.5,77.9,68.6,True,
2026-09,CR01437,youtube,61947,micro,0.7878670476374966,0.1522450801681485,0.08563340410474168,25.9,78.4,47.4,True,
2026-07,CR01438,all,,,,,,16.4,77.2,20.3,False,The Lens
2026-08,CR01438,all,,,,,,21.0,80.6,51.8,True,The Lens
2026-09,CR01438,all,,,,,,15.9,85.9,98.2,False,The Hub
2026-07,CR01438,tiktok,26120.0,micro,,0.1210300429184549,,,69.7,,False,
2026-08,CR01438,tiktok,27500.0,micro,1.3322545454545454,0.1569204880100967,0.2401372212692967,11.6,82.5,79.2,True,
2026-09,CR01438,tiktok,29096,micro,1.5516909540830355,0.17176110507027506,0.41561624649859946,15.9,85.9,98.2,True,
2026-07,CR01438,youtube,27280.0,micro,0.6244501466275659,0.1645180568598992,0.0351906158357771,16.4,84.6,20.3,True,
2026-08,CR01438,youtube,28400.0,micro,0.8263028169014085,0.1516626115166261,0.0371287128712871,30.5,78.6,24.4,True,
2026-09,CR01438,youtube,,,,,,,,,False,
2026-07,CR01442,all,,,,,,98.3,,9.3,False,The Pulse
2026-08,CR01442,all,,,,,,95.8,9.6,21.0,False,The Pulse
2026-09,CR01442,all,,,,,,91.7,89.2,66.6,False,The Pulse
2026-07,CR01442,instagram,19420.0,micro,2.565447991761071,,0.0415499533146591,98.3,,9.3,False,
2026-08,CR01442,instagram,19679.0,micro,2.1116926673103307,0.0016797312430011,0.0625454545454545,95.8,9.6,21.0,True,
2026-09,CR01442,instagram,19560.0,micro,2.0445807770961144,,,94.0,,,False,
2026-07,CR01442,tiktok,,,,,,,,,False,
2026-08,CR01442,tiktok,,,,,,,,,False,
2026-09,CR01442,tiktok,12310.0,micro,7.519415109666937,0.17799043062200956,0.1814454126089185,89.4,89.2,66.6,True,
2026-09,CR01443,all,,,,,,60.5,44.8,,False,The Pulse
2026-09,CR01443,tiktok,14880.0,micro,3.8143817204301076,0.07982583454281568,,60.5,44.8,,False,
2026-07,CR01447,all,,,,,,54.7,67.8,73.2,False,The Hub
2026-08,CR01447,all,,,,,,60.6,62.5,46.9,False,The Lens
2026-09,CR01447,all,,,,,,60.6,45.2,83.8,False,The Hub
2026-07,CR01447,instagram,19986.0,micro,0.464475132592815,0.1358908780903665,0.1772428884026258,32.4,75.2,62.2,True,
2026-08,CR01447,instagram,20340.0,micro,,0.1231363887355052,0.185614849187935,,67.0,68.8,False,
2026-09,CR01447,instagram,21640.0,micro,0.352818853974122,0.11316872427983539,0.21021021021021022,25.2,60.3,74.0,True,
2026-07,CR01447,tiktok,111710.0,mid,2.600295407752216,0.1394328845369237,,40.9,82.1,,False,
2026-08,CR01447,tiktok,116717.0,mid,1.7837590068284823,0.1342870193101973,0.0063729060451565,23.4,77.7,0.7,True,
2026-09,CR01447,tiktok,,,,,,,,,False,
2026-07,CR01447,youtube,1681391.0,macro,3.267725948336824,0.0427774222036992,0.1891190267748252,90.7,46.2,84.1,True,
2026-08,CR01447,youtube,1704557.0,macro,4.7907292041275245,0.0775309594098273,0.1406294909422123,97.7,42.9,71.1,True,
2026-09,CR01447,youtube,1722778,macro,4.357910885790276,0.028362096959046453,0.25708122191414096,96.0,30.0,93.5,True,
2026-07,CR01448,all,,,,,,50.7,58.1,41.0,True,The Lens
2026-08,CR01448,all,,,,,,51.4,49.5,40.5,True,The Pulse
2026-09,CR01448,all,,,,,,68.0,81.2,26.6,False,The Lens
2026-07,CR01448,instagram,86910.0,micro,1.4316304222759175,0.1094657560477436,0.0718807433122319,89.0,61.3,23.7,True,
2026-08,CR01448,instagram,90300.0,micro,1.5464119601328905,0.0933527061387577,0.1369202226345083,90.2,48.5,51.7,True,
2026-09,CR01448,instagram,95770.0,micro,1.1640806097942988,0.12366537604130001,0.07918006430868167,81.0,63.1,25.4,True,
2026-07,CR01448,tiktok,263434.0,mid,0.9774326776346256,-0.0024084523043132,0.1912093077917499,5.3,14.1,66.9,True,
2026-08,CR01448,tiktok,257950.0,mid,1.076367513083931,-0.084764405336361,0.05301701121367,7.7,2.5,13.2,True,
2026-09,CR01448,tiktok,,,,,,,,,False,
2026-07,CR01448,youtube,35666.0,micro,1.3985868894745697,0.2461043952204598,0.0588776448942042,57.8,99.0,32.5,True,
2026-08,CR01448,youtube,38470.0,micro,1.4050168962828178,0.2405675588519832,0.09526938239159,56.4,97.4,56.5,True,
2026-09,CR01448,youtube,40776,micro,1.3900824014125956,0.2534120250829952,0.044315129811996416,55.1,99.3,27.8,True,
2026-07,CR01449,all,,,,,,40.7,27.1,50.5,False,The Hub
2026-08,CR01449,all,,,,,,53.6,20.1,40.9,True,The Pulse
2026-09,CR01449,all,,,,,,24.2,37.2,56.5,False,The Hub
2026-07,CR01449,instagram,229678.0,mid,0.1904971307656806,-0.0867928129236959,,7.6,2.1,,False,
2026-08,CR01449,instagram,226611.0,mid,0.246828265176889,-0.1265581277028745,0.0812710911136108,12.3,0.7,26.1,True,
2026-09,CR01449,instagram,220002,mid,0.22241161443986873,-0.11437002089262639,0.1210412147505423,10.9,2.2,43.1,True,
2026-07,CR01449,tiktok,50250.0,micro,3.73444776119403,-0.0280464216634429,0.0483071841453344,61.4,5.6,9.6,True,
2026-08,CR01449,tiktok,49090.0,micro,5.769627215318803,0.0072373651913314,0.0836843583263128,78.4,14.5,28.5,True,
2026-09,CR01449,tiktok,,,,,,,,,False,
2026-07,CR01449,youtube,17776.0,micro,1.2933730873087308,0.1351938182514847,0.2457111234089651,53.1,73.5,91.4,True,
2026-08,CR01449,youtube,18386.0,micro,1.7425214837376264,0.0863861971165209,0.1294547669814194,70.2,45.1,68.1,True,
2026-09,CR01449,youtube,19338,micro,1.0020167545764815,0.13947321902068235,0.14477361654555618,37.5,72.3,69.9,True,
2026-07,CR01452,all,,,,,,21.9,88.0,69.2,True,The Lens
2026-09,CR01452,all,,,,,,24.9,54.4,,False,The Lens
2026-07,CR01452,tiktok,26470.0,micro,1.75304117869286,0.1655658300308234,0.1982034192987539,21.9,88.0,69.2,True,
2026-09,CR01452,tiktok,28622,micro,1.938788344630005,0.09919735780943968,,24.9,54.4,,False,
2026-07,CR01454,all,,,,,,66.6,64.4,71.2,False,The Hub
2026-08,CR01454,all,,,,,,57.2,70.0,22.2,True,The Lens
2026-09,CR01454,all,,,,,,87.8,61.4,81.0,False,The Pulse
2026-07,CR01454,instagram,10239.0,micro,0.572028518410001,0.0725958516656191,0.2007874015748031,43.9,40.5,71.2,True,
2026-08,CR01454,instagram,10450.0,micro,0.7213397129186603,0.1188436830835117,0.0581717451523545,62.9,63.2,19.3,True,
2026-09,CR01454,instagram,10783,micro,,0.12159350946536301,,,62.3,,False,
2026-07,CR01454,tiktok,,,,,,,,,False,
2026-08,CR01454,tiktok,57220.0,micro,1.860625655365257,0.2026061370323665,0.087242962667199,25.5,94.5,30.7,True,
2026-09,CR01454,tiktok,,,,,,,,,False,
2026-07,CR01454,youtube,34060.0,micro,3.089401056958309,0.1832140623914402,,89.3,88.2,,False,
2026-08,CR01454,youtube,35637.0,micro,2.4278979712096977,0.0984495885090774,0.0256045519203413,83.2,52.3,16.5,True,
2026-09,CR01454,youtube,36450.0,micro,2.8393964334705077,0.11297709923664122,0.19127231510342874,87.8,60.6,81.0,True,
2026-07,CR01455,all,,,,,,45.5,13.8,65.6,True,The Hub
2026-08,CR01455,all,,,,,,45.2,35.6,38.2,True,The Pulse
2026-09,CR01455,all,,,,,,37.3,5.0,41.5,False,The Hub
2026-07,CR01455,instagram,23570.0,micro,0.4897327110733984,0.0194636678200692,0.1246290801186943,35.9,16.8,43.7,True,
2026-08,CR01455,instagram,24539.0,micro,0.3826154285015689,0.0357941834451901,0.0472972972972973,27.2,21.0,14.7,True,
2026-09,CR01455,instagram,23860.0,micro,0.3631601005867561,,0.0546218487394958,25.9,,15.2,False,
2026-07,CR01455,tiktok,113780.0,mid,2.2070750571277906,-0.0052456723203357,0.2198787061994609,31.5,12.8,74.7,True,
2026-08,CR01455,tiktok,113880.0,mid,3.040595363540569,0.0482326951399116,0.0755825838103025,46.8,34.4,22.7,True,
2026-09,CR01455,tiktok,,,,,,,,,False,
2026-07,CR01455,youtube,81243.0,micro,1.7244685695998423,0.0058934961060829,0.1601361375338162,69.2,11.8,78.5,True,
2026-08,CR01455,youtube,79650.0,micro,1.54676710608914,0.0980148883374689,0.1632,61.7,51.3,77.2,True,
2026-09,CR01455,youtube,80009,micro,1.1841667812371108,-0.029523428308043134,0.13673857868020303,48.7,5.0,67.8,True,
2026-07,CR01458,all,,,,,,57.4,56.0,24.6,True,The Pulse
2026-08,CR01458,all,,,,,,66.7,56.2,57.2,False,The Pulse
2026-09,CR01458,all,,,,,,54.8,49.8,44.8,False,The Pulse
2026-07,CR01458,instagram,51700.0,micro,0.4826305609284332,0.1303017052907739,0.1294896030245746,34.5,72.3,45.6,True,
2026-08,CR01458,instagram,54880.0,micro,0.4754919825072886,0.1476369719782518,0.1137835337650323,39.3,75.6,41.3,True,
2026-09,CR01458,instagram,55400.0,micro,0.5456678700361011,0.08457321848081441,0.08093023255813954,44.7,48.4,26.8,True,
2026-07,CR01458,tiktok,45319.0,micro,8.293607537677353,0.0731978781850904,0.0134720129794877,90.6,42.3,1.1,True,
2026-08,CR01458,tiktok,45890.0,micro,6.469514055349749,0.0622685185185185,,83.1,35.6,,False,
2026-09,CR01458,tiktok,47420.0,micro,,0.06585749606653181,,,36.9,,False,
2026-07,CR01458,youtube,6575.0,nano,1.1645627376425856,0.1127094262988661,0.0444444444444444,47.2,53.3,27.0,True,
2026-08,CR01458,youtube,6750.0,nano,2.06725925925926,0.1306532663316583,0.1486697965571205,77.8,57.5,73.1,True,
2026-09,CR01458,youtube,7061,nano,1.682056365953831,0.13375080282594734,0.1179245283018868,64.8,64.0,62.7,True,
2026-07,CR01461,all,,,,,,34.7,41.9,30.6,False,The Lens
2026-08,CR01461,all,,,,,,35.6,36.8,52.8,False,The Hub
2026-09,CR01461,all,,,,,,36.0,41.9,55.2,False,The Hub
2026-07,CR01461,instagram,9436.0,nano,0.4744595167443832,0.1126046456785756,0.0760869565217391,33.5,53.2,25.6,True,
2026-08,CR01461,instagram,9480.0,nano,0.4710970464135021,,,38.6,,,False,
2026-09,CR01461,instagram,,,,,,,,,False,
2026-07,CR01461,tiktok,94980.0,micro,2.5495788587070964,0.1110071353374663,,40.1,63.7,,False,
2026-08,CR01461,tiktok,98330.0,micro,2.4503813688599614,0.1066966797974113,0.0928729930818431,36.9,62.5,34.0,True,
2026-09,CR01461,tiktok,102800.0,mid,2.795933852140078,0.11593573599652628,0.3593782599624452,43.8,68.9,96.4,True,
2026-07,CR01461,youtube,52928.0,micro,0.8780229746070133,-0.01264783792859,0.0633861551292744,30.4,8.8,35.6,True,
2026-08,CR01461,youtube,53627.0,micro,0.8449102131389039,0.0048530954879328,0.1421713441654357,31.2,11.0,71.7,False,
2026-09,CR01461,youtube,53530.0,micro,0.8311040538016066,0.015556820337696831,0.022903453136011276,28.3,14.9,13.9,True,
2026-07,CR01462,all,,,,,,50.9,20.3,51.8,True,The Hub
2026-08,CR01462,all,,,,,,58.9,1.2,58.8,False,The Pulse
2026-09,CR01462,all,,,,,,56.4,25.8,55.7,False,The Pulse
2026-07,CR01462,instagram,11138.0,micro,1.797629736038786,0.0762392501690984,0.0393700787401574,93.9,42.3,8.8,True,
2026-08,CR01462,instagram,,,,,,,,,False,
2026-09,CR01462,instagram,11790.0,micro,2.4307039864291773,0.0886426592797784,0.14619164619164618,96.4,50.4,54.4,True,
2026-07,CR01462,tiktok,7120.0,nano,2.1595505617977526,0.0674662668665667,0.31931330472103,30.5,17.5,93.2,True,
2026-08,CR01462,tiktok,7093.0,nano,2.1708726913858736,,,30.5,,,False,
2026-09,CR01462,tiktok,7280.0,nano,2.394368131868132,,0.1935881627620222,35.7,,69.7,False,
2026-07,CR01462,youtube,7007.0,nano,0.8325959754531184,-0.095404079524916,0.0972762645914396,28.2,1.1,53.4,True,
2026-08,CR01462,youtube,3526.0,nano,2.716392512762337,-0.20460184976314,0.0992555831265508,87.3,1.2,58.8,True,
2026-09,CR01462,youtube,6839,nano,0.9978066968855096,-0.08250603702709955,0.07712765957446809,37.1,1.3,42.9,True,
2026-07,CR01463,all,,,,,,75.9,19.9,48.4,False,The Pulse
2026-08,CR01463,all,,,,,,98.2,38.6,39.2,False,The Pulse
2026-09,CR01463,all,,,,,,91.5,36.9,58.3,False,The Pulse
2026-07,CR01463,instagram,61950.0,micro,0.6215980629539951,-0.0140060480662104,,50.5,8.4,,False,
2026-08,CR01463,instagram,,,,,,,,,False,
2026-09,CR01463,instagram,64260.0,micro,1.0375505757858698,0.06939590614078882,,76.9,37.7,,False,
2026-07,CR01463,tiktok,332777.0,mid,5.818058339368406,0.0231579271011083,0.0713842166365182,80.2,22.4,17.8,True,
2026-08,CR01463,tiktok,,,,,,,,,False,
2026-09,CR01463,tiktok,335810.0,mid,10.581221524076115,0.029428895496765885,,97.7,21.9,,False,
2026-07,CR01463,youtube,18969.0,micro,4.23227370973694,0.0543605135901284,0.1639762107051826,96.9,28.8,79.0,True,
2026-08,CR01463,youtube,19152.0,micro,5.691311612364244,0.0762573756673222,0.0612327656123276,98.2,38.6,39.2,True,
2026-09,CR01463,youtube,19983,micro,10.021918630836211,0.0908942024238454,0.1076986076986077,100.0,51.1,58.3,True,
2026-07,CR01469,all,,,,,,61.7,34.5,39.9,True,The Pulse
2026-08,CR01469,all,,,,,,71.2,21.3,53.4,False,The Pulse
2026-09,CR01469,all,,,,,,67.7,62.2,61.0,False,The Pulse
2026-07,CR01469,instagram,15239.0,micro,0.7758383096003675,0.0668580229627555,0.1293634496919918,63.3,38.3,45.1,True,
2026-08,CR01469,instagram,,,,,,,,,False,
2026-09,CR01469,instagram,15810.0,micro,1.0382036685641998,0.0873452544704264,0.174079754601227,77.1,50.0,62.2,True,
2026-07,CR01469,tiktok,18882.0,micro,6.276824488931258,0.1080335661052755,0.0970984692711903,84.1,61.4,30.4,True,
2026-08,CR01469,tiktok,19260.0,micro,5.897455867082035,0.07,0.1768481629039398,79.4,40.7,63.4,True,
2026-09,CR01469,tiktok,20040.0,micro,6.39126746506986,0.13798977853492334,0.13763753373468965,83.3,74.3,51.0,True,
2026-07,CR01469,youtube,105695.0,mid,1.011987322011448,-0.066504747184809,0.0812832119661483,37.7,3.7,44.3,True,
2026-08,CR01469,youtube,102186.0,mid,1.5974203902687256,-0.1029863586088239,0.0672635174932265,63.0,1.9,43.4,True,
2026-09,CR01469,youtube,103180.0,mid,1.0765264586160108,,0.14434250764525994,42.8,,69.7,False,
2026-07,CR01470,all,,,,,,40.2,58.6,,False,The Lens
2026-08,CR01470,all,,,,,,36.0,18.6,7.2,False,The Pulse
2026-09,CR01470,all,,,,,,37.6,16.6,19.0,False,The Pulse
2026-07,CR01470,instagram,122890.0,mid,0.2181869965009358,,,9.9,,,False,
2026-08,CR01470,instagram,123330.0,mid,0.1562231411659774,0.0157472532902864,0.0237341772151898,5.9,17.9,7.2,True,
2026-09,CR01470,instagram,122981,mid,0.22105853749766224,0.008247591719614675,,10.3,14.5,,False,
2026-07,CR01470,tiktok,,,,,,,,,False,
2026-08,CR01470,tiktok,55960.0,micro,4.164563974267334,0.0219138056975894,,66.0,19.3,,False,
2026-09,CR01470,tiktok,,,,,,,,,False,
2026-07,CR01470,youtube,141104.0,mid,1.7822740673545754,0.0941263133408289,,70.6,58.6,,False,
2026-08,CR01470,youtube,,,,,,,,,False,
2026-09,CR01470,youtube,142865,mid,1.6977566233857138,0.012100002125293113,0.02990477251211227,65.0,18.7,19.0,True,
2026-07,CR01472,all,,,,,,58.0,52.8,34.8,True,The Pulse
2026-08,CR01472,all,,,,,,53.5,41.4,42.8,True,The Pulse
2026-09,CR01472,all,,,,,,51.7,65.2,39.6,False,The Lens
2026-07,CR01472,instagram,124010.0,mid,0.1556077979817364,0.182962892301822,0.0612813370473537,5.0,93.2,18.8,True,
2026-08,CR01472,instagram,130290.0,mid,0.1005020538566864,0.1676823803549023,0.2048192771084337,1.9,83.6,75.1,True,
2026-09,CR01472,instagram,1069298,macro,0.1267756977007345,6.9582179750528415,0.2059045036903148,3.6,100.0,72.9,True,
2026-07,CR01472,tiktok,48732.0,micro,12.643458097348764,0.0762367491166077,0.0541876743844534,97.3,44.2,10.5,True,
2026-08,CR01472,tiktok,49870.0,micro,9.799639061560056,0.0621938232161874,0.0120040910803681,93.7,35.3,1.5,True,
2026-09,CR01472,tiktok,51090.0,micro,16.202701115678217,0.05277998245540749,0.029354387514723204,99.8,30.3,6.2,True,
2026-07,CR01472,youtube,24678.0,micro,1.8314288029824133,0.0348905476809527,0.1476793248945147,71.8,20.9,75.0,True,
2026-08,CR01472,youtube,24682.0,micro,1.6327283040272262,-0.0264662959018656,0.0855555555555555,64.9,5.2,51.8,True,
2026-09,CR01472,youtube,,,,,,,,,False,
2026-07,CR01474,all,,,,,,39.6,53.7,59.4,True,The Hub
2026-08,CR01474,all,,,,,,39.6,57.0,,False,The Lens
2026-07,CR01474,instagram,257740.0,mid,0.3669628307596803,0.0711940484601637,,23.8,39.7,,True,
2026-08,CR01474,instagram,,,,,,,,,False,
2026-07,CR01474,tiktok,157125.0,mid,2.675277645186953,0.0602441344966497,0.1895508123606244,41.5,37.8,66.2,True,
2026-08,CR01474,tiktok,162058.0,mid,2.472417282701255,0.03052308944537,,37.5,24.8,,False,
2026-07,CR01474,youtube,77368.0,micro,1.299439044566229,0.1602531417773912,0.0956507783662333,53.6,83.7,52.7,True,
2026-08,CR01474,youtube,77898.0,micro,1.0902718940152507,0.1883752860411899,,41.6,89.3,,False,
2026-07,CR01475,all,,,,,,67.0,45.4,66.2,True,The Pulse
2026-08,CR01475,all,,,,,,62.3,39.2,41.0,False,The Pulse
2026-07,CR01475,instagram,29360.0,micro,0.864032697547684,-0.0700031675641431,0.2444821731748726,68.5,2.2,78.8,True,
2026-08,CR01475,instagram,28707.0,micro,0.6743999721322326,-0.1070639833276307,,59.5,1.4,,False,
2026-07,CR01475,tiktok,9740.0,nano,3.702053388090349,0.1221198156682027,0.169172932330827,61.1,52.6,59.4,True,
2026-08,CR01475,tiktok,10338.0,micro,3.510350164441865,0.1218665219750406,,56.4,70.2,,False,
2026-07,CR01475,youtube,288730.0,mid,1.8295778062549788,0.1355698890899079,0.1121110922435425,71.5,81.5,60.3,True,
2026-08,CR01475,youtube,300194.0,mid,1.7884334796831385,0.0761261551918209,0.0645034414945919,71.1,46.0,41.0,True,
2026-07,CR01477,all,,,,,,27.1,41.7,41.6,True,The Lens
2026-08,CR01477,all,,,,,,33.4,38.8,37.1,False,The Lens
2026-09,CR01477,all,,,,,,35.3,36.2,35.2,True,The Lens
2026-07,CR01477,instagram,12046.0,micro,0.288394487796779,0.1454925827310764,0.2849740932642487,16.8,78.1,88.3,True,
2026-08,CR01477,instagram,12670.0,micro,0.412707182320442,0.1864406779661017,,30.4,88.7,,False,
2026-09,CR01477,instagram,13147,micro,0.5214117289115388,0.1494142332575625,0.20382165605095542,43.8,77.0,72.1,True,
2026-07,CR01477,tiktok,64738.0,micro,2.490994470017609,0.0501062466544469,0.1077498926182733,39.1,27.0,35.6,True,
2026-08,CR01477,tiktok,66250.0,micro,2.50931320754717,0.0071450288841593,0.21607027724049,38.5,13.8,73.3,True,
2026-09,CR01477,tiktok,66830.0,micro,1.7513990722729313,0.027679532523450717,0.08502678343678259,20.9,19.5,26.2,True,
2026-07,CR01477,youtube,1390.0,nano,0.7906474820143885,0.0451127819548872,0.0,25.4,20.0,0.8,True,
2026-08,CR01477,youtube,1401.0,nano,0.8472519628836546,0.0152173913043478,0.0,31.4,13.8,0.9,True,
2026-09,CR01477,youtube,1413,nano,1.0580325548478415,0.020216606498194945,0.011494252873563218,41.1,12.0,7.2,True,
2026-07,CR01478,all,,,,,,55.5,,,False,The Pulse
2026-08,CR01478,all,,,,,,71.3,,,False,The Pulse
2026-09,CR01478,all,,,,,,41.5,22.2,,True,The Pulse
2026-07,CR01478,instagram,2750.0,nano,0.6901818181818182,,,55.5,,,False,
2026-08,CR01478,instagram,2790.0,nano,0.8483870967741935,,,71.3,,,False,
2026-09,CR01478,instagram,2925,nano,0.5011965811965812,0.04426990360585505,,41.5,22.2,,True,
2026-07,CR01479,all,,,,,,93.0,76.0,79.7,True,The Pulse
2026-08,CR01479,all,,,,,,,,,False,
2026-09,CR01479,all,,,,,,98.1,46.9,78.0,True,The Pulse
2026-07,CR01479,tiktok,29222.0,micro,9.154062008076108,0.1362469865463877,0.2432257766698979,93.0,76.0,79.7,True,
2026-08,CR01479,tiktok,,,,,,,,,False,
2026-09,CR01479,tiktok,31260.0,micro,10.883653230966091,0.08316008316008316,0.23078763845207165,98.1,46.9,78.0,True,
2026-07,CR01481,all,,,,,,43.0,49.0,74.3,False,The Hub
2026-08,CR01481,all,,,,,,31.3,46.2,63.3,True,The Hub
2026-09,CR01481,all,,,,,,25.9,52.0,67.5,True,The Hub
2026-07,CR01481,instagram,71320.0,micro,1.035614133482894,0.0528491290227339,,78.8,32.1,,False,
2026-08,CR01481,instagram,73960.0,micro,0.6142509464575446,0.0468506723283793,0.2019765287214329,55.6,25.8,74.1,True,
2026-09,CR01481,instagram,75300.0,micro,0.690863213811421,0.060414026193493876,0.18147304479878512,57.7,31.7,64.6,True,
2026-07,CR01481,tiktok,,,,,,,,,False,
2026-08,CR01481,tiktok,142920.0,mid,1.6723061852784775,0.0561631687851019,0.1832606108687029,20.4,40.1,65.1,True,
2026-09,CR01481,tiktok,146070.0,mid,1.3742178407612788,0.06893523600439078,0.30330907593024853,12.1,41.1,91.5,True,
2026-07,CR01481,youtube,126569.0,mid,0.407319327797486,0.1109365399806898,0.1462699077954736,7.3,66.0,74.3,True,
2026-08,CR01481,youtube,130076.0,mid,0.5883252867554353,0.1289947402225424,0.0826888756692445,17.8,72.7,50.7,True,
2026-09,CR01481,youtube,135932,mid,0.4140231880646206,0.1689957946698085,0.08329913828477636,8.0,83.1,46.3,True,
2026-07,CR01482,all,,,,,,28.9,20.3,6.3,False,The Pulse
2026-08,CR01482,all,,,,,,48.1,36.2,21.4,True,The Pulse
2026-09,CR01482,all,,,,,,40.7,74.7,64.5,False,The Lens
2026-07,CR01482,instagram,9792.0,nano,0.3582516339869281,-0.0312623664424218,,22.2,4.8,,True,
2026-08,CR01482,instagram,9560.0,nano,0.5372384937238494,-0.0599803343166175,,46.7,1.4,,True,
2026-09,CR01482,instagram,9526,nano,0.30820911190426203,,,19.2,,,False,
2026-07,CR01482,tiktok,,,,,,,,,False,
2026-08,CR01482,tiktok,25910.0,micro,4.276842917792358,0.1702800361336946,0.0469643508942693,68.0,85.5,11.0,True,
2026-09,CR01482,tiktok,27180.0,micro,3.974981604120677,0.13819095477386933,0.17173447537473233,62.2,74.7,64.5,True,
2026-07,CR01482,youtube,74058.0,micro,0.9476086310729428,0.0680261317258187,0.0081549439347604,35.6,35.9,6.3,True,
2026-08,CR01482,youtube,77035.0,micro,0.8095411176737847,0.0342489662209333,0.0491329479768786,29.5,21.8,31.7,True,
2026-09,CR01482,youtube,,,,,,,,,False,
2026-07,CR01483,all,,,,,,49.6,87.0,30.6,True,The Lens
2026-08,CR01483,all,,,,,,42.8,84.5,84.4,False,The Lens
2026-09,CR01483,all,,,,,,26.2,57.6,44.4,True,The Lens
2026-07,CR01483,instagram,88040.0,micro,1.9776124488868696,0.2843180160466813,0.0335605663345568,95.5,99.3,7.3,True,
2026-08,CR01483,instagram,150170.0,mid,1.0454551508290604,0.173203125,,80.0,86.4,,False,
2026-09,CR01483,instagram,155999,mid,0.5970102372451106,0.1616922091655124,0.012613410046470458,49.4,86.2,3.6,True,
2026-07,CR01483,youtube,406538.0,mid,0.3148192788865985,0.123846540866594,0.0978151260504201,3.6,74.7,54.0,True,
2026-08,CR01483,youtube,413050.0,mid,0.348408183028689,0.1470106356391102,0.1963582677165354,5.5,82.6,84.4,True,
2026-09,CR01483,youtube,421826,mid,0.25465713351002545,0.03776105413098404,0.21444201312910285,2.9,28.9,85.3,True,
2026-07,CR01484,all,,,,,,38.7,75.4,38.5,False,The Lens
2026-08,CR01484,all,,,,,,33.8,41.8,39.8,False,The Lens
2026-09,CR01484,all,,,,,,44.2,65.9,,False,The Lens
2026-07,CR01484,instagram,118890.0,mid,0.5445285558078896,0.1481409946885562,0.0870556061987238,42.6,78.1,30.2,True,
2026-08,CR01484,instagram,126000.0,mid,0.4446190476190476,0.1245983577293823,0.135323599912835,33.8,70.7,50.6,True,
2026-09,CR01484,instagram,133710,mid,0.6553735696656944,0.09058432025056279,,55.1,54.3,,False,
2026-07,CR01484,tiktok,72170.0,micro,2.3350561175003466,0.1280087527352297,0.1345802522836015,34.8,72.7,46.8,True,
2026-08,CR01484,tiktok,,,,,,,,,False,
2026-09,CR01484,tiktok,80290.0,micro,2.312840951550629,0.1455271793408475,,33.4,77.6,,False,
2026-07,CR01484,youtube,,,,,,,,,False,
2026-08,CR01484,youtube,220380.0,mid,0.8906116707505218,0.0023195524628189,0.044112796833773,33.9,13.0,28.9,True,
2026-09,CR01484,youtube,,,,,,,,,False,
2026-07,CR01485,all,,,,,,53.4,91.6,56.3,False,The Lens
2026-08,CR01485,all,,,,,,40.5,71.0,57.4,True,The Lens
2026-09,CR01485,all,,,,,,49.5,66.6,45.4,False,The Lens
2026-07,CR01485,instagram,,,,,,,,,False,
2026-08,CR01485,instagram,7980.0,nano,0.2726817042606516,0.0754716981132075,0.1274509803921568,14.6,33.8,46.6,True,
2026-09,CR01485,instagram,8261,nano,0.330710567727878,0.07091003370495204,0.12121212121212122,21.8,38.9,43.5,True,
2026-07,CR01485,tiktok,258300.0,mid,3.216860240030972,0.1720132492399836,0.1399880001263144,53.4,89.1,49.1,True,
2026-08,CR01485,tiktok,279740.0,mid,2.972674626438836,0.1431023210199411,0.2433661865049279,46.0,82.8,80.6,True,
2026-09,CR01485,tiktok,,,,,,,,,False,
2026-07,CR01485,youtube,13749.0,micro,1.2950032729653065,0.2102992957746479,0.1190150478796169,53.5,94.1,63.5,True,
2026-08,CR01485,youtube,15382.0,micro,1.5228188792094657,0.2324164198053322,0.0719424460431654,61.0,96.4,45.0,True,
2026-09,CR01485,youtube,16199,micro,2.1461818630779677,0.20644969092127802,0.08560157790927021,77.2,94.3,47.2,True,
2026-07,CR01486,all,,,,,,91.2,31.1,36.0,True,The Pulse
2026-09,CR01486,all,,,,,,76.6,56.0,11.0,True,The Pulse
2026-07,CR01486,youtube,4731.0,nano,3.2954977805960683,0.0759608824198317,0.0637755102040816,91.2,31.1,36.0,True,
2026-09,CR01486,youtube,5082,nano,2.1361668634395907,0.11716860848538141,0.017123287671232876,76.6,56.0,11.0,True,
2026-07,CR01489,all,,,,,,74.6,27.6,44.5,False,The Pulse
2026-08,CR01489,all,,,,,,55.2,59.1,55.8,True,The Lens
2026-09,CR01489,all,,,,,,50.4,42.0,24.0,False,The Pulse
2026-07,CR01489,instagram,,,,,,,,,False,
2026-08,CR01489,instagram,175580.0,mid,0.1311766716026882,0.1915846623685103,0.1954484605087014,4.2,93.6,71.8,True,
2026-09,CR01489,instagram,180250.0,mid,0.2087378640776699,0.10664292730844793,0.10521885521885523,9.2,61.6,37.8,True,
2026-07,CR01489,tiktok,25390.0,micro,4.565104371799921,0.0845792396411789,0.2647566448049707,71.6,48.3,84.2,True,
2026-08,CR01489,tiktok,26410.0,micro,4.666603559257857,0.1181202370872142,0.3316495659037095,70.3,67.6,93.4,True,
2026-09,CR01489,tiktok,26900.0,micro,3.0584758364312266,0.1106523534269199,,48.2,60.2,,False,
2026-07,CR01489,youtube,454245.0,mid,2.142106132153353,-0.0427112486090973,0.0045829200725059,77.7,6.8,4.8,True,
2026-08,CR01489,youtube,462620.0,mid,3.2935260040638106,0.0135173622521634,0.0009008442796388,91.0,16.1,2.2,True,
2026-09,CR01489,youtube,455047,mid,3.7018110217186355,-0.04771202437605421,0.01583645032347134,93.7,4.2,10.3,True,
2026-07,CR01490,all,,,,,,49.8,100.0,31.4,True,The Lens
2026-08,CR01490,all,,,,,,32.1,100.0,53.8,True,The Lens
2026-09,CR01490,all,,,,,,,,,False,
2026-07,CR01490,youtube,2181.0,nano,1.2177900045850527,0.3242258652094718,0.0578512396694214,49.8,100.0,31.4,True,
2026-08,CR01490,youtube,2420.0,nano,0.8636363636363636,0.3081081081081081,0.0888888888888888,32.1,100.0,53.8,True,
2026-09,CR01490,youtube,,,,,,,,,False,
2026-07,CR01492,all,,,,,,86.9,76.4,87.8,False,The Hub
2026-08,CR01492,all,,,,,,70.3,37.7,42.0,True,The Pulse
2026-09,CR01492,all,,,,,,68.9,57.8,47.4,False,The Pulse
2026-07,CR01492,instagram,294871.0,mid,2.865459811239491,0.2535913034975618,0.2875980944929003,98.9,99.3,89.3,True,
2026-08,CR01492,instagram,311650.0,mid,3.628171899492496,0.314757003037462,0.2887650680773567,99.4,100.0,89.3,True,
2026-09,CR01492,instagram,343431,mid,2.30648077779816,0.27648637397600395,0.2527267508610792,95.7,100.0,82.3,True,
2026-07,CR01492,tiktok,,,,,,,,,False,
2026-08,CR01492,tiktok,80670.0,micro,2.221966034461386,-0.0418101912341133,0.0462855484619849,31.0,5.1,10.8,True,
2026-09,CR01492,tiktok,81970.0,micro,2.105819202147127,,0.034019269656238846,29.0,,8.0,False,
2026-07,CR01492,youtube,68050.0,micro,1.9366495224099929,0.0993893179101101,0.2048816568047337,74.9,53.6,86.4,True,
2026-08,CR01492,youtube,68474.0,micro,2.26407103426118,-0.0059664658488785,0.0392201314894581,80.4,8.1,25.8,True,
2026-09,CR01492,youtube,71646,micro,2.4632917399436116,0.018943595869954775,0.0953087335434823,81.9,15.6,52.0,True,
2026-07,CR01495,all,,,,,,35.3,29.6,67.0,False,The Hub
2026-08,CR01495,all,,,,,,31.8,52.7,26.2,False,The Lens
2026-09,CR01495,all,,,,,,44.4,41.2,27.6,True,The Pulse
2026-07,CR01495,instagram,80948.0,micro,0.7431313929930325,0.047003130092868,0.222386405615072,59.8,28.8,76.1,True,
2026-08,CR01495,instagram,88780.0,micro,0.6134700552697234,0.0984904726552833,0.0783034257748776,55.2,51.9,25.2,True,
2026-09,CR01495,instagram,84880.0,micro,0.9038289349670122,0.08210096889342172,0.08145814581458145,71.2,46.8,27.3,True,
2026-07,CR01495,tiktok,93001.0,micro,1.3010612789109794,0.0546722612837378,0.1647877522616562,10.8,30.3,58.0,True,
2026-08,CR01495,tiktok,93520.0,micro,1.134570145423439,0.0871890258079516,0.121626757886735,8.4,53.5,46.1,True,
2026-09,CR01495,tiktok,95810.0,micro,2.273604007932366,0.037016993181080204,0.1421960454354228,32.6,23.7,52.8,True,
2026-07,CR01495,youtube,,,,,,,,,False,
2026-08,CR01495,youtube,,,,,0.0106417284746855,,,7.2,False,
2026-09,CR01495,youtube,131572,mid,0.8448682090414373,0.09066191403821444,0.0022216051096917524,29.3,53.0,2.7,True,
