creator_id,platform,handle,handle__source,follower_count,follower_count__source,reach_rate,reach_rate__source,growth_rate,growth_rate__source,meaningful_eng_rate,meaningful_eng_rate__source,size_band,reach_rate__pct,reach_rate__peers,growth_rate__pct,growth_rate__peers,meaningful_eng_rate__pct,meaningful_eng_rate__peers
CR00000,instagram,,,,,,,,,,,,,,,,,
CR00000,tiktok,,,,,,,,,,,,,,,,,
CR00000,youtube,@creator0_youtube,vendor_a,65063,vendor_a,0.2613313250234388,vendor_a,0.03135452167710232,vendor_a,0.0,vendor_a,micro,3.4,youtube,21.6,youtube · micro,0.7,youtube
CR00002,instagram,@creator2_instagram,vendor_b,127230.0,vendor_b,0.38701564096518115,vendor_b,-0.06006205673758865,vendor_b,0.140177690029615,vendor_b,mid,28.0,instagram,5.1,instagram · mid,52.2,instagram
CR00002,tiktok,@creator2_tiktok,vendor_c,32581,vendor_c,3.8959516282495934,vendor_c,0.11777823521339371,vendor_c,,,micro,61.5,tiktok,62.7,tiktok · micro,,
CR00002,youtube,@creator2_youtube,vendor_a,437824,vendor_a,1.8143295022657506,vendor_a,-0.01197391284724573,vendor_a,0.03324501038906574,vendor_a,mid,68.4,youtube,10.8,youtube · mid,21.0,youtube
CR00003,instagram,,,,,,,,,,,,,,,,,
CR00003,tiktok,@creator3_tiktok,vendor_b,20910.0,vendor_b,3.363271162123386,vendor_b,0.09879138202837624,vendor_b,,,micro,52.6,tiktok,53.5,tiktok · micro,,
CR00003,youtube,@creator3_youtube,vendor_a,72282,vendor_a,4.091226031377106,vendor_a,0.011531249125360351,vendor_a,0.019266297176035892,vendor_a,micro,95.2,youtube,13.8,youtube · micro,12.4,youtube
CR00004,instagram,@creator4_instagram,vendor_c,30091,vendor_c,,,0.060737450648618165,vendor_c,,,micro,,,32.5,instagram · micro,,
CR00004,tiktok,@creator4_tiktok,vendor_a,256791,vendor_a,4.372571468626237,vendor_a,0.039252586081297655,vendor_a,0.5154299175500588,vendor_a,mid,67.9,tiktok,27.2,tiktok · mid,100.0,tiktok
CR00004,youtube,@creator4_youtube,vendor_a,3926,vendor_a,0.9699439633214467,vendor_a,0.15131964809384163,vendor_a,0.10857142857142857,vendor_a,nano,35.9,youtube,78.7,youtube · nano,59.0,youtube
CR00005,instagram,,,,,,,,,,,,,,,,,
CR00005,tiktok,@creator5_tiktok,vendor_a,315860,vendor_a,2.2167384284176532,vendor_a,0.12941462525074462,vendor_a,0.14737554612023876,vendor_a,mid,31.3,tiktok,74.8,tiktok · mid,56.0,tiktok
CR00005,youtube,@creator5_youtube,vendor_a,17648,vendor_a,0.5448209428830463,vendor_a,0.1935614770729068,vendor_a,0.1708542713567839,vendor_a,micro,13.3,youtube,92.2,youtube · micro,77.3,youtube
CR00007,instagram,,,,,,,,,,,,,,,,,
CR00007,youtube,,,,,,,,,,,,,,,,,
CR00009,instagram,@creator9_instagram,vendor_a,106589,vendor_a,1.357672930602595,vendor_a,0.06339103107696913,vendor_a,0.15521769177608846,vendor_a,mid,86.5,instagram,42.0,instagram · mid,57.2,instagram
CR00009,tiktok,https://www.tiktok.com/@creator9_tiktok,vendor_b,8740.0,vendor_b,6.290274599542334,vendor_b,,,0.12547220723151645,vendor_b,nano,82.7,tiktok,,,47.4,tiktok
CR00009,youtube,@creator9_youtube,vendor_a,57960,vendor_a,2.9199965493443756,vendor_a,0.046171618353128045,vendor_a,0.002109181141439206,vendor_a,micro,88.2,youtube,28.4,youtube · micro,2.5,youtube
CR00011,tiktok,,,,,,,,,,,,,,,,,
CR00012,instagram,@creator12_instagram,vendor_a,190902,vendor_a,0.4379576955715498,vendor_a,0.058948828179170715,vendor_a,0.12661870503597122,vendor_a,mid,34.8,instagram,39.1,instagram · mid,47.0,instagram
CR00012,tiktok,@creator12_tiktok,vendor_b,77960.0,vendor_b,1.1913545407901487,vendor_b,-0.023791635361883296,vendor_b,0.2925398155909472,vendor_b,micro,8.5,tiktok,7.9,tiktok · micro,89.4,tiktok
CR00012,youtube,,,,,,,,,,,,,,,,,
CR00013,instagram,@creator13_instagram,vendor_a,192280,vendor_a,0.8239054568527919,vendor_b,0.14976619586926104,vendor_a,0.43551033803741385,vendor_b,mid,65.6,instagram,79.0,instagram · mid,99.4,instagram
CR00013,tiktok,@creator13_tiktok,vendor_c,,,,,,,,,,,,,,,
CR00015,instagram,@creator15_instagram,vendor_a,246634,vendor_a,0.25989522936821363,vendor_a,0.09092919668962345,vendor_a,0.13043478260869565,vendor_a,mid,13.7,instagram,55.1,instagram · mid,47.8,instagram
CR00015,tiktok,,,6986,vendor_c,5.131119381620383,vendor_c,,,,,nano,74.4,tiktok,,,,
CR00015,youtube,@creator15_youtube,vendor_a,31999,vendor_a,7.626175817994312,vendor_a,-0.010574812157941932,vendor_a,0.049665884052736135,vendor_a,micro,99.4,youtube,8.5,youtube · micro,31.4,youtube
CR00020,youtube,@creator20_youtube,vendor_a,5190,vendor_a,2.032369942196532,vendor_a,0.03242490551024468,vendor_a,0.022026431718061675,vendor_a,nano,75.1,youtube,20.0,youtube · nano,13.7,youtube
CR00023,tiktok,@creator23_tiktok,vendor_b,74970.0,vendor_b,4.992943844204349,vendor_b,0.09126637554585153,vendor_b,0.07185899367279301,vendor_b,micro,72.3,tiktok,51.5,tiktok · micro,21.8,tiktok
CR00023,youtube,,,,,,,,,,,,,,,,,
CR00025,instagram,@creator25_instagram,vendor_b,47620.0,vendor_b,0.9373162536749265,vendor_b,0.10744186046511628,vendor_b,,"n/a (likes hidden, vendor_b)",micro,72.9,instagram,58.3,instagram · micro,,
CR00025,tiktok,,,,,,,,,,,,,,,,,
CR00025,youtube,@creator25_youtube,vendor_a,75788,vendor_a,0.9507969599408878,vendor_a,-0.037368220500444554,vendor_a,0.10994178235557546,vendor_a,micro,35.6,youtube,3.9,youtube · micro,59.6,youtube
CR00027,youtube,@creator27_youtube,vendor_a,12946,vendor_a,1.0824965240228641,vendor_a,0.027378779461947465,vendor_a,0.01795142555438226,vendor_a,micro,43.0,youtube,19.9,youtube · micro,11.4,youtube
CR00029,instagram,@creator29_instagram,vendor_b,2419860.0,vendor_b,0.7908453381600589,vendor_b,0.1492223303967896,vendor_b,0.13340454945331154,vendor_b,macro,64.3,instagram,81.2,instagram · macro,50.0,instagram
CR00029,tiktok,,,,,,,,,,,,,,,,,
CR00029,youtube,@creator29_youtube,vendor_a,13382,vendor_a,0.48378418771484083,vendor_a,0.10212485587217922,vendor_a,0.0546875,vendor_a,micro,10.6,youtube,54.3,youtube · micro,34.1,youtube
CR00030,instagram,,,,,,,,,,,,,,,,,
CR00030,tiktok,,,,,,,,,,,,,,,,,
CR00030,youtube,@creator30_youtube,vendor_a,989610,vendor_a,1.465338870868322,vendor_a,0.2326166807622317,vendor_a,0.035046485991805154,vendor_a,mid,57.8,youtube,95.2,youtube · mid,21.9,youtube
CR00031,instagram,@creator31_instagram,vendor_b,9640.0,vendor_b,0.9449170124481328,vendor_b,0.0843644544431946,vendor_b,0.20813397129186603,vendor_b,nano,73.3,instagram,53.7,instagram · nano,73.5,instagram
CR00031,tiktok,@creator31_tiktok,vendor_b,33950.0,vendor_b,1.7972606774668631,vendor_b,0.05533105377681069,vendor_b,0.25284930350358803,vendor_b,micro,22.4,tiktok,31.5,tiktok · micro,84.2,tiktok
CR00031,youtube,@creator31_youtube,vendor_a,22483,vendor_a,0.21749766490237069,vendor_a,0.046451012334186643,vendor_a,0.11538461538461539,vendor_a,micro,1.0,youtube,28.7,youtube · micro,61.3,youtube
CR00032,instagram,@creator32_instagram,vendor_b,,,,,,,,,,,,,,,
CR00032,tiktok,@creator32_tiktok,vendor_a,143403,vendor_a,6.123142472612149,vendor_a,0.1251971407722426,vendor_a,0.38287109715681145,vendor_a,mid,81.8,tiktok,71.5,tiktok · mid,97.4,tiktok
CR00032,youtube,@creator32_youtube,vendor_a,2809,vendor_a,1.4944820220719117,vendor_a,0.13724696356275304,vendor_a,0.09859154929577464,vendor_a,nano,58.6,youtube,68.0,youtube · nano,53.7,youtube
CR00033,instagram,@creator33_instagram,vendor_a,57396,vendor_a,0.8890863474806606,vendor_a,0.0707010409282543,vendor_a,,"n/a (likes hidden, vendor_a)",micro,69.9,instagram,40.1,instagram · micro,,
CR00033,youtube,@creator33_youtube,vendor_a,9153,vendor_a,0.7536326887359336,vendor_a,0.014182825484764542,vendor_a,0.205761316872428,vendor_a,nano,24.5,youtube,9.3,youtube · nano,84.2,youtube
CR00034,instagram,@creator34_instagram,vendor_a,53714,vendor_a,1.732341661391816,vendor_a,0.13709301833269824,vendor_a,0.24663677130044842,vendor_a,micro,90.2,instagram,71.8,instagram · micro,80.7,instagram
CR00034,tiktok,@creator34_tiktok,vendor_b,21640.0,vendor_b,19.858964879852127,vendor_b,0.09292929292929293,vendor_b,0.059788294664287034,vendor_b,micro,100.0,tiktok,52.3,tiktok · micro,16.8,tiktok
CR00034,youtube,@creator34_youtube,vendor_a,122033,vendor_a,0.7130366376308048,vendor_a,0.05225354177265398,vendor_a,0.0037585153864223633,vendor_a,mid,21.3,youtube,37.3,youtube · mid,3.6,youtube
CR00036,instagram,@creator36_instagram,vendor_b,106540.0,vendor_b,,,0.05307897598102204,vendor_b,,,mid,,,33.3,instagram · mid,,
CR00036,tiktok,@creator36_tiktok,vendor_b,79500.0,vendor_b,6.634213836477987,vendor_b,0.05985868550859885,vendor_b,0.07455496421361718,vendor_b,micro,84.4,tiktok,35.7,tiktok · micro,22.5,tiktok
CR00036,youtube,@creator36_youtube,vendor_a,63390,vendor_a,3.6320870799810696,vendor_a,0.081740614334471,vendor_a,0.18365344174961445,vendor_a,micro,93.5,youtube,46.1,youtube · micro,79.0,youtube
CR00037,tiktok,@creator37_tiktok,vendor_b,219410.0,vendor_b,1.1984822934232715,vendor_b,0.16059243586352817,vendor_b,0.12410209384074583,vendor_b,mid,8.9,tiktok,86.8,tiktok · mid,46.4,tiktok
CR00038,instagram,@creator38_instagram,vendor_a,34968,vendor_a,2.2938686799359416,vendor_a,0.2599264970815018,vendor_a,0.1911170928667564,vendor_a,micro,95.5,instagram,98.4,instagram · micro,67.7,instagram
CR00038,tiktok,,,,,,,,,,,,,,,,,
CR00038,youtube,,,,,,,,,,,,,,,,,
CR00039,instagram,@creator39_instagram,vendor_a,240428,vendor_a,1.0354700783602575,vendor_a,0.05424058792061669,vendor_a,,"n/a (likes hidden, vendor_a)",mid,76.5,instagram,34.1,instagram · mid,,
CR00039,tiktok,@creator39_tiktok,vendor_a,14288,vendor_a,1.9647256438969765,vendor_a,0.20350404312668463,vendor_a,0.060209424083769635,vendor_a,micro,25.6,tiktok,94.6,tiktok · micro,17.6,tiktok
CR00040,instagram,@creator40_instagram,vendor_a,6589,vendor_a,0.5486416755198057,vendor_a,0.13057652711050102,vendor_a,0.07936507936507936,vendor_a,nano,44.9,instagram,68.5,instagram · nano,25.7,instagram
CR00040,tiktok,,,,,,,,,,,,,,,,,
CR00040,youtube,@creator40_youtube,vendor_a,210226,vendor_a,,,0.028518031086561937,vendor_a,0.014422463305679643,vendor_a,mid,,,25.3,youtube · mid,9.3,youtube
CR00041,instagram,https://www.instagram.com/creator41_instagram/,vendor_b,20550.0,vendor_b,1.6545498783454988,vendor_b,0.10331748490838186,vendor_c,,"n/a (likes hidden, vendor_b)",micro,89.1,instagram,56.0,instagram · micro,,
CR00041,youtube,,,,,,,,,0.0563480459951792,vendor_c,,,,,,35.0,youtube
CR00046,tiktok,,,,,,,,,,,,,,,,,
CR00046,youtube,@creator46_youtube,vendor_a,4376,vendor_a,1.7141224862888482,vendor_a,0.07386503067484662,vendor_a,0.1295843520782396,vendor_a,nano,65.8,youtube,40.0,youtube · nano,65.1,youtube
CR00047,instagram,@creator47_instagram,vendor_c,,,,,,,,,,,,,,,
CR00047,youtube,@creator47_youtube,vendor_a,540355,vendor_a,0.9363955177614717,vendor_a,-0.14025482652512467,vendor_a,0.0808622583199244,vendor_a,mid,34.2,youtube,0.6,youtube · mid,44.4,youtube
CR00048,instagram,@creator48_instagram,vendor_c,712616,vendor_c,0.20630465776799847,vendor_c,0.04632290215206433,vendor_c,,,mid,8.8,instagram,31.2,instagram · mid,,
CR00048,tiktok,@creator48_tiktok,vendor_a,29870,vendor_a,2.393304318714429,vendor_a,0.06598622461725134,vendor_a,0.30776967563490065,vendor_a,micro,35.3,tiktok,37.8,tiktok · micro,93.0,tiktok
CR00048,youtube,@creator48_youtube,vendor_a,44049,vendor_a,1.1152353061363482,vendor_a,0.10957454847729162,vendor_a,0.31300669721536833,vendor_a,micro,44.9,youtube,59.2,youtube · micro,96.8,youtube
CR00050,instagram,@creator50_instagram,vendor_a,19801,vendor_a,0.5536589061158528,vendor_a,0.10731461805167207,vendor_a,0.25274725274725274,vendor_a,micro,45.3,instagram,57.9,instagram · micro,82.6,instagram
CR00050,youtube,@creator50_youtube,vendor_b,339600.0,vendor_b,3.5635895170789165,vendor_b,0.10492923377257199,vendor_b,0.1874411725157994,vendor_b,mid,92.8,youtube,60.8,youtube · mid,80.0,youtube
CR00053,youtube,https://youtube.com/@creator53_youtube,vendor_b,960330.0,vendor_b,0.5059875251215727,vendor_b,0.023358659860828423,vendor_b,0.17327177643405786,vendor_b,mid,12.0,youtube,24.1,youtube · mid,78.1,youtube
CR00054,tiktok,@creator54_tiktok,vendor_b,9470.0,vendor_b,2.008975712777191,vendor_b,0.16482164821648215,vendor_b,0.3061472915398661,vendor_b,nano,26.6,tiktok,79.2,tiktok · nano,92.0,tiktok
CR00056,instagram,@creator56_instagram,vendor_a,12717,vendor_a,0.24384681921836912,vendor_a,-0.03615279672578445,vendor_a,0.0,vendor_a,micro,12.6,instagram,5.2,instagram · micro,1.0,instagram
CR00056,youtube,@creator56_youtube,vendor_a,50048,vendor_a,0.663942615089514,vendor_a,0.18543783604538241,vendor_a,0.08163265306122448,vendor_a,micro,19.2,youtube,91.1,youtube · micro,45.0,youtube
CR00062,instagram,@creator62_instagram,vendor_b,2470.0,vendor_b,0.4404858299595142,vendor_b,,,0.2676056338028169,vendor_b,nano,35.0,instagram,,,84.5,instagram
CR00062,tiktok,@creator62_tiktok,vendor_b,39770.0,vendor_b,1.3043751571536335,vendor_b,0.17837037037037037,vendor_b,0.1531899109792285,vendor_b,micro,11.0,tiktok,89.6,tiktok · micro,58.3,tiktok
CR00062,youtube,@creator62_youtube,vendor_a,94960,vendor_a,1.7333403538331928,vendor_a,0.2028322798839728,vendor_a,0.0007958615200955034,vendor_a,micro,66.5,youtube,93.6,youtube · micro,1.9,youtube
CR00063,instagram,,,,,,,,,,,,,,,,,
CR00063,tiktok,@creator63_tiktok,vendor_b,83018,vendor_c,2.2052326001590017,vendor_c,0.03417004048582996,vendor_c,0.17093626105519977,vendor_b,micro,31.1,tiktok,22.0,tiktok · micro,63.5,tiktok
CR00063,youtube,@creator63_youtube,vendor_b,26015,vendor_a,0.8973669037093984,vendor_a,0.24372519959841277,vendor_a,0.07457846952010376,vendor_a,micro,31.7,youtube,98.6,youtube · micro,41.5,youtube
CR00065,instagram,@creator65_instagram,vendor_b,89400.0,vendor_b,0.4006711409395973,vendor_b,-0.03736405728437601,vendor_b,,,micro,29.3,instagram,4.8,instagram · micro,,
CR00065,tiktok,@creator65_tiktok,vendor_c,26638,vendor_c,1.3952248667317366,vendor_c,0.1430655681428081,vendor_c,,,micro,12.5,tiktok,76.3,tiktok · micro,,
CR00065,youtube,@creator65_youtube,vendor_a,6046,vendor_a,1.171187562024479,vendor_a,0.036516372364135095,vendor_a,0.4257142857142857,vendor_a,nano,47.5,youtube,21.3,youtube · nano,99.4,youtube
CR00068,instagram,@creator68_instagram,vendor_c,103092,vendor_c,,,0.018524556151634605,vendor_c,,,mid,,,19.6,instagram · mid,,
CR00068,tiktok,,,,,,,,,,,,,,,,,
CR00068,youtube,@creator68_youtube,vendor_a,82072,vendor_a,1.852885271468954,vendor_a,0.10671808840583619,vendor_a,0.21582356030106775,vendor_a,micro,69.6,youtube,56.7,youtube · micro,85.7,youtube
CR00070,instagram,@creator70_instagram,vendor_a,33163,vendor_a,0.490486385429545,vendor_a,0.24359695503806203,vendor_a,0.10386151797603196,vendor_a,micro,39.7,instagram,97.2,instagram · micro,37.0,instagram
CR00070,tiktok,@creator70_tiktok,vendor_b,12490.0,vendor_b,0.9771817453963171,vendor_b,0.13545454545454547,vendor_b,0.2005958291956306,vendor_b,micro,5.1,tiktok,72.2,tiktok · micro,71.8,tiktok
CR00070,youtube,,,,,,,,,,,,,,,,,
CR00071,youtube,@creator71_youtube,vendor_a,274515,vendor_a,2.4437681001038194,vendor_a,0.07734481391798498,vendor_a,0.02095166338240408,vendor_a,mid,81.7,youtube,48.2,youtube · mid,13.0,youtube
CR00073,tiktok,https://www.tiktok.com/@creator73_tiktok,vendor_b,431660.0,vendor_b,7.298869480609739,vendor_b,0.15667622390739303,vendor_b,,,mid,88.8,tiktok,86.1,tiktok · mid,,
CR00073,youtube,@creator73_youtube,vendor_a,22386,vendor_a,0.662512284463504,vendor_a,0.07931150860614242,vendor_a,0.015172413793103448,vendor_a,micro,19.0,youtube,44.0,youtube · micro,9.7,youtube
CR00076,youtube,@creator76_youtube,vendor_c,33294,vendor_c,,,0.02911721068249258,vendor_c,,,micro,,,20.9,youtube · micro,,
CR00079,instagram,@creator79_instagram,vendor_b,678500.0,vendor_b,1.0359130434782609,vendor_b,0.1595119283614738,vendor_b,,,mid,76.7,instagram,84.1,instagram · mid,,
CR00079,tiktok,,,,,,,,,,,,,,,,,
CR00082,instagram,@creator82_instagram,vendor_b,43730.0,vendor_b,0.45348730848387836,vendor_b,,,0.18846153846153846,vendor_b,micro,36.5,instagram,,,66.9,instagram
CR00082,tiktok,@creator82_tiktok,vendor_a,50354,vendor_a,4.097092584501728,vendor_a,0.15554433633192583,vendor_a,0.22445597348321084,vendor_a,micro,63.6,tiktok,81.7,tiktok · micro,76.7,tiktok
CR00082,youtube,@creator82_youtube,vendor_a,107778,vendor_a,7.398114643062591,vendor_a,-0.06575708193197184,vendor_a,0.06101032654200391,vendor_a,mid,98.9,youtube,3.6,youtube · mid,36.4,youtube
CR00083,instagram,@creator83_instagram,vendor_a,17746,vendor_a,1.1679251662346444,vendor_a,0.039297218155197655,vendor_a,,,micro,81.4,instagram,23.4,instagram · micro,,
CR00083,tiktok,@creator83_tiktok,vendor_b,5060.0,vendor_b,4.449209486166008,vendor_b,0.1473922902494331,vendor_b,0.0377643504531722,vendor_b,nano,68.3,tiktok,66.7,tiktok · nano,9.1,tiktok
CR00083,youtube,@creator83_youtube,vendor_a,57001,vendor_a,1.9596147436009894,vendor_a,0.07571382739813924,vendor_a,0.0759519867549669,vendor_a,micro,72.6,youtube,42.2,youtube · micro,42.1,youtube
CR00084,instagram,@creator84_instagram,vendor_c,195273,vendor_c,1.911375356552109,vendor_c,0.1325951789898615,vendor_c,,,mid,92.1,instagram,70.3,instagram · mid,,
CR00084,tiktok,@creator84_tiktok,vendor_a,101980,vendor_a,8.378250637379878,vendor_a,-0.010613733822302424,vendor_a,0.2521215931031386,vendor_a,mid,92.0,tiktok,7.3,tiktok · mid,83.9,tiktok
CR00084,youtube,@creator84_youtube,vendor_a,6275,vendor_a,0.843187250996016,vendor_a,0.09587844917918267,vendor_a,,,nano,28.9,youtube,45.3,youtube · nano,,
CR00085,youtube,@creator85_youtube,vendor_a,6568,vendor_a,8.501065773447015,vendor_a,0.140673845085099,vendor_a,0.0966824644549763,vendor_a,nano,99.8,youtube,70.7,youtube · nano,53.0,youtube
CR00086,instagram,@creator86_instagram,vendor_b,17440.0,vendor_b,4.702064220183487,vendor_b,0.0679730557256583,vendor_b,,,micro,99.6,instagram,35.7,instagram · micro,,
CR00086,tiktok,@creator86_tiktok,vendor_a,219056,vendor_a,2.8136428016630877,vendor_b,-0.022948158125967323,vendor_a,0.08505041648399825,vendor_a,mid,44.4,tiktok,6.0,tiktok · mid,26.4,tiktok
CR00086,youtube,@creator86_youtube,vendor_a,93275,vendor_a,0.6346823907799518,vendor_a,0.07343429926116878,vendor_a,,,micro,18.3,youtube,40.4,youtube · micro,,
CR00087,youtube,@creator87_youtube,vendor_a,16492,vendor_a,0.8907955372301722,vendor_a,0.11840499118404992,vendor_a,0.1960431654676259,vendor_a,micro,31.4,youtube,64.5,youtube · micro,81.7,youtube
CR00089,instagram,@creator89_instagram,vendor_c,,,,,,,,,,,,,,,
CR00090,instagram,@creator90_instagram,vendor_a,41055,vendor_a,0.3402995981001096,vendor_a,0.07064622124863089,vendor_a,0.12562814070351758,vendor_a,micro,23.3,instagram,39.7,instagram · micro,46.5,instagram
CR00090,tiktok,,,,,,,,,,,,,,,,,
CR00090,youtube,@creator90_youtube,vendor_a,28778,vendor_a,2.193689624018347,vendor_a,0.017681589928566378,vendor_a,0.1274264245460238,vendor_a,micro,78.3,youtube,15.2,youtube · micro,64.8,youtube
CR00092,tiktok,@creator92_tiktok,vendor_a,430242,vendor_a,2.0920946815977985,vendor_a,-0.026293396098311682,vendor_a,0.07576851275668949,vendor_a,mid,28.1,tiktok,5.3,tiktok · mid,23.1,tiktok
CR00092,youtube,@creator92_youtube,vendor_a,3711684,vendor_a,0.9907438240970945,vendor_a,0.19610549440067337,vendor_a,0.32624737014208943,vendor_a,macro,36.5,youtube,100.0,youtube · macro,97.3,youtube
CR00094,youtube,@creator94_youtube,vendor_a,37493,vendor_a,0.6650308057504067,vendor_a,0.12564549057283536,vendor_a,0.22100313479623823,vendor_a,micro,19.4,youtube,68.4,youtube · micro,87.0,youtube
CR00096,instagram,@creator96_instagram,vendor_a,123740,vendor_a,0.7576773880717633,vendor_a,0.06486063182534013,vendor_a,0.26174227217984747,vendor_a,mid,62.2,instagram,44.2,instagram · mid,84.3,instagram
CR00096,youtube,@creator96_youtube,vendor_a,8941,vendor_a,2.1651940498825635,vendor_a,0.19420328569520504,vendor_a,0.07568438003220612,vendor_a,nano,77.4,youtube,90.7,youtube · nano,41.9,youtube
CR00097,instagram,@creator97_instagram,vendor_a,94247,vendor_a,,,0.12485379418996014,vendor_a,0.1673866090712743,vendor_b,micro,,,63.9,instagram · micro,60.2,instagram
CR00097,tiktok,@creator97_tiktok,vendor_b,1261220.0,vendor_b,0.8005621541047557,vendor_b,,,0.04601751744902149,vendor_b,macro,3.8,tiktok,,,11.4,tiktok
CR00097,youtube,@creator97_youtube,vendor_a,56393,vendor_a,0.8624651995815084,vendor_a,0.12372469312928423,vendor_a,0.143796992481203,vendor_a,micro,30.0,youtube,67.4,youtube · micro,69.5,youtube
CR00099,instagram,,,,,,,,,,,,,,,,,
CR00099,tiktok,,,,,,,,,,,,,,,,,
CR00099,youtube,@creator99_youtube,vendor_a,51037,vendor_a,1.1633716715324176,vendor_a,0.04674104762295418,vendor_a,0.02198890649762282,vendor_a,micro,47.0,youtube,29.1,youtube · micro,13.5,youtube
CR00100,instagram,,,,,,,,,,,,,,,,,
CR00100,tiktok,@creator100_tiktok,vendor_c,,,,,,,,,,,,,,,
CR00100,youtube,@creator100_youtube,vendor_a,32070.0,vendor_b,2.208013719987527,vendor_b,0.1594360086767896,vendor_b,0.05633284241531664,vendor_b,micro,78.5,youtube,80.5,youtube · micro,34.9,youtube
CR00102,instagram,@creator102_instagram,vendor_b,122270.0,vendor_b,0.9017011531855729,vendor_b,0.014604597128868973,vendor_b,0.27953024716646185,vendor_b,mid,70.9,instagram,17.4,instagram · mid,87.3,instagram
CR00102,tiktok,https://www.tiktok.com/@creator102_tiktok,vendor_b,306440.0,vendor_b,1.3347115259104556,vendor_b,0.04344865159357123,vendor_b,,,mid,11.2,tiktok,29.1,tiktok · mid,,
CR00102,youtube,@creator102_youtube,vendor_a,110768,vendor_a,2.828533511483461,vendor_a,0.067983069313613,vendor_a,0.05254175301718883,vendor_a,mid,87.5,youtube,44.0,youtube · mid,33.3,youtube
CR00103,instagram,@creator103_instagram,vendor_a,148843,vendor_a,0.6002028983559858,vendor_a,-0.00903462050599201,vendor_a,0.14125910509885536,vendor_a,mid,49.6,instagram,10.9,instagram · mid,52.5,instagram
CR00103,tiktok,@creator103_tiktok,vendor_c,2997,vendor_c,4.860527193860527,vendor_c,0.07380867072733788,vendor_c,,,nano,71.7,tiktok,33.3,tiktok · nano,,
CR00103,youtube,,,,,,,,,,,,,,,,,
CR00107,tiktok,@creator107_tiktok,vendor_b,12190.0,vendor_b,3.821410992616899,vendor_b,0.07495590828924162,vendor_b,0.12936046511627908,vendor_b,micro,60.7,tiktok,42.7,tiktok · micro,48.7,tiktok
CR00108,instagram,@creator108_instagram,vendor_a,234820,vendor_a,0.5173196490929223,vendor_a,0.0643737138402125,vendor_a,0.04777856135401975,vendor_a,mid,42.9,instagram,43.5,instagram · mid,12.2,instagram
CR00108,tiktok,,,,,,,,,,,,,,,,,
CR00108,youtube,,,,,,,,,,,,,,,,,
CR00110,instagram,@creator110_instagram,vendor_a,75536,vendor_a,0.1824030925651345,vendor_a,0.08430587255788582,vendor_a,0.13228155339805825,vendor_a,micro,6.2,instagram,48.0,instagram · micro,48.9,instagram
CR00110,tiktok,@creator110_tiktok,vendor_b,224804,vendor_a,3.1855527481717405,vendor_a,0.0998346363467353,vendor_a,0.06252927400468385,vendor_a,mid,51.0,tiktok,64.2,tiktok · mid,18.9,tiktok
CR00110,youtube,,,,,,,,,,,,,,,,,
CR00111,tiktok,https://www.tiktok.com/@creator111_tiktok,vendor_b,79730.0,vendor_b,7.327141602909821,vendor_b,0.15266734133294782,vendor_b,0.09586751747189304,vendor_b,micro,89.0,tiktok,80.5,tiktok · micro,30.8,tiktok
CR00111,youtube,@creator111_youtube,vendor_b,23320.0,vendor_b,1.5100771869639795,vendor_b,,,0.055909412597310686,vendor_b,micro,58.9,youtube,,,34.5,youtube
CR00112,tiktok,https://www.tiktok.com/@creator112_tiktok,vendor_b,5320.0,vendor_b,1.1986842105263158,vendor_b,0.13675213675213677,vendor_b,,,nano,9.1,tiktok,56.2,tiktok · nano,,
CR00114,instagram,@creator114_instagram,vendor_b,89664,vendor_c,3.069091274089936,vendor_c,0.08507394050874942,vendor_c,0.03632814618012254,vendor_b,micro,98.5,instagram,49.2,instagram · micro,8.0,instagram
CR00116,instagram,@creator116_instagram,vendor_a,4759,vendor_a,0.670519016600126,vendor_a,0.04800704690596785,vendor_a,0.22522522522522523,vendor_a,nano,56.0,instagram,27.8,instagram · nano,77.1,instagram
CR00117,instagram,,,,,,,,,,,,,,,,,
CR00117,tiktok,@creator117_tiktok,vendor_a,44227,vendor_a,2.3419856648653536,vendor_a,0.09918978029625211,vendor_a,0.44226327944572746,vendor_a,micro,33.8,tiktok,53.9,tiktok · micro,99.0,tiktok
CR00117,youtube,@creator117_youtube,vendor_a,8924,vendor_a,1.4792693859255939,vendor_a,0.0814348036839554,vendor_a,0.023465703971119134,vendor_a,nano,58.4,youtube,44.0,youtube · nano,14.7,youtube
CR00126,instagram,@creator126_instagram,vendor_b,67220.0,vendor_b,0.39663790538530197,vendor_b,-0.029734411085450347,vendor_b,0.17959183673469387,vendor_b,micro,29.1,instagram,6.3,instagram · micro,64.1,instagram
CR00126,youtube,@creator126_youtube,vendor_c,56162,vendor_c,1.6111605712047292,vendor_c,0.16938388822953754,vendor_c,0.03656716417910448,vendor_c,micro,62.9,youtube,85.8,youtube · micro,24.0,youtube
CR00127,tiktok,@creator127_tiktok,vendor_b,5630.0,vendor_b,3.8817051509769094,vendor_b,,,0.04114285714285714,vendor_b,nano,61.3,tiktok,,,9.8,tiktok
CR00128,instagram,@creator128_instagram,vendor_b,,,,,,,0.34626865671641793,vendor_b,,,,,,95.9,instagram
CR00128,tiktok,https://www.tiktok.com/@creator128_tiktok,vendor_b,431940.0,vendor_b,0.7587535305829514,vendor_b,0.0856309849950989,vendor_b,0.08407954413303872,vendor_b,mid,3.4,tiktok,51.7,tiktok · mid,25.6,tiktok
CR00128,youtube,@creator128_youtube,vendor_a,466995,vendor_a,1.9876379832760522,vendor_a,0.10306831065759638,vendor_a,0.06694055099081682,vendor_a,mid,74.0,youtube,58.4,youtube · mid,38.3,youtube
CR00130,instagram,@creator130_instagram,vendor_a,96627,vendor_a,0.7443985635484905,vendor_a,0.07910077727150898,vendor_a,0.18392788645953204,vendor_a,micro,61.1,instagram,45.6,instagram · micro,66.0,instagram
CR00130,tiktok,@creator130_tiktok,vendor_c,1311714,vendor_c,1.5425359491474513,vendor_c,-0.0031538213675577414,vendor_c,,,macro,15.2,tiktok,12.5,tiktok · macro,,
CR00130,youtube,@creator130_youtube,vendor_a,14494,vendor_a,1.0001379881330206,vendor_a,0.04884579202547218,vendor_a,,,micro,37.3,youtube,30.1,youtube · micro,,
CR00131,instagram,@creator131_instagram,vendor_b,60540.0,vendor_b,,,-0.05347091932457786,vendor_b,,"n/a (likes hidden, vendor_b)",micro,,,3.2,instagram · micro,,
CR00131,tiktok,@creator131_tiktok,vendor_c,60680,vendor_c,8.585036255767964,vendor_c,0.018582243633860976,vendor_c,,,micro,92.6,tiktok,16.6,tiktok · micro,,
CR00131,youtube,@creator131_youtube,vendor_a,36821,vendor_a,1.3662312267456072,vendor_a,0.05404631723585149,vendor_a,0.17438692098092642,vendor_a,micro,54.4,youtube,31.9,youtube · micro,78.5,youtube
CR00136,instagram,@creator136_instagram,vendor_b,92980.0,vendor_b,0.36756291675629166,vendor_b,0.045423881268270745,vendor_b,0.47489150650960943,vendor_b,micro,26.5,instagram,26.6,instagram · micro,100.0,instagram
CR00136,tiktok,@creator136_tiktok,vendor_a,84431,vendor_a,4.317880873139013,vendor_a,0.04779101514023331,vendor_a,0.2961798647035416,vendor_a,micro,66.4,tiktok,27.0,tiktok · micro,89.9,tiktok
CR00136,youtube,@creator136_youtube,vendor_a,197800,vendor_a,1.5829069767441861,vendor_a,0.14140627254104274,vendor_a,0.2073837355983517,vendor_a,mid,62.0,youtube,77.1,youtube · mid,84.4,youtube
CR00138,instagram,@creator138_instagram,vendor_a,4696,vendor_a,0.2612862010221465,vendor_a,0.02220287331301698,vendor_a,0.0,vendor_a,nano,14.1,instagram,14.8,instagram · nano,1.0,instagram
CR00138,tiktok,@creator138_tiktok,vendor_a,20245,vendor_a,1.417732773524327,vendor_a,0.13087923137079657,vendor_a,0.24776500638569604,vendor_a,micro,12.9,tiktok,69.7,tiktok · micro,81.9,tiktok
CR00138,youtube,@creator138_youtube,vendor_a,69927,vendor_a,0.22612152673502367,vendor_a,0.021025888124753603,vendor_a,0.10043668122270742,vendor_a,micro,1.7,youtube,16.3,youtube · micro,55.4,youtube
CR00139,instagram,@creator139_instagram,vendor_a,109674,vendor_a,0.30172146543392236,vendor_a,0.13936359197581524,vendor_a,0.12087912087912088,vendor_a,mid,18.8,instagram,72.5,instagram · mid,42.5,instagram
CR00140,tiktok,,,,,,,,,,,,,,,,,
CR00140,youtube,@creator140_youtube,vendor_a,100525,vendor_a,1.0470728674459089,vendor_a,0.13305906221821462,vendor_a,,,mid,40.3,youtube,72.3,youtube · mid,,
CR00141,instagram,https://www.instagram.com/creator141_instagram/,vendor_b,56010.0,vendor_b,0.2299232279950009,vendor_b,0.1315151515151515,vendor_b,0.05614973262032086,vendor_b,micro,11.8,instagram,68.7,instagram · micro,16.3,instagram
CR00143,instagram,@creator143_instagram,vendor_a,231600,vendor_a,4.5822538860103625,vendor_a,0.21604166885442155,vendor_a,0.03755432080081292,vendor_a,mid,99.4,instagram,96.4,instagram · mid,8.6,instagram
CR00143,tiktok,@creator143_tiktok,vendor_a,54448,vendor_a,7.260468704084631,vendor_a,0.01602940902050794,vendor_a,0.09388965942364001,vendor_a,micro,88.6,tiktok,15.8,tiktok · micro,29.8,tiktok
CR00143,youtube,@creator143_youtube,vendor_c,34789,vendor_c,0.7459541809192561,vendor_c,0.11068897260711322,vendor_c,0.24287856071964017,vendor_c,micro,23.6,youtube,60.3,youtube · micro,91.2,youtube
CR00146,instagram,@creator146_instagram,vendor_b,1693990.0,vendor_b,0.7117291129227445,vendor_b,0.09725038054215111,vendor_b,,,macro,59.6,instagram,37.5,instagram · macro,,
CR00146,tiktok,@creator146_tiktok,vendor_b,255630.0,vendor_b,5.192152720729179,vendor_b,-0.01676987576445248,vendor_b,0.11798266351457841,vendor_b,mid,74.6,tiktok,6.6,tiktok · mid,40.9,tiktok
CR00148,instagram,@creator148_instagram,vendor_b,25770.0,vendor_b,0.42289483896003105,vendor_b,0.06311881188118812,vendor_b,0.0,vendor_b,micro,33.5,instagram,32.9,instagram · micro,1.0,instagram
CR00148,youtube,,,,,,,,,,,,,,,,,
CR00149,instagram,@creator149_instagram,vendor_c,59888,vendor_c,0.4120358001602992,vendor_c,0.1252278150423689,vendor_c,,,micro,31.0,instagram,65.1,instagram · micro,,
CR00149,tiktok,,,,,,,,,,,,,,,,,
CR00150,instagram,@creator150_instagram,vendor_a,312722,vendor_a,0.9516119748530644,vendor_a,0.11186881795362265,vendor_a,0.3124374791597199,vendor_a,mid,73.9,instagram,63.0,instagram · mid,93.4,instagram
CR00151,instagram,https://www.instagram.com/creator151_instagram/,vendor_b,26340.0,vendor_b,0.35873196659073653,vendor_b,0.1864864864864865,vendor_b,0.022813688212927757,vendor_b,micro,25.4,instagram,88.9,instagram · micro,5.2,instagram
CR00151,tiktok,,,,,,,,,,,,,,,,,
CR00151,youtube,@creator151_youtube,vendor_a,7254,vendor_a,0.8992280121312379,vendor_a,0.16343223736968726,vendor_a,0.13865546218487396,vendor_a,nano,31.9,youtube,82.7,youtube · nano,68.4,youtube
CR00152,instagram,@creator152_instagram,vendor_b,45810.0,vendor_b,0.32193844138834316,vendor_b,0.19890081130594087,vendor_b,0.12093862815884476,vendor_b,micro,20.9,instagram,92.9,instagram · micro,42.8,instagram
CR00152,tiktok,@creator152_tiktok,vendor_a,12408,vendor_a,2.0975983236621536,vendor_a,0.25937183383991896,vendor_b,0.025653436592449178,vendor_a,micro,28.8,tiktok,98.8,tiktok · micro,4.1,tiktok
CR00152,youtube,@creator152_youtube,vendor_a,25126,vendor_a,0.6477752129268487,vendor_a,0.15135407597488887,vendor_a,0.011570247933884297,vendor_a,micro,18.4,youtube,78.0,youtube · micro,7.4,youtube
CR00153,instagram,https://www.instagram.com/creator153_instagram/,vendor_b,371450.0,vendor_b,0.5950087494952214,vendor_b,0.07256294756294757,vendor_b,,,mid,48.7,instagram,47.8,instagram · mid,,
CR00153,tiktok,@creator153_tiktok,vendor_b,1205530.0,vendor_b,4.357300108665898,vendor_b,0.052837043570910805,vendor_b,0.06121388365578989,vendor_b,macro,67.7,tiktok,37.5,tiktok · macro,18.4,tiktok
CR00153,youtube,@creator153_youtube,vendor_a,15323,vendor_a,2.7578803106441296,vendor_a,0.09239324160547516,vendor_a,0.08862526168876483,vendor_a,micro,86.5,youtube,52.5,youtube · micro,48.4,youtube
CR00155,instagram,@creator155_instagram,vendor_a,141002,vendor_a,0.33747039049091504,vendor_a,0.17695864843658704,vendor_a,0.12541375505700625,vendor_a,mid,22.6,instagram,89.9,instagram · mid,46.1,instagram
CR00155,tiktok,@creator155_tiktok,vendor_b,120310.0,vendor_b,6.980209458897847,vendor_b,0.1310519883425778,vendor_b,0.10761050476485057,vendor_b,mid,87.3,tiktok,76.2,tiktok · mid,35.8,tiktok
CR00155,youtube,,,,,,,,,,,,,,,,,
CR00158,instagram,@creator158_instagram,vendor_a,31023,vendor_a,0.6726944525029817,vendor_a,0.021501481725386896,vendor_a,0.2693156732891832,vendor_a,micro,56.8,instagram,13.9,instagram · micro,85.1,instagram
CR00158,tiktok,@creator158_tiktok,vendor_b,213890.0,vendor_b,1.4759642807050353,vendor_b,0.06064663294654369,vendor_b,0.12325400931195034,vendor_b,mid,14.2,tiktok,35.8,tiktok · mid,45.3,tiktok
CR00158,youtube,@creator158_youtube,vendor_a,36512,vendor_a,4.262078220858895,vendor_a,0.03530212379845181,vendor_a,0.0044603033006244425,vendor_a,micro,95.6,youtube,23.8,youtube · micro,4.6,youtube
CR00160,instagram,@creator160_instagram,vendor_c,117212,vendor_c,0.7853120840869535,vendor_c,0.10371193431138064,vendor_c,,,mid,63.9,instagram,60.9,instagram · mid,,
CR00160,tiktok,@creator160_tiktok,vendor_b,565300.0,vendor_b,1.4539943392888732,vendor_b,0.18695670432116912,vendor_b,,,mid,13.7,tiktok,95.4,tiktok · mid,,
CR00160,youtube,@creator160_youtube,vendor_b,141580.0,vendor_b,5.223301313744879,vendor_b,0.048507739020958306,vendor_b,0.0996078705972971,vendor_b,mid,97.5,youtube,33.7,youtube · mid,54.5,youtube
CR00161,instagram,https://www.instagram.com/creator161_instagram/,vendor_b,35430.0,vendor_b,0.5911374541349139,vendor_b,0.06974637681159421,vendor_b,0.05129561078794289,vendor_b,micro,48.3,instagram,38.5,instagram · micro,13.5,instagram
CR00161,tiktok,https://www.tiktok.com/@creator161_tiktok,vendor_b,6340.0,vendor_b,2.546056782334385,vendor_b,0.20761904761904762,vendor_b,0.22915042868277474,vendor_b,nano,39.1,tiktok,91.7,tiktok · nano,77.5,tiktok
CR00162,tiktok,@creator162_tiktok,vendor_a,168708,vendor_a,1.834287644924959,vendor_a,0.08256492193966927,vendor_a,0.20164609053497942,vendor_a,mid,23.0,tiktok,49.7,tiktok · mid,72.3,tiktok
CR00172,instagram,@creator172_instagram,vendor_a,14248,vendor_a,0.15861875350926447,vendor_a,-0.060220302090891104,vendor_a,0.1827956989247312,vendor_b,micro,5.3,instagram,2.8,instagram · micro,65.5,instagram
CR00172,tiktok,@creator172_tiktok,vendor_a,81620,vendor_a,5.431303602058319,vendor_a,0.15401473270462482,vendor_a,0.09047701348081576,vendor_a,micro,77.0,tiktok,80.9,tiktok · micro,28.0,tiktok
CR00172,youtube,@creator172_youtube,vendor_a,46852,vendor_a,1.4243788952446,vendor_a,0.16292692613185067,vendor_a,0.037945276200309755,vendor_a,micro,56.3,youtube,82.6,youtube · micro,24.6,youtube
CR00174,instagram,@creator174_instagram,vendor_a,3279,vendor_a,0.7560231777981091,vendor_a,0.0919080919080919,vendor_a,,,nano,61.8,instagram,59.3,instagram · nano,,
CR00174,tiktok,@creator174_tiktok,vendor_a,59790,vendor_a,1.5981602274627864,vendor_a,-0.0518397383483238,vendor_b,0.006915097963887821,vendor_a,micro,17.1,tiktok,3.7,tiktok · micro,1.6,tiktok
CR00175,instagram,https://www.instagram.com/creator175_instagram/,vendor_b,51090.0,vendor_b,0.42526913290272067,vendor_b,0.18400926998841252,vendor_b,,,micro,33.8,instagram,87.7,instagram · micro,,
CR00175,tiktok,@creator175_tiktok,vendor_b,,,,,,,0.1710014497122106,vendor_b,,,,,,63.7,tiktok
CR00175,youtube,,,,,,,,,,,,,,,,,
CR00176,instagram,@creator176_instagram,vendor_b,50330.0,vendor_b,0.34772501490164914,vendor_b,0.07911663807890223,vendor_b,0.1908244680851064,vendor_b,micro,24.4,instagram,46.0,instagram · micro,67.4,instagram
CR00177,instagram,@creator177_instagram,vendor_b,204220.0,vendor_b,2.777396924884928,vendor_b,0.05436522277866694,vendor_b,,,mid,97.9,instagram,34.8,instagram · mid,,
CR00177,tiktok,@creator177_tiktok,vendor_a,3409,vendor_a,9.090935758286887,vendor_a,0.07066582914572864,vendor_a,0.06850618458610847,vendor_a,nano,93.9,tiktok,31.2,tiktok · nano,21.0,tiktok
CR00177,youtube,@creator177_youtube,vendor_a,1599692,vendor_a,1.9346955538941246,vendor_a,0.0517992517637467,vendor_a,0.021523338366153746,vendor_a,macro,71.3,youtube,60.0,youtube · macro,13.3,youtube
CR00178,instagram,,,,,,,,,,,,,,,,,
CR00179,instagram,@creator179_instagram,vendor_c,,,,,,,,,,,,,,,
CR00179,tiktok,@creator179_tiktok,vendor_a,29410.0,vendor_b,3.134716082964978,vendor_b,0.02189020152883947,vendor_b,0.37122557726465366,vendor_b,micro,49.7,tiktok,17.8,tiktok · micro,96.6,tiktok
CR00179,youtube,@creator179_youtube,vendor_a,24610,vendor_a,0.4329540837058106,vendor_a,0.0821863594388989,vendor_a,0.3047091412742382,vendor_a,micro,9.1,youtube,46.8,youtube · micro,96.2,youtube
CR00180,instagram,,,,,,,,,,,,,,,,,
CR00180,tiktok,@creator180_tiktok,vendor_a,34057,vendor_a,2.3866459171389143,vendor_a,0.08679835338417845,vendor_a,0.305765595463138,vendor_a,micro,34.9,tiktok,48.1,tiktok · micro,91.7,tiktok
CR00180,youtube,@creator180_youtube,vendor_a,4722,vendor_a,1.7884371029224904,vendor_a,0.24854574299312532,vendor_a,0.024630541871921183,vendor_a,nano,67.7,youtube,97.3,youtube · nano,14.9,youtube
CR00181,instagram,,,,,,,,,,,,,,,,,
CR00181,tiktok,,,,,,,,,,,,,,,,,
CR00181,youtube,@creator181_youtube,vendor_a,240020,vendor_a,1.045096241979835,vendor_a,0.04794379996419824,vendor_a,0.15487211674250745,vendor_a,mid,40.1,youtube,33.1,youtube · mid,72.4,youtube
CR00182,tiktok,https://www.tiktok.com/@creator182_tiktok,vendor_b,,,,,,,0.18854863697794771,vendor_b,,,,,,68.9,tiktok
CR00182,youtube,,,,,,,,,,,,,,,,,
CR00183,instagram,@creator183_instagram,vendor_b,175530.0,vendor_b,0.21844698911866917,vendor_b,0.07548557073708718,vendor_b,,,mid,10.0,instagram,50.0,instagram · mid,,
CR00183,tiktok,,,,,,,,,,,,,,,,,
CR00183,youtube,@creator183_youtube,vendor_b,14870.0,vendor_b,0.44310692669804974,vendor_b,,,0.4094292803970223,vendor_b,micro,9.7,youtube,,,99.0,youtube
CR00184,instagram,@creator184_instagram,vendor_a,178030,vendor_a,0.2679660731337415,vendor_a,0.020896172857912905,vendor_a,0.16536158452326116,vendor_b,mid,15.0,instagram,21.7,instagram · mid,59.7,instagram
CR00184,tiktok,,,,,,,,,,,,,,,,,
CR00184,youtube,@creator184_youtube,vendor_a,293453,vendor_a,1.324454001151803,vendor_a,0.07460451149846199,vendor_a,0.006558810668998688,vendor_a,mid,53.4,youtube,46.4,youtube · mid,5.1,youtube
CR00185,tiktok,@creator185_tiktok,vendor_c,119808,vendor_c,,,0.16600325057663673,vendor_c,,,mid,,,88.7,tiktok · mid,,
CR00186,instagram,@creator186_instagram,vendor_b,12850.0,vendor_b,1.3393774319066147,vendor_b,0.055008210180623976,vendor_b,,"n/a (likes hidden, vendor_b)",micro,86.3,instagram,30.6,instagram · micro,,
CR00186,tiktok,@creator186_tiktok,vendor_c,39664,vendor_c,6.0571551028640584,vendor_c,0.20735419456958482,vendor_c,,,micro,81.2,tiktok,95.0,tiktok · micro,,
CR00186,youtube,,,,,,,,,,,,,,,,,
CR00189,instagram,@creator189_instagram,vendor_b,43170.0,vendor_b,2.187097521426917,vendor_b,0.03599712023038157,vendor_b,0.3284175642087821,vendor_b,micro,94.9,instagram,21.0,instagram · micro,93.9,instagram
CR00189,youtube,,,,,,,,,,,,,,,,,
CR00192,instagram,@creator192_instagram,vendor_a,83088,vendor_a,0.6516344117080686,vendor_a,0.00415740114086822,vendor_a,0.09551833408782254,vendor_a,micro,54.3,instagram,9.9,instagram · micro,33.4,instagram
CR00192,tiktok,@creator192_tiktok,vendor_b,12510.0,vendor_b,4.630855315747402,vendor_b,0.16048237476808905,vendor_b,0.14313471502590674,vendor_b,micro,70.0,tiktok,83.8,tiktok · micro,53.9,tiktok
CR00192,youtube,@creator192_youtube,vendor_a,17680,vendor_a,0.6570135746606335,vendor_a,0.15036762313748456,vendor_a,0.21715076071922546,vendor_a,micro,18.8,youtube,77.7,youtube · micro,85.9,youtube
CR00193,youtube,@creator193_youtube,vendor_a,34292,vendor_a,2.2981745013414208,vendor_a,0.027014076070679845,vendor_a,0.2295271049596309,vendor_a,micro,79.8,youtube,19.5,youtube · micro,89.3,youtube
CR00194,instagram,@creator194_instagram,vendor_a,25108,vendor_a,0.459216186076151,vendor_a,0.07377154342898687,vendor_a,0.1942675159235669,vendor_a,micro,36.8,instagram,41.3,instagram · micro,68.8,instagram
CR00194,tiktok,@creator194_tiktok,vendor_a,53743,vendor_a,3.5894349031501775,vendor_a,0.22628120293889473,vendor_a,0.1604949421965318,vendor_a,micro,56.2,tiktok,96.7,tiktok · micro,60.9,tiktok
CR00194,youtube,@creator194_youtube,vendor_a,94677,vendor_a,6.7015220169629375,vendor_a,0.014454397394136807,vendor_a,0.09293310283409294,vendor_a,micro,98.5,youtube,14.2,youtube · micro,50.5,youtube
CR00198,youtube,@creator198_youtube,vendor_a,389089,vendor_a,0.19816802839453185,vendor_a,-0.003036328323178075,vendor_a,0.0076591004038434754,vendor_a,mid,0.6,youtube,13.9,youtube · mid,6.1,youtube
CR00199,instagram,@creator199_instagram,vendor_a,710737,vendor_a,0.6242196480554691,vendor_a,0.0063575491294122315,vendor_a,0.07871698668432281,vendor_a,mid,51.3,instagram,13.8,instagram · mid,25.1,instagram
CR00199,youtube,@creator199_youtube,vendor_a,62749,vendor_a,0.5313232083379815,vendor_a,0.1086787518993604,vendor_a,0.06853750674581759,vendor_a,micro,12.7,youtube,58.5,youtube · micro,39.8,youtube
CR00200,instagram,,,,,,,,,,,,,,,,,
CR00200,tiktok,@creator200_tiktok,vendor_b,3000.0,vendor_b,6.69,vendor_b,0.30434782608695654,vendor_b,0.1826625386996904,vendor_b,nano,84.6,tiktok,100.0,tiktok · nano,67.1,tiktok
CR00200,youtube,@creator200_youtube,vendor_c,22494,vendor_c,0.6114519427402862,vendor_c,-0.031683168316831684,vendor_c,,,micro,16.9,youtube,4.6,youtube · micro,,
CR00202,instagram,@creator202_instagram,vendor_a,41220,vendor_a,0.5559194565744784,vendor_a,-0.03972044263249854,vendor_a,0.18334297281665704,vendor_a,micro,45.5,instagram,4.4,instagram · micro,65.7,instagram
CR00202,tiktok,@creator202_tiktok,vendor_b,26490.0,vendor_b,2.093280483201208,vendor_b,0.03073929961089494,vendor_b,0.03320952589032117,vendor_b,micro,28.3,tiktok,20.7,tiktok · micro,7.5,tiktok
CR00202,youtube,,,,,,,,,,,,,,,,,
CR00206,tiktok,@creator206_tiktok,vendor_b,7080.0,vendor_b,1.5700564971751412,vendor_b,0.15309446254071662,vendor_b,0.23661971830985915,vendor_b,nano,16.7,tiktok,70.8,tiktok · nano,79.5,tiktok
CR00208,instagram,@creator208_instagram,vendor_b,9380.0,vendor_b,0.494456289978678,vendor_b,0.15945611866501855,vendor_b,0.08979591836734693,vendor_b,nano,40.2,instagram,77.8,instagram · nano,30.4,instagram
CR00208,tiktok,https://www.tiktok.com/@creator208_tiktok,vendor_b,4820.0,vendor_b,3.9145228215767633,vendor_b,,,,,nano,61.7,tiktok,,,,
CR00208,youtube,@creator208_youtube,vendor_a,30013,vendor_a,0.33298903808349717,vendor_a,0.11572490706319703,vendor_a,0.18439716312056736,vendor_a,micro,5.5,youtube,61.7,youtube · micro,79.2,youtube
CR00212,instagram,@creator212_instagram,vendor_b,190880.0,vendor_b,1.9565224224643756,vendor_b,0.1604352848197459,vendor_b,0.07749105579660501,vendor_b,mid,93.2,instagram,85.5,instagram · mid,24.6,instagram
CR00212,tiktok,https://www.tiktok.com/@creator212_tiktok,vendor_b,119520.0,vendor_b,4.686136211512718,vendor_b,0.0940045766590389,vendor_b,0.05280404456511563,vendor_b,mid,70.2,tiktok,61.6,tiktok · mid,14.5,tiktok
CR00212,youtube,@creator212_youtube,vendor_a,57057,vendor_a,0.7734721418931946,vendor_a,-0.003127402334195262,vendor_a,0.30109245936584067,vendor_a,micro,25.3,youtube,9.9,youtube · micro,95.8,youtube
CR00213,instagram,@creator213_instagram,vendor_b,3530.0,vendor_b,0.753257790368272,vendor_b,,,0.03508771929824561,vendor_b,nano,61.5,instagram,,,7.5,instagram
CR00215,instagram,,,,,,,,,,,,,,,,,
CR00215,tiktok,@creator215_tiktok,vendor_b,50980.0,vendor_b,1.4214986269125147,vendor_b,0.16926605504587156,vendor_b,0.2513504388926401,vendor_b,micro,13.3,tiktok,85.1,tiktok · micro,83.4,tiktok
CR00215,youtube,@creator215_youtube,vendor_a,108784,vendor_a,0.45878070304456536,vendor_a,0.14187345173615484,vendor_a,0.29545454545454547,vendor_a,mid,10.3,youtube,77.7,youtube · mid,95.4,youtube
CR00216,youtube,@creator216_youtube,vendor_a,58203,vendor_a,1.5443533838461936,vendor_a,0.133015378625657,vendor_a,0.23892100192678228,vendor_a,micro,60.6,youtube,70.6,youtube · micro,90.5,youtube
CR00217,instagram,https://www.instagram.com/creator217_instagram/,vendor_b,36980.0,vendor_b,0.14616008653326124,vendor_b,0.03238414293690676,vendor_b,,"n/a (likes hidden, vendor_b)",micro,4.7,instagram,19.0,instagram · micro,,
CR00219,youtube,@creator219_youtube,vendor_b,26410.0,vendor_b,2.6467247254827715,vendor_b,0.0446993670886076,vendor_b,0.0354014598540146,vendor_b,micro,84.8,youtube,27.3,youtube · micro,22.5,youtube
CR00221,instagram,,,,,,,,,,,,,,,,,
CR00221,tiktok,@creator221_tiktok,vendor_b,132810.0,vendor_b,3.375536480686695,vendor_b,0.0896783721693469,vendor_b,0.18420862529798454,vendor_b,mid,52.9,tiktok,55.0,tiktok · mid,68.1,tiktok
CR00223,instagram,@creator223_instagram,vendor_b,10390.0,vendor_b,0.08431183830606352,vendor_b,,,0.08860759493670886,vendor_b,micro,2.1,instagram,,,30.1,instagram
CR00223,tiktok,,,,,,,,,,,,,,,,,
CR00223,youtube,@creator223_youtube,vendor_a,105464,vendor_a,0.9313035727831298,vendor_a,0.07881627267054696,vendor_a,0.11857307914500288,vendor_a,mid,33.8,youtube,49.4,youtube · mid,62.9,youtube
CR00224,instagram,,,,,,,,,,,,,,,,,
CR00224,tiktok,,,,,,,,,,,,,,,,,
CR00224,youtube,@creator224_youtube,vendor_a,94800,vendor_a,4.356803797468355,vendor_a,0.15882503942205434,vendor_a,0.08911687142213932,vendor_a,micro,95.8,youtube,80.1,youtube · micro,49.0,youtube
CR00226,youtube,@creator226_youtube,vendor_a,41246,vendor_a,0.4178102118993357,vendor_a,-0.033530941725050965,vendor_a,0.05233494363929147,vendor_a,micro,8.7,youtube,4.3,youtube · micro,32.8,youtube
CR00227,instagram,@creator227_instagram,vendor_b,26260.0,vendor_b,0.25091393754760094,vendor_b,0.020598523124757094,vendor_b,,,micro,13.5,instagram,13.5,instagram · micro,,
CR00227,tiktok,@creator227_tiktok,vendor_a,1823792,vendor_a,1.6083434539713384,vendor_b,0.15079899419802437,vendor_a,0.1542636240804684,vendor_a,macro,17.5,tiktok,87.5,tiktok · macro,58.8,tiktok
CR00227,youtube,@creator227_youtube,vendor_a,49150,vendor_a,0.6252492370295015,vendor_a,-0.05408006158583526,vendor_a,0.046511627906976744,vendor_a,micro,17.5,youtube,2.5,youtube · micro,28.6,youtube
CR00228,tiktok,@creator228_tiktok,vendor_c,17522,vendor_c,3.2488871133432258,vendor_c,0.08994774819606867,vendor_c,,,micro,52.0,tiktok,50.6,tiktok · micro,,
CR00228,youtube,@creator228_youtube,vendor_a,27024,vendor_a,0.6285894020130255,vendor_a,0.0755820895522388,vendor_a,0.10384615384615385,vendor_a,micro,17.7,youtube,41.8,youtube · micro,57.0,youtube
CR00229,youtube,@creator229_youtube,vendor_a,15610,vendor_a,0.7334401024983984,vendor_a,0.08417835810529241,vendor_a,0.09900990099009901,vendor_a,micro,23.0,youtube,47.5,youtube · micro,54.1,youtube
CR00230,instagram,,,22630.0,vendor_b,1.2827662395050818,vendor_b,0.1371859296482412,vendor_b,,,micro,84.6,instagram,72.2,instagram · micro,,
CR00230,tiktok,@creator230_tiktok,vendor_a,99652,vendor_a,1.708395215349416,vendor_a,0.031893302406494635,vendor_a,0.014573643410852714,vendor_a,micro,19.7,tiktok,21.6,tiktok · micro,2.8,tiktok
CR00230,youtube,@creator230_youtube,vendor_a,40915,vendor_a,2.070365391665648,vendor_a,0.2047997644287397,vendor_a,0.3423462712603576,vendor_a,micro,75.5,youtube,94.0,youtube · micro,97.9,youtube
CR00231,instagram,@creator231_instagram,vendor_b,207530.0,vendor_b,0.9013347467835976,vendor_b,0.13634123637956524,vendor_b,0.24167343623070675,vendor_b,mid,70.7,instagram,71.7,instagram · mid,80.1,instagram
CR00231,tiktok,@creator231_tiktok,vendor_a,106886,vendor_a,2.827620081208016,vendor_a,0.08591980005892573,vendor_a,0.22977904318883588,vendor_a,mid,45.0,tiktok,53.0,tiktok · mid,77.7,tiktok
CR00231,youtube,@creator231_youtube,vendor_a,152040,vendor_a,1.1399828992370429,vendor_a,0.0962420327055634,vendor_a,,,mid,46.0,youtube,54.8,youtube · mid,,
CR00233,instagram,@creator233_instagram,vendor_b,82400.0,vendor_b,0.40694174757281554,vendor_b,0.15714085100407246,vendor_b,0.05205582798943795,vendor_b,micro,29.9,instagram,80.6,instagram · micro,14.1,instagram
CR00233,tiktok,@creator233_tiktok,vendor_a,102231,vendor_a,10.365192554117636,vendor_a,0.0882932177949051,vendor_a,0.012161927375919384,vendor_a,mid,96.8,tiktok,53.6,tiktok · mid,2.3,tiktok
CR00233,youtube,,,22393,vendor_a,1.9512347608627696,vendor_a,0.032887453874538744,vendor_a,0.009489254814401339,vendor_a,micro,72.2,youtube,22.3,youtube · micro,6.7,youtube
CR00234,youtube,@creator234_youtube,vendor_a,11967,vendor_a,2.056822929723406,vendor_a,,,0.05358182877111241,vendor_a,micro,75.3,youtube,,,33.7,youtube
CR00235,instagram,@creator235_instagram,vendor_b,105330.0,vendor_b,0.2956612551030096,vendor_b,-0.04885316958641864,vendor_b,0.13395348837209303,vendor_b,mid,18.4,instagram,6.5,instagram · mid,50.3,instagram
CR00235,tiktok,@creator235_tiktok,vendor_b,57420.0,vendor_b,1.2023162661093696,vendor_b,0.06927374301675977,vendor_b,0.04091048908028299,vendor_b,micro,9.3,tiktok,39.8,tiktok · micro,9.6,tiktok
CR00235,youtube,@creator235_youtube,vendor_a,353572,vendor_a,4.020646431278495,vendor_a,0.05236965625623183,vendor_a,,,mid,95.1,youtube,38.0,youtube · mid,,
CR00238,youtube,@creator238_youtube,vendor_a,44940,vendor_a,2.3202937249666222,vendor_a,0.1286636361353191,vendor_a,0.07612574341546305,vendor_a,micro,80.0,youtube,69.5,youtube · micro,42.3,youtube
CR00243,instagram,@creator243_instagram,vendor_c,,,,,,,,,,,,,,,
CR00243,tiktok,@creator243_tiktok,vendor_b,46150.0,vendor_b,1.8236836403033587,vendor_b,-0.018920068027210885,vendor_b,0.20124261251704803,vendor_b,micro,22.8,tiktok,8.3,tiktok · micro,72.0,tiktok
CR00243,youtube,@creator243_youtube,vendor_a,102270,vendor_a,3.9738926371369905,vendor_a,0.10490492653414002,vendor_a,0.10089619854244633,vendor_a,mid,94.9,youtube,60.2,youtube · mid,55.8,youtube
CR00244,tiktok,@creator244_tiktok,vendor_b,104950.0,vendor_b,1.8525297760838495,vendor_b,0.13766937669376694,vendor_b,0.10680379746835443,vendor_b,mid,23.7,tiktok,78.1,tiktok · mid,35.5,tiktok
CR00244,youtube,@creator244_youtube,vendor_a,99862,vendor_a,1.869930504095652,vendor_a,0.021480738937419447,vendor_a,0.03911792905081496,vendor_a,micro,69.8,youtube,16.7,youtube · micro,25.1,youtube
CR00245,instagram,@creator245_instagram,vendor_b,54780.0,vendor_b,0.11747321088608054,vendor_c,-0.024324228700820832,vendor_c,0.0529595015576324,vendor_b,micro,3.2,instagram,6.7,instagram · micro,14.4,instagram
CR00246,instagram,@creator246_instagram,vendor_a,136546,vendor_a,1.7129538763493621,vendor_a,-0.019889891398752486,vendor_a,0.03414564356907816,vendor_a,mid,89.7,instagram,9.4,instagram · mid,6.9,instagram
CR00247,instagram,@creator247_instagram,vendor_a,121139,vendor_a,0.7654595134514897,vendor_a,0.14325217063042658,vendor_a,0.1740858505564388,vendor_b,mid,62.8,instagram,75.4,instagram · mid,62.4,instagram
CR00247,tiktok,@creator247_tiktok,vendor_c,8974,vendor_c,0.8328504568754179,vendor_c,0.031375703942075624,vendor_c,,,nano,4.2,tiktok,12.5,tiktok · nano,,
CR00248,instagram,@creator248_instagram,vendor_a,91121,vendor_c,0.6384587526475785,vendor_c,0.0696459595248157,vendor_c,0.2912353347135956,vendor_a,micro,52.6,instagram,38.1,instagram · micro,89.5,instagram
CR00248,tiktok,https://www.tiktok.com/@creator248_tiktok,vendor_b,65140.0,vendor_b,1.6677770954866442,vendor_b,0.16654727793696275,vendor_b,0.054954954954954956,vendor_b,micro,19.0,tiktok,84.6,tiktok · micro,15.8,tiktok
CR00248,youtube,@creator248_youtube,vendor_a,156255,vendor_a,2.7140187513999554,vendor_a,0.14077226898731868,vendor_a,0.11089380011734794,vendor_a,mid,85.6,youtube,75.9,youtube · mid,59.8,youtube
CR00249,instagram,,,29998,vendor_c,0.2686845789719315,vendor_c,,,,,micro,15.2,instagram,,,,
CR00249,youtube,@creator249_youtube,vendor_a,742735,vendor_a,2.7426080634412004,vendor_a,0.04867118570361575,vendor_a,0.13654841093865483,vendor_a,mid,85.9,youtube,34.9,youtube · mid,67.6,youtube
CR00250,tiktok,@creator250_tiktok,vendor_a,3645,vendor_a,2.0139917695473253,vendor_a,0.10689341026419678,vendor_a,0.08761904761904762,vendor_a,nano,26.8,tiktok,41.7,tiktok · nano,27.2,tiktok
CR00251,tiktok,,,,,,,,,,,,,,,,,
CR00252,instagram,@creator252_instagram,vendor_b,42640.0,vendor_b,0.765126641651032,vendor_b,0.031945788964181994,vendor_b,,,micro,62.6,instagram,18.3,instagram · micro,,
CR00253,instagram,https://www.instagram.com/creator253_instagram/,vendor_b,233610.0,vendor_b,0.2878173023415094,vendor_b,0.03946782949185726,vendor_b,0.2923683267646005,vendor_b,mid,17.5,instagram,26.1,instagram · mid,90.1,instagram
CR00254,instagram,,,,,,,,,,,,,,,,,
CR00254,tiktok,@creator254_tiktok,vendor_c,11202,vendor_c,2.138546688091412,vendor_c,0.06624785836664764,vendor_c,,,micro,30.0,tiktok,38.2,tiktok · micro,,
CR00254,youtube,@creator254_youtube,vendor_a,15826,vendor_a,1.422216605585745,vendor_a,0.16874676907170816,vendor_a,0.10041592394533572,vendor_a,micro,56.1,youtube,85.5,youtube · micro,55.2,youtube
CR00257,instagram,@creator257_instagram,vendor_b,14450.0,vendor_b,1.0347404844290657,vendor_b,0.1643835616438356,vendor_b,0.1052158273381295,vendor_b,micro,76.3,instagram,83.3,instagram · micro,37.6,instagram
CR00257,tiktok,,,,,,,,,,,,,,,,,
CR00257,youtube,@creator257_youtube,vendor_a,10611,vendor_a,1.0022618037885214,vendor_a,0.03360607831677381,vendor_a,0.06826347305389222,vendor_a,micro,37.6,youtube,22.7,youtube · micro,39.4,youtube
CR00259,instagram,@creator259_instagram,vendor_a,91873,vendor_a,1.100160003483069,vendor_a,0.041986594231663475,vendor_a,,"n/a (likes hidden, vendor_a)",micro,79.9,instagram,24.6,instagram · micro,,
CR00259,tiktok,@creator259_tiktok,vendor_a,3273,vendor_a,2.726245035135961,vendor_a,0.13883089770354906,vendor_a,0.06521739130434782,vendor_a,nano,42.9,tiktok,62.5,tiktok · nano,20.5,tiktok
CR00260,instagram,https://www.instagram.com/creator260_instagram/,vendor_b,20520.0,vendor_b,0.8873294346978557,vendor_b,0.08342133051742344,vendor_b,0.13078848560700876,vendor_b,micro,69.7,instagram,47.2,instagram · micro,48.1,instagram
CR00260,tiktok,@creator260_tiktok,vendor_b,14900.0,vendor_b,6.793422818791946,vendor_b,0.11694152923538231,vendor_b,0.059973345179920035,vendor_b,micro,85.2,tiktok,62.2,tiktok · micro,17.1,tiktok
CR00260,youtube,@creator260_youtube,vendor_b,33710.0,vendor_b,2.7997923464847227,vendor_b,-0.0009549958218932792,vendor_c,0.0341,vendor_b,micro,87.1,youtube,10.6,youtube · micro,21.7,youtube
CR00261,instagram,@creator261_instagram,vendor_b,111030.0,vendor_b,0.6713230658380618,vendor_b,0.18761364851855813,vendor_b,0.012087912087912088,vendor_b,mid,56.4,instagram,90.6,instagram · mid,3.3,instagram
CR00261,tiktok,,,,,,,,,,,,,,,,,
CR00261,youtube,@creator261_youtube,vendor_a,223242,vendor_a,1.1072423647879879,vendor_a,0.09649501954851765,vendor_a,0.06211407400631203,vendor_a,mid,44.1,youtube,55.4,youtube · mid,36.8,youtube
CR00266,instagram,,,,,,,,,,,,,,,,,
CR00266,youtube,@creator266_youtube,vendor_a,10780,vendor_a,0.31196660482374766,vendor_a,0.08287292817679558,vendor_a,0.1,vendor_a,micro,4.8,youtube,47.2,youtube · micro,54.8,youtube
CR00267,youtube,@creator267_youtube,vendor_a,2781166,vendor_a,1.244905554001451,vendor_a,-0.10169666161825129,vendor_a,0.039718550667455776,vendor_a,macro,50.8,youtube,10.0,youtube · macro,25.5,youtube
CR00268,instagram,@creator268_instagram,vendor_a,1455873,vendor_a,0.34872753323950645,vendor_a,0.10436893388000319,vendor_a,0.011623338353742388,vendor_a,macro,24.8,instagram,50.0,instagram · macro,3.0,instagram
CR00268,tiktok,https://www.tiktok.com/@creator268_tiktok,vendor_b,187200.0,vendor_b,2.2450694444444443,vendor_b,0.1509375960651706,vendor_b,0.05087319665907365,vendor_b,mid,31.9,tiktok,82.8,tiktok · mid,14.0,tiktok
CR00268,youtube,@creator268_youtube,vendor_a,55779,vendor_a,2.9363021925814374,vendor_a,0.07296195129457932,vendor_a,0.2622673434856176,vendor_a,micro,88.6,youtube,40.1,youtube · micro,94.1,youtube
CR00269,instagram,https://www.instagram.com/creator269_instagram/,vendor_b,17320.0,vendor_b,1.2352193995381062,vendor_b,0.08589341692789969,vendor_b,0.19577464788732393,vendor_b,micro,83.8,instagram,49.6,instagram · micro,69.3,instagram
CR00269,tiktok,,,,,,,,,,,,,,,,,
CR00269,youtube,,,,,,,,,,,,,,,,,
CR00271,instagram,@creator271_instagram,vendor_a,234802,vendor_a,0.6491511997342442,vendor_a,0.043054506685620365,vendor_a,0.22209203238176395,vendor_a,mid,53.8,instagram,28.3,instagram · mid,75.7,instagram
CR00271,tiktok,@creator271_tiktok,vendor_b,11190.0,vendor_b,2.6831992850759607,vendor_b,0.15718717683557393,vendor_b,0.09035087719298246,vendor_b,micro,41.6,tiktok,82.6,tiktok · micro,27.7,tiktok
CR00271,youtube,@creator271_youtube,vendor_a,11123,vendor_a,1.818304414276724,vendor_a,0.16495601173020527,vendor_a,0.18608695652173912,vendor_a,micro,68.6,youtube,83.7,youtube · micro,79.6,youtube
CR00272,instagram,@creator272_instagram,vendor_a,88908,vendor_a,0.4297813470103928,vendor_a,0.06331475590212166,vendor_a,,"n/a (likes hidden, vendor_a)",micro,34.2,instagram,33.3,instagram · micro,,
CR00276,instagram,@creator276_instagram,vendor_a,67473,vendor_a,0.3131474812147081,vendor_a,0.07903279973133326,vendor_a,0.11971268954509177,vendor_b,micro,19.7,instagram,45.2,instagram · micro,41.7,instagram
CR00276,youtube,@creator276_youtube,vendor_a,8837,vendor_a,1.1175738372750934,vendor_a,0.04295999055824384,vendor_a,0.11650485436893204,vendor_a,nano,45.2,youtube,25.3,youtube · nano,61.9,youtube
CR00277,instagram,@creator277_instagram,vendor_b,89770.0,vendor_b,1.5294753258326834,vendor_b,0.052650093808630394,vendor_b,,"n/a (likes hidden, vendor_b)",micro,88.5,instagram,29.8,instagram · micro,,
CR00277,tiktok,@creator277_tiktok,vendor_b,26480.0,vendor_b,3.6720166163141994,vendor_b,0.10748640736093684,vendor_b,0.12380824493084464,vendor_b,micro,57.3,tiktok,59.3,tiktok · micro,45.9,tiktok
CR00277,youtube,,,,,,,,,,,,,,,,,
CR00279,instagram,https://www.instagram.com/creator279_instagram/,vendor_b,30290.0,vendor_b,0.1573456586332123,vendor_b,0.06692497358224728,vendor_b,0.05511811023622047,vendor_b,micro,5.1,instagram,34.5,instagram · micro,15.5,instagram
CR00279,tiktok,@creator279_tiktok,vendor_a,135978,vendor_a,2.949153539543161,vendor_a,0.17802285387554254,vendor_a,0.1841466964199088,vendor_a,mid,46.5,tiktok,90.7,tiktok · mid,67.9,tiktok
CR00279,youtube,@creator279_youtube,vendor_a,251100,vendor_a,0.48913978494623656,vendor_a,0.12136260516961112,vendor_a,0.011839422926140819,vendor_a,mid,10.8,youtube,69.3,youtube · mid,7.6,youtube
CR00281,instagram,,,,,,,,,,,,,,,,,
CR00281,tiktok,@creator281_tiktok,vendor_b,19890.0,vendor_b,1.5444947209653093,vendor_b,,,0.07418032786885245,vendor_b,micro,15.4,tiktok,,,22.3,tiktok
CR00281,youtube,@creator281_youtube,vendor_a,101442,vendor_a,1.7232802981013782,vendor_a,0.13719115734720416,vendor_a,0.16231884057971013,vendor_a,mid,66.0,youtube,74.7,youtube · mid,73.9,youtube
CR00282,instagram,@creator282_instagram,vendor_b,3150.0,vendor_b,0.22158730158730158,vendor_b,,,0.05555555555555555,vendor_b,nano,10.5,instagram,,,15.9,instagram
CR00282,tiktok,@creator282_tiktok,vendor_b,59850.0,vendor_b,3.2481203007518795,vendor_b,0.11473272490221642,vendor_b,,,micro,51.8,tiktok,61.4,tiktok · micro,,
CR00282,youtube,,,,,,,,,,,,,,,,,
CR00283,instagram,https://www.instagram.com/creator283_instagram/,vendor_b,1930.0,vendor_b,0.9181347150259067,vendor_b,,,,"n/a (likes hidden, vendor_b)",nano,72.2,instagram,,,,
CR00283,tiktok,@creator283_tiktok,vendor_a,42091,vendor_a,2.107837780047991,vendor_a,0.1727125821910175,vendor_a,0.16905280036651013,vendor_a,micro,29.4,tiktok,87.1,tiktok · micro,63.2,tiktok
CR00283,youtube,@creator283_youtube,vendor_a,46738,vendor_a,2.5686165432838375,vendor_a,,,0.1737326357568104,vendor_a,micro,83.7,youtube,,,78.3,youtube
CR00284,youtube,@creator284_youtube,vendor_a,105162,vendor_a,0.4094730035564177,vendor_a,0.2189445133471654,vendor_a,0.07748959333973743,vendor_a,mid,7.8,youtube,93.4,youtube · mid,43.0,youtube
CR00285,instagram,@creator285_instagram,vendor_a,113990,vendor_a,1.3235020615843496,vendor_a,-0.017793287665331094,vendor_a,,"n/a (likes hidden, vendor_a)",mid,85.5,instagram,10.1,instagram · mid,,
CR00285,tiktok,@creator285_tiktok,vendor_b,32430.0,vendor_b,2.373327166204132,vendor_b,,,0.25102195306585917,vendor_b,micro,34.2,tiktok,,,82.9,tiktok
CR00285,youtube,@creator285_youtube,vendor_a,12476,vendor_a,,,0.0784923928077455,vendor_a,0.018691588785046728,vendor_a,micro,,,43.6,youtube · micro,12.0,youtube
CR00286,instagram,@creator286_instagram,vendor_a,11939,vendor_a,0.8855012982661864,vendor_a,0.07674963924963925,vendor_a,0.1314935064935065,vendor_a,micro,69.4,instagram,43.3,instagram · micro,48.3,instagram
CR00286,tiktok,,,92616,vendor_a,,,0.12544201815464256,vendor_a,0.05019261273510084,vendor_a,micro,,,66.8,tiktok · micro,13.5,tiktok
CR00286,youtube,@creator286_youtube,vendor_a,11209,vendor_a,0.3651530020519226,vendor_a,0.1088139281828074,vendor_a,0.03557312252964427,vendor_a,micro,7.0,youtube,58.9,youtube · micro,22.7,youtube
CR00287,instagram,@creator287_instagram,vendor_b,60980.0,vendor_b,0.6402263037061332,vendor_b,0.05174197999310107,vendor_b,0.08547655068078669,vendor_b,micro,53.2,instagram,29.4,instagram · micro,29.3,instagram
CR00287,tiktok,,,,,,,,,,,,,,,,,
CR00287,youtube,@creator287_youtube,vendor_a,38403,vendor_a,0.42475848241022834,vendor_a,0.09239084056322003,vendor_a,0.012958963282937365,vendor_a,micro,8.9,youtube,52.1,youtube · micro,8.4,youtube
CR00288,youtube,@creator288_youtube,vendor_a,42721,vendor_a,0.8835467334566138,vendor_a,0.1407172038129823,vendor_a,0.07770670457237622,vendor_a,micro,31.0,youtube,73.4,youtube · micro,43.2,youtube
CR00289,instagram,@creator289_instagram,vendor_a,10659,vendor_a,0.34646777371235576,vendor_a,0.16875,vendor_a,0.1511627906976744,vendor_a,micro,23.9,instagram,83.7,instagram · micro,55.2,instagram
CR00289,tiktok,@creator289_tiktok,vendor_b,57860.0,vendor_b,2.3896819910127896,vendor_b,0.009949380345610053,vendor_b,,,micro,35.1,tiktok,13.3,tiktok · micro,,
CR00289,youtube,@creator289_youtube,vendor_a,115691,vendor_a,1.7110665479596512,vendor_a,0.13341432112311777,vendor_a,0.08466464006209172,vendor_a,mid,65.6,youtube,72.9,youtube · mid,46.9,youtube
CR00291,instagram,@creator291_instagram,vendor_a,49973,vendor_a,0.7908070357993316,vendor_a,0.027278707396291575,vendor_a,0.09096244131455399,vendor_a,micro,64.1,instagram,16.3,instagram · micro,31.2,instagram
CR00291,tiktok,@creator291_tiktok,vendor_a,53003,vendor_a,3.5138199724543893,vendor_a,0.06893213673489967,vendor_a,0.07748508613177826,vendor_a,micro,55.2,tiktok,39.4,tiktok · micro,23.6,tiktok
CR00291,youtube,,,,,,,,,,,,,,,,,
CR00292,instagram,@creator292_instagram,vendor_b,104670.0,vendor_b,1.028795261297411,vendor_b,0.140071887593944,vendor_b,0.05421507298182902,vendor_a,mid,76.1,instagram,74.6,instagram · mid,14.9,instagram
CR00292,youtube,@creator292_youtube,vendor_a,1380,vendor_a,0.24710144927536232,vendor_a,0.12929623567921442,vendor_a,0.0,vendor_a,nano,2.7,youtube,62.7,youtube · nano,0.7,youtube
CR00293,instagram,@creator293_instagram,vendor_a,243057,vendor_a,0.8633283550772041,vendor_a,-0.02305923776296856,vendor_a,0.2575623758003974,vendor_a,mid,68.2,instagram,8.7,instagram · mid,84.0,instagram
CR00293,tiktok,@creator293_tiktok,vendor_a,123094,vendor_a,1.4867337156969471,vendor_a,0.1259352761465708,vendor_a,0.12374410498257125,vendor_a,mid,14.4,tiktok,72.2,tiktok · mid,45.6,tiktok
CR00293,youtube,@creator293_youtube,vendor_a,468152,vendor_a,1.9795835540593654,vendor_a,0.11459719679347839,vendor_a,0.02876974272375087,vendor_a,mid,73.6,youtube,66.3,youtube · mid,18.1,youtube
CR00295,instagram,,,,,,,,,,,,,,,,,
CR00295,tiktok,@creator295_tiktok,vendor_a,28625,vendor_a,6.724184879971337,vendor_b,0.07217769121282493,vendor_a,0.2368445475638051,vendor_a,micro,84.8,tiktok,41.1,tiktok · micro,79.8,tiktok
CR00295,youtube,@creator295_youtube,vendor_a,98256,vendor_a,1.5138413939097868,vendor_a,0.06546297505550476,vendor_c,0.23890967397113844,vendor_a,micro,59.5,youtube,37.6,youtube · micro,90.3,youtube
CR00296,instagram,https://www.instagram.com/creator296_instagram/,vendor_b,110470.0,vendor_b,0.314139585407803,vendor_b,0.13957086857850218,vendor_b,0.03026227303295225,vendor_b,mid,19.9,instagram,73.2,instagram · mid,5.8,instagram
CR00296,tiktok,,,,,,,,,,,,,,,,,
CR00296,youtube,@creator296_youtube,vendor_a,121542,vendor_a,2.5358641457274027,vendor_a,0.022925819320305005,vendor_a,0.003472796427980817,vendor_a,mid,83.5,youtube,23.5,youtube · mid,3.2,youtube
CR00297,instagram,,,,,,,,,,,,,,,,,
CR00297,tiktok,@creator297_tiktok,vendor_c,,,,,,,,,,,,,,,
CR00297,youtube,@creator297_youtube,vendor_a,16051,vendor_a,2.6878699146470626,vendor_a,0.11729082556035082,vendor_a,0.04914640455250905,vendor_a,micro,85.0,youtube,63.5,youtube · micro,30.9,youtube
CR00298,instagram,@creator298_instagram,vendor_a,26167,vendor_a,2.762754614590897,vendor_a,0.14366258741258742,vendor_a,0.211996336996337,vendor_a,micro,97.6,instagram,75.0,instagram · micro,74.6,instagram
CR00298,tiktok,@creator298_tiktok,vendor_a,16139,vendor_a,2.4230745399343205,vendor_a,0.08076073126632291,vendor_a,0.01999149298170991,vendor_a,micro,36.8,tiktok,45.2,tiktok · micro,3.4,tiktok
CR00298,youtube,@creator298_youtube,vendor_a,226881,vendor_a,0.23484557984141466,vendor_a,0.06687200225712404,vendor_a,0.16414048059149722,vendor_a,mid,2.1,youtube,42.8,youtube · mid,74.9,youtube
CR00300,instagram,@creator300_instagram,vendor_a,18329,vendor_a,0.4144797861312674,vendor_a,0.18465615305067218,vendor_a,0.12483221476510067,vendor_a,micro,31.4,instagram,88.1,instagram · micro,45.6,instagram
CR00300,tiktok,@creator300_tiktok,vendor_c,616125,vendor_c,4.722854940150132,vendor_c,0.10627612508439031,vendor_c,,,mid,70.6,tiktok,66.2,tiktok · mid,,
CR00300,youtube,@creator300_youtube,vendor_a,14933,vendor_a,1.1935311056050357,vendor_a,0.08163117485151383,vendor_a,0.10839160839160839,vendor_a,micro,49.2,youtube,45.7,youtube · micro,58.9,youtube
CR00302,instagram,,,,,,,,,,,,,,,,,
CR00302,tiktok,https://www.tiktok.com/@creator302_tiktok,vendor_b,6830.0,vendor_b,3.292386530014641,vendor_b,0.09105431309904154,vendor_b,0.345703125,vendor_b,nano,52.2,tiktok,39.6,tiktok · nano,95.9,tiktok
CR00302,youtube,@creator302_youtube,vendor_a,411475,vendor_a,1.0071425967555745,vendor_a,0.013006164572418955,vendor_a,0.25335147332094504,vendor_a,mid,37.8,youtube,19.3,youtube · mid,93.0,youtube
CR00305,tiktok,@creator305_tiktok,vendor_a,34833,vendor_a,6.160738380271582,vendor_a,-0.12097812097812098,vendor_a,0.08337973273942094,vendor_a,micro,82.0,tiktok,1.2,tiktok · micro,24.9,tiktok
CR00305,youtube,@creator305_youtube,vendor_a,33686,vendor_a,1.795167131746126,vendor_a,0.05239151488643819,vendor_a,0.09206927985414767,vendor_a,micro,67.9,youtube,30.9,youtube · micro,50.1,youtube
CR00311,youtube,@creator311_youtube,vendor_a,616713,vendor_a,3.529739116898784,vendor_a,0.14121154251834744,vendor_a,0.058964641374027335,vendor_a,mid,92.6,youtube,76.5,youtube · mid,35.6,youtube
CR00313,tiktok,https://www.tiktok.com/@creator313_tiktok,vendor_b,181060.0,vendor_b,2.40429691814868,vendor_b,0.18456002616944717,vendor_b,0.10422991297308237,vendor_b,mid,35.9,tiktok,94.7,tiktok · mid,34.2,tiktok
CR00317,instagram,,,,,,,,,,,,,,,,,
CR00317,tiktok,,,,,,,,,,,,,,,,,
CR00317,youtube,@creator317_youtube,vendor_a,17069,vendor_a,0.5691604663424923,vendor_a,0.13899639663686106,vendor_a,0.02535211267605634,vendor_a,micro,14.3,youtube,72.0,youtube · micro,15.0,youtube
CR00318,youtube,@creator318_youtube,vendor_a,16359,vendor_a,2.182223852313711,vendor_a,0.23074029491423412,vendor_a,0.11429776465626318,vendor_a,micro,77.8,youtube,97.2,youtube · micro,61.0,youtube
CR00321,tiktok,@creator321_tiktok,vendor_a,4034,vendor_a,3.4727317798710957,vendor_a,0.040226921093347086,vendor_a,0.11373390557939914,vendor_a,nano,54.5,tiktok,14.6,tiktok · nano,38.1,tiktok
CR00321,youtube,@creator321_youtube,vendor_a,29885,vendor_a,1.658490881713234,vendor_a,0.11836688870593519,vendor_a,0.04905523255813953,vendor_a,micro,64.4,youtube,64.2,youtube · micro,30.5,youtube
CR00322,instagram,@creator322_instagram,vendor_a,40418,vendor_a,0.47953881933791875,vendor_a,0.15761134183015896,vendor_a,0.2234567901234568,vendor_a,micro,38.5,instagram,81.0,instagram · micro,76.2,instagram
CR00322,tiktok,@creator322_tiktok,vendor_c,239333,vendor_c,,,0.03479242150411179,vendor_c,,,mid,,,23.2,tiktok · mid,,
CR00322,youtube,@creator322_youtube,vendor_a,204803,vendor_a,4.185607632700693,vendor_a,0.10979673893606298,vendor_a,0.00406701048769513,vendor_a,mid,95.4,youtube,63.9,youtube · mid,4.0,youtube
CR00323,instagram,@creator323_instagram,vendor_b,19780.0,vendor_b,1.0600606673407482,vendor_b,0.06861156131820638,vendor_b,,,micro,78.2,instagram,36.1,instagram · micro,,
CR00323,tiktok,@creator323_tiktok,vendor_a,39815,vendor_a,5.363255054627653,vendor_a,0.14886311172668512,vendor_a,0.10119198579761603,vendor_a,micro,76.1,tiktok,79.3,tiktok · micro,33.2,tiktok
CR00323,youtube,,,,,,,,,,,,,,,,,
CR00324,instagram,@creator324_instagram,vendor_a,4928,vendor_a,1.083198051948052,vendor_a,0.07574765335079676,vendor_a,0.10784313725490197,vendor_b,nano,79.3,instagram,46.3,instagram · nano,39.0,instagram
CR00324,youtube,https://youtube.com/@creator324_youtube,vendor_b,32630.0,vendor_b,1.2404535703340485,vendor_b,-0.013305110371938312,vendor_b,0.09085439229843562,vendor_b,micro,50.4,youtube,8.2,youtube · micro,49.3,youtube
CR00325,instagram,@creator325_instagram,vendor_a,10608,vendor_a,0.2447209653092006,vendor_a,0.049673461310112806,vendor_a,0.25,vendor_a,micro,12.8,instagram,27.4,instagram · micro,81.2,instagram
CR00325,tiktok,@creator325_tiktok,vendor_b,84850.0,vendor_b,3.4482852091926928,vendor_b,-0.046785151366922115,vendor_c,0.03242207648662589,vendor_b,micro,54.1,tiktok,4.1,tiktok · micro,7.0,tiktok
CR00327,instagram,@creator327_instagram,vendor_a,28350,vendor_a,2.101269841269841,vendor_a,0.11495654225822945,vendor_a,0.2018181818181818,vendor_b,micro,94.2,instagram,60.7,instagram · micro,71.0,instagram
CR00327,tiktok,@creator327_tiktok,vendor_b,15280.0,vendor_b,2.2962041884816755,vendor_b,0.166412213740458,vendor_b,,,micro,33.2,tiktok,84.2,tiktok · micro,,
CR00327,youtube,@creator327_youtube,vendor_a,54836,vendor_a,0.8756473849296083,vendor_a,-0.025778598966013467,vendor_a,0.12097772277227722,vendor_a,micro,30.4,youtube,6.7,youtube · micro,63.4,youtube
CR00328,instagram,https://www.instagram.com/creator328_instagram/,vendor_b,119110.0,vendor_b,0.44397615649399713,vendor_b,0.004893275963890998,vendor_b,0.041844349680170576,vendor_b,mid,36.1,instagram,13.0,instagram · mid,10.5,instagram
CR00328,tiktok,https://www.tiktok.com/@creator328_tiktok,vendor_b,55580.0,vendor_b,2.748434688736956,vendor_b,-0.09034369885433716,vendor_b,0.2552530150441378,vendor_b,micro,43.3,tiktok,1.7,tiktok · micro,84.5,tiktok
CR00328,youtube,@creator328_youtube,vendor_a,78345,vendor_a,3.418558938030506,vendor_a,0.2630586186883343,vendor_a,0.0942944994875299,vendor_a,micro,91.6,youtube,99.6,youtube · micro,51.6,youtube
CR00330,instagram,@creator330_instagram,vendor_b,5830.0,vendor_b,0.29228130360205834,vendor_b,,,0.09848484848484848,vendor_b,nano,18.2,instagram,,,34.3,instagram
CR00330,tiktok,@creator330_tiktok,vendor_b,64980.0,vendor_b,2.452539242843952,vendor_b,0.08935456831517184,vendor_b,0.2003718240033051,vendor_b,micro,37.4,tiktok,49.4,tiktok · micro,71.5,tiktok
CR00330,youtube,@creator330_youtube,vendor_a,678607,vendor_a,1.9060649241755538,vendor_a,6.89369535204786,vendor_b,0.07657686758403859,vendor_a,mid,70.5,youtube,99.4,youtube · mid,42.7,youtube
CR00336,instagram,@creator336_instagram,vendor_a,44080,vendor_a,0.8231397459165154,vendor_a,-0.01519213583556747,vendor_a,0.1823855755894591,vendor_a,micro,65.4,instagram,7.1,instagram · micro,65.2,instagram
CR00338,tiktok,,,,,,,,,,,,,,,,,
CR00339,tiktok,@creator339_tiktok,vendor_a,354232,vendor_a,2.9592950382799974,vendor_a,0.10529978002090581,vendor_a,0.17269525875137012,vendor_a,mid,46.9,tiktok,65.6,tiktok · mid,64.8,tiktok
CR00339,youtube,@creator339_youtube,vendor_a,17012,vendor_a,0.34657888549259347,vendor_a,0.025498824522273797,vendor_a,0.0,vendor_a,micro,6.3,youtube,18.8,youtube · micro,0.7,youtube
CR00340,instagram,@creator340_instagram,vendor_b,122120.0,vendor_b,0.9666803144448084,vendor_b,0.13011290024060707,vendor_b,0.2683050418039017,vendor_b,mid,74.6,instagram,69.6,instagram · mid,84.8,instagram
CR00340,tiktok,,,,,,,,,,,,,,,,,
CR00340,youtube,@creator340_youtube,vendor_a,20005,vendor_a,1.7334166458385403,vendor_a,0.1198499776085983,vendor_a,0.22134387351778656,vendor_a,micro,66.7,youtube,65.2,youtube · micro,87.2,youtube
CR00342,instagram,@creator342_instagram,vendor_a,64830.0,vendor_b,0.5863026376677464,vendor_b,0.051410963347388906,vendor_b,0.3535044044427422,vendor_a,micro,47.6,instagram,29.0,instagram · micro,96.4,instagram
CR00343,tiktok,,,,,,,,,,,,,,,,,
CR00345,instagram,@creator345_instagram,vendor_b,23710.0,vendor_b,0.6522564318852805,vendor_b,0.3006034009873834,vendor_b,0.1111111111111111,vendor_b,micro,54.5,instagram,100.0,instagram · micro,40.3,instagram
CR00345,tiktok,@creator345_tiktok,vendor_b,32640.0,vendor_b,3.1473651960784315,vendor_b,0.03783783783783784,vendor_b,0.09110565110565111,vendor_b,micro,50.5,tiktok,24.1,tiktok · micro,28.2,tiktok
CR00346,instagram,@creator346_instagram,vendor_a,345610,vendor_a,0.395182431063916,vendor_a,0.1465794371439851,vendor_a,0.40141811527904847,vendor_a,mid,28.8,instagram,77.5,instagram · mid,98.6,instagram
CR00346,tiktok,https://www.tiktok.com/@creator346_tiktok,vendor_b,11020.0,vendor_b,1.1973684210526316,vendor_b,0.006472795497185741,vendor_c,0.10882352941176471,vendor_b,micro,8.7,tiktok,12.9,tiktok · micro,36.0,tiktok
CR00346,youtube,@creator346_youtube,vendor_b,85510.0,vendor_b,0.8279967255291779,vendor_b,0.09853545734840699,vendor_b,0.14643989622369558,vendor_b,micro,27.8,youtube,53.9,youtube · micro,70.3,youtube
CR00347,instagram,@creator347_instagram,vendor_b,5050.0,vendor_b,0.8243564356435643,vendor_b,0.09071274298056156,vendor_b,,,nano,65.8,instagram,57.4,instagram · nano,,
CR00347,youtube,@creator347_youtube,vendor_a,39362,vendor_a,2.837482851481124,vendor_a,0.04011203889652257,vendor_a,,,micro,87.6,youtube,27.0,youtube · micro,,
CR00348,youtube,@creator348_youtube,vendor_b,22720,vendor_a,0.9457746478873239,vendor_a,0.19869156906193944,vendor_a,0.0970724191063174,vendor_a,micro,35.4,youtube,93.3,youtube · micro,53.1,youtube
CR00350,youtube,@creator350_youtube,vendor_a,38165,vendor_a,0.5759465478841871,vendor_a,-0.044824306737411154,vendor_a,0.17291414752116083,vendor_a,micro,15.2,youtube,2.8,youtube · micro,77.7,youtube
CR00351,instagram,,,,,,,,,,,,,,,,,
CR00351,tiktok,@creator351_tiktok,vendor_b,64240.0,vendor_b,2.0696606475716064,vendor_b,0.08111746886570179,vendor_b,0.10429349567446332,vendor_b,micro,27.9,tiktok,46.1,tiktok · micro,34.5,tiktok
CR00351,youtube,@creator351_youtube,vendor_a,5805,vendor_a,1.1839793281653748,vendor_a,0.044064748201438846,vendor_a,0.16901408450704225,vendor_a,nano,48.5,youtube,26.7,youtube · nano,76.6,youtube
CR00352,instagram,@creator352_instagram,vendor_a,58894,vendor_a,0.775410058749618,vendor_a,0.07370877468049808,vendor_a,0.0065227170490328385,vendor_a,micro,63.2,instagram,40.9,instagram · micro,1.9,instagram
CR00352,tiktok,@creator352_tiktok,vendor_b,29210.0,vendor_b,1.2045874700445054,vendor_b,0.05034160373966199,vendor_b,0.23226643598615918,vendor_b,micro,9.5,tiktok,28.2,tiktok · micro,78.5,tiktok
CR00352,youtube,@creator352_youtube,vendor_b,4009980.0,vendor_b,0.7637322380660253,vendor_b,,,0.09381446729220735,vendor_b,macro,25.1,youtube,,,51.2,youtube
CR00354,instagram,@creator354_instagram,vendor_a,51121,vendor_a,0.6115881927192347,vendor_a,-0.050219233055885854,vendor_a,0.061855670103092786,vendor_a,micro,50.9,instagram,4.0,instagram · micro,18.2,instagram
CR00354,tiktok,@creator354_tiktok,vendor_b,375630.0,vendor_b,8.261595186752922,vendor_b,-0.027268489745183342,vendor_b,0.11101759362903846,vendor_b,mid,91.3,tiktok,4.6,tiktok · mid,36.8,tiktok
CR00354,youtube,@creator354_youtube,vendor_c,44992,vendor_c,1.1624511024182076,vendor_c,0.007276065103991761,vendor_c,0.1588785046728972,vendor_c,micro,46.6,youtube,12.4,youtube · micro,73.1,youtube
CR00356,instagram,,,,,,,,,,,,,,,,,
CR00356,tiktok,https://www.tiktok.com/@creator356_tiktok,vendor_b,130430.0,vendor_b,1.4530782795369164,vendor_b,0.0707659469665873,vendor_b,,,mid,13.5,tiktok,44.4,tiktok · mid,,
CR00356,youtube,@creator356_youtube,vendor_a,194256,vendor_a,1.5253325508607198,vendor_a,0.13575425200395236,vendor_a,0.008022265880812049,vendor_a,mid,60.1,youtube,74.1,youtube · mid,6.3,youtube
CR00357,instagram,@creator357_instagram,vendor_a,20920,vendor_a,3.633604206500956,vendor_a,0.15134837644468904,vendor_a,0.03260572987721692,vendor_a,micro,99.1,instagram,77.8,instagram · micro,6.4,instagram
CR00357,tiktok,,,,,,,,,,,,,,,,,
CR00357,youtube,@creator357_youtube,vendor_a,286438,vendor_a,3.6114900955878757,vendor_a,-0.007419112270816657,vendor_a,0.10344393640672847,vendor_a,mid,93.3,youtube,12.7,youtube · mid,56.8,youtube
CR00358,instagram,,,,,,,,,,,,,,,,,
CR00358,tiktok,@creator358_tiktok,vendor_a,182496,vendor_a,3.618556023145713,vendor_a,0.05920044574453266,vendor_a,0.0013863598741930144,vendor_a,mid,56.9,tiktok,35.1,tiktok · mid,0.3,tiktok
CR00359,tiktok,@creator359_tiktok,vendor_c,471915,vendor_c,5.643050125552271,vendor_c,0.08988556449843532,vendor_c,,,mid,79.3,tiktok,55.6,tiktok · mid,,
CR00360,instagram,@creator360_instagram,vendor_b,542650.0,vendor_b,1.0485967013728923,vendor_b,0.03675894614164804,vendor_b,0.19863875286401006,vendor_b,mid,77.8,instagram,25.4,instagram · mid,70.4,instagram
CR00360,tiktok,@creator360_tiktok,vendor_c,221817,vendor_c,0.2736174414044009,vendor_c,0.0046423783470415595,vendor_c,,,mid,0.2,tiktok,11.9,tiktok · mid,,
CR00360,youtube,,,7006,vendor_a,1.0209820154153582,vendor_a,0.10157232704402516,vendor_a,0.22572178477690288,vendor_a,nano,38.8,youtube,49.3,youtube · nano,88.4,youtube
CR00363,instagram,https://www.instagram.com/creator363_instagram/,vendor_b,10130.0,vendor_b,0.5771964461994077,vendor_b,0.09159482758620689,vendor_b,0.08356545961002786,vendor_b,micro,47.0,instagram,52.0,instagram · micro,28.5,instagram
CR00363,tiktok,@creator363_tiktok,vendor_c,13850,vendor_c,2.428086642599278,vendor_c,0.14804376657824933,vendor_c,,,micro,37.0,tiktok,78.8,tiktok · micro,,
CR00366,instagram,@creator366_instagram,vendor_b,137240.0,vendor_b,1.3894782862139319,vendor_b,0.01938646661219639,vendor_b,0.1926741848063642,vendor_b,mid,87.0,instagram,20.3,instagram · mid,68.2,instagram
CR00366,tiktok,@creator366_tiktok,vendor_b,3620.0,vendor_b,8.52707182320442,vendor_b,,,0.07845303867403315,vendor_b,nano,92.4,tiktok,,,24.4,tiktok
CR00366,youtube,@creator366_youtube,vendor_b,916040.0,vendor_b,0.802819745862626,vendor_b,0.24030545927209707,vendor_b,0.1626295979864687,vendor_b,mid,26.8,youtube,96.4,youtube · mid,74.3,youtube
CR00368,instagram,@creator368_instagram,vendor_b,19790.0,vendor_b,1.7827185447195553,vendor_b,0.2185960591133005,vendor_b,0.13553719008264462,vendor_b,micro,90.6,instagram,95.2,instagram · micro,51.4,instagram
CR00368,tiktok,@creator368_tiktok,vendor_b,36740.0,vendor_b,14.455389221556887,vendor_b,0.06461895102868734,vendor_b,0.06313807116661711,vendor_b,micro,99.6,tiktok,36.5,tiktok · micro,19.4,tiktok
CR00368,youtube,,,,,,,,,,,,,,,,,
CR00369,instagram,@creator369_instagram,vendor_a,283497,vendor_a,0.4176375764117433,vendor_a,0.015375854214123007,vendor_a,0.021629919062238347,vendor_a,mid,32.1,instagram,18.1,instagram · mid,5.0,instagram
CR00369,tiktok,@creator369_tiktok,vendor_b,7430.0,vendor_b,1.9152086137281292,vendor_b,0.07994186046511628,vendor_b,0.007054673721340388,vendor_b,nano,24.3,tiktok,35.4,tiktok · nano,1.8,tiktok
CR00369,youtube,,,,,,,,,,,,,,,,,
CR00371,instagram,https://www.instagram.com/creator371_instagram/,vendor_b,1019970.0,vendor_b,0.8378618978989578,vendor_b,0.16877893385891735,vendor_b,0.27102102102102105,vendor_b,macro,66.7,instagram,87.5,instagram · macro,85.6,instagram
CR00373,instagram,@creator373_instagram,vendor_b,20500.0,vendor_b,1.8065853658536586,vendor_b,0.10333692142088267,vendor_b,0.16408518877057116,vendor_b,micro,91.2,instagram,56.3,instagram · micro,59.1,instagram
CR00373,tiktok,@creator373_tiktok,vendor_a,141825,vendor_a,1.9537881191609379,vendor_a,-0.001267561001373191,vendor_a,0.09574784418673803,vendor_a,mid,25.2,tiktok,10.6,tiktok · mid,30.6,tiktok
CR00373,youtube,@creator373_youtube,vendor_a,10428,vendor_a,3.9734369006520907,vendor_a,0.12080825451418745,vendor_a,0.4014962593516209,vendor_a,micro,94.7,youtube,65.6,youtube · micro,98.5,youtube
CR00374,instagram,@creator374_instagram,vendor_b,7400.0,vendor_b,1.8067567567567568,vendor_b,,,,,nano,91.5,instagram,,,,
CR00374,tiktok,@creator374_tiktok,vendor_b,183110.0,vendor_b,3.3826716181530228,vendor_b,0.009816356918325704,vendor_b,0.2074329239590911,vendor_b,mid,53.1,tiktok,13.9,tiktok · mid,73.6,tiktok
CR00374,youtube,@creator374_youtube,vendor_a,24246,vendor_a,2.1179163573372928,vendor_a,0.14926292837844243,vendor_a,0.18803227252353205,vendor_a,micro,76.2,youtube,77.3,youtube · micro,80.2,youtube
CR00377,instagram,@creator377_instagram,vendor_a,28070,vendor_a,1.9394210150107218,vendor_b,0.18045334118339712,vendor_a,0.10384331116038432,vendor_a,micro,92.5,instagram,86.5,instagram · micro,36.7,instagram
CR00377,tiktok,@creator377_tiktok,vendor_b,41330.0,vendor_b,4.4231550931526735,vendor_b,0.043423377934864935,vendor_b,,,micro,68.1,tiktok,24.9,tiktok · micro,,
CR00377,youtube,@creator377_youtube,vendor_c,299271,vendor_c,0.2656889575000585,vendor_c,0.23778740089089623,vendor_c,0.04124820659971305,vendor_c,mid,3.8,youtube,95.8,youtube · mid,26.3,youtube
CR00379,instagram,@creator379_instagram,vendor_a,139958,vendor_a,2.039411823547064,vendor_a,0.061413620506597905,vendor_a,0.08144796380090498,vendor_a,mid,93.8,instagram,40.6,instagram · mid,27.1,instagram
CR00379,tiktok,@creator379_tiktok,vendor_b,118910.0,vendor_b,5.610537381212682,vendor_b,0.20855778026222177,vendor_b,0.32881415790299795,vendor_b,mid,78.9,tiktok,97.4,tiktok · mid,94.6,tiktok
CR00380,instagram,,,,,,,,,,,,,,,,,
CR00380,tiktok,@creator380_tiktok,vendor_c,57566,vendor_c,,,,,,,micro,,,,,,
CR00380,youtube,@creator380_youtube,vendor_a,62544,vendor_a,0.5776893067280634,vendor_a,0.03860907686942659,vendor_a,0.24935600206079342,vendor_a,micro,15.4,youtube,26.6,youtube · micro,92.0,youtube
CR00381,instagram,,,,,,,,,,,,,,,,,
CR00381,tiktok,@creator381_tiktok,vendor_b,13010.0,vendor_b,5.561875480399692,vendor_b,0.2124883504193849,vendor_b,0.23510114816839803,vendor_b,micro,78.6,tiktok,95.9,tiktok · micro,79.0,tiktok
CR00381,youtube,@creator381_youtube,vendor_a,37005,vendor_a,3.8214565599243344,vendor_a,0.09146413402548371,vendor_a,0.08459133541759714,vendor_a,micro,93.9,youtube,51.8,youtube · micro,46.7,youtube
CR00382,tiktok,@creator382_tiktok,vendor_a,494204,vendor_a,2.10812336605936,vendor_a,-0.005747785483069482,vendor_a,,,mid,29.6,tiktok,9.3,tiktok · mid,,
CR00383,instagram,,,,,,,,,,,,,,,,,
CR00383,tiktok,,,,,,,,,,,,,,,,,
CR00383,youtube,@creator383_youtube,vendor_a,1391,vendor_a,1.3544212796549244,vendor_a,0.007971014492753623,vendor_a,0.1171875,vendor_a,nano,54.0,youtube,6.7,youtube · nano,62.1,youtube
CR00386,instagram,@creator386_instagram,vendor_b,250050.0,vendor_b,0.3365126974605079,vendor_b,0.07289968248519695,vendor_b,0.07481629926519706,vendor_b,mid,22.4,instagram,48.6,instagram · mid,23.5,instagram
CR00386,tiktok,@creator386_tiktok,vendor_b,28410.0,vendor_b,4.129355860612461,vendor_b,0.13594562175129948,vendor_b,,,micro,64.3,tiktok,73.0,tiktok · micro,,
CR00390,instagram,@creator390_instagram,vendor_b,136590.0,vendor_b,0.3190131049125119,vendor_b,0.03336359509759419,vendor_b,,,mid,20.5,instagram,24.6,instagram · mid,,
CR00390,tiktok,@creator390_tiktok,vendor_b,243330.0,vendor_b,5.499235605967205,vendor_b,0.006452413450800347,vendor_b,0.3027527165977591,vendor_b,mid,77.6,tiktok,13.2,tiktok · mid,91.2,tiktok
CR00390,youtube,@creator390_youtube,vendor_a,48986,vendor_a,5.602437431102764,vendor_a,0.07808442272987368,vendor_a,0.13123216129228155,vendor_a,micro,97.9,youtube,42.9,youtube · micro,65.7,youtube
CR00391,tiktok,@creator391_tiktok,vendor_b,54490.0,vendor_b,3.386272710589099,vendor_b,-0.009992732558139535,vendor_b,0.056012051492741716,vendor_b,micro,53.3,tiktok,10.8,tiktok · micro,16.3,tiktok
CR00391,youtube,@creator391_youtube,vendor_a,4386,vendor_a,,,0.20660247592847317,vendor_a,,,nano,,,93.3,youtube · nano,,
CR00393,instagram,@creator393_instagram,vendor_b,28360.0,vendor_b,1.0150211565585332,vendor_b,0.03844745514463566,vendor_b,0.15519253208868145,vendor_b,micro,75.6,instagram,23.0,instagram · micro,56.9,instagram
CR00393,tiktok,,,,,,,,,,,,,,,,,
CR00393,youtube,@creator393_youtube,vendor_a,42231,vendor_a,1.5123724278373707,vendor_a,0.17445352911730352,vendor_a,0.1984852441890833,vendor_a,micro,59.3,youtube,89.4,youtube · micro,82.1,youtube
CR00394,instagram,,,,,,,,,,,,,,,,,
CR00394,tiktok,@creator394_tiktok,vendor_b,4560.0,vendor_b,2.168640350877193,vendor_b,0.1371571072319202,vendor_b,0.11385459533607682,vendor_b,nano,30.4,tiktok,58.3,tiktok · nano,38.3,tiktok
CR00394,youtube,,,45474,vendor_a,1.1122179707085367,vendor_a,0.02807921866521975,vendor_a,0.21988950276243094,vendor_a,micro,44.5,youtube,20.2,youtube · micro,86.5,youtube
CR00395,instagram,@creator395_instagram,vendor_a,58510,vendor_a,0.8474790634079644,vendor_a,0.1074912212251268,vendor_b,0.12018140589569161,vendor_a,micro,67.1,instagram,58.7,instagram · micro,42.0,instagram
CR00395,tiktok,@creator395_tiktok,vendor_b,58720.0,vendor_b,2.0349625340599453,vendor_b,0.08579881656804733,vendor_b,0.011989854738298363,vendor_b,micro,27.3,tiktok,47.7,tiktok · micro,2.1,tiktok
CR00395,youtube,,,,,,,,,,,,,,,,,
CR00396,instagram,@creator396_instagram,vendor_b,44800.0,vendor_b,0.77625,vendor_b,-0.062172911869374084,vendor_b,0.3539325842696629,vendor_b,micro,63.7,instagram,2.0,instagram · micro,96.7,instagram
CR00396,tiktok,,,,,,,,,,,,,,,,,
CR00396,youtube,@creator396_youtube,vendor_a,147708,vendor_a,0.21954125707476915,vendor_a,0.009900177765622863,vendor_a,0.22619525914021696,vendor_a,mid,1.1,youtube,15.7,youtube · mid,88.6,youtube
CR00399,instagram,@creator399_instagram,vendor_b,39320.0,vendor_b,0.6302390640895219,vendor_b,0.07873799725651577,vendor_b,0.22831367106176267,vendor_b,micro,52.1,instagram,44.8,instagram · micro,77.6,instagram
CR00399,tiktok,@creator399_tiktok,vendor_b,368250.0,vendor_b,5.12691649694501,vendor_b,-0.05596287940935193,vendor_b,,,mid,74.2,tiktok,2.0,tiktok · mid,,
CR00399,youtube,@creator399_youtube,vendor_a,11899403,vendor_a,0.8451345836425576,vendor_a,0.05119738272288976,vendor_a,0.10781991803828776,vendor_a,macro,29.5,youtube,50.0,youtube · macro,58.5,youtube
CR00400,instagram,@creator400_instagram,vendor_b,3013,vendor_a,0.1745768337205443,vendor_a,0.09404502541757444,vendor_a,0.0,vendor_a,nano,5.8,instagram,63.0,instagram · nano,1.0,instagram
CR00400,tiktok,@creator400_tiktok,vendor_b,11650.0,vendor_b,3.1106437768240345,vendor_b,0.06587374199451052,vendor_b,0.09625876851130163,vendor_b,micro,49.3,tiktok,37.3,tiktok · micro,31.3,tiktok
CR00401,instagram,@creator401_instagram,vendor_a,35764,vendor_a,10.643384408902808,vendor_a,0.060459599703484065,vendor_a,0.16833103764921947,vendor_a,micro,100.0,instagram,32.1,instagram · micro,60.8,instagram
CR00401,tiktok,,,,,,,,,,,,,,,,,
CR00401,youtube,@creator401_youtube,vendor_b,179060.0,vendor_b,0.9921087903496035,vendor_b,0.18020036910097548,vendor_b,,,mid,36.7,youtube,88.0,youtube · mid,,
CR00403,instagram,@creator403_instagram,vendor_a,536210,vendor_a,1.2208892038566979,vendor_a,0.11348996382574893,vendor_a,,"n/a (likes hidden, vendor_a)",mid,83.5,instagram,63.8,instagram · mid,,
CR00403,tiktok,@creator403_tiktok,vendor_b,27280.0,vendor_b,0.5406891495601173,vendor_b,-0.03330970942593905,vendor_b,,,micro,1.3,tiktok,6.6,tiktok · micro,,
CR00403,youtube,@creator403_youtube,vendor_a,322782,vendor_a,3.3670619799121386,vendor_a,0.07227638900423553,vendor_a,0.036354640341163445,vendor_a,mid,91.4,youtube,45.2,youtube · mid,23.6,youtube
CR00404,instagram,@creator404_instagram,vendor_a,1189553,vendor_a,1.572420060308368,vendor_a,-0.010049690877966495,vendor_a,,,macro,88.9,instagram,6.2,instagram · macro,,
CR00404,tiktok,@creator404_tiktok,vendor_b,301588,vendor_c,3.430809581283075,vendor_c,0.04241728767161166,vendor_c,,,mid,53.9,tiktok,28.5,tiktok · mid,,
CR00405,tiktok,@creator405_tiktok,vendor_b,36350.0,vendor_b,5.205144429160935,vendor_b,-0.03401541323412171,vendor_b,0.051024656520331224,vendor_b,micro,75.1,tiktok,5.8,tiktok · micro,14.2,tiktok
CR00406,instagram,@creator406_instagram,vendor_c,21705,vendor_c,1.5020502188435845,vendor_c,,,,,micro,88.2,instagram,,,,
CR00406,youtube,@creator406_youtube,vendor_a,294297,vendor_a,2.5901929003693547,vendor_a,-0.036557499410732525,vendor_a,0.16186342985013902,vendor_a,mid,84.0,youtube,6.6,youtube · mid,73.7,youtube
CR00407,instagram,@creator407_instagram,vendor_c,29373,vendor_c,0.4841861573553944,vendor_c,0.0761311595530317,vendor_c,,,micro,39.1,instagram,42.5,instagram · micro,,
CR00407,tiktok,@creator407_tiktok,vendor_a,31423,vendor_a,6.91576233968749,vendor_a,0.1156754837564353,vendor_a,0.048319094641074006,vendor_a,micro,86.7,tiktok,61.8,tiktok · micro,12.7,tiktok
CR00407,youtube,@creator407_youtube,vendor_a,348515,vendor_a,1.29389265885256,vendor_a,0.07768923686806374,vendor_a,0.27839982606805086,vendor_a,mid,52.5,youtube,48.8,youtube · mid,95.0,youtube
CR00409,instagram,@creator409_instagram,vendor_a,88655,vendor_a,0.31651909085781965,vendor_a,0.07977589671761769,vendor_a,0.05914870093974572,vendor_a,micro,20.1,instagram,46.4,instagram · micro,16.9,instagram
CR00409,tiktok,@creator409_tiktok,vendor_b,98020.0,vendor_b,2.748877780044889,vendor_b,0.0998653500897666,vendor_b,0.14257711750747962,vendor_b,micro,43.6,tiktok,54.8,tiktok · micro,53.1,tiktok
CR00409,youtube,@creator409_youtube,vendor_a,25014,vendor_a,0.7311105780762773,vendor_a,0.03423468122054081,vendor_a,0.10393700787401575,vendor_a,micro,22.8,youtube,23.0,youtube · micro,57.1,youtube
CR00412,instagram,,,,,,,,,,,,,,,,,
CR00412,tiktok,,,,,,,,,,,,,,,,,
CR00412,youtube,@creator412_youtube,vendor_a,112199,vendor_a,0.6320733696378755,vendor_a,0.16197350842490083,vendor_a,0.014279714405711887,vendor_c,mid,17.9,youtube,80.7,youtube · mid,9.1,youtube
CR00416,instagram,@creator416_instagram,vendor_b,95380.0,vendor_b,0.25011532816104004,vendor_b,0.013818027210884353,vendor_b,0.10192735359525575,vendor_b,micro,13.2,instagram,11.9,instagram · micro,35.4,instagram
CR00416,tiktok,@creator416_tiktok,vendor_b,20460.0,vendor_b,3.80405669599218,vendor_b,0.2731798382078407,vendor_b,0.12170889220069547,vendor_b,micro,60.0,tiktok,99.6,tiktok · micro,43.0,tiktok
CR00416,youtube,@creator416_youtube,vendor_a,25824,vendor_a,1.882280049566295,vendor_a,-0.027674234722692873,vendor_a,0.22802960222016652,vendor_a,micro,70.2,youtube,5.3,youtube · micro,89.0,youtube
CR00417,instagram,,,,,,,,,,,,,,,,,
CR00417,tiktok,,,,,,,,,,,,,,,,,
CR00417,youtube,@creator417_youtube,vendor_a,9378,vendor_a,1.1149498827042013,vendor_a,0.1237866986219293,vendor_a,0.08955223880597014,vendor_a,nano,44.7,youtube,58.7,youtube · nano,49.1,youtube
CR00419,instagram,@creator419_instagram,vendor_b,26410.0,vendor_b,0.197235895494131,vendor_b,0.18856885688568856,vendor_b,0.038834951456310676,vendor_b,micro,7.7,instagram,89.7,instagram · micro,9.4,instagram
CR00419,tiktok,@creator419_tiktok,vendor_b,127760.0,vendor_b,6.895280212899186,vendor_b,0.14490545747826866,vendor_b,,,mid,86.0,tiktok,80.8,tiktok · mid,,
CR00422,instagram,@creator422_instagram,vendor_a,126740,vendor_a,0.20313239703329652,vendor_a,0.15538538675418204,vendor_a,0.09325396825396826,vendor_a,mid,8.3,instagram,81.2,instagram · mid,32.0,instagram
CR00422,tiktok,@creator422_tiktok,vendor_a,3076,vendor_a,2.2243172951885564,vendor_a,0.06583506583506583,vendor_a,0.027777777777777776,vendor_a,nano,31.5,tiktok,29.2,tiktok · nano,5.7,tiktok
CR00422,youtube,@creator422_youtube,vendor_a,4053,vendor_a,0.9898840365161609,vendor_a,0.12364846132520099,vendor_a,0.03524229074889868,vendor_a,nano,36.3,youtube,57.3,youtube · nano,22.3,youtube
CR00424,instagram,@creator424_instagram,vendor_a,24466,vendor_a,0.2124172320771683,vendor_a,0.12270558002936857,vendor_a,0.34196891191709844,vendor_a,micro,9.4,instagram,62.7,instagram · micro,94.8,instagram
CR00424,tiktok,@creator424_tiktok,vendor_a,63378,vendor_a,1.975827574237117,vendor_a,0.1119727700189487,vendor_a,0.20523623232019259,vendor_a,micro,26.0,tiktok,61.0,tiktok · micro,73.1,tiktok
CR00424,youtube,@creator424_youtube,vendor_a,11956,vendor_a,2.2336901973904317,vendor_a,0.1024435223605348,vendor_a,0.015615615615615615,vendor_a,micro,79.3,youtube,54.6,youtube · micro,9.9,youtube
CR00425,youtube,@creator425_youtube,vendor_a,16031,vendor_a,1.339030628157944,vendor_a,0.1675892206846322,vendor_a,0.24617860016090104,vendor_a,micro,53.8,youtube,85.1,youtube · micro,91.6,youtube
CR00427,instagram,@creator427_instagram,vendor_b,52320.0,vendor_b,0.3174120795107034,vendor_b,0.02427564604541895,vendor_b,0.17829457364341086,vendor_b,micro,20.3,instagram,15.1,instagram · micro,63.5,instagram
CR00430,instagram,@creator430_instagram,vendor_b,67660.0,vendor_b,0.4213420041383388,vendor_b,0.056857232114964074,vendor_b,0.09096651926721415,vendor_b,micro,33.3,instagram,31.0,instagram · micro,31.5,instagram
CR00430,tiktok,,,69910.0,vendor_b,8.984494349878416,vendor_b,0.05636143850105772,vendor_b,0.11674648661380231,vendor_b,micro,93.7,tiktok,32.8,tiktok · micro,39.9,tiktok
CR00430,youtube,@creator430_youtube,vendor_a,174880,vendor_a,0.7279849039341263,vendor_a,0.18017033107934838,vendor_a,0.06788936547847951,vendor_a,mid,22.4,youtube,87.3,youtube · mid,38.9,youtube
CR00431,instagram,@creator431_instagram,vendor_a,15831,vendor_a,2.6991977765144335,vendor_a,0.09119106699751861,vendor_a,0.22916666666666666,vendor_a,micro,97.2,instagram,51.2,instagram · micro,77.9,instagram
CR00431,tiktok,@creator431_tiktok,vendor_b,37270.0,vendor_b,2.9995707002951435,vendor_b,,,0.0603448275862069,vendor_b,micro,47.4,tiktok,,,17.9,tiktok
CR00432,instagram,@creator432_instagram,vendor_c,10396,vendor_c,,,0.06866776315789473,vendor_c,,,micro,,,36.5,instagram · micro,,
CR00432,tiktok,,,,,,,,,0.17145877378435517,vendor_b,,,,,,64.2,tiktok
CR00432,youtube,@creator432_youtube,vendor_a,3733,vendor_a,0.7500669702652023,vendor_a,0.041864359475300025,vendor_a,,,nano,24.0,youtube,24.0,youtube · nano,,
CR00433,tiktok,https://www.tiktok.com/@creator433_tiktok,vendor_b,222690.0,vendor_b,4.587215411558669,vendor_b,0.1338017412555369,vendor_b,0.11202573564197181,vendor_b,mid,69.8,tiktok,77.5,tiktok · mid,37.0,tiktok
CR00433,youtube,@creator433_youtube,vendor_a,27687,vendor_a,0.6250948098385524,vendor_a,0.03852213053263316,vendor_a,0.0,vendor_a,micro,17.3,youtube,26.2,youtube · micro,0.7,youtube
CR00435,instagram,@creator435_instagram,vendor_b,12770.0,vendor_b,1.1870790916209868,vendor_b,0.07041072925398156,vendor_b,0.27086614173228346,vendor_b,micro,81.6,instagram,39.3,instagram · micro,85.4,instagram
CR00437,instagram,,,,,,,,,,,,,,,,,
CR00437,tiktok,https://www.tiktok.com/@creator437_tiktok,vendor_b,46080.0,vendor_b,3.9982421875,vendor_b,0.11143270622286541,vendor_b,,,micro,62.8,tiktok,60.6,tiktok · micro,,
CR00437,youtube,@creator437_youtube,vendor_a,57500,vendor_a,1.523391304347826,vendor_a,0.13688040018190087,vendor_a,0.18561484918793503,vendor_a,micro,59.7,youtube,71.3,youtube · micro,79.4,youtube
CR00438,instagram,@creator438_instagram,vendor_b,10750.0,vendor_b,0.5190697674418605,vendor_b,0.16974972796517954,vendor_b,,,micro,43.6,instagram,84.9,instagram · micro,,
CR00438,tiktok,@creator438_tiktok,vendor_a,8916,vendor_a,4.064602960969045,vendor_a,0.060418648905804,vendor_a,0.1177414180301572,vendor_a,nano,63.2,tiktok,25.0,tiktok · nano,40.7,tiktok
CR00438,youtube,@creator438_youtube,vendor_a,92577,vendor_a,1.9062294090324812,vendor_a,0.11062191084025146,vendor_a,0.22311121271002402,vendor_a,micro,70.7,youtube,59.9,youtube · micro,88.0,youtube
CR00439,tiktok,,,,,,,,,,,,,,,,,
CR00439,youtube,@creator439_youtube,vendor_a,3442,vendor_a,0.7966298663567694,vendor_a,0.1386040357260999,vendor_a,0.07042253521126761,vendor_a,nano,26.4,youtube,69.3,youtube · nano,40.2,youtube
CR00441,youtube,@creator441_youtube,vendor_c,3323,vendor_c,2.1387300631959074,vendor_c,0.058954748247291265,vendor_c,,,nano,77.0,youtube,33.3,youtube · nano,,
CR00443,instagram,@creator443_instagram,vendor_b,14610.0,vendor_b,0.8530458590006844,vendor_b,0.08867362146050671,vendor_b,,"n/a (likes hidden, vendor_b)",micro,67.5,instagram,50.8,instagram · micro,,
CR00443,tiktok,@creator443_tiktok,vendor_a,83048,vendor_a,2.9142544070898757,vendor_a,-0.01218003615948235,vendor_a,0.2558963009800822,vendor_a,micro,45.9,tiktok,10.0,tiktok · micro,84.7,tiktok
CR00443,youtube,@creator443_youtube,vendor_a,754974,vendor_a,,,0.20433575803981624,vendor_a,0.03377959927140255,vendor_a,mid,,,91.6,youtube · mid,21.5,youtube
CR00444,instagram,,,4302,vendor_a,0.22942817294281728,vendor_a,0.04926829268292683,vendor_a,0.1744186046511628,vendor_a,nano,11.5,instagram,29.6,instagram · nano,62.7,instagram
CR00444,youtube,@creator444_youtube,vendor_c,46234,vendor_a,2.9217242721806462,vendor_a,-0.014494607153514942,vendor_a,0.0004063388866314506,vendor_a,micro,88.4,youtube,7.8,youtube · micro,1.5,youtube
CR00445,instagram,@creator445_instagram,vendor_b,216160.0,vendor_b,0.27543948926720946,vendor_b,0.19776140078683438,vendor_b,0.08687837028160575,vendor_b,mid,16.5,instagram,92.0,instagram · mid,29.6,instagram
CR00446,instagram,@creator446_instagram,vendor_a,1612,vendor_a,0.4205955334987593,vendor_a,0.02871729419272495,vendor_a,0.12121212121212122,vendor_a,nano,33.1,instagram,18.5,instagram · nano,43.5,instagram
CR00446,tiktok,@creator446_tiktok,vendor_b,58510.0,vendor_b,3.8317381644163393,vendor_b,0.18297614233724221,vendor_b,0.16319639842431063,vendor_b,micro,60.9,tiktok,90.5,tiktok · micro,61.9,tiktok
CR00446,youtube,@creator446_youtube,vendor_a,30433,vendor_a,0.6974337068314002,vendor_a,0.14036796942331473,vendor_a,0.1516626115166261,vendor_a,micro,20.5,youtube,73.0,youtube · micro,71.2,youtube
CR00448,instagram,@creator448_instagram,vendor_a,8804,vendor_a,1.194457064970468,vendor_a,-0.02286348501664817,vendor_a,0.36403508771929827,vendor_a,nano,82.5,instagram,7.4,instagram · nano,98.1,instagram
CR00448,youtube,@creator448_youtube,vendor_a,64023,vendor_a,1.9490807990878278,vendor_a,0.024843527396712074,vendor_a,0.4354253460556377,vendor_a,micro,71.9,youtube,18.1,youtube · micro,99.6,youtube
CR00449,instagram,@creator449_instagram,vendor_a,405048,vendor_a,0.410608125456736,vendor_a,0.05973585616510036,vendor_a,0.0805091016723398,vendor_a,mid,30.6,instagram,39.9,instagram · mid,26.2,instagram
CR00449,tiktok,https://www.tiktok.com/@creator449_tiktok,vendor_b,181930.0,vendor_b,1.5994723245204199,vendor_b,0.1656948805023387,vendor_b,0.3547283198397463,vendor_b,mid,17.3,tiktok,88.1,tiktok · mid,96.1,tiktok
CR00449,youtube,@creator449_youtube,vendor_a,125482,vendor_a,2.619985336542293,vendor_a,0.08479001331327697,vendor_a,0.04282156998816181,vendor_b,mid,84.4,youtube,51.2,youtube · mid,27.2,youtube
CR00452,instagram,,,,,,,,,,,,,,,,,
CR00452,youtube,,,,,,,,,,,,,,,,,
CR00457,instagram,@creator457_instagram,vendor_b,23080.0,vendor_b,0.5967071057192375,vendor_b,0.2915500839395635,vendor_b,,"n/a (likes hidden, vendor_b)",micro,49.1,instagram,99.6,instagram · micro,,
CR00457,tiktok,@creator457_tiktok,vendor_a,16960,vendor_a,2.8070754716981132,vendor_a,-0.06961435075977837,vendor_a,0.28698553948832034,vendor_a,micro,44.2,tiktok,3.3,tiktok · micro,88.9,tiktok
CR00458,instagram,@creator458_instagram,vendor_a,53573,vendor_a,0.9284900976238031,vendor_a,0.14864922813036022,vendor_a,0.20423497267759563,vendor_a,micro,72.4,instagram,76.6,instagram · micro,72.4,instagram
CR00458,tiktok,@creator458_tiktok,vendor_a,195969,vendor_a,1.638192775387944,vendor_a,0.06174250838421654,vendor_a,0.3302466606572154,vendor_a,mid,18.6,tiktok,36.4,tiktok · mid,94.8,tiktok
CR00458,youtube,@creator458_youtube,vendor_a,60851,vendor_a,2.2568404792032997,vendor_a,0.05514036517487125,vendor_a,0.19448777951118046,vendor_a,micro,79.5,youtube,33.0,youtube · micro,81.5,youtube
CR00460,instagram,@creator460_instagram,vendor_b,115330.0,vendor_b,0.6247810630365039,vendor_b,0.04163656069364162,vendor_b,0.20848457350272231,vendor_b,mid,51.5,instagram,26.8,instagram · mid,73.8,instagram
CR00460,tiktok,,,,,,,,,,,,,,,,,
CR00460,youtube,@creator460_youtube,vendor_a,105590,vendor_a,0.6718060422388483,vendor_a,0.1765426871392597,vendor_a,0.061955469506292354,vendor_a,mid,19.8,youtube,86.1,youtube · mid,36.6,youtube
CR00461,instagram,@creator461_instagram,vendor_b,53350.0,vendor_b,,,0.11938732689886697,vendor_b,0.23330365093499555,vendor_b,micro,,,61.1,instagram · micro,78.7,instagram
CR00461,tiktok,@creator461_tiktok,vendor_b,25060.0,vendor_b,2.815003990422985,vendor_b,0.1463860933211345,vendor_b,0.043634907926341074,vendor_b,micro,44.6,tiktok,78.4,tiktok · micro,10.9,tiktok
CR00461,youtube,@creator461_youtube,vendor_a,18118,vendor_a,1.0434374655039187,vendor_a,0.00789942145082332,vendor_a,0.05268817204301075,vendor_a,micro,39.9,youtube,13.1,youtube · micro,33.5,youtube
CR00463,instagram,,,,,,,,,,,,,,,,,
CR00463,tiktok,@creator463_tiktok,vendor_b,14860.0,vendor_b,2.1911170928667563,vendor_b,0.04427266338721012,vendor_b,0.14484536082474228,vendor_b,micro,30.9,tiktok,25.3,tiktok · micro,54.1,tiktok
CR00463,youtube,@creator463_youtube,vendor_a,98144,vendor_a,0.33785050537985,vendor_a,0.06996925626321872,vendor_a,0.09724950884086445,vendor_a,micro,5.9,youtube,38.7,youtube · micro,53.3,youtube
CR00465,instagram,@creator465_instagram,vendor_b,169730.0,vendor_b,0.9133800742355506,vendor_b,0.05717844908128309,vendor_b,0.09796976241900648,vendor_b,mid,72.0,instagram,37.0,instagram · mid,34.0,instagram
CR00465,tiktok,@creator465_tiktok,vendor_b,62810.0,vendor_b,1.9734277981213182,vendor_b,0.08950563746747615,vendor_b,0.1758369240967849,vendor_b,micro,25.8,tiktok,49.8,tiktok · micro,65.5,tiktok
CR00465,youtube,@creator465_youtube,vendor_a,9706,vendor_a,,,0.06262316619224874,vendor_a,0.30138339920948615,vendor_a,nano,,,37.3,youtube · nano,96.0,youtube
CR00469,tiktok,@creator469_tiktok,vendor_b,161800.0,vendor_b,1.6794313967861558,vendor_b,,,0.10082320066460237,vendor_b,mid,19.2,tiktok,,,32.9,tiktok
CR00471,instagram,,,,,,,,,,,,,,,,,
CR00473,instagram,@creator473_instagram,vendor_b,36300.0,vendor_b,,,0.15421303656597773,vendor_b,0.06325088339222615,vendor_b,micro,,,79.4,instagram · micro,18.8,instagram
CR00473,tiktok,@creator473_tiktok,vendor_b,140300.0,vendor_b,7.459016393442623,vendor_b,0.1530243261012492,vendor_b,0.3073517342663384,vendor_b,mid,89.2,tiktok,84.8,tiktok · mid,92.5,tiktok
CR00473,youtube,@creator473_youtube,vendor_a,45808,vendor_a,0.6906872162067761,vendor_a,0.08911079410366143,vendor_a,0.09555261999119331,vendor_a,micro,20.2,youtube,50.0,youtube · micro,52.2,youtube
CR00475,instagram,,,,,,,,,,,,,,,,,
CR00476,instagram,@creator476_instagram,vendor_b,1660.0,vendor_b,0.43734939759036146,vendor_b,,,0.07142857142857142,vendor_b,nano,34.6,instagram,,,22.1,instagram
CR00476,tiktok,@creator476_tiktok,vendor_b,8410.0,vendor_b,1.5306777645659928,vendor_b,0.22238372093023256,vendor_b,,,nano,14.8,tiktok,93.8,tiktok · nano,,
CR00477,instagram,@creator477_instagram,vendor_a,154683,vendor_a,0.5881512512687238,vendor_a,0.21199276015263227,vendor_a,0.2861758204387009,vendor_a,mid,48.1,instagram,94.9,instagram · mid,88.1,instagram
CR00477,tiktok,@creator477_tiktok,vendor_a,130702,vendor_a,6.036594696332115,vendor_a,0.03775397587874264,vendor_a,0.06457737565046177,vendor_a,mid,81.0,tiktok,25.8,tiktok · mid,19.9,tiktok
CR00477,youtube,,,,,,,,,,,,,,,,,
CR00480,youtube,@creator480_youtube,vendor_a,722384,vendor_a,3.469301645662141,vendor_a,0.1346500004712106,vendor_a,0.1261891497359012,vendor_a,mid,92.0,youtube,73.5,youtube · mid,64.4,youtube
CR00481,instagram,@creator481_instagram,vendor_b,1246830.0,vendor_b,0.6390229622322209,vendor_b,0.08875383124197732,vendor_b,0.05169359410430839,vendor_b,macro,52.8,instagram,31.2,instagram · macro,13.8,instagram
CR00483,tiktok,,,,,,,,,,,,,,,,,
CR00483,youtube,,,,,,,,,,,,,,,,,
CR00485,instagram,https://www.instagram.com/creator485_instagram/,vendor_b,219290.0,vendor_b,0.20326052259564958,vendor_b,0.2009967687167972,vendor_b,0.19783573806881244,vendor_b,mid,8.5,instagram,94.2,instagram · mid,70.2,instagram
CR00485,tiktok,@creator485_tiktok,vendor_b,271220.0,vendor_b,2.7381240321510214,vendor_b,0.14472629046553834,vendor_b,0.03487725950380806,vendor_b,mid,43.1,tiktok,80.1,tiktok · mid,8.3,tiktok
CR00485,youtube,,,,,,,,,,,,,,,,,
CR00488,instagram,https://www.instagram.com/creator488_instagram/,vendor_b,79720.0,vendor_b,0.811703462117411,vendor_b,0.23885003885003886,vendor_b,0.07432641684732115,vendor_b,micro,65.2,instagram,96.8,instagram · micro,23.2,instagram
CR00488,tiktok,@creator488_tiktok,vendor_a,6712,vendor_a,6.7723480333730635,vendor_a,-0.08368600682593856,vendor_a,0.1355764473033152,vendor_a,nano,85.0,tiktok,2.1,tiktok · nano,50.3,tiktok
CR00488,youtube,@creator488_youtube,vendor_a,70560,vendor_a,1.2322420634920634,vendor_a,0.11914731633041492,vendor_a,0.027694073755201606,vendor_a,micro,50.2,youtube,64.9,youtube · micro,17.1,youtube
CR00489,instagram,https://www.instagram.com/creator489_instagram/,vendor_b,168620.0,vendor_b,2.364221326058593,vendor_b,0.09188629152366769,vendor_b,0.16086267351938133,vendor_b,mid,95.9,instagram,56.5,instagram · mid,58.6,instagram
CR00489,tiktok,https://www.tiktok.com/@creator489_tiktok,vendor_b,24730.0,vendor_b,5.015527699150829,vendor_b,0.09473218238158478,vendor_b,0.14101160499233634,vendor_b,micro,72.7,tiktok,53.1,tiktok · micro,51.6,tiktok
CR00489,youtube,,,94696,vendor_c,1.6152741404071977,vendor_c,0.06197151508354828,vendor_c,0.2672413793103448,vendor_c,micro,63.5,youtube,36.2,youtube · micro,94.3,youtube
CR00490,tiktok,@creator490_tiktok,vendor_a,74440,vendor_a,1.1696802794196668,vendor_a,0.1324945611659643,vendor_a,0.1239364263926794,vendor_a,micro,7.8,tiktok,70.5,tiktok · micro,46.1,tiktok
CR00491,instagram,@creator491_instagram,vendor_a,2254,vendor_a,0.6708074534161491,vendor_a,0.0687529634898056,vendor_a,,"n/a (likes hidden, vendor_a)",nano,56.2,instagram,37.0,instagram · nano,,
CR00491,tiktok,@creator491_tiktok,vendor_a,63135,vendor_a,2.9259048071592617,vendor_a,0.05174165819853738,vendor_a,0.19780043349120977,vendor_a,micro,46.3,tiktok,29.0,tiktok · micro,70.2,tiktok
CR00491,youtube,@creator491_youtube,vendor_a,15139,vendor_a,1.874826606777198,vendor_a,0.10738058664325946,vendor_a,0.042440318302387266,vendor_a,micro,70.0,youtube,57.4,youtube · micro,27.0,youtube
CR00494,instagram,,,,,,,,,,,,,,,,,
CR00494,tiktok,@creator494_tiktok,vendor_b,27060.0,vendor_b,2.67039911308204,vendor_b,0.0815347721822542,vendor_b,,,micro,41.4,tiktok,46.5,tiktok · micro,,
CR00494,youtube,@creator494_youtube,vendor_a,8279,vendor_a,1.177920038652011,vendor_a,0.292583918813427,vendor_a,0.05521472392638037,vendor_a,nano,47.7,youtube,100.0,youtube · nano,34.3,youtube
CR00495,instagram,,,,,,,,,,,,,,,,,
CR00495,tiktok,https://www.tiktok.com/@creator495_tiktok,vendor_b,334280.0,vendor_b,1.5943819552470981,vendor_b,0.15189524465885595,vendor_b,0.17386042759177087,vendor_b,mid,16.9,tiktok,84.1,tiktok · mid,65.0,tiktok
CR00495,youtube,@creator495_youtube,vendor_b,44671,vendor_a,1.5732130464954892,vendor_a,-0.08706137213627353,vendor_a,0.04026548672566372,vendor_a,micro,61.4,youtube,0.7,youtube · micro,25.7,youtube
CR00497,instagram,@creator497_instagram,vendor_a,19938,vendor_a,1.4171932992276055,vendor_a,0.07436146136437116,vendor_a,0.014687100893997445,vendor_a,micro,87.4,instagram,41.7,instagram · micro,3.9,instagram
CR00500,tiktok,@creator500_tiktok,vendor_c,48684,vendor_c,1.735169665598554,vendor_c,0.0781291522721233,vendor_c,,,micro,20.7,tiktok,44.4,tiktok · micro,,
CR00501,instagram,@creator501_instagram,vendor_b,124680.0,vendor_b,0.5615575874238049,vendor_b,0.06282499360668314,vendor_b,,,mid,45.9,instagram,41.3,instagram · mid,,
CR00501,tiktok,,,,,,,,,,,,,,,,,
CR00501,youtube,@creator501_youtube,vendor_a,10755,vendor_a,0.5287773128777313,vendor_a,0.02889122739883287,vendor_a,0.19865319865319866,vendor_a,micro,12.5,youtube,20.6,youtube · micro,82.3,youtube
CR00502,tiktok,@creator502_tiktok,vendor_b,10460.0,vendor_b,,,0.08958333333333333,vendor_b,0.2635524798154556,vendor_b,micro,,,50.2,tiktok · micro,85.5,tiktok
CR00502,youtube,,,,,,,,,,,,,,,,,
CR00504,instagram,@creator504_instagram,vendor_c,16366,vendor_c,0.3386288647195405,vendor_c,0.1058855328062707,vendor_c,,"n/a (likes hidden, vendor_c)",micro,23.1,instagram,57.5,instagram · micro,,
CR00504,tiktok,@creator504_tiktok,vendor_c,229373,vendor_c,7.024667245054998,vendor_c,0.06611232215813227,vendor_c,,,mid,87.7,tiktok,40.4,tiktok · mid,,
CR00504,youtube,@creator504_youtube,vendor_a,23230,vendor_a,0.9252260008609556,vendor_a,0.021862490652355605,vendor_a,0.11785297549591599,vendor_a,micro,33.3,youtube,17.0,youtube · micro,62.5,youtube
CR00505,instagram,@creator505_instagram,vendor_b,63010.0,vendor_b,1.9485637200444375,vendor_b,0.036689700559394536,vendor_b,,"n/a (likes hidden, vendor_b)",micro,92.9,instagram,21.8,instagram · micro,,
CR00505,tiktok,,,,,,,,,,,,,,,,,
CR00505,youtube,@creator505_youtube,vendor_a,9718,vendor_a,0.2858612883309323,vendor_a,0.10044162608991054,vendor_a,0.15671641791044777,vendor_a,nano,4.2,youtube,48.0,youtube · nano,72.8,youtube
CR00508,instagram,@creator508_instagram,vendor_a,86358,vendor_a,0.2787234535306515,vendor_a,0.14574184389635547,vendor_a,,"n/a (likes hidden, vendor_a)",micro,16.9,instagram,76.2,instagram · micro,,
CR00508,tiktok,@creator508_tiktok,vendor_c,12295,vendor_c,5.484993899959333,vendor_c,0.12767128313308262,vendor_c,,,micro,77.4,tiktok,68.5,tiktok · micro,,
CR00508,youtube,@creator508_youtube,vendor_a,32514,vendor_a,2.1369563880174693,vendor_a,0.07994818480751985,vendor_a,0.025355958650282815,vendor_a,micro,76.8,youtube,44.3,youtube · micro,15.2,youtube
CR00509,instagram,@creator509_instagram,vendor_a,280789,vendor_a,0.7023743807627791,vendor_a,0.07107191492121133,vendor_a,0.03447754423106003,vendor_a,mid,58.3,instagram,47.1,instagram · mid,7.2,instagram
CR00509,tiktok,@creator509_tiktok,vendor_b,12480.0,vendor_b,0.6629006410256411,vendor_b,0.07401032702237521,vendor_b,0.31268436578171094,vendor_b,micro,2.7,tiktok,41.9,tiktok · micro,93.5,tiktok
CR00509,youtube,@creator509_youtube,vendor_a,50164,vendor_a,2.716210828482577,vendor_a,0.11557364289367758,vendor_a,0.07654600301659126,vendor_a,micro,85.7,youtube,61.3,youtube · micro,42.5,youtube
CR00510,instagram,,,,,,,,,,,,,,,,,
CR00510,tiktok,@creator510_tiktok,vendor_b,10970.0,vendor_b,1.3375569735642663,vendor_b,,,,,micro,11.4,tiktok,,,,
CR00510,youtube,@creator510_youtube,vendor_a,129088,vendor_a,0.9326893282102132,vendor_a,0.18146456649673717,vendor_a,0.16133876850461273,vendor_a,mid,34.0,youtube,88.6,youtube · mid,73.3,youtube
CR00511,instagram,@creator511_instagram,vendor_a,22369,vendor_a,0.44217443783807947,vendor_a,0.1400540237500637,vendor_a,0.016100178890876567,vendor_a,micro,35.5,instagram,73.4,instagram · micro,4.1,instagram
CR00511,tiktok,https://www.tiktok.com/@creator511_tiktok,vendor_b,57070.0,vendor_b,3.1133695461713686,vendor_b,,,0.16371503320587644,vendor_b,micro,49.5,tiktok,,,62.2,tiktok
CR00511,youtube,@creator511_youtube,vendor_a,8681,vendor_a,3.3051491763621703,vendor_a,0.09636271785804496,vendor_a,0.07777777777777778,vendor_a,nano,90.9,youtube,46.7,youtube · nano,43.4,youtube
CR00512,tiktok,,,3917,vendor_c,2.8302272147051313,vendor_c,0.11627244229125107,vendor_c,,,nano,45.2,tiktok,43.8,tiktok · nano,,
CR00512,youtube,@creator512_youtube,vendor_b,99720.0,vendor_b,1.4327617328519855,vendor_b,0.048139583771284425,vendor_b,0.2693246541903987,vendor_b,micro,56.8,youtube,29.4,youtube · micro,94.9,youtube
CR00515,youtube,@creator515_youtube,vendor_a,66815,vendor_a,1.6221956147571652,vendor_a,0.1700376499430873,vendor_a,0.30681124007330485,vendor_a,micro,63.7,youtube,86.2,youtube · micro,96.4,youtube
CR00517,instagram,@creator517_instagram,vendor_a,3325,vendor_a,0.30105263157894735,vendor_a,0.1569241475295755,vendor_a,0.06666666666666667,vendor_a,nano,18.6,instagram,75.9,instagram · nano,19.1,instagram
CR00517,tiktok,@creator517_tiktok,vendor_b,107250.0,vendor_b,5.660745920745921,vendor_b,0.049207591469379766,vendor_b,,,mid,79.9,tiktok,30.5,tiktok · mid,,
CR00518,youtube,@creator518_youtube,vendor_a,631718,vendor_a,1.9592492219629645,vendor_a,-0.04730751771637809,vendor_a,0.09655440079347967,vendor_a,mid,72.4,youtube,4.8,youtube · mid,52.8,youtube
CR00519,instagram,,,76940.0,vendor_b,1.243228489732259,vendor_b,0.07759103641456583,vendor_b,0.009587923296613628,vendor_b,micro,84.0,instagram,44.0,instagram · micro,2.5,instagram
CR00519,tiktok,@creator519_tiktok,vendor_b,48500.0,vendor_b,2.602061855670103,vendor_b,0.03016142735768904,vendor_b,0.03557191045691506,vendor_b,micro,40.2,tiktok,20.3,tiktok · micro,8.5,tiktok
CR00519,youtube,,,,,,,,,,,,,,,,,
CR00520,youtube,,,,,,,,,,,,,,,,,
CR00522,instagram,,,,,,,,,,,,,,,,,
CR00522,tiktok,,,,,,,,,,,,,,,,,
CR00522,youtube,@creator522_youtube,vendor_a,323115,vendor_a,1.0077805115825635,vendor_a,0.06930820856995354,vendor_a,0.02943534532126904,vendor_a,mid,38.2,youtube,44.6,youtube · mid,18.7,youtube
CR00523,instagram,@creator523_instagram,vendor_b,243210.0,vendor_b,0.28145635459068297,vendor_b,0.08252103084523968,vendor_b,0.07172995780590717,vendor_b,mid,17.1,instagram,52.9,instagram · mid,22.7,instagram
CR00523,tiktok,@creator523_tiktok,vendor_a,154067,vendor_a,2.6600699695586987,vendor_a,0.06188657917953242,vendor_a,0.10475552578700603,vendor_a,mid,41.2,tiktok,37.1,tiktok · mid,35.0,tiktok
CR00523,youtube,@creator523_youtube,vendor_a,32500,vendor_a,1.6984307692307692,vendor_a,-0.06976073796483136,vendor_b,0.15192926045016078,vendor_a,micro,65.2,youtube,1.1,youtube · micro,71.4,youtube
CR00525,instagram,@creator525_instagram,vendor_b,172590.0,vendor_b,0.5923228460513356,vendor_b,-0.04935279537317543,vendor_b,,"n/a (likes hidden, vendor_b)",mid,48.5,instagram,5.8,instagram · mid,,
CR00525,tiktok,@creator525_tiktok,vendor_b,22210.0,vendor_b,3.569293111211166,vendor_b,0.10607569721115538,vendor_b,0.25719424460431656,vendor_b,micro,56.0,tiktok,58.5,tiktok · micro,85.0,tiktok
CR00525,youtube,@creator525_youtube,vendor_a,9535,vendor_a,1.8072364971158887,vendor_a,0.05885619100499723,vendor_a,0.14933837429111532,vendor_a,nano,68.3,youtube,32.0,youtube · nano,70.9,youtube
CR00526,instagram,,,,,,,,,,,,,,,,,
CR00526,tiktok,https://www.tiktok.com/@creator526_tiktok,vendor_b,28010.0,vendor_b,4.737593716529811,vendor_b,-0.22022617671113118,vendor_c,,,micro,70.8,tiktok,0.4,tiktok · micro,,
CR00526,youtube,@creator526_youtube,vendor_a,19615,vendor_a,0.12332398674483813,vendor_a,0.08101405345825297,vendor_a,0.17857142857142858,vendor_a,micro,0.2,youtube,44.7,youtube · micro,78.9,youtube
CR00527,instagram,@creator527_instagram,vendor_b,67630.0,vendor_b,0.5187934348661837,vendor_b,0.0767393727113517,vendor_b,0.12562814070351758,vendor_b,micro,43.4,instagram,42.9,instagram · micro,46.5,instagram
CR00527,tiktok,@creator527_tiktok,vendor_b,168060.0,vendor_b,3.138200642627633,vendor_b,0.02688500549920567,vendor_b,0.2155283671467658,vendor_b,mid,50.3,tiktok,20.5,tiktok · mid,74.9,tiktok
CR00527,youtube,@creator527_youtube,vendor_a,125742,vendor_a,0.6775460864309459,vendor_a,0.16927969647938404,vendor_a,0.21732851985559568,vendor_a,mid,20.0,youtube,83.7,youtube · mid,86.1,youtube
CR00528,instagram,,,36590.0,vendor_b,0.8690079256627494,vendor_b,0.10377073906485672,vendor_b,0.19164072921298356,vendor_b,micro,69.0,instagram,57.1,instagram · micro,68.0,instagram
CR00529,instagram,@creator529_instagram,vendor_a,131571,vendor_a,0.7099436805983081,vendor_a,0.07873376623376624,vendor_a,0.1641025641025641,vendor_b,mid,59.2,instagram,50.7,instagram · mid,59.4,instagram
CR00529,tiktok,,,,,,,,,,,,,,,,,
CR00529,youtube,@creator529_youtube,vendor_a,6450,vendor_a,0.8362790697674418,vendor_a,0.17144932800581184,vendor_a,0.10062893081761007,vendor_a,nano,28.5,youtube,85.3,youtube · nano,55.6,youtube
CR00530,instagram,@creator530_instagram,vendor_b,16320.0,vendor_b,0.2713235294117647,vendor_b,,,,"n/a (likes hidden, vendor_b)",micro,15.4,instagram,,,,
CR00530,tiktok,@creator530_tiktok,vendor_a,19216,vendor_a,3.777529142381349,vendor_a,0.13502658003544005,vendor_a,0.04954304954304954,vendor_a,micro,59.2,tiktok,71.8,tiktok · micro,13.2,tiktok
CR00530,youtube,@creator530_youtube,vendor_b,23970.0,vendor_b,2.5105131414267836,vendor_b,0.11748251748251748,vendor_b,0.03289296306282017,vendor_b,micro,82.9,youtube,63.8,youtube · micro,20.8,youtube
CR00533,instagram,@creator533_instagram,vendor_c,225775,vendor_c,0.8654944081497066,vendor_c,0.11874476614257895,vendor_c,,"n/a (likes hidden, vendor_c)",mid,68.6,instagram,65.9,instagram · mid,,
CR00533,tiktok,@creator533_tiktok,vendor_a,148314,vendor_a,1.465080841997384,vendor_a,0.0956598825397998,vendor_a,0.07575040242401287,vendor_a,mid,14.0,tiktok,62.9,tiktok · mid,22.8,tiktok
CR00535,instagram,https://www.instagram.com/creator535_instagram/,vendor_b,163920.0,vendor_b,0.34730966325036605,vendor_b,0.0925086643561717,vendor_b,0.12313273580879215,vendor_b,mid,24.1,instagram,57.2,instagram · mid,44.8,instagram
CR00535,tiktok,@creator535_tiktok,vendor_a,208259,vendor_a,2.9698836544879215,vendor_a,0.0828324528929745,vendor_a,0.162878232389891,vendor_a,mid,47.1,tiktok,50.3,tiktok · mid,61.7,tiktok
CR00535,youtube,@creator535_youtube,vendor_a,820481,vendor_a,2.7053216345046383,vendor_a,0.29012329178531726,vendor_a,0.0002724973840251134,vendor_a,mid,85.4,youtube,97.6,youtube · mid,1.3,youtube
CR00538,tiktok,@creator538_tiktok,vendor_b,433350.0,vendor_b,2.419190031152648,vendor_b,0.048638838475499095,vendor_b,,,mid,36.4,tiktok,29.8,tiktok · mid,,
CR00538,youtube,@creator538_youtube,vendor_a,48113,vendor_a,0.2598050422962609,vendor_a,0.05420802383926028,vendor_a,0.3106060606060606,vendor_a,micro,3.2,youtube,32.3,youtube · micro,96.6,youtube
CR00539,instagram,,,,,,,,,,,,,,,,,
CR00539,tiktok,,,,,,,,,,,,,,,,,
CR00540,instagram,,,,,,,,,,,,,,,,,
CR00540,tiktok,,,,,,,,,,,,,,,,,
CR00540,youtube,@creator540_youtube,vendor_a,67549,vendor_a,0.6015337014611615,vendor_a,0.08764048562135704,vendor_a,0.004973062577704103,vendor_a,micro,16.5,youtube,49.3,youtube · micro,5.0,youtube
CR00541,instagram,@creator541_instagram,vendor_a,24216,vendor_a,0.4016352824578791,vendor_a,0.13861199924769607,vendor_a,0.10726643598615918,vendor_a,micro,29.5,instagram,73.0,instagram · micro,38.7,instagram
CR00541,tiktok,@creator541_tiktok,vendor_a,22502,vendor_a,9.80761710070216,vendor_a,0.1869395505855048,vendor_a,0.4319293767283557,vendor_a,micro,95.8,tiktok,91.3,tiktok · micro,98.7,tiktok
CR00542,instagram,https://www.instagram.com/creator542_instagram/,vendor_b,442170.0,vendor_b,1.1655200488499897,vendor_b,-0.07580887885628292,vendor_b,,,mid,81.2,instagram,4.3,instagram · mid,,
CR00542,tiktok,@creator542_tiktok,vendor_b,2142140.0,vendor_b,6.902025544548909,vendor_b,0.02408987689733477,vendor_b,0.113377588311797,vendor_b,macro,86.5,tiktok,25.0,tiktok · macro,37.8,tiktok
CR00542,youtube,,,,,,,,,,,,,,,,,
CR00544,instagram,@creator544_instagram,vendor_a,156604,vendor_a,0.342117698143087,vendor_a,0.1983043584720862,vendor_a,0.13903743315508021,vendor_a,mid,23.7,instagram,92.8,instagram · mid,51.7,instagram
CR00546,instagram,@creator546_instagram,vendor_b,86450.0,vendor_b,1.379120879120879,vendor_b,0.16055846422338568,vendor_b,,,micro,86.8,instagram,81.7,instagram · micro,,
CR00546,tiktok,@creator546_tiktok,vendor_b,132680.0,vendor_b,1.924894482966536,vendor_b,0.11308724832214766,vendor_b,0.003429111978242876,vendor_b,mid,24.7,tiktok,66.9,tiktok · mid,0.5,tiktok
CR00546,youtube,@creator546_youtube,vendor_a,61488,vendor_a,,,0.1726518546772194,vendor_a,0.09884510869565218,vendor_a,micro,,,88.3,youtube · micro,53.9,youtube
CR00550,instagram,@creator550_instagram,vendor_b,43420.0,vendor_b,0.8397973284200829,vendor_b,0.010002326122354036,vendor_b,0.07659073055773763,vendor_b,micro,66.9,instagram,10.7,instagram · micro,24.3,instagram
CR00550,tiktok,@creator550_tiktok,vendor_b,152950.0,vendor_b,3.033324615887545,vendor_b,0.11862795289987567,vendor_b,0.19442386692706579,vendor_b,mid,47.8,tiktok,70.9,tiktok · mid,69.9,tiktok
CR00550,youtube,,,,,,,,,,,,,,,,,
CR00551,instagram,@creator551_instagram,vendor_a,34380,vendor_a,0.05977312390924956,vendor_a,0.2361126092115198,vendor_a,0.10975609756097561,vendor_a,micro,0.4,instagram,96.4,instagram · micro,39.8,instagram
CR00551,tiktok,@creator551_tiktok,vendor_a,58298,vendor_a,2.724553157912793,vendor_a,0.10475649043016866,vendor_a,0.06097173705938393,vendor_a,micro,42.7,tiktok,57.3,tiktok · micro,18.1,tiktok
CR00551,youtube,@creator551_youtube,vendor_a,476009,vendor_a,1.9868216777413872,vendor_a,-0.11831408540707743,vendor_a,0.0678737067427756,vendor_a,mid,73.8,youtube,2.4,youtube · mid,38.7,youtube
CR00552,instagram,,,,,,,,,,,,,,,,,
CR00552,tiktok,@creator552_tiktok,vendor_c,19994,vendor_c,6.859357807342203,vendor_c,0.03536844285640309,vendor_c,,,micro,85.6,tiktok,23.2,tiktok · micro,,
CR00552,youtube,@creator552_youtube,vendor_a,798,vendor_a,1.5325814536340852,vendor_a,0.1615720524017467,vendor_a,0.16666666666666666,vendor_a,nano,60.3,youtube,81.3,youtube · nano,75.8,youtube
CR00553,instagram,,,,,,,,,,,,,,,,,
CR00553,tiktok,@creator553_tiktok,vendor_b,90030.0,vendor_b,,,0.04455273233553777,vendor_b,,,micro,,,25.7,tiktok · micro,,
CR00553,youtube,@creator553_youtube,vendor_a,27314,vendor_a,1.9024309877718386,vendor_a,0.03517016599711968,vendor_a,0.19315068493150686,vendor_a,micro,70.3,youtube,23.4,youtube · micro,81.3,youtube
CR00557,instagram,@creator557_instagram,vendor_b,12600.0,vendor_b,0.48293650793650794,vendor_b,0.09565217391304348,vendor_b,0.011320754716981131,vendor_b,micro,38.9,instagram,53.2,instagram · micro,2.8,instagram
CR00557,tiktok,,,,,,,,,,,,,,,,,
CR00557,youtube,@creator557_youtube,vendor_c,970324,vendor_c,2.753835832155033,vendor_c,-0.025178172086004827,vendor_c,0.16373616842000918,vendor_c,mid,86.3,youtube,8.4,youtube · mid,74.7,youtube
CR00559,instagram,,,7430.0,vendor_b,0.9074024226110363,vendor_b,0.08309037900874636,vendor_b,0.27505827505827507,vendor_b,nano,71.8,instagram,51.9,instagram · nano,86.5,instagram
CR00559,tiktok,@creator559_tiktok,vendor_a,12529,vendor_a,1.756884029052598,vendor_a,0.11033321517192485,vendor_a,0.15203426124197003,vendor_a,micro,21.4,tiktok,59.8,tiktok · micro,57.8,tiktok
CR00563,youtube,,,,,,,,,,,,,,,,,
CR00566,instagram,@creator566_instagram,vendor_a,10734,vendor_a,0.3596049934786659,vendor_a,0.2132926415734147,vendor_a,0.3516483516483517,vendor_a,micro,25.6,instagram,94.4,instagram · micro,96.1,instagram
CR00566,tiktok,@creator566_tiktok,vendor_b,836050.0,vendor_b,7.621260690150111,vendor_b,0.05601869394972843,vendor_b,0.28337938898246107,vendor_b,mid,89.9,tiktok,34.4,tiktok · mid,88.3,tiktok
CR00566,youtube,@creator566_youtube,vendor_a,27715,vendor_a,1.9762944254014072,vendor_a,0.12456887806857375,vendor_a,0.035175879396984924,vendor_a,micro,73.4,youtube,67.7,youtube · micro,22.1,youtube
CR00568,youtube,,,,,,,,,,,,,,,,,
CR00569,instagram,@creator569_instagram,vendor_b,62940.0,vendor_b,0.5517318080711789,vendor_b,0.007846277021617293,vendor_b,0.03334856098675194,vendor_b,micro,45.1,instagram,10.3,instagram · micro,6.6,instagram
CR00569,tiktok,@creator569_tiktok,vendor_c,23172,vendor_c,1.731572587605731,vendor_c,0.05250726744186047,vendor_c,,,micro,20.3,tiktok,29.9,tiktok · micro,,
CR00569,youtube,@creator569_youtube,vendor_a,77424,vendor_a,1.5883963628848936,vendor_a,-0.026431607273093075,vendor_a,0.16915372035977105,vendor_a,micro,62.2,youtube,6.0,youtube · micro,76.8,youtube
CR00570,instagram,,,,,,,,,,,,,,,,,
CR00570,tiktok,@creator570_tiktok,vendor_b,18720.0,vendor_b,6.600373931623932,vendor_b,0.048152295632698766,vendor_b,0.1199421965317919,vendor_b,micro,84.1,tiktok,27.4,tiktok · micro,42.0,tiktok
CR00570,youtube,@creator570_youtube,vendor_a,9906,vendor_a,0.7158287906319403,vendor_a,0.2336239103362391,vendor_a,0.056179775280898875,vendor_a,nano,21.5,youtube,94.7,youtube · nano,34.7,youtube
CR00571,tiktok,@creator571_tiktok,vendor_b,1750.0,vendor_b,1.534857142857143,vendor_b,,,0.00684931506849315,vendor_b,nano,15.0,tiktok,,,1.3,tiktok
CR00571,youtube,@creator571_youtube,vendor_a,209310,vendor_a,0.9385409201662606,vendor_a,0.09316815601318215,vendor_a,0.10722325850646428,vendor_a,mid,34.6,youtube,53.6,youtube · mid,58.1,youtube
CR00573,tiktok,@creator573_tiktok,vendor_b,92840.0,vendor_b,0.8320336062042223,vendor_b,,,,,micro,4.0,tiktok,,,,
CR00574,instagram,@creator574_instagram,vendor_a,7236,vendor_a,0.6835268103924821,vendor_a,0.09206157561122849,vendor_a,0.048034934497816595,vendor_a,nano,57.3,instagram,61.1,instagram · nano,12.7,instagram
CR00574,tiktok,https://www.tiktok.com/@creator574_tiktok,vendor_b,113240.0,vendor_b,2.485146591310491,vendor_b,0.13809045226130653,vendor_b,0.06285626251733169,vendor_b,mid,38.1,tiktok,78.8,tiktok · mid,19.2,tiktok
CR00574,youtube,,,146491,vendor_a,1.4626017980626795,vendor_a,0.10887304326762952,vendor_a,0.0035898908673176336,vendor_a,mid,57.6,youtube,62.7,youtube · mid,3.4,youtube
CR00576,instagram,@creator576_instagram,vendor_a,539540.0,vendor_b,1.7999536642324943,vendor_b,0.04190483547041557,vendor_b,0.13305616338439097,vendor_a,mid,91.0,instagram,27.5,instagram · mid,49.7,instagram
CR00576,tiktok,@creator576_tiktok,vendor_c,2368864,vendor_c,1.5462647919002526,vendor_c,0.1467820001529776,vendor_c,,,macro,15.6,tiktok,75.0,tiktok · macro,,
CR00576,youtube,@creator576_youtube,vendor_a,237384,vendor_a,4.48810787584673,vendor_a,0.14251061249241964,vendor_a,0.001161324573627978,vendor_a,mid,96.4,youtube,78.3,youtube · mid,2.1,youtube
CR00579,instagram,@creator579_instagram,vendor_a,10484,vendor_a,0.5811713086608165,vendor_a,0.1854364540931705,vendor_a,0.23968565815324164,vendor_a,micro,47.2,instagram,88.5,instagram · micro,79.8,instagram
CR00579,youtube,@creator579_youtube,vendor_a,8488,vendor_a,1.258718190386428,vendor_a,0.04160019634310958,vendor_a,0.027932960893854747,vendor_a,nano,51.3,youtube,22.7,youtube · nano,17.7,youtube
CR00581,instagram,,,,,,,,,,,,,,,,,
CR00581,tiktok,,,,,,,,,,,,,,,,,
CR00581,youtube,@creator581_youtube,vendor_b,91030.0,vendor_b,7.597264638031418,vendor_b,0.03797035347776511,vendor_b,,,micro,99.2,youtube,25.5,youtube · micro,,
CR00583,instagram,@creator583_instagram,vendor_b,116090.0,vendor_b,0.4269101559135154,vendor_b,0.046138596016941515,vendor_b,0.29839189994044074,vendor_b,mid,34.0,instagram,30.4,instagram · mid,90.9,instagram
CR00583,tiktok,@creator583_tiktok,vendor_b,75280.0,vendor_b,1.7541710945802338,vendor_b,0.146163215590743,vendor_b,0.28072870939420547,vendor_b,micro,21.1,tiktok,78.0,tiktok · micro,87.8,tiktok
CR00583,youtube,@creator583_youtube,vendor_a,276997,vendor_a,0.9399307573728235,vendor_a,0.04212565838976674,vendor_a,0.11932796574673059,vendor_a,mid,34.8,youtube,30.7,youtube · mid,63.2,youtube
CR00584,instagram,@creator584_instagram,vendor_a,242652,vendor_a,0.6948098511448494,vendor_a,0.07438499548376813,vendor_a,0.2316522537690365,vendor_a,mid,57.9,instagram,49.3,instagram · mid,78.5,instagram
CR00584,tiktok,@creator584_tiktok,vendor_c,,,,,,,,,,,,,,,
CR00584,youtube,@creator584_youtube,vendor_a,22547,vendor_a,1.2838958619772032,vendor_a,0.12465083798882681,vendor_a,0.048824593128390596,vendor_a,micro,52.3,youtube,68.1,youtube · micro,30.3,youtube
CR00587,instagram,@creator587_instagram,vendor_b,3350.0,vendor_b,0.7035820895522388,vendor_b,0.3188976377952756,vendor_b,,,nano,58.5,instagram,100.0,instagram · nano,,
CR00587,tiktok,https://www.tiktok.com/@creator587_tiktok,vendor_b,301450.0,vendor_b,1.770771272184442,vendor_b,0.16786765845343252,vendor_b,0.2746294348283447,vendor_b,mid,21.6,tiktok,89.4,tiktok · mid,86.5,tiktok
CR00587,youtube,@creator587_youtube,vendor_a,115950,vendor_a,0.6339801638637343,vendor_a,0.04963473254456082,vendor_a,0.03571428571428571,vendor_a,mid,18.1,youtube,35.5,youtube · mid,23.0,youtube
CR00588,instagram,@creator588_instagram,vendor_a,8081,vendor_a,3.347729241430516,vendor_a,0.05703073904512754,vendor_a,0.059947545897339825,vendor_a,nano,98.9,instagram,31.5,instagram · nano,17.4,instagram
CR00588,tiktok,,,,,,,,,,,,,,,,,
CR00588,youtube,@creator588_youtube,vendor_a,125890,vendor_a,0.5499086504090873,vendor_a,0.04499912840647802,vendor_a,0.22165532879818595,vendor_a,mid,13.7,youtube,31.3,youtube · mid,87.6,youtube
CR00589,tiktok,@creator589_tiktok,vendor_a,12208,vendor_a,9.215022935779816,vendor_a,0.037918721305900356,vendor_a,0.16200974109202768,vendor_a,micro,94.3,tiktok,24.5,tiktok · micro,61.4,tiktok
CR00589,youtube,@creator589_youtube,vendor_a,107042,vendor_a,1.372096933913791,vendor_a,0.1654762423239406,vendor_a,0.08401003986416654,vendor_a,mid,54.6,youtube,82.5,youtube · mid,46.5,youtube
CR00591,instagram,@creator591_instagram,vendor_a,79114,vendor_a,1.2150567535455166,vendor_a,0.043940673493085614,vendor_a,0.24972079517534063,vendor_a,micro,83.1,instagram,25.8,instagram · micro,80.9,instagram
CR00591,tiktok,,,,,,,,,,,,,,,,,
CR00592,tiktok,@creator592_tiktok,vendor_a,85521,vendor_a,4.566398896177547,vendor_a,0.1963990934780784,vendor_a,0.02440790903165061,vendor_a,micro,69.1,tiktok,93.8,tiktok · micro,3.9,tiktok
CR00593,instagram,@creator593_instagram,vendor_c,57159,vendor_c,1.115817281617943,vendor_c,,,,,micro,80.1,instagram,,,,
CR00593,tiktok,@creator593_tiktok,vendor_b,216940.0,vendor_b,5.053913524476814,vendor_b,,,,,mid,73.4,tiktok,,,,
CR00593,youtube,,,,,,,,,,,,,,,,,
CR00594,instagram,@creator594_instagram,vendor_a,137090,vendor_a,1.0159238456488437,vendor_a,0.02700677978799116,vendor_a,0.1323553382233089,vendor_a,mid,75.9,instagram,23.2,instagram · mid,49.2,instagram
CR00595,instagram,,,,,,,,,,,,,,,,,
CR00596,instagram,https://www.instagram.com/creator596_instagram/,vendor_b,,,,,,,,"n/a (likes hidden, vendor_b)",,,,,,,
CR00596,tiktok,@creator596_tiktok,vendor_a,19010,vendor_a,8.148605996843767,vendor_a,0.05616978721040058,vendor_a,0.24195575666163902,vendor_a,micro,90.9,tiktok,32.4,tiktok · micro,81.3,tiktok
CR00596,youtube,https://youtube.com/@creator596_youtube,vendor_b,576960.0,vendor_b,,,0.03885627858403255,vendor_b,0.020454069889098137,vendor_b,mid,,,29.5,youtube · mid,12.8,youtube
CR00598,tiktok,https://www.tiktok.com/@creator598_tiktok,vendor_b,89110.0,vendor_b,,,0.2440318302387268,vendor_b,,,micro,,,97.9,tiktok · micro,,
CR00601,instagram,,,,,,,,,,,,,,,,,
CR00601,tiktok,@creator601_tiktok,vendor_a,22098,vendor_a,2.373698977283012,vendor_a,-0.016555407209612818,vendor_a,0.11924882629107982,vendor_a,micro,34.5,tiktok,9.5,tiktok · micro,41.5,tiktok
CR00601,youtube,@creator601_youtube,vendor_a,310666,vendor_a,2.393557711497235,vendor_a,0.011934775669213882,vendor_a,0.013478936306314538,vendor_a,mid,80.6,youtube,18.1,youtube · mid,8.8,youtube
CR00602,tiktok,@creator602_tiktok,vendor_b,2560.0,vendor_b,0.509765625,vendor_b,,,0.030303030303030304,vendor_b,nano,0.6,tiktok,,,6.5,tiktok
CR00604,instagram,@creator604_instagram,vendor_b,,,,,,,0.15546218487394958,vendor_b,,,,,,57.5,instagram
CR00604,tiktok,@creator604_tiktok,vendor_b,29140.0,vendor_b,10.393273850377488,vendor_b,0.07607090103397342,vendor_b,0.028294573643410852,vendor_b,micro,97.3,tiktok,43.2,tiktok · micro,6.0,tiktok
CR00605,instagram,https://www.instagram.com/creator605_instagram/,vendor_b,40920.0,vendor_b,0.9457478005865103,vendor_b,0.10954446854663774,vendor_b,0.1822477219034762,vendor_b,micro,73.5,instagram,59.1,instagram · micro,64.9,instagram
CR00605,tiktok,@creator605_tiktok,vendor_b,115600.0,vendor_b,1.6179325259515571,vendor_b,0.05599707682470083,vendor_b,0.16829484902309058,vendor_b,mid,18.0,tiktok,33.8,tiktok · mid,63.0,tiktok
CR00605,youtube,@creator605_youtube,vendor_a,19172,vendor_a,1.2277800959732943,vendor_a,0.10348797053067803,vendor_a,0.01609517144856543,vendor_a,micro,49.8,youtube,55.7,youtube · micro,10.5,youtube
CR00609,instagram,@creator609_instagram,vendor_b,37770.0,vendor_b,0.16023298914482392,vendor_b,0.050333704115684094,vendor_b,,,micro,5.6,instagram,28.2,instagram · micro,,
CR00609,tiktok,@creator609_tiktok,vendor_c,126357,vendor_c,,,-0.009143448632795653,vendor_c,,,mid,,,7.9,tiktok · mid,,
CR00609,youtube,@creator609_youtube,vendor_a,503960,vendor_a,2.102815699658703,vendor_a,0.010855524442982422,vendor_a,0.14814814814814814,vendor_a,mid,76.0,youtube,16.3,youtube · mid,70.7,youtube
CR00610,instagram,@creator610_instagram,vendor_b,842150.0,vendor_b,0.46945912248411803,vendor_b,0.08159307492743571,vendor_b,0.12306446715919442,vendor_b,mid,37.4,instagram,52.2,instagram · mid,44.5,instagram
CR00610,tiktok,@creator610_tiktok,vendor_a,123044,vendor_a,1.9854279769838432,vendor_a,0.049962027152719114,vendor_a,0.08558145225423625,vendor_a,mid,26.2,tiktok,31.1,tiktok · mid,26.7,tiktok
CR00610,youtube,@creator610_youtube,vendor_a,33231,vendor_a,1.1103788631097469,vendor_a,0.11622048302038897,vendor_a,0.20961995249406176,vendor_a,micro,44.3,youtube,62.4,youtube · micro,85.0,youtube
CR00613,instagram,https://www.instagram.com/creator613_instagram/,vendor_b,17530.0,vendor_b,0.9656018254420993,vendor_b,0.026947861745752782,vendor_b,0.07542147293700088,vendor_b,micro,74.4,instagram,15.9,instagram · micro,23.8,instagram
CR00613,tiktok,@creator613_tiktok,vendor_b,,,,,,,0.14170506912442396,vendor_b,,,,,,52.5,tiktok
CR00613,youtube,@creator613_youtube,vendor_a,49204,vendor_a,0.9111251117795302,vendor_a,0.170687604092315,vendor_a,0.0519893899204244,vendor_a,micro,32.5,youtube,87.2,youtube · micro,32.6,youtube
CR00615,instagram,@creator615_instagram,vendor_b,10600.0,vendor_b,0.8524528301886792,vendor_b,,,,"n/a (likes hidden, vendor_b)",micro,67.3,instagram,,,,
CR00615,tiktok,@creator615_tiktok,vendor_c,78796,vendor_c,5.557337935935834,vendor_c,0.12082159824756053,vendor_c,,,micro,78.2,tiktok,64.7,tiktok · micro,,
CR00615,youtube,@creator615_youtube,vendor_a,243361,vendor_a,0.24596381507308074,vendor_a,0.11208547156964443,vendor_a,0.16597724922440538,vendor_a,mid,2.5,youtube,64.5,youtube · mid,75.4,youtube
CR00616,instagram,@creator616_instagram,vendor_c,55040.0,vendor_b,0.22301962209302326,vendor_b,0.12717591644480852,vendor_b,,,micro,11.1,instagram,65.5,instagram · micro,,
CR00616,tiktok,@creator616_tiktok,vendor_c,65500.0,vendor_b,3.3187786259541983,vendor_b,-0.03704792708027051,vendor_b,0.11579964567563214,vendor_b,micro,52.4,tiktok,5.4,tiktok · micro,39.4,tiktok
CR00616,youtube,@creator616_youtube,vendor_a,11283,vendor_a,3.289550651422494,vendor_a,0.10336397418345394,vendor_a,0.0300240192153723,vendor_a,micro,90.7,youtube,55.3,youtube · micro,19.4,youtube
CR00618,instagram,@creator618_instagram,vendor_a,211367,vendor_a,0.24123444057019308,vendor_a,0.22409539473684212,vendor_a,0.13404565322972317,vendor_a,mid,12.4,instagram,97.1,instagram · mid,50.6,instagram
CR00618,tiktok,@creator618_tiktok,vendor_b,663260.0,vendor_b,0.6575339987335284,vendor_b,0.0037683308866927976,vendor_b,,,mid,2.5,tiktok,11.3,tiktok · mid,,
CR00618,youtube,@creator618_youtube,vendor_a,520369,vendor_a,0.5025472309072985,vendor_a,0.16512173605420244,vendor_a,0.04207367306108038,vendor_a,mid,11.6,youtube,81.9,youtube · mid,26.9,youtube
CR00620,instagram,@creator620_instagram,vendor_a,870805,vendor_a,2.1788551972025885,vendor_a,0.1491603708224737,vendor_a,0.14895663414484012,vendor_a,mid,94.4,instagram,78.3,instagram · mid,54.7,instagram
CR00620,tiktok,@creator620_tiktok,vendor_a,,,,,,,,,,,,,,,
CR00620,youtube,@creator620_youtube,vendor_a,6179,vendor_a,2.5191778604952257,vendor_a,0.24752675146375933,vendor_a,,,nano,83.1,youtube,96.0,youtube · nano,,
CR00621,instagram,@creator621_instagram,vendor_c,4317,vendor_c,0.3282372017604818,vendor_c,0.21434599156118145,vendor_c,,,nano,21.4,instagram,94.4,instagram · nano,,
CR00621,tiktok,@creator621_tiktok,vendor_b,15930.0,vendor_b,2.900062774639046,vendor_b,0.15854545454545454,vendor_b,,,micro,45.7,tiktok,83.0,tiktok · micro,,
CR00621,youtube,@creator621_youtube,vendor_a,101839,vendor_a,1.9345241017684778,vendor_a,0.0476940012139543,vendor_a,0.25175892175976944,vendor_b,mid,71.1,youtube,32.5,youtube · mid,92.4,youtube
CR00622,instagram,@creator622_instagram,vendor_a,190946,vendor_a,0.8668419343688791,vendor_a,0.04523707863938429,vendor_a,0.12789115646258503,vendor_a,mid,68.8,instagram,29.7,instagram · mid,47.5,instagram
CR00622,tiktok,@creator622_tiktok,vendor_b,49410.0,vendor_b,3.703137016798219,vendor_b,0.05105296745373325,vendor_b,,,micro,58.1,tiktok,28.6,tiktok · micro,,
CR00622,youtube,@creator622_youtube,vendor_a,82851,vendor_a,1.4746231186105176,vendor_a,-0.00997535500528107,vendor_b,0.020959902794653706,vendor_a,micro,58.2,youtube,8.9,youtube · micro,13.1,youtube
CR00623,youtube,@creator623_youtube,vendor_a,355955,vendor_a,0.8913008666825862,vendor_a,0.08433276165119673,vendor_a,0.22191011235955055,vendor_a,mid,31.6,youtube,50.6,youtube · mid,87.8,youtube
CR00624,tiktok,@creator624_tiktok,vendor_b,13030.0,vendor_b,4.92233307751343,vendor_b,0.05677210056772101,vendor_b,0.05077262693156733,vendor_b,micro,71.9,tiktok,33.6,tiktok · micro,13.7,tiktok
CR00625,instagram,@creator625_instagram,vendor_a,2114,vendor_a,0.22185430463576158,vendor_a,0.04498269896193772,vendor_a,,,nano,10.7,instagram,24.1,instagram · nano,,
CR00625,tiktok,@creator625_tiktok,vendor_b,110340.0,vendor_b,3.4838136668479245,vendor_b,0.14081885856079404,vendor_b,0.34166358595194085,vendor_b,mid,54.8,tiktok,79.5,tiktok · mid,95.3,tiktok
CR00625,youtube,@creator625_youtube,vendor_a,39202,vendor_a,2.031146370083159,vendor_a,0.06000054078901117,vendor_a,0.06844837531243991,vendor_a,micro,74.9,youtube,35.1,youtube · micro,39.6,youtube
CR00627,instagram,,,,,,,,,,,,,,,,,
CR00627,tiktok,@creator627_tiktok,vendor_a,191635,vendor_a,11.833746445064836,vendor_a,-0.04601775198004769,vendor_a,0.31299030523106436,vendor_a,mid,98.3,tiktok,2.6,tiktok · mid,93.8,tiktok
CR00627,youtube,@creator627_youtube,vendor_b,299930.0,vendor_b,1.9630213716533857,vendor_b,0.028848792535675082,vendor_b,0.02620420365455599,vendor_b,mid,72.8,youtube,25.9,youtube · mid,16.0,youtube
CR00628,instagram,@creator628_instagram,vendor_b,3690.0,vendor_b,0.4040650406504065,vendor_b,,,,,nano,29.7,instagram,,,,
CR00630,youtube,@creator630_youtube,vendor_a,545995,vendor_a,0.9152428135788789,vendor_a,0.03272403318365633,vendor_a,0.014689592062804027,vendor_a,mid,33.1,youtube,27.1,youtube · mid,9.5,youtube
CR00631,tiktok,@creator631_tiktok,vendor_b,3480.0,vendor_b,1.3520114942528736,vendor_b,0.15614617940199335,vendor_b,0.02666666666666667,vendor_b,nano,11.6,tiktok,77.1,tiktok · nano,4.7,tiktok
CR00634,tiktok,@creator634_tiktok,vendor_b,85280.0,vendor_b,2.4865384615384616,vendor_b,0.09039764735967268,vendor_b,0.18211169284467713,vendor_b,micro,38.3,tiktok,51.0,tiktok · micro,66.8,tiktok
CR00635,instagram,@creator635_instagram,vendor_c,637220,vendor_c,0.1437870751074982,vendor_c,-0.1367348957056212,vendor_c,,,mid,4.3,instagram,0.7,instagram · mid,,
CR00635,youtube,,,,,,,,,,,,,,,,,
CR00638,tiktok,@creator638_tiktok,vendor_a,16063,vendor_a,3.0817406462055654,vendor_a,-0.01138601674052191,vendor_a,0.09315194835139497,vendor_a,micro,48.8,tiktok,10.4,tiktok · micro,29.3,tiktok
CR00639,tiktok,,,,,,,,,,,,,,,,,
CR00639,youtube,@creator639_youtube,vendor_a,,,,,,,0.013411567476948869,vendor_a,,,,,,8.6,youtube
CR00641,instagram,@creator641_instagram,vendor_a,18992,vendor_a,1.9029591406908173,vendor_a,0.01204305659170841,vendor_a,,,micro,91.9,instagram,11.5,instagram · micro,,
CR00641,tiktok,@creator641_tiktok,vendor_b,109640.0,vendor_b,3.0017511856986503,vendor_b,0.27651647456048434,vendor_b,0.19932111337406652,vendor_b,mid,47.6,tiktok,100.0,tiktok · mid,71.0,tiktok
CR00641,youtube,,,,,,,,,,,,,,,,,
CR00645,instagram,@creator645_instagram,vendor_b,12640.0,vendor_b,1.8198575949367088,vendor_b,,,0.36231884057971014,vendor_b,micro,91.7,instagram,,,97.8,instagram
CR00645,tiktok,@creator645_tiktok,vendor_b,105120.0,vendor_b,9.241466894977169,vendor_b,0.1497320354369463,vendor_b,0.17463238746267534,vendor_b,mid,94.5,tiktok,82.1,tiktok · mid,65.3,tiktok
CR00648,instagram,,,,,,,,,,,,,,,,,
CR00648,tiktok,@creator648_tiktok,vendor_c,,,,,,,,,,,,,,,
CR00648,youtube,@creator648_youtube,vendor_a,194520,vendor_a,1.6527452190006169,vendor_a,6.899930958859603,vendor_a,0.03585170431397402,vendor_a,mid,64.3,youtube,100.0,youtube · mid,23.2,youtube
CR00655,instagram,@creator655_instagram,vendor_a,139458,vendor_a,0.2753660600324112,vendor_a,0.013746029207586122,vendor_a,0.10811554332874829,vendor_a,mid,16.2,instagram,16.7,instagram · mid,39.2,instagram
CR00655,youtube,@creator655_youtube,vendor_a,28917,vendor_a,1.508904796486496,vendor_a,-0.027411543118525495,vendor_a,0.12122577737719693,vendor_a,micro,58.7,youtube,5.7,youtube · micro,63.6,youtube
CR00657,tiktok,@creator657_tiktok,vendor_b,499820.0,vendor_b,0.9570325317114161,vendor_b,0.11316006325026169,vendor_b,0.07796917497733455,vendor_b,mid,4.9,tiktok,67.5,tiktok · mid,23.8,tiktok
CR00661,tiktok,@creator661_tiktok,vendor_c,9040,vendor_c,5.092035398230088,vendor_c,0.2292629861299973,vendor_c,,,nano,73.8,tiktok,95.8,tiktok · nano,,
CR00662,instagram,,,,,,,,,,,,,,,,,
CR00662,youtube,@creator662_youtube,vendor_a,111543,vendor_a,3.494033691042916,vendor_a,0.19508223067445224,vendor_a,0.12891723239388328,vendor_a,mid,92.2,youtube,89.8,youtube · mid,65.0,youtube
CR00663,instagram,,,,,,,,,,,,,,,,,
CR00663,tiktok,,,,,,,,,,,,,,,,,
CR00663,youtube,@creator663_youtube,vendor_a,789293,vendor_a,1.64067082819688,vendor_a,0.16501155722968924,vendor_a,0.21512357653072867,vendor_a,mid,63.9,youtube,81.3,youtube · mid,85.5,youtube
CR00668,youtube,@creator668_youtube,vendor_a,130530,vendor_a,2.2149161112387956,vendor_a,0.07518821765704024,vendor_a,0.31385152561203034,vendor_a,mid,78.7,youtube,47.0,youtube · mid,97.0,youtube
CR00669,instagram,@creator669_instagram,vendor_c,23155,vendor_c,0.5173828546750162,vendor_c,0.1807751147373789,vendor_c,,,micro,43.2,instagram,86.9,instagram · micro,,
CR00669,tiktok,@creator669_tiktok,vendor_a,45016,vendor_a,1.0578905278123334,vendor_a,0.056713615023474176,vendor_a,0.13708579210167954,vendor_a,micro,6.6,tiktok,33.2,tiktok · micro,50.8,tiktok
CR00670,instagram,@creator670_instagram,vendor_a,5145,vendor_a,1.0643343051506318,vendor_a,0.04086587092858588,vendor_a,0.08843537414965986,vendor_a,nano,78.6,instagram,20.4,instagram · nano,29.8,instagram
CR00670,tiktok,,,283650,vendor_c,6.4559809624537285,vendor_c,0.055426151796810465,vendor_c,,,mid,83.7,tiktok,32.5,tiktok · mid,,
CR00670,youtube,@creator670_youtube,vendor_c,58466,vendor_c,,,0.05190622694805779,vendor_c,0.0693233706932337,vendor_c,micro,,,30.5,youtube · micro,40.0,youtube
CR00673,instagram,@creator673_instagram,vendor_a,7886,vendor_a,0.4737509510524981,vendor_a,-0.04815932407966204,vendor_a,0.21568627450980393,vendor_a,nano,38.0,instagram,1.9,instagram · nano,74.9,instagram
CR00673,tiktok,@creator673_tiktok,vendor_a,429096,vendor_a,1.997697484945094,vendor_a,0.03827950328593966,vendor_a,0.3152968600996009,vendor_a,mid,26.4,tiktok,26.5,tiktok · mid,94.0,tiktok
CR00673,youtube,@creator673_youtube,vendor_a,82900.0,vendor_b,1.0489384800965018,vendor_b,0.08607362766933054,vendor_b,0.09106874059207225,vendor_a,micro,40.5,youtube,48.6,youtube · micro,49.5,youtube
CR00674,instagram,@creator674_instagram,vendor_a,106301,vendor_a,1.1364897790237156,vendor_a,-0.005482425365105205,vendor_a,0.20254045589002959,vendor_a,mid,80.6,instagram,11.6,instagram · mid,71.8,instagram
CR00674,tiktok,,,,,,,,,,,,,,,,,
CR00674,youtube,@creator674_youtube,vendor_c,61875,vendor_c,2.605591919191919,vendor_c,0.06822851026362585,vendor_c,0.0873220738992551,vendor_c,micro,84.2,youtube,38.3,youtube · micro,48.2,youtube
CR00676,instagram,@creator676_instagram,vendor_a,221280,vendor_a,1.4706209327548807,vendor_a,0.17546441149753783,vendor_a,0.0997395763417188,vendor_a,mid,87.8,instagram,89.1,instagram · mid,34.5,instagram
CR00676,tiktok,@creator676_tiktok,vendor_b,674090.0,vendor_b,1.8395510985180021,vendor_b,0.1331148092116322,vendor_b,0.09603378072688885,vendor_b,mid,23.3,tiktok,76.8,tiktok · mid,31.1,tiktok
CR00676,youtube,@creator676_youtube,vendor_c,95175,vendor_c,3.595103756238508,vendor_c,0.14207715845683086,vendor_c,0.08169107856191744,vendor_c,micro,93.2,youtube,74.1,youtube · micro,45.1,youtube
CR00680,tiktok,@creator680_tiktok,vendor_b,77740.0,vendor_b,3.1872781065088756,vendor_b,0.14155653450807637,vendor_b,0.07186395533473339,vendor_b,micro,51.4,tiktok,75.5,tiktok · micro,22.0,tiktok
CR00681,instagram,@creator681_instagram,vendor_a,2505441,vendor_a,1.6993878522783015,vendor_a,0.037724267414856356,vendor_a,0.123154701718908,vendor_a,macro,89.5,instagram,12.5,instagram · macro,45.0,instagram
CR00681,tiktok,@creator681_tiktok,vendor_b,37940.0,vendor_b,4.003294675803901,vendor_b,-0.024678663239074552,vendor_b,0.21376978638389427,vendor_b,micro,63.0,tiktok,7.5,tiktok · micro,74.4,tiktok
CR00681,youtube,@creator681_youtube,vendor_a,283844,vendor_a,1.073639041163456,vendor_a,0.11614701915401464,vendor_a,0.10932033266418124,vendor_a,mid,42.4,youtube,66.9,youtube · mid,59.4,youtube
CR00682,instagram,@creator682_instagram,vendor_a,120643,vendor_a,2.905174771847517,vendor_a,0.15548468043942573,vendor_a,0.07782445279681627,vendor_a,mid,98.1,instagram,81.9,instagram · mid,24.9,instagram
CR00682,youtube,@creator682_youtube,vendor_a,29746,vendor_a,1.3841861090566798,vendor_a,0.037711494854352,vendor_a,0.00423728813559322,vendor_a,micro,54.8,youtube,24.8,youtube · micro,4.4,youtube
CR00684,instagram,@creator684_instagram,vendor_c,106595,vendor_a,0.94835592663821,vendor_a,0.06397101391411973,vendor_a,0.10153846153846154,vendor_a,mid,73.7,instagram,42.8,instagram · mid,35.1,instagram
CR00684,tiktok,@creator684_tiktok,vendor_b,201010.0,vendor_b,5.315322620765136,vendor_b,0.024150405054261987,vendor_b,,,mid,75.5,tiktok,17.9,tiktok · mid,,
CR00684,youtube,@creator684_youtube,vendor_a,12804,vendor_a,1.9511871290221805,vendor_a,0.17943994104642594,vendor_a,0.2521891418563923,vendor_a,micro,72.1,youtube,89.7,youtube · micro,92.6,youtube
CR00685,instagram,,,,,,,,,,,,,,,,,
CR00685,tiktok,,,,,,,,,,,,,,,,,
CR00685,youtube,,,,,,,,,,,,,,,,,
CR00686,instagram,,,,,,,,,,,,,,,,,
CR00686,tiktok,@creator686_tiktok,vendor_b,109850.0,vendor_b,2.4738552571688666,vendor_b,0.14845791949817042,vendor_b,0.0934348631405639,vendor_b,mid,37.8,tiktok,81.5,tiktok · mid,29.5,tiktok
CR00686,youtube,@creator686_youtube,vendor_a,58886,vendor_a,2.4671059334986243,vendor_a,0.1720006368919672,vendor_a,0.02314581865754252,vendor_a,micro,82.1,youtube,87.9,youtube · micro,14.5,youtube
CR00687,instagram,@creator687_instagram,vendor_b,135560.0,vendor_b,0.3418486279138389,vendor_b,0.15942524803284297,vendor_b,0.14318706697459585,vendor_b,mid,23.5,instagram,83.3,instagram · mid,53.6,instagram
CR00687,tiktok,@creator687_tiktok,vendor_b,11690.0,vendor_b,5.634473909324209,vendor_b,,,0.17964693665628245,vendor_b,micro,79.1,tiktok,,,66.1,tiktok
CR00687,youtube,,,,,,,,,,,,,,,,,
CR00688,instagram,@creator688_instagram,vendor_a,19502,vendor_a,0.8253512460260486,vendor_a,0.04227459783015339,vendor_a,,"n/a (likes hidden, vendor_a)",micro,66.0,instagram,25.0,instagram · micro,,
CR00688,tiktok,https://www.tiktok.com/@creator688_tiktok,vendor_b,442540.0,vendor_b,4.234231933836489,vendor_b,0.08052544193768922,vendor_b,0.1149629032086867,vendor_b,mid,65.8,tiktok,49.0,tiktok · mid,38.6,tiktok
CR00688,youtube,@creator688_youtube,vendor_a,98330,vendor_a,2.3549883046882947,vendor_a,0.16034551934105876,vendor_a,0.04309740714786265,vendor_a,micro,80.4,youtube,81.2,youtube · micro,27.4,youtube
CR00689,instagram,@creator689_instagram,vendor_b,4910.0,vendor_b,0.2274949083503055,vendor_b,,,0.22340425531914893,vendor_b,nano,11.3,instagram,,,76.0,instagram
CR00689,tiktok,https://www.tiktok.com/@creator689_tiktok,vendor_b,,,,,,,,,,,,,,,
CR00689,youtube,@creator689_youtube,vendor_a,493743,vendor_a,2.419910763291834,vendor_a,0.2903692010966007,vendor_a,0.08898321585731532,vendor_a,mid,81.0,youtube,98.2,youtube · mid,48.8,youtube
CR00691,instagram,,,,,,,,,,,,,,,,,
CR00692,instagram,@creator692_instagram,vendor_c,,,,,,,,,,,,,,,
CR00692,tiktok,@creator692_tiktok,vendor_a,86561,vendor_a,2.599577176788623,vendor_a,0.05974461625102533,vendor_a,0.1869357045143639,vendor_a,micro,40.0,tiktok,35.3,tiktok · micro,68.7,tiktok
CR00692,youtube,@creator692_youtube,vendor_a,14133,vendor_a,1.0890822896766432,vendor_a,0.07238788982472115,vendor_a,0.12583892617449666,vendor_a,micro,43.5,youtube,39.4,youtube · micro,64.2,youtube
CR00694,instagram,@creator694_instagram,vendor_a,23647,vendor_a,1.3366177527804795,vendor_a,0.042774617453807826,vendor_a,,,micro,86.1,instagram,25.4,instagram · micro,,
CR00694,tiktok,@creator694_tiktok,vendor_b,12880.0,vendor_b,3.6771739130434784,vendor_b,0.17197452229299362,vendor_b,,,micro,57.5,tiktok,86.3,tiktok · micro,,
CR00694,youtube,@creator694_youtube,vendor_a,2527,vendor_a,2.3506133755441234,vendor_a,0.14759309718437782,vendor_a,0.10191082802547771,vendor_a,nano,80.2,youtube,74.7,youtube · nano,56.4,youtube
CR00696,instagram,@creator696_instagram,vendor_b,38700.0,vendor_b,0.9306976744186046,vendor_b,0.16251126464403726,vendor_b,0.3099068585944115,vendor_b,micro,72.6,instagram,82.5,instagram · micro,93.1,instagram
CR00696,tiktok,@creator696_tiktok,vendor_b,55920.0,vendor_b,4.340325464949928,vendor_b,0.19257837492002558,vendor_b,0.21879803821096552,vendor_b,micro,67.0,tiktok,92.9,tiktok · micro,75.9,tiktok
CR00696,youtube,,,,,,,,,,,,,,,,,
CR00697,instagram,https://www.instagram.com/creator697_instagram/,vendor_b,41620.0,vendor_b,0.2013695338779433,vendor_b,0.13498772838832834,vendor_b,0.22351233671988388,vendor_b,micro,7.9,instagram,70.2,instagram · micro,76.5,instagram
CR00697,tiktok,@creator697_tiktok,vendor_a,152533,vendor_a,1.7324316705237555,vendor_a,0.0886427383611799,vendor_a,0.10023568556772494,vendor_a,mid,20.5,tiktok,54.3,tiktok · mid,32.6,tiktok
CR00697,youtube,@creator697_youtube,vendor_a,209207,vendor_a,0.5034917569679791,vendor_a,-0.03638314924506923,vendor_a,0.08307264511644073,vendor_a,mid,11.8,youtube,7.2,youtube · mid,46.1,youtube
CR00698,instagram,,,,,,,,,,,,,,,,,
CR00698,tiktok,@creator698_tiktok,vendor_c,195966,vendor_c,1.031760611534654,vendor_c,0.0372577768132665,vendor_c,,,mid,5.9,tiktok,24.5,tiktok · mid,,
CR00699,tiktok,@creator699_tiktok,vendor_b,29820.0,vendor_b,12.399731723675385,vendor_b,0.015667574931880108,vendor_b,0.2802878848460616,vendor_b,micro,98.7,tiktok,14.9,tiktok · micro,87.6,tiktok
CR00701,instagram,@creator701_instagram,vendor_b,96910.0,vendor_b,0.5868744195645444,vendor_b,0.034810464495461824,vendor_b,0.02086677367576244,vendor_b,micro,47.9,instagram,20.2,instagram · micro,4.7,instagram
CR00701,tiktok,@creator701_tiktok,vendor_b,73720.0,vendor_b,0.6442620727075421,vendor_b,0.24801083460301337,vendor_b,,,micro,2.3,tiktok,98.3,tiktok · micro,,
CR00701,youtube,@creator701_youtube,vendor_a,123027,vendor_a,0.9138400513708373,vendor_a,0.03927249995776242,vendor_a,0.22710463345660215,vendor_a,mid,32.9,youtube,30.1,youtube · mid,88.8,youtube
CR00702,instagram,@creator702_instagram,vendor_c,23859,vendor_c,0.8698604300264051,vendor_c,0.024255173005924273,vendor_c,,,micro,69.2,instagram,14.7,instagram · micro,,
CR00702,tiktok,@creator702_tiktok,vendor_b,2100.0,vendor_b,2.9557142857142855,vendor_b,0.031,vendor_c,0.15168539325842698,vendor_b,nano,46.7,tiktok,10.4,tiktok · nano,57.5,tiktok
CR00702,youtube,@creator702_youtube,vendor_a,7997,vendor_a,0.586594973114918,vendor_a,0.01743002544529262,vendor_a,0.0779816513761468,vendor_a,nano,15.6,youtube,10.7,youtube · nano,43.6,youtube
CR00703,instagram,,,,,,,,,,,,,,,,,
CR00703,tiktok,@creator703_tiktok,vendor_b,11550.0,vendor_b,2.4327272727272726,vendor_b,-0.0049956933677863915,vendor_c,,,micro,37.2,tiktok,11.2,tiktok · micro,,
CR00703,youtube,@creator703_youtube,vendor_a,160421,vendor_a,0.562145853722393,vendor_a,0.07708473210688868,vendor_a,0.10135635018495684,vendor_a,mid,14.1,youtube,47.6,youtube · mid,56.0,youtube
CR00704,youtube,@creator704_youtube,vendor_a,24710,vendor_a,0.3267503035208418,vendor_a,0.09239610963748895,vendor_a,0.03571428571428571,vendor_a,micro,5.1,youtube,52.8,youtube · micro,23.0,youtube
CR00706,instagram,@creator706_instagram,vendor_a,60689,vendor_a,2.4607754288256523,vendor_a,0.14475148542865227,vendor_a,0.15614827260317127,vendor_a,micro,96.6,instagram,75.4,instagram · micro,58.3,instagram
CR00707,instagram,@creator707_instagram,vendor_a,23077,vendor_a,0.3765654114486285,vendor_a,-0.010632368703108254,vendor_a,0.09345794392523364,vendor_a,micro,27.4,instagram,7.5,instagram · micro,32.9,instagram
CR00707,tiktok,@creator707_tiktok,vendor_a,31333,vendor_a,2.1066287939233397,vendor_a,0.05733279341297159,vendor_a,0.12246065808297568,vendor_a,micro,29.2,tiktok,34.4,tiktok · micro,44.0,tiktok
CR00707,youtube,@creator707_youtube,vendor_a,417055,vendor_a,1.4044190814161202,vendor_a,-0.04424756452769827,vendor_a,0.03350284175889919,vendor_a,mid,55.7,youtube,6.0,youtube · mid,21.1,youtube
CR00709,instagram,@creator709_instagram,vendor_a,4635,vendor_a,0.7108953613807982,vendor_a,0.07167630057803469,vendor_a,0.024691358024691357,vendor_a,nano,59.4,instagram,42.6,instagram · nano,5.5,instagram
CR00709,tiktok,@creator709_tiktok,vendor_b,,,,,,,0.04437657204455624,vendor_b,,,,,,11.1,tiktok
CR00709,youtube,@creator709_youtube,vendor_a,894591,vendor_a,0.5997120471813376,vendor_a,0.0743205268618861,vendor_a,0.09140833875280006,vendor_a,mid,16.3,youtube,45.8,youtube · mid,49.9,youtube
CR00711,youtube,@creator711_youtube,vendor_a,32201,vendor_a,4.836123101767026,vendor_a,0.14082760575356054,vendor_a,0.25998433829287393,vendor_a,micro,97.1,youtube,73.8,youtube · micro,93.9,youtube
CR00718,youtube,@creator718_youtube,vendor_a,124351,vendor_a,0.5190227662021214,vendor_a,0.04748386879390805,vendor_a,0.11588455606961885,vendor_a,mid,12.2,youtube,31.9,youtube · mid,61.5,youtube
CR00721,instagram,@creator721_instagram,vendor_c,,,,,,,,,,,,,,,
CR00721,tiktok,@creator721_tiktok,vendor_a,75762,vendor_a,3.7924949182967715,vendor_a,0.015889617442374996,vendor_a,,,micro,59.6,tiktok,15.4,tiktok · micro,,
CR00721,youtube,@creator721_youtube,vendor_a,825883,vendor_a,1.1356887113549983,vendor_a,0.0875352906474517,vendor_a,0.048383552435981955,vendor_a,mid,45.8,youtube,51.8,youtube · mid,29.7,youtube
CR00722,instagram,@creator722_instagram,vendor_a,96734,vendor_a,0.37587611387929787,vendor_a,0.12126761869436202,vendor_a,0.06844106463878327,vendor_a,micro,27.1,instagram,61.5,instagram · micro,19.9,instagram
CR00722,tiktok,@creator722_tiktok,vendor_a,110175,vendor_a,0.7880281370546858,vendor_a,0.028788331528031973,vendor_a,0.08615751789976134,vendor_a,mid,3.6,tiktok,21.2,tiktok · mid,26.9,tiktok
CR00722,youtube,@creator722_youtube,vendor_a,204370,vendor_a,1.1660713411948915,vendor_a,0.20068620711939886,vendor_a,0.09952701020662186,vendor_a,mid,47.1,youtube,90.4,youtube · mid,54.3,youtube
CR00724,instagram,@creator724_instagram,vendor_b,71800.0,vendor_b,1.281866295264624,vendor_b,0.07244212098581031,vendor_b,,"n/a (likes hidden, vendor_b)",micro,84.4,instagram,40.5,instagram · micro,,
CR00724,tiktok,@creator724_tiktok,vendor_b,74640.0,vendor_b,2.8609592711682743,vendor_b,0.014268242967794538,vendor_b,,,micro,45.5,tiktok,14.5,tiktok · micro,,
CR00724,youtube,@creator724_youtube,vendor_a,448201,vendor_a,0.30072222061084203,vendor_a,0.0485313108249738,vendor_a,0.012002042900919305,vendor_a,mid,4.4,youtube,34.3,youtube · mid,7.8,youtube
CR00725,instagram,https://www.instagram.com/creator725_instagram/,vendor_b,332110.0,vendor_b,0.33506368371924966,vendor_b,0.022034159101400216,vendor_b,0.25735294117647056,vendor_b,mid,22.2,instagram,22.5,instagram · mid,83.7,instagram
CR00725,tiktok,@creator725_tiktok,vendor_a,11444,vendor_a,0.9960678084585809,vendor_a,-0.08957836117740653,vendor_a,0.1172069825436409,vendor_a,micro,5.7,tiktok,2.1,tiktok · micro,40.4,tiktok
CR00725,youtube,@creator725_youtube,vendor_a,17676,vendor_a,1.5588934147997284,vendor_a,0.10974384731290808,vendor_a,0.10569105691056911,vendor_a,micro,60.8,youtube,59.6,youtube · micro,57.7,youtube
CR00726,instagram,@creator726_instagram,vendor_c,98927,vendor_c,0.4303476300706582,vendor_c,0.0703489315661347,vendor_c,,,micro,34.4,instagram,38.9,instagram · micro,,
CR00726,tiktok,@creator726_tiktok,vendor_b,59040.0,vendor_b,6.02730352303523,vendor_b,0.08869629356444772,vendor_b,0.25123852542619846,vendor_b,micro,80.8,tiktok,48.5,tiktok · micro,83.2,tiktok
CR00726,youtube,https://youtube.com/@creator726_youtube,vendor_b,38900.0,vendor_b,1.0604627249357326,vendor_b,0.06633771929824561,vendor_b,0.07296137339055794,vendor_b,micro,41.4,youtube,37.9,youtube · micro,40.4,youtube
CR00727,instagram,@creator727_instagram,vendor_b,28870.0,vendor_b,2.1822999653619672,vendor_b,0.19396195202646815,vendor_b,0.15611719973160368,vendor_b,micro,94.7,instagram,90.9,instagram · micro,58.0,instagram
CR00727,tiktok,@creator727_tiktok,vendor_a,136246,vendor_a,2.8005372634792947,vendor_a,0.06299347751458977,vendor_a,0.03681229773462783,vendor_a,mid,44.0,tiktok,37.7,tiktok · mid,8.8,tiktok
CR00727,youtube,@creator727_youtube,vendor_a,35190,vendor_a,0.8649616368286445,vendor_a,0.16449915616003177,vendor_a,0.1659802306425041,vendor_a,micro,30.2,youtube,83.0,youtube · micro,75.6,youtube
CR00728,instagram,@creator728_instagram,vendor_b,120660.0,vendor_b,0.41771921100613296,vendor_b,0.09561427403977119,vendor_b,,,mid,32.3,instagram,58.0,instagram · mid,,
CR00728,tiktok,@creator728_tiktok,vendor_a,63015,vendor_a,0.7506308021899548,vendor_a,0.17681662838254245,vendor_a,0.04227782571182054,vendor_a,micro,3.2,tiktok,88.8,tiktok · micro,10.4,tiktok
CR00728,youtube,,,,,,,,,,,,,,,,,
CR00729,instagram,,,,,,,,,,,,,,,,,
CR00729,tiktok,https://www.tiktok.com/@creator729_tiktok,vendor_b,424950.0,vendor_b,5.002616778444523,vendor_b,0.09359720006176335,vendor_b,0.03346468445877366,vendor_b,mid,72.5,tiktok,60.3,tiktok · mid,7.8,tiktok
CR00729,youtube,@creator729_youtube,vendor_a,195135,vendor_a,0.7026520101468214,vendor_a,0.12578750605773892,vendor_a,0.013520280420630946,vendor_a,mid,20.7,youtube,69.9,youtube · mid,9.0,youtube
CR00730,instagram,@creator730_instagram,vendor_b,4490.0,vendor_b,0.4959910913140312,vendor_b,,,,,nano,40.4,instagram,,,,
CR00730,tiktok,https://www.tiktok.com/@creator730_tiktok,vendor_b,121380.0,vendor_b,5.5190311418685125,vendor_b,0.11860658003870611,vendor_b,,,mid,78.0,tiktok,70.2,tiktok · mid,,
CR00730,youtube,@creator730_youtube,vendor_a,106982,vendor_a,0.8417023424501318,vendor_a,0.17774891012373947,vendor_a,0.11624795599821615,vendor_a,mid,28.7,youtube,86.7,youtube · mid,61.7,youtube
CR00731,tiktok,@creator731_tiktok,vendor_b,77850.0,vendor_b,3.763442517662171,vendor_b,0.13417832167832167,vendor_b,,,micro,59.0,tiktok,71.0,tiktok · micro,,
CR00731,youtube,@creator731_youtube,vendor_a,70086,vendor_a,1.6027451987558143,vendor_a,-0.03927293662869597,vendor_a,0.06053910737958462,vendor_a,micro,62.7,youtube,3.5,youtube · micro,36.0,youtube
CR00732,tiktok,,,,,,,,,,,,,,,,,
CR00733,instagram,@creator733_instagram,vendor_a,77585,vendor_a,0.1424115486240897,vendor_a,-0.009194815145903838,vendor_a,0.01918158567774936,vendor_b,micro,4.1,instagram,7.9,instagram · micro,4.4,instagram
CR00733,tiktok,@creator733_tiktok,vendor_a,74045,vendor_a,3.8052400567222633,vendor_a,0.1377185704188562,vendor_a,0.2108833922261484,vendor_a,micro,60.3,tiktok,73.9,tiktok · micro,74.1,tiktok
CR00733,youtube,@creator733_youtube,vendor_b,8780.0,vendor_b,1.6747152619589978,vendor_b,0.05910735826296743,vendor_b,0.13427561837455831,vendor_c,nano,64.6,youtube,36.0,youtube · nano,67.2,youtube
CR00734,instagram,@creator734_instagram,vendor_a,9950,vendor_a,0.3484422110552764,vendor_a,0.06633801307469725,vendor_a,0.30726256983240224,vendor_a,nano,24.6,instagram,35.2,instagram · nano,92.0,instagram
CR00734,youtube,@creator734_youtube,vendor_a,107555,vendor_a,2.429696434382409,vendor_a,0.021318013483999622,vendor_a,0.2691409291461199,vendor_a,mid,81.4,youtube,22.3,youtube · mid,94.7,youtube
CR00735,instagram,@creator735_instagram,vendor_b,3010.0,vendor_b,,,0.16666666666666666,vendor_b,0.0963855421686747,vendor_b,nano,,,83.3,instagram · nano,33.7,instagram
CR00735,youtube,@creator735_youtube,vendor_a,3013,vendor_a,0.7378028542980418,vendor_a,0.05905096660808436,vendor_a,0.25280898876404495,vendor_a,nano,23.2,youtube,34.7,youtube · nano,92.8,youtube
CR00739,instagram,@creator739_instagram,vendor_b,1820240.0,vendor_b,0.3067342767986639,vendor_b,0.1490616181957061,vendor_b,0.07027837538301063,vendor_b,macro,19.0,instagram,75.0,instagram · macro,21.0,instagram
CR00739,tiktok,@creator739_tiktok,vendor_b,52290.0,vendor_b,2.0594568751195257,vendor_b,0.1271825824531149,vendor_b,0.15100849256900212,vendor_b,micro,27.7,tiktok,67.6,tiktok · micro,57.3,tiktok
CR00739,youtube,@creator739_youtube,vendor_a,19796,vendor_a,0.9113457264093756,vendor_a,0.16515597410241317,vendor_a,0.09351145038167939,vendor_a,micro,32.7,youtube,84.0,youtube · micro,51.0,youtube
CR00741,instagram,@creator741_instagram,vendor_a,25812,vendor_a,1.6884394855106153,vendor_a,0.24912891986062718,vendor_a,0.05898876404494382,vendor_a,micro,89.3,instagram,98.0,instagram · micro,16.6,instagram
CR00741,youtube,@creator741_youtube,vendor_a,312140,vendor_a,0.3850932273979625,vendor_a,-0.018982965616946384,vendor_a,0.07958251793868232,vendor_a,mid,7.2,youtube,9.6,youtube · mid,43.8,youtube
CR00745,instagram,@creator745_instagram,vendor_a,21852,vendor_a,0.6331228262859235,vendor_a,0.13275620755792858,vendor_a,0.458559256390395,vendor_a,micro,52.4,instagram,69.4,instagram · micro,99.7,instagram
CR00745,tiktok,,,,,,,,,,,,,,,,,
CR00745,youtube,@creator745_youtube,vendor_a,305983,vendor_a,0.2591058980400872,vendor_a,0.1129366063731891,vendor_a,0.05913254310344827,vendor_a,mid,3.0,youtube,65.7,youtube · mid,35.8,youtube
CR00746,instagram,@creator746_instagram,vendor_a,4673,vendor_a,0.389043441044297,vendor_a,0.024331433581762384,vendor_a,0.14545454545454545,vendor_a,nano,28.2,instagram,16.7,instagram · nano,53.9,instagram
CR00746,tiktok,,,,,,,,,,,,,,,,,
CR00746,youtube,,,,,,,,,,,,,,,,,
CR00747,instagram,,,,,,,,,,,,,,,,,
CR00747,tiktok,@creator747_tiktok,vendor_b,,,,,,,0.11072103699702944,vendor_b,,,,,,36.5,tiktok
CR00747,youtube,,,,,,,,,,,,,,,,,
CR00748,tiktok,@creator748_tiktok,vendor_b,335350.0,vendor_b,3.0857611450723126,vendor_b,,,0.16106558794039347,vendor_b,mid,49.0,tiktok,,,61.1,tiktok
CR00748,youtube,@creator748_youtube,vendor_a,41643,vendor_a,0.24205748865355523,vendor_a,0.03731473408892764,vendor_a,0.20930232558139536,vendor_a,micro,2.3,youtube,24.5,youtube · micro,84.8,youtube
CR00750,instagram,,,,,,,,,,,,,,,,,
CR00750,tiktok,@creator750_tiktok,vendor_a,82622,vendor_a,2.697986008569146,vendor_a,0.10722182763565216,vendor_a,0.18299024918743229,vendor_a,micro,42.5,tiktok,58.9,tiktok · micro,67.6,tiktok
CR00751,instagram,@creator751_instagram,vendor_b,6180.0,vendor_b,0.648705501618123,vendor_b,,,0.08163265306122448,vendor_b,nano,53.6,instagram,,,27.6,instagram
CR00751,tiktok,,,,,,,,,,,,,,,,,
CR00751,youtube,@creator751_youtube,vendor_a,430154,vendor_a,3.838843762931415,vendor_a,0.096945463076774,vendor_a,0.21416407305185273,vendor_a,mid,94.1,youtube,56.0,youtube · mid,85.1,youtube
CR00752,instagram,@creator752_instagram,vendor_b,201780.0,vendor_b,0.4154772524531668,vendor_b,0.0957371707846864,vendor_b,,"n/a (likes hidden, vendor_b)",mid,31.6,instagram,58.7,instagram · mid,,
CR00752,tiktok,@creator752_tiktok,vendor_b,27450.0,vendor_b,5.404626593806921,vendor_b,0.03428786737000754,vendor_b,0.2918297165895885,vendor_b,micro,76.5,tiktok,22.4,tiktok · micro,89.1,tiktok
CR00752,youtube,@creator752_youtube,vendor_b,20080.0,vendor_b,3.8603585657370516,vendor_b,0.030800821355236138,vendor_b,0.07353563867325336,vendor_b,micro,94.3,youtube,21.3,youtube · micro,41.0,youtube
CR00753,instagram,,,,,,,,,,,,,,,,,
CR00753,tiktok,@creator753_tiktok,vendor_b,23750.0,vendor_b,2.6266526315789474,vendor_b,,,0.12284882181625628,vendor_b,micro,40.6,tiktok,,,44.8,tiktok
CR00753,youtube,@creator753_youtube,vendor_a,253713,vendor_a,0.729521151852684,vendor_a,-0.1254321770693655,vendor_a,0.1383964011643292,vendor_a,mid,22.6,youtube,1.8,youtube · mid,68.2,youtube
CR00754,instagram,@creator754_instagram,vendor_b,16430.0,vendor_b,0.7245283018867924,vendor_b,0.19404069767441862,vendor_b,,"n/a (likes hidden, vendor_b)",micro,60.3,instagram,91.3,instagram · micro,,
CR00754,tiktok,@creator754_tiktok,vendor_a,2324694,vendor_a,1.50265712390534,vendor_a,0.1295977033835054,vendor_a,0.026204991747785376,vendor_a,macro,14.6,tiktok,62.5,tiktok · macro,4.4,tiktok
CR00754,youtube,@creator754_youtube,vendor_c,23042,vendor_c,,,0.06395160917948008,vendor_c,0.11389521640091116,vendor_c,micro,,,36.5,youtube · micro,60.8,youtube
CR00755,instagram,@creator755_instagram,vendor_a,5774,vendor_a,0.3901974367855906,vendor_a,0.07824463118580766,vendor_a,,"n/a (likes hidden, vendor_a)",nano,28.4,instagram,48.1,instagram · nano,,
CR00755,tiktok,@creator755_tiktok,vendor_b,6300.0,vendor_b,,,,,0.14590163934426228,vendor_b,nano,,,,,54.9,tiktok
CR00755,youtube,@creator755_youtube,vendor_a,53438,vendor_a,0.4357573262472398,vendor_a,0.1299585553582001,vendor_a,0.05253623188405797,vendor_b,micro,9.3,youtube,69.9,youtube · micro,33.1,youtube
CR00757,instagram,@creator757_instagram,vendor_b,173420.0,vendor_b,0.4166243801176335,vendor_b,0.06510256725218032,vendor_b,,,mid,31.8,instagram,44.9,instagram · mid,,
CR00757,tiktok,@creator757_tiktok,vendor_b,4380.0,vendor_b,1.791552511415525,vendor_b,0.11734693877551021,vendor_b,0.17587939698492464,vendor_b,nano,22.2,tiktok,45.8,tiktok · nano,65.8,tiktok
CR00757,youtube,@creator757_youtube,vendor_a,5547,vendor_a,0.7522985397512169,vendor_a,0.02418759231905465,vendor_a,0.41866028708133973,vendor_a,nano,24.1,youtube,16.0,youtube · nano,99.2,youtube
CR00759,instagram,@creator759_instagram,vendor_b,22020.0,vendor_b,0.505086285195277,vendor_b,0.13505154639175257,vendor_b,,"n/a (likes hidden, vendor_b)",micro,42.1,instagram,70.6,instagram · micro,,
CR00759,tiktok,@creator759_tiktok,vendor_a,87097,vendor_a,2.815607885461038,vendor_a,0.07432990835193842,vendor_a,0.12142991063058559,vendor_a,micro,44.8,tiktok,42.3,tiktok · micro,42.5,tiktok
CR00759,youtube,@creator759_youtube,vendor_a,7992,vendor_a,1.0175175175175175,vendor_a,0.15042464373110695,vendor_a,0.07360406091370558,vendor_a,nano,38.6,youtube,77.3,youtube · nano,41.1,youtube
CR00760,instagram,@creator760_instagram,vendor_a,22560,vendor_a,0.3690159574468085,vendor_a,0.07793014477519232,vendor_a,0.032,vendor_a,micro,26.7,instagram,44.4,instagram · micro,6.1,instagram
CR00760,youtube,@creator760_youtube,vendor_a,368776,vendor_a,2.1237987287675986,vendor_a,0.051072089198733385,vendor_a,0.027760360257652626,vendor_a,mid,76.4,youtube,36.7,youtube · mid,17.5,youtube
CR00761,instagram,@creator761_instagram,vendor_b,3460.0,vendor_b,0.0907514450867052,vendor_b,0.18900343642611683,vendor_b,0.17647058823529413,vendor_b,nano,2.4,instagram,92.6,instagram · nano,63.0,instagram
CR00761,youtube,,,,,,,,,,,,,,,,,
CR00764,instagram,https://www.instagram.com/creator764_instagram/,vendor_b,36050.0,vendor_b,2.2888488210818307,vendor_b,0.031473533619456366,vendor_b,,"n/a (likes hidden, vendor_b)",micro,95.3,instagram,17.9,instagram · micro,,
CR00764,tiktok,@creator764_tiktok,vendor_b,201650.0,vendor_b,1.2663277956855938,vendor_b,0.08577428386818867,vendor_b,0.18083191437606422,vendor_b,mid,10.6,tiktok,52.3,tiktok · mid,66.3,tiktok
CR00764,youtube,@creator764_youtube,vendor_b,260040.0,vendor_b,1.2411129057068144,vendor_b,-0.012904636096046071,vendor_c,0.041555629580279814,vendor_b,mid,50.6,youtube,10.2,youtube · mid,26.5,youtube
CR00766,instagram,@creator766_instagram,vendor_b,106100.0,vendor_b,0.9386427898209236,vendor_b,0.0887634684453566,vendor_b,,"n/a (likes hidden, vendor_b)",mid,73.1,instagram,53.6,instagram · mid,,
CR00766,tiktok,,,,,,,,,,,,,,,,,
CR00766,youtube,@creator766_youtube,vendor_a,441546,vendor_a,1.0964112459404003,vendor_a,0.18622457203649376,vendor_a,0.06310760282509348,vendor_a,mid,43.7,youtube,89.2,youtube · mid,37.3,youtube
CR00770,youtube,@creator770_youtube,vendor_a,373531,vendor_a,6.6944590944258975,vendor_a,-0.008207167929648295,vendor_a,0.04835009227412185,vendor_a,mid,98.3,youtube,12.0,youtube · mid,29.5,youtube
CR00771,instagram,@creator771_instagram,vendor_b,103240.0,vendor_b,0.48561604029445954,vendor_b,0.16959329330463352,vendor_b,0.3563730955035303,vendor_b,mid,39.3,instagram,87.7,instagram · mid,97.0,instagram
CR00771,tiktok,,,,,,,,,,,,,,,,,
CR00771,youtube,@creator771_youtube,vendor_a,515749,vendor_a,0.4476169609635695,vendor_a,0.10945734899949663,vendor_a,0.19055417267129568,vendor_a,mid,9.9,youtube,63.3,youtube · mid,80.6,youtube
CR00772,tiktok,,,,,,,,,,,,,,,,,
CR00779,instagram,@creator779_instagram,vendor_a,180032,vendor_a,0.33758998400284396,vendor_a,0.09973427812223207,vendor_a,,,mid,22.9,instagram,59.4,instagram · mid,,
CR00779,tiktok,@creator779_tiktok,vendor_c,34666,vendor_c,,,0.18415029888983775,vendor_c,,,micro,,,90.9,tiktok · micro,,
CR00779,youtube,@creator779_youtube,vendor_a,29032,vendor_a,2.9475062000551118,vendor_a,0.09110042092603728,vendor_a,0.2569832402234637,vendor_a,micro,89.0,youtube,51.4,youtube · micro,93.3,youtube
CR00781,instagram,@creator781_instagram,vendor_a,12635,vendor_a,0.40854768500197863,vendor_a,0.04132717345653087,vendor_c,0.06976744186046512,vendor_a,micro,30.3,instagram,24.2,instagram · micro,20.6,instagram
CR00781,tiktok,@creator781_tiktok,vendor_b,136886,vendor_c,9.10817030229534,vendor_c,,EXCLUDED: Q00023 (no consistent source),,,mid,94.1,tiktok,,,,
CR00781,youtube,@creator781_youtube,vendor_a,31294,vendor_a,1.771106282354445,vendor_a,0.12225210686749148,vendor_a,0.003843689942344651,vendor_a,micro,67.3,youtube,67.0,youtube · micro,3.8,youtube
CR00785,instagram,https://www.instagram.com/creator785_instagram/,vendor_b,32120.0,vendor_b,0.2784557907845579,vendor_b,0.19716734998136415,vendor_b,0.1027190332326284,vendor_b,micro,16.7,instagram,92.1,instagram · micro,35.9,instagram
CR00786,instagram,@creator786_instagram,vendor_b,55200.0,vendor_b,0.6720833333333334,vendor_b,0.2897196261682243,vendor_b,0.25475285171102663,vendor_b,micro,56.6,instagram,99.2,instagram · micro,83.4,instagram
CR00786,tiktok,@creator786_tiktok,vendor_a,85637,vendor_a,4.323364900685451,vendor_a,-0.04220957152923018,vendor_a,0.07668663303909205,vendor_a,micro,66.8,tiktok,5.0,tiktok · micro,23.3,tiktok
CR00786,youtube,@creator786_youtube,vendor_a,6778,vendor_a,1.1159634110357037,vendor_a,0.11498601743707847,vendor_a,0.04878048780487805,vendor_a,nano,45.1,youtube,54.7,youtube · nano,30.1,youtube
CR00788,tiktok,https://www.tiktok.com/@creator788_tiktok,vendor_b,712210.0,vendor_b,1.822896336754609,vendor_b,0.01037026528585615,vendor_b,0.13285065613931063,vendor_b,mid,22.6,tiktok,14.6,tiktok · mid,49.2,tiktok
CR00788,youtube,@creator788_youtube,vendor_a,53154,vendor_a,3.0648681190503066,vendor_a,-0.022814596929864876,vendor_a,0.12178628389154705,vendor_a,micro,89.2,youtube,7.4,youtube · micro,63.8,youtube
CR00789,instagram,,,,,,,,,,,,,,,,,
CR00789,tiktok,@creator789_tiktok,vendor_b,97360.0,vendor_b,3.3961277732128186,vendor_b,0.08479108635097493,vendor_b,0.026816443594646272,vendor_b,micro,53.5,tiktok,47.3,tiktok · micro,4.9,tiktok
CR00789,youtube,@creator789_youtube,vendor_a,19040,vendor_a,4.762605042016807,vendor_a,0.23467998184294145,vendor_a,0.14570620628069653,vendor_a,micro,96.8,youtube,97.5,youtube · micro,70.1,youtube
CR00791,instagram,@creator791_instagram,vendor_a,20080,vendor_a,1.1919820717131475,vendor_a,0.05059383665567938,vendor_a,0.17950530035335688,vendor_a,micro,82.1,instagram,28.6,instagram · micro,63.8,instagram
CR00791,tiktok,@creator791_tiktok,vendor_a,15286,vendor_a,10.235575035980636,vendor_a,0.06969909027291812,vendor_a,0.39872,vendor_a,micro,96.6,tiktok,40.2,tiktok · micro,97.9,tiktok
CR00791,youtube,@creator791_youtube,vendor_a,13484,vendor_a,0.6125778700682291,vendor_a,0.08121019108280254,vendor_b,0.13108614232209737,vendor_a,micro,17.1,youtube,45.4,youtube · micro,65.5,youtube
CR00795,instagram,@creator795_instagram,vendor_a,80518,vendor_a,1.2865446235624332,vendor_a,0.06752403049386808,vendor_a,0.20708299540416328,vendor_a,micro,84.8,instagram,34.9,instagram · micro,73.2,instagram
CR00795,tiktok,@creator795_tiktok,vendor_b,157120.0,vendor_b,1.6291496945010184,vendor_b,0.17922545782047433,vendor_b,0.20423853456344432,vendor_b,mid,18.4,tiktok,92.1,tiktok · mid,72.5,tiktok
CR00795,youtube,@creator795_youtube,vendor_a,250972,vendor_a,0.6098489074478428,vendor_a,0.0677115240623511,vendor_a,0.08633015597920277,vendor_a,mid,16.7,youtube,43.4,youtube · mid,47.8,youtube
CR00799,instagram,@creator799_instagram,vendor_a,289008,vendor_a,0.8100502408237834,vendor_a,0.15484943417940028,vendor_a,0.11216855819634587,vendor_a,mid,65.0,instagram,80.4,instagram · mid,40.6,instagram
CR00799,tiktok,@creator799_tiktok,vendor_b,419760.0,vendor_b,6.0780279207166,vendor_b,0.0725948639325412,vendor_b,,,mid,81.4,tiktok,46.4,tiktok · mid,,
CR00799,youtube,@creator799_youtube,vendor_a,179474,vendor_a,1.1503337530784403,vendor_a,0.1302316208420973,vendor_a,0.16163434903047091,vendor_a,mid,46.2,youtube,71.7,youtube · mid,73.5,youtube
CR00805,tiktok,@creator805_tiktok,vendor_a,30485,vendor_a,2.4217484008528785,vendor_a,0.17218441188910677,vendor_a,0.1101465002712968,vendor_a,micro,36.6,tiktok,86.7,tiktok · micro,36.3,tiktok
CR00806,youtube,@creator806_youtube,vendor_a,63906,vendor_a,1.5237066942071167,vendor_a,-0.025793469313088815,vendor_a,0.026499925562006848,vendor_a,micro,59.9,youtube,6.4,youtube · micro,16.2,youtube
CR00808,instagram,https://www.instagram.com/creator808_instagram/,vendor_b,216500.0,vendor_b,,,0.12048442190249456,vendor_b,0.2895534616960262,vendor_b,mid,,,66.7,instagram · mid,89.2,instagram
CR00808,tiktok,@creator808_tiktok,vendor_a,207067,vendor_a,2.3742846518276695,vendor_a,0.0699146412037037,vendor_a,0.14917077942288026,vendor_a,mid,34.7,tiktok,43.0,tiktok · mid,57.0,tiktok
CR00808,youtube,@creator808_youtube,vendor_a,160207,vendor_a,1.3373136005293151,vendor_a,0.029727089251970023,vendor_a,0.03902838427947598,vendor_a,mid,53.6,youtube,26.5,youtube · mid,25.0,youtube
CR00809,instagram,https://www.instagram.com/creator809_instagram/,vendor_b,52900.0,vendor_b,0.23495274102079394,vendor_b,0.06760847628657922,vendor_b,0.1978021978021978,vendor_b,micro,12.2,instagram,35.3,instagram · micro,69.9,instagram
CR00809,tiktok,,,,,,,,,,,,,,,,,
CR00809,youtube,@creator809_youtube,vendor_a,21535,vendor_a,3.27856977014163,vendor_a,0.19155646544569246,vendor_a,0.08121212121212121,vendor_a,micro,90.5,youtube,91.8,youtube · micro,44.6,youtube
CR00810,tiktok,@creator810_tiktok,vendor_a,59329,vendor_a,9.832796777292724,vendor_a,0.0349044097125314,vendor_a,0.23746249464209174,vendor_a,micro,96.0,tiktok,22.8,tiktok · micro,80.1,tiktok
CR00810,youtube,@creator810_youtube,vendor_b,26340.0,vendor_b,1.191116173120729,vendor_b,,,0.027755102040816326,vendor_b,micro,48.9,youtube,,,17.3,youtube
CR00811,instagram,@creator811_instagram,vendor_b,145410.0,vendor_b,0.6498796506430095,vendor_b,0.16021702704859173,vendor_b,,,mid,54.1,instagram,84.8,instagram · mid,,
CR00811,tiktok,@creator811_tiktok,vendor_a,33881,vendor_a,10.377792863256692,vendor_a,0.07354245880861851,vendor_a,0.12736642827092975,vendor_a,micro,97.0,tiktok,41.5,tiktok · micro,48.2,tiktok
CR00811,youtube,@creator811_youtube,vendor_a,28508,vendor_a,3.5043847341097236,vendor_a,0.007314229179180948,vendor_a,0.13346228239845262,vendor_a,micro,92.4,youtube,12.8,youtube · micro,66.7,youtube
CR00813,instagram,@creator813_instagram,vendor_b,36950.0,vendor_b,0.29058186738836267,vendor_b,,,0.15357142857142858,vendor_b,micro,17.7,instagram,,,56.6,instagram
CR00813,tiktok,@creator813_tiktok,vendor_a,374713,vendor_a,6.797618443982461,vendor_a,0.09305683581671587,vendor_a,0.3070461969202053,vendor_a,mid,85.4,tiktok,58.9,tiktok · mid,92.2,tiktok
CR00813,youtube,@creator813_youtube,vendor_a,44419,vendor_a,0.8210450482901461,vendor_a,0.07596347164692488,vendor_a,0.06386213887480993,vendor_a,micro,27.4,youtube,42.6,youtube · micro,37.7,youtube
CR00817,instagram,,,,,,,,,,,,,,,,,
CR00817,tiktok,@creator817_tiktok,vendor_b,16490.0,vendor_b,2.925409338993329,vendor_b,,,0.18626155878467635,vendor_b,micro,46.1,tiktok,,,68.4,tiktok
CR00817,youtube,,,,,,,,,,,,,,,,,
CR00819,instagram,@creator819_instagram,vendor_a,57137,vendor_a,0.1554159301328386,vendor_a,0.17269051577283828,vendor_a,0.04376012965964344,vendor_a,micro,4.9,instagram,85.7,instagram · micro,11.3,instagram
CR00819,youtube,@creator819_youtube,vendor_a,78842,vendor_a,1.058052814489739,vendor_a,0.15306540306540306,vendor_a,0.22516148877268533,vendor_a,micro,41.3,youtube,78.7,youtube · micro,88.2,youtube
CR00822,instagram,@creator822_instagram,vendor_b,96890.0,vendor_b,0.3912684487563216,vendor_b,0.17144238907024545,vendor_b,0.09332934489979061,vendor_b,micro,28.6,instagram,85.3,instagram · micro,32.3,instagram
CR00822,tiktok,,,,,,,,,,,,,,,,,
CR00822,youtube,@creator822_youtube,vendor_a,850,vendor_a,3.26,vendor_a,0.1424731182795699,vendor_a,0.04929577464788732,vendor_a,nano,90.3,youtube,73.3,youtube · nano,31.0,youtube
CR00823,instagram,@creator823_instagram,vendor_a,51921,vendor_a,0.13534022842395177,vendor_a,0.1619335347432024,vendor_a,,"n/a (likes hidden, vendor_a)",micro,3.8,instagram,82.1,instagram · micro,,
CR00823,tiktok,,,,,,,,,,,,,,,,,
CR00823,youtube,@creator823_youtube,vendor_a,36905,vendor_a,1.3604660615092805,vendor_a,0.03773584905660377,vendor_a,0.004227053140096618,vendor_a,micro,54.2,youtube,25.2,youtube · micro,4.2,youtube
CR00824,tiktok,,,,,,,,,,,,,,,,,
CR00826,instagram,,,8936,vendor_c,,,0.08079342041606193,vendor_c,,,nano,,,50.0,instagram · nano,,
CR00826,tiktok,,,,,,,,,,,,,,,,,
CR00826,youtube,@creator826_youtube,vendor_a,40546,vendor_a,1.0696492872293197,vendor_a,0.15417022487902077,vendor_a,0.037237237237237236,vendor_a,micro,42.0,youtube,79.1,youtube · micro,24.4,youtube
CR00827,youtube,@creator827_youtube,vendor_a,937637,vendor_a,1.398957165726182,vendor_a,0.11250234332916478,vendor_a,0.03644454755401828,vendor_a,mid,55.5,youtube,65.1,youtube · mid,23.8,youtube
CR00828,instagram,,,,,,,,,,,,,,,,,
CR00828,tiktok,@creator828_tiktok,vendor_b,122670.0,vendor_b,6.079131001874949,vendor_b,0.06336685159500693,vendor_b,0.2186752647762214,vendor_b,mid,81.6,tiktok,38.4,tiktok · mid,75.6,tiktok
CR00828,youtube,@creator828_youtube,vendor_a,2665,vendor_a,1.0607879924953096,vendor_a,0.1408390410958904,vendor_a,0.09649122807017543,vendor_a,nano,41.6,youtube,72.0,youtube · nano,52.6,youtube
CR00829,tiktok,@creator829_tiktok,vendor_a,311023,vendor_a,2.6337537738366614,vendor_a,0.024264378982727108,vendor_a,0.12267145952664908,vendor_a,mid,41.0,tiktok,18.5,tiktok · mid,44.6,tiktok
CR00830,instagram,@creator830_instagram,vendor_a,89749,vendor_a,0.5851875786916846,vendor_a,0.09138555828489432,vendor_a,0.15237507711289328,vendor_a,micro,47.4,instagram,51.6,instagram · micro,56.1,instagram
CR00830,tiktok,@creator830_tiktok,vendor_b,152560.0,vendor_b,4.188719192448873,vendor_b,-0.0404427951443487,vendor_b,0.16409476200825907,vendor_b,mid,64.9,tiktok,3.3,tiktok · mid,62.7,tiktok
CR00830,youtube,@creator830_youtube,vendor_a,28341,vendor_a,3.3470943156557635,vendor_a,0.16557680444170264,vendor_a,0.0023207839092315627,vendor_a,micro,91.3,youtube,84.4,youtube · micro,2.9,youtube
CR00831,instagram,@creator831_instagram,vendor_b,65660.0,vendor_b,1.5440146207736827,vendor_b,0.15031534688156972,vendor_b,0.14165748898678415,vendor_b,micro,88.7,instagram,77.4,instagram · micro,52.8,instagram
CR00831,tiktok,@creator831_tiktok,vendor_b,64460.0,vendor_b,0.5708346261247285,vendor_b,,,,,micro,1.7,tiktok,,,,
CR00831,youtube,,,,,,,,,,,,,,,,,
CR00832,instagram,@creator832_instagram,vendor_b,135400.0,vendor_b,0.4737370753323486,vendor_b,0.12486499958461411,vendor_b,0.22527582748244734,vendor_b,mid,37.8,instagram,68.1,instagram · mid,77.3,instagram
CR00832,tiktok,@creator832_tiktok,vendor_b,46310.0,vendor_b,2.1130857266249192,vendor_b,,,0.29420146881508275,vendor_b,micro,29.8,tiktok,,,89.6,tiktok
CR00832,youtube,@creator832_youtube,vendor_a,16160,vendor_a,1.0263613861386138,vendor_a,0.16133668702838663,vendor_a,0.1048284625158831,vendor_a,micro,39.2,youtube,81.6,youtube · micro,57.3,youtube
CR00834,instagram,@creator834_instagram,vendor_a,42422,vendor_a,0.2916647022771204,vendor_a,0.10327429715742113,vendor_a,0.18526543878656554,vendor_a,micro,17.9,instagram,55.6,instagram · micro,66.3,instagram
CR00834,tiktok,@creator834_tiktok,vendor_b,775100.0,vendor_b,13.86426267578377,vendor_b,0.0906302325908624,vendor_b,0.08339929618432723,vendor_b,mid,99.2,tiktok,56.3,tiktok · mid,25.1,tiktok
CR00834,youtube,@creator834_youtube,vendor_a,979150,vendor_a,1.8041035592095185,vendor_a,-0.025432416776317752,vendor_a,0.11861012075427793,vendor_a,mid,68.1,youtube,7.8,youtube · mid,63.0,youtube
CR00835,instagram,@creator835_instagram,vendor_c,941133,vendor_c,,,0.12328755678305353,vendor_c,,,mid,,,67.4,instagram · mid,,
CR00835,tiktok,@creator835_tiktok,vendor_b,61200.0,vendor_b,,,-0.04449648711943794,vendor_b,0.09111396515375482,vendor_b,micro,,,4.6,tiktok · micro,28.5,tiktok
CR00835,youtube,@creator835_youtube,vendor_a,65015,vendor_a,0.5480119972314081,vendor_a,0.010412619473152538,vendor_a,0.016706443914081145,vendor_a,micro,13.5,youtube,13.5,youtube · micro,10.7,youtube
CR00836,youtube,@creator836_youtube,vendor_a,39841,vendor_a,0.9067543485354284,vendor_a,0.14597595351780476,vendor_a,0.16557257476294676,vendor_a,micro,32.1,youtube,75.9,youtube · micro,75.0,youtube
CR00837,tiktok,@creator837_tiktok,vendor_a,332430,vendor_a,3.9949583370935233,vendor_a,0.025841212629915816,vendor_a,0.198519720166278,vendor_a,mid,62.6,tiktok,19.2,tiktok · mid,70.5,tiktok
CR00839,instagram,https://www.instagram.com/creator839_instagram/,vendor_b,19460.0,vendor_b,0.5616135662898253,vendor_b,-0.0313588850174216,vendor_b,0.1799660441426146,vendor_b,micro,46.2,instagram,5.6,instagram · micro,64.4,instagram
CR00839,tiktok,@creator839_tiktok,vendor_b,6710.0,vendor_b,3.465424739195231,vendor_b,0.2025089605734767,vendor_b,0.054355919583023084,vendor_b,nano,54.3,tiktok,87.5,tiktok · nano,15.0,tiktok
CR00839,youtube,@creator839_youtube,vendor_a,5149,vendor_a,1.0281608079238687,vendor_a,0.024880573248407645,vendor_a,0.16793893129770993,vendor_a,nano,39.4,youtube,17.3,youtube · nano,76.2,youtube
CR00843,instagram,@creator843_instagram,vendor_a,,,,,,,0.05096418732782369,vendor_a,,,,,,13.3,instagram
CR00843,tiktok,@creator843_tiktok,vendor_b,157770.0,vendor_b,1.7839323065221524,vendor_b,,,0.15635778339848241,vendor_b,mid,22.0,tiktok,,,59.3,tiktok
CR00843,youtube,@creator843_youtube,vendor_a,277350.0,vendor_b,1.0826789255453397,vendor_b,0.019781593558113028,vendor_b,0.027317492574644366,vendor_a,mid,43.2,youtube,21.7,youtube · mid,16.6,youtube
CR00844,instagram,@creator844_instagram,vendor_b,264360.0,vendor_b,0.23450219397790892,vendor_b,0.07093376544460199,vendor_b,0.33182503770739064,vendor_b,mid,12.0,instagram,46.4,instagram · mid,94.2,instagram
CR00844,youtube,@creator844_youtube,vendor_a,132024,vendor_a,0.8826955705023329,vendor_a,0.1734527904434312,vendor_a,0.08160512561119541,vendor_a,mid,30.8,youtube,84.3,youtube · mid,44.8,youtube
CR00846,instagram,@creator846_instagram,vendor_b,,,,,,,,,,,,,,,
CR00846,tiktok,https://www.tiktok.com/@creator846_tiktok,vendor_b,120360.0,vendor_b,2.693436357593885,vendor_b,0.0712950600801068,vendor_b,0.29669872936705854,vendor_b,mid,42.3,tiktok,45.0,tiktok · mid,90.2,tiktok
CR00847,instagram,@creator847_instagram,vendor_b,74320.0,vendor_b,0.37181108719052747,vendor_b,0.1531419705197828,vendor_b,,"n/a (likes hidden, vendor_b)",micro,26.9,instagram,78.2,instagram · micro,,
CR00847,tiktok,@creator847_tiktok,vendor_a,11233,vendor_a,7.067924864239295,vendor_a,-0.07653732324893127,vendor_a,0.06851407375081824,vendor_a,micro,87.9,tiktok,2.9,tiktok · micro,21.2,tiktok
CR00847,youtube,@creator847_youtube,vendor_a,209687,vendor_a,1.4602812763786024,vendor_a,0.1272585544176545,vendor_a,0.19120626772929894,vendor_a,mid,57.4,youtube,70.5,youtube · mid,80.8,youtube
CR00848,instagram,@creator848_instagram,vendor_a,7294,vendor_a,0.4871126953660543,vendor_a,0.14164971043981844,vendor_a,0.10683760683760683,vendor_a,nano,39.5,instagram,70.4,instagram · nano,38.4,instagram
CR00848,tiktok,,,,,,,,,,,,,,,,,
CR00848,youtube,@creator848_youtube,vendor_a,221634,vendor_a,1.012480034651723,vendor_a,0.022226321979567833,vendor_a,0.0066246223965233985,vendor_b,mid,38.4,youtube,22.9,youtube · mid,5.3,youtube
CR00851,instagram,,,,,,,,,,,,,,,,,
CR00851,tiktok,,,,,,,,,,,,,,,,,
CR00851,youtube,@creator851_youtube,vendor_a,74413,vendor_a,2.081746469030949,vendor_a,0.053709997167941094,vendor_a,0.06343516209476309,vendor_a,micro,75.9,youtube,31.2,youtube · micro,37.5,youtube
CR00855,instagram,@creator855_instagram,vendor_b,6130.0,vendor_b,,,,,0.14606741573033707,vendor_b,nano,,,,,54.1,instagram
CR00855,tiktok,,,450980.0,vendor_b,4.122972193888864,vendor_b,0.11755959756158002,vendor_b,0.11701947612352237,vendor_b,mid,64.1,tiktok,69.5,tiktok · mid,40.2,tiktok
CR00855,youtube,@creator855_youtube,vendor_a,24962,vendor_a,0.7888711498773412,vendor_c,0.12664740927965337,vendor_a,0.0018148820326678765,vendor_a,micro,26.0,youtube,68.8,youtube · micro,2.3,youtube
CR00856,instagram,https://www.instagram.com/creator856_instagram/,vendor_b,165130.0,vendor_b,0.2630412402349664,vendor_b,0.06887177163570457,vendor_b,0.04554455445544554,vendor_b,mid,14.5,instagram,45.7,instagram · mid,11.6,instagram
CR00856,youtube,@creator856_youtube,vendor_a,190970,vendor_a,2.4882442268419123,vendor_a,0.1030375842570077,vendor_a,0.15406579764121664,vendor_a,mid,82.7,youtube,57.8,youtube · mid,72.0,youtube
CR00857,instagram,@creator857_instagram,vendor_b,25960.0,vendor_b,0.4924114021571649,vendor_b,0.19852262234533702,vendor_b,0.178256611165524,vendor_b,micro,40.0,instagram,92.5,instagram · micro,63.3,instagram
CR00857,tiktok,@creator857_tiktok,vendor_b,45890.0,vendor_b,6.422597515798649,vendor_b,0.06128584643848289,vendor_b,0.26405356395592133,vendor_b,micro,83.5,tiktok,36.1,tiktok · micro,85.8,tiktok
CR00857,youtube,@creator857_youtube,vendor_a,627,vendor_a,0.2631578947368421,vendor_a,0.045,vendor_a,0.0,vendor_a,nano,3.6,youtube,28.0,youtube · nano,0.7,youtube
CR00858,instagram,@creator858_instagram,vendor_b,16190.0,vendor_b,1.0956145768993206,vendor_b,0.15395580898075553,vendor_b,,,micro,79.7,instagram,79.0,instagram · micro,,
CR00858,tiktok,@creator858_tiktok,vendor_b,3480.0,vendor_b,13.997701149425287,vendor_b,,,0.12188759781835427,vendor_b,nano,99.4,tiktok,,,43.5,tiktok
CR00858,youtube,@creator858_youtube,vendor_a,108023,vendor_a,1.071910611629005,vendor_a,0.10189322071934227,vendor_a,0.11340361445783133,vendor_a,mid,42.2,youtube,57.2,youtube · mid,60.4,youtube
CR00859,instagram,@creator859_instagram,vendor_b,6800.0,vendor_b,0.6248529411764706,vendor_b,0.16838487972508592,vendor_b,0.2545454545454545,vendor_b,nano,51.7,instagram,85.2,instagram · nano,83.1,instagram
CR00859,tiktok,@creator859_tiktok,vendor_b,37380.0,vendor_b,3.9725521669341894,vendor_b,0.013282732447817837,vendor_b,,,micro,61.9,tiktok,14.1,tiktok · micro,,
CR00859,youtube,@creator859_youtube,vendor_a,26582,vendor_a,1.5761041306147017,vendor_a,0.16286801697362088,vendor_a,0.14683815648445875,vendor_a,micro,61.6,youtube,82.3,youtube · micro,70.5,youtube
CR00860,instagram,@creator860_instagram,vendor_a,277430,vendor_a,0.5011246080092275,vendor_a,0.14525024355608396,vendor_a,0.15257175881333077,vendor_a,mid,41.2,instagram,76.1,instagram · mid,56.4,instagram
CR00864,instagram,,,,,,,,,,,,,,,,,
CR00864,tiktok,@creator864_tiktok,vendor_b,156410.0,vendor_b,1.775001598363276,vendor_b,0.050577646426652335,vendor_b,0.2979171234378426,vendor_b,mid,21.8,tiktok,31.8,tiktok · mid,90.9,tiktok
CR00864,youtube,@creator864_youtube,vendor_a,64610,vendor_a,0.7589691998142702,vendor_a,0.059944878272852546,vendor_a,0.030997739748143363,vendor_a,micro,24.7,youtube,34.8,youtube · micro,20.0,youtube
CR00865,instagram,@creator865_instagram,vendor_a,1355837,vendor_a,0.37756677240700764,vendor_a,0.11829632311761751,vendor_a,0.12217161859321911,vendor_a,macro,27.6,instagram,56.2,instagram · macro,44.2,instagram
CR00865,tiktok,@creator865_tiktok,vendor_a,1596,vendor_a,2.619674185463659,vendor_a,0.04450261780104712,vendor_a,0.03125,vendor_a,nano,40.4,tiktok,16.7,tiktok · nano,6.7,tiktok
CR00865,youtube,@creator865_youtube,vendor_a,3434,vendor_a,1.5387303436225976,vendor_a,0.11240686750890833,vendor_a,0.0847457627118644,vendor_a,nano,60.5,youtube,52.0,youtube · nano,47.0,youtube
CR00869,youtube,,,,,,,,,,,,,,,,,
CR00872,instagram,@creator872_instagram,vendor_b,52200.0,vendor_b,0.1874521072796935,vendor_b,0.12137486573576799,vendor_b,,,micro,6.8,instagram,61.9,instagram · micro,,
CR00873,instagram,@creator873_instagram,vendor_a,82977,vendor_a,0.41840510020849153,vendor_a,0.057233866343887364,vendor_a,0.41335978835978837,vendor_a,micro,32.7,instagram,31.3,instagram · micro,98.9,instagram
CR00873,tiktok,@creator873_tiktok,vendor_a,460261,vendor_a,5.253391010752595,vendor_a,0.1272314485771875,vendor_a,0.12849832859136492,vendor_a,mid,75.3,tiktok,72.8,tiktok · mid,48.4,tiktok
CR00873,youtube,@creator873_youtube,vendor_a,12822,vendor_a,0.3331773514272344,vendor_a,0.21951683469659503,vendor_a,0.11764705882352941,vendor_a,micro,5.7,youtube,96.1,youtube · micro,62.3,youtube
CR00874,instagram,@creator874_instagram,vendor_b,,,,,,,0.04077627562145661,vendor_b,,,,,,10.2,instagram
CR00874,tiktok,@creator874_tiktok,vendor_a,4345,vendor_a,3.03590333716916,vendor_a,0.02187206020696143,vendor_a,0.14114832535885166,vendor_a,nano,48.0,tiktok,6.2,tiktok · nano,51.8,tiktok
CR00874,youtube,@creator874_youtube,vendor_a,50578,vendor_a,2.0044683459211514,vendor_a,0.1065701096112193,vendor_a,0.3452581032412965,vendor_a,micro,74.1,youtube,56.4,youtube · micro,98.1,youtube
CR00875,instagram,@creator875_instagram,vendor_b,293110.0,vendor_b,0.48040326157415303,vendor_b,0.1072453913569054,vendor_b,0.13532242540904715,vendor_b,mid,38.7,instagram,62.3,instagram · mid,51.1,instagram
CR00875,tiktok,@creator875_tiktok,vendor_b,45137,vendor_a,2.230741963356005,vendor_a,0.10146660484638473,vendor_a,0.08858739026336791,vendor_a,micro,31.7,tiktok,55.6,tiktok · micro,27.5,tiktok
CR00875,youtube,,,,,,,,,,,,,,,,,
CR00876,instagram,@creator876_instagram,vendor_b,105650.0,vendor_b,0.6014387127307146,vendor_b,0.04428190174953049,vendor_b,0.2921108742004264,vendor_b,mid,49.8,instagram,29.0,instagram · mid,89.8,instagram
CR00876,tiktok,,,,,,,,,,,,,,,,,
CR00876,youtube,@creator876_youtube,vendor_a,76501,vendor_a,1.100299342492255,vendor_a,0.023821950991019927,vendor_a,0.035958124715521164,vendor_a,micro,43.9,youtube,17.7,youtube · micro,23.4,youtube
CR00878,instagram,@creator878_instagram,vendor_b,32740.0,vendor_b,0.19337202199144776,vendor_b,0.01962005605730302,vendor_b,0.06222222222222222,vendor_b,micro,7.3,instagram,13.1,instagram · micro,18.5,instagram
CR00878,tiktok,@creator878_tiktok,vendor_a,2402,vendor_a,2.628226477935054,vendor_a,0.024307036247334754,vendor_a,0.042483660130718956,vendor_a,nano,40.8,tiktok,8.3,tiktok · nano,10.6,tiktok
CR00878,youtube,@creator878_youtube,vendor_a,10579,vendor_a,1.1684469231496362,vendor_a,0.07477395103118968,vendor_a,0.07342657342657342,vendor_a,micro,47.3,youtube,41.1,youtube · micro,40.8,youtube
CR00880,instagram,@creator880_instagram,vendor_b,43590.0,vendor_b,0.7565496673548979,vendor_b,0.13250194855806702,vendor_b,0.121492128678987,vendor_b,micro,62.0,instagram,69.0,instagram · micro,43.9,instagram
CR00880,tiktok,@creator880_tiktok,vendor_c,158679,vendor_c,3.0668897585691868,vendor_c,0.031749850451247105,vendor_c,,,mid,48.4,tiktok,22.5,tiktok · mid,,
CR00880,youtube,@creator880_youtube,vendor_a,8104,vendor_a,,,0.021040695476880433,vendor_a,0.010452961672473868,vendor_a,nano,,,14.7,youtube · nano,6.9,youtube
CR00881,instagram,@creator881_instagram,vendor_b,37230.0,vendor_b,0.8574536663980661,vendor_b,-0.14863937800137206,vendor_b,0.07961564859299931,vendor_b,micro,67.7,instagram,0.4,instagram · micro,26.0,instagram
CR00881,tiktok,@creator881_tiktok,vendor_a,6391,vendor_a,5.559536848693475,vendor_a,0.14575645756457564,vendor_b,0.00461361014994233,vendor_a,nano,78.4,tiktok,64.6,tiktok · nano,0.8,tiktok
CR00881,youtube,,,,,,,,,,,,,,,,,
CR00882,instagram,@creator882_instagram,vendor_a,267523,vendor_a,2.24223337806469,vendor_a,-0.11326377057548377,vendor_a,0.19079769942485622,vendor_a,mid,95.1,instagram,2.9,instagram · mid,67.1,instagram
CR00882,tiktok,@creator882_tiktok,vendor_b,114110.0,vendor_b,1.7176583997896766,vendor_b,0.0690462806820311,vendor_b,0.09236492024462518,vendor_b,mid,20.1,tiktok,41.7,tiktok · mid,28.8,tiktok
CR00882,youtube,@creator882_youtube,vendor_a,78023,vendor_a,0.40554708227061254,vendor_a,0.13339628123184194,vendor_a,,,micro,7.6,youtube,70.9,youtube · micro,,
CR00883,instagram,,,,,,,,,,,,,,,,,
CR00883,tiktok,,,,,,,,,,,,,,,,,
CR00883,youtube,@creator883_youtube,vendor_a,207690,vendor_a,0.7807308970099668,vendor_a,0.03686877511794513,vendor_a,0.018140744797371305,vendor_a,mid,25.5,youtube,28.3,youtube · mid,11.6,youtube
CR00887,instagram,@creator887_instagram,vendor_a,12933,vendor_a,0.6988324441351581,vendor_a,0.15452597750401714,vendor_a,0.0835117773019272,vendor_a,micro,58.1,instagram,79.8,instagram · micro,28.2,instagram
CR00887,tiktok,@creator887_tiktok,vendor_b,384650.0,vendor_b,3.184572988431041,vendor_b,0.0760042519861251,vendor_b,,,mid,50.7,tiktok,48.3,tiktok · mid,,
CR00887,youtube,@creator887_youtube,vendor_a,29239,vendor_a,1.27562502137556,vendor_a,0.08196417998815868,vendor_a,0.031192660550458717,vendor_a,micro,51.7,youtube,46.5,youtube · micro,20.2,youtube
CR00889,instagram,@creator889_instagram,vendor_a,9393,vendor_a,0.4426700734589588,vendor_a,0.07140412912056576,vendor_a,0.11363636363636363,vendor_a,nano,35.7,instagram,40.7,instagram · nano,40.9,instagram
CR00889,tiktok,@creator889_tiktok,vendor_a,65589,vendor_a,9.497476711033862,vendor_a,0.012629108706056724,vendor_a,0.4964768528081893,vendor_a,micro,94.9,tiktok,13.7,tiktok · micro,99.7,tiktok
CR00889,youtube,@creator889_youtube,vendor_a,43575,vendor_a,1.0888582903040733,vendor_a,0.09276256394823955,vendor_a,0.033582089552238806,vendor_a,micro,43.3,youtube,53.5,youtube · micro,21.3,youtube
CR00891,instagram,@creator891_instagram,vendor_a,129688,vendor_a,0.5622031336746653,vendor_a,0.11476142585763772,vendor_a,0.060297572435395456,vendor_a,mid,46.4,instagram,65.2,instagram · mid,17.7,instagram
CR00891,tiktok,@creator891_tiktok,vendor_a,,,,,,,0.2858455882352941,vendor_a,,,,,,88.6,tiktok
CR00891,youtube,@creator891_youtube,vendor_a,1827,vendor_a,2.889983579638752,vendor_a,0.07914943886591849,vendor_a,0.16589861751152074,vendor_a,nano,88.0,youtube,42.7,youtube · nano,75.2,youtube
CR00894,tiktok,,,,,,,,,,,,,,,,,
CR00895,tiktok,,,55043,vendor_c,0.8679577784641099,vendor_c,,,,,micro,4.7,tiktok,,,,
CR00895,youtube,@creator895_youtube,vendor_a,1321,vendor_a,0.9568508705526116,vendor_a,0.1252129471890971,vendor_a,0.057692307692307696,vendor_a,nano,35.7,youtube,61.3,youtube · nano,35.2,youtube
CR00897,instagram,@creator897_instagram,vendor_a,6026,vendor_a,1.1933289080650515,vendor_a,0.18296034550451512,vendor_a,0.11547911547911548,vendor_a,nano,82.3,instagram,90.7,instagram · nano,41.4,instagram
CR00897,tiktok,@creator897_tiktok,vendor_c,136392,vendor_c,2.4156548771188926,vendor_c,0.07579091834078701,vendor_c,,,mid,36.2,tiktok,47.7,tiktok · mid,,
CR00897,youtube,@creator897_youtube,vendor_a,3964,vendor_a,0.7033299697275479,vendor_a,0.0007573844988639232,vendor_a,0.1696969696969697,vendor_a,nano,20.9,youtube,5.3,youtube · nano,77.1,youtube
CR00899,instagram,@creator899_instagram,vendor_a,249998,vendor_a,0.5355242841942736,vendor_a,0.05728858288362966,vendor_a,0.23392299687825183,vendor_a,mid,44.4,instagram,38.4,instagram · mid,79.0,instagram
CR00899,tiktok,,,,,,,,,,,,,,,,,
CR00899,youtube,@creator899_youtube,vendor_a,201786,vendor_a,0.32067636010426886,vendor_a,,,0.06793977230995225,vendor_a,mid,4.9,youtube,,,39.0,youtube
CR00901,instagram,@creator901_instagram,vendor_a,116729,vendor_a,0.14567074163232788,vendor_a,0.08044391788074566,vendor_a,0.007587253414264037,vendor_a,mid,4.5,instagram,51.4,instagram · mid,2.2,instagram
CR00901,tiktok,@creator901_tiktok,vendor_b,710.0,vendor_b,0.5422535211267606,vendor_b,,,0.14814814814814814,vendor_b,nano,1.5,tiktok,,,56.2,tiktok
CR00901,youtube,,,,,,,,,,,,,,,,,
CR00902,instagram,,,,,,,,,,,,,,,,,
CR00902,youtube,@creator902_youtube,vendor_a,49308,vendor_a,1.2308753143506124,vendor_a,-0.009183160856023309,vendor_a,0.0481203007518797,vendor_a,micro,50.0,youtube,9.2,youtube · micro,29.3,youtube
CR00909,instagram,@creator909_instagram,vendor_c,670,vendor_c,0.058208955223880594,vendor_c,0.046875,vendor_c,,,nano,0.2,instagram,25.9,instagram · nano,,
CR00911,instagram,,,,,,,,,,,,,,,,,
CR00911,tiktok,,,7690.0,vendor_b,5.793368010403121,vendor_b,0.15119760479041916,vendor_b,0.03976290442084465,vendor_b,nano,80.1,tiktok,68.8,tiktok · nano,9.3,tiktok
CR00911,youtube,@creator911_youtube,vendor_a,83131,vendor_a,1.1809794180269695,vendor_a,0.2943310445762686,vendor_a,0.0473763684409211,vendor_a,micro,48.1,youtube,100.0,youtube · micro,29.1,youtube
CR00914,instagram,@creator914_instagram,vendor_b,61680.0,vendor_b,0.45969520103761347,vendor_b,0.06934812760055478,vendor_b,0.1703096539162113,vendor_b,micro,37.0,instagram,37.3,instagram · micro,61.0,instagram
CR00914,tiktok,@creator914_tiktok,vendor_b,314080.0,vendor_b,,,0.18212954947495202,vendor_b,0.28232483893565463,vendor_b,mid,,,93.4,tiktok · mid,88.1,tiktok
CR00914,youtube,@creator914_youtube,vendor_a,20626,vendor_a,1.5797052264132647,vendor_a,0.18519795437568234,vendor_a,0.0411663807890223,vendor_a,micro,61.8,youtube,90.8,youtube · micro,25.9,youtube
CR00915,instagram,@creator915_instagram,vendor_b,2460.0,vendor_b,0.5036585365853659,vendor_b,,,0.10112359550561797,vendor_b,nano,41.7,instagram,,,34.8,instagram
CR00916,instagram,,,,,,,,,,,,,,,,,
CR00916,tiktok,,,37397,vendor_c,,,0.0708109036765548,vendor_c,,,micro,,,40.7,tiktok · micro,,
CR00916,youtube,@creator916_youtube,vendor_a,33862,vendor_a,2.020258697064556,vendor_a,0.14743654908339263,vendor_a,0.16757560733763013,vendor_a,micro,74.7,youtube,76.6,youtube · micro,76.0,youtube
CR00919,instagram,,,,,,,,,,,,,,,,,
CR00919,tiktok,@creator919_tiktok,vendor_a,114469,vendor_a,7.257117647572705,vendor_a,0.05547103353526412,vendor_a,0.02738234463846433,vendor_a,mid,88.4,tiktok,33.1,tiktok · mid,5.2,tiktok
CR00919,youtube,@creator919_youtube,vendor_a,30879,vendor_a,0.569804721655494,vendor_a,0.08866873501621773,vendor_a,0.25529411764705884,vendor_a,micro,14.4,youtube,49.6,youtube · micro,93.1,youtube
CR00923,instagram,@creator923_instagram,vendor_b,92640.0,vendor_b,0.664302677029361,vendor_b,0.14568389809547366,vendor_b,,"n/a (likes hidden, vendor_b)",micro,55.8,instagram,75.8,instagram · micro,,
CR00923,tiktok,@creator923_tiktok,vendor_b,26110.0,vendor_b,8.362657985446189,vendor_b,0.12375634943957013,vendor_c,0.12249106406378883,vendor_b,micro,91.5,tiktok,65.6,tiktok · micro,44.3,tiktok
CR00923,youtube,@creator923_youtube,vendor_a,25015,vendor_a,0.8814311413152108,vendor_a,0.1034928848641656,vendor_b,0.0072992700729927005,vendor_a,micro,30.6,youtube,56.0,youtube · micro,5.7,youtube
CR00924,instagram,@creator924_instagram,vendor_b,96190.0,vendor_b,0.07477908306476765,vendor_b,0.01573389651531151,vendor_b,,,micro,1.1,instagram,12.3,instagram · micro,,
CR00924,tiktok,@creator924_tiktok,vendor_c,63410,vendor_c,1.1707774798927615,vendor_c,,,,,micro,8.0,tiktok,,,,
CR00926,instagram,@creator926_instagram,vendor_b,45580.0,vendor_b,0.7501096972356297,vendor_b,-0.0050830758206816245,vendor_c,0.03954175905395418,vendor_b,micro,61.3,instagram,8.3,instagram · micro,9.7,instagram
CR00927,instagram,@creator927_instagram,vendor_a,4102,vendor_a,0.9556313993174061,vendor_a,-0.03391427225624117,vendor_a,0.205,vendor_a,nano,74.1,instagram,3.7,instagram · nano,72.7,instagram
CR00927,tiktok,,,,,,,,,,,,,,,,,
CR00927,youtube,@creator927_youtube,vendor_a,10144,vendor_a,0.34246845425867506,vendor_a,0.03225806451612903,vendor_a,0.10687022900763359,vendor_a,micro,6.1,youtube,22.0,youtube · micro,57.9,youtube
CR00928,instagram,https://www.instagram.com/creator928_instagram/,vendor_b,316090.0,vendor_b,0.655189977538043,vendor_b,0.1028190635684879,vendor_b,0.07620735489587949,vendor_b,mid,54.9,instagram,60.1,instagram · mid,24.0,instagram
CR00928,tiktok,https://www.tiktok.com/@creator928_tiktok,vendor_b,183440.0,vendor_b,5.0250599651112084,vendor_b,,,0.12937428524750857,vendor_b,mid,73.2,tiktok,,,49.0,tiktok
CR00928,youtube,@creator928_youtube,vendor_a,20832,vendor_a,1.7425115207373272,vendor_a,0.23845193508114856,vendor_a,0.08214849921011058,vendor_a,micro,66.9,youtube,97.9,youtube · micro,45.5,youtube
CR00931,youtube,@creator931_youtube,vendor_a,8273,vendor_a,1.5105765743986461,vendor_a,0.11076799140708915,vendor_a,0.030276046304541407,vendor_a,nano,59.1,youtube,50.7,youtube · nano,19.8,youtube
CR00934,tiktok,@creator934_tiktok,vendor_b,146250.0,vendor_b,8.42114188034188,vendor_b,0.18401878238341968,vendor_b,0.084508512316185,vendor_b,mid,92.2,tiktok,94.0,tiktok · mid,25.9,tiktok
CR00934,youtube,,,27783,vendor_c,,,,,0.0931174089068826,vendor_c,micro,,,,,50.9,youtube
CR00935,instagram,@creator935_instagram,vendor_b,146480.0,vendor_b,0.8605884762424905,vendor_b,0.05685425685425685,vendor_b,0.06758221900975786,vendor_b,mid,67.9,instagram,36.2,instagram · mid,19.6,instagram
CR00935,tiktok,@creator935_tiktok,vendor_c,13060,vendor_c,1.5584226646248085,vendor_c,0.12625043118316662,vendor_c,,,micro,16.1,tiktok,67.2,tiktok · micro,,
CR00935,youtube,@creator935_youtube,vendor_a,76389,vendor_a,0.5729358939114271,vendor_a,0.10797012111103053,vendor_a,0.49239093676022994,vendor_a,micro,14.6,youtube,58.2,youtube · micro,100.0,youtube
CR00939,tiktok,@creator939_tiktok,vendor_b,500717,vendor_a,4.189600113437331,vendor_a,0.018651243314501707,vendor_a,0.13573769231508442,vendor_a,mid,65.1,tiktok,15.9,tiktok · mid,50.5,tiktok
CR00940,youtube,,,,,,,,,,,,,,,,,
CR00942,instagram,@creator942_instagram,vendor_a,79640,vendor_a,0.28697890507282775,vendor_a,-0.06192209383134858,vendor_a,0.2537912578055308,vendor_a,micro,17.3,instagram,2.4,instagram · micro,82.9,instagram
CR00942,tiktok,@creator942_tiktok,vendor_a,180192,vendor_a,3.489738723139762,vendor_a,0.16180945994738744,vendor_a,0.11621075821553148,vendor_a,mid,55.0,tiktok,87.4,tiktok · mid,39.6,tiktok
CR00942,youtube,@creator942_youtube,vendor_a,44334,vendor_a,1.4261740424956015,vendor_a,0.0646718378521169,vendor_a,0.017931858936043037,vendor_a,micro,56.5,youtube,37.2,youtube · micro,11.2,youtube
CR00943,youtube,@creator943_youtube,vendor_a,24643,vendor_a,1.7258044880899241,vendor_a,0.04881681988423561,vendor_a,0.20748486516235554,vendor_a,micro,66.3,youtube,29.8,youtube · micro,84.6,youtube
CR00949,instagram,,,39950.0,vendor_b,1.0458823529411765,vendor_b,0.09752747252747253,vendor_b,0.23145299145299145,vendor_b,micro,77.6,instagram,54.0,instagram · micro,78.2,instagram
CR00949,tiktok,,,,,,,,,,,,,,,,,
CR00952,instagram,,,,,,,,,,,,,,,,,
CR00952,youtube,@creator952_youtube,vendor_a,2475,vendor_a,1.2,vendor_a,0.2544348707551951,vendor_a,0.02564102564102564,vendor_b,nano,49.4,youtube,98.7,youtube · nano,15.6,youtube
CR00953,instagram,,,,,,,,,,,,,,,,,
CR00953,tiktok,@creator953_tiktok,vendor_b,63900.0,vendor_b,1.0620657276995304,vendor_b,0.01978933929141398,vendor_b,0.14283249956874244,vendor_b,micro,6.8,tiktok,17.0,tiktok · micro,53.6,tiktok
CR00955,instagram,,,,,,,,,,,,,,,,,
CR00955,tiktok,@creator955_tiktok,vendor_b,73830.0,vendor_b,2.021224434511716,vendor_b,0.06767895878524946,vendor_b,0.04867645213900389,vendor_b,micro,27.1,tiktok,38.6,tiktok · micro,13.0,tiktok
CR00955,youtube,@creator955_youtube,vendor_a,5912,vendor_a,1.9435047361299054,vendor_a,0.2001624035728786,vendor_a,0.07373271889400922,vendor_a,nano,71.7,youtube,92.0,youtube · nano,41.3,youtube
CR00956,instagram,@creator956_instagram,vendor_a,76305,vendor_a,0.08045344341786252,vendor_a,0.17812745869394178,vendor_b,0.18775510204081633,vendor_a,micro,1.7,instagram,86.1,instagram · micro,66.6,instagram
CR00956,tiktok,@creator956_tiktok,vendor_b,601550.0,vendor_b,6.897694289751476,vendor_b,0.20931588364191947,vendor_b,0.13356293895191787,vendor_b,mid,86.3,tiktok,98.0,tiktok · mid,49.5,tiktok
CR00956,youtube,@creator956_youtube,vendor_a,10905,vendor_a,0.8289775332416323,vendor_a,0.08951943251074033,vendor_a,0.14096916299559473,vendor_a,micro,28.1,youtube,50.4,youtube · micro,68.6,youtube
CR00959,instagram,@creator959_instagram,vendor_b,1086020.0,vendor_b,0.12642400692436603,vendor_b,0.1007033831309671,vendor_b,0.27565564424173317,vendor_b,macro,3.4,instagram,43.8,instagram · macro,86.7,instagram
CR00959,tiktok,,,,,,,,,,,,,,,,,
CR00962,instagram,@creator962_instagram,vendor_b,45390.0,vendor_b,0.1855034148490857,vendor_b,0.083810888252149,vendor_b,0.09534883720930233,vendor_b,micro,6.6,instagram,47.6,instagram · micro,33.1,instagram
CR00962,tiktok,@creator962_tiktok,vendor_a,20954,vendor_a,4.218764913620311,vendor_a,0.07710496555978205,vendor_a,0.09969392216878006,vendor_a,micro,65.5,tiktok,43.6,tiktok · micro,32.4,tiktok
CR00962,youtube,@creator962_youtube,vendor_a,28605,vendor_a,0.7990211501485754,vendor_a,0.0011549769004619908,vendor_a,0.10813542193026782,vendor_b,micro,26.6,youtube,11.0,youtube · micro,58.7,youtube
CR00966,instagram,https://www.instagram.com/creator966_instagram/,vendor_b,322720.0,vendor_b,0.47347855726326227,vendor_b,0.15092724679029956,vendor_b,0.03547066848567531,vendor_b,mid,37.6,instagram,79.7,instagram · mid,7.7,instagram
CR00967,instagram,@creator967_instagram,vendor_a,18301,vendor_a,0.4431998251461669,vendor_a,0.2139966832504146,vendor_a,0.04896421845574388,vendor_a,micro,35.9,instagram,94.8,instagram · micro,13.0,instagram
CR00967,youtube,@creator967_youtube,vendor_a,13915,vendor_a,1.0577793747754223,vendor_a,0.17983720535865694,vendor_a,0.2471590909090909,vendor_a,micro,40.9,youtube,90.1,youtube · micro,91.8,youtube
CR00969,tiktok,@creator969_tiktok,vendor_b,30570.0,vendor_b,2.274550212626758,vendor_b,0.10400866738894908,vendor_b,0.381849980567431,vendor_b,micro,32.8,tiktok,56.8,tiktok · micro,97.2,tiktok
CR00969,youtube,@creator969_youtube,vendor_a,1281972,vendor_a,2.688249041320715,vendor_a,0.07425510680356875,vendor_a,0.2681671496612943,vendor_a,macro,85.2,youtube,70.0,youtube · macro,94.5,youtube
CR00970,instagram,@creator970_instagram,vendor_a,65971,vendor_a,0.5221839899349714,vendor_a,0.07504155395495878,vendor_a,0.2735930735930736,vendor_a,micro,44.0,instagram,42.1,instagram · micro,86.2,instagram
CR00971,tiktok,https://www.tiktok.com/@creator971_tiktok,vendor_b,39700.0,vendor_b,0.6248614609571789,vendor_b,0.15541327124563445,vendor_b,0.31019283746556475,vendor_b,micro,1.9,tiktok,81.3,tiktok · micro,93.3,tiktok
CR00971,youtube,@creator971_youtube,vendor_a,216031,vendor_a,1.7696488004036457,vendor_a,0.05931821079368815,vendor_a,0.1883481612070026,vendor_a,mid,67.1,youtube,38.6,youtube · mid,80.4,youtube
CR00975,instagram,@creator975_instagram,vendor_b,91840.0,vendor_b,0.11452526132404181,vendor_b,0.08468170544466753,vendor_b,,,micro,2.8,instagram,48.8,instagram · micro,,
CR00975,tiktok,@creator975_tiktok,vendor_a,72000,vendor_a,4.569,vendor_a,0.15938295062960936,vendor_a,0.05373989218328841,vendor_a,micro,69.3,tiktok,83.4,tiktok · micro,14.8,tiktok
CR00975,youtube,,,,,,,,,,,,,,,,,
CR00977,instagram,https://www.instagram.com/creator977_instagram/,vendor_b,3140.0,vendor_b,0.7595541401273885,vendor_b,,,0.10666666666666667,vendor_b,nano,62.4,instagram,,,38.1,instagram
CR00977,tiktok,https://www.tiktok.com/@creator977_tiktok,vendor_b,30760.0,vendor_b,9.294115734720416,vendor_b,0.11935953420669577,vendor_b,,,micro,94.7,tiktok,63.1,tiktok · micro,,
CR00977,youtube,@creator977_youtube,vendor_a,20189,vendor_a,0.8446183565307841,vendor_a,0.07462607121946027,vendor_a,0.20408163265306123,vendor_a,micro,29.1,youtube,40.8,youtube · micro,83.6,youtube
CR00978,tiktok,@creator978_tiktok,vendor_b,43390.0,vendor_b,2.1839824844434204,vendor_b,0.1936726272352132,vendor_b,,,micro,30.7,tiktok,93.4,tiktok · micro,,
CR00979,instagram,https://www.instagram.com/creator979_instagram/,vendor_b,13130.0,vendor_b,1.929017517136329,vendor_b,0.0771123872026251,vendor_b,0.15565610859728507,vendor_b,micro,92.3,instagram,43.7,instagram · micro,57.7,instagram
CR00979,tiktok,,,,,,,,,,,,,,,,,
CR00979,youtube,https://youtube.com/@creator979_youtube,vendor_b,391980.0,vendor_b,0.5208862697076382,vendor_b,0.12783772119119552,vendor_b,0.09566704675028506,vendor_b,mid,12.4,youtube,71.1,youtube · mid,52.4,youtube
CR00983,instagram,@creator983_instagram,vendor_b,32770.0,vendor_b,0.36414403417760144,vendor_b,0.09233333333333334,vendor_b,0.15142857142857144,vendor_b,micro,26.3,instagram,52.4,instagram · micro,55.5,instagram
CR00983,tiktok,@creator983_tiktok,vendor_b,17730.0,vendor_b,2.692216582064298,vendor_b,0.20121951219512196,vendor_b,0.027564102564102563,vendor_b,micro,42.1,tiktok,94.2,tiktok · micro,5.4,tiktok
CR00983,youtube,@creator983_youtube,vendor_a,420755,vendor_a,0.7199248969115043,vendor_a,-0.003285624268611036,vendor_a,0.10520757169550735,vendor_a,mid,21.9,youtube,13.3,youtube · mid,57.5,youtube
CR00985,tiktok,,,,,,,,,,,,,,,,,
CR00985,youtube,@creator985_youtube,vendor_a,130469,vendor_a,0.3051606128658915,vendor_a,0.12132046444870351,vendor_a,0.22925333917232318,vendor_a,mid,4.6,youtube,68.7,youtube · mid,89.1,youtube
CR00986,instagram,,,,,,,,,,,,,,,,,
CR00986,youtube,@creator986_youtube,vendor_b,2060.0,vendor_b,0.45679611650485435,vendor_b,,,0.2,vendor_b,nano,10.1,youtube,,,82.5,youtube
CR00987,instagram,@creator987_instagram,vendor_b,726520.0,vendor_b,,,0.1942074724263195,vendor_b,0.09036633710655777,vendor_b,mid,,,91.3,instagram · mid,30.9,instagram
CR00987,tiktok,,,,,,,,,,,,,,,,,
CR00987,youtube,@creator987_youtube,vendor_a,23344,vendor_a,1.0558601782042494,vendor_a,0.08698081579437511,vendor_a,0.17736486486486486,vendor_a,micro,40.7,youtube,48.9,youtube · micro,78.7,youtube
CR00990,instagram,@creator990_instagram,vendor_a,14768,vendor_a,1.074553087757313,vendor_a,0.13026174804836982,vendor_a,,,micro,78.8,instagram,67.5,instagram · micro,,
CR00990,tiktok,@creator990_tiktok,vendor_a,202079,vendor_a,5.431588636127455,vendor_a,0.0657894042878616,vendor_a,0.12180656934306569,vendor_a,mid,77.2,tiktok,39.7,tiktok · mid,43.3,tiktok
CR00990,youtube,@creator990_youtube,vendor_a,8381,vendor_a,1.1240902040329317,vendor_a,0.18828867148731038,vendor_a,0.01996007984031936,vendor_a,nano,45.4,youtube,86.7,youtube · nano,12.6,youtube
CR00991,instagram,https://www.instagram.com/creator991_instagram/,vendor_b,39000.0,vendor_b,0.26597435897435895,vendor_b,0.12945264986967853,vendor_b,0.2436750998668442,vendor_b,micro,14.7,instagram,66.7,instagram · micro,80.4,instagram
CR00991,tiktok,@creator991_tiktok,vendor_a,1060,vendor_a,1.6160377358490565,vendor_a,0.11814345991561181,vendor_a,0.2,vendor_a,nano,17.8,tiktok,47.9,tiktok · nano,71.2,tiktok
CR00991,youtube,@creator991_youtube,vendor_a,1018277,vendor_a,3.2012360094551875,vendor_a,-0.025291495445099496,vendor_a,0.06397972546470328,vendor_a,macro,89.9,youtube,20.0,youtube · macro,37.9,youtube
CR00992,instagram,@creator992_instagram,vendor_a,65444,vendor_a,0.8930077623617139,vendor_a,0.1331313306207255,vendor_a,0.2511974454497073,vendor_a,micro,70.3,instagram,69.8,instagram · micro,81.8,instagram
CR00992,tiktok,@creator992_tiktok,vendor_a,7853,vendor_a,3.838278364956068,vendor_a,0.12652417156792425,vendor_a,0.10606060606060606,vendor_a,nano,61.1,tiktok,54.2,tiktok · nano,35.2,tiktok
CR00994,instagram,,,14410.0,vendor_b,1.2139486467730742,vendor_b,0.18114754098360655,vendor_b,,"n/a (likes hidden, vendor_b)",micro,82.9,instagram,87.3,instagram · micro,,
CR00994,youtube,@creator994_youtube,vendor_a,375632,vendor_a,0.5876416279763172,vendor_a,0.03610044573899995,vendor_a,0.20525994949055126,vendor_a,mid,15.8,youtube,27.7,youtube · mid,84.0,youtube
CR00995,instagram,@creator995_instagram,vendor_c,13585,vendor_c,1.0401177769598822,vendor_c,0.2457588262265016,vendor_c,,,micro,77.4,instagram,97.6,instagram · micro,,
CR00995,tiktok,@creator995_tiktok,vendor_b,34670.0,vendor_b,3.187222382463225,vendor_b,0.17565276364869448,vendor_b,0.2778505897771953,vendor_b,micro,51.2,tiktok,88.4,tiktok · micro,87.3,tiktok
CR00995,youtube,@creator995_youtube,vendor_a,8195,vendor_a,3.3236119585112873,vendor_a,0.14936886395511922,vendor_a,0.15460729746444032,vendor_a,nano,91.1,youtube,76.0,youtube · nano,72.2,youtube
CR00998,instagram,@creator998_instagram,vendor_a,9513,vendor_a,1.7849258908861558,vendor_a,0.14517876489707476,vendor_a,0.07160493827160494,vendor_a,nano,90.8,instagram,72.2,instagram · nano,22.4,instagram
CR00998,tiktok,@creator998_tiktok,vendor_b,8620.0,vendor_b,0.5325986078886311,vendor_b,,,0.14736842105263157,vendor_b,nano,1.1,tiktok,,,55.7,tiktok
CR00999,instagram,@creator999_instagram,vendor_c,2160,vendor_c,0.725,vendor_c,0.08816120906801007,vendor_c,,,nano,60.5,instagram,55.6,instagram · nano,,
CR01000,tiktok,,,,,,,,,,,,,,,,,
CR01000,youtube,@creator1000_youtube,vendor_a,86822,vendor_a,0.6556057220520145,vendor_a,0.13064201067847375,vendor_a,0.02304426925409339,vendor_a,micro,18.6,youtube,70.2,youtube · micro,14.1,youtube
CR01003,instagram,@creator1003_instagram,vendor_b,10880.0,vendor_b,0.7287683823529412,vendor_b,0.1537645811240721,vendor_b,0.03759398496240601,vendor_b,micro,60.7,instagram,78.6,instagram · micro,8.8,instagram
CR01003,tiktok,https://www.tiktok.com/@creator1003_tiktok,vendor_b,66260.0,vendor_b,3.5271204346513736,vendor_b,0.12898279093542342,vendor_b,0.15871504026322625,vendor_b,micro,55.4,tiktok,69.3,tiktok · micro,60.1,tiktok
CR01003,youtube,@creator1003_youtube,vendor_a,10370,vendor_a,0.7122468659594986,vendor_a,0.1736079674060661,vendor_a,0.09815950920245399,vendor_a,micro,21.1,youtube,88.7,youtube · micro,53.5,youtube
CR01004,instagram,@creator1004_instagram,vendor_c,176297,vendor_c,,,0.015465520816533419,vendor_c,,,mid,,,18.8,instagram · mid,,
CR01004,tiktok,https://www.tiktok.com/@creator1004_tiktok,vendor_b,5940.0,vendor_b,3.7355218855218855,vendor_b,,,0.24849094567404426,vendor_b,nano,58.8,tiktok,,,82.1,tiktok
CR01004,youtube,@creator1004_youtube,vendor_b,21230.0,vendor_b,2.641497880357984,vendor_b,,,0.09495683780099955,vendor_b,micro,84.6,youtube,,,51.8,youtube
CR01005,instagram,,,,,,,,,,,,,,,,,
CR01005,tiktok,@creator1005_tiktok,vendor_c,,,,,,,,,,,,,,,
CR01005,youtube,,,,,,,,,,,,,,,,,
CR01006,tiktok,@creator1006_tiktok,vendor_a,376911,vendor_a,5.371461697854401,vendor_a,0.2719213584763036,vendor_a,0.017467511631638056,vendor_a,mid,76.3,tiktok,99.3,tiktok · mid,3.1,tiktok
CR01008,instagram,@creator1008_instagram,vendor_b,62190.0,vendor_b,0.680977649139733,vendor_b,0.0344311377245509,vendor_b,0.04336224149432955,vendor_b,micro,57.1,instagram,19.8,instagram · micro,11.0,instagram
CR01008,tiktok,@creator1008_tiktok,vendor_b,205200.0,vendor_b,3.6012378167641326,vendor_b,0.07238045466422785,vendor_b,,,mid,56.4,tiktok,45.7,tiktok · mid,,
CR01008,youtube,@creator1008_youtube,vendor_a,109210,vendor_a,2.751167475505906,vendor_a,0.27798256392253234,vendor_a,0.32669322709163345,vendor_a,mid,86.1,youtube,97.0,youtube · mid,97.5,youtube
CR01009,instagram,@creator1009_instagram,vendor_c,,,,,,,,,,,,,,,
CR01009,youtube,,,,,,,,,,,,,,,,,
CR01011,instagram,https://www.instagram.com/creator1011_instagram/,vendor_b,6100.0,vendor_b,0.6070491803278688,vendor_b,0.1619047619047619,vendor_b,0.125,vendor_b,nano,50.0,instagram,81.5,instagram · nano,45.9,instagram
CR01011,tiktok,@creator1011_tiktok,vendor_a,3065,vendor_a,2.095269168026101,vendor_a,0.2052693668895006,vendor_a,0.22664015904572565,vendor_a,nano,28.5,tiktok,89.6,tiktok · nano,77.2,tiktok
CR01011,youtube,@creator1011_youtube,vendor_a,27275,vendor_a,3.12051329055912,vendor_a,0.14596949891067537,vendor_b,0.04940530649588289,vendor_a,micro,89.5,youtube,75.5,youtube · micro,31.2,youtube
CR01013,instagram,@creator1013_instagram,vendor_a,22453,vendor_a,0.6090945530664054,vendor_a,0.06513282732447818,vendor_a,0.12391093901258471,vendor_a,micro,50.2,instagram,33.7,instagram · micro,45.3,instagram
CR01013,tiktok,@creator1013_tiktok,vendor_a,18578,vendor_a,1.563462159543546,vendor_a,0.21021431828545373,vendor_a,0.11902766135792121,vendor_a,micro,16.5,tiktok,95.4,tiktok · micro,41.2,tiktok
CR01014,instagram,@creator1014_instagram,vendor_b,76930.0,vendor_b,0.322773950344469,vendor_b,0.12520111159865438,vendor_b,0.17302798982188294,vendor_b,micro,21.2,instagram,64.7,instagram · micro,61.9,instagram
CR01016,instagram,,,,,,,,,,,,,,,,,
CR01016,tiktok,@creator1016_tiktok,vendor_b,158730.0,vendor_b,5.072708372708373,vendor_b,0.12870653487875985,vendor_b,0.24005518956839425,vendor_b,mid,73.6,tiktok,73.5,tiktok · mid,80.8,tiktok
CR01016,youtube,@creator1016_youtube,vendor_a,120862,vendor_a,0.36476311826711455,vendor_a,0.010966031233532132,vendor_a,0.029974160206718347,vendor_a,mid,6.7,youtube,16.9,youtube · mid,19.2,youtube
CR01017,instagram,@creator1017_instagram,vendor_c,30452,vendor_c,,,,,,,micro,,,,,,
CR01017,tiktok,@creator1017_tiktok,vendor_a,405240,vendor_a,6.5253504096337975,vendor_a,0.1999786796799583,vendor_a,0.05781008696469151,vendor_a,mid,83.9,tiktok,96.0,tiktok · mid,16.6,tiktok
CR01017,youtube,@creator1017_youtube,vendor_a,218400,vendor_b,,EXCLUDED: Q00026 (no consistent source),6.01123595505618,vendor_b,0.011070720423000661,vendor_a,mid,,,98.8,youtube · mid,7.0,youtube
CR01023,instagram,@creator1023_instagram,vendor_a,30967,vendor_a,0.6103271224206414,vendor_a,0.16016034766971377,vendor_a,0.07043235704323571,vendor_b,micro,50.6,instagram,81.3,instagram · micro,21.5,instagram
CR01023,tiktok,,,53280.0,vendor_b,2.271114864864865,vendor_b,0.18822479928635147,vendor_b,0.22046621888581588,vendor_b,micro,32.3,tiktok,91.7,tiktok · micro,76.2,tiktok
CR01023,youtube,@creator1023_youtube,vendor_a,194395,vendor_a,0.6924252166979603,vendor_a,-0.047209437966543644,vendor_a,0.10154000250406911,vendor_a,mid,20.3,youtube,5.4,youtube · mid,56.2,youtube
CR01025,instagram,@creator1025_instagram,vendor_b,402760.0,vendor_b,0.6284313238653292,vendor_b,0.23119249228135605,vendor_b,,,mid,51.9,instagram,97.8,instagram · mid,,
CR01025,tiktok,,,,,,,,,,,,,,,,,
CR01025,youtube,@creator1025_youtube,vendor_a,91973,vendor_a,7.451589053309124,vendor_a,0.023753603668785272,vendor_a,0.04677533664068037,vendor_a,micro,99.0,youtube,17.4,youtube · micro,28.8,youtube
CR01029,instagram,@creator1029_instagram,vendor_a,8967,vendor_a,0.9991078398572544,vendor_a,0.10881661926548782,vendor_a,0.3089430894308943,vendor_a,nano,75.4,instagram,66.7,instagram · nano,92.8,instagram
CR01030,tiktok,@creator1030_tiktok,vendor_b,46480.0,vendor_b,7.217125645438898,vendor_b,0.12081022425850012,vendor_b,0.21793662768766503,vendor_b,micro,88.2,tiktok,64.3,tiktok · micro,75.4,tiktok
CR01030,youtube,@creator1030_youtube,vendor_b,19230.0,vendor_b,0.27082683307332295,vendor_b,0.1626360338573156,vendor_b,0.017057569296375266,vendor_b,micro,4.0,youtube,81.9,youtube · micro,10.9,youtube
CR01031,instagram,,,,,,,,,,,,,,,,,
CR01031,tiktok,https://www.tiktok.com/@creator1031_tiktok,vendor_b,1091790.0,vendor_b,10.037116112072834,vendor_b,0.07786399715673499,vendor_b,0.2770694037113238,vendor_b,macro,96.4,tiktok,50.0,tiktok · macro,86.8,tiktok
CR01031,youtube,@creator1031_youtube,vendor_a,38938,vendor_a,2.1851147978838155,vendor_a,0.05423040476512793,vendor_a,0.0006832934745473181,vendor_a,micro,77.9,youtube,32.6,youtube · micro,1.7,youtube
CR01034,instagram,@creator1034_instagram,vendor_c,686,vendor_c,0.08163265306122448,vendor_c,0.09584664536741214,vendor_c,,,nano,1.9,instagram,64.8,instagram · nano,,
CR01034,tiktok,@creator1034_tiktok,vendor_b,1029970.0,vendor_b,3.4240948765498023,vendor_b,0.17732385350464086,vendor_b,0.1127820064929271,vendor_b,macro,53.7,tiktok,100.0,tiktok · macro,37.6,tiktok
CR01035,instagram,@creator1035_instagram,vendor_b,97670.0,vendor_b,0.5658851233746288,vendor_b,0.033216968158256636,vendor_b,,,micro,46.8,instagram,19.4,instagram · micro,,
CR01035,tiktok,@creator1035_tiktok,vendor_c,35820.0,vendor_b,1.8561697375767727,vendor_b,-0.01674444139445512,vendor_b,,,micro,24.1,tiktok,9.1,tiktok · micro,,
CR01035,youtube,@creator1035_youtube,vendor_a,11474,vendor_a,1.8524490151647202,vendor_a,0.12700127688832138,vendor_a,0.11232876712328767,vendor_a,micro,69.4,youtube,69.1,youtube · micro,60.0,youtube
CR01037,instagram,@creator1037_instagram,vendor_b,133290.0,vendor_b,0.4130467401905619,vendor_b,0.011381743683132255,vendor_b,0.10909712722298222,vendor_b,mid,31.2,instagram,15.9,instagram · mid,39.5,instagram
CR01037,tiktok,@creator1037_tiktok,vendor_b,54040.0,vendor_b,3.9771095484826056,vendor_b,0.046881053855094924,vendor_b,,,micro,62.4,tiktok,26.6,tiktok · micro,,
CR01037,youtube,@creator1037_youtube,vendor_a,156280,vendor_a,1.6988802149987203,vendor_a,0.14058839414087304,vendor_a,0.08587490307573016,vendor_a,mid,65.4,youtube,75.3,youtube · mid,47.6,youtube
CR01039,instagram,@creator1039_instagram,vendor_b,21930.0,vendor_b,0.5009119927040584,vendor_b,0.10367388022143935,vendor_b,0.3086734693877551,vendor_b,micro,41.0,instagram,56.7,instagram · micro,92.5,instagram
CR01039,tiktok,,,,,,,,,,,,,,,,,
CR01039,youtube,@creator1039_youtube,vendor_a,3500,vendor_a,6.855714285714286,vendor_a,0.1655011655011655,vendor_a,0.06278538812785388,vendor_a,nano,98.7,youtube,84.0,youtube · nano,37.1,youtube
CR01045,instagram,@creator1045_instagram,vendor_a,20468,vendor_a,0.2733046707054915,vendor_a,-0.0010249402118209772,vendor_a,0.14175257731958762,vendor_a,micro,15.8,instagram,9.1,instagram · micro,53.0,instagram
CR01045,tiktok,@creator1045_tiktok,vendor_a,22013,vendor_a,0.9790578294644074,vendor_a,0.08087007758028086,vendor_a,0.12449799196787148,vendor_a,micro,5.3,tiktok,45.6,tiktok · micro,46.9,tiktok
CR01045,youtube,@creator1045_youtube,vendor_a,34153,vendor_a,2.1871870699499314,vendor_a,0.08487659223023411,vendor_a,0.1317031317031317,vendor_a,micro,78.1,youtube,47.9,youtube · micro,65.9,youtube
CR01046,instagram,@creator1046_instagram,vendor_c,14935,vendor_c,,,0.2263918541632452,vendor_c,,,micro,,,95.6,instagram · micro,,
CR01046,tiktok,@creator1046_tiktok,vendor_b,27330.0,vendor_b,5.115221368459569,vendor_b,0.05399151561897416,vendor_b,0.214481003111153,vendor_b,micro,74.0,tiktok,30.7,tiktok · micro,74.6,tiktok
CR01046,youtube,@creator1046_youtube,vendor_a,210286,vendor_a,1.2529269661318394,vendor_a,0.079186681446812,vendor_a,0.09296432475404949,vendor_a,mid,51.0,youtube,50.0,youtube · mid,50.7,youtube
CR01047,instagram,,,,,,,,,,,,,,,,,
CR01047,tiktok,,,,,,,,,,,,,,,,,
CR01047,youtube,@creator1047_youtube,vendor_a,1087719,vendor_a,1.592163049464062,vendor_a,0.10270252186713057,vendor_a,0.19656596851037997,vendor_a,macro,62.4,youtube,80.0,youtube · macro,81.9,youtube
CR01049,instagram,,,,,,,,,,,,,,,,,
CR01049,tiktok,,,,,,,,,,,,,,,,,
CR01049,youtube,@creator1049_youtube,vendor_b,7484,vendor_c,1.0414216996258685,vendor_c,-0.026788036410923276,vendor_c,0.11298701298701298,vendor_b,nano,39.7,youtube,4.0,youtube · nano,60.2,youtube
CR01050,tiktok,https://www.tiktok.com/@creator1050_tiktok,vendor_b,544920.0,vendor_b,0.7271966527196653,vendor_b,0.004757163403031309,vendor_b,0.14863865048831015,vendor_b,mid,3.0,tiktok,12.6,tiktok · mid,56.5,tiktok
CR01051,instagram,,,40860.0,vendor_b,1.0850954478707782,vendor_b,0.12966546862040365,vendor_b,0.3434282253179891,vendor_b,micro,79.5,instagram,67.1,instagram · micro,95.3,instagram
CR01051,tiktok,@creator1051_tiktok,vendor_b,14790.0,vendor_b,4.2132521974306965,vendor_b,0.09231905465288036,vendor_b,0.12188949810206663,vendor_b,micro,65.3,tiktok,51.9,tiktok · micro,43.8,tiktok
CR01051,youtube,@creator1051_youtube,vendor_a,1039689,vendor_a,0.5920116496375358,vendor_a,0.13740829637473936,vendor_a,0.05132925276512188,vendor_a,macro,16.2,youtube,90.0,youtube · macro,32.0,youtube
CR01053,youtube,@creator1053_youtube,vendor_a,8371,vendor_a,0.4368653685342253,vendor_a,0.19041524459613196,vendor_a,0.08661417322834646,vendor_a,nano,9.5,youtube,88.0,youtube · nano,48.0,youtube
CR01054,tiktok,@creator1054_tiktok,vendor_b,12060.0,vendor_b,9.529767827529021,vendor_b,0.12290502793296089,vendor_b,,,micro,95.1,tiktok,65.1,tiktok · micro,,
CR01054,youtube,@creator1054_youtube,vendor_a,95257,vendor_a,0.4721332815436136,vendor_a,0.19495458879020522,vendor_a,0.22098214285714285,vendor_a,micro,10.5,youtube,92.6,youtube · micro,86.9,youtube
CR01055,instagram,@creator1055_instagram,vendor_b,24690.0,vendor_b,0.07019036046982584,vendor_b,0.21207658321060383,vendor_b,,,micro,0.6,instagram,94.0,instagram · micro,,
CR01055,tiktok,@creator1055_tiktok,vendor_a,77450,vendor_a,2.2660813428018076,vendor_a,6.45619471883272e-05,vendor_a,0.13910835214446954,vendor_a,micro,32.1,tiktok,11.6,tiktok · micro,51.3,tiktok
CR01055,youtube,@creator1055_youtube,vendor_a,15904,vendor_a,0.8053948692152918,vendor_a,0.02672692059393157,vendor_a,0.1342281879194631,vendor_a,micro,27.0,youtube,19.1,youtube · micro,67.0,youtube
CR01056,instagram,@creator1056_instagram,vendor_a,858793,vendor_a,0.6230197498116543,vendor_a,-0.0912608805148576,vendor_a,0.1023461781775174,vendor_a,mid,51.1,instagram,3.6,instagram · mid,35.6,instagram
CR01056,tiktok,@creator1056_tiktok,vendor_a,885856,vendor_a,8.372705044612218,vendor_a,0.026772281450881938,vendor_a,0.06459612888225835,vendor_a,mid,91.8,tiktok,19.9,tiktok · mid,20.2,tiktok
CR01056,youtube,,,,,,,,,,,,,,,,,
CR01057,tiktok,@creator1057_tiktok,vendor_b,120070.0,vendor_b,3.7903972682601816,vendor_b,0.06567853022099938,vendor_b,,,mid,59.4,tiktok,39.1,tiktok · mid,,
CR01059,instagram,,,,,,,,,,,,,,,,,
CR01059,tiktok,@creator1059_tiktok,vendor_a,4855,vendor_a,5.944593202883625,vendor_a,0.04656175899978444,vendor_a,0.29671361502347415,vendor_a,nano,80.3,tiktok,18.8,tiktok · nano,90.4,tiktok
CR01059,youtube,@creator1059_youtube,vendor_a,42439,vendor_a,0.9288861660265322,vendor_a,0.22915399542387116,vendor_a,0.018829516539440202,vendor_a,micro,33.7,youtube,96.8,youtube · micro,12.2,youtube
CR01061,instagram,@creator1061_instagram,vendor_a,24453,vendor_a,1.2157608473397947,vendor_a,0.03953577349827828,vendor_a,,"n/a (likes hidden, vendor_a)",micro,83.3,instagram,23.8,instagram · micro,,
CR01061,tiktok,@creator1061_tiktok,vendor_c,8422,vendor_c,,,,,,,nano,,,,,,
CR01061,youtube,@creator1061_youtube,vendor_a,16437,vendor_a,1.3235383585812497,vendor_a,0.19620114984353396,vendor_a,,,micro,53.2,youtube,92.9,youtube · micro,,
CR01064,instagram,@creator1064_instagram,vendor_b,4560.0,vendor_b,1.2782894736842105,vendor_b,0.05939422621864648,vendor_c,,"n/a (likes hidden, vendor_b)",nano,84.2,instagram,33.3,instagram · nano,,
CR01064,tiktok,@creator1064_tiktok,vendor_a,2246,vendor_a,12.533837934105076,vendor_a,0.23068493150684932,vendor_a,0.2358490566037736,vendor_a,nano,98.9,tiktok,97.9,tiktok · nano,79.3,tiktok
CR01064,youtube,@creator1064_youtube,vendor_a,30599,vendor_a,0.23049772868394391,vendor_a,0.17085023341241296,vendor_a,0.015625,vendor_a,micro,1.9,youtube,87.6,youtube · micro,10.1,youtube
CR01065,instagram,@creator1065_instagram,vendor_a,206248,vendor_a,0.6543190721849425,vendor_a,0.2441591815313712,vendor_a,0.22467135838534058,vendor_a,mid,54.7,instagram,99.3,instagram · mid,76.8,instagram
CR01065,tiktok,@creator1065_tiktok,vendor_c,,,,,,,,,,,,,,,
CR01065,youtube,@creator1065_youtube,vendor_a,388471,vendor_a,1.2767130622363059,vendor_a,0.06275801505207493,vendor_a,0.05151481190929807,vendor_a,mid,51.9,youtube,40.4,youtube · mid,32.2,youtube
CR01073,instagram,@creator1073_instagram,vendor_c,3782,vendor_c,2.4175039661554734,vendor_c,,,,,nano,96.2,instagram,,,,
CR01073,tiktok,,,,,,,,,,,,,,,,,
CR01073,youtube,@creator1073_youtube,vendor_a,9770.0,vendor_b,2.0767656090071647,vendor_b,0.13601600188257443,vendor_c,0.0,vendor_a,nano,75.7,youtube,65.3,youtube · nano,0.7,youtube
CR01077,instagram,@creator1077_instagram,vendor_a,10633,vendor_a,1.4739020031975925,vendor_a,0.1434562856221099,vendor_a,0.15228426395939088,vendor_a,micro,88.0,instagram,74.6,instagram · micro,55.8,instagram
CR01077,tiktok,@creator1077_tiktok,vendor_b,5380.0,vendor_b,4.5819702602230485,vendor_b,0.1721132897603486,vendor_b,0.06001984126984127,vendor_b,nano,69.6,tiktok,81.2,tiktok · nano,17.4,tiktok
CR01077,youtube,@creator1077_youtube,vendor_a,320800,vendor_a,0.723893391521197,vendor_a,-0.010786375494144275,vendor_a,0.10026150005943184,vendor_a,mid,22.1,youtube,11.4,youtube · mid,55.0,youtube
CR01078,instagram,,,,,,,,,,,,,,,,,
CR01078,tiktok,,,,,,,,,,,,,,,,,
CR01078,youtube,@creator1078_youtube,vendor_a,39206,vendor_a,1.1542621027393767,vendor_a,0.0540097319676318,vendor_a,0.15373459028281364,vendor_a,micro,46.4,youtube,31.6,youtube · micro,71.8,youtube
CR01079,tiktok,@creator1079_tiktok,vendor_b,40960.0,vendor_b,5.19521484375,vendor_b,,,0.15647681945988362,vendor_b,micro,74.8,tiktok,,,59.6,tiktok
CR01081,instagram,,,,,,,,,,,,,,,,,
CR01081,tiktok,,,,,,,,,,,,,,,,,
CR01081,youtube,@creator1081_youtube,vendor_a,9764,vendor_a,0.9258500614502253,vendor_a,0.1370676604169093,vendor_a,0.07967032967032966,vendor_b,nano,33.5,youtube,66.7,youtube · nano,44.0,youtube
CR01084,youtube,@creator1084_youtube,vendor_a,205851,vendor_a,1.432006645583456,vendor_a,0.06646945151045741,vendor_a,0.13041098616777788,vendor_b,mid,56.7,youtube,42.2,youtube · mid,65.3,youtube
CR01085,instagram,@creator1085_instagram,vendor_a,13235,vendor_a,0.9972799395542123,vendor_a,0.010151121966112044,vendor_a,0.0425531914893617,vendor_a,micro,75.2,instagram,11.1,instagram · micro,10.8,instagram
CR01085,tiktok,@creator1085_tiktok,vendor_c,105153,vendor_c,,,0.11403871213806693,vendor_c,,,mid,,,68.2,tiktok · mid,,
CR01085,youtube,@creator1085_youtube,vendor_c,89904,vendor_c,,,0.006312961719274681,vendor_c,0.03819223424570337,vendor_c,micro,,,12.1,youtube · micro,24.8,youtube
CR01088,instagram,@creator1088_instagram,vendor_a,28938,vendor_a,0.411915128896261,vendor_a,0.1018543197654495,vendor_a,0.1724550898203593,vendor_a,micro,30.8,instagram,55.2,instagram · micro,61.6,instagram
CR01088,tiktok,https://www.tiktok.com/@creator906_tiktok,vendor_b,163370.0,vendor_b,,,0.20719722160644352,vendor_b,,,mid,,,96.7,tiktok · mid,,
CR01091,tiktok,,,,,,,,,,,,,,,,,
CR01091,youtube,@creator1091_youtube,vendor_a,37608,vendor_a,5.755823229100192,vendor_a,0.09246187363834422,vendor_a,0.07997495446265938,vendor_a,micro,98.1,youtube,53.2,youtube · micro,44.2,youtube
CR01092,instagram,@creator1092_instagram,vendor_b,55910.0,vendor_b,0.30822750849579683,vendor_b,0.05015026296018032,vendor_b,0.05925925925925926,vendor_b,micro,19.4,instagram,27.8,instagram · micro,17.1,instagram
CR01092,tiktok,,,,,,,,,,,,,,,,,
CR01092,youtube,@creator1092_youtube,vendor_a,234035,vendor_a,0.49993377058986904,vendor_a,0.205135995221372,vendor_a,0.13214285714285715,vendor_a,mid,11.2,youtube,92.2,youtube · mid,66.1,youtube
CR01093,instagram,@creator1093_instagram,vendor_b,16940.0,vendor_b,0.49799291617473435,vendor_b,0.03799019607843137,vendor_b,0.41947565543071164,vendor_b,micro,40.6,instagram,22.2,instagram · micro,99.2,instagram
CR01093,tiktok,@creator1093_tiktok,vendor_b,,,,,,,0.14521452145214522,vendor_b,,,,,,54.4,tiktok
CR01093,youtube,@creator1093_youtube,vendor_a,56523,vendor_a,0.9446066203138546,vendor_a,0.10710018607384193,vendor_a,0.24384673940624207,vendor_a,micro,35.0,youtube,57.1,youtube · micro,91.4,youtube
CR01096,tiktok,,,275108,vendor_c,6.320615903572415,vendor_c,0.03662952593759303,vendor_c,,,mid,82.9,tiktok,23.8,tiktok · mid,,
CR01096,youtube,@creator1096_youtube,vendor_a,109291,vendor_a,1.1830800340375693,vendor_a,0.16046039987683028,vendor_a,0.02983032293377121,vendor_a,mid,48.3,youtube,80.1,youtube · mid,18.9,youtube
CR01100,tiktok,@creator1100_tiktok,vendor_b,37700.0,vendor_b,4.759946949602122,vendor_b,0.18181818181818182,vendor_b,,,micro,71.0,tiktok,90.0,tiktok · micro,,
CR01101,instagram,@creator1101_instagram,vendor_b,3693110.0,vendor_b,0.9043694880466598,vendor_b,0.1327307413905213,vendor_b,0.07297924829487738,vendor_b,macro,71.4,instagram,68.8,instagram · macro,22.9,instagram
CR01101,tiktok,@creator1101_tiktok,vendor_a,115859,vendor_a,2.1681354059675986,vendor_a,0.17861466312651958,vendor_a,0.4734470989761092,vendor_a,mid,30.2,tiktok,91.4,tiktok · mid,99.5,tiktok
CR01102,instagram,https://www.instagram.com/creator1102_instagram/,vendor_b,9870.0,vendor_b,2.9204660587639313,vendor_b,0.07516339869281045,vendor_b,0.344,vendor_b,nano,98.3,instagram,44.4,instagram · nano,95.6,instagram
CR01102,tiktok,,,,,,,,,,,,,,,,,
CR01102,youtube,,,,,,,,,,,,,,,,,
CR01103,instagram,@creator1103_instagram,vendor_a,615382,vendor_a,0.5955211559649128,vendor_a,-0.04861807470543996,vendor_b,0.1511378794615789,vendor_a,mid,48.9,instagram,7.2,instagram · mid,55.0,instagram
CR01103,tiktok,@creator1103_tiktok,vendor_a,23387,vendor_a,5.427331423440373,vendor_a,0.10290025937278943,vendor_a,0.04811982154238369,vendor_b,micro,76.7,tiktok,56.4,tiktok · micro,12.2,tiktok
CR01103,youtube,@creator1103_youtube,vendor_a,52479,vendor_a,3.594218639836887,vendor_a,0.055809274720853036,vendor_a,0.3368618746798702,vendor_a,micro,93.0,youtube,33.3,youtube · micro,97.7,youtube
CR01105,instagram,@creator1105_instagram,vendor_b,9660.0,vendor_b,0.1072463768115942,vendor_b,0.1694915254237288,vendor_b,0.0,vendor_b,nano,2.6,instagram,87.0,instagram · nano,1.0,instagram
CR01105,tiktok,@creator1105_tiktok,vendor_a,175451,vendor_a,1.1890271357815003,vendor_a,0.07440248375698863,vendor_a,0.16398269991718045,vendor_a,mid,8.2,tiktok,47.0,tiktok · mid,62.4,tiktok
CR01105,youtube,@creator1105_youtube,vendor_a,69726,vendor_a,2.263273384390328,vendor_a,0.17068502350570852,vendor_a,0.2198999444135631,vendor_a,micro,79.7,youtube,86.9,youtube · micro,86.7,youtube
CR01106,instagram,@creator1106_instagram,vendor_a,41042,vendor_a,2.707202378051752,vendor_a,0.03573411396557816,vendor_a,0.3053423155256149,vendor_a,micro,97.4,instagram,20.6,instagram · micro,91.7,instagram
CR01106,youtube,@creator1106_youtube,vendor_a,29455,vendor_a,0.5022916313019861,vendor_a,0.044911135549327755,vendor_a,0.02909647779479326,vendor_a,micro,11.4,youtube,27.7,youtube · micro,18.5,youtube
CR01108,youtube,,,,,,,,,,,,,,,,,
CR01109,tiktok,@creator1109_tiktok,vendor_a,375815,vendor_a,1.5592006705426873,vendor_a,-0.10144986443384993,vendor_a,0.2342577024178843,vendor_a,mid,16.3,tiktok,0.7,tiktok · mid,78.8,tiktok
CR01110,instagram,https://www.instagram.com/creator1110_instagram/,vendor_b,24560.0,vendor_b,,,0.14073385973060845,vendor_b,,,micro,,,73.8,instagram · micro,,
CR01111,tiktok,@creator1111_tiktok,vendor_a,175762,vendor_a,1.283553896746737,vendor_a,0.0938159278597522,vendor_a,0.1337865055387714,vendor_a,mid,10.8,tiktok,60.9,tiktok · mid,49.7,tiktok
CR01111,youtube,@creator1111_youtube,vendor_a,117289,vendor_a,1.3132945118468058,vendor_a,0.0971842843779233,vendor_a,0.073003932296119,vendor_a,mid,52.9,youtube,56.6,youtube · mid,40.6,youtube
CR01112,youtube,@creator1112_youtube,vendor_a,84170,vendor_a,0.5891172626826661,vendor_a,0.045213525562219824,vendor_a,0.02808860470427038,vendor_a,micro,16.0,youtube,28.0,youtube · micro,17.9,youtube
CR01116,instagram,@creator1116_instagram,vendor_c,44765,vendor_c,0.378241930079303,vendor_c,0.15615072703323948,vendor_c,,,micro,27.8,instagram,80.2,instagram · micro,,
CR01116,youtube,@creator1116_youtube,vendor_a,89305,vendor_a,1.449549297351772,vendor_a,-0.09513242952965732,vendor_a,0.17158896753722236,vendor_a,micro,57.0,youtube,0.4,youtube · micro,77.5,youtube
CR01118,instagram,,,,,,,,,,,,,,,,,
CR01119,instagram,@creator1119_instagram,vendor_b,344260.0,vendor_b,0.4183727415325626,vendor_b,0.11418214771182601,vendor_b,0.13279352226720648,vendor_b,mid,32.5,instagram,64.5,instagram · mid,49.4,instagram
CR01119,tiktok,@creator1119_tiktok,vendor_a,264497,vendor_a,1.0341611212312725,vendor_b,0.21498886056179517,vendor_a,0.15997695410024967,vendor_a,mid,6.1,tiktok,98.7,tiktok · mid,60.6,tiktok
CR01119,youtube,@creator1119_youtube,vendor_a,,,,,,,0.12708600770218229,vendor_a,,,,,,64.6,youtube
CR01121,instagram,@creator1121_instagram,vendor_a,126015,vendor_a,1.082711402946829,vendor_b,0.057252644914465016,vendor_a,0.16364174393371472,vendor_a,mid,79.1,instagram,37.7,instagram · mid,58.8,instagram
CR01121,tiktok,@creator1121_tiktok,vendor_b,47100.0,vendor_b,5.3302123142250535,vendor_b,0.09995329285380664,vendor_b,,,micro,75.7,tiktok,55.2,tiktok · micro,,
CR01121,youtube,@creator1121_youtube,vendor_a,15834,vendor_a,2.2185802703044084,vendor_a,0.1545865538865393,vendor_a,0.0626808100289296,vendor_a,micro,78.9,youtube,79.4,youtube · micro,37.0,youtube
CR01127,tiktok,@creator1127_tiktok,vendor_a,23781,vendor_a,4.31525167150246,vendor_a,0.12434400264762896,vendor_a,0.3803775920767564,vendor_a,micro,66.2,tiktok,66.0,tiktok · micro,96.9,tiktok
CR01127,youtube,@creator1127_youtube,vendor_b,55200.0,vendor_b,2.2229347826086956,vendor_b,0.024879316747122168,vendor_b,0.04638872577803876,vendor_b,micro,79.1,youtube,18.4,youtube · micro,28.4,youtube
CR01129,instagram,@creator1129_instagram,vendor_b,16180.0,vendor_b,0.5326328800988875,vendor_b,0.13703443429374562,vendor_b,0.05346820809248555,vendor_b,micro,44.2,instagram,71.4,instagram · micro,14.6,instagram
CR01129,tiktok,@creator1129_tiktok,vendor_b,74380.0,vendor_b,6.89095186878193,vendor_b,0.17152307449992124,vendor_b,0.022941865001950838,vendor_b,micro,85.8,tiktok,85.5,tiktok · micro,3.6,tiktok
CR01130,tiktok,,,,,,,,,,,,,,,,,
CR01130,youtube,,,,,,,,,,,,,,,,,
CR01132,instagram,https://www.instagram.com/creator1132_instagram/,vendor_b,51930.0,vendor_b,1.9946081263238975,vendor_b,0.06895841910251133,vendor_b,0.04792332268370607,vendor_b,micro,93.6,instagram,36.9,instagram · micro,12.4,instagram
CR01132,tiktok,@creator1132_tiktok,vendor_a,60738,vendor_a,4.829727682834469,vendor_a,-0.1541257572592438,vendor_a,0.0979676915059927,vendor_a,micro,71.2,tiktok,0.8,tiktok · micro,31.6,tiktok
CR01133,instagram,https://www.instagram.com/creator1133_instagram/,vendor_b,655120.0,vendor_b,1.461773415557455,vendor_b,-0.002618598136532489,vendor_b,0.3431321168230978,vendor_b,mid,87.6,instagram,12.3,instagram · mid,95.0,instagram
CR01134,instagram,,,,,,,,,,,,,,,,,
CR01134,tiktok,,,,,,,,,,,,,,,,,
CR01134,youtube,@creator1134_youtube,vendor_a,16785,vendor_a,0.8160857908847186,vendor_a,0.10268033109972409,vendor_a,0.09408926417370325,vendor_a,micro,27.2,youtube,55.0,youtube · micro,51.4,youtube
CR01136,instagram,@creator1136_instagram,vendor_b,131100.0,vendor_b,0.5163768115942029,vendor_b,0.04905177242538209,vendor_b,0.21626199887069453,vendor_b,mid,42.7,instagram,31.9,instagram · mid,75.1,instagram
CR01136,tiktok,https://www.tiktok.com/@creator1136_tiktok,vendor_b,46260.0,vendor_b,3.711543450064851,vendor_b,0.016479894528675015,vendor_b,0.22490092470277412,vendor_b,micro,58.4,tiktok,16.2,tiktok · micro,76.9,tiktok
CR01136,youtube,@creator1136_youtube,vendor_a,677730,vendor_a,1.9098254467118174,vendor_a,0.10527088293812584,vendor_a,0.15053936935275677,vendor_a,mid,70.9,youtube,61.4,youtube · mid,71.0,youtube
CR01138,instagram,@creator1138_instagram,vendor_a,17615,vendor_a,0.2085154697700823,vendor_a,0.12505588554640096,vendor_a,0.1935483870967742,vendor_a,micro,9.0,instagram,64.3,instagram · micro,68.5,instagram
CR01138,tiktok,@creator1138_tiktok,vendor_a,2417,vendor_a,1.1514273893256102,vendor_a,-0.025403225806451612,vendor_a,0.2772727272727273,vendor_a,nano,7.4,tiktok,4.2,tiktok · nano,87.0,tiktok
CR01138,youtube,@creator1138_youtube,vendor_b,150280.0,vendor_b,0.39592094756454616,vendor_b,0.059877283306298046,vendor_b,,,mid,7.4,youtube,39.2,youtube · mid,,
CR01139,instagram,https://www.instagram.com/creator1139_instagram/,vendor_b,66200.0,vendor_b,0.19356495468277946,vendor_b,,,0.06976744186046512,vendor_b,micro,7.5,instagram,,,20.6,instagram
CR01140,tiktok,,,,,,,,,,,,,,,,,
CR01143,instagram,@creator1143_instagram,vendor_a,2449,vendor_a,0.8640261331155573,vendor_a,0.16011369019422075,vendor_a,0.08484848484848485,vendor_a,nano,68.4,instagram,79.6,instagram · nano,29.0,instagram
CR01143,youtube,@creator1143_youtube,vendor_a,57198,vendor_a,0.7482079792999755,vendor_a,0.03582035494386092,vendor_a,0.06074461136512083,vendor_a,micro,23.8,youtube,24.1,youtube · micro,36.2,youtube
CR01144,instagram,@creator1144_instagram,vendor_c,76469,vendor_c,0.9047849455334842,vendor_c,0.16907200733832747,vendor_c,,"n/a (likes hidden, vendor_c)",micro,71.6,instagram,84.5,instagram · micro,,
CR01144,tiktok,https://www.tiktok.com/@creator1144_tiktok,vendor_b,238870.0,vendor_b,7.759203750994264,vendor_b,0.07063780198108556,vendor_b,0.12422616591002889,vendor_b,mid,90.1,tiktok,43.7,tiktok · mid,46.6,tiktok
CR01144,youtube,@creator1144_youtube,vendor_c,849457,vendor_c,,,-0.020541421837670305,vendor_c,,,mid,,,9.0,youtube · mid,,
CR01145,instagram,@creator1145_instagram,vendor_b,5920.0,vendor_b,0.3525337837837838,vendor_b,0.1746031746031746,vendor_b,0.10317460317460317,vendor_b,nano,25.0,instagram,88.9,instagram · nano,36.2,instagram
CR01145,tiktok,@creator1145_tiktok,vendor_b,41410.0,vendor_b,2.5732673267326733,vendor_b,0.10485592315901815,vendor_b,,,micro,39.5,tiktok,57.7,tiktok · micro,,
CR01145,youtube,@creator1145_youtube,vendor_a,16711,vendor_a,1.6138471665370115,vendor_a,-0.0031020700351965637,vendor_a,0.24236641221374045,vendor_a,micro,63.1,youtube,10.3,youtube · micro,91.0,youtube
CR01146,instagram,@creator1146_instagram,vendor_a,368806,vendor_a,0.4441061154102699,vendor_a,0.15702391185679238,vendor_a,0.04594330400782014,vendor_a,mid,36.3,instagram,82.6,instagram · mid,11.9,instagram
CR01146,tiktok,@creator1146_tiktok,vendor_a,29950,vendor_a,1.1658430717863104,vendor_a,-0.025952907506179262,vendor_a,0.15811088295687886,vendor_a,micro,7.6,tiktok,7.1,tiktok · micro,59.8,tiktok
CR01147,instagram,@creator1147_instagram,vendor_b,142310.0,vendor_b,0.21312627362799522,vendor_b,0.0518885357380442,vendor_b,0.36016260162601627,vendor_b,mid,9.6,instagram,32.6,instagram · mid,97.2,instagram
CR01147,tiktok,https://www.tiktok.com/@creator1147_tiktok,vendor_b,3750.0,vendor_b,,,,,0.0547945205479452,vendor_b,nano,,,,,15.5,tiktok
CR01147,youtube,@creator1147_youtube,vendor_b,231810.0,vendor_b,1.0738492731116,vendor_b,0.018676393039198453,vendor_b,0.007097497198356369,vendor_b,mid,42.6,youtube,21.1,youtube · mid,5.5,youtube
CR01148,instagram,,,,,,,,,,,,,,,,,
CR01148,tiktok,@creator1148_tiktok,vendor_a,57036,vendor_a,1.043919629707553,vendor_a,-0.03387763398604241,vendor_a,0.054786273329319686,vendor_a,micro,6.3,tiktok,6.2,tiktok · micro,15.3,tiktok
CR01148,youtube,@creator1148_youtube,vendor_a,166080,vendor_a,0.18064185934489402,vendor_a,0.05998812874566795,vendor_a,0.491,vendor_a,mid,0.4,youtube,39.8,youtube · mid,99.8,youtube
CR01152,tiktok,@creator1152_tiktok,vendor_c,36303,vendor_c,4.310745668402061,vendor_c,-0.016844955991875424,vendor_c,,,micro,66.0,tiktok,8.7,tiktok · micro,,
CR01156,instagram,@creator1156_instagram,vendor_b,1379050.0,vendor_b,0.49996519343025997,vendor_b,0.2225945725506884,vendor_b,,,macro,40.8,instagram,93.8,instagram · macro,,
CR01156,tiktok,@creator1156_tiktok,vendor_a,24650,vendor_a,3.7251926977687626,vendor_a,0.1355260733370186,vendor_a,0.1524569508609828,vendor_a,micro,58.6,tiktok,72.6,tiktok · micro,58.0,tiktok
CR01156,youtube,@creator1156_youtube,vendor_a,37454,vendor_a,1.268649543439953,vendor_a,0.0719212386594545,vendor_a,0.10237923576063446,vendor_a,micro,51.5,youtube,39.0,youtube · micro,56.6,youtube
CR01160,instagram,@creator1160_instagram,vendor_b,621980.0,vendor_b,0.4070291649249172,vendor_b,-0.11818413814614229,vendor_b,0.2949609823967092,vendor_b,mid,30.1,instagram,1.4,instagram · mid,90.3,instagram
CR01160,tiktok,@creator1160_tiktok,vendor_b,31320.0,vendor_b,8.150670498084292,vendor_b,0.0022776819705202875,vendor_c,0.1192788538927939,vendor_b,micro,91.1,tiktok,12.0,tiktok · micro,41.7,tiktok
CR01160,youtube,@creator1160_youtube,vendor_a,6131,vendor_a,1.258359158375469,vendor_a,0.12454145267791636,vendor_a,0.04912280701754386,vendor_a,nano,51.1,youtube,60.0,youtube · nano,30.7,youtube
CR01161,youtube,@creator1161_youtube,vendor_a,34113,vendor_a,2.795327294579779,vendor_a,0.1400260669050563,vendor_a,0.20304232804232805,vendor_a,micro,86.9,youtube,72.7,youtube · micro,83.0,youtube
CR01165,instagram,@creator1165_instagram,vendor_a,24599,vendor_a,0.21630960608154803,vendor_a,0.10151352319541465,vendor_a,0.0821917808219178,vendor_a,micro,9.8,instagram,54.8,instagram · micro,27.9,instagram
CR01165,youtube,@creator1165_youtube,vendor_a,12490,vendor_a,1.6027221777421938,vendor_a,0.208514755684567,vendor_a,0.29860365198711064,vendor_a,micro,62.5,youtube,94.7,youtube · micro,95.6,youtube
CR01168,instagram,,,19740.0,vendor_b,0.8335866261398176,vendor_b,0.13644214162348878,vendor_b,0.2881002087682672,vendor_b,micro,66.5,instagram,71.0,instagram · micro,88.4,instagram
CR01168,tiktok,,,,,,,,,,,,,,,,,
CR01168,youtube,@creator1168_youtube,vendor_a,16529,vendor_a,1.3925222336499485,vendor_a,0.11471540329107095,vendor_a,0.0518796992481203,vendor_a,micro,55.3,youtube,61.0,youtube · micro,32.4,youtube
CR01172,instagram,,,,,,,,,,,,,,,,,
CR01172,tiktok,,,,,,,,,,,,,,,,,
CR01172,youtube,@creator1172_youtube,vendor_a,10262,vendor_a,0.539465991034886,vendor_a,0.057502061005770815,vendor_a,0.3146853146853147,vendor_a,micro,12.9,youtube,34.0,youtube · micro,97.1,youtube
CR01174,tiktok,@creator1174_tiktok,vendor_b,14550.0,vendor_b,2.3332646048109966,vendor_b,0.12009237875288684,vendor_b,0.07828857532999545,vendor_b,micro,33.6,tiktok,63.9,tiktok · micro,24.1,tiktok
CR01174,youtube,@creator1174_youtube,vendor_a,109653,vendor_a,0.7530664915688581,vendor_a,0.1446630826243541,vendor_a,0.012120305252132276,vendor_a,mid,24.3,youtube,78.9,youtube · mid,8.0,youtube
CR01175,instagram,https://www.instagram.com/creator1175_instagram/,vendor_b,17970.0,vendor_b,0.7755703951029493,vendor_b,0.02979942693409742,vendor_b,0.03720577069096431,vendor_b,micro,63.5,instagram,17.5,instagram · micro,8.3,instagram
CR01175,tiktok,https://www.tiktok.com/@creator1175_tiktok,vendor_b,18340.0,vendor_b,3.6113413304253,vendor_b,0.24170616113744076,vendor_b,0.005818786367414797,vendor_b,micro,56.7,tiktok,97.5,tiktok · micro,1.0,tiktok
CR01175,youtube,@creator1175_youtube,vendor_a,179929,vendor_a,0.22056477832922985,vendor_a,0.014587632935232488,vendor_a,0.28823750469748216,vendor_a,mid,1.5,youtube,19.9,youtube · mid,95.2,youtube
CR01178,tiktok,@creator1178_tiktok,vendor_a,16905,vendor_a,2.0569653948535938,vendor_a,0.04480840543881335,vendor_a,0.2045889101338432,vendor_a,micro,27.5,tiktok,26.1,tiktok · micro,72.8,tiktok
CR01179,instagram,,,,,,,,,,,,,,,,,
CR01179,youtube,@creator1179_youtube,vendor_a,27508,vendor_a,0.5609277301148756,vendor_a,0.07537138389366693,vendor_a,0.06466729147141519,vendor_a,micro,13.9,youtube,41.5,youtube · micro,38.1,youtube
CR01181,instagram,@creator1181_instagram,vendor_b,26230.0,vendor_b,0.706481128478841,vendor_b,0.18741511996378452,vendor_b,0.09108341323106424,vendor_b,micro,59.0,instagram,89.3,instagram · micro,31.8,instagram
CR01181,tiktok,@creator1181_tiktok,vendor_a,126981,vendor_a,7.613721737897796,vendor_a,-0.002975816582914573,vendor_a,0.20552875640317209,vendor_a,mid,89.6,tiktok,9.9,tiktok · mid,73.3,tiktok
CR01181,youtube,@creator1181_youtube,vendor_a,48167,vendor_a,0.7265347644652979,vendor_a,0.16460746149568414,vendor_a,0.39184952978056425,vendor_a,micro,22.2,youtube,83.3,youtube · micro,98.3,youtube
CR01184,instagram,@creator1184_instagram,vendor_a,80067,vendor_a,0.20229307954588033,vendor_a,0.02920496175846777,vendor_a,,"n/a (likes hidden, vendor_a)",micro,8.1,instagram,17.1,instagram · micro,,
CR01184,tiktok,@creator1184_tiktok,vendor_b,170160.0,vendor_b,10.022090973201692,vendor_b,0.17986409651920676,vendor_b,0.032518842000843755,vendor_b,mid,96.2,tiktok,92.7,tiktok · mid,7.3,tiktok
CR01184,youtube,@creator1184_youtube,vendor_a,151716,vendor_a,7.985446492130032,vendor_a,-0.12566706238978342,vendor_a,0.12259471775706128,vendor_a,mid,99.6,youtube,1.2,youtube · mid,64.0,youtube
CR01185,tiktok,,,,,,,,,,,,,,,,,
CR01187,instagram,,,10826,vendor_a,0.891280251246998,vendor_a,0.017194400075166778,vendor_a,0.03851444291609354,vendor_a,micro,70.1,instagram,12.7,instagram · micro,9.1,instagram
CR01187,tiktok,@creator1187_tiktok,vendor_b,28710.0,vendor_b,2.4922326715430163,vendor_b,,,0.06323319027181688,vendor_b,micro,38.5,tiktok,,,19.7,tiktok
CR01187,youtube,@creator1187_youtube,vendor_a,46715,vendor_a,0.8236540725676977,vendor_a,0.09032700663160302,vendor_b,0.2351111111111111,vendor_a,micro,27.6,youtube,50.7,youtube · micro,89.9,youtube
CR01189,instagram,@creator1189_instagram,vendor_b,1120.0,vendor_b,,,,,,,nano,,,,,,
CR01189,youtube,@creator1189_youtube,vendor_a,201272,vendor_a,1.2807494336022895,vendor_a,0.10362222685251186,vendor_a,0.025358324145534728,vendor_a,mid,52.1,youtube,59.0,youtube · mid,15.4,youtube
CR01190,instagram,@creator1190_instagram,vendor_a,4258,vendor_a,0.796618130577736,vendor_a,0.010201660735468564,vendor_a,0.1322314049586777,vendor_a,nano,64.5,instagram,13.0,instagram · nano,48.6,instagram
CR01190,tiktok,@creator1190_tiktok,vendor_b,11160.0,vendor_b,3.1379032258064514,vendor_b,,,0.2390745501285347,vendor_b,micro,50.1,tiktok,,,80.3,tiktok
CR01190,youtube,@creator1190_youtube,vendor_a,21273,vendor_a,0.32929065011987024,vendor_a,0.0025448890145624205,vendor_a,0.25,vendor_a,micro,5.3,youtube,11.3,youtube · micro,92.2,youtube
CR01191,instagram,@creator1191_instagram,vendor_a,372974,vendor_a,0.2732469287403412,vendor_a,0.19879533562180995,vendor_a,0.10498995311453449,vendor_a,mid,15.6,instagram,93.5,instagram · mid,37.3,instagram
CR01191,tiktok,@creator1191_tiktok,vendor_b,29110.0,vendor_b,4.717004465819306,vendor_b,0.10516324981017464,vendor_b,0.10355177588794397,vendor_b,micro,70.4,tiktok,58.1,tiktok · micro,33.9,tiktok
CR01191,youtube,@creator1191_youtube,vendor_a,23373,vendor_a,5.460830873229795,vendor_a,0.11608251360901538,vendor_a,0.13294101912531764,vendor_a,micro,97.7,youtube,62.1,youtube · micro,66.3,youtube
CR01195,instagram,@creator1195_instagram,vendor_a,22348,vendor_a,0.41887417218543044,vendor_a,0.12369267900241351,vendor_a,0.07124352331606218,vendor_a,micro,32.9,instagram,63.5,instagram · micro,21.8,instagram
CR01195,youtube,@creator1195_youtube,vendor_a,30904,vendor_a,1.1798796272327208,vendor_a,0.1566301134024477,vendor_a,0.1151665485471297,vendor_a,micro,47.9,youtube,79.8,youtube · micro,61.1,youtube
CR01199,instagram,@creator1199_instagram,vendor_a,30971,vendor_a,1.119692615672726,vendor_a,0.0004522402041541493,vendor_a,0.11464968152866242,vendor_a,micro,80.3,instagram,9.5,instagram · micro,41.2,instagram
CR01199,tiktok,@creator1199_tiktok,vendor_b,7310.0,vendor_b,6.971956224350206,vendor_b,0.09104477611940298,vendor_b,0.08143800440205429,vendor_b,nano,87.1,tiktok,37.5,tiktok · nano,24.6,tiktok
CR01199,youtube,@creator1199_youtube,vendor_a,217983,vendor_a,1.3878192336099604,vendor_a,0.06460403897340725,vendor_a,0.23060584606048345,vendor_a,mid,54.9,youtube,41.0,youtube · mid,89.7,youtube
CR01200,instagram,,,,,,,,,,,,,,,,,
CR01200,tiktok,@creator1200_tiktok,vendor_a,49012,vendor_a,4.356708561168693,vendor_a,0.131185376661743,vendor_a,0.3231534090909091,vendor_a,micro,67.4,tiktok,70.1,tiktok · micro,94.3,tiktok
CR01200,youtube,@creator1200_youtube,vendor_a,186250,vendor_a,1.025744966442953,vendor_a,0.1761919797916009,vendor_a,0.05891652613827993,vendor_a,mid,39.0,youtube,85.5,youtube · mid,35.4,youtube
CR01201,instagram,,,,,,,,,,,,,,,,,
CR01201,tiktok,https://www.tiktok.com/@creator1201_tiktok,vendor_b,187870.0,vendor_b,5.6462926491723,vendor_b,0.020145525629887053,vendor_b,0.06150517694328543,vendor_b,mid,79.7,tiktok,16.6,tiktok · mid,18.7,tiktok
CR01201,youtube,@creator1201_youtube,vendor_a,77480,vendor_a,2.015952503871967,vendor_a,0.18659642244547905,vendor_a,0.143265271825897,vendor_a,micro,74.5,youtube,91.5,youtube · micro,69.1,youtube
CR01204,instagram,@creator1204_instagram,vendor_b,16560.0,vendor_b,0.3336352657004831,vendor_b,0.045454545454545456,vendor_b,,,micro,22.0,instagram,27.0,instagram · micro,,
CR01204,tiktok,@creator1204_tiktok,vendor_b,60850.0,vendor_b,8.845341002465078,vendor_b,0.1453039713909279,vendor_b,0.2657806507634048,vendor_b,micro,93.4,tiktok,77.2,tiktok · micro,86.0,tiktok
CR01205,instagram,@creator1205_instagram,vendor_c,28356,vendor_c,0.7709832134292566,vendor_c,0.025718936516549103,vendor_c,,,micro,63.0,instagram,15.5,instagram · micro,,
CR01207,instagram,@creator1207_instagram,vendor_b,125520.0,vendor_b,0.5647068196303378,vendor_b,0.019907369789550662,vendor_b,0.3081429408318688,vendor_b,mid,46.6,instagram,21.0,instagram · mid,92.3,instagram
CR01208,tiktok,@creator1208_tiktok,vendor_c,135603,vendor_c,0.8338827312080116,vendor_c,0.15429403202328967,vendor_c,,,mid,4.4,tiktok,85.4,tiktok · mid,,
CR01208,youtube,@creator1208_youtube,vendor_a,24191,vendor_a,0.8285312719606466,vendor_a,0.14812529663028,vendor_a,0.06720977596741344,vendor_a,micro,27.9,youtube,77.0,youtube · micro,38.5,youtube
CR01211,instagram,@creator1211_instagram,vendor_a,17756,vendor_a,0.2624464969587745,vendor_a,0.028856182639935102,vendor_a,0.30115830115830117,vendor_a,micro,14.3,instagram,16.7,instagram · micro,91.2,instagram
CR01211,tiktok,@creator1211_tiktok,vendor_b,11290.0,vendor_b,2.494862710363153,vendor_b,-0.07761437908496732,vendor_b,0.1487603305785124,vendor_b,micro,38.7,tiktok,2.5,tiktok · micro,56.7,tiktok
CR01211,youtube,@creator1211_youtube,vendor_a,11890,vendor_a,0.20630782169890666,vendor_a,0.08120396471765026,vendor_a,0.20422535211267606,vendor_a,micro,0.8,youtube,45.0,youtube · micro,83.8,youtube
CR01213,instagram,@creator1213_instagram,vendor_b,4340.0,vendor_b,0.18317972350230416,vendor_b,0.15425531914893617,vendor_b,0.0,vendor_b,nano,6.4,instagram,74.1,instagram · nano,1.0,instagram
CR01213,tiktok,@creator1213_tiktok,vendor_a,67245,vendor_a,3.5534091754033756,vendor_a,0.029549108168108396,vendor_a,0.13496736500981332,vendor_a,micro,55.8,tiktok,19.9,tiktok · micro,50.0,tiktok
CR01213,youtube,,,11950,vendor_a,0.5394979079497908,vendor_a,-0.06369975711039724,vendor_a,0.04455445544554455,vendor_a,micro,13.1,youtube,2.1,youtube · micro,28.0,youtube
CR01215,instagram,@creator1215_instagram,vendor_b,32990.0,vendor_b,0.36335253107002125,vendor_b,,,,"n/a (likes hidden, vendor_b)",micro,26.1,instagram,,,,
CR01215,tiktok,@creator1215_tiktok,vendor_b,75450.0,vendor_b,10.417746852220013,vendor_b,0.1503277938710169,vendor_b,0.2515285630228453,vendor_b,micro,97.5,tiktok,79.7,tiktok · micro,83.7,tiktok
CR01215,youtube,@creator1215_youtube,vendor_a,42630,vendor_a,0.6660567675346001,vendor_a,-0.005041310740792606,vendor_a,0.17309269893355209,vendor_a,micro,19.6,youtube,9.6,youtube · micro,77.9,youtube
CR01217,instagram,@creator1217_instagram,vendor_a,44770,vendor_a,1.33533616260889,vendor_a,0.1305270068937653,vendor_a,0.07037386113729187,vendor_a,micro,85.9,instagram,67.9,instagram · micro,21.3,instagram
CR01217,tiktok,@creator1217_tiktok,vendor_b,60050.0,vendor_b,1.2457951706910908,vendor_b,0.12748779571911378,vendor_b,0.11225997045790251,vendor_b,micro,9.9,tiktok,68.0,tiktok · micro,37.3,tiktok
CR01217,youtube,@creator1217_youtube,vendor_a,505676,vendor_c,,,0.015052882810727914,vendor_c,0.012927158273381294,vendor_a,mid,,,20.5,youtube · mid,8.2,youtube
CR01218,instagram,@creator1218_instagram,vendor_a,2644,vendor_a,0.6486384266263238,vendor_a,-0.02615101289134438,vendor_a,0.17105263157894737,vendor_a,nano,53.4,instagram,5.6,instagram · nano,61.3,instagram
CR01218,youtube,,,22142,vendor_a,2.4294553337548552,vendor_a,0.12225038013177901,vendor_a,0.003335804299481097,vendor_a,micro,81.2,youtube,66.7,youtube · micro,3.0,youtube
CR01222,instagram,https://www.instagram.com/creator1222_instagram/,vendor_b,53732,vendor_c,,,0.05462325070168207,vendor_c,,"n/a (likes hidden, vendor_b)",micro,,,30.2,instagram · micro,,
CR01222,tiktok,@creator1222_tiktok,vendor_b,18360.0,vendor_b,2.6883986928104577,vendor_b,0.13473423980222496,vendor_b,0.1261431725007884,vendor_b,micro,41.9,tiktok,71.4,tiktok · micro,47.7,tiktok
CR01222,youtube,@creator1222_youtube,vendor_c,30689,vendor_c,,,,,0.20319303338171263,vendor_c,micro,,,,,83.2,youtube
CR01223,instagram,@creator1223_instagram,vendor_b,59760.0,vendor_b,0.182095046854083,vendor_b,0.2723014690227805,vendor_b,0.289002557544757,vendor_b,micro,6.0,instagram,98.8,instagram · micro,88.7,instagram
CR01223,tiktok,@creator1223_tiktok,vendor_b,45730.0,vendor_b,6.967811064946424,vendor_b,0.05612009237875289,vendor_b,0.14262621597436712,vendor_b,micro,86.9,tiktok,32.0,tiktok · micro,53.4,tiktok
CR01223,youtube,@creator1223_youtube,vendor_a,358884,vendor_a,0.8904269903367105,vendor_a,0.20690478512505087,vendor_a,0.15363705556159618,vendor_a,mid,31.2,youtube,92.8,youtube · mid,71.6,youtube
CR01224,instagram,@creator1224_instagram,vendor_c,,,,,,,,"n/a (likes hidden, vendor_c)",,,,,,,
CR01224,tiktok,@creator1224_tiktok,vendor_c,527994,vendor_c,3.1971329219650224,vendor_c,0.10144921489560103,vendor_c,,,mid,51.6,tiktok,64.9,tiktok · mid,,
CR01224,youtube,@creator1224_youtube,vendor_a,56430,vendor_a,0.9074428495481127,vendor_a,0.12124463519313304,vendor_a,0.16846119336025123,vendor_a,micro,32.3,youtube,66.3,youtube · micro,76.4,youtube
CR01225,youtube,@creator1225_youtube,vendor_a,33263,vendor_a,1.569491627333674,vendor_a,0.020995119555541914,vendor_a,0.1418229680816058,vendor_a,micro,61.2,youtube,16.0,youtube · micro,69.0,youtube
CR01227,instagram,https://www.instagram.com/creator1227_instagram/,vendor_b,241370.0,vendor_b,0.721092099266686,vendor_b,0.1463785324151033,vendor_b,,,mid,60.0,instagram,76.8,instagram · mid,,
CR01228,instagram,,,,,,,,,,,,,,,,,
CR01228,tiktok,,,,,,,,,,,,,,,,,
CR01228,youtube,@creator1228_youtube,vendor_a,784,vendor_a,1.846938775510204,vendor_a,0.053763440860215055,vendor_a,0.05,vendor_a,nano,69.0,youtube,29.3,youtube · nano,31.8,youtube
CR01229,instagram,@creator1229_instagram,vendor_a,26790,vendor_a,1.7179917879805897,vendor_a,0.21144976033282084,vendor_a,0.0808448652585579,vendor_a,micro,90.0,instagram,93.7,instagram · micro,26.5,instagram
CR01229,tiktok,@creator1229_tiktok,vendor_b,29680.0,vendor_b,1.8466307277628031,vendor_b,0.2938099389712293,vendor_b,,,micro,23.5,tiktok,100.0,tiktok · micro,,
CR01229,youtube,,,,,,,,,,,,,,,,,
CR01230,instagram,@creator1230_instagram,vendor_b,68000.0,vendor_b,0.44075,vendor_b,-0.030648610121168925,vendor_b,0.1946624803767661,vendor_b,micro,35.3,instagram,6.0,instagram · micro,69.1,instagram
CR01231,youtube,@creator1231_youtube,vendor_c,632164,vendor_c,,,0.11780203769127669,vendor_c,0.0486257609547345,vendor_c,mid,,,67.5,youtube · mid,29.9,youtube
CR01233,instagram,,,,,,,,,,,,,,,,,
CR01233,tiktok,,,,,,,,,,,,,,,,,
CR01233,youtube,@creator1233_youtube,vendor_a,44243,vendor_a,0.9940329543656624,vendor_a,0.14515335835382426,vendor_a,0.21945826423438364,vendor_b,micro,36.9,youtube,75.2,youtube · micro,86.3,youtube
CR01235,instagram,@creator1235_instagram,vendor_b,79680.0,vendor_b,1.3178463855421687,vendor_b,0.12909168201785462,vendor_b,0.2166473011513679,vendor_b,micro,85.3,instagram,66.3,instagram · micro,75.4,instagram
CR01235,tiktok,@creator1235_tiktok,vendor_a,344671,vendor_a,3.0742853329697017,vendor_a,0.1288400822711016,vendor_a,0.23205312275664033,vendor_a,mid,48.6,tiktok,74.2,tiktok · mid,78.2,tiktok
CR01235,youtube,,,,,,,,,,,,,,,,,
CR01236,instagram,https://www.instagram.com/creator1236_instagram/,vendor_b,16870.0,vendor_b,0.8064018968583284,vendor_b,0.1642512077294686,vendor_b,,,micro,64.7,instagram,82.9,instagram · micro,,
CR01236,tiktok,@creator1236_tiktok,vendor_b,47044,vendor_a,3.6470750786497748,vendor_a,0.03128219742639805,vendor_a,0.094244710756029,vendor_a,micro,57.1,tiktok,21.2,tiktok · micro,30.1,tiktok
CR01236,youtube,@creator1236_youtube,vendor_a,26916,vendor_a,1.8498290979343142,vendor_a,0.2431184186218363,vendor_a,0.10901162790697674,vendor_a,micro,69.2,youtube,98.2,youtube · micro,59.2,youtube
CR01239,tiktok,@creator1239_tiktok,vendor_a,97678,vendor_a,4.513841397244006,vendor_a,0.1746921300750433,vendor_a,0.10454888162854989,vendor_a,micro,68.9,tiktok,88.0,tiktok · micro,34.7,tiktok
CR01239,youtube,@creator1239_youtube,vendor_a,47310,vendor_a,4.445614035087719,vendor_a,-0.06807705944923768,vendor_a,,,micro,96.2,youtube,1.4,youtube · micro,,
CR01240,instagram,@creator1240_instagram,vendor_a,51999,vendor_a,0.9905959729994808,vendor_a,0.19168099003093847,vendor_a,0.16742811072292393,vendor_a,micro,75.0,instagram,90.1,instagram · micro,60.5,instagram
CR01240,tiktok,@creator1240_tiktok,vendor_b,8120.0,vendor_b,1.700615763546798,vendor_b,0.1534090909090909,vendor_b,0.24970131421744324,vendor_b,nano,19.5,tiktok,75.0,tiktok · nano,82.6,tiktok
CR01240,youtube,@creator1240_youtube,vendor_a,42168,vendor_a,1.4047619047619047,vendor_a,-0.041483872434250904,vendor_a,0.027469135802469135,vendor_a,micro,55.9,youtube,3.2,youtube · micro,17.0,youtube
CR01241,instagram,,,15781,vendor_c,1.0603257081300297,vendor_c,,,,"n/a (likes hidden, vendor_c)",micro,78.4,instagram,,,,
CR01241,tiktok,@creator1241_tiktok,vendor_a,588462,vendor_a,,,-0.038919339138842254,vendor_a,0.18268561435678024,vendor_a,mid,,,4.0,tiktok · mid,67.4,tiktok
CR01241,youtube,@creator1241_youtube,vendor_a,86434,vendor_a,0.5742763264456117,vendor_a,0.03840840011052777,vendor_a,0.2583760941744642,vendor_a,micro,14.8,youtube,25.9,youtube · micro,93.7,youtube
CR01243,instagram,@creator1243_instagram,vendor_a,182187,vendor_a,0.5050579898675537,vendor_a,0.23609631655008176,vendor_a,0.282025819265144,vendor_a,mid,41.9,instagram,98.6,instagram · mid,87.6,instagram
CR01243,tiktok,@creator1243_tiktok,vendor_b,49430.0,vendor_b,1.9607525794052194,vendor_b,,,0.261938202247191,vendor_b,micro,25.4,tiktok,,,85.2,tiktok
CR01243,youtube,@creator1243_youtube,vendor_b,282950.0,vendor_b,,,0.10484185864896525,vendor_b,,,mid,,,59.6,youtube · mid,,
CR01246,youtube,@creator1246_youtube,vendor_a,618897,vendor_a,0.4163681517279935,vendor_a,0.23124623253537688,vendor_a,0.03701141473538568,vendor_a,mid,8.2,youtube,94.6,youtube · mid,24.2,youtube
CR01248,instagram,@creator1248_instagram,vendor_b,39790.0,vendor_b,0.555968836391053,vendor_b,0.0451799317047544,vendor_b,0.20251889168765744,vendor_b,micro,45.7,instagram,26.2,instagram · micro,71.5,instagram
CR01248,tiktok,@creator1248_tiktok,vendor_b,77930.0,vendor_b,5.502104452713974,vendor_b,0.05725139058472392,vendor_b,0.012808948222983944,vendor_b,micro,77.8,tiktok,34.0,tiktok · micro,2.6,tiktok
CR01248,youtube,@creator1248_youtube,vendor_a,95307,vendor_a,0.4169053689655534,vendor_a,0.22420747058521298,vendor_a,0.007616974972796518,vendor_a,micro,8.4,youtube,96.5,youtube · micro,5.9,youtube
CR01249,instagram,@creator1249_instagram,vendor_b,19320.0,vendor_b,0.6400103519668737,vendor_b,0.02168164992067689,vendor_b,0.14285714285714285,vendor_b,micro,53.0,instagram,14.3,instagram · micro,53.3,instagram
CR01249,tiktok,,,9630.0,vendor_b,10.811526479750778,vendor_b,0.1532934131736527,vendor_b,0.06791800444554211,vendor_b,nano,97.9,tiktok,72.9,tiktok · nano,20.7,tiktok
CR01249,youtube,@creator1249_youtube,vendor_a,103975,vendor_a,2.477682135128637,vendor_a,0.007851500024233024,vendor_a,,,mid,82.3,youtube,15.1,youtube · mid,,
CR01253,instagram,@creator1253_instagram,vendor_a,105065,vendor_a,0.26015323847142247,vendor_a,0.13485634046230288,vendor_a,0.3681783243658724,vendor_a,mid,13.9,instagram,71.0,instagram · mid,98.3,instagram
CR01253,tiktok,@creator1253_tiktok,vendor_a,320198,vendor_a,5.970730610434793,vendor_a,0.023961881006060025,vendor_a,0.26688643409160373,vendor_a,mid,80.5,tiktok,17.2,tiktok · mid,86.3,tiktok
CR01253,youtube,@creator1253_youtube,vendor_a,40684,vendor_a,1.319511355815554,vendor_a,0.01456359102244389,vendor_a,0.08869329722410291,vendor_a,micro,53.0,youtube,14.5,youtube · micro,48.6,youtube
CR01254,instagram,@creator1254_instagram,vendor_b,93510.0,vendor_b,0.27461234092610415,vendor_b,0.03819251693127568,vendor_b,0.27155172413793105,vendor_b,micro,16.0,instagram,22.6,instagram · micro,85.9,instagram
CR01254,tiktok,@creator1254_tiktok,vendor_b,14310.0,vendor_b,8.650873515024458,vendor_b,,,,,micro,93.0,tiktok,,,,
CR01254,youtube,@creator1254_youtube,vendor_a,186923,vendor_a,2.4115170417765603,vendor_a,0.08904101608016779,vendor_a,0.24018548355405353,vendor_a,mid,80.8,youtube,52.4,youtube · mid,90.7,youtube
CR01255,instagram,https://www.instagram.com/creator1255_instagram/,vendor_b,88100.0,vendor_b,0.8956640181611805,vendor_b,-0.11064001615182717,vendor_b,,,micro,70.5,instagram,0.8,instagram · micro,,
CR01255,tiktok,@creator1255_tiktok,vendor_b,48960.0,vendor_b,1.3837418300653594,vendor_b,0.05222437137330754,vendor_b,0.09472,vendor_b,micro,12.3,tiktok,29.5,tiktok · micro,30.3,tiktok
CR01255,youtube,,,,,,,,,,,,,,,,,
CR01257,tiktok,@creator1257_tiktok,vendor_b,170000.0,vendor_b,4.964352941176471,vendor_b,0.09564320701211652,vendor_b,,,mid,72.1,tiktok,62.3,tiktok · mid,,
CR01263,tiktok,,,,,,,,,,,,,,,,,
CR01266,instagram,,,,,,,,,,,,,,,,,
CR01266,tiktok,@creator1266_tiktok,vendor_b,133140.0,vendor_b,0.316659155775875,vendor_b,0.09283427727160798,vendor_b,0.04159824849480022,vendor_b,mid,0.4,tiktok,58.3,tiktok · mid,10.1,tiktok
CR01266,youtube,@creator1266_youtube,vendor_a,27478,vendor_a,2.4436640221267925,vendor_a,-0.06692926754728513,vendor_a,0.40584958217270195,vendor_a,micro,81.6,youtube,1.8,youtube · micro,98.9,youtube
CR01268,instagram,,,,,,,,,,,,,,,,,
CR01268,tiktok,@creator1268_tiktok,vendor_b,21320.0,vendor_b,1.9235928705440901,vendor_b,,,0.12464387464387465,vendor_b,micro,24.5,tiktok,,,47.2,tiktok
CR01268,youtube,,,,,,,,,,,,,,,,,
CR01269,tiktok,,,,,,,,,,,,,,,,,
CR01270,instagram,,,,,,,,,,,,,,,,,
CR01270,tiktok,@creator1270_tiktok,vendor_a,362366,vendor_a,1.0642499572255675,vendor_a,-0.005860050150616457,vendor_a,0.09959040374488004,vendor_a,mid,7.0,tiktok,8.6,tiktok · mid,32.1,tiktok
CR01270,youtube,@creator1270_youtube,vendor_a,32576,vendor_a,0.8476485756385069,vendor_a,0.18110293317863746,vendor_a,0.09136735979836169,vendor_a,micro,29.7,youtube,90.4,youtube · micro,49.7,youtube
CR01274,instagram,@creator1274_instagram,vendor_b,26030.0,vendor_b,0.6892047637341528,vendor_b,0.13124728378965667,vendor_b,0.25129533678756477,vendor_b,micro,57.5,instagram,68.3,instagram · micro,82.0,instagram
CR01274,tiktok,https://www.tiktok.com/@creator1274_tiktok,vendor_b,21490.0,vendor_b,3.8013494648673802,vendor_b,0.12513089005235603,vendor_b,0.14664410603496897,vendor_b,micro,59.8,tiktok,66.4,tiktok · micro,55.2,tiktok
CR01274,youtube,@creator1274_youtube,vendor_a,6002,vendor_a,4.893368877040986,vendor_a,0.055575096728807595,vendor_a,0.02686817800167926,vendor_a,nano,97.3,youtube,30.7,youtube · nano,16.4,youtube
CR01276,instagram,https://www.instagram.com/creator1276_instagram/,vendor_b,49850.0,vendor_b,1.0545035105315947,vendor_b,0.11049231454666963,vendor_b,0.06710113444363987,vendor_b,micro,78.0,instagram,59.5,instagram · micro,19.3,instagram
CR01276,tiktok,@creator1276_tiktok,vendor_a,15823,vendor_a,4.069708651962333,vendor_a,0.1429500144466917,vendor_a,0.11564490445859872,vendor_a,micro,63.4,tiktok,75.9,tiktok · micro,39.1,tiktok
CR01280,instagram,@creator1280_instagram,vendor_a,35425,vendor_a,0.8318419195483415,vendor_a,0.20645029458842762,vendor_a,0.10978520286396182,vendor_a,micro,66.2,instagram,93.3,instagram · micro,40.1,instagram
CR01280,tiktok,@creator1280_tiktok,vendor_a,62963,vendor_a,2.5959055318202755,vendor_a,0.0540033814888595,vendor_a,0.08347578347578348,vendor_a,micro,39.7,tiktok,31.1,tiktok · micro,25.4,tiktok
CR01280,youtube,@creator1280_youtube,vendor_a,155996,vendor_a,2.5215518346624273,vendor_a,0.050548858508990505,vendor_a,0.008400758778212225,vendor_a,mid,83.3,youtube,36.1,youtube · mid,6.5,youtube
CR01283,instagram,,,,,,,,,,,,,,,,,
CR01283,tiktok,@creator1283_tiktok,vendor_c,3055,vendor_c,4.1653027823240585,vendor_c,0.053085143054119266,vendor_c,,,nano,64.5,tiktok,20.8,tiktok · nano,,
CR01283,youtube,@creator1283_youtube,vendor_a,8305,vendor_a,1.569175195665262,vendor_a,0.013422818791946308,vendor_a,0.23026315789473684,vendor_a,nano,61.0,youtube,8.0,youtube · nano,89.5,youtube
CR01284,instagram,@creator1284_instagram,vendor_a,25315,vendor_a,0.5111198893936402,vendor_a,-0.0036994765634224096,vendor_a,0.2380352644836272,vendor_a,micro,42.5,instagram,8.7,instagram · micro,79.6,instagram
CR01284,tiktok,@creator1284_tiktok,vendor_b,22400.0,vendor_b,1.3676339285714285,vendor_b,0.0270518110958276,vendor_b,,,micro,11.8,tiktok,19.1,tiktok · micro,,
CR01284,youtube,@creator1284_youtube,vendor_c,415233,vendor_c,0.7180305996874045,vendor_c,,,0.2017561566410981,vendor_c,mid,21.7,youtube,,,82.9,youtube
CR01285,youtube,@creator1285_youtube,vendor_b,56390.0,vendor_b,,,0.05817226496528429,vendor_b,0.1377726750861079,vendor_b,micro,,,34.4,youtube · micro,68.0,youtube
CR01287,instagram,@creator1287_instagram,vendor_a,5712,vendor_a,0.24544817927170867,vendor_a,0.23103448275862068,vendor_a,0.09,vendor_a,nano,13.0,instagram,96.3,instagram · nano,30.7,instagram
CR01287,tiktok,@creator1287_tiktok,vendor_a,13262,vendor_a,6.201251696576685,vendor_a,0.005611161662117076,vendor_a,0.23934073808670728,vendor_a,micro,82.2,tiktok,12.4,tiktok · micro,80.6,tiktok
CR01287,youtube,@creator1287_youtube,vendor_a,109721,vendor_a,1.615178498190866,vendor_a,0.09407001904533988,vendor_a,0.049893842887473464,vendor_a,mid,63.3,youtube,54.2,youtube · mid,31.6,youtube
CR01290,instagram,@creator1290_instagram,vendor_a,38554,vendor_a,1.191082637339835,vendor_a,0.23301778175770757,vendor_a,0.09340659340659341,vendor_a,micro,81.8,instagram,96.0,instagram · micro,32.6,instagram
CR01290,tiktok,https://www.tiktok.com/@creator1290_tiktok,vendor_b,131260.0,vendor_b,3.544263294225202,vendor_b,0.04075483666349508,vendor_b,0.2491942824808719,vendor_b,mid,55.6,tiktok,27.8,tiktok · mid,82.4,tiktok
CR01290,youtube,@creator1290_youtube,vendor_a,3634,vendor_a,2.015685195376995,vendor_a,0.07324276432368576,vendor_a,0.03926096997690531,vendor_a,nano,74.3,youtube,38.7,youtube · nano,25.3,youtube
CR01291,instagram,https://www.instagram.com/creator1291_instagram/,vendor_b,24200.0,vendor_b,0.7202479338842975,vendor_b,-0.08610271903323263,vendor_b,0.19674039580908032,vendor_b,micro,59.8,instagram,1.6,instagram · micro,69.6,instagram
CR01291,tiktok,https://www.tiktok.com/@creator1291_tiktok,vendor_b,334890.0,vendor_b,4.1754367105616765,vendor_b,0.09832409563477748,vendor_b,0.09278413799453669,vendor_b,mid,64.7,tiktok,63.6,tiktok · mid,29.0,tiktok
CR01291,youtube,@creator1291_youtube,vendor_a,250983,vendor_a,1.061123661761952,vendor_a,0.1737721324815504,vendor_a,0.05246636771300448,vendor_a,mid,41.8,youtube,84.9,youtube · mid,33.0,youtube
CR01292,instagram,,,,,,,,,,,,,,,,,
CR01292,tiktok,@creator1292_tiktok,vendor_b,46850.0,vendor_b,1.6447385272145143,vendor_b,0.024939838109822796,vendor_b,0.12302391568706932,vendor_b,micro,18.8,tiktok,18.3,tiktok · micro,45.1,tiktok
CR01292,youtube,@creator1292_youtube,vendor_a,256642,vendor_a,1.132647812906695,vendor_a,,,0.018226285448087114,vendor_a,mid,45.6,youtube,,,11.8,youtube
CR01295,tiktok,https://www.tiktok.com/@creator1295_tiktok,vendor_b,21210.0,vendor_b,6.9996699669966995,vendor_b,0.14524838012958963,vendor_b,,,micro,87.5,tiktok,76.8,tiktok · micro,,
CR01295,youtube,@creator1295_youtube,vendor_a,1396088,vendor_a,0.7842958323544075,vendor_a,0.04554734248504048,vendor_a,0.11369973460543555,vendor_a,macro,25.7,youtube,40.0,youtube · macro,60.6,youtube
CR01296,instagram,@creator1296_instagram,vendor_b,1308790.0,vendor_b,0.507610846659892,vendor_b,0.08615982140634207,vendor_b,0.12032259297481175,vendor_b,macro,42.3,instagram,25.0,instagram · macro,42.3,instagram
CR01296,tiktok,,,,,,,,,,,,,,,,,
CR01296,youtube,@creator1296_youtube,vendor_a,6772,vendor_a,2.4855286473715297,vendor_a,0.11308349769888232,vendor_a,0.24233490566037735,vendor_a,nano,82.5,youtube,53.3,youtube · nano,90.9,youtube
CR01297,tiktok,@creator1297_tiktok,vendor_a,278658,vendor_a,1.2519647740240725,vendor_a,0.15181250775017566,vendor_a,0.04724955841534191,vendor_a,mid,10.1,tiktok,83.4,tiktok · mid,11.7,tiktok
CR01298,instagram,https://www.instagram.com/creator1298_instagram/,vendor_b,23570.0,vendor_b,1.9571489181162494,vendor_b,0.12829104834849211,vendor_b,0.16678805535324107,vendor_b,micro,93.4,instagram,65.9,instagram · micro,59.9,instagram
CR01298,tiktok,@creator1298_tiktok,vendor_a,8240.0,vendor_b,2.454247572815534,vendor_b,0.11956521739130435,vendor_b,0.21057192374350087,vendor_a,nano,37.6,tiktok,50.0,tiktok · nano,73.8,tiktok
CR01298,youtube,@creator1298_youtube,vendor_a,9294,vendor_a,3.1362169141381537,vendor_a,0.02775627557226584,vendor_a,0.02735562310030395,vendor_a,nano,89.7,youtube,18.7,youtube · nano,16.8,youtube
CR01300,instagram,@creator1300_instagram,vendor_b,,,,,,,0.06907894736842106,vendor_b,,,,,,20.2,instagram
CR01300,tiktok,@creator1300_tiktok,vendor_a,201666,vendor_a,7.960538712524669,vendor_a,-0.05689954310139221,vendor_a,0.19921148223620094,vendor_a,mid,90.3,tiktok,1.3,tiktok · mid,70.7,tiktok
CR01300,youtube,@creator1300_youtube,vendor_c,60771,vendor_c,1.297872340425532,vendor_c,0.07283961514696796,vendor_c,0.1352975382826129,vendor_c,micro,52.7,youtube,39.7,youtube · micro,67.4,youtube
CR01303,instagram,,,,,,,,,,,,,,,,,
CR01303,tiktok,@creator1303_tiktok,vendor_b,5100.0,vendor_b,5.337843137254902,vendor_b,0.12087912087912088,vendor_b,0.06911447084233262,vendor_b,nano,75.9,tiktok,52.1,tiktok · nano,21.5,tiktok
CR01303,youtube,@creator1303_youtube,vendor_a,138016,vendor_a,1.0075643403663344,vendor_a,0.11962359049241503,vendor_a,0.07467256336111584,vendor_a,mid,38.0,youtube,68.1,youtube · mid,41.7,youtube
CR01304,instagram,@creator1304_instagram,vendor_b,73750.0,vendor_b,0.6620203389830508,vendor_b,0.19220821209182024,vendor_b,0.28331936295054483,vendor_b,micro,55.6,instagram,90.5,instagram · micro,87.8,instagram
CR01304,tiktok,@creator1304_tiktok,vendor_a,9623,vendor_a,2.2913852229034606,vendor_a,0.06272777471010492,vendor_a,0.33167495854063017,vendor_a,nano,33.0,tiktok,27.1,tiktok · nano,95.1,tiktok
CR01304,youtube,@creator1304_youtube,vendor_a,8604,vendor_a,1.9424686192468619,vendor_a,-0.06376496191512514,vendor_a,0.18645640074211503,vendor_a,nano,71.5,youtube,2.7,youtube · nano,79.8,youtube
CR01305,youtube,@creator1305_youtube,vendor_c,36989,vendor_c,0.41744843061450704,vendor_c,0.10791948721020787,vendor_c,,,micro,8.6,youtube,57.8,youtube · micro,,
CR01307,instagram,@creator1307_instagram,vendor_b,341020.0,vendor_b,0.3210046331593455,vendor_b,0.21510778549795118,vendor_b,,,mid,20.7,instagram,95.7,instagram · mid,,
CR01307,youtube,@creator1307_youtube,vendor_a,205616,vendor_a,0.9450480507353514,vendor_a,0.0652519674025106,vendor_a,0.03248049355833787,vendor_a,mid,35.2,youtube,41.6,youtube · mid,20.4,youtube
CR01309,instagram,@creator1309_instagram,vendor_a,62685,vendor_a,1.7631969370662839,vendor_a,0.1380718954248366,vendor_a,0.36137184115523463,vendor_a,micro,90.4,instagram,72.6,instagram · micro,97.5,instagram
CR01309,tiktok,@creator1309_tiktok,vendor_b,78250.0,vendor_b,2.5497635782747605,vendor_b,0.19047619047619047,vendor_b,,,micro,39.3,tiktok,92.1,tiktok · micro,,
CR01312,tiktok,@creator1312_tiktok,vendor_b,5020.0,vendor_b,6.3280876494023905,vendor_b,0.18396226415094338,vendor_b,,,nano,83.1,tiktok,83.3,tiktok · nano,,
CR01312,youtube,@creator1312_youtube,vendor_a,31907,vendor_a,3.0742156893471653,vendor_a,0.16657526233044495,vendor_a,0.025670410268164107,vendor_a,micro,89.4,youtube,84.8,youtube · micro,15.8,youtube
CR01313,instagram,,,,,,,,,,,,,,,,,
CR01313,tiktok,,,,,,,,,,,,,,,,,
CR01313,youtube,,,,,,,,,,,,,,,,,
CR01314,instagram,,,,,,,,,,,,,,,,,
CR01314,tiktok,@creator1314_tiktok,vendor_b,22520.0,vendor_b,,,0.15250767656090072,vendor_b,0.21700729177364692,vendor_b,micro,,,80.1,tiktok · micro,75.1,tiktok
CR01314,youtube,@creator1314_youtube,vendor_a,44543,vendor_a,3.466829804907617,vendor_a,0.21925382530862508,vendor_a,0.19228716306378435,vendor_a,micro,91.8,youtube,95.7,youtube · micro,81.1,youtube
CR01318,tiktok,@creator1318_tiktok,vendor_a,53857,vendor_a,4.320756818983605,vendor_a,0.17460905978059366,vendor_a,0.05588006230529595,vendor_a,micro,66.6,tiktok,87.6,tiktok · micro,16.1,tiktok
CR01321,instagram,,,,,,,,,,,,,,,,,
CR01321,tiktok,https://www.tiktok.com/@creator1321_tiktok,vendor_b,264610.0,vendor_b,0.6302067193227769,vendor_b,0.09194074196343828,vendor_b,0.10225846925972397,vendor_b,mid,2.1,tiktok,57.6,tiktok · mid,33.4,tiktok
CR01323,tiktok,https://www.tiktok.com/@creator1323_tiktok,vendor_b,221760.0,vendor_b,2.371865981240981,vendor_b,0.01752775993392677,vendor_b,0.12091836734693878,vendor_b,mid,34.0,tiktok,15.2,tiktok · mid,42.2,tiktok
CR01324,instagram,,,,,,,,,,,,,,,,,
CR01324,tiktok,@creator1324_tiktok,vendor_b,28480.0,vendor_b,4.10874297752809,vendor_b,0.02078853046594982,vendor_b,0.18896792376862165,vendor_b,micro,63.8,tiktok,17.4,tiktok · micro,69.4,tiktok
CR01324,youtube,,,,,,,,,,,,,,,,,
CR01325,instagram,@creator1325_instagram,vendor_a,111343,vendor_a,0.9867795909935964,vendor_a,0.03162234781803021,vendor_a,0.289338300514458,vendor_a,mid,74.8,instagram,23.9,instagram · mid,89.0,instagram
CR01325,tiktok,@creator1325_tiktok,vendor_a,75054,vendor_a,8.83582487275828,vendor_a,0.22884228105506163,vendor_a,0.34332842776551387,vendor_a,micro,93.2,tiktok,97.1,tiktok · micro,95.6,tiktok
CR01325,youtube,@creator1325_youtube,vendor_a,6255,vendor_a,2.1723421262989606,vendor_a,0.020558002936857563,vendor_a,0.04488330341113106,vendor_a,nano,77.6,youtube,13.3,youtube · nano,28.2,youtube
CR01327,youtube,@creator1327_youtube,vendor_a,52423,vendor_a,2.942372622703775,vendor_a,0.0858119304059652,vendor_a,0.22139687439706734,vendor_a,micro,88.8,youtube,48.2,youtube · micro,87.4,youtube
CR01329,tiktok,,,,,,,,,,,,,,,,,
CR01329,youtube,@creator1329_youtube,vendor_a,367231,vendor_a,4.727068248595571,vendor_a,0.026134604530035375,vendor_a,0.143785929373118,vendor_a,mid,96.6,youtube,24.7,youtube · mid,69.3,youtube
CR01332,instagram,@creator1332_instagram,vendor_b,2370.0,vendor_b,3.2869198312236287,vendor_b,-0.005254648342764754,vendor_c,,"n/a (likes hidden, vendor_b)",nano,98.7,instagram,9.3,instagram · nano,,
CR01334,instagram,@creator1334_instagram,vendor_b,67340.0,vendor_b,,,0.09335931157655464,vendor_b,0.19899665551839466,vendor_b,micro,,,52.8,instagram · micro,70.7,instagram
CR01334,tiktok,,,,,,,,,,,,,,,,,
CR01334,youtube,@creator1334_youtube,vendor_a,162241,vendor_a,1.469868898737064,vendor_a,0.011162355874104083,vendor_a,0.13304424953188135,vendor_a,mid,58.0,youtube,17.5,youtube · mid,66.5,youtube
CR01337,tiktok,@creator1337_tiktok,vendor_b,33730.0,vendor_b,2.5074772245459234,vendor_c,0.10192747468147664,vendor_b,0.30773955773955775,vendor_b,micro,38.9,tiktok,56.0,tiktok · micro,92.7,tiktok
CR01337,youtube,@creator1337_youtube,vendor_a,38608,vendor_a,1.1633340240364691,vendor_a,0.1210871711481503,vendor_a,0.1556719022687609,vendor_a,micro,46.8,youtube,66.0,youtube · micro,72.6,youtube
CR01341,instagram,@creator1341_instagram,vendor_a,7239674,vendor_a,0.7356704183088907,vendor_a,0.06123234559033707,vendor_a,0.06038809023046892,vendor_a,macro,60.9,instagram,18.8,instagram · macro,18.0,instagram
CR01341,youtube,@creator1341_youtube,vendor_a,13086,vendor_a,2.790845178052881,vendor_a,0.216057987175913,vendor_a,0.0681044267877412,vendor_a,micro,86.7,youtube,95.4,youtube · micro,39.2,youtube
CR01342,tiktok,https://www.tiktok.com/@creator1342_tiktok,vendor_b,,,,,,,0.14170506912442396,vendor_b,,,,,,52.5,tiktok
CR01342,youtube,@creator1342_youtube,vendor_c,3840,vendor_c,3.25390625,vendor_c,0.07834877843302443,vendor_c,0.1637065637065637,vendor_c,nano,90.1,youtube,41.3,youtube · nano,74.5,youtube
CR01343,instagram,,,63830.0,vendor_b,7.283456055146483,vendor_b,0.09654698505411441,vendor_b,0.0405873954721599,vendor_b,micro,99.8,instagram,53.6,instagram · micro,9.9,instagram
CR01343,tiktok,@creator1343_tiktok,vendor_a,9405,vendor_a,2.394152046783626,vendor_a,0.19504447268106734,vendor_a,0.22141119221411193,vendor_a,nano,35.5,tiktok,85.4,tiktok · nano,76.4,tiktok
CR01343,youtube,,,,,,,,,,,,,,,,,
CR01345,tiktok,@creator1345_tiktok,vendor_b,5120.0,vendor_b,4.341796875,vendor_b,0.05661174482467258,vendor_c,0.45108695652173914,vendor_b,nano,67.2,tiktok,22.9,tiktok · nano,99.2,tiktok
CR01348,instagram,,,,,,,,,,,,,,,,,
CR01349,instagram,@creator1349_instagram,vendor_b,,,,,,,0.23738317757009345,vendor_b,,,,,,79.3,instagram
CR01349,tiktok,@creator1349_tiktok,vendor_a,468231,vendor_a,9.580589495355925,vendor_a,0.17340882636124563,vendor_c,,,mid,95.3,tiktok,90.1,tiktok · mid,,
CR01349,youtube,@creator1349_youtube,vendor_a,248173,vendor_a,0.7905493345367949,vendor_a,0.20135251575676016,vendor_a,0.16243216576221017,vendor_a,mid,26.2,youtube,91.0,youtube · mid,74.1,youtube
CR01350,instagram,,,,,,,,,,,,,,,,,
CR01350,tiktok,@creator1350_tiktok,vendor_a,124201,vendor_a,3.1372050144523795,vendor_a,0.08452598213428104,vendor_a,0.17134703196347031,vendor_a,mid,49.9,tiktok,51.0,tiktok · mid,64.0,tiktok
CR01350,youtube,@creator1350_youtube,vendor_a,55202,vendor_a,0.36286728741712254,vendor_a,-0.02416517880818116,vendor_a,0.03278688524590164,vendor_a,micro,6.5,youtube,7.1,youtube · micro,20.6,youtube
CR01352,tiktok,,,,,,,,,,,,,,,,,
CR01352,youtube,@creator1352_youtube,vendor_a,46497,vendor_a,2.828311503967998,vendor_a,0.17398878957733677,vendor_a,0.028858218318695106,vendor_a,micro,87.3,youtube,89.0,youtube · micro,18.3,youtube
CR01354,instagram,,,,,,,,,,,,,,,,,
CR01354,tiktok,@creator1354_tiktok,vendor_c,,,,,,,,,,,,,,,
CR01354,youtube,@creator1354_youtube,vendor_a,60806,vendor_a,0.49060947932769794,vendor_a,0.13892374833767254,vendor_a,0.1,vendor_a,micro,11.0,youtube,71.6,youtube · micro,54.8,youtube
CR01355,instagram,,,,,,,,,,,,,,,,,
CR01355,tiktok,@creator1355_tiktok,vendor_a,72455,vendor_a,8.052611966047891,vendor_a,0.07752595104250319,vendor_a,0.12147980170868052,vendor_a,micro,90.5,tiktok,44.0,tiktok · micro,42.7,tiktok
CR01355,youtube,@creator1355_youtube,vendor_a,441711,vendor_a,1.458639246022852,vendor_a,0.22955364723239016,vendor_a,0.1691921726041144,vendor_a,mid,57.2,youtube,94.0,youtube · mid,77.0,youtube
CR01356,instagram,@creator1356_instagram,vendor_b,1358160.0,vendor_b,,,0.12625320297534642,vendor_b,0.27779463066889126,vendor_b,macro,,,62.5,instagram · macro,87.0,instagram
CR01356,tiktok,@creator1356_tiktok,vendor_a,140380,vendor_a,12.077539535546373,vendor_a,0.06977382186185453,vendor_a,0.15449294622776527,vendor_a,mid,98.5,tiktok,42.4,tiktok · mid,59.1,tiktok
CR01361,tiktok,@creator1361_tiktok,vendor_a,184753,vendor_a,3.702749075793086,vendor_a,0.09080550028635025,vendor_a,0.2972497802335803,vendor_a,mid,57.9,tiktok,57.0,tiktok · mid,90.7,tiktok
CR01361,youtube,@creator1361_youtube,vendor_b,27580.0,vendor_b,1.8286802030456852,vendor_b,0.07818608287724785,vendor_b,0.20380570856284427,vendor_b,micro,68.8,youtube,43.3,youtube · micro,83.4,youtube
CR01362,instagram,@creator1362_instagram,vendor_a,14246,vendor_a,0.11519022883616453,vendor_a,0.14114066004485742,vendor_a,0.20224719101123595,vendor_a,micro,3.0,instagram,74.2,instagram · micro,71.3,instagram
CR01362,tiktok,@creator1362_tiktok,vendor_b,285010.0,vendor_b,5.6431949756148905,vendor_b,0.09337476502858019,vendor_b,0.1453965264699728,vendor_b,mid,79.5,tiktok,59.6,tiktok · mid,54.7,tiktok
CR01362,youtube,@creator1362_youtube,vendor_a,3888,vendor_a,1.0406378600823045,vendor_a,0.19263803680981595,vendor_a,0.4046242774566474,vendor_a,nano,39.5,youtube,89.3,youtube · nano,98.7,youtube
CR01364,tiktok,,,,,,,,,,,,,,,,,
CR01365,instagram,,,,,,,,,,,,,,,,,
CR01365,tiktok,@creator1365_tiktok,vendor_c,20153,vendor_c,4.46866471493078,vendor_c,0.13961773354444695,vendor_c,,,micro,68.5,tiktok,75.1,tiktok · micro,,
CR01365,youtube,@creator1365_youtube,vendor_a,20513,vendor_a,0.7621995807536684,vendor_a,0.06131001655629139,vendor_a,0.03024390243902439,vendor_a,micro,24.9,youtube,35.8,youtube · micro,19.6,youtube
CR01367,instagram,,,,,,,,,,,,,,,,,
CR01367,tiktok,@creator1367_tiktok,vendor_b,34160.0,vendor_b,1.6269906323185013,vendor_b,,,,,micro,18.2,tiktok,,,,
CR01367,youtube,@creator1367_youtube,vendor_a,183758,vendor_a,0.3647950021223566,vendor_a,0.14656700027454014,vendor_a,,,mid,6.8,youtube,79.5,youtube · mid,,
CR01371,tiktok,@creator1371_tiktok,vendor_b,18510.0,vendor_b,6.229011345218801,vendor_b,0.04872521246458923,vendor_b,0.15393402827359703,vendor_b,micro,82.5,tiktok,27.8,tiktok · micro,58.5,tiktok
CR01371,youtube,,,,,,,,,,,,,,,,,
CR01373,instagram,@creator1373_instagram,vendor_b,19040.0,vendor_b,1.323844537815126,vendor_b,-0.09613754121526143,vendor_c,0.3390151515151515,vendor_b,micro,85.7,instagram,1.2,instagram · micro,94.5,instagram
CR01373,tiktok,@creator1373_tiktok,vendor_a,99558,vendor_a,5.018069868820185,vendor_a,0.1558367678643989,vendor_a,0.04818200768291594,vendor_a,micro,72.9,tiktok,82.2,tiktok · micro,12.4,tiktok
CR01373,youtube,@creator1373_youtube,vendor_c,45716,vendor_c,4.7825269052410535,vendor_c,0.060081159420289854,vendor_c,0.02305451518934665,vendor_c,micro,97.0,youtube,35.5,youtube · micro,14.3,youtube
CR01374,instagram,@creator1374_instagram,vendor_c,9461,vendor_c,2.520240989324596,vendor_c,0.23270358306188926,vendor_c,,,nano,96.8,instagram,98.1,instagram · nano,,
CR01374,tiktok,@creator1374_tiktok,vendor_b,142590.0,vendor_b,0.5144189634616734,vendor_b,0.1295152091254753,vendor_b,0.18855625301786577,vendor_b,mid,0.8,tiktok,75.5,tiktok · mid,69.2,tiktok
CR01374,youtube,@creator1374_youtube,vendor_a,286338,vendor_a,0.21956219572672855,vendor_a,-0.07390625151606299,vendor_a,0.13351842503785966,vendor_a,mid,1.3,youtube,3.0,youtube · mid,66.9,youtube
CR01376,instagram,@creator1376_instagram,vendor_a,23669,vendor_a,1.9400904136211923,vendor_a,0.1955851896752033,vendor_a,0.25091352009744217,vendor_a,micro,92.7,instagram,91.7,instagram · micro,81.5,instagram
CR01376,tiktok,@creator1376_tiktok,vendor_a,65441,vendor_a,0.9885698568175915,vendor_a,0.12809860368901912,vendor_a,0.24046502141545992,vendor_a,micro,5.5,tiktok,68.9,tiktok · micro,81.1,tiktok
CR01381,instagram,@creator1381_instagram,vendor_b,552760.0,vendor_b,1.164067588103336,vendor_b,-0.03564263158812959,vendor_b,,,mid,80.8,instagram,8.0,instagram · mid,,
CR01381,tiktok,@creator1381_tiktok,vendor_c,,,,,,,,,,,,,,,
CR01381,youtube,,,,,,,,,,,,,,,,,
CR01383,instagram,@creator1383_instagram,vendor_b,271960.0,vendor_b,0.461604647742315,vendor_b,0.1727468736524364,vendor_b,0.10330857528696827,vendor_b,mid,37.2,instagram,88.4,instagram · mid,36.5,instagram
CR01383,tiktok,,,,,,,,,,,,,,,,,
CR01383,youtube,@creator1383_youtube,vendor_a,2511,vendor_a,1.644763042612505,vendor_a,0.15448275862068966,vendor_a,0.20155038759689922,vendor_a,nano,64.1,youtube,80.0,youtube · nano,82.7,youtube
CR01384,instagram,,,,,,,,,,,,,,,,,
CR01384,tiktok,@creator1384_tiktok,vendor_a,63243,vendor_a,1.2608351912464622,vendor_a,0.11944419860164616,vendor_a,,,micro,10.4,tiktok,63.5,tiktok · micro,,
CR01384,youtube,@creator1384_youtube,vendor_a,11212,vendor_a,1.7760435247948627,vendor_a,0.24938711834187655,vendor_a,0.15678776290630975,vendor_a,micro,67.5,youtube,98.9,youtube · micro,73.0,youtube
CR01387,instagram,https://www.instagram.com/creator1387_instagram/,vendor_b,153910.0,vendor_b,0.4746475212786693,vendor_b,0.13973637440758294,vendor_b,,,mid,38.2,instagram,73.9,instagram · mid,,
CR01387,tiktok,@creator1387_tiktok,vendor_b,125400.0,vendor_b,1.1117464114832536,vendor_b,0.03773584905660377,vendor_b,0.24633714377716953,vendor_b,mid,7.2,tiktok,25.2,tiktok · mid,81.6,tiktok
CR01387,youtube,@creator1387_youtube,vendor_c,111663,vendor_c,0.9366755326294296,vendor_c,0.001084793172078679,vendor_c,0.04734675205855444,vendor_c,mid,34.4,youtube,14.5,youtube · mid,29.0,youtube
CR01388,instagram,@creator1388_instagram,vendor_c,,,,,,,,,,,,,,,
CR01388,tiktok,@creator1388_tiktok,vendor_b,9940.0,vendor_b,4.848993963782696,vendor_b,0.13860252004581902,vendor_b,0.15924032140248356,vendor_b,nano,71.5,tiktok,60.4,tiktok · nano,60.4,tiktok
CR01388,youtube,,,,,,,,,,,,,,,,,
CR01393,instagram,,,,,,,,,,,,,,,,,
CR01393,tiktok,@creator1393_tiktok,vendor_b,16530.0,vendor_b,1.4192377495462796,vendor_b,0.08893280632411067,vendor_b,0.1412056151940545,vendor_b,micro,13.1,tiktok,49.0,tiktok · micro,52.1,tiktok
CR01393,youtube,@creator1393_youtube,vendor_a,55559,vendor_a,1.9733796504616714,vendor_a,0.004610878055836829,vendor_a,0.043713572023313906,vendor_a,micro,73.2,youtube,11.7,youtube · micro,27.6,youtube
CR01394,instagram,@creator1394_instagram,vendor_b,38360.0,vendor_b,1.289155370177268,vendor_b,0.1010332950631458,vendor_b,0.12710765239948119,vendor_b,micro,85.0,instagram,54.4,instagram · micro,47.2,instagram
CR01395,instagram,https://www.instagram.com/creator1395_instagram/,vendor_b,277550.0,vendor_b,1.1987533777697712,vendor_b,0.165099487868357,vendor_b,0.13425562018550544,vendor_b,mid,82.7,instagram,87.0,instagram · mid,50.8,instagram
CR01395,tiktok,@creator1395_tiktok,vendor_b,41370.0,vendor_b,1.2264684554024656,vendor_b,,,0.39798050139275765,vendor_b,micro,9.7,tiktok,,,97.7,tiktok
CR01397,instagram,@creator1397_instagram,vendor_a,6147,vendor_a,2.550187083129982,vendor_a,0.005397448478900883,vendor_a,0.328149300155521,vendor_a,nano,97.0,instagram,11.1,instagram · nano,93.6,instagram
CR01398,tiktok,@creator1398_tiktok,vendor_b,25880,vendor_b,4.499381761978362,vendor_b,0.22421948912015138,vendor_b,0.1472092264171472,vendor_b,micro,68.7,tiktok,96.3,tiktok · micro,55.4,tiktok
CR01399,instagram,@creator1399_instagram,vendor_b,91680.0,vendor_b,0.07843586387434555,vendor_b,0.0364006330544879,vendor_b,0.29658792650918636,vendor_b,micro,1.3,instagram,21.4,instagram · micro,90.6,instagram
CR01399,youtube,@creator1399_youtube,vendor_a,36653,vendor_a,1.9674242217553815,vendor_a,0.11648237838496452,vendor_a,0.0830557406173662,vendor_a,micro,73.0,youtube,62.8,youtube · micro,45.9,youtube
CR01402,instagram,@creator1402_instagram,vendor_a,88097,vendor_a,0.7043713179790458,vendor_a,0.032185120093731694,vendor_a,0.08439041578576462,vendor_a,micro,58.8,instagram,18.7,instagram · micro,28.7,instagram
CR01402,tiktok,,,,,,,,,,,,,,,,,
CR01402,youtube,@creator1402_youtube,vendor_a,39802,vendor_a,3.9118888498065423,vendor_a,0.05603608384186787,vendor_a,0.1413934426229508,vendor_a,micro,94.5,youtube,33.7,youtube · micro,68.8,youtube
CR01406,instagram,@creator1406_instagram,vendor_c,203960,vendor_c,0.6554275348107472,vendor_c,0.008779088458589905,vendor_c,,,mid,55.3,instagram,15.2,instagram · mid,,
CR01406,tiktok,@creator1406_tiktok,vendor_c,24920.0,vendor_b,1.7141653290529695,vendor_b,0.09394205443371378,vendor_b,0.09820857325655791,vendor_b,micro,19.9,tiktok,52.7,tiktok · micro,31.9,tiktok
CR01406,youtube,@creator1406_youtube,vendor_a,16904,vendor_a,1.2250354945575013,vendor_a,0.2145423192987498,vendor_a,0.004666666666666667,vendor_a,micro,49.6,youtube,95.0,youtube · micro,4.8,youtube
CR01408,instagram,,,,,,,,,,,,,,,,,
CR01408,youtube,,,,,,,,,,,,,,,,,
CR01409,instagram,,,,,,,,,,,,,,,,,
CR01409,youtube,@creator1409_youtube,vendor_b,50570.0,vendor_b,0.9863357721969547,vendor_b,0.1168286219081272,vendor_b,0.23616636528028934,vendor_b,micro,36.1,youtube,63.1,youtube · micro,90.1,youtube
CR01412,instagram,https://www.instagram.com/creator1412_instagram/,vendor_b,22270.0,vendor_b,0.07970363718006286,vendor_b,0.11294352823588207,vendor_b,,,micro,1.5,instagram,59.9,instagram · micro,,
CR01412,tiktok,@creator1412_tiktok,vendor_b,13900.0,vendor_b,1.8551798561151078,vendor_b,0.13747954173486088,vendor_b,0.047619047619047616,vendor_b,micro,23.9,tiktok,73.4,tiktok · micro,11.9,tiktok
CR01412,youtube,@creator1412_youtube,vendor_b,13120.0,vendor_b,1.1914634146341463,vendor_b,0.14285714285714285,vendor_b,0.04172767203513909,vendor_b,micro,49.0,youtube,74.5,youtube · micro,26.7,youtube
CR01415,instagram,@creator1415_instagram,vendor_b,93730.0,vendor_b,0.07109783420463033,vendor_b,0.16884898366379847,vendor_b,0.05555555555555555,vendor_b,micro,0.9,instagram,84.1,instagram · micro,15.9,instagram
CR01415,tiktok,,,,,,,,,,,,,,,,,
CR01415,youtube,@creator1415_youtube,vendor_c,27972,vendor_c,,,0.06397869912514265,vendor_c,,,micro,,,36.9,youtube · micro,,
CR01419,instagram,@creator1419_instagram,vendor_b,26140.0,vendor_b,0.32953328232593726,vendor_b,-0.05289855072463768,vendor_b,0.3013205282112845,vendor_b,micro,21.6,instagram,3.6,instagram · micro,91.4,instagram
CR01419,tiktok,@creator1419_tiktok,vendor_b,71930.0,vendor_b,1.398679271513972,vendor_b,0.06768591361139974,vendor_b,0.11541578862052196,vendor_b,micro,12.7,tiktok,39.0,tiktok · micro,38.9,tiktok
CR01419,youtube,@creator1419_youtube,vendor_a,163778,vendor_a,2.581738695062829,vendor_a,0.10663801724370929,vendor_a,0.09212447526920971,vendor_a,mid,83.8,youtube,62.0,youtube · mid,50.3,youtube
CR01421,instagram,,,,,,,,,,,,,,,,,
CR01421,tiktok,,,,,,,,,,,,,,,,,
CR01424,instagram,,,,,,,,,,,,,,,,,
CR01424,tiktok,@creator1424_tiktok,vendor_c,25675,vendor_c,8.60510223953262,vendor_c,0.1924666759555989,vendor_c,,,micro,92.8,tiktok,92.5,tiktok · micro,,
CR01424,youtube,@creator1424_youtube,vendor_a,43348,vendor_a,0.8572944541847375,vendor_a,0.14392779859608382,vendor_a,0.04119601328903655,vendor_a,micro,29.8,youtube,74.8,youtube · micro,26.1,youtube
CR01427,instagram,@creator1427_instagram,vendor_a,312627,vendor_a,0.6093171735006894,vendor_a,0.055712206504597656,vendor_a,,"n/a (likes hidden, vendor_a)",mid,50.4,instagram,35.5,instagram · mid,,
CR01427,tiktok,@creator1427_tiktok,vendor_b,15300.0,vendor_b,9.671307189542484,vendor_b,0.058823529411764705,vendor_b,0.4201286893271786,vendor_b,micro,95.6,tiktok,34.9,tiktok · micro,98.4,tiktok
CR01427,youtube,@creator1427_youtube,vendor_a,42796,vendor_a,0.5748200766426769,vendor_a,0.17056892778993435,vendor_a,0.05449438202247191,vendor_a,micro,15.0,youtube,86.5,youtube · micro,33.9,youtube
CR01429,instagram,,,,,,,,,,,,,,,,,
CR01429,tiktok,@creator1429_tiktok,vendor_b,,,,,,,0.12667493796526055,vendor_b,,,,,,47.9,tiktok
CR01432,instagram,@creator1432_instagram,vendor_a,39545,vendor_c,,EXCLUDED: Q00034 (no consistent source),0.06656417725274429,vendor_c,0.13977832512315272,vendor_a,micro,,,34.1,instagram · micro,51.9,instagram
CR01432,tiktok,@creator1432_tiktok,vendor_a,16602,vendor_a,8.096434164558486,vendor_a,0.025004630487127245,vendor_a,0.10231712857791912,vendor_a,micro,90.7,tiktok,18.7,tiktok · micro,33.7,tiktok
CR01432,youtube,@creator1432_youtube,vendor_a,11271,vendor_a,1.7245142400851743,vendor_a,0.15968721061837637,vendor_a,0.08237822349570201,vendor_a,micro,66.2,youtube,80.9,youtube · micro,45.7,youtube
CR01436,instagram,https://www.instagram.com/creator1436_instagram/,vendor_b,126640.0,vendor_b,1.4038850284270372,vendor_b,0.09125376992675571,vendor_b,0.21184096802074331,vendor_b,mid,87.2,instagram,55.8,instagram · mid,74.3,instagram
CR01436,tiktok,,,,,,,,,,,,,,,,,
CR01436,youtube,@creator1436_youtube,vendor_a,30114,vendor_a,0.7438400743840075,vendor_a,0.14658848614072495,vendor_a,0.08174097664543524,vendor_a,micro,23.4,youtube,76.2,youtube · micro,45.3,youtube
CR01437,instagram,@creator1437_instagram,vendor_c,102747,vendor_c,0.1884921214244698,vendor_c,0.1270320075466731,vendor_c,,,mid,7.1,instagram,68.8,instagram · mid,,
CR01437,tiktok,@creator1437_tiktok,vendor_c,22405,vendor_c,3.702744923008257,vendor_c,0.2707730701605127,vendor_c,,,micro,57.7,tiktok,99.2,tiktok · micro,,
CR01437,youtube,@creator1437_youtube,vendor_a,61947,vendor_a,0.7878670476374966,vendor_a,0.1522450801681485,vendor_a,0.08563340410474168,vendor_a,micro,25.9,youtube,78.4,youtube · micro,47.4,youtube
CR01438,tiktok,@creator1438_tiktok,vendor_a,29096,vendor_a,1.5516909540830355,vendor_a,0.17176110507027506,vendor_a,0.41561624649859946,vendor_a,micro,15.9,tiktok,85.9,tiktok · micro,98.2,tiktok
CR01438,youtube,,,,,,,,,,,,,,,,,
CR01442,instagram,@creator1442_instagram,vendor_b,19560.0,vendor_b,2.0445807770961144,vendor_b,,,,,micro,94.0,instagram,,,,
CR01442,tiktok,@creator1442_tiktok,vendor_b,12310.0,vendor_b,7.519415109666937,vendor_b,0.17799043062200956,vendor_b,0.1814454126089185,vendor_b,micro,89.4,tiktok,89.2,tiktok · micro,66.6,tiktok
CR01443,tiktok,@creator1443_tiktok,vendor_b,14880.0,vendor_b,3.8143817204301076,vendor_b,0.07982583454281568,vendor_b,,,micro,60.5,tiktok,44.8,tiktok · micro,,
CR01447,instagram,@creator1447_instagram,vendor_b,21640.0,vendor_b,0.352818853974122,vendor_b,0.11316872427983539,vendor_b,0.21021021021021022,vendor_b,micro,25.2,instagram,60.3,instagram · micro,74.0,instagram
CR01447,tiktok,,,,,,,,,,,,,,,,,
CR01447,youtube,@creator1447_youtube,vendor_a,1722778,vendor_a,4.357910885790276,vendor_a,0.028362096959046453,vendor_a,0.25708122191414096,vendor_a,macro,96.0,youtube,30.0,youtube · macro,93.5,youtube
CR01448,instagram,@creator1448_instagram,vendor_b,95770.0,vendor_b,1.1640806097942988,vendor_b,0.12366537604130001,vendor_b,0.07918006430868167,vendor_b,micro,81.0,instagram,63.1,instagram · micro,25.4,instagram
CR01448,tiktok,,,,,,,,,,,,,,,,,
CR01448,youtube,@creator1448_youtube,vendor_a,40776,vendor_a,1.3900824014125956,vendor_a,0.2534120250829952,vendor_a,0.044315129811996416,vendor_a,micro,55.1,youtube,99.3,youtube · micro,27.8,youtube
CR01449,instagram,@creator1449_instagram,vendor_a,220002,vendor_a,0.22241161443986873,vendor_a,-0.11437002089262639,vendor_a,0.1210412147505423,vendor_a,mid,10.9,instagram,2.2,instagram · mid,43.1,instagram
CR01449,tiktok,,,,,,,,,,,,,,,,,
CR01449,youtube,@creator1449_youtube,vendor_a,19338,vendor_a,1.0020167545764815,vendor_a,0.13947321902068235,vendor_a,0.14477361654555618,vendor_a,micro,37.5,youtube,72.3,youtube · micro,69.9,youtube
CR01452,tiktok,@creator1452_tiktok,vendor_c,28622,vendor_c,1.938788344630005,vendor_c,0.09919735780943968,vendor_c,,,micro,24.9,tiktok,54.4,tiktok · micro,,
CR01454,instagram,@creator1454_instagram,vendor_c,10783,vendor_c,,,0.12159350946536301,vendor_c,,,micro,,,62.3,instagram · micro,,
CR01454,tiktok,,,,,,,,,,,,,,,,,
CR01454,youtube,@creator1454_youtube,vendor_b,36450.0,vendor_b,2.8393964334705077,vendor_b,0.11297709923664122,vendor_b,0.19127231510342874,vendor_b,micro,87.8,youtube,60.6,youtube · micro,81.0,youtube
CR01455,instagram,@creator1455_instagram,vendor_b,23860.0,vendor_b,0.3631601005867561,vendor_b,,,0.0546218487394958,vendor_b,micro,25.9,instagram,,,15.2,instagram
CR01455,tiktok,@creator1455_tiktok,vendor_c,,,,,,,,,,,,,,,
CR01455,youtube,@creator1455_youtube,vendor_a,80009,vendor_a,1.1841667812371108,vendor_a,-0.029523428308043134,vendor_a,0.13673857868020303,vendor_a,micro,48.7,youtube,5.0,youtube · micro,67.8,youtube
CR01458,instagram,@creator1458_instagram,vendor_b,55400.0,vendor_b,0.5456678700361011,vendor_b,0.08457321848081441,vendor_b,0.08093023255813954,vendor_b,micro,44.7,instagram,48.4,instagram · micro,26.8,instagram
CR01458,tiktok,@creator1458_tiktok,vendor_b,47420.0,vendor_b,,,0.06585749606653181,vendor_b,,,micro,,,36.9,tiktok · micro,,
CR01458,youtube,@creator1458_youtube,vendor_b,7061,vendor_c,1.682056365953831,vendor_c,0.13375080282594734,vendor_c,0.1179245283018868,vendor_b,nano,64.8,youtube,64.0,youtube · nano,62.7,youtube
CR01461,instagram,,,,,,,,,,,,,,,,,
CR01461,tiktok,@creator1461_tiktok,vendor_b,102800.0,vendor_b,2.795933852140078,vendor_b,0.11593573599652628,vendor_b,0.3593782599624452,vendor_b,mid,43.8,tiktok,68.9,tiktok · mid,96.4,tiktok
CR01461,youtube,@creator1461_youtube,vendor_b,53530.0,vendor_b,0.8311040538016066,vendor_b,0.015556820337696831,vendor_b,0.022903453136011276,vendor_b,micro,28.3,youtube,14.9,youtube · micro,13.9,youtube
CR01462,instagram,@creator1462_instagram,vendor_b,11790.0,vendor_b,2.4307039864291773,vendor_b,0.0886426592797784,vendor_b,0.14619164619164618,vendor_b,micro,96.4,instagram,50.4,instagram · micro,54.4,instagram
CR01462,tiktok,https://www.tiktok.com/@creator1462_tiktok,vendor_b,7280.0,vendor_b,2.394368131868132,vendor_b,,,0.1935881627620222,vendor_b,nano,35.7,tiktok,,,69.7,tiktok
CR01462,youtube,@creator1462_youtube,vendor_a,6839,vendor_a,0.9978066968855096,vendor_a,-0.08250603702709955,vendor_a,0.07712765957446809,vendor_a,nano,37.1,youtube,1.3,youtube · nano,42.9,youtube
CR01463,instagram,@creator1463_instagram,vendor_b,64260.0,vendor_b,1.0375505757858698,vendor_b,0.06939590614078882,vendor_b,,,micro,76.9,instagram,37.7,instagram · micro,,
CR01463,tiktok,@creator1463_tiktok,vendor_b,335810.0,vendor_b,10.581221524076115,vendor_b,0.029428895496765885,vendor_b,,,mid,97.7,tiktok,21.9,tiktok · mid,,
CR01463,youtube,@creator1463_youtube,vendor_a,19983,vendor_a,10.021918630836211,vendor_a,0.0908942024238454,vendor_a,0.1076986076986077,vendor_a,micro,100.0,youtube,51.1,youtube · micro,58.3,youtube
CR01469,instagram,@creator1469_instagram,vendor_b,15810.0,vendor_b,1.0382036685641998,vendor_b,0.0873452544704264,vendor_b,0.174079754601227,vendor_b,micro,77.1,instagram,50.0,instagram · micro,62.2,instagram
CR01469,tiktok,@creator1469_tiktok,vendor_b,20040.0,vendor_b,6.39126746506986,vendor_b,0.13798977853492334,vendor_b,0.13763753373468965,vendor_b,micro,83.3,tiktok,74.3,tiktok · micro,51.0,tiktok
CR01469,youtube,https://youtube.com/@creator1469_youtube,vendor_b,103180.0,vendor_b,1.0765264586160108,vendor_b,,,0.14434250764525994,vendor_b,mid,42.8,youtube,,,69.7,youtube
CR01470,instagram,@creator1470_instagram,vendor_c,122981,vendor_c,0.22105853749766224,vendor_c,0.008247591719614675,vendor_c,,,mid,10.3,instagram,14.5,instagram · mid,,
CR01470,tiktok,,,,,,,,,,,,,,,,,
CR01470,youtube,@creator1470_youtube,vendor_a,142865,vendor_a,1.6977566233857138,vendor_a,0.012100002125293113,vendor_a,0.02990477251211227,vendor_a,mid,65.0,youtube,18.7,youtube · mid,19.0,youtube
CR01472,instagram,@creator1472_instagram,vendor_a,1069298,vendor_a,0.1267756977007345,vendor_a,6.9582179750528415,vendor_a,0.2059045036903148,vendor_a,macro,3.6,instagram,100.0,instagram · macro,72.9,instagram
CR01472,tiktok,https://www.tiktok.com/@creator1472_tiktok,vendor_b,51090.0,vendor_b,16.202701115678217,vendor_b,0.05277998245540749,vendor_c,0.029354387514723204,vendor_b,micro,99.8,tiktok,30.3,tiktok · micro,6.2,tiktok
CR01472,youtube,,,,,,,,,,,,,,,,,
CR01477,instagram,@creator1477_instagram,vendor_a,13147,vendor_a,0.5214117289115388,vendor_a,0.1494142332575625,vendor_a,0.20382165605095542,vendor_a,micro,43.8,instagram,77.0,instagram · micro,72.1,instagram
CR01477,tiktok,@creator1477_tiktok,vendor_b,66830.0,vendor_b,1.7513990722729313,vendor_b,0.027679532523450717,vendor_b,0.08502678343678259,vendor_b,micro,20.9,tiktok,19.5,tiktok · micro,26.2,tiktok
CR01477,youtube,@creator1477_youtube,vendor_a,1413,vendor_a,1.0580325548478415,vendor_a,0.020216606498194945,vendor_a,0.011494252873563218,vendor_a,nano,41.1,youtube,12.0,youtube · nano,7.2,youtube
CR01478,instagram,@creator1478_instagram,vendor_a,2925,vendor_a,0.5011965811965812,vendor_a,0.04426990360585505,vendor_a,,"n/a (likes hidden, vendor_a)",nano,41.5,instagram,22.2,instagram · nano,,
CR01479,tiktok,@creator1479_tiktok,vendor_b,31260.0,vendor_b,10.883653230966091,vendor_b,0.08316008316008316,vendor_b,0.23078763845207165,vendor_b,micro,98.1,tiktok,46.9,tiktok · micro,78.0,tiktok
CR01481,instagram,@creator1481_instagram,vendor_b,75300.0,vendor_b,0.690863213811421,vendor_b,0.060414026193493876,vendor_b,0.18147304479878512,vendor_b,micro,57.7,instagram,31.7,instagram · micro,64.6,instagram
CR01481,tiktok,@creator1481_tiktok,vendor_b,146070.0,vendor_b,1.3742178407612788,vendor_b,0.06893523600439078,vendor_b,0.30330907593024853,vendor_b,mid,12.1,tiktok,41.1,tiktok · mid,91.5,tiktok
CR01481,youtube,@creator1481_youtube,vendor_a,135932,vendor_a,0.4140231880646206,vendor_a,0.1689957946698085,vendor_a,0.08329913828477636,vendor_a,mid,8.0,youtube,83.1,youtube · mid,46.3,youtube
CR01482,instagram,@creator1482_instagram,vendor_c,9526,vendor_c,0.30820911190426203,vendor_c,,,,"n/a (likes hidden, vendor_c)",nano,19.2,instagram,,,,
CR01482,tiktok,@creator1482_tiktok,vendor_b,27180.0,vendor_b,3.974981604120677,vendor_b,0.13819095477386933,vendor_b,0.17173447537473233,vendor_b,micro,62.2,tiktok,74.7,tiktok · micro,64.5,tiktok
CR01482,youtube,,,,,,,,,,,,,,,,,
CR01483,instagram,@creator1483_instagram,vendor_a,155999,vendor_a,0.5970102372451106,vendor_a,0.1616922091655124,vendor_a,0.012613410046470458,vendor_a,mid,49.4,instagram,86.2,instagram · mid,3.6,instagram
CR01483,youtube,@creator1483_youtube,vendor_a,421826,vendor_a,0.25465713351002545,vendor_a,0.03776105413098404,vendor_a,0.21444201312910285,vendor_a,mid,2.9,youtube,28.9,youtube · mid,85.3,youtube
CR01484,instagram,@creator1484_instagram,vendor_c,133710,vendor_c,0.6553735696656944,vendor_c,0.09058432025056279,vendor_c,,,mid,55.1,instagram,54.3,instagram · mid,,
CR01484,tiktok,@creator1484_tiktok,vendor_b,80290.0,vendor_b,2.312840951550629,vendor_b,0.1455271793408475,vendor_b,,,micro,33.4,tiktok,77.6,tiktok · micro,,
CR01484,youtube,,,,,,,,,,,,,,,,,
CR01485,instagram,@creator1485_instagram,vendor_a,8261,vendor_a,0.330710567727878,vendor_a,0.07091003370495204,vendor_a,0.12121212121212122,vendor_a,nano,21.8,instagram,38.9,instagram · nano,43.5,instagram
CR01485,tiktok,@creator1485_tiktok,vendor_b,,,,,,,,,,,,,,,
CR01485,youtube,@creator1485_youtube,vendor_a,16199,vendor_a,2.1461818630779677,vendor_a,0.20644969092127802,vendor_a,0.08560157790927021,vendor_a,micro,77.2,youtube,94.3,youtube · micro,47.2,youtube
CR01486,youtube,@creator1486_youtube,vendor_a,5082,vendor_a,2.1361668634395907,vendor_a,0.11716860848538141,vendor_a,0.017123287671232876,vendor_a,nano,76.6,youtube,56.0,youtube · nano,11.0,youtube
CR01489,instagram,@creator1489_instagram,vendor_b,180250.0,vendor_b,0.2087378640776699,vendor_b,0.10664292730844793,vendor_b,0.10521885521885523,vendor_b,mid,9.2,instagram,61.6,instagram · mid,37.8,instagram
CR01489,tiktok,https://www.tiktok.com/@creator1489_tiktok,vendor_b,26900.0,vendor_b,3.0584758364312266,vendor_b,0.1106523534269199,vendor_b,,,micro,48.2,tiktok,60.2,tiktok · micro,,
CR01489,youtube,@creator1489_youtube,vendor_a,455047,vendor_a,3.7018110217186355,vendor_a,-0.04771202437605421,vendor_a,0.01583645032347134,vendor_a,mid,93.7,youtube,4.2,youtube · mid,10.3,youtube
CR01490,youtube,,,,,,,,,,,,,,,,,
CR01492,instagram,@creator1492_instagram,vendor_a,343431,vendor_a,2.30648077779816,vendor_a,0.27648637397600395,vendor_a,0.2527267508610792,vendor_a,mid,95.7,instagram,100.0,instagram · mid,82.3,instagram
CR01492,tiktok,@creator1492_tiktok,vendor_b,81970.0,vendor_b,2.105819202147127,vendor_b,,,0.034019269656238846,vendor_b,micro,29.0,tiktok,,,8.0,tiktok
CR01492,youtube,@creator1492_youtube,vendor_a,71646,vendor_a,2.4632917399436116,vendor_a,0.018943595869954775,vendor_a,0.0953087335434823,vendor_a,micro,81.9,youtube,15.6,youtube · micro,52.0,youtube
CR01495,instagram,@creator1495_instagram,vendor_b,84880.0,vendor_b,0.9038289349670122,vendor_b,0.08210096889342172,vendor_b,0.08145814581458145,vendor_b,micro,71.2,instagram,46.8,instagram · micro,27.3,instagram
CR01495,tiktok,@creator1495_tiktok,vendor_b,95810.0,vendor_b,2.273604007932366,vendor_b,0.037016993181080204,vendor_b,0.1421960454354228,vendor_b,micro,32.6,tiktok,23.7,tiktok · micro,52.8,tiktok
CR01495,youtube,@creator1495_youtube,vendor_a,131572,vendor_a,0.8448682090414373,vendor_a,0.09066191403821444,vendor_a,0.0022216051096917524,vendor_a,mid,29.3,youtube,53.0,youtube · mid,2.7,youtube
