id,creator_id,platform,field,code,severity,values,discrepancy,source_used,explanation,action,status,dependents,decision,manual_value,final_value,final_source,reviewer,note,reviewed_at
Q00001,CR01088,instagram,identity,IDENTITY_MATCH_UNCERTAIN,RED,"{'vendor_c': 'creator808_instagram', 'vendor_a': 'creator1088_instagram'}",,,"Vendors report different accounts for this creator-channel (vendor_c: @creator808_instagram; vendor_a: @creator1088_instagram), with no majority. None of their data is used until reviewed.","Check the accounts on the platform. CONFIRM_MATCH if they're the same creator, SELECT_VENDOR_x to keep only the vendor with the right account, or REJECT_MATCH / EXCLUDE.",resolved,[],SELECT_VENDOR_A,,@creator1088_instagram,vendor_a,Simulated reviewer,checked against the platform (sample answer key),2026-10-01 05:17:59
Q00002,CR00785,instagram,identity,IDENTITY_MATCH_UNCERTAIN,RED,"{'vendor_c': 'creator1004_instagram', 'vendor_b': 'creator785_instagram'}",,,"Vendors report different accounts for this creator-channel (vendor_c: @creator1004_instagram; vendor_b: @creator785_instagram), with no majority. None of their data is used until reviewed.","Check the accounts on the platform. CONFIRM_MATCH if they're the same creator, SELECT_VENDOR_x to keep only the vendor with the right account, or REJECT_MATCH / EXCLUDE.",resolved,[],SELECT_VENDOR_B,,@creator785_instagram,vendor_b,Simulated reviewer,checked against the platform (sample answer key),2026-10-01 05:17:59
Q00003,CR00345,instagram,identity,IDENTITY_MATCH_UNCERTAIN,RED,"{'vendor_c': 'creator212_instagram', 'vendor_b': 'creator345_instagram'}",,,"Vendors report different accounts for this creator-channel (vendor_c: @creator212_instagram; vendor_b: @creator345_instagram), with no majority. None of their data is used until reviewed.","Check the accounts on the platform. CONFIRM_MATCH if they're the same creator, SELECT_VENDOR_x to keep only the vendor with the right account, or REJECT_MATCH / EXCLUDE.",resolved,[],SELECT_VENDOR_B,,@creator345_instagram,vendor_b,Simulated reviewer,checked against the platform (sample answer key),2026-10-01 05:17:59
Q00004,CR01201,instagram,identity,IDENTITY_MATCH_UNCERTAIN,RED,"{'vendor_c': 'creator405_instagram', 'vendor_b': 'creator1201_instagram'}",,,"Vendors report different accounts for this creator-channel (vendor_c: @creator405_instagram; vendor_b: @creator1201_instagram), with no majority. None of their data is used until reviewed.","Check the accounts on the platform. CONFIRM_MATCH if they're the same creator, SELECT_VENDOR_x to keep only the vendor with the right account, or REJECT_MATCH / EXCLUDE.",resolved,[],SELECT_VENDOR_B,,@creator1201_instagram,vendor_b,Simulated reviewer,checked against the platform (sample answer key),2026-10-01 05:17:59
Q00005,CR00508,instagram,identity,IDENTITY_CONFLICT_RESOLVED,YELLOW,"{'vendor_c': 'creator1396_instagram', 'vendor_a': 'creator508_instagram', 'vendor_b': 'creator508_instagram'}",,"vendor_a, vendor_b",2 vendors agree the account is @creator508_instagram; vendor_c reported @creator1396_instagram and was not used for this channel.,No action needed. Spot-check if the dropped vendor often disagrees.,auto,[],,,,,,,
Q00006,CR00566,tiktok,identity,IDENTITY_CONFLICT_RESOLVED,YELLOW,"{'vendor_c': 'creator1282_tiktok', 'vendor_a': 'creator566_tiktok', 'vendor_b': 'creator566_tiktok'}",,"vendor_a, vendor_b",2 vendors agree the account is @creator566_tiktok; vendor_c reported @creator1282_tiktok and was not used for this channel.,No action needed. Spot-check if the dropped vendor often disagrees.,auto,[],,,,,,,
Q00007,CR00686,instagram,identity,IDENTITY_MATCH_UNCERTAIN,RED,"{'vendor_c': 'creator686_instagram', 'vendor_b': 'creator151_instagram'}",,,"Vendors report different accounts for this creator-channel (vendor_c: @creator686_instagram; vendor_b: @creator151_instagram), with no majority. None of their data is used until reviewed.","Check the accounts on the platform. CONFIRM_MATCH if they're the same creator, SELECT_VENDOR_x to keep only the vendor with the right account, or REJECT_MATCH / EXCLUDE.",resolved,[],SELECT_VENDOR_C,,@creator686_instagram,vendor_c,Simulated reviewer,checked against the platform (sample answer key),2026-10-01 05:17:59
Q00008,CR01191,instagram,identity,IDENTITY_CONFLICT_RESOLVED,YELLOW,"{'vendor_c': 'creator1223_instagram', 'vendor_a': 'creator1191_instagram', 'vendor_b': 'creator1191_instagram'}",,"vendor_a, vendor_b",2 vendors agree the account is @creator1191_instagram; vendor_c reported @creator1223_instagram and was not used for this channel.,No action needed. Spot-check if the dropped vendor often disagrees.,auto,[],,,,,,,
Q00009,CR00452,instagram,identity,IDENTITY_MATCH_UNCERTAIN,RED,"{'vendor_c': 'creator452_instagram', 'vendor_b': 'creator622_instagram'}",,,"Vendors report different accounts for this creator-channel (vendor_c: @creator452_instagram; vendor_b: @creator622_instagram), with no majority. None of their data is used until reviewed.","Check the accounts on the platform. CONFIRM_MATCH if they're the same creator, SELECT_VENDOR_x to keep only the vendor with the right account, or REJECT_MATCH / EXCLUDE.",resolved,[],SELECT_VENDOR_C,,@creator452_instagram,vendor_c,Simulated reviewer,checked against the platform (sample answer key),2026-10-01 05:17:59
Q00010,CR00085,youtube,identity,IDENTITY_CONFLICT_RESOLVED,YELLOW,"{'vendor_c': 'creator85_youtube', 'vendor_a': 'creator85_youtube', 'vendor_b': 'creator92_youtube'}",,"vendor_c, vendor_a",2 vendors agree the account is @creator85_youtube; vendor_b reported @creator92_youtube and was not used for this channel.,No action needed. Spot-check if the dropped vendor often disagrees.,auto,[],,,,,,,
Q00011,CR00449,tiktok,identity,IDENTITY_MATCH_UNCERTAIN,RED,"{'vendor_c': 'creator954_tiktok', 'vendor_b': 'creator449_tiktok'}",,,"Vendors report different accounts for this creator-channel (vendor_c: @creator954_tiktok; vendor_b: @creator449_tiktok), with no majority. None of their data is used until reviewed.","Check the accounts on the platform. CONFIRM_MATCH if they're the same creator, SELECT_VENDOR_x to keep only the vendor with the right account, or REJECT_MATCH / EXCLUDE.",resolved,[],SELECT_VENDOR_B,,@creator449_tiktok,vendor_b,Simulated reviewer,checked against the platform (sample answer key),2026-10-01 05:17:59
Q00012,CR00291,instagram,identity,IDENTITY_CONFLICT_RESOLVED,YELLOW,"{'vendor_c': 'creator912_instagram', 'vendor_a': 'creator291_instagram', 'vendor_b': 'creator291_instagram'}",,"vendor_a, vendor_b",2 vendors agree the account is @creator291_instagram; vendor_c reported @creator912_instagram and was not used for this channel.,No action needed. Spot-check if the dropped vendor often disagrees.,auto,[],,,,,,,
Q00013,CR00622,instagram,identity,IDENTITY_CONFLICT_RESOLVED,YELLOW,"{'vendor_c': 'creator928_instagram', 'vendor_a': 'creator622_instagram', 'vendor_b': 'creator622_instagram'}",,"vendor_a, vendor_b",2 vendors agree the account is @creator622_instagram; vendor_c reported @creator928_instagram and was not used for this channel.,No action needed. Spot-check if the dropped vendor often disagrees.,auto,[],,,,,,,
Q00014,CR00745,instagram,identity,IDENTITY_CONFLICT_RESOLVED,YELLOW,"{'vendor_c': 'creator491_instagram', 'vendor_a': 'creator745_instagram', 'vendor_b': 'creator745_instagram'}",,"vendor_a, vendor_b",2 vendors agree the account is @creator745_instagram; vendor_c reported @creator491_instagram and was not used for this channel.,No action needed. Spot-check if the dropped vendor often disagrees.,auto,[],,,,,,,
Q00015,CR00257,tiktok,identity,IDENTITY_MATCH_UNCERTAIN,RED,"{'vendor_c': 'creator821_tiktok', 'vendor_b': 'creator257_tiktok'}",,,"Vendors report different accounts for this creator-channel (vendor_c: @creator821_tiktok; vendor_b: @creator257_tiktok), with no majority. None of their data is used until reviewed.","Check the accounts on the platform. CONFIRM_MATCH if they're the same creator, SELECT_VENDOR_x to keep only the vendor with the right account, or REJECT_MATCH / EXCLUDE.",resolved,[],SELECT_VENDOR_B,,@creator257_tiktok,vendor_b,Simulated reviewer,checked against the platform (sample answer key),2026-10-01 05:17:59
Q00016,CR00566,youtube,identity,IDENTITY_MATCH_UNCERTAIN,RED,"{'vendor_c': 'creator1160_youtube', 'vendor_a': 'creator566_youtube'}",,,"Vendors report different accounts for this creator-channel (vendor_c: @creator1160_youtube; vendor_a: @creator566_youtube), with no majority. None of their data is used until reviewed.","Check the accounts on the platform. CONFIRM_MATCH if they're the same creator, SELECT_VENDOR_x to keep only the vendor with the right account, or REJECT_MATCH / EXCLUDE.",resolved,[],SELECT_VENDOR_A,,@creator566_youtube,vendor_a,Simulated reviewer,checked against the platform (sample answer key),2026-10-01 05:17:59
Q00017,CR00279,youtube,identity,IDENTITY_MATCH_UNCERTAIN,RED,"{'vendor_a': 'creator279_youtube', 'vendor_b': 'creator78_youtube'}",,,"Vendors report different accounts for this creator-channel (vendor_a: @creator279_youtube; vendor_b: @creator78_youtube), with no majority. None of their data is used until reviewed.","Check the accounts on the platform. CONFIRM_MATCH if they're the same creator, SELECT_VENDOR_x to keep only the vendor with the right account, or REJECT_MATCH / EXCLUDE.",resolved,[],SELECT_VENDOR_A,,@creator279_youtube,vendor_a,Simulated reviewer,checked against the platform (sample answer key),2026-10-01 05:17:59
Q00018,CR00620,tiktok,identity,IDENTITY_MATCH_UNCERTAIN,RED,"{'vendor_a': 'creator620_tiktok', 'vendor_b': 'creator359_tiktok'}",,,"Vendors report different accounts for this creator-channel (vendor_a: @creator620_tiktok; vendor_b: @creator359_tiktok), with no majority. None of their data is used until reviewed.","Check the accounts on the platform. CONFIRM_MATCH if they're the same creator, SELECT_VENDOR_x to keep only the vendor with the right account, or REJECT_MATCH / EXCLUDE.",resolved,[],SELECT_VENDOR_A,,@creator620_tiktok,vendor_a,Simulated reviewer,checked against the platform (sample answer key),2026-10-01 05:17:59
Q00019,CR00009,instagram,follower_count,CROSS_VENDOR_DISCREPANCY,RED,"{'vendor_c': 68852.0, 'vendor_a': 106589.0}",0.354,vendor_a,"Vendors disagree by 35% (threshold 25%): vendor_a 106,589; vendor_c 68,852. No credible majority, so the value is held back rather than defaulting to the highest tier; reach_rate, growth_rate (computed from it) held back too.","Check the creator's profile. SELECT_VENDOR_x for the right value, MANUAL_VALUE to enter the correct figure, or EXCLUDE to leave it out this month.",resolved,"['reach_rate', 'growth_rate']",SELECT_VENDOR_A,,106589.0,vendor_a,Simulated reviewer,checked against the platform (sample answer key),2026-10-01 05:17:59
Q00020,CR00179,tiktok,follower_count,OUTLIER_SOURCE_EXCLUDED,YELLOW,"{'vendor_c': 28431.0, 'vendor_a': 17798.0, 'vendor_b': 29410.0}",0.3948,vendor_b,"vendor_c, vendor_b agree within 25%; vendor_a differ (vendor_a 17,798; vendor_b 29,410; vendor_c 28,431). Used vendor_b (highest tier among the agreeing vendors), not Tier 1 vendor_a, because it's the outlier.",No action needed. Watch for repeat outliers from the same vendor.,auto,[],,,,,,,
Q00021,CR00227,tiktok,follower_count,OUTLIER_SOURCE_EXCLUDED,YELLOW,"{'vendor_c': 3503388.0, 'vendor_a': 1823792.0, 'vendor_b': 1893820.0}",0.4794,vendor_a,"vendor_a, vendor_b agree within 25%; vendor_c differ (vendor_a 1,823,792; vendor_b 1,893,820; vendor_c 3,503,388). Used vendor_a (highest tier among the agreeing vendors), not the outlier.",No action needed. Watch for repeat outliers from the same vendor.,auto,[],,,,,,,
Q00022,CR00404,tiktok,follower_count,CROSS_VENDOR_DISCREPANCY,RED,"{'vendor_c': 301588.0, 'vendor_b': 176290.0}",0.4155,vendor_b,"Vendors disagree by 42% (threshold 25%): vendor_b 176,290; vendor_c 301,588. No credible majority, so the value is held back rather than defaulting to the highest tier; reach_rate, growth_rate (computed from it) held back too.","Check the creator's profile. SELECT_VENDOR_x for the right value, MANUAL_VALUE to enter the correct figure, or EXCLUDE to leave it out this month.",resolved,"['reach_rate', 'growth_rate']",SELECT_VENDOR_C,,301588.0,vendor_c,Simulated reviewer,checked against the platform (sample answer key),2026-10-01 05:17:59
Q00023,CR00781,tiktok,follower_count,CROSS_VENDOR_DISCREPANCY,RED,"{'vendor_c': 136886.0, 'vendor_b': 81530.0}",0.4044,vendor_b,"Vendors disagree by 40% (threshold 25%): vendor_b 81,530; vendor_c 136,886. No credible majority, so the value is held back rather than defaulting to the highest tier; reach_rate, growth_rate (computed from it) held back too.","Check the creator's profile. SELECT_VENDOR_x for the right value, MANUAL_VALUE to enter the correct figure, or EXCLUDE to leave it out this month.",resolved,"['reach_rate', 'growth_rate']",SELECT_VENDOR_C,,136886.0,vendor_c,Simulated reviewer,checked against the platform (sample answer key),2026-10-01 05:17:59
Q00024,CR00822,youtube,follower_count,CROSS_VENDOR_DISCREPANCY,RED,"{'vendor_a': 850.0, 'vendor_b': 1300.0}",0.3462,vendor_a,"Vendors disagree by 35% (threshold 25%): vendor_a 850; vendor_b 1,300. No credible majority, so the value is held back rather than defaulting to the highest tier; reach_rate, growth_rate (computed from it) held back too.","Check the creator's profile. SELECT_VENDOR_x for the right value, MANUAL_VALUE to enter the correct figure, or EXCLUDE to leave it out this month.",resolved,"['reach_rate', 'growth_rate']",SELECT_VENDOR_A,,850.0,vendor_a,Simulated reviewer,checked against the platform (sample answer key),2026-10-01 05:17:59
Q00025,CR00995,youtube,follower_count,OUTLIER_SOURCE_EXCLUDED,YELLOW,"{'vendor_c': 8211.0, 'vendor_a': 8195.0, 'vendor_b': 4400.0}",0.4641,vendor_a,"vendor_c, vendor_a agree within 25%; vendor_b differ (vendor_a 8,195; vendor_b 4,400; vendor_c 8,211). Used vendor_a (highest tier among the agreeing vendors), not the outlier.",No action needed. Watch for repeat outliers from the same vendor.,auto,[],,,,,,,
Q00026,CR01017,youtube,follower_count,CROSS_VENDOR_DISCREPANCY,RED,"{'vendor_a': 128283.0, 'vendor_b': 218400.0}",0.4126,vendor_a,"Vendors disagree by 41% (threshold 25%): vendor_a 128,283; vendor_b 218,400. No credible majority, so the value is held back rather than defaulting to the highest tier; reach_rate, growth_rate (computed from it) held back too.","Check the creator's profile. SELECT_VENDOR_x for the right value, MANUAL_VALUE to enter the correct figure, or EXCLUDE to leave it out this month.",resolved,"['reach_rate', 'growth_rate']",SELECT_VENDOR_B,,218400.0,vendor_b,Simulated reviewer,checked against the platform (sample answer key),2026-10-01 05:17:59
Q00027,CR01054,youtube,follower_count,CROSS_VENDOR_DISCREPANCY,RED,"{'vendor_c': 177088.0, 'vendor_a': 95257.0}",0.4621,vendor_a,"Vendors disagree by 46% (threshold 25%): vendor_a 95,257; vendor_c 177,088. No credible majority, so the value is held back rather than defaulting to the highest tier; reach_rate, growth_rate (computed from it) held back too.","Check the creator's profile. SELECT_VENDOR_x for the right value, MANUAL_VALUE to enter the correct figure, or EXCLUDE to leave it out this month.",resolved,"['reach_rate', 'growth_rate']",SELECT_VENDOR_A,,95257.0,vendor_a,Simulated reviewer,checked against the platform (sample answer key),2026-10-01 05:17:59
Q00028,CR01073,youtube,follower_count,OUTLIER_SOURCE_EXCLUDED,YELLOW,"{'vendor_c': 9655.0, 'vendor_a': 5776.0, 'vendor_b': 9770.0}",0.4088,vendor_b,"vendor_c, vendor_b agree within 25%; vendor_a differ (vendor_a 5,776; vendor_b 9,770; vendor_c 9,655). Used vendor_b (highest tier among the agreeing vendors), not Tier 1 vendor_a, because it's the outlier.",No action needed. Watch for repeat outliers from the same vendor.,auto,[],,,,,,,
Q00029,CR01178,tiktok,follower_count,OUTLIER_SOURCE_EXCLUDED,YELLOW,"{'vendor_c': 29410.0, 'vendor_a': 16905.0, 'vendor_b': 16840.0}",0.4274,vendor_a,"vendor_a, vendor_b agree within 25%; vendor_c differ (vendor_a 16,905; vendor_b 16,840; vendor_c 29,410). Used vendor_a (highest tier among the agreeing vendors), not the outlier.",No action needed. Watch for repeat outliers from the same vendor.,auto,[],,,,,,,
Q00030,CR01199,instagram,follower_count,CROSS_VENDOR_DISCREPANCY,RED,"{'vendor_a': 30971.0, 'vendor_b': 15910.0}",0.4863,vendor_a,"Vendors disagree by 49% (threshold 25%): vendor_a 30,971; vendor_b 15,910. No credible majority, so the value is held back rather than defaulting to the highest tier; reach_rate, growth_rate (computed from it) held back too.","Check the creator's profile. SELECT_VENDOR_x for the right value, MANUAL_VALUE to enter the correct figure, or EXCLUDE to leave it out this month.",resolved,"['reach_rate', 'growth_rate']",SELECT_VENDOR_A,,30971.0,vendor_a,Simulated reviewer,checked against the platform (sample answer key),2026-10-01 05:17:59
Q00031,CR01298,tiktok,follower_count,OUTLIER_SOURCE_EXCLUDED,YELLOW,"{'vendor_c': 8229.0, 'vendor_a': 5232.0, 'vendor_b': 8240.0}",0.365,vendor_b,"vendor_c, vendor_b agree within 25%; vendor_a differ (vendor_a 5,232; vendor_b 8,240; vendor_c 8,229). Used vendor_b (highest tier among the agreeing vendors), not Tier 1 vendor_a, because it's the outlier.",No action needed. Watch for repeat outliers from the same vendor.,auto,[],,,,,,,
Q00032,CR01365,youtube,follower_count,CROSS_VENDOR_DISCREPANCY,RED,"{'vendor_c': 31589.0, 'vendor_a': 20513.0}",0.3506,vendor_a,"Vendors disagree by 35% (threshold 25%): vendor_a 20,513; vendor_c 31,589. No credible majority, so the value is held back rather than defaulting to the highest tier; reach_rate, growth_rate (computed from it) held back too.","Check the creator's profile. SELECT_VENDOR_x for the right value, MANUAL_VALUE to enter the correct figure, or EXCLUDE to leave it out this month.",resolved,"['reach_rate', 'growth_rate']",SELECT_VENDOR_A,,20513.0,vendor_a,Simulated reviewer,checked against the platform (sample answer key),2026-10-01 05:17:59
Q00033,CR01398,tiktok,follower_count,CROSS_VENDOR_DISCREPANCY,RED,"{'vendor_c': 65253.0, 'vendor_b': 25880.0}",0.6034,vendor_b,"Vendors disagree by 60% (threshold 25%): vendor_b 25,880; vendor_c 65,253. No credible majority, so the value is held back rather than defaulting to the highest tier; reach_rate, growth_rate (computed from it) held back too.","Check the creator's profile. SELECT_VENDOR_x for the right value, MANUAL_VALUE to enter the correct figure, or EXCLUDE to leave it out this month.",resolved,"['reach_rate', 'growth_rate']",SELECT_VENDOR_B,,25880.0,vendor_b,Simulated reviewer,checked against the platform (sample answer key),2026-10-01 05:17:59
Q00034,CR01432,instagram,follower_count,CROSS_VENDOR_DISCREPANCY,RED,"{'vendor_c': 39545.0, 'vendor_a': 24521.0}",0.3799,vendor_a,"Vendors disagree by 38% (threshold 25%): vendor_a 24,521; vendor_c 39,545. No credible majority, so the value is held back rather than defaulting to the highest tier; reach_rate, growth_rate (computed from it) held back too.","Check the creator's profile. SELECT_VENDOR_x for the right value, MANUAL_VALUE to enter the correct figure, or EXCLUDE to leave it out this month.",resolved,"['reach_rate', 'growth_rate']",SELECT_VENDOR_C,,39545.0,vendor_c,Simulated reviewer,checked against the platform (sample answer key),2026-10-01 05:17:59
Q00035,CR01458,youtube,follower_count,CROSS_VENDOR_DISCREPANCY,RED,"{'vendor_c': 7061.0, 'vendor_b': 4460.0}",0.3684,vendor_b,"Vendors disagree by 37% (threshold 25%): vendor_b 4,460; vendor_c 7,061. No credible majority, so the value is held back rather than defaulting to the highest tier; reach_rate, growth_rate (computed from it) held back too.","Check the creator's profile. SELECT_VENDOR_x for the right value, MANUAL_VALUE to enter the correct figure, or EXCLUDE to leave it out this month.",resolved,"['reach_rate', 'growth_rate']",SELECT_VENDOR_C,,7061.0,vendor_c,Simulated reviewer,checked against the platform (sample answer key),2026-10-01 05:17:59
Q00036,CR00330,youtube,growth_rate,CROSS_VENDOR_DISCREPANCY,RED,"{'vendor_a': 7.545934237535733, 'vendor_b': 6.89369535204786}",0.6522,vendor_a,"Vendors disagree by 65.2 pts (threshold 5 pts): vendor_a 7.546; vendor_b 6.894. No credible majority, so the value is held back rather than defaulting to the highest tier.","Check the creator's profile. SELECT_VENDOR_x for the right value, MANUAL_VALUE to enter the correct figure, or EXCLUDE to leave it out this month.",resolved,[],SELECT_VENDOR_B,,6.89369535204786,vendor_b,Simulated reviewer,checked against the platform (sample answer key),2026-10-01 05:17:59
Q00037,CR00648,youtube,growth_rate,CROSS_VENDOR_DISCREPANCY,RED,"{'vendor_c': 7.488407968970381, 'vendor_a': 6.899930958859603}",0.5885,vendor_a,"Vendors disagree by 58.8 pts (threshold 5 pts): vendor_a 6.900; vendor_c 7.488. No credible majority, so the value is held back rather than defaulting to the highest tier.","Check the creator's profile. SELECT_VENDOR_x for the right value, MANUAL_VALUE to enter the correct figure, or EXCLUDE to leave it out this month.",resolved,[],SELECT_VENDOR_A,,6.899930958859603,vendor_a,Simulated reviewer,checked against the platform (sample answer key),2026-10-01 05:17:59
Q00038,CR01472,instagram,growth_rate,CROSS_VENDOR_DISCREPANCY,RED,"{'vendor_a': 6.9582179750528415, 'vendor_b': 7.132046685483256}",0.1738,vendor_a,"Vendors disagree by 17.4 pts (threshold 5 pts): vendor_a 6.958; vendor_b 7.132. No credible majority, so the value is held back rather than defaulting to the highest tier.","Check the creator's profile. SELECT_VENDOR_x for the right value, MANUAL_VALUE to enter the correct figure, or EXCLUDE to leave it out this month.",resolved,[],SELECT_VENDOR_A,,6.9582179750528415,vendor_a,Simulated reviewer,checked against the platform (sample answer key),2026-10-01 05:17:59
Q00039,CR00002,instagram,"handle, follower_count, reach_rate, growth_rate, meaningful_eng_rate",PRIMARY_SOURCE_MISSING,YELLOW,"{'handle': 'vendor_b', 'follower_count': 'vendor_b', 'reach_rate': 'vendor_b', 'growth_rate': 'vendor_b', 'meaningful_eng_rate': 'vendor_b'}",,vendor_b,vendor_a's record is stale; filled from vendor_b (fallback).,No action needed. Tracked to monitor vendor coverage.,auto,[],,,,,,,
Q00040,CR00002,tiktok,"handle, follower_count, reach_rate, growth_rate",PRIMARY_SOURCE_MISSING,YELLOW,"{'handle': 'vendor_c', 'follower_count': 'vendor_c', 'reach_rate': 'vendor_c', 'growth_rate': 'vendor_c'}",,vendor_c,vendor_a has no record for this channel; filled from vendor_c (fallback).,No action needed. Tracked to monitor vendor coverage.,auto,[],,,,,,,
Q00041,CR00003,tiktok,"handle, follower_count, reach_rate, growth_rate",PRIMARY_SOURCE_MISSING,YELLOW,"{'handle': 'vendor_b', 'follower_count': 'vendor_b', 'reach_rate': 'vendor_b', 'growth_rate': 'vendor_b'}",,vendor_b,vendor_a has no record for this channel; filled from vendor_b (fallback).,No action needed. Tracked to monitor vendor coverage.,auto,[],,,,,,,
Q00042,CR00004,instagram,"handle, follower_count, growth_rate",PRIMARY_SOURCE_MISSING,YELLOW,"{'handle': 'vendor_c', 'follower_count': 'vendor_c', 'growth_rate': 'vendor_c'}",,vendor_c,vendor_a has no record for this channel; filled from vendor_c (fallback).,No action needed. Tracked to monitor vendor coverage.,auto,[],,,,,,,
Q00043,CR00009,tiktok,"handle, follower_count, reach_rate, meaningful_eng_rate",PRIMARY_SOURCE_MISSING,YELLOW,"{'handle': 'vendor_b', 'follower_count': 'vendor_b', 'reach_rate': 'vendor_b', 'meaningful_eng_rate': 'vendor_b'}",,vendor_b,vendor_a has no record for this channel; filled from vendor_b (fallback).,No action needed. Tracked to monitor vendor coverage.,auto,[],,,,,,,
Q00044,CR00012,tiktok,"handle, follower_count, reach_rate, growth_rate, meaningful_eng_rate",PRIMARY_SOURCE_MISSING,YELLOW,"{'handle': 'vendor_b', 'follower_count': 'vendor_b', 'reach_rate': 'vendor_b', 'growth_rate': 'vendor_b', 'meaningful_eng_rate': 'vendor_b'}",,vendor_b,vendor_a has no record for this channel; filled from vendor_b (fallback).,No action needed. Tracked to monitor vendor coverage.,auto,[],,,,,,,
Q00045,CR00013,instagram,"reach_rate, meaningful_eng_rate",PRIMARY_SOURCE_MISSING,YELLOW,"{'reach_rate': 'vendor_b', 'meaningful_eng_rate': 'vendor_b'}",,vendor_b,"vendor_a's record lacks a valid value for reach_rate, meaningful_eng_rate; filled from vendor_b (fallback).",No action needed. Tracked to monitor vendor coverage.,auto,[],,,,,,,
Q00046,CR00013,tiktok,handle,PRIMARY_SOURCE_MISSING,YELLOW,{'handle': 'vendor_c'},,vendor_c,vendor_a has no record for this channel; filled from vendor_c (fallback).,No action needed. Tracked to monitor vendor coverage.,auto,[],,,,,,,
Q00047,CR00015,tiktok,"follower_count, reach_rate",PRIMARY_SOURCE_MISSING,YELLOW,"{'follower_count': 'vendor_c', 'reach_rate': 'vendor_c'}",,vendor_c,vendor_a has no record for this channel; filled from vendor_c (fallback).,No action needed. Tracked to monitor vendor coverage.,auto,[],,,,,,,
Q00048,CR00023,tiktok,"handle, follower_count, reach_rate, growth_rate, meaningful_eng_rate",PRIMARY_SOURCE_MISSING,YELLOW,"{'handle': 'vendor_b', 'follower_count': 'vendor_b', 'reach_rate': 'vendor_b', 'growth_rate': 'vendor_b', 'meaningful_eng_rate': 'vendor_b'}",,vendor_b,vendor_a has no record for this channel; filled from vendor_b (fallback).,No action needed. Tracked to monitor vendor coverage.,auto,[],,,,,,,
Q00049,CR00025,instagram,"handle, follower_count, reach_rate, growth_rate",PRIMARY_SOURCE_MISSING,YELLOW,"{'handle': 'vendor_b', 'follower_count': 'vendor_b', 'reach_rate': 'vendor_b', 'growth_rate': 'vendor_b'}",,vendor_b,vendor_a has no record for this channel; filled from vendor_b (fallback).,No action needed. Tracked to monitor vendor coverage.,auto,[],,,,,,,
Q00050,CR00029,instagram,"handle, follower_count, reach_rate, growth_rate, meaningful_eng_rate",PRIMARY_SOURCE_MISSING,YELLOW,"{'handle': 'vendor_b', 'follower_count': 'vendor_b', 'reach_rate': 'vendor_b', 'growth_rate': 'vendor_b', 'meaningful_eng_rate': 'vendor_b'}",,vendor_b,vendor_a has no record for this channel; filled from vendor_b (fallback).,No action needed. Tracked to monitor vendor coverage.,auto,[],,,,,,,
Q00051,CR00031,instagram,"handle, follower_count, reach_rate, growth_rate, meaningful_eng_rate",PRIMARY_SOURCE_MISSING,YELLOW,"{'handle': 'vendor_b', 'follower_count': 'vendor_b', 'reach_rate': 'vendor_b', 'growth_rate': 'vendor_b', 'meaningful_eng_rate': 'vendor_b'}",,vendor_b,vendor_a has no record for this channel; filled from vendor_b (fallback).,No action needed. Tracked to monitor vendor coverage.,auto,[],,,,,,,
Q00052,CR00031,tiktok,"handle, follower_count, reach_rate, growth_rate, meaningful_eng_rate",PRIMARY_SOURCE_MISSING,YELLOW,"{'handle': 'vendor_b', 'follower_count': 'vendor_b', 'reach_rate': 'vendor_b', 'growth_rate': 'vendor_b', 'meaningful_eng_rate': 'vendor_b'}",,vendor_b,vendor_a has no record for this channel; filled from vendor_b (fallback).,No action needed. Tracked to monitor vendor coverage.,auto,[],,,,,,,
Q00053,CR00032,instagram,handle,PRIMARY_SOURCE_MISSING,YELLOW,{'handle': 'vendor_b'},,vendor_b,vendor_a has no record for this channel; filled from vendor_b (fallback).,No action needed. Tracked to monitor vendor coverage.,auto,[],,,,,,,
Q00054,CR00034,tiktok,"handle, follower_count, reach_rate, growth_rate, meaningful_eng_rate",PRIMARY_SOURCE_MISSING,YELLOW,"{'handle': 'vendor_b', 'follower_count': 'vendor_b', 'reach_rate': 'vendor_b', 'growth_rate': 'vendor_b', 'meaningful_eng_rate': 'vendor_b'}",,vendor_b,vendor_a has no record for this channel; filled from vendor_b (fallback).,No action needed. Tracked to monitor vendor coverage.,auto,[],,,,,,,
Q00055,CR00036,instagram,"handle, follower_count, growth_rate",PRIMARY_SOURCE_MISSING,YELLOW,"{'handle': 'vendor_b', 'follower_count': 'vendor_b', 'growth_rate': 'vendor_b'}",,vendor_b,vendor_a has no record for this channel; filled from vendor_b (fallback).,No action needed. Tracked to monitor vendor coverage.,auto,[],,,,,,,
Q00056,CR00036,tiktok,"handle, follower_count, reach_rate, growth_rate, meaningful_eng_rate",PRIMARY_SOURCE_MISSING,YELLOW,"{'handle': 'vendor_b', 'follower_count': 'vendor_b', 'reach_rate': 'vendor_b', 'growth_rate': 'vendor_b', 'meaningful_eng_rate': 'vendor_b'}",,vendor_b,vendor_a has no record for this channel; filled from vendor_b (fallback).,No action needed. Tracked to monitor vendor coverage.,auto,[],,,,,,,
Q00057,CR00037,tiktok,"handle, follower_count, reach_rate, growth_rate, meaningful_eng_rate",PRIMARY_SOURCE_MISSING,YELLOW,"{'handle': 'vendor_b', 'follower_count': 'vendor_b', 'reach_rate': 'vendor_b', 'growth_rate': 'vendor_b', 'meaningful_eng_rate': 'vendor_b'}",,vendor_b,vendor_a has no record for this channel; filled from vendor_b (fallback).,No action needed. Tracked to monitor vendor coverage.,auto,[],,,,,,,
Q00058,CR00041,instagram,"handle, follower_count, reach_rate, growth_rate",PRIMARY_SOURCE_MISSING,YELLOW,"{'handle': 'vendor_b', 'follower_count': 'vendor_b', 'reach_rate': 'vendor_b', 'growth_rate': 'vendor_c'}",,"vendor_b, vendor_c","vendor_a's record is stale; filled from vendor_b, vendor_c (fallback).",No action needed. Tracked to monitor vendor coverage.,auto,[],,,,,,,
Q00059,CR00041,youtube,meaningful_eng_rate,PRIMARY_SOURCE_MISSING,YELLOW,{'meaningful_eng_rate': 'vendor_c'},,vendor_c,vendor_a's record is stale; filled from vendor_c (fallback).,No action needed. Tracked to monitor vendor coverage.,auto,[],,,,,,,
Q00060,CR00047,instagram,handle,PRIMARY_SOURCE_MISSING,YELLOW,{'handle': 'vendor_c'},,vendor_c,vendor_a has no record for this channel; filled from vendor_c (fallback).,No action needed. Tracked to monitor vendor coverage.,auto,[],,,,,,,
Q00061,CR00048,instagram,"handle, follower_count, reach_rate, growth_rate",PRIMARY_SOURCE_MISSING,YELLOW,"{'handle': 'vendor_c', 'follower_count': 'vendor_c', 'reach_rate': 'vendor_c', 'growth_rate': 'vendor_c'}",,vendor_c,vendor_a has no record for this channel; filled from vendor_c (fallback).,No action needed. Tracked to monitor vendor coverage.,auto,[],,,,,,,
Q00062,CR00050,youtube,"handle, follower_count, reach_rate, growth_rate, meaningful_eng_rate",PRIMARY_SOURCE_MISSING,YELLOW,"{'handle': 'vendor_b', 'follower_count': 'vendor_b', 'reach_rate': 'vendor_b', 'growth_rate': 'vendor_b', 'meaningful_eng_rate': 'vendor_b'}",,vendor_b,vendor_a has no record for this channel; filled from vendor_b (fallback).,No action needed. Tracked to monitor vendor coverage.,auto,[],,,,,,,
Q00063,CR00053,youtube,"handle, follower_count, reach_rate, growth_rate, meaningful_eng_rate",PRIMARY_SOURCE_MISSING,YELLOW,"{'handle': 'vendor_b', 'follower_count': 'vendor_b', 'reach_rate': 'vendor_b', 'growth_rate': 'vendor_b', 'meaningful_eng_rate': 'vendor_b'}",,vendor_b,vendor_a has no record for this channel; filled from vendor_b (fallback).,No action needed. Tracked to monitor vendor coverage.,auto,[],,,,,,,
Q00064,CR00054,tiktok,"handle, follower_count, reach_rate, growth_rate, meaningful_eng_rate",PRIMARY_SOURCE_MISSING,YELLOW,"{'handle': 'vendor_b', 'follower_count': 'vendor_b', 'reach_rate': 'vendor_b', 'growth_rate': 'vendor_b', 'meaningful_eng_rate': 'vendor_b'}",,vendor_b,vendor_a has no record for this channel; filled from vendor_b (fallback).,No action needed. Tracked to monitor vendor coverage.,auto,[],,,,,,,
Q00065,CR00062,instagram,"handle, follower_count, reach_rate, meaningful_eng_rate",PRIMARY_SOURCE_MISSING,YELLOW,"{'handle': 'vendor_b', 'follower_count': 'vendor_b', 'reach_rate': 'vendor_b', 'meaningful_eng_rate': 'vendor_b'}",,vendor_b,vendor_a has no record for this channel; filled from vendor_b (fallback).,No action needed. Tracked to monitor vendor coverage.,auto,[],,,,,,,
Q00066,CR00062,tiktok,"handle, follower_count, reach_rate, growth_rate, meaningful_eng_rate",PRIMARY_SOURCE_MISSING,YELLOW,"{'handle': 'vendor_b', 'follower_count': 'vendor_b', 'reach_rate': 'vendor_b', 'growth_rate': 'vendor_b', 'meaningful_eng_rate': 'vendor_b'}",,vendor_b,vendor_a has no record for this channel; filled from vendor_b (fallback).,No action needed. Tracked to monitor vendor coverage.,auto,[],,,,,,,
Q00067,CR00063,tiktok,"handle, follower_count, reach_rate, growth_rate, meaningful_eng_rate",PRIMARY_SOURCE_MISSING,YELLOW,"{'handle': 'vendor_b', 'follower_count': 'vendor_c', 'reach_rate': 'vendor_c', 'growth_rate': 'vendor_c', 'meaningful_eng_rate': 'vendor_b'}",,"vendor_b, vendor_c","vendor_a has no record for this channel; filled from vendor_b, vendor_c (fallback).",No action needed. Tracked to monitor vendor coverage.,auto,[],,,,,,,
Q00068,CR00063,youtube,handle,PRIMARY_SOURCE_MISSING,YELLOW,{'handle': 'vendor_b'},,vendor_b,vendor_a's record lacks a valid value for handle; filled from vendor_b (fallback).,No action needed. Tracked to monitor vendor coverage.,auto,[],,,,,,,
Q00069,CR00065,instagram,"handle, follower_count, reach_rate, growth_rate",PRIMARY_SOURCE_MISSING,YELLOW,"{'handle': 'vendor_b', 'follower_count': 'vendor_b', 'reach_rate': 'vendor_b', 'growth_rate': 'vendor_b'}",,vendor_b,vendor_a has no record for this channel; filled from vendor_b (fallback).,No action needed. Tracked to monitor vendor coverage.,auto,[],,,,,,,
Q00070,CR00065,tiktok,"handle, follower_count, reach_rate, growth_rate",PRIMARY_SOURCE_MISSING,YELLOW,"{'handle': 'vendor_c', 'follower_count': 'vendor_c', 'reach_rate': 'vendor_c', 'growth_rate': 'vendor_c'}",,vendor_c,vendor_a has no record for this channel; filled from vendor_c (fallback).,No action needed. Tracked to monitor vendor coverage.,auto,[],,,,,,,
Q00071,CR00068,instagram,"handle, follower_count, growth_rate",PRIMARY_SOURCE_MISSING,YELLOW,"{'handle': 'vendor_c', 'follower_count': 'vendor_c', 'growth_rate': 'vendor_c'}",,vendor_c,vendor_a has no record for this channel; filled from vendor_c (fallback).,No action needed. Tracked to monitor vendor coverage.,auto,[],,,,,,,
Q00072,CR00070,tiktok,"handle, follower_count, reach_rate, growth_rate, meaningful_eng_rate",PRIMARY_SOURCE_MISSING,YELLOW,"{'handle': 'vendor_b', 'follower_count': 'vendor_b', 'reach_rate': 'vendor_b', 'growth_rate': 'vendor_b', 'meaningful_eng_rate': 'vendor_b'}",,vendor_b,vendor_a has no record for this channel; filled from vendor_b (fallback).,No action needed. Tracked to monitor vendor coverage.,auto,[],,,,,,,
Q00073,CR00073,tiktok,"handle, follower_count, reach_rate, growth_rate",PRIMARY_SOURCE_MISSING,YELLOW,"{'handle': 'vendor_b', 'follower_count': 'vendor_b', 'reach_rate': 'vendor_b', 'growth_rate': 'vendor_b'}",,vendor_b,vendor_a has no record for this channel; filled from vendor_b (fallback).,No action needed. Tracked to monitor vendor coverage.,auto,[],,,,,,,
Q00074,CR00076,youtube,"handle, follower_count, growth_rate",PRIMARY_SOURCE_MISSING,YELLOW,"{'handle': 'vendor_c', 'follower_count': 'vendor_c', 'growth_rate': 'vendor_c'}",,vendor_c,vendor_a's record is stale; filled from vendor_c (fallback).,No action needed. Tracked to monitor vendor coverage.,auto,[],,,,,,,
Q00075,CR00079,instagram,"handle, follower_count, reach_rate, growth_rate",PRIMARY_SOURCE_MISSING,YELLOW,"{'handle': 'vendor_b', 'follower_count': 'vendor_b', 'reach_rate': 'vendor_b', 'growth_rate': 'vendor_b'}",,vendor_b,vendor_a has no record for this channel; filled from vendor_b (fallback).,No action needed. Tracked to monitor vendor coverage.,auto,[],,,,,,,
Q00076,CR00082,instagram,"handle, follower_count, reach_rate, meaningful_eng_rate",PRIMARY_SOURCE_MISSING,YELLOW,"{'handle': 'vendor_b', 'follower_count': 'vendor_b', 'reach_rate': 'vendor_b', 'meaningful_eng_rate': 'vendor_b'}",,vendor_b,vendor_a has no record for this channel; filled from vendor_b (fallback).,No action needed. Tracked to monitor vendor coverage.,auto,[],,,,,,,
Q00077,CR00083,tiktok,"handle, follower_count, reach_rate, growth_rate, meaningful_eng_rate",PRIMARY_SOURCE_MISSING,YELLOW,"{'handle': 'vendor_b', 'follower_count': 'vendor_b', 'reach_rate': 'vendor_b', 'growth_rate': 'vendor_b', 'meaningful_eng_rate': 'vendor_b'}",,vendor_b,vendor_a has no record for this channel; filled from vendor_b (fallback).,No action needed. Tracked to monitor vendor coverage.,auto,[],,,,,,,
Q00078,CR00084,instagram,"handle, follower_count, reach_rate, growth_rate",PRIMARY_SOURCE_MISSING,YELLOW,"{'handle': 'vendor_c', 'follower_count': 'vendor_c', 'reach_rate': 'vendor_c', 'growth_rate': 'vendor_c'}",,vendor_c,vendor_a has no record for this channel; filled from vendor_c (fallback).,No action needed. Tracked to monitor vendor coverage.,auto,[],,,,,,,
Q00079,CR00086,instagram,"handle, follower_count, reach_rate, growth_rate",PRIMARY_SOURCE_MISSING,YELLOW,"{'handle': 'vendor_b', 'follower_count': 'vendor_b', 'reach_rate': 'vendor_b', 'growth_rate': 'vendor_b'}",,vendor_b,vendor_a has no record for this channel; filled from vendor_b (fallback).,No action needed. Tracked to monitor vendor coverage.,auto,[],,,,,,,
Q00080,CR00086,tiktok,reach_rate,PRIMARY_SOURCE_MISSING,YELLOW,{'reach_rate': 'vendor_b'},,vendor_b,vendor_a's record lacks a valid value for reach_rate; filled from vendor_b (fallback).,No action needed. Tracked to monitor vendor coverage.,auto,[],,,,,,,
Q00081,CR00089,instagram,handle,PRIMARY_SOURCE_MISSING,YELLOW,{'handle': 'vendor_c'},,vendor_c,vendor_a has no record for this channel; filled from vendor_c (fallback).,No action needed. Tracked to monitor vendor coverage.,auto,[],,,,,,,
Q00082,CR00097,instagram,meaningful_eng_rate,PRIMARY_SOURCE_MISSING,YELLOW,{'meaningful_eng_rate': 'vendor_b'},,vendor_b,vendor_a's record lacks a valid value for meaningful_eng_rate; filled from vendor_b (fallback).,No action needed. Tracked to monitor vendor coverage.,auto,[],,,,,,,
Q00083,CR00097,tiktok,"handle, follower_count, reach_rate, meaningful_eng_rate",PRIMARY_SOURCE_MISSING,YELLOW,"{'handle': 'vendor_b', 'follower_count': 'vendor_b', 'reach_rate': 'vendor_b', 'meaningful_eng_rate': 'vendor_b'}",,vendor_b,vendor_a has no record for this channel; filled from vendor_b (fallback).,No action needed. Tracked to monitor vendor coverage.,auto,[],,,,,,,
Q00084,CR00100,tiktok,handle,PRIMARY_SOURCE_MISSING,YELLOW,{'handle': 'vendor_c'},,vendor_c,vendor_a's record is stale; filled from vendor_c (fallback).,No action needed. Tracked to monitor vendor coverage.,auto,[],,,,,,,
Q00085,CR00100,youtube,"follower_count, reach_rate, growth_rate, meaningful_eng_rate",PRIMARY_SOURCE_MISSING,YELLOW,"{'follower_count': 'vendor_b', 'reach_rate': 'vendor_b', 'growth_rate': 'vendor_b', 'meaningful_eng_rate': 'vendor_b'}",,vendor_b,"vendor_a's record lacks a valid value for follower_count, reach_rate, growth_rate, meaningful_eng_rate; filled from vendor_b (fallback).",No action needed. Tracked to monitor vendor coverage.,auto,[],,,,,,,
Q00086,CR00102,instagram,"handle, follower_count, reach_rate, growth_rate, meaningful_eng_rate",PRIMARY_SOURCE_MISSING,YELLOW,"{'handle': 'vendor_b', 'follower_count': 'vendor_b', 'reach_rate': 'vendor_b', 'growth_rate': 'vendor_b', 'meaningful_eng_rate': 'vendor_b'}",,vendor_b,vendor_a has no record for this channel; filled from vendor_b (fallback).,No action needed. Tracked to monitor vendor coverage.,auto,[],,,,,,,
Q00087,CR00102,tiktok,"handle, follower_count, reach_rate, growth_rate",PRIMARY_SOURCE_MISSING,YELLOW,"{'handle': 'vendor_b', 'follower_count': 'vendor_b', 'reach_rate': 'vendor_b', 'growth_rate': 'vendor_b'}",,vendor_b,vendor_a has no record for this channel; filled from vendor_b (fallback).,No action needed. Tracked to monitor vendor coverage.,auto,[],,,,,,,
Q00088,CR00103,tiktok,"handle, follower_count, reach_rate, growth_rate",PRIMARY_SOURCE_MISSING,YELLOW,"{'handle': 'vendor_c', 'follower_count': 'vendor_c', 'reach_rate': 'vendor_c', 'growth_rate': 'vendor_c'}",,vendor_c,vendor_a has no record for this channel; filled from vendor_c (fallback).,No action needed. Tracked to monitor vendor coverage.,auto,[],,,,,,,
Q00089,CR00107,tiktok,"handle, follower_count, reach_rate, growth_rate, meaningful_eng_rate",PRIMARY_SOURCE_MISSING,YELLOW,"{'handle': 'vendor_b', 'follower_count': 'vendor_b', 'reach_rate': 'vendor_b', 'growth_rate': 'vendor_b', 'meaningful_eng_rate': 'vendor_b'}",,vendor_b,vendor_a has no record for this channel; filled from vendor_b (fallback).,No action needed. Tracked to monitor vendor coverage.,auto,[],,,,,,,
Q00090,CR00110,tiktok,handle,PRIMARY_SOURCE_MISSING,YELLOW,{'handle': 'vendor_b'},,vendor_b,vendor_a's record lacks a valid value for handle; filled from vendor_b (fallback).,No action needed. Tracked to monitor vendor coverage.,auto,[],,,,,,,
Q00091,CR00111,tiktok,"handle, follower_count, reach_rate, growth_rate, meaningful_eng_rate",PRIMARY_SOURCE_MISSING,YELLOW,"{'handle': 'vendor_b', 'follower_count': 'vendor_b', 'reach_rate': 'vendor_b', 'growth_rate': 'vendor_b', 'meaningful_eng_rate': 'vendor_b'}",,vendor_b,vendor_a has no record for this channel; filled from vendor_b (fallback).,No action needed. Tracked to monitor vendor coverage.,auto,[],,,,,,,
Q00092,CR00111,youtube,"handle, follower_count, reach_rate, meaningful_eng_rate",PRIMARY_SOURCE_MISSING,YELLOW,"{'handle': 'vendor_b', 'follower_count': 'vendor_b', 'reach_rate': 'vendor_b', 'meaningful_eng_rate': 'vendor_b'}",,vendor_b,vendor_a's record is stale; filled from vendor_b (fallback).,No action needed. Tracked to monitor vendor coverage.,auto,[],,,,,,,
Q00093,CR00112,tiktok,"handle, follower_count, reach_rate, growth_rate",PRIMARY_SOURCE_MISSING,YELLOW,"{'handle': 'vendor_b', 'follower_count': 'vendor_b', 'reach_rate': 'vendor_b', 'growth_rate': 'vendor_b'}",,vendor_b,vendor_a has no record for this channel; filled from vendor_b (fallback).,No action needed. Tracked to monitor vendor coverage.,auto,[],,,,,,,
Q00094,CR00114,instagram,"handle, follower_count, reach_rate, growth_rate, meaningful_eng_rate",PRIMARY_SOURCE_MISSING,YELLOW,"{'handle': 'vendor_b', 'follower_count': 'vendor_c', 'reach_rate': 'vendor_c', 'growth_rate': 'vendor_c', 'meaningful_eng_rate': 'vendor_b'}",,"vendor_b, vendor_c","vendor_a has no record for this channel; filled from vendor_b, vendor_c (fallback).",No action needed. Tracked to monitor vendor coverage.,auto,[],,,,,,,
Q00095,CR00126,instagram,"handle, follower_count, reach_rate, growth_rate, meaningful_eng_rate",PRIMARY_SOURCE_MISSING,YELLOW,"{'handle': 'vendor_b', 'follower_count': 'vendor_b', 'reach_rate': 'vendor_b', 'growth_rate': 'vendor_b', 'meaningful_eng_rate': 'vendor_b'}",,vendor_b,vendor_a has no record for this channel; filled from vendor_b (fallback).,No action needed. Tracked to monitor vendor coverage.,auto,[],,,,,,,
Q00096,CR00126,youtube,"handle, follower_count, reach_rate, growth_rate, meaningful_eng_rate",PRIMARY_SOURCE_MISSING,YELLOW,"{'handle': 'vendor_c', 'follower_count': 'vendor_c', 'reach_rate': 'vendor_c', 'growth_rate': 'vendor_c', 'meaningful_eng_rate': 'vendor_c'}",,vendor_c,vendor_a's record is stale; filled from vendor_c (fallback).,No action needed. Tracked to monitor vendor coverage.,auto,[],,,,,,,
Q00097,CR00127,tiktok,"handle, follower_count, reach_rate, meaningful_eng_rate",PRIMARY_SOURCE_MISSING,YELLOW,"{'handle': 'vendor_b', 'follower_count': 'vendor_b', 'reach_rate': 'vendor_b', 'meaningful_eng_rate': 'vendor_b'}",,vendor_b,vendor_a has no record for this channel; filled from vendor_b (fallback).,No action needed. Tracked to monitor vendor coverage.,auto,[],,,,,,,
Q00098,CR00128,instagram,"handle, meaningful_eng_rate",PRIMARY_SOURCE_MISSING,YELLOW,"{'handle': 'vendor_b', 'meaningful_eng_rate': 'vendor_b'}",,vendor_b,vendor_a has no record for this channel; filled from vendor_b (fallback).,No action needed. Tracked to monitor vendor coverage.,auto,[],,,,,,,
Q00099,CR00128,tiktok,"handle, follower_count, reach_rate, growth_rate, meaningful_eng_rate",PRIMARY_SOURCE_MISSING,YELLOW,"{'handle': 'vendor_b', 'follower_count': 'vendor_b', 'reach_rate': 'vendor_b', 'growth_rate': 'vendor_b', 'meaningful_eng_rate': 'vendor_b'}",,vendor_b,vendor_a has no record for this channel; filled from vendor_b (fallback).,No action needed. Tracked to monitor vendor coverage.,auto,[],,,,,,,
Q00100,CR00130,tiktok,"handle, follower_count, reach_rate, growth_rate",PRIMARY_SOURCE_MISSING,YELLOW,"{'handle': 'vendor_c', 'follower_count': 'vendor_c', 'reach_rate': 'vendor_c', 'growth_rate': 'vendor_c'}",,vendor_c,vendor_a has no record for this channel; filled from vendor_c (fallback).,No action needed. Tracked to monitor vendor coverage.,auto,[],,,,,,,
Q00101,CR00131,instagram,"handle, follower_count, growth_rate",PRIMARY_SOURCE_MISSING,YELLOW,"{'handle': 'vendor_b', 'follower_count': 'vendor_b', 'growth_rate': 'vendor_b'}",,vendor_b,vendor_a has no record for this channel; filled from vendor_b (fallback).,No action needed. Tracked to monitor vendor coverage.,auto,[],,,,,,,
Q00102,CR00131,tiktok,"handle, follower_count, reach_rate, growth_rate",PRIMARY_SOURCE_MISSING,YELLOW,"{'handle': 'vendor_c', 'follower_count': 'vendor_c', 'reach_rate': 'vendor_c', 'growth_rate': 'vendor_c'}",,vendor_c,vendor_a has no record for this channel; filled from vendor_c (fallback).,No action needed. Tracked to monitor vendor coverage.,auto,[],,,,,,,
Q00103,CR00136,instagram,"handle, follower_count, reach_rate, growth_rate, meaningful_eng_rate",PRIMARY_SOURCE_MISSING,YELLOW,"{'handle': 'vendor_b', 'follower_count': 'vendor_b', 'reach_rate': 'vendor_b', 'growth_rate': 'vendor_b', 'meaningful_eng_rate': 'vendor_b'}",,vendor_b,vendor_a has no record for this channel; filled from vendor_b (fallback).,No action needed. Tracked to monitor vendor coverage.,auto,[],,,,,,,
Q00104,CR00141,instagram,"handle, follower_count, reach_rate, growth_rate, meaningful_eng_rate",PRIMARY_SOURCE_MISSING,YELLOW,"{'handle': 'vendor_b', 'follower_count': 'vendor_b', 'reach_rate': 'vendor_b', 'growth_rate': 'vendor_b', 'meaningful_eng_rate': 'vendor_b'}",,vendor_b,vendor_a has no record for this channel; filled from vendor_b (fallback).,No action needed. Tracked to monitor vendor coverage.,auto,[],,,,,,,
Q00105,CR00143,youtube,"handle, follower_count, reach_rate, growth_rate, meaningful_eng_rate",PRIMARY_SOURCE_MISSING,YELLOW,"{'handle': 'vendor_c', 'follower_count': 'vendor_c', 'reach_rate': 'vendor_c', 'growth_rate': 'vendor_c', 'meaningful_eng_rate': 'vendor_c'}",,vendor_c,vendor_a has no record for this channel; filled from vendor_c (fallback).,No action needed. Tracked to monitor vendor coverage.,auto,[],,,,,,,
Q00106,CR00146,instagram,"handle, follower_count, reach_rate, growth_rate",PRIMARY_SOURCE_MISSING,YELLOW,"{'handle': 'vendor_b', 'follower_count': 'vendor_b', 'reach_rate': 'vendor_b', 'growth_rate': 'vendor_b'}",,vendor_b,vendor_a has no record for this channel; filled from vendor_b (fallback).,No action needed. Tracked to monitor vendor coverage.,auto,[],,,,,,,
Q00107,CR00146,tiktok,"handle, follower_count, reach_rate, growth_rate, meaningful_eng_rate",PRIMARY_SOURCE_MISSING,YELLOW,"{'handle': 'vendor_b', 'follower_count': 'vendor_b', 'reach_rate': 'vendor_b', 'growth_rate': 'vendor_b', 'meaningful_eng_rate': 'vendor_b'}",,vendor_b,vendor_a has no record for this channel; filled from vendor_b (fallback).,No action needed. Tracked to monitor vendor coverage.,auto,[],,,,,,,
Q00108,CR00148,instagram,"handle, follower_count, reach_rate, growth_rate, meaningful_eng_rate",PRIMARY_SOURCE_MISSING,YELLOW,"{'handle': 'vendor_b', 'follower_count': 'vendor_b', 'reach_rate': 'vendor_b', 'growth_rate': 'vendor_b', 'meaningful_eng_rate': 'vendor_b'}",,vendor_b,vendor_a has no record for this channel; filled from vendor_b (fallback).,No action needed. Tracked to monitor vendor coverage.,auto,[],,,,,,,
Q00109,CR00149,instagram,"handle, follower_count, reach_rate, growth_rate",PRIMARY_SOURCE_MISSING,YELLOW,"{'handle': 'vendor_c', 'follower_count': 'vendor_c', 'reach_rate': 'vendor_c', 'growth_rate': 'vendor_c'}",,vendor_c,vendor_a has no record for this channel; filled from vendor_c (fallback).,No action needed. Tracked to monitor vendor coverage.,auto,[],,,,,,,
Q00110,CR00151,instagram,"handle, follower_count, reach_rate, growth_rate, meaningful_eng_rate",PRIMARY_SOURCE_MISSING,YELLOW,"{'handle': 'vendor_b', 'follower_count': 'vendor_b', 'reach_rate': 'vendor_b', 'growth_rate': 'vendor_b', 'meaningful_eng_rate': 'vendor_b'}",,vendor_b,vendor_a has no record for this channel; filled from vendor_b (fallback).,No action needed. Tracked to monitor vendor coverage.,auto,[],,,,,,,
Q00111,CR00152,instagram,"handle, follower_count, reach_rate, growth_rate, meaningful_eng_rate",PRIMARY_SOURCE_MISSING,YELLOW,"{'handle': 'vendor_b', 'follower_count': 'vendor_b', 'reach_rate': 'vendor_b', 'growth_rate': 'vendor_b', 'meaningful_eng_rate': 'vendor_b'}",,vendor_b,vendor_a has no record for this channel; filled from vendor_b (fallback).,No action needed. Tracked to monitor vendor coverage.,auto,[],,,,,,,
Q00112,CR00152,tiktok,growth_rate,PRIMARY_SOURCE_MISSING,YELLOW,{'growth_rate': 'vendor_b'},,vendor_b,vendor_a's record lacks a valid value for growth_rate; filled from vendor_b (fallback).,No action needed. Tracked to monitor vendor coverage.,auto,[],,,,,,,
Q00113,CR00153,instagram,"handle, follower_count, reach_rate, growth_rate",PRIMARY_SOURCE_MISSING,YELLOW,"{'handle': 'vendor_b', 'follower_count': 'vendor_b', 'reach_rate': 'vendor_b', 'growth_rate': 'vendor_b'}",,vendor_b,vendor_a has no record for this channel; filled from vendor_b (fallback).,No action needed. Tracked to monitor vendor coverage.,auto,[],,,,,,,
Q00114,CR00153,tiktok,"handle, follower_count, reach_rate, growth_rate, meaningful_eng_rate",PRIMARY_SOURCE_MISSING,YELLOW,"{'handle': 'vendor_b', 'follower_count': 'vendor_b', 'reach_rate': 'vendor_b', 'growth_rate': 'vendor_b', 'meaningful_eng_rate': 'vendor_b'}",,vendor_b,vendor_a has no record for this channel; filled from vendor_b (fallback).,No action needed. Tracked to monitor vendor coverage.,auto,[],,,,,,,
Q00115,CR00155,tiktok,"handle, follower_count, reach_rate, growth_rate, meaningful_eng_rate",PRIMARY_SOURCE_MISSING,YELLOW,"{'handle': 'vendor_b', 'follower_count': 'vendor_b', 'reach_rate': 'vendor_b', 'growth_rate': 'vendor_b', 'meaningful_eng_rate': 'vendor_b'}",,vendor_b,vendor_a has no record for this channel; filled from vendor_b (fallback).,No action needed. Tracked to monitor vendor coverage.,auto,[],,,,,,,
Q00116,CR00158,tiktok,"handle, follower_count, reach_rate, growth_rate, meaningful_eng_rate",PRIMARY_SOURCE_MISSING,YELLOW,"{'handle': 'vendor_b', 'follower_count': 'vendor_b', 'reach_rate': 'vendor_b', 'growth_rate': 'vendor_b', 'meaningful_eng_rate': 'vendor_b'}",,vendor_b,vendor_a has no record for this channel; filled from vendor_b (fallback).,No action needed. Tracked to monitor vendor coverage.,auto,[],,,,,,,
Q00117,CR00160,instagram,"handle, follower_count, reach_rate, growth_rate",PRIMARY_SOURCE_MISSING,YELLOW,"{'handle': 'vendor_c', 'follower_count': 'vendor_c', 'reach_rate': 'vendor_c', 'growth_rate': 'vendor_c'}",,vendor_c,vendor_a has no record for this channel; filled from vendor_c (fallback).,No action needed. Tracked to monitor vendor coverage.,auto,[],,,,,,,
Q00118,CR00160,tiktok,"handle, follower_count, reach_rate, growth_rate",PRIMARY_SOURCE_MISSING,YELLOW,"{'handle': 'vendor_b', 'follower_count': 'vendor_b', 'reach_rate': 'vendor_b', 'growth_rate': 'vendor_b'}",,vendor_b,vendor_a has no record for this channel; filled from vendor_b (fallback).,No action needed. Tracked to monitor vendor coverage.,auto,[],,,,,,,
Q00119,CR00160,youtube,"handle, follower_count, reach_rate, growth_rate, meaningful_eng_rate",PRIMARY_SOURCE_MISSING,YELLOW,"{'handle': 'vendor_b', 'follower_count': 'vendor_b', 'reach_rate': 'vendor_b', 'growth_rate': 'vendor_b', 'meaningful_eng_rate': 'vendor_b'}",,vendor_b,vendor_a's record is stale; filled from vendor_b (fallback).,No action needed. Tracked to monitor vendor coverage.,auto,[],,,,,,,
Q00120,CR00161,instagram,"handle, follower_count, reach_rate, growth_rate, meaningful_eng_rate",PRIMARY_SOURCE_MISSING,YELLOW,"{'handle': 'vendor_b', 'follower_count': 'vendor_b', 'reach_rate': 'vendor_b', 'growth_rate': 'vendor_b', 'meaningful_eng_rate': 'vendor_b'}",,vendor_b,vendor_a has no record for this channel; filled from vendor_b (fallback).,No action needed. Tracked to monitor vendor coverage.,auto,[],,,,,,,
Q00121,CR00161,tiktok,"handle, follower_count, reach_rate, growth_rate, meaningful_eng_rate",PRIMARY_SOURCE_MISSING,YELLOW,"{'handle': 'vendor_b', 'follower_count': 'vendor_b', 'reach_rate': 'vendor_b', 'growth_rate': 'vendor_b', 'meaningful_eng_rate': 'vendor_b'}",,vendor_b,vendor_a has no record for this channel; filled from vendor_b (fallback).,No action needed. Tracked to monitor vendor coverage.,auto,[],,,,,,,
Q00122,CR00172,instagram,meaningful_eng_rate,PRIMARY_SOURCE_MISSING,YELLOW,{'meaningful_eng_rate': 'vendor_b'},,vendor_b,vendor_a's record lacks a valid value for meaningful_eng_rate; filled from vendor_b (fallback).,No action needed. Tracked to monitor vendor coverage.,auto,[],,,,,,,
Q00123,CR00174,tiktok,growth_rate,PRIMARY_SOURCE_MISSING,YELLOW,{'growth_rate': 'vendor_b'},,vendor_b,vendor_a's record lacks a valid value for growth_rate; filled from vendor_b (fallback).,No action needed. Tracked to monitor vendor coverage.,auto,[],,,,,,,
Q00124,CR00175,instagram,"handle, follower_count, reach_rate, growth_rate",PRIMARY_SOURCE_MISSING,YELLOW,"{'handle': 'vendor_b', 'follower_count': 'vendor_b', 'reach_rate': 'vendor_b', 'growth_rate': 'vendor_b'}",,vendor_b,vendor_a's record is stale; filled from vendor_b (fallback).,No action needed. Tracked to monitor vendor coverage.,auto,[],,,,,,,
Q00125,CR00175,tiktok,"handle, meaningful_eng_rate",PRIMARY_SOURCE_MISSING,YELLOW,"{'handle': 'vendor_b', 'meaningful_eng_rate': 'vendor_b'}",,vendor_b,vendor_a has no record for this channel; filled from vendor_b (fallback).,No action needed. Tracked to monitor vendor coverage.,auto,[],,,,,,,
Q00126,CR00176,instagram,"handle, follower_count, reach_rate, growth_rate, meaningful_eng_rate",PRIMARY_SOURCE_MISSING,YELLOW,"{'handle': 'vendor_b', 'follower_count': 'vendor_b', 'reach_rate': 'vendor_b', 'growth_rate': 'vendor_b', 'meaningful_eng_rate': 'vendor_b'}",,vendor_b,vendor_a has no record for this channel; filled from vendor_b (fallback).,No action needed. Tracked to monitor vendor coverage.,auto,[],,,,,,,
Q00127,CR00177,instagram,"handle, follower_count, reach_rate, growth_rate",PRIMARY_SOURCE_MISSING,YELLOW,"{'handle': 'vendor_b', 'follower_count': 'vendor_b', 'reach_rate': 'vendor_b', 'growth_rate': 'vendor_b'}",,vendor_b,vendor_a has no record for this channel; filled from vendor_b (fallback).,No action needed. Tracked to monitor vendor coverage.,auto,[],,,,,,,
Q00128,CR00179,instagram,handle,PRIMARY_SOURCE_MISSING,YELLOW,{'handle': 'vendor_c'},,vendor_c,vendor_a has no record for this channel; filled from vendor_c (fallback).,No action needed. Tracked to monitor vendor coverage.,auto,[],,,,,,,
Q00129,CR00179,tiktok,"follower_count, reach_rate, growth_rate, meaningful_eng_rate",PRIMARY_SOURCE_MISSING,YELLOW,"{'follower_count': 'vendor_b', 'reach_rate': 'vendor_b', 'growth_rate': 'vendor_b', 'meaningful_eng_rate': 'vendor_b'}",,vendor_b,vendor_a's record lacks a valid value for meaningful_eng_rate; filled from vendor_b (fallback).,No action needed. Tracked to monitor vendor coverage.,auto,[],,,,,,,
Q00130,CR00182,tiktok,"handle, meaningful_eng_rate",PRIMARY_SOURCE_MISSING,YELLOW,"{'handle': 'vendor_b', 'meaningful_eng_rate': 'vendor_b'}",,vendor_b,vendor_a has no record for this channel; filled from vendor_b (fallback).,No action needed. Tracked to monitor vendor coverage.,auto,[],,,,,,,
Q00131,CR00183,instagram,"handle, follower_count, reach_rate, growth_rate",PRIMARY_SOURCE_MISSING,YELLOW,"{'handle': 'vendor_b', 'follower_count': 'vendor_b', 'reach_rate': 'vendor_b', 'growth_rate': 'vendor_b'}",,vendor_b,vendor_a has no record for this channel; filled from vendor_b (fallback).,No action needed. Tracked to monitor vendor coverage.,auto,[],,,,,,,
Q00132,CR00183,youtube,"handle, follower_count, reach_rate, meaningful_eng_rate",PRIMARY_SOURCE_MISSING,YELLOW,"{'handle': 'vendor_b', 'follower_count': 'vendor_b', 'reach_rate': 'vendor_b', 'meaningful_eng_rate': 'vendor_b'}",,vendor_b,vendor_a has no record for this channel; filled from vendor_b (fallback).,No action needed. Tracked to monitor vendor coverage.,auto,[],,,,,,,
Q00133,CR00184,instagram,meaningful_eng_rate,PRIMARY_SOURCE_MISSING,YELLOW,{'meaningful_eng_rate': 'vendor_b'},,vendor_b,vendor_a's record lacks a valid value for meaningful_eng_rate; filled from vendor_b (fallback).,No action needed. Tracked to monitor vendor coverage.,auto,[],,,,,,,
Q00134,CR00185,tiktok,"handle, follower_count, growth_rate",PRIMARY_SOURCE_MISSING,YELLOW,"{'handle': 'vendor_c', 'follower_count': 'vendor_c', 'growth_rate': 'vendor_c'}",,vendor_c,vendor_a has no record for this channel; filled from vendor_c (fallback).,No action needed. Tracked to monitor vendor coverage.,auto,[],,,,,,,
Q00135,CR00186,instagram,"handle, follower_count, reach_rate, growth_rate",PRIMARY_SOURCE_MISSING,YELLOW,"{'handle': 'vendor_b', 'follower_count': 'vendor_b', 'reach_rate': 'vendor_b', 'growth_rate': 'vendor_b'}",,vendor_b,vendor_a has no record for this channel; filled from vendor_b (fallback).,No action needed. Tracked to monitor vendor coverage.,auto,[],,,,,,,
Q00136,CR00186,tiktok,"handle, follower_count, reach_rate, growth_rate",PRIMARY_SOURCE_MISSING,YELLOW,"{'handle': 'vendor_c', 'follower_count': 'vendor_c', 'reach_rate': 'vendor_c', 'growth_rate': 'vendor_c'}",,vendor_c,vendor_a has no record for this channel; filled from vendor_c (fallback).,No action needed. Tracked to monitor vendor coverage.,auto,[],,,,,,,
Q00137,CR00189,instagram,"handle, follower_count, reach_rate, growth_rate, meaningful_eng_rate",PRIMARY_SOURCE_MISSING,YELLOW,"{'handle': 'vendor_b', 'follower_count': 'vendor_b', 'reach_rate': 'vendor_b', 'growth_rate': 'vendor_b', 'meaningful_eng_rate': 'vendor_b'}",,vendor_b,vendor_a has no record for this channel; filled from vendor_b (fallback).,No action needed. Tracked to monitor vendor coverage.,auto,[],,,,,,,
Q00138,CR00192,tiktok,"handle, follower_count, reach_rate, growth_rate, meaningful_eng_rate",PRIMARY_SOURCE_MISSING,YELLOW,"{'handle': 'vendor_b', 'follower_count': 'vendor_b', 'reach_rate': 'vendor_b', 'growth_rate': 'vendor_b', 'meaningful_eng_rate': 'vendor_b'}",,vendor_b,vendor_a has no record for this channel; filled from vendor_b (fallback).,No action needed. Tracked to monitor vendor coverage.,auto,[],,,,,,,
Q00139,CR00200,tiktok,"handle, follower_count, reach_rate, growth_rate, meaningful_eng_rate",PRIMARY_SOURCE_MISSING,YELLOW,"{'handle': 'vendor_b', 'follower_count': 'vendor_b', 'reach_rate': 'vendor_b', 'growth_rate': 'vendor_b', 'meaningful_eng_rate': 'vendor_b'}",,vendor_b,vendor_a has no record for this channel; filled from vendor_b (fallback).,No action needed. Tracked to monitor vendor coverage.,auto,[],,,,,,,
Q00140,CR00200,youtube,"handle, follower_count, reach_rate, growth_rate",PRIMARY_SOURCE_MISSING,YELLOW,"{'handle': 'vendor_c', 'follower_count': 'vendor_c', 'reach_rate': 'vendor_c', 'growth_rate': 'vendor_c'}",,vendor_c,vendor_a has no record for this channel; filled from vendor_c (fallback).,No action needed. Tracked to monitor vendor coverage.,auto,[],,,,,,,
Q00141,CR00202,tiktok,"handle, follower_count, reach_rate, growth_rate, meaningful_eng_rate",PRIMARY_SOURCE_MISSING,YELLOW,"{'handle': 'vendor_b', 'follower_count': 'vendor_b', 'reach_rate': 'vendor_b', 'growth_rate': 'vendor_b', 'meaningful_eng_rate': 'vendor_b'}",,vendor_b,vendor_a has no record for this channel; filled from vendor_b (fallback).,No action needed. Tracked to monitor vendor coverage.,auto,[],,,,,,,
Q00142,CR00206,tiktok,"handle, follower_count, reach_rate, growth_rate, meaningful_eng_rate",PRIMARY_SOURCE_MISSING,YELLOW,"{'handle': 'vendor_b', 'follower_count': 'vendor_b', 'reach_rate': 'vendor_b', 'growth_rate': 'vendor_b', 'meaningful_eng_rate': 'vendor_b'}",,vendor_b,vendor_a has no record for this channel; filled from vendor_b (fallback).,No action needed. Tracked to monitor vendor coverage.,auto,[],,,,,,,
Q00143,CR00208,instagram,"handle, follower_count, reach_rate, growth_rate, meaningful_eng_rate",PRIMARY_SOURCE_MISSING,YELLOW,"{'handle': 'vendor_b', 'follower_count': 'vendor_b', 'reach_rate': 'vendor_b', 'growth_rate': 'vendor_b', 'meaningful_eng_rate': 'vendor_b'}",,vendor_b,vendor_a has no record for this channel; filled from vendor_b (fallback).,No action needed. Tracked to monitor vendor coverage.,auto,[],,,,,,,
Q00144,CR00208,tiktok,"handle, follower_count, reach_rate",PRIMARY_SOURCE_MISSING,YELLOW,"{'handle': 'vendor_b', 'follower_count': 'vendor_b', 'reach_rate': 'vendor_b'}",,vendor_b,vendor_a has no record for this channel; filled from vendor_b (fallback).,No action needed. Tracked to monitor vendor coverage.,auto,[],,,,,,,
Q00145,CR00212,instagram,"handle, follower_count, reach_rate, growth_rate, meaningful_eng_rate",PRIMARY_SOURCE_MISSING,YELLOW,"{'handle': 'vendor_b', 'follower_count': 'vendor_b', 'reach_rate': 'vendor_b', 'growth_rate': 'vendor_b', 'meaningful_eng_rate': 'vendor_b'}",,vendor_b,vendor_a has no record for this channel; filled from vendor_b (fallback).,No action needed. Tracked to monitor vendor coverage.,auto,[],,,,,,,
Q00146,CR00212,tiktok,"handle, follower_count, reach_rate, growth_rate, meaningful_eng_rate",PRIMARY_SOURCE_MISSING,YELLOW,"{'handle': 'vendor_b', 'follower_count': 'vendor_b', 'reach_rate': 'vendor_b', 'growth_rate': 'vendor_b', 'meaningful_eng_rate': 'vendor_b'}",,vendor_b,vendor_a has no record for this channel; filled from vendor_b (fallback).,No action needed. Tracked to monitor vendor coverage.,auto,[],,,,,,,
Q00147,CR00213,instagram,"handle, follower_count, reach_rate, meaningful_eng_rate",PRIMARY_SOURCE_MISSING,YELLOW,"{'handle': 'vendor_b', 'follower_count': 'vendor_b', 'reach_rate': 'vendor_b', 'meaningful_eng_rate': 'vendor_b'}",,vendor_b,vendor_a has no record for this channel; filled from vendor_b (fallback).,No action needed. Tracked to monitor vendor coverage.,auto,[],,,,,,,
Q00148,CR00215,tiktok,"handle, follower_count, reach_rate, growth_rate, meaningful_eng_rate",PRIMARY_SOURCE_MISSING,YELLOW,"{'handle': 'vendor_b', 'follower_count': 'vendor_b', 'reach_rate': 'vendor_b', 'growth_rate': 'vendor_b', 'meaningful_eng_rate': 'vendor_b'}",,vendor_b,vendor_a has no record for this channel; filled from vendor_b (fallback).,No action needed. Tracked to monitor vendor coverage.,auto,[],,,,,,,
Q00149,CR00217,instagram,"handle, follower_count, reach_rate, growth_rate",PRIMARY_SOURCE_MISSING,YELLOW,"{'handle': 'vendor_b', 'follower_count': 'vendor_b', 'reach_rate': 'vendor_b', 'growth_rate': 'vendor_b'}",,vendor_b,vendor_a has no record for this channel; filled from vendor_b (fallback).,No action needed. Tracked to monitor vendor coverage.,auto,[],,,,,,,
Q00150,CR00219,youtube,"handle, follower_count, reach_rate, growth_rate, meaningful_eng_rate",PRIMARY_SOURCE_MISSING,YELLOW,"{'handle': 'vendor_b', 'follower_count': 'vendor_b', 'reach_rate': 'vendor_b', 'growth_rate': 'vendor_b', 'meaningful_eng_rate': 'vendor_b'}",,vendor_b,vendor_a has no record for this channel; filled from vendor_b (fallback).,No action needed. Tracked to monitor vendor coverage.,auto,[],,,,,,,
Q00151,CR00221,tiktok,"handle, follower_count, reach_rate, growth_rate, meaningful_eng_rate",PRIMARY_SOURCE_MISSING,YELLOW,"{'handle': 'vendor_b', 'follower_count': 'vendor_b', 'reach_rate': 'vendor_b', 'growth_rate': 'vendor_b', 'meaningful_eng_rate': 'vendor_b'}",,vendor_b,vendor_a has no record for this channel; filled from vendor_b (fallback).,No action needed. Tracked to monitor vendor coverage.,auto,[],,,,,,,
Q00152,CR00223,instagram,"handle, follower_count, reach_rate, meaningful_eng_rate",PRIMARY_SOURCE_MISSING,YELLOW,"{'handle': 'vendor_b', 'follower_count': 'vendor_b', 'reach_rate': 'vendor_b', 'meaningful_eng_rate': 'vendor_b'}",,vendor_b,vendor_a has no record for this channel; filled from vendor_b (fallback).,No action needed. Tracked to monitor vendor coverage.,auto,[],,,,,,,
Q00153,CR00227,instagram,"handle, follower_count, reach_rate, growth_rate",PRIMARY_SOURCE_MISSING,YELLOW,"{'handle': 'vendor_b', 'follower_count': 'vendor_b', 'reach_rate': 'vendor_b', 'growth_rate': 'vendor_b'}",,vendor_b,vendor_a has no record for this channel; filled from vendor_b (fallback).,No action needed. Tracked to monitor vendor coverage.,auto,[],,,,,,,
Q00154,CR00227,tiktok,reach_rate,PRIMARY_SOURCE_MISSING,YELLOW,{'reach_rate': 'vendor_b'},,vendor_b,vendor_a's record lacks a valid value for reach_rate; filled from vendor_b (fallback).,No action needed. Tracked to monitor vendor coverage.,auto,[],,,,,,,
Q00155,CR00228,tiktok,"handle, follower_count, reach_rate, growth_rate",PRIMARY_SOURCE_MISSING,YELLOW,"{'handle': 'vendor_c', 'follower_count': 'vendor_c', 'reach_rate': 'vendor_c', 'growth_rate': 'vendor_c'}",,vendor_c,vendor_a has no record for this channel; filled from vendor_c (fallback).,No action needed. Tracked to monitor vendor coverage.,auto,[],,,,,,,
Q00156,CR00230,instagram,"follower_count, reach_rate, growth_rate",PRIMARY_SOURCE_MISSING,YELLOW,"{'follower_count': 'vendor_b', 'reach_rate': 'vendor_b', 'growth_rate': 'vendor_b'}",,vendor_b,vendor_a has no record for this channel; filled from vendor_b (fallback).,No action needed. Tracked to monitor vendor coverage.,auto,[],,,,,,,
Q00157,CR00231,instagram,"handle, follower_count, reach_rate, growth_rate, meaningful_eng_rate",PRIMARY_SOURCE_MISSING,YELLOW,"{'handle': 'vendor_b', 'follower_count': 'vendor_b', 'reach_rate': 'vendor_b', 'growth_rate': 'vendor_b', 'meaningful_eng_rate': 'vendor_b'}",,vendor_b,vendor_a has no record for this channel; filled from vendor_b (fallback).,No action needed. Tracked to monitor vendor coverage.,auto,[],,,,,,,
Q00158,CR00233,instagram,"handle, follower_count, reach_rate, growth_rate, meaningful_eng_rate",PRIMARY_SOURCE_MISSING,YELLOW,"{'handle': 'vendor_b', 'follower_count': 'vendor_b', 'reach_rate': 'vendor_b', 'growth_rate': 'vendor_b', 'meaningful_eng_rate': 'vendor_b'}",,vendor_b,vendor_a has no record for this channel; filled from vendor_b (fallback).,No action needed. Tracked to monitor vendor coverage.,auto,[],,,,,,,
Q00159,CR00235,instagram,"handle, follower_count, reach_rate, growth_rate, meaningful_eng_rate",PRIMARY_SOURCE_MISSING,YELLOW,"{'handle': 'vendor_b', 'follower_count': 'vendor_b', 'reach_rate': 'vendor_b', 'growth_rate': 'vendor_b', 'meaningful_eng_rate': 'vendor_b'}",,vendor_b,vendor_a has no record for this channel; filled from vendor_b (fallback).,No action needed. Tracked to monitor vendor coverage.,auto,[],,,,,,,
Q00160,CR00235,tiktok,"handle, follower_count, reach_rate, growth_rate, meaningful_eng_rate",PRIMARY_SOURCE_MISSING,YELLOW,"{'handle': 'vendor_b', 'follower_count': 'vendor_b', 'reach_rate': 'vendor_b', 'growth_rate': 'vendor_b', 'meaningful_eng_rate': 'vendor_b'}",,vendor_b,vendor_a has no record for this channel; filled from vendor_b (fallback).,No action needed. Tracked to monitor vendor coverage.,auto,[],,,,,,,
Q00161,CR00243,instagram,handle,PRIMARY_SOURCE_MISSING,YELLOW,{'handle': 'vendor_c'},,vendor_c,vendor_a has no record for this channel; filled from vendor_c (fallback).,No action needed. Tracked to monitor vendor coverage.,auto,[],,,,,,,
Q00162,CR00243,tiktok,"handle, follower_count, reach_rate, growth_rate, meaningful_eng_rate",PRIMARY_SOURCE_MISSING,YELLOW,"{'handle': 'vendor_b', 'follower_count': 'vendor_b', 'reach_rate': 'vendor_b', 'growth_rate': 'vendor_b', 'meaningful_eng_rate': 'vendor_b'}",,vendor_b,vendor_a has no record for this channel; filled from vendor_b (fallback).,No action needed. Tracked to monitor vendor coverage.,auto,[],,,,,,,
Q00163,CR00244,tiktok,"handle, follower_count, reach_rate, growth_rate, meaningful_eng_rate",PRIMARY_SOURCE_MISSING,YELLOW,"{'handle': 'vendor_b', 'follower_count': 'vendor_b', 'reach_rate': 'vendor_b', 'growth_rate': 'vendor_b', 'meaningful_eng_rate': 'vendor_b'}",,vendor_b,vendor_a has no record for this channel; filled from vendor_b (fallback).,No action needed. Tracked to monitor vendor coverage.,auto,[],,,,,,,
Q00164,CR00245,instagram,"handle, follower_count, reach_rate, growth_rate, meaningful_eng_rate",PRIMARY_SOURCE_MISSING,YELLOW,"{'handle': 'vendor_b', 'follower_count': 'vendor_b', 'reach_rate': 'vendor_c', 'growth_rate': 'vendor_c', 'meaningful_eng_rate': 'vendor_b'}",,"vendor_b, vendor_c","vendor_a has no record for this channel; filled from vendor_b, vendor_c (fallback).",No action needed. Tracked to monitor vendor coverage.,auto,[],,,,,,,
Q00165,CR00247,instagram,meaningful_eng_rate,PRIMARY_SOURCE_MISSING,YELLOW,{'meaningful_eng_rate': 'vendor_b'},,vendor_b,vendor_a's record lacks a valid value for meaningful_eng_rate; filled from vendor_b (fallback).,No action needed. Tracked to monitor vendor coverage.,auto,[],,,,,,,
Q00166,CR00247,tiktok,"handle, follower_count, reach_rate, growth_rate",PRIMARY_SOURCE_MISSING,YELLOW,"{'handle': 'vendor_c', 'follower_count': 'vendor_c', 'reach_rate': 'vendor_c', 'growth_rate': 'vendor_c'}",,vendor_c,vendor_a has no record for this channel; filled from vendor_c (fallback).,No action needed. Tracked to monitor vendor coverage.,auto,[],,,,,,,
Q00167,CR00248,instagram,"follower_count, reach_rate, growth_rate",PRIMARY_SOURCE_MISSING,YELLOW,"{'follower_count': 'vendor_c', 'reach_rate': 'vendor_c', 'growth_rate': 'vendor_c'}",,vendor_c,"vendor_a's record lacks a valid value for follower_count, reach_rate, growth_rate; filled from vendor_c (fallback).",No action needed. Tracked to monitor vendor coverage.,auto,[],,,,,,,
Q00168,CR00248,tiktok,"handle, follower_count, reach_rate, growth_rate, meaningful_eng_rate",PRIMARY_SOURCE_MISSING,YELLOW,"{'handle': 'vendor_b', 'follower_count': 'vendor_b', 'reach_rate': 'vendor_b', 'growth_rate': 'vendor_b', 'meaningful_eng_rate': 'vendor_b'}",,vendor_b,vendor_a has no record for this channel; filled from vendor_b (fallback).,No action needed. Tracked to monitor vendor coverage.,auto,[],,,,,,,
Q00169,CR00249,instagram,"follower_count, reach_rate",PRIMARY_SOURCE_MISSING,YELLOW,"{'follower_count': 'vendor_c', 'reach_rate': 'vendor_c'}",,vendor_c,vendor_a has no record for this channel; filled from vendor_c (fallback).,No action needed. Tracked to monitor vendor coverage.,auto,[],,,,,,,
Q00170,CR00252,instagram,"handle, follower_count, reach_rate, growth_rate",PRIMARY_SOURCE_MISSING,YELLOW,"{'handle': 'vendor_b', 'follower_count': 'vendor_b', 'reach_rate': 'vendor_b', 'growth_rate': 'vendor_b'}",,vendor_b,vendor_a has no record for this channel; filled from vendor_b (fallback).,No action needed. Tracked to monitor vendor coverage.,auto,[],,,,,,,
Q00171,CR00253,instagram,"handle, follower_count, reach_rate, growth_rate, meaningful_eng_rate",PRIMARY_SOURCE_MISSING,YELLOW,"{'handle': 'vendor_b', 'follower_count': 'vendor_b', 'reach_rate': 'vendor_b', 'growth_rate': 'vendor_b', 'meaningful_eng_rate': 'vendor_b'}",,vendor_b,vendor_a has no record for this channel; filled from vendor_b (fallback).,No action needed. Tracked to monitor vendor coverage.,auto,[],,,,,,,
Q00172,CR00254,tiktok,"handle, follower_count, reach_rate, growth_rate",PRIMARY_SOURCE_MISSING,YELLOW,"{'handle': 'vendor_c', 'follower_count': 'vendor_c', 'reach_rate': 'vendor_c', 'growth_rate': 'vendor_c'}",,vendor_c,vendor_a has no record for this channel; filled from vendor_c (fallback).,No action needed. Tracked to monitor vendor coverage.,auto,[],,,,,,,
Q00173,CR00257,instagram,"handle, follower_count, reach_rate, growth_rate, meaningful_eng_rate",PRIMARY_SOURCE_MISSING,YELLOW,"{'handle': 'vendor_b', 'follower_count': 'vendor_b', 'reach_rate': 'vendor_b', 'growth_rate': 'vendor_b', 'meaningful_eng_rate': 'vendor_b'}",,vendor_b,vendor_a has no record for this channel; filled from vendor_b (fallback).,No action needed. Tracked to monitor vendor coverage.,auto,[],,,,,,,
Q00174,CR00260,instagram,"handle, follower_count, reach_rate, growth_rate, meaningful_eng_rate",PRIMARY_SOURCE_MISSING,YELLOW,"{'handle': 'vendor_b', 'follower_count': 'vendor_b', 'reach_rate': 'vendor_b', 'growth_rate': 'vendor_b', 'meaningful_eng_rate': 'vendor_b'}",,vendor_b,vendor_a has no record for this channel; filled from vendor_b (fallback).,No action needed. Tracked to monitor vendor coverage.,auto,[],,,,,,,
Q00175,CR00260,tiktok,"handle, follower_count, reach_rate, growth_rate, meaningful_eng_rate",PRIMARY_SOURCE_MISSING,YELLOW,"{'handle': 'vendor_b', 'follower_count': 'vendor_b', 'reach_rate': 'vendor_b', 'growth_rate': 'vendor_b', 'meaningful_eng_rate': 'vendor_b'}",,vendor_b,vendor_a has no record for this channel; filled from vendor_b (fallback).,No action needed. Tracked to monitor vendor coverage.,auto,[],,,,,,,
Q00176,CR00260,youtube,"handle, follower_count, reach_rate, growth_rate, meaningful_eng_rate",PRIMARY_SOURCE_MISSING,YELLOW,"{'handle': 'vendor_b', 'follower_count': 'vendor_b', 'reach_rate': 'vendor_b', 'growth_rate': 'vendor_c', 'meaningful_eng_rate': 'vendor_b'}",,"vendor_b, vendor_c","vendor_a has no record for this channel; filled from vendor_b, vendor_c (fallback).",No action needed. Tracked to monitor vendor coverage.,auto,[],,,,,,,
Q00177,CR00261,instagram,"handle, follower_count, reach_rate, growth_rate, meaningful_eng_rate",PRIMARY_SOURCE_MISSING,YELLOW,"{'handle': 'vendor_b', 'follower_count': 'vendor_b', 'reach_rate': 'vendor_b', 'growth_rate': 'vendor_b', 'meaningful_eng_rate': 'vendor_b'}",,vendor_b,vendor_a has no record for this channel; filled from vendor_b (fallback).,No action needed. Tracked to monitor vendor coverage.,auto,[],,,,,,,
Q00178,CR00268,tiktok,"handle, follower_count, reach_rate, growth_rate, meaningful_eng_rate",PRIMARY_SOURCE_MISSING,YELLOW,"{'handle': 'vendor_b', 'follower_count': 'vendor_b', 'reach_rate': 'vendor_b', 'growth_rate': 'vendor_b', 'meaningful_eng_rate': 'vendor_b'}",,vendor_b,vendor_a's record is stale; filled from vendor_b (fallback).,No action needed. Tracked to monitor vendor coverage.,auto,[],,,,,,,
Q00179,CR00269,instagram,"handle, follower_count, reach_rate, growth_rate, meaningful_eng_rate",PRIMARY_SOURCE_MISSING,YELLOW,"{'handle': 'vendor_b', 'follower_count': 'vendor_b', 'reach_rate': 'vendor_b', 'growth_rate': 'vendor_b', 'meaningful_eng_rate': 'vendor_b'}",,vendor_b,vendor_a has no record for this channel; filled from vendor_b (fallback).,No action needed. Tracked to monitor vendor coverage.,auto,[],,,,,,,
Q00180,CR00271,tiktok,"handle, follower_count, reach_rate, growth_rate, meaningful_eng_rate",PRIMARY_SOURCE_MISSING,YELLOW,"{'handle': 'vendor_b', 'follower_count': 'vendor_b', 'reach_rate': 'vendor_b', 'growth_rate': 'vendor_b', 'meaningful_eng_rate': 'vendor_b'}",,vendor_b,vendor_a has no record for this channel; filled from vendor_b (fallback).,No action needed. Tracked to monitor vendor coverage.,auto,[],,,,,,,
Q00181,CR00276,instagram,meaningful_eng_rate,PRIMARY_SOURCE_MISSING,YELLOW,{'meaningful_eng_rate': 'vendor_b'},,vendor_b,vendor_a's record lacks a valid value for meaningful_eng_rate; filled from vendor_b (fallback).,No action needed. Tracked to monitor vendor coverage.,auto,[],,,,,,,
Q00182,CR00277,instagram,"handle, follower_count, reach_rate, growth_rate",PRIMARY_SOURCE_MISSING,YELLOW,"{'handle': 'vendor_b', 'follower_count': 'vendor_b', 'reach_rate': 'vendor_b', 'growth_rate': 'vendor_b'}",,vendor_b,vendor_a has no record for this channel; filled from vendor_b (fallback).,No action needed. Tracked to monitor vendor coverage.,auto,[],,,,,,,
Q00183,CR00277,tiktok,"handle, follower_count, reach_rate, growth_rate, meaningful_eng_rate",PRIMARY_SOURCE_MISSING,YELLOW,"{'handle': 'vendor_b', 'follower_count': 'vendor_b', 'reach_rate': 'vendor_b', 'growth_rate': 'vendor_b', 'meaningful_eng_rate': 'vendor_b'}",,vendor_b,vendor_a's record is stale; filled from vendor_b (fallback).,No action needed. Tracked to monitor vendor coverage.,auto,[],,,,,,,
Q00184,CR00279,instagram,"handle, follower_count, reach_rate, growth_rate, meaningful_eng_rate",PRIMARY_SOURCE_MISSING,YELLOW,"{'handle': 'vendor_b', 'follower_count': 'vendor_b', 'reach_rate': 'vendor_b', 'growth_rate': 'vendor_b', 'meaningful_eng_rate': 'vendor_b'}",,vendor_b,vendor_a has no record for this channel; filled from vendor_b (fallback).,No action needed. Tracked to monitor vendor coverage.,auto,[],,,,,,,
Q00185,CR00281,tiktok,"handle, follower_count, reach_rate, meaningful_eng_rate",PRIMARY_SOURCE_MISSING,YELLOW,"{'handle': 'vendor_b', 'follower_count': 'vendor_b', 'reach_rate': 'vendor_b', 'meaningful_eng_rate': 'vendor_b'}",,vendor_b,vendor_a has no record for this channel; filled from vendor_b (fallback).,No action needed. Tracked to monitor vendor coverage.,auto,[],,,,,,,
Q00186,CR00282,instagram,"handle, follower_count, reach_rate, meaningful_eng_rate",PRIMARY_SOURCE_MISSING,YELLOW,"{'handle': 'vendor_b', 'follower_count': 'vendor_b', 'reach_rate': 'vendor_b', 'meaningful_eng_rate': 'vendor_b'}",,vendor_b,vendor_a has no record for this channel; filled from vendor_b (fallback).,No action needed. Tracked to monitor vendor coverage.,auto,[],,,,,,,
Q00187,CR00282,tiktok,"handle, follower_count, reach_rate, growth_rate",PRIMARY_SOURCE_MISSING,YELLOW,"{'handle': 'vendor_b', 'follower_count': 'vendor_b', 'reach_rate': 'vendor_b', 'growth_rate': 'vendor_b'}",,vendor_b,vendor_a has no record for this channel; filled from vendor_b (fallback).,No action needed. Tracked to monitor vendor coverage.,auto,[],,,,,,,
Q00188,CR00283,instagram,"handle, follower_count, reach_rate",PRIMARY_SOURCE_MISSING,YELLOW,"{'handle': 'vendor_b', 'follower_count': 'vendor_b', 'reach_rate': 'vendor_b'}",,vendor_b,vendor_a has no record for this channel; filled from vendor_b (fallback).,No action needed. Tracked to monitor vendor coverage.,auto,[],,,,,,,
Q00189,CR00285,tiktok,"handle, follower_count, reach_rate, meaningful_eng_rate",PRIMARY_SOURCE_MISSING,YELLOW,"{'handle': 'vendor_b', 'follower_count': 'vendor_b', 'reach_rate': 'vendor_b', 'meaningful_eng_rate': 'vendor_b'}",,vendor_b,vendor_a has no record for this channel; filled from vendor_b (fallback).,No action needed. Tracked to monitor vendor coverage.,auto,[],,,,,,,
Q00190,CR00287,instagram,"handle, follower_count, reach_rate, growth_rate, meaningful_eng_rate",PRIMARY_SOURCE_MISSING,YELLOW,"{'handle': 'vendor_b', 'follower_count': 'vendor_b', 'reach_rate': 'vendor_b', 'growth_rate': 'vendor_b', 'meaningful_eng_rate': 'vendor_b'}",,vendor_b,vendor_a has no record for this channel; filled from vendor_b (fallback).,No action needed. Tracked to monitor vendor coverage.,auto,[],,,,,,,
Q00191,CR00289,tiktok,"handle, follower_count, reach_rate, growth_rate",PRIMARY_SOURCE_MISSING,YELLOW,"{'handle': 'vendor_b', 'follower_count': 'vendor_b', 'reach_rate': 'vendor_b', 'growth_rate': 'vendor_b'}",,vendor_b,vendor_a has no record for this channel; filled from vendor_b (fallback).,No action needed. Tracked to monitor vendor coverage.,auto,[],,,,,,,
Q00192,CR00292,instagram,"handle, follower_count, reach_rate, growth_rate",PRIMARY_SOURCE_MISSING,YELLOW,"{'handle': 'vendor_b', 'follower_count': 'vendor_b', 'reach_rate': 'vendor_b', 'growth_rate': 'vendor_b'}",,vendor_b,"vendor_a's record lacks a valid value for handle, follower_count, reach_rate, growth_rate; filled from vendor_b (fallback).",No action needed. Tracked to monitor vendor coverage.,auto,[],,,,,,,
Q00193,CR00295,tiktok,reach_rate,PRIMARY_SOURCE_MISSING,YELLOW,{'reach_rate': 'vendor_b'},,vendor_b,vendor_a's record lacks a valid value for reach_rate; filled from vendor_b (fallback).,No action needed. Tracked to monitor vendor coverage.,auto,[],,,,,,,
Q00194,CR00295,youtube,growth_rate,PRIMARY_SOURCE_MISSING,YELLOW,{'growth_rate': 'vendor_c'},,vendor_c,vendor_a's record lacks a valid value for growth_rate; filled from vendor_c (fallback).,No action needed. Tracked to monitor vendor coverage.,auto,[],,,,,,,
Q00195,CR00296,instagram,"handle, follower_count, reach_rate, growth_rate, meaningful_eng_rate",PRIMARY_SOURCE_MISSING,YELLOW,"{'handle': 'vendor_b', 'follower_count': 'vendor_b', 'reach_rate': 'vendor_b', 'growth_rate': 'vendor_b', 'meaningful_eng_rate': 'vendor_b'}",,vendor_b,vendor_a has no record for this channel; filled from vendor_b (fallback).,No action needed. Tracked to monitor vendor coverage.,auto,[],,,,,,,
Q00196,CR00297,tiktok,handle,PRIMARY_SOURCE_MISSING,YELLOW,{'handle': 'vendor_c'},,vendor_c,vendor_a has no record for this channel; filled from vendor_c (fallback).,No action needed. Tracked to monitor vendor coverage.,auto,[],,,,,,,
Q00197,CR00300,tiktok,"handle, follower_count, reach_rate, growth_rate",PRIMARY_SOURCE_MISSING,YELLOW,"{'handle': 'vendor_c', 'follower_count': 'vendor_c', 'reach_rate': 'vendor_c', 'growth_rate': 'vendor_c'}",,vendor_c,vendor_a has no record for this channel; filled from vendor_c (fallback).,No action needed. Tracked to monitor vendor coverage.,auto,[],,,,,,,
Q00198,CR00302,tiktok,"handle, follower_count, reach_rate, growth_rate, meaningful_eng_rate",PRIMARY_SOURCE_MISSING,YELLOW,"{'handle': 'vendor_b', 'follower_count': 'vendor_b', 'reach_rate': 'vendor_b', 'growth_rate': 'vendor_b', 'meaningful_eng_rate': 'vendor_b'}",,vendor_b,vendor_a has no record for this channel; filled from vendor_b (fallback).,No action needed. Tracked to monitor vendor coverage.,auto,[],,,,,,,
Q00199,CR00313,tiktok,"handle, follower_count, reach_rate, growth_rate, meaningful_eng_rate",PRIMARY_SOURCE_MISSING,YELLOW,"{'handle': 'vendor_b', 'follower_count': 'vendor_b', 'reach_rate': 'vendor_b', 'growth_rate': 'vendor_b', 'meaningful_eng_rate': 'vendor_b'}",,vendor_b,vendor_a has no record for this channel; filled from vendor_b (fallback).,No action needed. Tracked to monitor vendor coverage.,auto,[],,,,,,,
Q00200,CR00322,tiktok,"handle, follower_count, growth_rate",PRIMARY_SOURCE_MISSING,YELLOW,"{'handle': 'vendor_c', 'follower_count': 'vendor_c', 'growth_rate': 'vendor_c'}",,vendor_c,vendor_a's record is stale; filled from vendor_c (fallback).,No action needed. Tracked to monitor vendor coverage.,auto,[],,,,,,,
Q00201,CR00323,instagram,"handle, follower_count, reach_rate, growth_rate",PRIMARY_SOURCE_MISSING,YELLOW,"{'handle': 'vendor_b', 'follower_count': 'vendor_b', 'reach_rate': 'vendor_b', 'growth_rate': 'vendor_b'}",,vendor_b,vendor_a has no record for this channel; filled from vendor_b (fallback).,No action needed. Tracked to monitor vendor coverage.,auto,[],,,,,,,
Q00202,CR00324,instagram,meaningful_eng_rate,PRIMARY_SOURCE_MISSING,YELLOW,{'meaningful_eng_rate': 'vendor_b'},,vendor_b,vendor_a's record lacks a valid value for meaningful_eng_rate; filled from vendor_b (fallback).,No action needed. Tracked to monitor vendor coverage.,auto,[],,,,,,,
Q00203,CR00324,youtube,"handle, follower_count, reach_rate, growth_rate, meaningful_eng_rate",PRIMARY_SOURCE_MISSING,YELLOW,"{'handle': 'vendor_b', 'follower_count': 'vendor_b', 'reach_rate': 'vendor_b', 'growth_rate': 'vendor_b', 'meaningful_eng_rate': 'vendor_b'}",,vendor_b,vendor_a's record is stale; filled from vendor_b (fallback).,No action needed. Tracked to monitor vendor coverage.,auto,[],,,,,,,
Q00204,CR00325,tiktok,"handle, follower_count, reach_rate, growth_rate, meaningful_eng_rate",PRIMARY_SOURCE_MISSING,YELLOW,"{'handle': 'vendor_b', 'follower_count': 'vendor_b', 'reach_rate': 'vendor_b', 'growth_rate': 'vendor_c', 'meaningful_eng_rate': 'vendor_b'}",,"vendor_b, vendor_c","vendor_a has no record for this channel; filled from vendor_b, vendor_c (fallback).",No action needed. Tracked to monitor vendor coverage.,auto,[],,,,,,,
Q00205,CR00327,instagram,meaningful_eng_rate,PRIMARY_SOURCE_MISSING,YELLOW,{'meaningful_eng_rate': 'vendor_b'},,vendor_b,vendor_a's record lacks a valid value for meaningful_eng_rate; filled from vendor_b (fallback).,No action needed. Tracked to monitor vendor coverage.,auto,[],,,,,,,
Q00206,CR00327,tiktok,"handle, follower_count, reach_rate, growth_rate",PRIMARY_SOURCE_MISSING,YELLOW,"{'handle': 'vendor_b', 'follower_count': 'vendor_b', 'reach_rate': 'vendor_b', 'growth_rate': 'vendor_b'}",,vendor_b,vendor_a has no record for this channel; filled from vendor_b (fallback).,No action needed. Tracked to monitor vendor coverage.,auto,[],,,,,,,
Q00207,CR00328,instagram,"handle, follower_count, reach_rate, growth_rate, meaningful_eng_rate",PRIMARY_SOURCE_MISSING,YELLOW,"{'handle': 'vendor_b', 'follower_count': 'vendor_b', 'reach_rate': 'vendor_b', 'growth_rate': 'vendor_b', 'meaningful_eng_rate': 'vendor_b'}",,vendor_b,vendor_a has no record for this channel; filled from vendor_b (fallback).,No action needed. Tracked to monitor vendor coverage.,auto,[],,,,,,,
Q00208,CR00328,tiktok,"handle, follower_count, reach_rate, growth_rate, meaningful_eng_rate",PRIMARY_SOURCE_MISSING,YELLOW,"{'handle': 'vendor_b', 'follower_count': 'vendor_b', 'reach_rate': 'vendor_b', 'growth_rate': 'vendor_b', 'meaningful_eng_rate': 'vendor_b'}",,vendor_b,vendor_a has no record for this channel; filled from vendor_b (fallback).,No action needed. Tracked to monitor vendor coverage.,auto,[],,,,,,,
Q00209,CR00330,instagram,"handle, follower_count, reach_rate, meaningful_eng_rate",PRIMARY_SOURCE_MISSING,YELLOW,"{'handle': 'vendor_b', 'follower_count': 'vendor_b', 'reach_rate': 'vendor_b', 'meaningful_eng_rate': 'vendor_b'}",,vendor_b,vendor_a has no record for this channel; filled from vendor_b (fallback).,No action needed. Tracked to monitor vendor coverage.,auto,[],,,,,,,
Q00210,CR00330,tiktok,"handle, follower_count, reach_rate, growth_rate, meaningful_eng_rate",PRIMARY_SOURCE_MISSING,YELLOW,"{'handle': 'vendor_b', 'follower_count': 'vendor_b', 'reach_rate': 'vendor_b', 'growth_rate': 'vendor_b', 'meaningful_eng_rate': 'vendor_b'}",,vendor_b,vendor_a has no record for this channel; filled from vendor_b (fallback).,No action needed. Tracked to monitor vendor coverage.,auto,[],,,,,,,
Q00211,CR00340,instagram,"handle, follower_count, reach_rate, growth_rate, meaningful_eng_rate",PRIMARY_SOURCE_MISSING,YELLOW,"{'handle': 'vendor_b', 'follower_count': 'vendor_b', 'reach_rate': 'vendor_b', 'growth_rate': 'vendor_b', 'meaningful_eng_rate': 'vendor_b'}",,vendor_b,vendor_a has no record for this channel; filled from vendor_b (fallback).,No action needed. Tracked to monitor vendor coverage.,auto,[],,,,,,,
Q00212,CR00342,instagram,"follower_count, reach_rate, growth_rate",PRIMARY_SOURCE_MISSING,YELLOW,"{'follower_count': 'vendor_b', 'reach_rate': 'vendor_b', 'growth_rate': 'vendor_b'}",,vendor_b,"vendor_a's record lacks a valid value for follower_count, reach_rate, growth_rate; filled from vendor_b (fallback).",No action needed. Tracked to monitor vendor coverage.,auto,[],,,,,,,
Q00213,CR00345,tiktok,"handle, follower_count, reach_rate, growth_rate, meaningful_eng_rate",PRIMARY_SOURCE_MISSING,YELLOW,"{'handle': 'vendor_b', 'follower_count': 'vendor_b', 'reach_rate': 'vendor_b', 'growth_rate': 'vendor_b', 'meaningful_eng_rate': 'vendor_b'}",,vendor_b,vendor_a has no record for this channel; filled from vendor_b (fallback).,No action needed. Tracked to monitor vendor coverage.,auto,[],,,,,,,
Q00214,CR00346,tiktok,"handle, follower_count, reach_rate, growth_rate, meaningful_eng_rate",PRIMARY_SOURCE_MISSING,YELLOW,"{'handle': 'vendor_b', 'follower_count': 'vendor_b', 'reach_rate': 'vendor_b', 'growth_rate': 'vendor_c', 'meaningful_eng_rate': 'vendor_b'}",,"vendor_b, vendor_c","vendor_a has no record for this channel; filled from vendor_b, vendor_c (fallback).",No action needed. Tracked to monitor vendor coverage.,auto,[],,,,,,,
Q00215,CR00346,youtube,"handle, follower_count, reach_rate, growth_rate, meaningful_eng_rate",PRIMARY_SOURCE_MISSING,YELLOW,"{'handle': 'vendor_b', 'follower_count': 'vendor_b', 'reach_rate': 'vendor_b', 'growth_rate': 'vendor_b', 'meaningful_eng_rate': 'vendor_b'}",,vendor_b,vendor_a has no record for this channel; filled from vendor_b (fallback).,No action needed. Tracked to monitor vendor coverage.,auto,[],,,,,,,
Q00216,CR00347,instagram,"handle, follower_count, reach_rate, growth_rate",PRIMARY_SOURCE_MISSING,YELLOW,"{'handle': 'vendor_b', 'follower_count': 'vendor_b', 'reach_rate': 'vendor_b', 'growth_rate': 'vendor_b'}",,vendor_b,vendor_a has no record for this channel; filled from vendor_b (fallback).,No action needed. Tracked to monitor vendor coverage.,auto,[],,,,,,,
Q00217,CR00348,youtube,handle,PRIMARY_SOURCE_MISSING,YELLOW,{'handle': 'vendor_b'},,vendor_b,vendor_a's record lacks a valid value for handle; filled from vendor_b (fallback).,No action needed. Tracked to monitor vendor coverage.,auto,[],,,,,,,
Q00218,CR00351,tiktok,"handle, follower_count, reach_rate, growth_rate, meaningful_eng_rate",PRIMARY_SOURCE_MISSING,YELLOW,"{'handle': 'vendor_b', 'follower_count': 'vendor_b', 'reach_rate': 'vendor_b', 'growth_rate': 'vendor_b', 'meaningful_eng_rate': 'vendor_b'}",,vendor_b,vendor_a has no record for this channel; filled from vendor_b (fallback).,No action needed. Tracked to monitor vendor coverage.,auto,[],,,,,,,
Q00219,CR00352,tiktok,"handle, follower_count, reach_rate, growth_rate, meaningful_eng_rate",PRIMARY_SOURCE_MISSING,YELLOW,"{'handle': 'vendor_b', 'follower_count': 'vendor_b', 'reach_rate': 'vendor_b', 'growth_rate': 'vendor_b', 'meaningful_eng_rate': 'vendor_b'}",,vendor_b,vendor_a has no record for this channel; filled from vendor_b (fallback).,No action needed. Tracked to monitor vendor coverage.,auto,[],,,,,,,
Q00220,CR00352,youtube,"handle, follower_count, reach_rate, meaningful_eng_rate",PRIMARY_SOURCE_MISSING,YELLOW,"{'handle': 'vendor_b', 'follower_count': 'vendor_b', 'reach_rate': 'vendor_b', 'meaningful_eng_rate': 'vendor_b'}",,vendor_b,vendor_a has no record for this channel; filled from vendor_b (fallback).,No action needed. Tracked to monitor vendor coverage.,auto,[],,,,,,,
Q00221,CR00354,tiktok,"handle, follower_count, reach_rate, growth_rate, meaningful_eng_rate",PRIMARY_SOURCE_MISSING,YELLOW,"{'handle': 'vendor_b', 'follower_count': 'vendor_b', 'reach_rate': 'vendor_b', 'growth_rate': 'vendor_b', 'meaningful_eng_rate': 'vendor_b'}",,vendor_b,vendor_a has no record for this channel; filled from vendor_b (fallback).,No action needed. Tracked to monitor vendor coverage.,auto,[],,,,,,,
Q00222,CR00354,youtube,"handle, follower_count, reach_rate, growth_rate, meaningful_eng_rate",PRIMARY_SOURCE_MISSING,YELLOW,"{'handle': 'vendor_c', 'follower_count': 'vendor_c', 'reach_rate': 'vendor_c', 'growth_rate': 'vendor_c', 'meaningful_eng_rate': 'vendor_c'}",,vendor_c,vendor_a's record is stale; filled from vendor_c (fallback).,No action needed. Tracked to monitor vendor coverage.,auto,[],,,,,,,
Q00223,CR00356,tiktok,"handle, follower_count, reach_rate, growth_rate",PRIMARY_SOURCE_MISSING,YELLOW,"{'handle': 'vendor_b', 'follower_count': 'vendor_b', 'reach_rate': 'vendor_b', 'growth_rate': 'vendor_b'}",,vendor_b,vendor_a has no record for this channel; filled from vendor_b (fallback).,No action needed. Tracked to monitor vendor coverage.,auto,[],,,,,,,
Q00224,CR00359,tiktok,"handle, follower_count, reach_rate, growth_rate",PRIMARY_SOURCE_MISSING,YELLOW,"{'handle': 'vendor_c', 'follower_count': 'vendor_c', 'reach_rate': 'vendor_c', 'growth_rate': 'vendor_c'}",,vendor_c,vendor_a has no record for this channel; filled from vendor_c (fallback).,No action needed. Tracked to monitor vendor coverage.,auto,[],,,,,,,
Q00225,CR00360,instagram,"handle, follower_count, reach_rate, growth_rate, meaningful_eng_rate",PRIMARY_SOURCE_MISSING,YELLOW,"{'handle': 'vendor_b', 'follower_count': 'vendor_b', 'reach_rate': 'vendor_b', 'growth_rate': 'vendor_b', 'meaningful_eng_rate': 'vendor_b'}",,vendor_b,vendor_a has no record for this channel; filled from vendor_b (fallback).,No action needed. Tracked to monitor vendor coverage.,auto,[],,,,,,,
Q00226,CR00360,tiktok,"handle, follower_count, reach_rate, growth_rate",PRIMARY_SOURCE_MISSING,YELLOW,"{'handle': 'vendor_c', 'follower_count': 'vendor_c', 'reach_rate': 'vendor_c', 'growth_rate': 'vendor_c'}",,vendor_c,vendor_a has no record for this channel; filled from vendor_c (fallback).,No action needed. Tracked to monitor vendor coverage.,auto,[],,,,,,,
Q00227,CR00363,instagram,"handle, follower_count, reach_rate, growth_rate, meaningful_eng_rate",PRIMARY_SOURCE_MISSING,YELLOW,"{'handle': 'vendor_b', 'follower_count': 'vendor_b', 'reach_rate': 'vendor_b', 'growth_rate': 'vendor_b', 'meaningful_eng_rate': 'vendor_b'}",,vendor_b,vendor_a has no record for this channel; filled from vendor_b (fallback).,No action needed. Tracked to monitor vendor coverage.,auto,[],,,,,,,
Q00228,CR00363,tiktok,"handle, follower_count, reach_rate, growth_rate",PRIMARY_SOURCE_MISSING,YELLOW,"{'handle': 'vendor_c', 'follower_count': 'vendor_c', 'reach_rate': 'vendor_c', 'growth_rate': 'vendor_c'}",,vendor_c,vendor_a has no record for this channel; filled from vendor_c (fallback).,No action needed. Tracked to monitor vendor coverage.,auto,[],,,,,,,
Q00229,CR00366,instagram,"handle, follower_count, reach_rate, growth_rate, meaningful_eng_rate",PRIMARY_SOURCE_MISSING,YELLOW,"{'handle': 'vendor_b', 'follower_count': 'vendor_b', 'reach_rate': 'vendor_b', 'growth_rate': 'vendor_b', 'meaningful_eng_rate': 'vendor_b'}",,vendor_b,vendor_a has no record for this channel; filled from vendor_b (fallback).,No action needed. Tracked to monitor vendor coverage.,auto,[],,,,,,,
Q00230,CR00366,tiktok,"handle, follower_count, reach_rate, meaningful_eng_rate",PRIMARY_SOURCE_MISSING,YELLOW,"{'handle': 'vendor_b', 'follower_count': 'vendor_b', 'reach_rate': 'vendor_b', 'meaningful_eng_rate': 'vendor_b'}",,vendor_b,vendor_a has no record for this channel; filled from vendor_b (fallback).,No action needed. Tracked to monitor vendor coverage.,auto,[],,,,,,,
Q00231,CR00366,youtube,"handle, follower_count, reach_rate, growth_rate, meaningful_eng_rate",PRIMARY_SOURCE_MISSING,YELLOW,"{'handle': 'vendor_b', 'follower_count': 'vendor_b', 'reach_rate': 'vendor_b', 'growth_rate': 'vendor_b', 'meaningful_eng_rate': 'vendor_b'}",,vendor_b,vendor_a's record is stale; filled from vendor_b (fallback).,No action needed. Tracked to monitor vendor coverage.,auto,[],,,,,,,
Q00232,CR00368,instagram,"handle, follower_count, reach_rate, growth_rate, meaningful_eng_rate",PRIMARY_SOURCE_MISSING,YELLOW,"{'handle': 'vendor_b', 'follower_count': 'vendor_b', 'reach_rate': 'vendor_b', 'growth_rate': 'vendor_b', 'meaningful_eng_rate': 'vendor_b'}",,vendor_b,vendor_a has no record for this channel; filled from vendor_b (fallback).,No action needed. Tracked to monitor vendor coverage.,auto,[],,,,,,,
Q00233,CR00368,tiktok,"handle, follower_count, reach_rate, growth_rate, meaningful_eng_rate",PRIMARY_SOURCE_MISSING,YELLOW,"{'handle': 'vendor_b', 'follower_count': 'vendor_b', 'reach_rate': 'vendor_b', 'growth_rate': 'vendor_b', 'meaningful_eng_rate': 'vendor_b'}",,vendor_b,vendor_a has no record for this channel; filled from vendor_b (fallback).,No action needed. Tracked to monitor vendor coverage.,auto,[],,,,,,,
Q00234,CR00369,tiktok,"handle, follower_count, reach_rate, growth_rate, meaningful_eng_rate",PRIMARY_SOURCE_MISSING,YELLOW,"{'handle': 'vendor_b', 'follower_count': 'vendor_b', 'reach_rate': 'vendor_b', 'growth_rate': 'vendor_b', 'meaningful_eng_rate': 'vendor_b'}",,vendor_b,vendor_a has no record for this channel; filled from vendor_b (fallback).,No action needed. Tracked to monitor vendor coverage.,auto,[],,,,,,,
Q00235,CR00371,instagram,"handle, follower_count, reach_rate, growth_rate, meaningful_eng_rate",PRIMARY_SOURCE_MISSING,YELLOW,"{'handle': 'vendor_b', 'follower_count': 'vendor_b', 'reach_rate': 'vendor_b', 'growth_rate': 'vendor_b', 'meaningful_eng_rate': 'vendor_b'}",,vendor_b,vendor_a has no record for this channel; filled from vendor_b (fallback).,No action needed. Tracked to monitor vendor coverage.,auto,[],,,,,,,
Q00236,CR00373,instagram,"handle, follower_count, reach_rate, growth_rate, meaningful_eng_rate",PRIMARY_SOURCE_MISSING,YELLOW,"{'handle': 'vendor_b', 'follower_count': 'vendor_b', 'reach_rate': 'vendor_b', 'growth_rate': 'vendor_b', 'meaningful_eng_rate': 'vendor_b'}",,vendor_b,vendor_a has no record for this channel; filled from vendor_b (fallback).,No action needed. Tracked to monitor vendor coverage.,auto,[],,,,,,,
Q00237,CR00374,instagram,"handle, follower_count, reach_rate",PRIMARY_SOURCE_MISSING,YELLOW,"{'handle': 'vendor_b', 'follower_count': 'vendor_b', 'reach_rate': 'vendor_b'}",,vendor_b,vendor_a has no record for this channel; filled from vendor_b (fallback).,No action needed. Tracked to monitor vendor coverage.,auto,[],,,,,,,
Q00238,CR00374,tiktok,"handle, follower_count, reach_rate, growth_rate, meaningful_eng_rate",PRIMARY_SOURCE_MISSING,YELLOW,"{'handle': 'vendor_b', 'follower_count': 'vendor_b', 'reach_rate': 'vendor_b', 'growth_rate': 'vendor_b', 'meaningful_eng_rate': 'vendor_b'}",,vendor_b,vendor_a has no record for this channel; filled from vendor_b (fallback).,No action needed. Tracked to monitor vendor coverage.,auto,[],,,,,,,
Q00239,CR00377,instagram,reach_rate,PRIMARY_SOURCE_MISSING,YELLOW,{'reach_rate': 'vendor_b'},,vendor_b,vendor_a's record lacks a valid value for reach_rate; filled from vendor_b (fallback).,No action needed. Tracked to monitor vendor coverage.,auto,[],,,,,,,
Q00240,CR00377,tiktok,"handle, follower_count, reach_rate, growth_rate",PRIMARY_SOURCE_MISSING,YELLOW,"{'handle': 'vendor_b', 'follower_count': 'vendor_b', 'reach_rate': 'vendor_b', 'growth_rate': 'vendor_b'}",,vendor_b,vendor_a has no record for this channel; filled from vendor_b (fallback).,No action needed. Tracked to monitor vendor coverage.,auto,[],,,,,,,
Q00241,CR00377,youtube,"handle, follower_count, reach_rate, growth_rate, meaningful_eng_rate",PRIMARY_SOURCE_MISSING,YELLOW,"{'handle': 'vendor_c', 'follower_count': 'vendor_c', 'reach_rate': 'vendor_c', 'growth_rate': 'vendor_c', 'meaningful_eng_rate': 'vendor_c'}",,vendor_c,vendor_a's record is stale; filled from vendor_c (fallback).,No action needed. Tracked to monitor vendor coverage.,auto,[],,,,,,,
Q00242,CR00379,tiktok,"handle, follower_count, reach_rate, growth_rate, meaningful_eng_rate",PRIMARY_SOURCE_MISSING,YELLOW,"{'handle': 'vendor_b', 'follower_count': 'vendor_b', 'reach_rate': 'vendor_b', 'growth_rate': 'vendor_b', 'meaningful_eng_rate': 'vendor_b'}",,vendor_b,vendor_a has no record for this channel; filled from vendor_b (fallback).,No action needed. Tracked to monitor vendor coverage.,auto,[],,,,,,,
Q00243,CR00380,tiktok,"handle, follower_count",PRIMARY_SOURCE_MISSING,YELLOW,"{'handle': 'vendor_c', 'follower_count': 'vendor_c'}",,vendor_c,vendor_a has no record for this channel; filled from vendor_c (fallback).,No action needed. Tracked to monitor vendor coverage.,auto,[],,,,,,,
Q00244,CR00381,tiktok,"handle, follower_count, reach_rate, growth_rate, meaningful_eng_rate",PRIMARY_SOURCE_MISSING,YELLOW,"{'handle': 'vendor_b', 'follower_count': 'vendor_b', 'reach_rate': 'vendor_b', 'growth_rate': 'vendor_b', 'meaningful_eng_rate': 'vendor_b'}",,vendor_b,vendor_a has no record for this channel; filled from vendor_b (fallback).,No action needed. Tracked to monitor vendor coverage.,auto,[],,,,,,,
Q00245,CR00386,instagram,"handle, follower_count, reach_rate, growth_rate, meaningful_eng_rate",PRIMARY_SOURCE_MISSING,YELLOW,"{'handle': 'vendor_b', 'follower_count': 'vendor_b', 'reach_rate': 'vendor_b', 'growth_rate': 'vendor_b', 'meaningful_eng_rate': 'vendor_b'}",,vendor_b,vendor_a has no record for this channel; filled from vendor_b (fallback).,No action needed. Tracked to monitor vendor coverage.,auto,[],,,,,,,
Q00246,CR00386,tiktok,"handle, follower_count, reach_rate, growth_rate",PRIMARY_SOURCE_MISSING,YELLOW,"{'handle': 'vendor_b', 'follower_count': 'vendor_b', 'reach_rate': 'vendor_b', 'growth_rate': 'vendor_b'}",,vendor_b,vendor_a has no record for this channel; filled from vendor_b (fallback).,No action needed. Tracked to monitor vendor coverage.,auto,[],,,,,,,
Q00247,CR00390,instagram,"handle, follower_count, reach_rate, growth_rate",PRIMARY_SOURCE_MISSING,YELLOW,"{'handle': 'vendor_b', 'follower_count': 'vendor_b', 'reach_rate': 'vendor_b', 'growth_rate': 'vendor_b'}",,vendor_b,vendor_a's record is stale; filled from vendor_b (fallback).,No action needed. Tracked to monitor vendor coverage.,auto,[],,,,,,,
Q00248,CR00390,tiktok,"handle, follower_count, reach_rate, growth_rate, meaningful_eng_rate",PRIMARY_SOURCE_MISSING,YELLOW,"{'handle': 'vendor_b', 'follower_count': 'vendor_b', 'reach_rate': 'vendor_b', 'growth_rate': 'vendor_b', 'meaningful_eng_rate': 'vendor_b'}",,vendor_b,vendor_a's record is stale; filled from vendor_b (fallback).,No action needed. Tracked to monitor vendor coverage.,auto,[],,,,,,,
Q00249,CR00391,tiktok,"handle, follower_count, reach_rate, growth_rate, meaningful_eng_rate",PRIMARY_SOURCE_MISSING,YELLOW,"{'handle': 'vendor_b', 'follower_count': 'vendor_b', 'reach_rate': 'vendor_b', 'growth_rate': 'vendor_b', 'meaningful_eng_rate': 'vendor_b'}",,vendor_b,vendor_a has no record for this channel; filled from vendor_b (fallback).,No action needed. Tracked to monitor vendor coverage.,auto,[],,,,,,,
Q00250,CR00393,instagram,"handle, follower_count, reach_rate, growth_rate, meaningful_eng_rate",PRIMARY_SOURCE_MISSING,YELLOW,"{'handle': 'vendor_b', 'follower_count': 'vendor_b', 'reach_rate': 'vendor_b', 'growth_rate': 'vendor_b', 'meaningful_eng_rate': 'vendor_b'}",,vendor_b,vendor_a has no record for this channel; filled from vendor_b (fallback).,No action needed. Tracked to monitor vendor coverage.,auto,[],,,,,,,
Q00251,CR00394,tiktok,"handle, follower_count, reach_rate, growth_rate, meaningful_eng_rate",PRIMARY_SOURCE_MISSING,YELLOW,"{'handle': 'vendor_b', 'follower_count': 'vendor_b', 'reach_rate': 'vendor_b', 'growth_rate': 'vendor_b', 'meaningful_eng_rate': 'vendor_b'}",,vendor_b,vendor_a has no record for this channel; filled from vendor_b (fallback).,No action needed. Tracked to monitor vendor coverage.,auto,[],,,,,,,
Q00252,CR00395,instagram,growth_rate,PRIMARY_SOURCE_MISSING,YELLOW,{'growth_rate': 'vendor_b'},,vendor_b,vendor_a's record lacks a valid value for growth_rate; filled from vendor_b (fallback).,No action needed. Tracked to monitor vendor coverage.,auto,[],,,,,,,
Q00253,CR00395,tiktok,"handle, follower_count, reach_rate, growth_rate, meaningful_eng_rate",PRIMARY_SOURCE_MISSING,YELLOW,"{'handle': 'vendor_b', 'follower_count': 'vendor_b', 'reach_rate': 'vendor_b', 'growth_rate': 'vendor_b', 'meaningful_eng_rate': 'vendor_b'}",,vendor_b,vendor_a has no record for this channel; filled from vendor_b (fallback).,No action needed. Tracked to monitor vendor coverage.,auto,[],,,,,,,
Q00254,CR00396,instagram,"handle, follower_count, reach_rate, growth_rate, meaningful_eng_rate",PRIMARY_SOURCE_MISSING,YELLOW,"{'handle': 'vendor_b', 'follower_count': 'vendor_b', 'reach_rate': 'vendor_b', 'growth_rate': 'vendor_b', 'meaningful_eng_rate': 'vendor_b'}",,vendor_b,vendor_a has no record for this channel; filled from vendor_b (fallback).,No action needed. Tracked to monitor vendor coverage.,auto,[],,,,,,,
Q00255,CR00399,instagram,"handle, follower_count, reach_rate, growth_rate, meaningful_eng_rate",PRIMARY_SOURCE_MISSING,YELLOW,"{'handle': 'vendor_b', 'follower_count': 'vendor_b', 'reach_rate': 'vendor_b', 'growth_rate': 'vendor_b', 'meaningful_eng_rate': 'vendor_b'}",,vendor_b,vendor_a has no record for this channel; filled from vendor_b (fallback).,No action needed. Tracked to monitor vendor coverage.,auto,[],,,,,,,
Q00256,CR00399,tiktok,"handle, follower_count, reach_rate, growth_rate",PRIMARY_SOURCE_MISSING,YELLOW,"{'handle': 'vendor_b', 'follower_count': 'vendor_b', 'reach_rate': 'vendor_b', 'growth_rate': 'vendor_b'}",,vendor_b,vendor_a has no record for this channel; filled from vendor_b (fallback).,No action needed. Tracked to monitor vendor coverage.,auto,[],,,,,,,
Q00257,CR00400,instagram,handle,PRIMARY_SOURCE_MISSING,YELLOW,{'handle': 'vendor_b'},,vendor_b,vendor_a's record lacks a valid value for handle; filled from vendor_b (fallback).,No action needed. Tracked to monitor vendor coverage.,auto,[],,,,,,,
Q00258,CR00400,tiktok,"handle, follower_count, reach_rate, growth_rate, meaningful_eng_rate",PRIMARY_SOURCE_MISSING,YELLOW,"{'handle': 'vendor_b', 'follower_count': 'vendor_b', 'reach_rate': 'vendor_b', 'growth_rate': 'vendor_b', 'meaningful_eng_rate': 'vendor_b'}",,vendor_b,vendor_a has no record for this channel; filled from vendor_b (fallback).,No action needed. Tracked to monitor vendor coverage.,auto,[],,,,,,,
Q00259,CR00401,youtube,"handle, follower_count, reach_rate, growth_rate",PRIMARY_SOURCE_MISSING,YELLOW,"{'handle': 'vendor_b', 'follower_count': 'vendor_b', 'reach_rate': 'vendor_b', 'growth_rate': 'vendor_b'}",,vendor_b,vendor_a's record is stale; filled from vendor_b (fallback).,No action needed. Tracked to monitor vendor coverage.,auto,[],,,,,,,
Q00260,CR00403,tiktok,"handle, follower_count, reach_rate, growth_rate",PRIMARY_SOURCE_MISSING,YELLOW,"{'handle': 'vendor_b', 'follower_count': 'vendor_b', 'reach_rate': 'vendor_b', 'growth_rate': 'vendor_b'}",,vendor_b,vendor_a has no record for this channel; filled from vendor_b (fallback).,No action needed. Tracked to monitor vendor coverage.,auto,[],,,,,,,
Q00261,CR00404,tiktok,handle,PRIMARY_SOURCE_MISSING,YELLOW,{'handle': 'vendor_b'},,vendor_b,vendor_a has no record for this channel; filled from vendor_b (fallback).,No action needed. Tracked to monitor vendor coverage.,auto,[],,,,,,,
Q00262,CR00405,tiktok,"handle, follower_count, reach_rate, growth_rate, meaningful_eng_rate",PRIMARY_SOURCE_MISSING,YELLOW,"{'handle': 'vendor_b', 'follower_count': 'vendor_b', 'reach_rate': 'vendor_b', 'growth_rate': 'vendor_b', 'meaningful_eng_rate': 'vendor_b'}",,vendor_b,vendor_a has no record for this channel; filled from vendor_b (fallback).,No action needed. Tracked to monitor vendor coverage.,auto,[],,,,,,,
Q00263,CR00406,instagram,"handle, follower_count, reach_rate",PRIMARY_SOURCE_MISSING,YELLOW,"{'handle': 'vendor_c', 'follower_count': 'vendor_c', 'reach_rate': 'vendor_c'}",,vendor_c,vendor_a has no record for this channel; filled from vendor_c (fallback).,No action needed. Tracked to monitor vendor coverage.,auto,[],,,,,,,
Q00264,CR00407,instagram,"handle, follower_count, reach_rate, growth_rate",PRIMARY_SOURCE_MISSING,YELLOW,"{'handle': 'vendor_c', 'follower_count': 'vendor_c', 'reach_rate': 'vendor_c', 'growth_rate': 'vendor_c'}",,vendor_c,vendor_a has no record for this channel; filled from vendor_c (fallback).,No action needed. Tracked to monitor vendor coverage.,auto,[],,,,,,,
Q00265,CR00409,tiktok,"handle, follower_count, reach_rate, growth_rate, meaningful_eng_rate",PRIMARY_SOURCE_MISSING,YELLOW,"{'handle': 'vendor_b', 'follower_count': 'vendor_b', 'reach_rate': 'vendor_b', 'growth_rate': 'vendor_b', 'meaningful_eng_rate': 'vendor_b'}",,vendor_b,vendor_a has no record for this channel; filled from vendor_b (fallback).,No action needed. Tracked to monitor vendor coverage.,auto,[],,,,,,,
Q00266,CR00412,youtube,meaningful_eng_rate,PRIMARY_SOURCE_MISSING,YELLOW,{'meaningful_eng_rate': 'vendor_c'},,vendor_c,vendor_a's record lacks a valid value for meaningful_eng_rate; filled from vendor_c (fallback).,No action needed. Tracked to monitor vendor coverage.,auto,[],,,,,,,
Q00267,CR00416,instagram,"handle, follower_count, reach_rate, growth_rate, meaningful_eng_rate",PRIMARY_SOURCE_MISSING,YELLOW,"{'handle': 'vendor_b', 'follower_count': 'vendor_b', 'reach_rate': 'vendor_b', 'growth_rate': 'vendor_b', 'meaningful_eng_rate': 'vendor_b'}",,vendor_b,vendor_a has no record for this channel; filled from vendor_b (fallback).,No action needed. Tracked to monitor vendor coverage.,auto,[],,,,,,,
Q00268,CR00416,tiktok,"handle, follower_count, reach_rate, growth_rate, meaningful_eng_rate",PRIMARY_SOURCE_MISSING,YELLOW,"{'handle': 'vendor_b', 'follower_count': 'vendor_b', 'reach_rate': 'vendor_b', 'growth_rate': 'vendor_b', 'meaningful_eng_rate': 'vendor_b'}",,vendor_b,vendor_a has no record for this channel; filled from vendor_b (fallback).,No action needed. Tracked to monitor vendor coverage.,auto,[],,,,,,,
Q00269,CR00419,instagram,"handle, follower_count, reach_rate, growth_rate, meaningful_eng_rate",PRIMARY_SOURCE_MISSING,YELLOW,"{'handle': 'vendor_b', 'follower_count': 'vendor_b', 'reach_rate': 'vendor_b', 'growth_rate': 'vendor_b', 'meaningful_eng_rate': 'vendor_b'}",,vendor_b,vendor_a has no record for this channel; filled from vendor_b (fallback).,No action needed. Tracked to monitor vendor coverage.,auto,[],,,,,,,
Q00270,CR00419,tiktok,"handle, follower_count, reach_rate, growth_rate",PRIMARY_SOURCE_MISSING,YELLOW,"{'handle': 'vendor_b', 'follower_count': 'vendor_b', 'reach_rate': 'vendor_b', 'growth_rate': 'vendor_b'}",,vendor_b,vendor_a has no record for this channel; filled from vendor_b (fallback).,No action needed. Tracked to monitor vendor coverage.,auto,[],,,,,,,
Q00271,CR00427,instagram,"handle, follower_count, reach_rate, growth_rate, meaningful_eng_rate",PRIMARY_SOURCE_MISSING,YELLOW,"{'handle': 'vendor_b', 'follower_count': 'vendor_b', 'reach_rate': 'vendor_b', 'growth_rate': 'vendor_b', 'meaningful_eng_rate': 'vendor_b'}",,vendor_b,vendor_a has no record for this channel; filled from vendor_b (fallback).,No action needed. Tracked to monitor vendor coverage.,auto,[],,,,,,,
Q00272,CR00430,instagram,"handle, follower_count, reach_rate, growth_rate, meaningful_eng_rate",PRIMARY_SOURCE_MISSING,YELLOW,"{'handle': 'vendor_b', 'follower_count': 'vendor_b', 'reach_rate': 'vendor_b', 'growth_rate': 'vendor_b', 'meaningful_eng_rate': 'vendor_b'}",,vendor_b,vendor_a has no record for this channel; filled from vendor_b (fallback).,No action needed. Tracked to monitor vendor coverage.,auto,[],,,,,,,
Q00273,CR00430,tiktok,"follower_count, reach_rate, growth_rate, meaningful_eng_rate",PRIMARY_SOURCE_MISSING,YELLOW,"{'follower_count': 'vendor_b', 'reach_rate': 'vendor_b', 'growth_rate': 'vendor_b', 'meaningful_eng_rate': 'vendor_b'}",,vendor_b,vendor_a has no record for this channel; filled from vendor_b (fallback).,No action needed. Tracked to monitor vendor coverage.,auto,[],,,,,,,
Q00274,CR00431,tiktok,"handle, follower_count, reach_rate, meaningful_eng_rate",PRIMARY_SOURCE_MISSING,YELLOW,"{'handle': 'vendor_b', 'follower_count': 'vendor_b', 'reach_rate': 'vendor_b', 'meaningful_eng_rate': 'vendor_b'}",,vendor_b,vendor_a has no record for this channel; filled from vendor_b (fallback).,No action needed. Tracked to monitor vendor coverage.,auto,[],,,,,,,
Q00275,CR00432,instagram,"handle, follower_count, growth_rate",PRIMARY_SOURCE_MISSING,YELLOW,"{'handle': 'vendor_c', 'follower_count': 'vendor_c', 'growth_rate': 'vendor_c'}",,vendor_c,vendor_a has no record for this channel; filled from vendor_c (fallback).,No action needed. Tracked to monitor vendor coverage.,auto,[],,,,,,,
Q00276,CR00432,tiktok,meaningful_eng_rate,PRIMARY_SOURCE_MISSING,YELLOW,{'meaningful_eng_rate': 'vendor_b'},,vendor_b,vendor_a has no record for this channel; filled from vendor_b (fallback).,No action needed. Tracked to monitor vendor coverage.,auto,[],,,,,,,
Q00277,CR00433,tiktok,"handle, follower_count, reach_rate, growth_rate, meaningful_eng_rate",PRIMARY_SOURCE_MISSING,YELLOW,"{'handle': 'vendor_b', 'follower_count': 'vendor_b', 'reach_rate': 'vendor_b', 'growth_rate': 'vendor_b', 'meaningful_eng_rate': 'vendor_b'}",,vendor_b,vendor_a has no record for this channel; filled from vendor_b (fallback).,No action needed. Tracked to monitor vendor coverage.,auto,[],,,,,,,
Q00278,CR00435,instagram,"handle, follower_count, reach_rate, growth_rate, meaningful_eng_rate",PRIMARY_SOURCE_MISSING,YELLOW,"{'handle': 'vendor_b', 'follower_count': 'vendor_b', 'reach_rate': 'vendor_b', 'growth_rate': 'vendor_b', 'meaningful_eng_rate': 'vendor_b'}",,vendor_b,vendor_a has no record for this channel; filled from vendor_b (fallback).,No action needed. Tracked to monitor vendor coverage.,auto,[],,,,,,,
Q00279,CR00437,tiktok,"handle, follower_count, reach_rate, growth_rate",PRIMARY_SOURCE_MISSING,YELLOW,"{'handle': 'vendor_b', 'follower_count': 'vendor_b', 'reach_rate': 'vendor_b', 'growth_rate': 'vendor_b'}",,vendor_b,vendor_a has no record for this channel; filled from vendor_b (fallback).,No action needed. Tracked to monitor vendor coverage.,auto,[],,,,,,,
Q00280,CR00438,instagram,"handle, follower_count, reach_rate, growth_rate",PRIMARY_SOURCE_MISSING,YELLOW,"{'handle': 'vendor_b', 'follower_count': 'vendor_b', 'reach_rate': 'vendor_b', 'growth_rate': 'vendor_b'}",,vendor_b,vendor_a has no record for this channel; filled from vendor_b (fallback).,No action needed. Tracked to monitor vendor coverage.,auto,[],,,,,,,
Q00281,CR00441,youtube,"handle, follower_count, reach_rate, growth_rate",PRIMARY_SOURCE_MISSING,YELLOW,"{'handle': 'vendor_c', 'follower_count': 'vendor_c', 'reach_rate': 'vendor_c', 'growth_rate': 'vendor_c'}",,vendor_c,vendor_a's record is stale; filled from vendor_c (fallback).,No action needed. Tracked to monitor vendor coverage.,auto,[],,,,,,,
Q00282,CR00443,instagram,"handle, follower_count, reach_rate, growth_rate",PRIMARY_SOURCE_MISSING,YELLOW,"{'handle': 'vendor_b', 'follower_count': 'vendor_b', 'reach_rate': 'vendor_b', 'growth_rate': 'vendor_b'}",,vendor_b,vendor_a has no record for this channel; filled from vendor_b (fallback).,No action needed. Tracked to monitor vendor coverage.,auto,[],,,,,,,
Q00283,CR00444,youtube,handle,PRIMARY_SOURCE_MISSING,YELLOW,{'handle': 'vendor_c'},,vendor_c,vendor_a's record lacks a valid value for handle; filled from vendor_c (fallback).,No action needed. Tracked to monitor vendor coverage.,auto,[],,,,,,,
Q00284,CR00445,instagram,"handle, follower_count, reach_rate, growth_rate, meaningful_eng_rate",PRIMARY_SOURCE_MISSING,YELLOW,"{'handle': 'vendor_b', 'follower_count': 'vendor_b', 'reach_rate': 'vendor_b', 'growth_rate': 'vendor_b', 'meaningful_eng_rate': 'vendor_b'}",,vendor_b,vendor_a has no record for this channel; filled from vendor_b (fallback).,No action needed. Tracked to monitor vendor coverage.,auto,[],,,,,,,
Q00285,CR00446,tiktok,"handle, follower_count, reach_rate, growth_rate, meaningful_eng_rate",PRIMARY_SOURCE_MISSING,YELLOW,"{'handle': 'vendor_b', 'follower_count': 'vendor_b', 'reach_rate': 'vendor_b', 'growth_rate': 'vendor_b', 'meaningful_eng_rate': 'vendor_b'}",,vendor_b,vendor_a has no record for this channel; filled from vendor_b (fallback).,No action needed. Tracked to monitor vendor coverage.,auto,[],,,,,,,
Q00286,CR00449,youtube,meaningful_eng_rate,PRIMARY_SOURCE_MISSING,YELLOW,{'meaningful_eng_rate': 'vendor_b'},,vendor_b,vendor_a's record lacks a valid value for meaningful_eng_rate; filled from vendor_b (fallback).,No action needed. Tracked to monitor vendor coverage.,auto,[],,,,,,,
Q00287,CR00457,instagram,"handle, follower_count, reach_rate, growth_rate",PRIMARY_SOURCE_MISSING,YELLOW,"{'handle': 'vendor_b', 'follower_count': 'vendor_b', 'reach_rate': 'vendor_b', 'growth_rate': 'vendor_b'}",,vendor_b,vendor_a has no record for this channel; filled from vendor_b (fallback).,No action needed. Tracked to monitor vendor coverage.,auto,[],,,,,,,
Q00288,CR00460,instagram,"handle, follower_count, reach_rate, growth_rate, meaningful_eng_rate",PRIMARY_SOURCE_MISSING,YELLOW,"{'handle': 'vendor_b', 'follower_count': 'vendor_b', 'reach_rate': 'vendor_b', 'growth_rate': 'vendor_b', 'meaningful_eng_rate': 'vendor_b'}",,vendor_b,vendor_a has no record for this channel; filled from vendor_b (fallback).,No action needed. Tracked to monitor vendor coverage.,auto,[],,,,,,,
Q00289,CR00461,instagram,"handle, follower_count, growth_rate, meaningful_eng_rate",PRIMARY_SOURCE_MISSING,YELLOW,"{'handle': 'vendor_b', 'follower_count': 'vendor_b', 'growth_rate': 'vendor_b', 'meaningful_eng_rate': 'vendor_b'}",,vendor_b,vendor_a has no record for this channel; filled from vendor_b (fallback).,No action needed. Tracked to monitor vendor coverage.,auto,[],,,,,,,
Q00290,CR00461,tiktok,"handle, follower_count, reach_rate, growth_rate, meaningful_eng_rate",PRIMARY_SOURCE_MISSING,YELLOW,"{'handle': 'vendor_b', 'follower_count': 'vendor_b', 'reach_rate': 'vendor_b', 'growth_rate': 'vendor_b', 'meaningful_eng_rate': 'vendor_b'}",,vendor_b,vendor_a has no record for this channel; filled from vendor_b (fallback).,No action needed. Tracked to monitor vendor coverage.,auto,[],,,,,,,
Q00291,CR00463,tiktok,"handle, follower_count, reach_rate, growth_rate, meaningful_eng_rate",PRIMARY_SOURCE_MISSING,YELLOW,"{'handle': 'vendor_b', 'follower_count': 'vendor_b', 'reach_rate': 'vendor_b', 'growth_rate': 'vendor_b', 'meaningful_eng_rate': 'vendor_b'}",,vendor_b,vendor_a has no record for this channel; filled from vendor_b (fallback).,No action needed. Tracked to monitor vendor coverage.,auto,[],,,,,,,
Q00292,CR00465,instagram,"handle, follower_count, reach_rate, growth_rate, meaningful_eng_rate",PRIMARY_SOURCE_MISSING,YELLOW,"{'handle': 'vendor_b', 'follower_count': 'vendor_b', 'reach_rate': 'vendor_b', 'growth_rate': 'vendor_b', 'meaningful_eng_rate': 'vendor_b'}",,vendor_b,vendor_a's record is stale; filled from vendor_b (fallback).,No action needed. Tracked to monitor vendor coverage.,auto,[],,,,,,,
Q00293,CR00465,tiktok,"handle, follower_count, reach_rate, growth_rate, meaningful_eng_rate",PRIMARY_SOURCE_MISSING,YELLOW,"{'handle': 'vendor_b', 'follower_count': 'vendor_b', 'reach_rate': 'vendor_b', 'growth_rate': 'vendor_b', 'meaningful_eng_rate': 'vendor_b'}",,vendor_b,vendor_a has no record for this channel; filled from vendor_b (fallback).,No action needed. Tracked to monitor vendor coverage.,auto,[],,,,,,,
Q00294,CR00469,tiktok,"handle, follower_count, reach_rate, meaningful_eng_rate",PRIMARY_SOURCE_MISSING,YELLOW,"{'handle': 'vendor_b', 'follower_count': 'vendor_b', 'reach_rate': 'vendor_b', 'meaningful_eng_rate': 'vendor_b'}",,vendor_b,vendor_a has no record for this channel; filled from vendor_b (fallback).,No action needed. Tracked to monitor vendor coverage.,auto,[],,,,,,,
Q00295,CR00473,instagram,"handle, follower_count, growth_rate, meaningful_eng_rate",PRIMARY_SOURCE_MISSING,YELLOW,"{'handle': 'vendor_b', 'follower_count': 'vendor_b', 'growth_rate': 'vendor_b', 'meaningful_eng_rate': 'vendor_b'}",,vendor_b,vendor_a's record is stale; filled from vendor_b (fallback).,No action needed. Tracked to monitor vendor coverage.,auto,[],,,,,,,
Q00296,CR00473,tiktok,"handle, follower_count, reach_rate, growth_rate, meaningful_eng_rate",PRIMARY_SOURCE_MISSING,YELLOW,"{'handle': 'vendor_b', 'follower_count': 'vendor_b', 'reach_rate': 'vendor_b', 'growth_rate': 'vendor_b', 'meaningful_eng_rate': 'vendor_b'}",,vendor_b,vendor_a has no record for this channel; filled from vendor_b (fallback).,No action needed. Tracked to monitor vendor coverage.,auto,[],,,,,,,
Q00297,CR00476,instagram,"handle, follower_count, reach_rate, meaningful_eng_rate",PRIMARY_SOURCE_MISSING,YELLOW,"{'handle': 'vendor_b', 'follower_count': 'vendor_b', 'reach_rate': 'vendor_b', 'meaningful_eng_rate': 'vendor_b'}",,vendor_b,vendor_a has no record for this channel; filled from vendor_b (fallback).,No action needed. Tracked to monitor vendor coverage.,auto,[],,,,,,,
Q00298,CR00476,tiktok,"handle, follower_count, reach_rate, growth_rate",PRIMARY_SOURCE_MISSING,YELLOW,"{'handle': 'vendor_b', 'follower_count': 'vendor_b', 'reach_rate': 'vendor_b', 'growth_rate': 'vendor_b'}",,vendor_b,vendor_a has no record for this channel; filled from vendor_b (fallback).,No action needed. Tracked to monitor vendor coverage.,auto,[],,,,,,,
Q00299,CR00481,instagram,"handle, follower_count, reach_rate, growth_rate, meaningful_eng_rate",PRIMARY_SOURCE_MISSING,YELLOW,"{'handle': 'vendor_b', 'follower_count': 'vendor_b', 'reach_rate': 'vendor_b', 'growth_rate': 'vendor_b', 'meaningful_eng_rate': 'vendor_b'}",,vendor_b,vendor_a has no record for this channel; filled from vendor_b (fallback).,No action needed. Tracked to monitor vendor coverage.,auto,[],,,,,,,
Q00300,CR00485,instagram,"handle, follower_count, reach_rate, growth_rate, meaningful_eng_rate",PRIMARY_SOURCE_MISSING,YELLOW,"{'handle': 'vendor_b', 'follower_count': 'vendor_b', 'reach_rate': 'vendor_b', 'growth_rate': 'vendor_b', 'meaningful_eng_rate': 'vendor_b'}",,vendor_b,vendor_a has no record for this channel; filled from vendor_b (fallback).,No action needed. Tracked to monitor vendor coverage.,auto,[],,,,,,,
Q00301,CR00485,tiktok,"handle, follower_count, reach_rate, growth_rate, meaningful_eng_rate",PRIMARY_SOURCE_MISSING,YELLOW,"{'handle': 'vendor_b', 'follower_count': 'vendor_b', 'reach_rate': 'vendor_b', 'growth_rate': 'vendor_b', 'meaningful_eng_rate': 'vendor_b'}",,vendor_b,vendor_a has no record for this channel; filled from vendor_b (fallback).,No action needed. Tracked to monitor vendor coverage.,auto,[],,,,,,,
Q00302,CR00488,instagram,"handle, follower_count, reach_rate, growth_rate, meaningful_eng_rate",PRIMARY_SOURCE_MISSING,YELLOW,"{'handle': 'vendor_b', 'follower_count': 'vendor_b', 'reach_rate': 'vendor_b', 'growth_rate': 'vendor_b', 'meaningful_eng_rate': 'vendor_b'}",,vendor_b,vendor_a has no record for this channel; filled from vendor_b (fallback).,No action needed. Tracked to monitor vendor coverage.,auto,[],,,,,,,
Q00303,CR00489,instagram,"handle, follower_count, reach_rate, growth_rate, meaningful_eng_rate",PRIMARY_SOURCE_MISSING,YELLOW,"{'handle': 'vendor_b', 'follower_count': 'vendor_b', 'reach_rate': 'vendor_b', 'growth_rate': 'vendor_b', 'meaningful_eng_rate': 'vendor_b'}",,vendor_b,vendor_a has no record for this channel; filled from vendor_b (fallback).,No action needed. Tracked to monitor vendor coverage.,auto,[],,,,,,,
Q00304,CR00489,tiktok,"handle, follower_count, reach_rate, growth_rate, meaningful_eng_rate",PRIMARY_SOURCE_MISSING,YELLOW,"{'handle': 'vendor_b', 'follower_count': 'vendor_b', 'reach_rate': 'vendor_b', 'growth_rate': 'vendor_b', 'meaningful_eng_rate': 'vendor_b'}",,vendor_b,vendor_a's record is stale; filled from vendor_b (fallback).,No action needed. Tracked to monitor vendor coverage.,auto,[],,,,,,,
Q00305,CR00489,youtube,"follower_count, reach_rate, growth_rate, meaningful_eng_rate",PRIMARY_SOURCE_MISSING,YELLOW,"{'follower_count': 'vendor_c', 'reach_rate': 'vendor_c', 'growth_rate': 'vendor_c', 'meaningful_eng_rate': 'vendor_c'}",,vendor_c,vendor_a's record is stale; filled from vendor_c (fallback).,No action needed. Tracked to monitor vendor coverage.,auto,[],,,,,,,
Q00306,CR00494,tiktok,"handle, follower_count, reach_rate, growth_rate",PRIMARY_SOURCE_MISSING,YELLOW,"{'handle': 'vendor_b', 'follower_count': 'vendor_b', 'reach_rate': 'vendor_b', 'growth_rate': 'vendor_b'}",,vendor_b,vendor_a has no record for this channel; filled from vendor_b (fallback).,No action needed. Tracked to monitor vendor coverage.,auto,[],,,,,,,
Q00307,CR00495,tiktok,"handle, follower_count, reach_rate, growth_rate, meaningful_eng_rate",PRIMARY_SOURCE_MISSING,YELLOW,"{'handle': 'vendor_b', 'follower_count': 'vendor_b', 'reach_rate': 'vendor_b', 'growth_rate': 'vendor_b', 'meaningful_eng_rate': 'vendor_b'}",,vendor_b,vendor_a has no record for this channel; filled from vendor_b (fallback).,No action needed. Tracked to monitor vendor coverage.,auto,[],,,,,,,
Q00308,CR00495,youtube,handle,PRIMARY_SOURCE_MISSING,YELLOW,{'handle': 'vendor_b'},,vendor_b,vendor_a's record lacks a valid value for handle; filled from vendor_b (fallback).,No action needed. Tracked to monitor vendor coverage.,auto,[],,,,,,,
Q00309,CR00500,tiktok,"handle, follower_count, reach_rate, growth_rate",PRIMARY_SOURCE_MISSING,YELLOW,"{'handle': 'vendor_c', 'follower_count': 'vendor_c', 'reach_rate': 'vendor_c', 'growth_rate': 'vendor_c'}",,vendor_c,vendor_a has no record for this channel; filled from vendor_c (fallback).,No action needed. Tracked to monitor vendor coverage.,auto,[],,,,,,,
Q00310,CR00501,instagram,"handle, follower_count, reach_rate, growth_rate",PRIMARY_SOURCE_MISSING,YELLOW,"{'handle': 'vendor_b', 'follower_count': 'vendor_b', 'reach_rate': 'vendor_b', 'growth_rate': 'vendor_b'}",,vendor_b,vendor_a has no record for this channel; filled from vendor_b (fallback).,No action needed. Tracked to monitor vendor coverage.,auto,[],,,,,,,
Q00311,CR00502,tiktok,"handle, follower_count, growth_rate, meaningful_eng_rate",PRIMARY_SOURCE_MISSING,YELLOW,"{'handle': 'vendor_b', 'follower_count': 'vendor_b', 'growth_rate': 'vendor_b', 'meaningful_eng_rate': 'vendor_b'}",,vendor_b,vendor_a has no record for this channel; filled from vendor_b (fallback).,No action needed. Tracked to monitor vendor coverage.,auto,[],,,,,,,
Q00312,CR00504,instagram,"handle, follower_count, reach_rate, growth_rate",PRIMARY_SOURCE_MISSING,YELLOW,"{'handle': 'vendor_c', 'follower_count': 'vendor_c', 'reach_rate': 'vendor_c', 'growth_rate': 'vendor_c'}",,vendor_c,vendor_a has no record for this channel; filled from vendor_c (fallback).,No action needed. Tracked to monitor vendor coverage.,auto,[],,,,,,,
Q00313,CR00504,tiktok,"handle, follower_count, reach_rate, growth_rate",PRIMARY_SOURCE_MISSING,YELLOW,"{'handle': 'vendor_c', 'follower_count': 'vendor_c', 'reach_rate': 'vendor_c', 'growth_rate': 'vendor_c'}",,vendor_c,vendor_a has no record for this channel; filled from vendor_c (fallback).,No action needed. Tracked to monitor vendor coverage.,auto,[],,,,,,,
Q00314,CR00505,instagram,"handle, follower_count, reach_rate, growth_rate",PRIMARY_SOURCE_MISSING,YELLOW,"{'handle': 'vendor_b', 'follower_count': 'vendor_b', 'reach_rate': 'vendor_b', 'growth_rate': 'vendor_b'}",,vendor_b,vendor_a has no record for this channel; filled from vendor_b (fallback).,No action needed. Tracked to monitor vendor coverage.,auto,[],,,,,,,
Q00315,CR00508,tiktok,"handle, follower_count, reach_rate, growth_rate",PRIMARY_SOURCE_MISSING,YELLOW,"{'handle': 'vendor_c', 'follower_count': 'vendor_c', 'reach_rate': 'vendor_c', 'growth_rate': 'vendor_c'}",,vendor_c,vendor_a has no record for this channel; filled from vendor_c (fallback).,No action needed. Tracked to monitor vendor coverage.,auto,[],,,,,,,
Q00316,CR00509,tiktok,"handle, follower_count, reach_rate, growth_rate, meaningful_eng_rate",PRIMARY_SOURCE_MISSING,YELLOW,"{'handle': 'vendor_b', 'follower_count': 'vendor_b', 'reach_rate': 'vendor_b', 'growth_rate': 'vendor_b', 'meaningful_eng_rate': 'vendor_b'}",,vendor_b,vendor_a has no record for this channel; filled from vendor_b (fallback).,No action needed. Tracked to monitor vendor coverage.,auto,[],,,,,,,
Q00317,CR00510,tiktok,"handle, follower_count, reach_rate",PRIMARY_SOURCE_MISSING,YELLOW,"{'handle': 'vendor_b', 'follower_count': 'vendor_b', 'reach_rate': 'vendor_b'}",,vendor_b,vendor_a has no record for this channel; filled from vendor_b (fallback).,No action needed. Tracked to monitor vendor coverage.,auto,[],,,,,,,
Q00318,CR00511,tiktok,"handle, follower_count, reach_rate, meaningful_eng_rate",PRIMARY_SOURCE_MISSING,YELLOW,"{'handle': 'vendor_b', 'follower_count': 'vendor_b', 'reach_rate': 'vendor_b', 'meaningful_eng_rate': 'vendor_b'}",,vendor_b,vendor_a has no record for this channel; filled from vendor_b (fallback).,No action needed. Tracked to monitor vendor coverage.,auto,[],,,,,,,
Q00319,CR00512,tiktok,"follower_count, reach_rate, growth_rate",PRIMARY_SOURCE_MISSING,YELLOW,"{'follower_count': 'vendor_c', 'reach_rate': 'vendor_c', 'growth_rate': 'vendor_c'}",,vendor_c,vendor_a has no record for this channel; filled from vendor_c (fallback).,No action needed. Tracked to monitor vendor coverage.,auto,[],,,,,,,
Q00320,CR00512,youtube,"handle, follower_count, reach_rate, growth_rate, meaningful_eng_rate",PRIMARY_SOURCE_MISSING,YELLOW,"{'handle': 'vendor_b', 'follower_count': 'vendor_b', 'reach_rate': 'vendor_b', 'growth_rate': 'vendor_b', 'meaningful_eng_rate': 'vendor_b'}",,vendor_b,vendor_a's record is stale; filled from vendor_b (fallback).,No action needed. Tracked to monitor vendor coverage.,auto,[],,,,,,,
Q00321,CR00517,tiktok,"handle, follower_count, reach_rate, growth_rate",PRIMARY_SOURCE_MISSING,YELLOW,"{'handle': 'vendor_b', 'follower_count': 'vendor_b', 'reach_rate': 'vendor_b', 'growth_rate': 'vendor_b'}",,vendor_b,vendor_a has no record for this channel; filled from vendor_b (fallback).,No action needed. Tracked to monitor vendor coverage.,auto,[],,,,,,,
Q00322,CR00519,instagram,"follower_count, reach_rate, growth_rate, meaningful_eng_rate",PRIMARY_SOURCE_MISSING,YELLOW,"{'follower_count': 'vendor_b', 'reach_rate': 'vendor_b', 'growth_rate': 'vendor_b', 'meaningful_eng_rate': 'vendor_b'}",,vendor_b,vendor_a has no record for this channel; filled from vendor_b (fallback).,No action needed. Tracked to monitor vendor coverage.,auto,[],,,,,,,
Q00323,CR00519,tiktok,"handle, follower_count, reach_rate, growth_rate, meaningful_eng_rate",PRIMARY_SOURCE_MISSING,YELLOW,"{'handle': 'vendor_b', 'follower_count': 'vendor_b', 'reach_rate': 'vendor_b', 'growth_rate': 'vendor_b', 'meaningful_eng_rate': 'vendor_b'}",,vendor_b,vendor_a has no record for this channel; filled from vendor_b (fallback).,No action needed. Tracked to monitor vendor coverage.,auto,[],,,,,,,
Q00324,CR00523,instagram,"handle, follower_count, reach_rate, growth_rate, meaningful_eng_rate",PRIMARY_SOURCE_MISSING,YELLOW,"{'handle': 'vendor_b', 'follower_count': 'vendor_b', 'reach_rate': 'vendor_b', 'growth_rate': 'vendor_b', 'meaningful_eng_rate': 'vendor_b'}",,vendor_b,vendor_a's record is stale; filled from vendor_b (fallback).,No action needed. Tracked to monitor vendor coverage.,auto,[],,,,,,,
Q00325,CR00523,youtube,growth_rate,PRIMARY_SOURCE_MISSING,YELLOW,{'growth_rate': 'vendor_b'},,vendor_b,vendor_a's record lacks a valid value for growth_rate; filled from vendor_b (fallback).,No action needed. Tracked to monitor vendor coverage.,auto,[],,,,,,,
Q00326,CR00525,instagram,"handle, follower_count, reach_rate, growth_rate",PRIMARY_SOURCE_MISSING,YELLOW,"{'handle': 'vendor_b', 'follower_count': 'vendor_b', 'reach_rate': 'vendor_b', 'growth_rate': 'vendor_b'}",,vendor_b,vendor_a's record is stale; filled from vendor_b (fallback).,No action needed. Tracked to monitor vendor coverage.,auto,[],,,,,,,
Q00327,CR00525,tiktok,"handle, follower_count, reach_rate, growth_rate, meaningful_eng_rate",PRIMARY_SOURCE_MISSING,YELLOW,"{'handle': 'vendor_b', 'follower_count': 'vendor_b', 'reach_rate': 'vendor_b', 'growth_rate': 'vendor_b', 'meaningful_eng_rate': 'vendor_b'}",,vendor_b,vendor_a has no record for this channel; filled from vendor_b (fallback).,No action needed. Tracked to monitor vendor coverage.,auto,[],,,,,,,
Q00328,CR00526,tiktok,"handle, follower_count, reach_rate, growth_rate",PRIMARY_SOURCE_MISSING,YELLOW,"{'handle': 'vendor_b', 'follower_count': 'vendor_b', 'reach_rate': 'vendor_b', 'growth_rate': 'vendor_c'}",,"vendor_b, vendor_c","vendor_a has no record for this channel; filled from vendor_b, vendor_c (fallback).",No action needed. Tracked to monitor vendor coverage.,auto,[],,,,,,,
Q00329,CR00527,instagram,"handle, follower_count, reach_rate, growth_rate, meaningful_eng_rate",PRIMARY_SOURCE_MISSING,YELLOW,"{'handle': 'vendor_b', 'follower_count': 'vendor_b', 'reach_rate': 'vendor_b', 'growth_rate': 'vendor_b', 'meaningful_eng_rate': 'vendor_b'}",,vendor_b,vendor_a has no record for this channel; filled from vendor_b (fallback).,No action needed. Tracked to monitor vendor coverage.,auto,[],,,,,,,
Q00330,CR00527,tiktok,"handle, follower_count, reach_rate, growth_rate, meaningful_eng_rate",PRIMARY_SOURCE_MISSING,YELLOW,"{'handle': 'vendor_b', 'follower_count': 'vendor_b', 'reach_rate': 'vendor_b', 'growth_rate': 'vendor_b', 'meaningful_eng_rate': 'vendor_b'}",,vendor_b,vendor_a's record is stale; filled from vendor_b (fallback).,No action needed. Tracked to monitor vendor coverage.,auto,[],,,,,,,
Q00331,CR00528,instagram,"follower_count, reach_rate, growth_rate, meaningful_eng_rate",PRIMARY_SOURCE_MISSING,YELLOW,"{'follower_count': 'vendor_b', 'reach_rate': 'vendor_b', 'growth_rate': 'vendor_b', 'meaningful_eng_rate': 'vendor_b'}",,vendor_b,vendor_a has no record for this channel; filled from vendor_b (fallback).,No action needed. Tracked to monitor vendor coverage.,auto,[],,,,,,,
Q00332,CR00529,instagram,meaningful_eng_rate,PRIMARY_SOURCE_MISSING,YELLOW,{'meaningful_eng_rate': 'vendor_b'},,vendor_b,vendor_a's record lacks a valid value for meaningful_eng_rate; filled from vendor_b (fallback).,No action needed. Tracked to monitor vendor coverage.,auto,[],,,,,,,
Q00333,CR00530,instagram,"handle, follower_count, reach_rate",PRIMARY_SOURCE_MISSING,YELLOW,"{'handle': 'vendor_b', 'follower_count': 'vendor_b', 'reach_rate': 'vendor_b'}",,vendor_b,vendor_a has no record for this channel; filled from vendor_b (fallback).,No action needed. Tracked to monitor vendor coverage.,auto,[],,,,,,,
Q00334,CR00530,youtube,"handle, follower_count, reach_rate, growth_rate, meaningful_eng_rate",PRIMARY_SOURCE_MISSING,YELLOW,"{'handle': 'vendor_b', 'follower_count': 'vendor_b', 'reach_rate': 'vendor_b', 'growth_rate': 'vendor_b', 'meaningful_eng_rate': 'vendor_b'}",,vendor_b,vendor_a has no record for this channel; filled from vendor_b (fallback).,No action needed. Tracked to monitor vendor coverage.,auto,[],,,,,,,
Q00335,CR00533,instagram,"handle, follower_count, reach_rate, growth_rate",PRIMARY_SOURCE_MISSING,YELLOW,"{'handle': 'vendor_c', 'follower_count': 'vendor_c', 'reach_rate': 'vendor_c', 'growth_rate': 'vendor_c'}",,vendor_c,vendor_a has no record for this channel; filled from vendor_c (fallback).,No action needed. Tracked to monitor vendor coverage.,auto,[],,,,,,,
Q00336,CR00535,instagram,"handle, follower_count, reach_rate, growth_rate, meaningful_eng_rate",PRIMARY_SOURCE_MISSING,YELLOW,"{'handle': 'vendor_b', 'follower_count': 'vendor_b', 'reach_rate': 'vendor_b', 'growth_rate': 'vendor_b', 'meaningful_eng_rate': 'vendor_b'}",,vendor_b,vendor_a has no record for this channel; filled from vendor_b (fallback).,No action needed. Tracked to monitor vendor coverage.,auto,[],,,,,,,
Q00337,CR00538,tiktok,"handle, follower_count, reach_rate, growth_rate",PRIMARY_SOURCE_MISSING,YELLOW,"{'handle': 'vendor_b', 'follower_count': 'vendor_b', 'reach_rate': 'vendor_b', 'growth_rate': 'vendor_b'}",,vendor_b,vendor_a has no record for this channel; filled from vendor_b (fallback).,No action needed. Tracked to monitor vendor coverage.,auto,[],,,,,,,
Q00338,CR00542,instagram,"handle, follower_count, reach_rate, growth_rate",PRIMARY_SOURCE_MISSING,YELLOW,"{'handle': 'vendor_b', 'follower_count': 'vendor_b', 'reach_rate': 'vendor_b', 'growth_rate': 'vendor_b'}",,vendor_b,vendor_a has no record for this channel; filled from vendor_b (fallback).,No action needed. Tracked to monitor vendor coverage.,auto,[],,,,,,,
Q00339,CR00542,tiktok,"handle, follower_count, reach_rate, growth_rate, meaningful_eng_rate",PRIMARY_SOURCE_MISSING,YELLOW,"{'handle': 'vendor_b', 'follower_count': 'vendor_b', 'reach_rate': 'vendor_b', 'growth_rate': 'vendor_b', 'meaningful_eng_rate': 'vendor_b'}",,vendor_b,vendor_a has no record for this channel; filled from vendor_b (fallback).,No action needed. Tracked to monitor vendor coverage.,auto,[],,,,,,,
Q00340,CR00546,instagram,"handle, follower_count, reach_rate, growth_rate",PRIMARY_SOURCE_MISSING,YELLOW,"{'handle': 'vendor_b', 'follower_count': 'vendor_b', 'reach_rate': 'vendor_b', 'growth_rate': 'vendor_b'}",,vendor_b,vendor_a has no record for this channel; filled from vendor_b (fallback).,No action needed. Tracked to monitor vendor coverage.,auto,[],,,,,,,
Q00341,CR00546,tiktok,"handle, follower_count, reach_rate, growth_rate, meaningful_eng_rate",PRIMARY_SOURCE_MISSING,YELLOW,"{'handle': 'vendor_b', 'follower_count': 'vendor_b', 'reach_rate': 'vendor_b', 'growth_rate': 'vendor_b', 'meaningful_eng_rate': 'vendor_b'}",,vendor_b,vendor_a has no record for this channel; filled from vendor_b (fallback).,No action needed. Tracked to monitor vendor coverage.,auto,[],,,,,,,
Q00342,CR00550,instagram,"handle, follower_count, reach_rate, growth_rate, meaningful_eng_rate",PRIMARY_SOURCE_MISSING,YELLOW,"{'handle': 'vendor_b', 'follower_count': 'vendor_b', 'reach_rate': 'vendor_b', 'growth_rate': 'vendor_b', 'meaningful_eng_rate': 'vendor_b'}",,vendor_b,vendor_a has no record for this channel; filled from vendor_b (fallback).,No action needed. Tracked to monitor vendor coverage.,auto,[],,,,,,,
Q00343,CR00550,tiktok,"handle, follower_count, reach_rate, growth_rate, meaningful_eng_rate",PRIMARY_SOURCE_MISSING,YELLOW,"{'handle': 'vendor_b', 'follower_count': 'vendor_b', 'reach_rate': 'vendor_b', 'growth_rate': 'vendor_b', 'meaningful_eng_rate': 'vendor_b'}",,vendor_b,vendor_a has no record for this channel; filled from vendor_b (fallback).,No action needed. Tracked to monitor vendor coverage.,auto,[],,,,,,,
Q00344,CR00552,tiktok,"handle, follower_count, reach_rate, growth_rate",PRIMARY_SOURCE_MISSING,YELLOW,"{'handle': 'vendor_c', 'follower_count': 'vendor_c', 'reach_rate': 'vendor_c', 'growth_rate': 'vendor_c'}",,vendor_c,vendor_a has no record for this channel; filled from vendor_c (fallback).,No action needed. Tracked to monitor vendor coverage.,auto,[],,,,,,,
Q00345,CR00553,tiktok,"handle, follower_count, growth_rate",PRIMARY_SOURCE_MISSING,YELLOW,"{'handle': 'vendor_b', 'follower_count': 'vendor_b', 'growth_rate': 'vendor_b'}",,vendor_b,vendor_a has no record for this channel; filled from vendor_b (fallback).,No action needed. Tracked to monitor vendor coverage.,auto,[],,,,,,,
Q00346,CR00557,instagram,"handle, follower_count, reach_rate, growth_rate, meaningful_eng_rate",PRIMARY_SOURCE_MISSING,YELLOW,"{'handle': 'vendor_b', 'follower_count': 'vendor_b', 'reach_rate': 'vendor_b', 'growth_rate': 'vendor_b', 'meaningful_eng_rate': 'vendor_b'}",,vendor_b,vendor_a has no record for this channel; filled from vendor_b (fallback).,No action needed. Tracked to monitor vendor coverage.,auto,[],,,,,,,
Q00347,CR00557,youtube,"handle, follower_count, reach_rate, growth_rate, meaningful_eng_rate",PRIMARY_SOURCE_MISSING,YELLOW,"{'handle': 'vendor_c', 'follower_count': 'vendor_c', 'reach_rate': 'vendor_c', 'growth_rate': 'vendor_c', 'meaningful_eng_rate': 'vendor_c'}",,vendor_c,vendor_a's record is stale; filled from vendor_c (fallback).,No action needed. Tracked to monitor vendor coverage.,auto,[],,,,,,,
Q00348,CR00559,instagram,"follower_count, reach_rate, growth_rate, meaningful_eng_rate",PRIMARY_SOURCE_MISSING,YELLOW,"{'follower_count': 'vendor_b', 'reach_rate': 'vendor_b', 'growth_rate': 'vendor_b', 'meaningful_eng_rate': 'vendor_b'}",,vendor_b,vendor_a has no record for this channel; filled from vendor_b (fallback).,No action needed. Tracked to monitor vendor coverage.,auto,[],,,,,,,
Q00349,CR00566,tiktok,"handle, follower_count, reach_rate, growth_rate, meaningful_eng_rate",PRIMARY_SOURCE_MISSING,YELLOW,"{'handle': 'vendor_b', 'follower_count': 'vendor_b', 'reach_rate': 'vendor_b', 'growth_rate': 'vendor_b', 'meaningful_eng_rate': 'vendor_b'}",,vendor_b,vendor_a's record is stale; filled from vendor_b (fallback).,No action needed. Tracked to monitor vendor coverage.,auto,[],,,,,,,
Q00350,CR00569,instagram,"handle, follower_count, reach_rate, growth_rate, meaningful_eng_rate",PRIMARY_SOURCE_MISSING,YELLOW,"{'handle': 'vendor_b', 'follower_count': 'vendor_b', 'reach_rate': 'vendor_b', 'growth_rate': 'vendor_b', 'meaningful_eng_rate': 'vendor_b'}",,vendor_b,vendor_a has no record for this channel; filled from vendor_b (fallback).,No action needed. Tracked to monitor vendor coverage.,auto,[],,,,,,,
Q00351,CR00569,tiktok,"handle, follower_count, reach_rate, growth_rate",PRIMARY_SOURCE_MISSING,YELLOW,"{'handle': 'vendor_c', 'follower_count': 'vendor_c', 'reach_rate': 'vendor_c', 'growth_rate': 'vendor_c'}",,vendor_c,vendor_a has no record for this channel; filled from vendor_c (fallback).,No action needed. Tracked to monitor vendor coverage.,auto,[],,,,,,,
Q00352,CR00570,tiktok,"handle, follower_count, reach_rate, growth_rate, meaningful_eng_rate",PRIMARY_SOURCE_MISSING,YELLOW,"{'handle': 'vendor_b', 'follower_count': 'vendor_b', 'reach_rate': 'vendor_b', 'growth_rate': 'vendor_b', 'meaningful_eng_rate': 'vendor_b'}",,vendor_b,vendor_a has no record for this channel; filled from vendor_b (fallback).,No action needed. Tracked to monitor vendor coverage.,auto,[],,,,,,,
Q00353,CR00571,tiktok,"handle, follower_count, reach_rate, meaningful_eng_rate",PRIMARY_SOURCE_MISSING,YELLOW,"{'handle': 'vendor_b', 'follower_count': 'vendor_b', 'reach_rate': 'vendor_b', 'meaningful_eng_rate': 'vendor_b'}",,vendor_b,vendor_a has no record for this channel; filled from vendor_b (fallback).,No action needed. Tracked to monitor vendor coverage.,auto,[],,,,,,,
Q00354,CR00573,tiktok,"handle, follower_count, reach_rate",PRIMARY_SOURCE_MISSING,YELLOW,"{'handle': 'vendor_b', 'follower_count': 'vendor_b', 'reach_rate': 'vendor_b'}",,vendor_b,vendor_a has no record for this channel; filled from vendor_b (fallback).,No action needed. Tracked to monitor vendor coverage.,auto,[],,,,,,,
Q00355,CR00574,tiktok,"handle, follower_count, reach_rate, growth_rate, meaningful_eng_rate",PRIMARY_SOURCE_MISSING,YELLOW,"{'handle': 'vendor_b', 'follower_count': 'vendor_b', 'reach_rate': 'vendor_b', 'growth_rate': 'vendor_b', 'meaningful_eng_rate': 'vendor_b'}",,vendor_b,vendor_a has no record for this channel; filled from vendor_b (fallback).,No action needed. Tracked to monitor vendor coverage.,auto,[],,,,,,,
Q00356,CR00576,instagram,"follower_count, reach_rate, growth_rate",PRIMARY_SOURCE_MISSING,YELLOW,"{'follower_count': 'vendor_b', 'reach_rate': 'vendor_b', 'growth_rate': 'vendor_b'}",,vendor_b,"vendor_a's record lacks a valid value for follower_count, reach_rate, growth_rate; filled from vendor_b (fallback).",No action needed. Tracked to monitor vendor coverage.,auto,[],,,,,,,
Q00357,CR00576,tiktok,"handle, follower_count, reach_rate, growth_rate",PRIMARY_SOURCE_MISSING,YELLOW,"{'handle': 'vendor_c', 'follower_count': 'vendor_c', 'reach_rate': 'vendor_c', 'growth_rate': 'vendor_c'}",,vendor_c,vendor_a has no record for this channel; filled from vendor_c (fallback).,No action needed. Tracked to monitor vendor coverage.,auto,[],,,,,,,
Q00358,CR00581,youtube,"handle, follower_count, reach_rate, growth_rate",PRIMARY_SOURCE_MISSING,YELLOW,"{'handle': 'vendor_b', 'follower_count': 'vendor_b', 'reach_rate': 'vendor_b', 'growth_rate': 'vendor_b'}",,vendor_b,vendor_a's record is stale; filled from vendor_b (fallback).,No action needed. Tracked to monitor vendor coverage.,auto,[],,,,,,,
Q00359,CR00583,instagram,"handle, follower_count, reach_rate, growth_rate, meaningful_eng_rate",PRIMARY_SOURCE_MISSING,YELLOW,"{'handle': 'vendor_b', 'follower_count': 'vendor_b', 'reach_rate': 'vendor_b', 'growth_rate': 'vendor_b', 'meaningful_eng_rate': 'vendor_b'}",,vendor_b,vendor_a has no record for this channel; filled from vendor_b (fallback).,No action needed. Tracked to monitor vendor coverage.,auto,[],,,,,,,
Q00360,CR00583,tiktok,"handle, follower_count, reach_rate, growth_rate, meaningful_eng_rate",PRIMARY_SOURCE_MISSING,YELLOW,"{'handle': 'vendor_b', 'follower_count': 'vendor_b', 'reach_rate': 'vendor_b', 'growth_rate': 'vendor_b', 'meaningful_eng_rate': 'vendor_b'}",,vendor_b,vendor_a has no record for this channel; filled from vendor_b (fallback).,No action needed. Tracked to monitor vendor coverage.,auto,[],,,,,,,
Q00361,CR00584,tiktok,handle,PRIMARY_SOURCE_MISSING,YELLOW,{'handle': 'vendor_c'},,vendor_c,vendor_a has no record for this channel; filled from vendor_c (fallback).,No action needed. Tracked to monitor vendor coverage.,auto,[],,,,,,,
Q00362,CR00587,instagram,"handle, follower_count, reach_rate, growth_rate",PRIMARY_SOURCE_MISSING,YELLOW,"{'handle': 'vendor_b', 'follower_count': 'vendor_b', 'reach_rate': 'vendor_b', 'growth_rate': 'vendor_b'}",,vendor_b,vendor_a has no record for this channel; filled from vendor_b (fallback).,No action needed. Tracked to monitor vendor coverage.,auto,[],,,,,,,
Q00363,CR00587,tiktok,"handle, follower_count, reach_rate, growth_rate, meaningful_eng_rate",PRIMARY_SOURCE_MISSING,YELLOW,"{'handle': 'vendor_b', 'follower_count': 'vendor_b', 'reach_rate': 'vendor_b', 'growth_rate': 'vendor_b', 'meaningful_eng_rate': 'vendor_b'}",,vendor_b,vendor_a has no record for this channel; filled from vendor_b (fallback).,No action needed. Tracked to monitor vendor coverage.,auto,[],,,,,,,
Q00364,CR00593,instagram,"handle, follower_count, reach_rate",PRIMARY_SOURCE_MISSING,YELLOW,"{'handle': 'vendor_c', 'follower_count': 'vendor_c', 'reach_rate': 'vendor_c'}",,vendor_c,vendor_a has no record for this channel; filled from vendor_c (fallback).,No action needed. Tracked to monitor vendor coverage.,auto,[],,,,,,,
Q00365,CR00593,tiktok,"handle, follower_count, reach_rate",PRIMARY_SOURCE_MISSING,YELLOW,"{'handle': 'vendor_b', 'follower_count': 'vendor_b', 'reach_rate': 'vendor_b'}",,vendor_b,vendor_a has no record for this channel; filled from vendor_b (fallback).,No action needed. Tracked to monitor vendor coverage.,auto,[],,,,,,,
Q00366,CR00596,instagram,handle,PRIMARY_SOURCE_MISSING,YELLOW,{'handle': 'vendor_b'},,vendor_b,vendor_a has no record for this channel; filled from vendor_b (fallback).,No action needed. Tracked to monitor vendor coverage.,auto,[],,,,,,,
Q00367,CR00596,youtube,"handle, follower_count, growth_rate, meaningful_eng_rate",PRIMARY_SOURCE_MISSING,YELLOW,"{'handle': 'vendor_b', 'follower_count': 'vendor_b', 'growth_rate': 'vendor_b', 'meaningful_eng_rate': 'vendor_b'}",,vendor_b,vendor_a's record is stale; filled from vendor_b (fallback).,No action needed. Tracked to monitor vendor coverage.,auto,[],,,,,,,
Q00368,CR00598,tiktok,"handle, follower_count, growth_rate",PRIMARY_SOURCE_MISSING,YELLOW,"{'handle': 'vendor_b', 'follower_count': 'vendor_b', 'growth_rate': 'vendor_b'}",,vendor_b,vendor_a has no record for this channel; filled from vendor_b (fallback).,No action needed. Tracked to monitor vendor coverage.,auto,[],,,,,,,
Q00369,CR00602,tiktok,"handle, follower_count, reach_rate, meaningful_eng_rate",PRIMARY_SOURCE_MISSING,YELLOW,"{'handle': 'vendor_b', 'follower_count': 'vendor_b', 'reach_rate': 'vendor_b', 'meaningful_eng_rate': 'vendor_b'}",,vendor_b,vendor_a has no record for this channel; filled from vendor_b (fallback).,No action needed. Tracked to monitor vendor coverage.,auto,[],,,,,,,
Q00370,CR00604,instagram,"handle, meaningful_eng_rate",PRIMARY_SOURCE_MISSING,YELLOW,"{'handle': 'vendor_b', 'meaningful_eng_rate': 'vendor_b'}",,vendor_b,vendor_a has no record for this channel; filled from vendor_b (fallback).,No action needed. Tracked to monitor vendor coverage.,auto,[],,,,,,,
Q00371,CR00604,tiktok,"handle, follower_count, reach_rate, growth_rate, meaningful_eng_rate",PRIMARY_SOURCE_MISSING,YELLOW,"{'handle': 'vendor_b', 'follower_count': 'vendor_b', 'reach_rate': 'vendor_b', 'growth_rate': 'vendor_b', 'meaningful_eng_rate': 'vendor_b'}",,vendor_b,vendor_a has no record for this channel; filled from vendor_b (fallback).,No action needed. Tracked to monitor vendor coverage.,auto,[],,,,,,,
Q00372,CR00605,instagram,"handle, follower_count, reach_rate, growth_rate, meaningful_eng_rate",PRIMARY_SOURCE_MISSING,YELLOW,"{'handle': 'vendor_b', 'follower_count': 'vendor_b', 'reach_rate': 'vendor_b', 'growth_rate': 'vendor_b', 'meaningful_eng_rate': 'vendor_b'}",,vendor_b,vendor_a has no record for this channel; filled from vendor_b (fallback).,No action needed. Tracked to monitor vendor coverage.,auto,[],,,,,,,
Q00373,CR00605,tiktok,"handle, follower_count, reach_rate, growth_rate, meaningful_eng_rate",PRIMARY_SOURCE_MISSING,YELLOW,"{'handle': 'vendor_b', 'follower_count': 'vendor_b', 'reach_rate': 'vendor_b', 'growth_rate': 'vendor_b', 'meaningful_eng_rate': 'vendor_b'}",,vendor_b,vendor_a has no record for this channel; filled from vendor_b (fallback).,No action needed. Tracked to monitor vendor coverage.,auto,[],,,,,,,
Q00374,CR00609,instagram,"handle, follower_count, reach_rate, growth_rate",PRIMARY_SOURCE_MISSING,YELLOW,"{'handle': 'vendor_b', 'follower_count': 'vendor_b', 'reach_rate': 'vendor_b', 'growth_rate': 'vendor_b'}",,vendor_b,vendor_a has no record for this channel; filled from vendor_b (fallback).,No action needed. Tracked to monitor vendor coverage.,auto,[],,,,,,,
Q00375,CR00609,tiktok,"handle, follower_count, growth_rate",PRIMARY_SOURCE_MISSING,YELLOW,"{'handle': 'vendor_c', 'follower_count': 'vendor_c', 'growth_rate': 'vendor_c'}",,vendor_c,vendor_a's record is stale; filled from vendor_c (fallback).,No action needed. Tracked to monitor vendor coverage.,auto,[],,,,,,,
Q00376,CR00610,instagram,"handle, follower_count, reach_rate, growth_rate, meaningful_eng_rate",PRIMARY_SOURCE_MISSING,YELLOW,"{'handle': 'vendor_b', 'follower_count': 'vendor_b', 'reach_rate': 'vendor_b', 'growth_rate': 'vendor_b', 'meaningful_eng_rate': 'vendor_b'}",,vendor_b,vendor_a has no record for this channel; filled from vendor_b (fallback).,No action needed. Tracked to monitor vendor coverage.,auto,[],,,,,,,
Q00377,CR00613,instagram,"handle, follower_count, reach_rate, growth_rate, meaningful_eng_rate",PRIMARY_SOURCE_MISSING,YELLOW,"{'handle': 'vendor_b', 'follower_count': 'vendor_b', 'reach_rate': 'vendor_b', 'growth_rate': 'vendor_b', 'meaningful_eng_rate': 'vendor_b'}",,vendor_b,vendor_a has no record for this channel; filled from vendor_b (fallback).,No action needed. Tracked to monitor vendor coverage.,auto,[],,,,,,,
Q00378,CR00613,tiktok,"handle, meaningful_eng_rate",PRIMARY_SOURCE_MISSING,YELLOW,"{'handle': 'vendor_b', 'meaningful_eng_rate': 'vendor_b'}",,vendor_b,vendor_a has no record for this channel; filled from vendor_b (fallback).,No action needed. Tracked to monitor vendor coverage.,auto,[],,,,,,,
Q00379,CR00615,instagram,"handle, follower_count, reach_rate",PRIMARY_SOURCE_MISSING,YELLOW,"{'handle': 'vendor_b', 'follower_count': 'vendor_b', 'reach_rate': 'vendor_b'}",,vendor_b,vendor_a's record is stale; filled from vendor_b (fallback).,No action needed. Tracked to monitor vendor coverage.,auto,[],,,,,,,
Q00380,CR00615,tiktok,"handle, follower_count, reach_rate, growth_rate",PRIMARY_SOURCE_MISSING,YELLOW,"{'handle': 'vendor_c', 'follower_count': 'vendor_c', 'reach_rate': 'vendor_c', 'growth_rate': 'vendor_c'}",,vendor_c,vendor_a has no record for this channel; filled from vendor_c (fallback).,No action needed. Tracked to monitor vendor coverage.,auto,[],,,,,,,
Q00381,CR00616,instagram,"handle, follower_count, reach_rate, growth_rate",PRIMARY_SOURCE_MISSING,YELLOW,"{'handle': 'vendor_c', 'follower_count': 'vendor_b', 'reach_rate': 'vendor_b', 'growth_rate': 'vendor_b'}",,"vendor_b, vendor_c","vendor_a has no record for this channel; filled from vendor_b, vendor_c (fallback).",No action needed. Tracked to monitor vendor coverage.,auto,[],,,,,,,
Q00382,CR00616,tiktok,"handle, follower_count, reach_rate, growth_rate, meaningful_eng_rate",PRIMARY_SOURCE_MISSING,YELLOW,"{'handle': 'vendor_c', 'follower_count': 'vendor_b', 'reach_rate': 'vendor_b', 'growth_rate': 'vendor_b', 'meaningful_eng_rate': 'vendor_b'}",,"vendor_b, vendor_c","vendor_a has no record for this channel; filled from vendor_b, vendor_c (fallback).",No action needed. Tracked to monitor vendor coverage.,auto,[],,,,,,,
Q00383,CR00618,tiktok,"handle, follower_count, reach_rate, growth_rate",PRIMARY_SOURCE_MISSING,YELLOW,"{'handle': 'vendor_b', 'follower_count': 'vendor_b', 'reach_rate': 'vendor_b', 'growth_rate': 'vendor_b'}",,vendor_b,vendor_a has no record for this channel; filled from vendor_b (fallback).,No action needed. Tracked to monitor vendor coverage.,auto,[],,,,,,,
Q00384,CR00621,instagram,"handle, follower_count, reach_rate, growth_rate",PRIMARY_SOURCE_MISSING,YELLOW,"{'handle': 'vendor_c', 'follower_count': 'vendor_c', 'reach_rate': 'vendor_c', 'growth_rate': 'vendor_c'}",,vendor_c,vendor_a has no record for this channel; filled from vendor_c (fallback).,No action needed. Tracked to monitor vendor coverage.,auto,[],,,,,,,
Q00385,CR00621,tiktok,"handle, follower_count, reach_rate, growth_rate",PRIMARY_SOURCE_MISSING,YELLOW,"{'handle': 'vendor_b', 'follower_count': 'vendor_b', 'reach_rate': 'vendor_b', 'growth_rate': 'vendor_b'}",,vendor_b,vendor_a has no record for this channel; filled from vendor_b (fallback).,No action needed. Tracked to monitor vendor coverage.,auto,[],,,,,,,
Q00386,CR00621,youtube,meaningful_eng_rate,PRIMARY_SOURCE_MISSING,YELLOW,{'meaningful_eng_rate': 'vendor_b'},,vendor_b,vendor_a's record lacks a valid value for meaningful_eng_rate; filled from vendor_b (fallback).,No action needed. Tracked to monitor vendor coverage.,auto,[],,,,,,,
Q00387,CR00622,tiktok,"handle, follower_count, reach_rate, growth_rate",PRIMARY_SOURCE_MISSING,YELLOW,"{'handle': 'vendor_b', 'follower_count': 'vendor_b', 'reach_rate': 'vendor_b', 'growth_rate': 'vendor_b'}",,vendor_b,vendor_a has no record for this channel; filled from vendor_b (fallback).,No action needed. Tracked to monitor vendor coverage.,auto,[],,,,,,,
Q00388,CR00622,youtube,growth_rate,PRIMARY_SOURCE_MISSING,YELLOW,{'growth_rate': 'vendor_b'},,vendor_b,vendor_a's record lacks a valid value for growth_rate; filled from vendor_b (fallback).,No action needed. Tracked to monitor vendor coverage.,auto,[],,,,,,,
Q00389,CR00624,tiktok,"handle, follower_count, reach_rate, growth_rate, meaningful_eng_rate",PRIMARY_SOURCE_MISSING,YELLOW,"{'handle': 'vendor_b', 'follower_count': 'vendor_b', 'reach_rate': 'vendor_b', 'growth_rate': 'vendor_b', 'meaningful_eng_rate': 'vendor_b'}",,vendor_b,vendor_a has no record for this channel; filled from vendor_b (fallback).,No action needed. Tracked to monitor vendor coverage.,auto,[],,,,,,,
Q00390,CR00625,tiktok,"handle, follower_count, reach_rate, growth_rate, meaningful_eng_rate",PRIMARY_SOURCE_MISSING,YELLOW,"{'handle': 'vendor_b', 'follower_count': 'vendor_b', 'reach_rate': 'vendor_b', 'growth_rate': 'vendor_b', 'meaningful_eng_rate': 'vendor_b'}",,vendor_b,vendor_a has no record for this channel; filled from vendor_b (fallback).,No action needed. Tracked to monitor vendor coverage.,auto,[],,,,,,,
Q00391,CR00627,youtube,"handle, follower_count, reach_rate, growth_rate, meaningful_eng_rate",PRIMARY_SOURCE_MISSING,YELLOW,"{'handle': 'vendor_b', 'follower_count': 'vendor_b', 'reach_rate': 'vendor_b', 'growth_rate': 'vendor_b', 'meaningful_eng_rate': 'vendor_b'}",,vendor_b,vendor_a's record is stale; filled from vendor_b (fallback).,No action needed. Tracked to monitor vendor coverage.,auto,[],,,,,,,
Q00392,CR00628,instagram,"handle, follower_count, reach_rate",PRIMARY_SOURCE_MISSING,YELLOW,"{'handle': 'vendor_b', 'follower_count': 'vendor_b', 'reach_rate': 'vendor_b'}",,vendor_b,vendor_a has no record for this channel; filled from vendor_b (fallback).,No action needed. Tracked to monitor vendor coverage.,auto,[],,,,,,,
Q00393,CR00631,tiktok,"handle, follower_count, reach_rate, growth_rate, meaningful_eng_rate",PRIMARY_SOURCE_MISSING,YELLOW,"{'handle': 'vendor_b', 'follower_count': 'vendor_b', 'reach_rate': 'vendor_b', 'growth_rate': 'vendor_b', 'meaningful_eng_rate': 'vendor_b'}",,vendor_b,vendor_a has no record for this channel; filled from vendor_b (fallback).,No action needed. Tracked to monitor vendor coverage.,auto,[],,,,,,,
Q00394,CR00634,tiktok,"handle, follower_count, reach_rate, growth_rate, meaningful_eng_rate",PRIMARY_SOURCE_MISSING,YELLOW,"{'handle': 'vendor_b', 'follower_count': 'vendor_b', 'reach_rate': 'vendor_b', 'growth_rate': 'vendor_b', 'meaningful_eng_rate': 'vendor_b'}",,vendor_b,vendor_a has no record for this channel; filled from vendor_b (fallback).,No action needed. Tracked to monitor vendor coverage.,auto,[],,,,,,,
Q00395,CR00635,instagram,"handle, follower_count, reach_rate, growth_rate",PRIMARY_SOURCE_MISSING,YELLOW,"{'handle': 'vendor_c', 'follower_count': 'vendor_c', 'reach_rate': 'vendor_c', 'growth_rate': 'vendor_c'}",,vendor_c,vendor_a has no record for this channel; filled from vendor_c (fallback).,No action needed. Tracked to monitor vendor coverage.,auto,[],,,,,,,
Q00396,CR00641,tiktok,"handle, follower_count, reach_rate, growth_rate, meaningful_eng_rate",PRIMARY_SOURCE_MISSING,YELLOW,"{'handle': 'vendor_b', 'follower_count': 'vendor_b', 'reach_rate': 'vendor_b', 'growth_rate': 'vendor_b', 'meaningful_eng_rate': 'vendor_b'}",,vendor_b,vendor_a has no record for this channel; filled from vendor_b (fallback).,No action needed. Tracked to monitor vendor coverage.,auto,[],,,,,,,
Q00397,CR00645,instagram,"handle, follower_count, reach_rate, meaningful_eng_rate",PRIMARY_SOURCE_MISSING,YELLOW,"{'handle': 'vendor_b', 'follower_count': 'vendor_b', 'reach_rate': 'vendor_b', 'meaningful_eng_rate': 'vendor_b'}",,vendor_b,vendor_a has no record for this channel; filled from vendor_b (fallback).,No action needed. Tracked to monitor vendor coverage.,auto,[],,,,,,,
Q00398,CR00645,tiktok,"handle, follower_count, reach_rate, growth_rate, meaningful_eng_rate",PRIMARY_SOURCE_MISSING,YELLOW,"{'handle': 'vendor_b', 'follower_count': 'vendor_b', 'reach_rate': 'vendor_b', 'growth_rate': 'vendor_b', 'meaningful_eng_rate': 'vendor_b'}",,vendor_b,vendor_a has no record for this channel; filled from vendor_b (fallback).,No action needed. Tracked to monitor vendor coverage.,auto,[],,,,,,,
Q00399,CR00648,tiktok,handle,PRIMARY_SOURCE_MISSING,YELLOW,{'handle': 'vendor_c'},,vendor_c,vendor_a has no record for this channel; filled from vendor_c (fallback).,No action needed. Tracked to monitor vendor coverage.,auto,[],,,,,,,
Q00400,CR00657,tiktok,"handle, follower_count, reach_rate, growth_rate, meaningful_eng_rate",PRIMARY_SOURCE_MISSING,YELLOW,"{'handle': 'vendor_b', 'follower_count': 'vendor_b', 'reach_rate': 'vendor_b', 'growth_rate': 'vendor_b', 'meaningful_eng_rate': 'vendor_b'}",,vendor_b,vendor_a has no record for this channel; filled from vendor_b (fallback).,No action needed. Tracked to monitor vendor coverage.,auto,[],,,,,,,
Q00401,CR00661,tiktok,"handle, follower_count, reach_rate, growth_rate",PRIMARY_SOURCE_MISSING,YELLOW,"{'handle': 'vendor_c', 'follower_count': 'vendor_c', 'reach_rate': 'vendor_c', 'growth_rate': 'vendor_c'}",,vendor_c,vendor_a has no record for this channel; filled from vendor_c (fallback).,No action needed. Tracked to monitor vendor coverage.,auto,[],,,,,,,
Q00402,CR00669,instagram,"handle, follower_count, reach_rate, growth_rate",PRIMARY_SOURCE_MISSING,YELLOW,"{'handle': 'vendor_c', 'follower_count': 'vendor_c', 'reach_rate': 'vendor_c', 'growth_rate': 'vendor_c'}",,vendor_c,vendor_a has no record for this channel; filled from vendor_c (fallback).,No action needed. Tracked to monitor vendor coverage.,auto,[],,,,,,,
Q00403,CR00670,tiktok,"follower_count, reach_rate, growth_rate",PRIMARY_SOURCE_MISSING,YELLOW,"{'follower_count': 'vendor_c', 'reach_rate': 'vendor_c', 'growth_rate': 'vendor_c'}",,vendor_c,vendor_a has no record for this channel; filled from vendor_c (fallback).,No action needed. Tracked to monitor vendor coverage.,auto,[],,,,,,,
Q00404,CR00670,youtube,"handle, follower_count, growth_rate, meaningful_eng_rate",PRIMARY_SOURCE_MISSING,YELLOW,"{'handle': 'vendor_c', 'follower_count': 'vendor_c', 'growth_rate': 'vendor_c', 'meaningful_eng_rate': 'vendor_c'}",,vendor_c,vendor_a has no record for this channel; filled from vendor_c (fallback).,No action needed. Tracked to monitor vendor coverage.,auto,[],,,,,,,
Q00405,CR00673,youtube,"follower_count, reach_rate, growth_rate",PRIMARY_SOURCE_MISSING,YELLOW,"{'follower_count': 'vendor_b', 'reach_rate': 'vendor_b', 'growth_rate': 'vendor_b'}",,vendor_b,"vendor_a's record lacks a valid value for follower_count, reach_rate, growth_rate; filled from vendor_b (fallback).",No action needed. Tracked to monitor vendor coverage.,auto,[],,,,,,,
Q00406,CR00674,youtube,"handle, follower_count, reach_rate, growth_rate, meaningful_eng_rate",PRIMARY_SOURCE_MISSING,YELLOW,"{'handle': 'vendor_c', 'follower_count': 'vendor_c', 'reach_rate': 'vendor_c', 'growth_rate': 'vendor_c', 'meaningful_eng_rate': 'vendor_c'}",,vendor_c,vendor_a has no record for this channel; filled from vendor_c (fallback).,No action needed. Tracked to monitor vendor coverage.,auto,[],,,,,,,
Q00407,CR00676,tiktok,"handle, follower_count, reach_rate, growth_rate, meaningful_eng_rate",PRIMARY_SOURCE_MISSING,YELLOW,"{'handle': 'vendor_b', 'follower_count': 'vendor_b', 'reach_rate': 'vendor_b', 'growth_rate': 'vendor_b', 'meaningful_eng_rate': 'vendor_b'}",,vendor_b,vendor_a has no record for this channel; filled from vendor_b (fallback).,No action needed. Tracked to monitor vendor coverage.,auto,[],,,,,,,
Q00408,CR00676,youtube,"handle, follower_count, reach_rate, growth_rate, meaningful_eng_rate",PRIMARY_SOURCE_MISSING,YELLOW,"{'handle': 'vendor_c', 'follower_count': 'vendor_c', 'reach_rate': 'vendor_c', 'growth_rate': 'vendor_c', 'meaningful_eng_rate': 'vendor_c'}",,vendor_c,vendor_a has no record for this channel; filled from vendor_c (fallback).,No action needed. Tracked to monitor vendor coverage.,auto,[],,,,,,,
Q00409,CR00680,tiktok,"handle, follower_count, reach_rate, growth_rate, meaningful_eng_rate",PRIMARY_SOURCE_MISSING,YELLOW,"{'handle': 'vendor_b', 'follower_count': 'vendor_b', 'reach_rate': 'vendor_b', 'growth_rate': 'vendor_b', 'meaningful_eng_rate': 'vendor_b'}",,vendor_b,vendor_a has no record for this channel; filled from vendor_b (fallback).,No action needed. Tracked to monitor vendor coverage.,auto,[],,,,,,,
Q00410,CR00681,tiktok,"handle, follower_count, reach_rate, growth_rate, meaningful_eng_rate",PRIMARY_SOURCE_MISSING,YELLOW,"{'handle': 'vendor_b', 'follower_count': 'vendor_b', 'reach_rate': 'vendor_b', 'growth_rate': 'vendor_b', 'meaningful_eng_rate': 'vendor_b'}",,vendor_b,vendor_a has no record for this channel; filled from vendor_b (fallback).,No action needed. Tracked to monitor vendor coverage.,auto,[],,,,,,,
Q00411,CR00684,instagram,handle,PRIMARY_SOURCE_MISSING,YELLOW,{'handle': 'vendor_c'},,vendor_c,vendor_a's record lacks a valid value for handle; filled from vendor_c (fallback).,No action needed. Tracked to monitor vendor coverage.,auto,[],,,,,,,
Q00412,CR00684,tiktok,"handle, follower_count, reach_rate, growth_rate",PRIMARY_SOURCE_MISSING,YELLOW,"{'handle': 'vendor_b', 'follower_count': 'vendor_b', 'reach_rate': 'vendor_b', 'growth_rate': 'vendor_b'}",,vendor_b,vendor_a has no record for this channel; filled from vendor_b (fallback).,No action needed. Tracked to monitor vendor coverage.,auto,[],,,,,,,
Q00413,CR00686,tiktok,"handle, follower_count, reach_rate, growth_rate, meaningful_eng_rate",PRIMARY_SOURCE_MISSING,YELLOW,"{'handle': 'vendor_b', 'follower_count': 'vendor_b', 'reach_rate': 'vendor_b', 'growth_rate': 'vendor_b', 'meaningful_eng_rate': 'vendor_b'}",,vendor_b,vendor_a has no record for this channel; filled from vendor_b (fallback).,No action needed. Tracked to monitor vendor coverage.,auto,[],,,,,,,
Q00414,CR00687,instagram,"handle, follower_count, reach_rate, growth_rate, meaningful_eng_rate",PRIMARY_SOURCE_MISSING,YELLOW,"{'handle': 'vendor_b', 'follower_count': 'vendor_b', 'reach_rate': 'vendor_b', 'growth_rate': 'vendor_b', 'meaningful_eng_rate': 'vendor_b'}",,vendor_b,vendor_a has no record for this channel; filled from vendor_b (fallback).,No action needed. Tracked to monitor vendor coverage.,auto,[],,,,,,,
Q00415,CR00687,tiktok,"handle, follower_count, reach_rate, meaningful_eng_rate",PRIMARY_SOURCE_MISSING,YELLOW,"{'handle': 'vendor_b', 'follower_count': 'vendor_b', 'reach_rate': 'vendor_b', 'meaningful_eng_rate': 'vendor_b'}",,vendor_b,vendor_a has no record for this channel; filled from vendor_b (fallback).,No action needed. Tracked to monitor vendor coverage.,auto,[],,,,,,,
Q00416,CR00688,tiktok,"handle, follower_count, reach_rate, growth_rate, meaningful_eng_rate",PRIMARY_SOURCE_MISSING,YELLOW,"{'handle': 'vendor_b', 'follower_count': 'vendor_b', 'reach_rate': 'vendor_b', 'growth_rate': 'vendor_b', 'meaningful_eng_rate': 'vendor_b'}",,vendor_b,vendor_a has no record for this channel; filled from vendor_b (fallback).,No action needed. Tracked to monitor vendor coverage.,auto,[],,,,,,,
Q00417,CR00689,instagram,"handle, follower_count, reach_rate, meaningful_eng_rate",PRIMARY_SOURCE_MISSING,YELLOW,"{'handle': 'vendor_b', 'follower_count': 'vendor_b', 'reach_rate': 'vendor_b', 'meaningful_eng_rate': 'vendor_b'}",,vendor_b,vendor_a has no record for this channel; filled from vendor_b (fallback).,No action needed. Tracked to monitor vendor coverage.,auto,[],,,,,,,
Q00418,CR00689,tiktok,handle,PRIMARY_SOURCE_MISSING,YELLOW,{'handle': 'vendor_b'},,vendor_b,vendor_a has no record for this channel; filled from vendor_b (fallback).,No action needed. Tracked to monitor vendor coverage.,auto,[],,,,,,,
Q00419,CR00692,instagram,handle,PRIMARY_SOURCE_MISSING,YELLOW,{'handle': 'vendor_c'},,vendor_c,vendor_a has no record for this channel; filled from vendor_c (fallback).,No action needed. Tracked to monitor vendor coverage.,auto,[],,,,,,,
Q00420,CR00694,tiktok,"handle, follower_count, reach_rate, growth_rate",PRIMARY_SOURCE_MISSING,YELLOW,"{'handle': 'vendor_b', 'follower_count': 'vendor_b', 'reach_rate': 'vendor_b', 'growth_rate': 'vendor_b'}",,vendor_b,vendor_a has no record for this channel; filled from vendor_b (fallback).,No action needed. Tracked to monitor vendor coverage.,auto,[],,,,,,,
Q00421,CR00696,instagram,"handle, follower_count, reach_rate, growth_rate, meaningful_eng_rate",PRIMARY_SOURCE_MISSING,YELLOW,"{'handle': 'vendor_b', 'follower_count': 'vendor_b', 'reach_rate': 'vendor_b', 'growth_rate': 'vendor_b', 'meaningful_eng_rate': 'vendor_b'}",,vendor_b,vendor_a's record is stale; filled from vendor_b (fallback).,No action needed. Tracked to monitor vendor coverage.,auto,[],,,,,,,
Q00422,CR00696,tiktok,"handle, follower_count, reach_rate, growth_rate, meaningful_eng_rate",PRIMARY_SOURCE_MISSING,YELLOW,"{'handle': 'vendor_b', 'follower_count': 'vendor_b', 'reach_rate': 'vendor_b', 'growth_rate': 'vendor_b', 'meaningful_eng_rate': 'vendor_b'}",,vendor_b,vendor_a has no record for this channel; filled from vendor_b (fallback).,No action needed. Tracked to monitor vendor coverage.,auto,[],,,,,,,
Q00423,CR00697,instagram,"handle, follower_count, reach_rate, growth_rate, meaningful_eng_rate",PRIMARY_SOURCE_MISSING,YELLOW,"{'handle': 'vendor_b', 'follower_count': 'vendor_b', 'reach_rate': 'vendor_b', 'growth_rate': 'vendor_b', 'meaningful_eng_rate': 'vendor_b'}",,vendor_b,vendor_a has no record for this channel; filled from vendor_b (fallback).,No action needed. Tracked to monitor vendor coverage.,auto,[],,,,,,,
Q00424,CR00698,tiktok,"handle, follower_count, reach_rate, growth_rate",PRIMARY_SOURCE_MISSING,YELLOW,"{'handle': 'vendor_c', 'follower_count': 'vendor_c', 'reach_rate': 'vendor_c', 'growth_rate': 'vendor_c'}",,vendor_c,vendor_a has no record for this channel; filled from vendor_c (fallback).,No action needed. Tracked to monitor vendor coverage.,auto,[],,,,,,,
Q00425,CR00699,tiktok,"handle, follower_count, reach_rate, growth_rate, meaningful_eng_rate",PRIMARY_SOURCE_MISSING,YELLOW,"{'handle': 'vendor_b', 'follower_count': 'vendor_b', 'reach_rate': 'vendor_b', 'growth_rate': 'vendor_b', 'meaningful_eng_rate': 'vendor_b'}",,vendor_b,vendor_a has no record for this channel; filled from vendor_b (fallback).,No action needed. Tracked to monitor vendor coverage.,auto,[],,,,,,,
Q00426,CR00701,instagram,"handle, follower_count, reach_rate, growth_rate, meaningful_eng_rate",PRIMARY_SOURCE_MISSING,YELLOW,"{'handle': 'vendor_b', 'follower_count': 'vendor_b', 'reach_rate': 'vendor_b', 'growth_rate': 'vendor_b', 'meaningful_eng_rate': 'vendor_b'}",,vendor_b,vendor_a has no record for this channel; filled from vendor_b (fallback).,No action needed. Tracked to monitor vendor coverage.,auto,[],,,,,,,
Q00427,CR00701,tiktok,"handle, follower_count, reach_rate, growth_rate",PRIMARY_SOURCE_MISSING,YELLOW,"{'handle': 'vendor_b', 'follower_count': 'vendor_b', 'reach_rate': 'vendor_b', 'growth_rate': 'vendor_b'}",,vendor_b,vendor_a has no record for this channel; filled from vendor_b (fallback).,No action needed. Tracked to monitor vendor coverage.,auto,[],,,,,,,
Q00428,CR00702,instagram,"handle, follower_count, reach_rate, growth_rate",PRIMARY_SOURCE_MISSING,YELLOW,"{'handle': 'vendor_c', 'follower_count': 'vendor_c', 'reach_rate': 'vendor_c', 'growth_rate': 'vendor_c'}",,vendor_c,vendor_a has no record for this channel; filled from vendor_c (fallback).,No action needed. Tracked to monitor vendor coverage.,auto,[],,,,,,,
Q00429,CR00702,tiktok,"handle, follower_count, reach_rate, growth_rate, meaningful_eng_rate",PRIMARY_SOURCE_MISSING,YELLOW,"{'handle': 'vendor_b', 'follower_count': 'vendor_b', 'reach_rate': 'vendor_b', 'growth_rate': 'vendor_c', 'meaningful_eng_rate': 'vendor_b'}",,"vendor_b, vendor_c","vendor_a has no record for this channel; filled from vendor_b, vendor_c (fallback).",No action needed. Tracked to monitor vendor coverage.,auto,[],,,,,,,
Q00430,CR00703,tiktok,"handle, follower_count, reach_rate, growth_rate",PRIMARY_SOURCE_MISSING,YELLOW,"{'handle': 'vendor_b', 'follower_count': 'vendor_b', 'reach_rate': 'vendor_b', 'growth_rate': 'vendor_c'}",,"vendor_b, vendor_c","vendor_a has no record for this channel; filled from vendor_b, vendor_c (fallback).",No action needed. Tracked to monitor vendor coverage.,auto,[],,,,,,,
Q00431,CR00709,tiktok,"handle, meaningful_eng_rate",PRIMARY_SOURCE_MISSING,YELLOW,"{'handle': 'vendor_b', 'meaningful_eng_rate': 'vendor_b'}",,vendor_b,vendor_a has no record for this channel; filled from vendor_b (fallback).,No action needed. Tracked to monitor vendor coverage.,auto,[],,,,,,,
Q00432,CR00721,instagram,handle,PRIMARY_SOURCE_MISSING,YELLOW,{'handle': 'vendor_c'},,vendor_c,vendor_a has no record for this channel; filled from vendor_c (fallback).,No action needed. Tracked to monitor vendor coverage.,auto,[],,,,,,,
Q00433,CR00724,instagram,"handle, follower_count, reach_rate, growth_rate",PRIMARY_SOURCE_MISSING,YELLOW,"{'handle': 'vendor_b', 'follower_count': 'vendor_b', 'reach_rate': 'vendor_b', 'growth_rate': 'vendor_b'}",,vendor_b,vendor_a has no record for this channel; filled from vendor_b (fallback).,No action needed. Tracked to monitor vendor coverage.,auto,[],,,,,,,
Q00434,CR00724,tiktok,"handle, follower_count, reach_rate, growth_rate",PRIMARY_SOURCE_MISSING,YELLOW,"{'handle': 'vendor_b', 'follower_count': 'vendor_b', 'reach_rate': 'vendor_b', 'growth_rate': 'vendor_b'}",,vendor_b,vendor_a has no record for this channel; filled from vendor_b (fallback).,No action needed. Tracked to monitor vendor coverage.,auto,[],,,,,,,
Q00435,CR00725,instagram,"handle, follower_count, reach_rate, growth_rate, meaningful_eng_rate",PRIMARY_SOURCE_MISSING,YELLOW,"{'handle': 'vendor_b', 'follower_count': 'vendor_b', 'reach_rate': 'vendor_b', 'growth_rate': 'vendor_b', 'meaningful_eng_rate': 'vendor_b'}",,vendor_b,vendor_a has no record for this channel; filled from vendor_b (fallback).,No action needed. Tracked to monitor vendor coverage.,auto,[],,,,,,,
Q00436,CR00726,instagram,"handle, follower_count, reach_rate, growth_rate",PRIMARY_SOURCE_MISSING,YELLOW,"{'handle': 'vendor_c', 'follower_count': 'vendor_c', 'reach_rate': 'vendor_c', 'growth_rate': 'vendor_c'}",,vendor_c,vendor_a has no record for this channel; filled from vendor_c (fallback).,No action needed. Tracked to monitor vendor coverage.,auto,[],,,,,,,
Q00437,CR00726,tiktok,"handle, follower_count, reach_rate, growth_rate, meaningful_eng_rate",PRIMARY_SOURCE_MISSING,YELLOW,"{'handle': 'vendor_b', 'follower_count': 'vendor_b', 'reach_rate': 'vendor_b', 'growth_rate': 'vendor_b', 'meaningful_eng_rate': 'vendor_b'}",,vendor_b,vendor_a has no record for this channel; filled from vendor_b (fallback).,No action needed. Tracked to monitor vendor coverage.,auto,[],,,,,,,
Q00438,CR00726,youtube,"handle, follower_count, reach_rate, growth_rate, meaningful_eng_rate",PRIMARY_SOURCE_MISSING,YELLOW,"{'handle': 'vendor_b', 'follower_count': 'vendor_b', 'reach_rate': 'vendor_b', 'growth_rate': 'vendor_b', 'meaningful_eng_rate': 'vendor_b'}",,vendor_b,vendor_a's record is stale; filled from vendor_b (fallback).,No action needed. Tracked to monitor vendor coverage.,auto,[],,,,,,,
Q00439,CR00727,instagram,"handle, follower_count, reach_rate, growth_rate, meaningful_eng_rate",PRIMARY_SOURCE_MISSING,YELLOW,"{'handle': 'vendor_b', 'follower_count': 'vendor_b', 'reach_rate': 'vendor_b', 'growth_rate': 'vendor_b', 'meaningful_eng_rate': 'vendor_b'}",,vendor_b,vendor_a has no record for this channel; filled from vendor_b (fallback).,No action needed. Tracked to monitor vendor coverage.,auto,[],,,,,,,
Q00440,CR00728,instagram,"handle, follower_count, reach_rate, growth_rate",PRIMARY_SOURCE_MISSING,YELLOW,"{'handle': 'vendor_b', 'follower_count': 'vendor_b', 'reach_rate': 'vendor_b', 'growth_rate': 'vendor_b'}",,vendor_b,vendor_a has no record for this channel; filled from vendor_b (fallback).,No action needed. Tracked to monitor vendor coverage.,auto,[],,,,,,,
Q00441,CR00729,tiktok,"handle, follower_count, reach_rate, growth_rate, meaningful_eng_rate",PRIMARY_SOURCE_MISSING,YELLOW,"{'handle': 'vendor_b', 'follower_count': 'vendor_b', 'reach_rate': 'vendor_b', 'growth_rate': 'vendor_b', 'meaningful_eng_rate': 'vendor_b'}",,vendor_b,vendor_a has no record for this channel; filled from vendor_b (fallback).,No action needed. Tracked to monitor vendor coverage.,auto,[],,,,,,,
Q00442,CR00730,instagram,"handle, follower_count, reach_rate",PRIMARY_SOURCE_MISSING,YELLOW,"{'handle': 'vendor_b', 'follower_count': 'vendor_b', 'reach_rate': 'vendor_b'}",,vendor_b,vendor_a has no record for this channel; filled from vendor_b (fallback).,No action needed. Tracked to monitor vendor coverage.,auto,[],,,,,,,
Q00443,CR00730,tiktok,"handle, follower_count, reach_rate, growth_rate",PRIMARY_SOURCE_MISSING,YELLOW,"{'handle': 'vendor_b', 'follower_count': 'vendor_b', 'reach_rate': 'vendor_b', 'growth_rate': 'vendor_b'}",,vendor_b,vendor_a has no record for this channel; filled from vendor_b (fallback).,No action needed. Tracked to monitor vendor coverage.,auto,[],,,,,,,
Q00444,CR00731,tiktok,"handle, follower_count, reach_rate, growth_rate",PRIMARY_SOURCE_MISSING,YELLOW,"{'handle': 'vendor_b', 'follower_count': 'vendor_b', 'reach_rate': 'vendor_b', 'growth_rate': 'vendor_b'}",,vendor_b,vendor_a has no record for this channel; filled from vendor_b (fallback).,No action needed. Tracked to monitor vendor coverage.,auto,[],,,,,,,
Q00445,CR00733,instagram,meaningful_eng_rate,PRIMARY_SOURCE_MISSING,YELLOW,{'meaningful_eng_rate': 'vendor_b'},,vendor_b,vendor_a's record lacks a valid value for meaningful_eng_rate; filled from vendor_b (fallback).,No action needed. Tracked to monitor vendor coverage.,auto,[],,,,,,,
Q00446,CR00733,youtube,"handle, follower_count, reach_rate, growth_rate, meaningful_eng_rate",PRIMARY_SOURCE_MISSING,YELLOW,"{'handle': 'vendor_b', 'follower_count': 'vendor_b', 'reach_rate': 'vendor_b', 'growth_rate': 'vendor_b', 'meaningful_eng_rate': 'vendor_c'}",,"vendor_b, vendor_c","vendor_a's record is stale; filled from vendor_b, vendor_c (fallback).",No action needed. Tracked to monitor vendor coverage.,auto,[],,,,,,,
Q00447,CR00735,instagram,"handle, follower_count, growth_rate, meaningful_eng_rate",PRIMARY_SOURCE_MISSING,YELLOW,"{'handle': 'vendor_b', 'follower_count': 'vendor_b', 'growth_rate': 'vendor_b', 'meaningful_eng_rate': 'vendor_b'}",,vendor_b,vendor_a has no record for this channel; filled from vendor_b (fallback).,No action needed. Tracked to monitor vendor coverage.,auto,[],,,,,,,
Q00448,CR00739,instagram,"handle, follower_count, reach_rate, growth_rate, meaningful_eng_rate",PRIMARY_SOURCE_MISSING,YELLOW,"{'handle': 'vendor_b', 'follower_count': 'vendor_b', 'reach_rate': 'vendor_b', 'growth_rate': 'vendor_b', 'meaningful_eng_rate': 'vendor_b'}",,vendor_b,vendor_a has no record for this channel; filled from vendor_b (fallback).,No action needed. Tracked to monitor vendor coverage.,auto,[],,,,,,,
Q00449,CR00739,tiktok,"handle, follower_count, reach_rate, growth_rate, meaningful_eng_rate",PRIMARY_SOURCE_MISSING,YELLOW,"{'handle': 'vendor_b', 'follower_count': 'vendor_b', 'reach_rate': 'vendor_b', 'growth_rate': 'vendor_b', 'meaningful_eng_rate': 'vendor_b'}",,vendor_b,vendor_a has no record for this channel; filled from vendor_b (fallback).,No action needed. Tracked to monitor vendor coverage.,auto,[],,,,,,,
Q00450,CR00747,tiktok,"handle, meaningful_eng_rate",PRIMARY_SOURCE_MISSING,YELLOW,"{'handle': 'vendor_b', 'meaningful_eng_rate': 'vendor_b'}",,vendor_b,vendor_a has no record for this channel; filled from vendor_b (fallback).,No action needed. Tracked to monitor vendor coverage.,auto,[],,,,,,,
Q00451,CR00748,tiktok,"handle, follower_count, reach_rate, meaningful_eng_rate",PRIMARY_SOURCE_MISSING,YELLOW,"{'handle': 'vendor_b', 'follower_count': 'vendor_b', 'reach_rate': 'vendor_b', 'meaningful_eng_rate': 'vendor_b'}",,vendor_b,vendor_a has no record for this channel; filled from vendor_b (fallback).,No action needed. Tracked to monitor vendor coverage.,auto,[],,,,,,,
Q00452,CR00751,instagram,"handle, follower_count, reach_rate, meaningful_eng_rate",PRIMARY_SOURCE_MISSING,YELLOW,"{'handle': 'vendor_b', 'follower_count': 'vendor_b', 'reach_rate': 'vendor_b', 'meaningful_eng_rate': 'vendor_b'}",,vendor_b,vendor_a has no record for this channel; filled from vendor_b (fallback).,No action needed. Tracked to monitor vendor coverage.,auto,[],,,,,,,
Q00453,CR00752,instagram,"handle, follower_count, reach_rate, growth_rate",PRIMARY_SOURCE_MISSING,YELLOW,"{'handle': 'vendor_b', 'follower_count': 'vendor_b', 'reach_rate': 'vendor_b', 'growth_rate': 'vendor_b'}",,vendor_b,vendor_a has no record for this channel; filled from vendor_b (fallback).,No action needed. Tracked to monitor vendor coverage.,auto,[],,,,,,,
Q00454,CR00752,tiktok,"handle, follower_count, reach_rate, growth_rate, meaningful_eng_rate",PRIMARY_SOURCE_MISSING,YELLOW,"{'handle': 'vendor_b', 'follower_count': 'vendor_b', 'reach_rate': 'vendor_b', 'growth_rate': 'vendor_b', 'meaningful_eng_rate': 'vendor_b'}",,vendor_b,vendor_a has no record for this channel; filled from vendor_b (fallback).,No action needed. Tracked to monitor vendor coverage.,auto,[],,,,,,,
Q00455,CR00752,youtube,"handle, follower_count, reach_rate, growth_rate, meaningful_eng_rate",PRIMARY_SOURCE_MISSING,YELLOW,"{'handle': 'vendor_b', 'follower_count': 'vendor_b', 'reach_rate': 'vendor_b', 'growth_rate': 'vendor_b', 'meaningful_eng_rate': 'vendor_b'}",,vendor_b,vendor_a has no record for this channel; filled from vendor_b (fallback).,No action needed. Tracked to monitor vendor coverage.,auto,[],,,,,,,
Q00456,CR00753,tiktok,"handle, follower_count, reach_rate, meaningful_eng_rate",PRIMARY_SOURCE_MISSING,YELLOW,"{'handle': 'vendor_b', 'follower_count': 'vendor_b', 'reach_rate': 'vendor_b', 'meaningful_eng_rate': 'vendor_b'}",,vendor_b,vendor_a has no record for this channel; filled from vendor_b (fallback).,No action needed. Tracked to monitor vendor coverage.,auto,[],,,,,,,
Q00457,CR00754,instagram,"handle, follower_count, reach_rate, growth_rate",PRIMARY_SOURCE_MISSING,YELLOW,"{'handle': 'vendor_b', 'follower_count': 'vendor_b', 'reach_rate': 'vendor_b', 'growth_rate': 'vendor_b'}",,vendor_b,vendor_a has no record for this channel; filled from vendor_b (fallback).,No action needed. Tracked to monitor vendor coverage.,auto,[],,,,,,,
Q00458,CR00754,youtube,"handle, follower_count, growth_rate, meaningful_eng_rate",PRIMARY_SOURCE_MISSING,YELLOW,"{'handle': 'vendor_c', 'follower_count': 'vendor_c', 'growth_rate': 'vendor_c', 'meaningful_eng_rate': 'vendor_c'}",,vendor_c,vendor_a has no record for this channel; filled from vendor_c (fallback).,No action needed. Tracked to monitor vendor coverage.,auto,[],,,,,,,
Q00459,CR00755,tiktok,"handle, follower_count, meaningful_eng_rate",PRIMARY_SOURCE_MISSING,YELLOW,"{'handle': 'vendor_b', 'follower_count': 'vendor_b', 'meaningful_eng_rate': 'vendor_b'}",,vendor_b,vendor_a has no record for this channel; filled from vendor_b (fallback).,No action needed. Tracked to monitor vendor coverage.,auto,[],,,,,,,
Q00460,CR00755,youtube,meaningful_eng_rate,PRIMARY_SOURCE_MISSING,YELLOW,{'meaningful_eng_rate': 'vendor_b'},,vendor_b,vendor_a's record lacks a valid value for meaningful_eng_rate; filled from vendor_b (fallback).,No action needed. Tracked to monitor vendor coverage.,auto,[],,,,,,,
Q00461,CR00757,instagram,"handle, follower_count, reach_rate, growth_rate",PRIMARY_SOURCE_MISSING,YELLOW,"{'handle': 'vendor_b', 'follower_count': 'vendor_b', 'reach_rate': 'vendor_b', 'growth_rate': 'vendor_b'}",,vendor_b,vendor_a has no record for this channel; filled from vendor_b (fallback).,No action needed. Tracked to monitor vendor coverage.,auto,[],,,,,,,
Q00462,CR00757,tiktok,"handle, follower_count, reach_rate, growth_rate, meaningful_eng_rate",PRIMARY_SOURCE_MISSING,YELLOW,"{'handle': 'vendor_b', 'follower_count': 'vendor_b', 'reach_rate': 'vendor_b', 'growth_rate': 'vendor_b', 'meaningful_eng_rate': 'vendor_b'}",,vendor_b,vendor_a's record is stale; filled from vendor_b (fallback).,No action needed. Tracked to monitor vendor coverage.,auto,[],,,,,,,
Q00463,CR00759,instagram,"handle, follower_count, reach_rate, growth_rate",PRIMARY_SOURCE_MISSING,YELLOW,"{'handle': 'vendor_b', 'follower_count': 'vendor_b', 'reach_rate': 'vendor_b', 'growth_rate': 'vendor_b'}",,vendor_b,vendor_a has no record for this channel; filled from vendor_b (fallback).,No action needed. Tracked to monitor vendor coverage.,auto,[],,,,,,,
Q00464,CR00761,instagram,"handle, follower_count, reach_rate, growth_rate, meaningful_eng_rate",PRIMARY_SOURCE_MISSING,YELLOW,"{'handle': 'vendor_b', 'follower_count': 'vendor_b', 'reach_rate': 'vendor_b', 'growth_rate': 'vendor_b', 'meaningful_eng_rate': 'vendor_b'}",,vendor_b,vendor_a has no record for this channel; filled from vendor_b (fallback).,No action needed. Tracked to monitor vendor coverage.,auto,[],,,,,,,
Q00465,CR00764,instagram,"handle, follower_count, reach_rate, growth_rate",PRIMARY_SOURCE_MISSING,YELLOW,"{'handle': 'vendor_b', 'follower_count': 'vendor_b', 'reach_rate': 'vendor_b', 'growth_rate': 'vendor_b'}",,vendor_b,vendor_a has no record for this channel; filled from vendor_b (fallback).,No action needed. Tracked to monitor vendor coverage.,auto,[],,,,,,,
Q00466,CR00764,tiktok,"handle, follower_count, reach_rate, growth_rate, meaningful_eng_rate",PRIMARY_SOURCE_MISSING,YELLOW,"{'handle': 'vendor_b', 'follower_count': 'vendor_b', 'reach_rate': 'vendor_b', 'growth_rate': 'vendor_b', 'meaningful_eng_rate': 'vendor_b'}",,vendor_b,vendor_a has no record for this channel; filled from vendor_b (fallback).,No action needed. Tracked to monitor vendor coverage.,auto,[],,,,,,,
Q00467,CR00764,youtube,"handle, follower_count, reach_rate, growth_rate, meaningful_eng_rate",PRIMARY_SOURCE_MISSING,YELLOW,"{'handle': 'vendor_b', 'follower_count': 'vendor_b', 'reach_rate': 'vendor_b', 'growth_rate': 'vendor_c', 'meaningful_eng_rate': 'vendor_b'}",,"vendor_b, vendor_c","vendor_a has no record for this channel; filled from vendor_b, vendor_c (fallback).",No action needed. Tracked to monitor vendor coverage.,auto,[],,,,,,,
Q00468,CR00766,instagram,"handle, follower_count, reach_rate, growth_rate",PRIMARY_SOURCE_MISSING,YELLOW,"{'handle': 'vendor_b', 'follower_count': 'vendor_b', 'reach_rate': 'vendor_b', 'growth_rate': 'vendor_b'}",,vendor_b,vendor_a has no record for this channel; filled from vendor_b (fallback).,No action needed. Tracked to monitor vendor coverage.,auto,[],,,,,,,
Q00469,CR00771,instagram,"handle, follower_count, reach_rate, growth_rate, meaningful_eng_rate",PRIMARY_SOURCE_MISSING,YELLOW,"{'handle': 'vendor_b', 'follower_count': 'vendor_b', 'reach_rate': 'vendor_b', 'growth_rate': 'vendor_b', 'meaningful_eng_rate': 'vendor_b'}",,vendor_b,vendor_a's record is stale; filled from vendor_b (fallback).,No action needed. Tracked to monitor vendor coverage.,auto,[],,,,,,,
Q00470,CR00779,tiktok,"handle, follower_count, growth_rate",PRIMARY_SOURCE_MISSING,YELLOW,"{'handle': 'vendor_c', 'follower_count': 'vendor_c', 'growth_rate': 'vendor_c'}",,vendor_c,vendor_a has no record for this channel; filled from vendor_c (fallback).,No action needed. Tracked to monitor vendor coverage.,auto,[],,,,,,,
Q00471,CR00781,instagram,growth_rate,PRIMARY_SOURCE_MISSING,YELLOW,{'growth_rate': 'vendor_c'},,vendor_c,vendor_a's record lacks a valid value for growth_rate; filled from vendor_c (fallback).,No action needed. Tracked to monitor vendor coverage.,auto,[],,,,,,,
Q00472,CR00781,tiktok,handle,PRIMARY_SOURCE_MISSING,YELLOW,{'handle': 'vendor_b'},,vendor_b,vendor_a has no record for this channel; filled from vendor_b (fallback).,No action needed. Tracked to monitor vendor coverage.,auto,[],,,,,,,
Q00473,CR00786,instagram,"handle, follower_count, reach_rate, growth_rate, meaningful_eng_rate",PRIMARY_SOURCE_MISSING,YELLOW,"{'handle': 'vendor_b', 'follower_count': 'vendor_b', 'reach_rate': 'vendor_b', 'growth_rate': 'vendor_b', 'meaningful_eng_rate': 'vendor_b'}",,vendor_b,vendor_a has no record for this channel; filled from vendor_b (fallback).,No action needed. Tracked to monitor vendor coverage.,auto,[],,,,,,,
Q00474,CR00788,tiktok,"handle, follower_count, reach_rate, growth_rate, meaningful_eng_rate",PRIMARY_SOURCE_MISSING,YELLOW,"{'handle': 'vendor_b', 'follower_count': 'vendor_b', 'reach_rate': 'vendor_b', 'growth_rate': 'vendor_b', 'meaningful_eng_rate': 'vendor_b'}",,vendor_b,vendor_a has no record for this channel; filled from vendor_b (fallback).,No action needed. Tracked to monitor vendor coverage.,auto,[],,,,,,,
Q00475,CR00789,tiktok,"handle, follower_count, reach_rate, growth_rate, meaningful_eng_rate",PRIMARY_SOURCE_MISSING,YELLOW,"{'handle': 'vendor_b', 'follower_count': 'vendor_b', 'reach_rate': 'vendor_b', 'growth_rate': 'vendor_b', 'meaningful_eng_rate': 'vendor_b'}",,vendor_b,vendor_a has no record for this channel; filled from vendor_b (fallback).,No action needed. Tracked to monitor vendor coverage.,auto,[],,,,,,,
Q00476,CR00791,youtube,growth_rate,PRIMARY_SOURCE_MISSING,YELLOW,{'growth_rate': 'vendor_b'},,vendor_b,vendor_a's record lacks a valid value for growth_rate; filled from vendor_b (fallback).,No action needed. Tracked to monitor vendor coverage.,auto,[],,,,,,,
Q00477,CR00795,tiktok,"handle, follower_count, reach_rate, growth_rate, meaningful_eng_rate",PRIMARY_SOURCE_MISSING,YELLOW,"{'handle': 'vendor_b', 'follower_count': 'vendor_b', 'reach_rate': 'vendor_b', 'growth_rate': 'vendor_b', 'meaningful_eng_rate': 'vendor_b'}",,vendor_b,vendor_a has no record for this channel; filled from vendor_b (fallback).,No action needed. Tracked to monitor vendor coverage.,auto,[],,,,,,,
Q00478,CR00799,tiktok,"handle, follower_count, reach_rate, growth_rate",PRIMARY_SOURCE_MISSING,YELLOW,"{'handle': 'vendor_b', 'follower_count': 'vendor_b', 'reach_rate': 'vendor_b', 'growth_rate': 'vendor_b'}",,vendor_b,vendor_a's record is stale; filled from vendor_b (fallback).,No action needed. Tracked to monitor vendor coverage.,auto,[],,,,,,,
Q00479,CR00808,instagram,"handle, follower_count, growth_rate, meaningful_eng_rate",PRIMARY_SOURCE_MISSING,YELLOW,"{'handle': 'vendor_b', 'follower_count': 'vendor_b', 'growth_rate': 'vendor_b', 'meaningful_eng_rate': 'vendor_b'}",,vendor_b,vendor_a has no record for this channel; filled from vendor_b (fallback).,No action needed. Tracked to monitor vendor coverage.,auto,[],,,,,,,
Q00480,CR00809,instagram,"handle, follower_count, reach_rate, growth_rate, meaningful_eng_rate",PRIMARY_SOURCE_MISSING,YELLOW,"{'handle': 'vendor_b', 'follower_count': 'vendor_b', 'reach_rate': 'vendor_b', 'growth_rate': 'vendor_b', 'meaningful_eng_rate': 'vendor_b'}",,vendor_b,vendor_a has no record for this channel; filled from vendor_b (fallback).,No action needed. Tracked to monitor vendor coverage.,auto,[],,,,,,,
Q00481,CR00810,youtube,"handle, follower_count, reach_rate, meaningful_eng_rate",PRIMARY_SOURCE_MISSING,YELLOW,"{'handle': 'vendor_b', 'follower_count': 'vendor_b', 'reach_rate': 'vendor_b', 'meaningful_eng_rate': 'vendor_b'}",,vendor_b,vendor_a's record is stale; filled from vendor_b (fallback).,No action needed. Tracked to monitor vendor coverage.,auto,[],,,,,,,
Q00482,CR00811,instagram,"handle, follower_count, reach_rate, growth_rate",PRIMARY_SOURCE_MISSING,YELLOW,"{'handle': 'vendor_b', 'follower_count': 'vendor_b', 'reach_rate': 'vendor_b', 'growth_rate': 'vendor_b'}",,vendor_b,vendor_a has no record for this channel; filled from vendor_b (fallback).,No action needed. Tracked to monitor vendor coverage.,auto,[],,,,,,,
Q00483,CR00813,instagram,"handle, follower_count, reach_rate, meaningful_eng_rate",PRIMARY_SOURCE_MISSING,YELLOW,"{'handle': 'vendor_b', 'follower_count': 'vendor_b', 'reach_rate': 'vendor_b', 'meaningful_eng_rate': 'vendor_b'}",,vendor_b,vendor_a has no record for this channel; filled from vendor_b (fallback).,No action needed. Tracked to monitor vendor coverage.,auto,[],,,,,,,
Q00484,CR00817,tiktok,"handle, follower_count, reach_rate, meaningful_eng_rate",PRIMARY_SOURCE_MISSING,YELLOW,"{'handle': 'vendor_b', 'follower_count': 'vendor_b', 'reach_rate': 'vendor_b', 'meaningful_eng_rate': 'vendor_b'}",,vendor_b,vendor_a has no record for this channel; filled from vendor_b (fallback).,No action needed. Tracked to monitor vendor coverage.,auto,[],,,,,,,
Q00485,CR00822,instagram,"handle, follower_count, reach_rate, growth_rate, meaningful_eng_rate",PRIMARY_SOURCE_MISSING,YELLOW,"{'handle': 'vendor_b', 'follower_count': 'vendor_b', 'reach_rate': 'vendor_b', 'growth_rate': 'vendor_b', 'meaningful_eng_rate': 'vendor_b'}",,vendor_b,vendor_a has no record for this channel; filled from vendor_b (fallback).,No action needed. Tracked to monitor vendor coverage.,auto,[],,,,,,,
Q00486,CR00826,instagram,"follower_count, growth_rate",PRIMARY_SOURCE_MISSING,YELLOW,"{'follower_count': 'vendor_c', 'growth_rate': 'vendor_c'}",,vendor_c,vendor_a's record is stale; filled from vendor_c (fallback).,No action needed. Tracked to monitor vendor coverage.,auto,[],,,,,,,
Q00487,CR00828,tiktok,"handle, follower_count, reach_rate, growth_rate, meaningful_eng_rate",PRIMARY_SOURCE_MISSING,YELLOW,"{'handle': 'vendor_b', 'follower_count': 'vendor_b', 'reach_rate': 'vendor_b', 'growth_rate': 'vendor_b', 'meaningful_eng_rate': 'vendor_b'}",,vendor_b,vendor_a has no record for this channel; filled from vendor_b (fallback).,No action needed. Tracked to monitor vendor coverage.,auto,[],,,,,,,
Q00488,CR00830,tiktok,"handle, follower_count, reach_rate, growth_rate, meaningful_eng_rate",PRIMARY_SOURCE_MISSING,YELLOW,"{'handle': 'vendor_b', 'follower_count': 'vendor_b', 'reach_rate': 'vendor_b', 'growth_rate': 'vendor_b', 'meaningful_eng_rate': 'vendor_b'}",,vendor_b,vendor_a has no record for this channel; filled from vendor_b (fallback).,No action needed. Tracked to monitor vendor coverage.,auto,[],,,,,,,
Q00489,CR00831,instagram,"handle, follower_count, reach_rate, growth_rate, meaningful_eng_rate",PRIMARY_SOURCE_MISSING,YELLOW,"{'handle': 'vendor_b', 'follower_count': 'vendor_b', 'reach_rate': 'vendor_b', 'growth_rate': 'vendor_b', 'meaningful_eng_rate': 'vendor_b'}",,vendor_b,vendor_a has no record for this channel; filled from vendor_b (fallback).,No action needed. Tracked to monitor vendor coverage.,auto,[],,,,,,,
Q00490,CR00831,tiktok,"handle, follower_count, reach_rate",PRIMARY_SOURCE_MISSING,YELLOW,"{'handle': 'vendor_b', 'follower_count': 'vendor_b', 'reach_rate': 'vendor_b'}",,vendor_b,vendor_a has no record for this channel; filled from vendor_b (fallback).,No action needed. Tracked to monitor vendor coverage.,auto,[],,,,,,,
Q00491,CR00832,instagram,"handle, follower_count, reach_rate, growth_rate, meaningful_eng_rate",PRIMARY_SOURCE_MISSING,YELLOW,"{'handle': 'vendor_b', 'follower_count': 'vendor_b', 'reach_rate': 'vendor_b', 'growth_rate': 'vendor_b', 'meaningful_eng_rate': 'vendor_b'}",,vendor_b,vendor_a has no record for this channel; filled from vendor_b (fallback).,No action needed. Tracked to monitor vendor coverage.,auto,[],,,,,,,
Q00492,CR00832,tiktok,"handle, follower_count, reach_rate, meaningful_eng_rate",PRIMARY_SOURCE_MISSING,YELLOW,"{'handle': 'vendor_b', 'follower_count': 'vendor_b', 'reach_rate': 'vendor_b', 'meaningful_eng_rate': 'vendor_b'}",,vendor_b,vendor_a has no record for this channel; filled from vendor_b (fallback).,No action needed. Tracked to monitor vendor coverage.,auto,[],,,,,,,
Q00493,CR00834,tiktok,"handle, follower_count, reach_rate, growth_rate, meaningful_eng_rate",PRIMARY_SOURCE_MISSING,YELLOW,"{'handle': 'vendor_b', 'follower_count': 'vendor_b', 'reach_rate': 'vendor_b', 'growth_rate': 'vendor_b', 'meaningful_eng_rate': 'vendor_b'}",,vendor_b,vendor_a has no record for this channel; filled from vendor_b (fallback).,No action needed. Tracked to monitor vendor coverage.,auto,[],,,,,,,
Q00494,CR00835,instagram,"handle, follower_count, growth_rate",PRIMARY_SOURCE_MISSING,YELLOW,"{'handle': 'vendor_c', 'follower_count': 'vendor_c', 'growth_rate': 'vendor_c'}",,vendor_c,vendor_a has no record for this channel; filled from vendor_c (fallback).,No action needed. Tracked to monitor vendor coverage.,auto,[],,,,,,,
Q00495,CR00835,tiktok,"handle, follower_count, growth_rate, meaningful_eng_rate",PRIMARY_SOURCE_MISSING,YELLOW,"{'handle': 'vendor_b', 'follower_count': 'vendor_b', 'growth_rate': 'vendor_b', 'meaningful_eng_rate': 'vendor_b'}",,vendor_b,vendor_a has no record for this channel; filled from vendor_b (fallback).,No action needed. Tracked to monitor vendor coverage.,auto,[],,,,,,,
Q00496,CR00839,instagram,"handle, follower_count, reach_rate, growth_rate, meaningful_eng_rate",PRIMARY_SOURCE_MISSING,YELLOW,"{'handle': 'vendor_b', 'follower_count': 'vendor_b', 'reach_rate': 'vendor_b', 'growth_rate': 'vendor_b', 'meaningful_eng_rate': 'vendor_b'}",,vendor_b,vendor_a has no record for this channel; filled from vendor_b (fallback).,No action needed. Tracked to monitor vendor coverage.,auto,[],,,,,,,
Q00497,CR00839,tiktok,"handle, follower_count, reach_rate, growth_rate, meaningful_eng_rate",PRIMARY_SOURCE_MISSING,YELLOW,"{'handle': 'vendor_b', 'follower_count': 'vendor_b', 'reach_rate': 'vendor_b', 'growth_rate': 'vendor_b', 'meaningful_eng_rate': 'vendor_b'}",,vendor_b,vendor_a has no record for this channel; filled from vendor_b (fallback).,No action needed. Tracked to monitor vendor coverage.,auto,[],,,,,,,
Q00498,CR00843,tiktok,"handle, follower_count, reach_rate, meaningful_eng_rate",PRIMARY_SOURCE_MISSING,YELLOW,"{'handle': 'vendor_b', 'follower_count': 'vendor_b', 'reach_rate': 'vendor_b', 'meaningful_eng_rate': 'vendor_b'}",,vendor_b,vendor_a has no record for this channel; filled from vendor_b (fallback).,No action needed. Tracked to monitor vendor coverage.,auto,[],,,,,,,
Q00499,CR00843,youtube,"follower_count, reach_rate, growth_rate",PRIMARY_SOURCE_MISSING,YELLOW,"{'follower_count': 'vendor_b', 'reach_rate': 'vendor_b', 'growth_rate': 'vendor_b'}",,vendor_b,"vendor_a's record lacks a valid value for follower_count, reach_rate, growth_rate; filled from vendor_b (fallback).",No action needed. Tracked to monitor vendor coverage.,auto,[],,,,,,,
Q00500,CR00844,instagram,"handle, follower_count, reach_rate, growth_rate, meaningful_eng_rate",PRIMARY_SOURCE_MISSING,YELLOW,"{'handle': 'vendor_b', 'follower_count': 'vendor_b', 'reach_rate': 'vendor_b', 'growth_rate': 'vendor_b', 'meaningful_eng_rate': 'vendor_b'}",,vendor_b,vendor_a has no record for this channel; filled from vendor_b (fallback).,No action needed. Tracked to monitor vendor coverage.,auto,[],,,,,,,
Q00501,CR00846,instagram,handle,PRIMARY_SOURCE_MISSING,YELLOW,{'handle': 'vendor_b'},,vendor_b,vendor_a has no record for this channel; filled from vendor_b (fallback).,No action needed. Tracked to monitor vendor coverage.,auto,[],,,,,,,
Q00502,CR00846,tiktok,"handle, follower_count, reach_rate, growth_rate, meaningful_eng_rate",PRIMARY_SOURCE_MISSING,YELLOW,"{'handle': 'vendor_b', 'follower_count': 'vendor_b', 'reach_rate': 'vendor_b', 'growth_rate': 'vendor_b', 'meaningful_eng_rate': 'vendor_b'}",,vendor_b,vendor_a has no record for this channel; filled from vendor_b (fallback).,No action needed. Tracked to monitor vendor coverage.,auto,[],,,,,,,
Q00503,CR00847,instagram,"handle, follower_count, reach_rate, growth_rate",PRIMARY_SOURCE_MISSING,YELLOW,"{'handle': 'vendor_b', 'follower_count': 'vendor_b', 'reach_rate': 'vendor_b', 'growth_rate': 'vendor_b'}",,vendor_b,vendor_a has no record for this channel; filled from vendor_b (fallback).,No action needed. Tracked to monitor vendor coverage.,auto,[],,,,,,,
Q00504,CR00848,youtube,meaningful_eng_rate,PRIMARY_SOURCE_MISSING,YELLOW,{'meaningful_eng_rate': 'vendor_b'},,vendor_b,vendor_a's record lacks a valid value for meaningful_eng_rate; filled from vendor_b (fallback).,No action needed. Tracked to monitor vendor coverage.,auto,[],,,,,,,
Q00505,CR00855,instagram,"handle, follower_count, meaningful_eng_rate",PRIMARY_SOURCE_MISSING,YELLOW,"{'handle': 'vendor_b', 'follower_count': 'vendor_b', 'meaningful_eng_rate': 'vendor_b'}",,vendor_b,vendor_a's record is stale; filled from vendor_b (fallback).,No action needed. Tracked to monitor vendor coverage.,auto,[],,,,,,,
Q00506,CR00855,tiktok,"follower_count, reach_rate, growth_rate, meaningful_eng_rate",PRIMARY_SOURCE_MISSING,YELLOW,"{'follower_count': 'vendor_b', 'reach_rate': 'vendor_b', 'growth_rate': 'vendor_b', 'meaningful_eng_rate': 'vendor_b'}",,vendor_b,vendor_a has no record for this channel; filled from vendor_b (fallback).,No action needed. Tracked to monitor vendor coverage.,auto,[],,,,,,,
Q00507,CR00855,youtube,reach_rate,PRIMARY_SOURCE_MISSING,YELLOW,{'reach_rate': 'vendor_c'},,vendor_c,vendor_a's record lacks a valid value for reach_rate; filled from vendor_c (fallback).,No action needed. Tracked to monitor vendor coverage.,auto,[],,,,,,,
Q00508,CR00856,instagram,"handle, follower_count, reach_rate, growth_rate, meaningful_eng_rate",PRIMARY_SOURCE_MISSING,YELLOW,"{'handle': 'vendor_b', 'follower_count': 'vendor_b', 'reach_rate': 'vendor_b', 'growth_rate': 'vendor_b', 'meaningful_eng_rate': 'vendor_b'}",,vendor_b,vendor_a has no record for this channel; filled from vendor_b (fallback).,No action needed. Tracked to monitor vendor coverage.,auto,[],,,,,,,
Q00509,CR00857,instagram,"handle, follower_count, reach_rate, growth_rate, meaningful_eng_rate",PRIMARY_SOURCE_MISSING,YELLOW,"{'handle': 'vendor_b', 'follower_count': 'vendor_b', 'reach_rate': 'vendor_b', 'growth_rate': 'vendor_b', 'meaningful_eng_rate': 'vendor_b'}",,vendor_b,vendor_a has no record for this channel; filled from vendor_b (fallback).,No action needed. Tracked to monitor vendor coverage.,auto,[],,,,,,,
Q00510,CR00857,tiktok,"handle, follower_count, reach_rate, growth_rate, meaningful_eng_rate",PRIMARY_SOURCE_MISSING,YELLOW,"{'handle': 'vendor_b', 'follower_count': 'vendor_b', 'reach_rate': 'vendor_b', 'growth_rate': 'vendor_b', 'meaningful_eng_rate': 'vendor_b'}",,vendor_b,vendor_a has no record for this channel; filled from vendor_b (fallback).,No action needed. Tracked to monitor vendor coverage.,auto,[],,,,,,,
Q00511,CR00858,instagram,"handle, follower_count, reach_rate, growth_rate",PRIMARY_SOURCE_MISSING,YELLOW,"{'handle': 'vendor_b', 'follower_count': 'vendor_b', 'reach_rate': 'vendor_b', 'growth_rate': 'vendor_b'}",,vendor_b,vendor_a has no record for this channel; filled from vendor_b (fallback).,No action needed. Tracked to monitor vendor coverage.,auto,[],,,,,,,
Q00512,CR00858,tiktok,"handle, follower_count, reach_rate, meaningful_eng_rate",PRIMARY_SOURCE_MISSING,YELLOW,"{'handle': 'vendor_b', 'follower_count': 'vendor_b', 'reach_rate': 'vendor_b', 'meaningful_eng_rate': 'vendor_b'}",,vendor_b,vendor_a has no record for this channel; filled from vendor_b (fallback).,No action needed. Tracked to monitor vendor coverage.,auto,[],,,,,,,
Q00513,CR00859,instagram,"handle, follower_count, reach_rate, growth_rate, meaningful_eng_rate",PRIMARY_SOURCE_MISSING,YELLOW,"{'handle': 'vendor_b', 'follower_count': 'vendor_b', 'reach_rate': 'vendor_b', 'growth_rate': 'vendor_b', 'meaningful_eng_rate': 'vendor_b'}",,vendor_b,vendor_a's record is stale; filled from vendor_b (fallback).,No action needed. Tracked to monitor vendor coverage.,auto,[],,,,,,,
Q00514,CR00859,tiktok,"handle, follower_count, reach_rate, growth_rate",PRIMARY_SOURCE_MISSING,YELLOW,"{'handle': 'vendor_b', 'follower_count': 'vendor_b', 'reach_rate': 'vendor_b', 'growth_rate': 'vendor_b'}",,vendor_b,vendor_a has no record for this channel; filled from vendor_b (fallback).,No action needed. Tracked to monitor vendor coverage.,auto,[],,,,,,,
Q00515,CR00864,tiktok,"handle, follower_count, reach_rate, growth_rate, meaningful_eng_rate",PRIMARY_SOURCE_MISSING,YELLOW,"{'handle': 'vendor_b', 'follower_count': 'vendor_b', 'reach_rate': 'vendor_b', 'growth_rate': 'vendor_b', 'meaningful_eng_rate': 'vendor_b'}",,vendor_b,vendor_a has no record for this channel; filled from vendor_b (fallback).,No action needed. Tracked to monitor vendor coverage.,auto,[],,,,,,,
Q00516,CR00872,instagram,"handle, follower_count, reach_rate, growth_rate",PRIMARY_SOURCE_MISSING,YELLOW,"{'handle': 'vendor_b', 'follower_count': 'vendor_b', 'reach_rate': 'vendor_b', 'growth_rate': 'vendor_b'}",,vendor_b,vendor_a has no record for this channel; filled from vendor_b (fallback).,No action needed. Tracked to monitor vendor coverage.,auto,[],,,,,,,
Q00517,CR00874,instagram,"handle, meaningful_eng_rate",PRIMARY_SOURCE_MISSING,YELLOW,"{'handle': 'vendor_b', 'meaningful_eng_rate': 'vendor_b'}",,vendor_b,vendor_a has no record for this channel; filled from vendor_b (fallback).,No action needed. Tracked to monitor vendor coverage.,auto,[],,,,,,,
Q00518,CR00875,instagram,"handle, follower_count, reach_rate, growth_rate, meaningful_eng_rate",PRIMARY_SOURCE_MISSING,YELLOW,"{'handle': 'vendor_b', 'follower_count': 'vendor_b', 'reach_rate': 'vendor_b', 'growth_rate': 'vendor_b', 'meaningful_eng_rate': 'vendor_b'}",,vendor_b,vendor_a has no record for this channel; filled from vendor_b (fallback).,No action needed. Tracked to monitor vendor coverage.,auto,[],,,,,,,
Q00519,CR00875,tiktok,handle,PRIMARY_SOURCE_MISSING,YELLOW,{'handle': 'vendor_b'},,vendor_b,vendor_a's record lacks a valid value for handle; filled from vendor_b (fallback).,No action needed. Tracked to monitor vendor coverage.,auto,[],,,,,,,
Q00520,CR00876,instagram,"handle, follower_count, reach_rate, growth_rate, meaningful_eng_rate",PRIMARY_SOURCE_MISSING,YELLOW,"{'handle': 'vendor_b', 'follower_count': 'vendor_b', 'reach_rate': 'vendor_b', 'growth_rate': 'vendor_b', 'meaningful_eng_rate': 'vendor_b'}",,vendor_b,vendor_a has no record for this channel; filled from vendor_b (fallback).,No action needed. Tracked to monitor vendor coverage.,auto,[],,,,,,,
Q00521,CR00878,instagram,"handle, follower_count, reach_rate, growth_rate, meaningful_eng_rate",PRIMARY_SOURCE_MISSING,YELLOW,"{'handle': 'vendor_b', 'follower_count': 'vendor_b', 'reach_rate': 'vendor_b', 'growth_rate': 'vendor_b', 'meaningful_eng_rate': 'vendor_b'}",,vendor_b,vendor_a has no record for this channel; filled from vendor_b (fallback).,No action needed. Tracked to monitor vendor coverage.,auto,[],,,,,,,
Q00522,CR00880,instagram,"handle, follower_count, reach_rate, growth_rate, meaningful_eng_rate",PRIMARY_SOURCE_MISSING,YELLOW,"{'handle': 'vendor_b', 'follower_count': 'vendor_b', 'reach_rate': 'vendor_b', 'growth_rate': 'vendor_b', 'meaningful_eng_rate': 'vendor_b'}",,vendor_b,vendor_a has no record for this channel; filled from vendor_b (fallback).,No action needed. Tracked to monitor vendor coverage.,auto,[],,,,,,,
Q00523,CR00880,tiktok,"handle, follower_count, reach_rate, growth_rate",PRIMARY_SOURCE_MISSING,YELLOW,"{'handle': 'vendor_c', 'follower_count': 'vendor_c', 'reach_rate': 'vendor_c', 'growth_rate': 'vendor_c'}",,vendor_c,vendor_a has no record for this channel; filled from vendor_c (fallback).,No action needed. Tracked to monitor vendor coverage.,auto,[],,,,,,,
Q00524,CR00881,instagram,"handle, follower_count, reach_rate, growth_rate, meaningful_eng_rate",PRIMARY_SOURCE_MISSING,YELLOW,"{'handle': 'vendor_b', 'follower_count': 'vendor_b', 'reach_rate': 'vendor_b', 'growth_rate': 'vendor_b', 'meaningful_eng_rate': 'vendor_b'}",,vendor_b,vendor_a has no record for this channel; filled from vendor_b (fallback).,No action needed. Tracked to monitor vendor coverage.,auto,[],,,,,,,
Q00525,CR00881,tiktok,growth_rate,PRIMARY_SOURCE_MISSING,YELLOW,{'growth_rate': 'vendor_b'},,vendor_b,vendor_a's record lacks a valid value for growth_rate; filled from vendor_b (fallback).,No action needed. Tracked to monitor vendor coverage.,auto,[],,,,,,,
Q00526,CR00882,tiktok,"handle, follower_count, reach_rate, growth_rate, meaningful_eng_rate",PRIMARY_SOURCE_MISSING,YELLOW,"{'handle': 'vendor_b', 'follower_count': 'vendor_b', 'reach_rate': 'vendor_b', 'growth_rate': 'vendor_b', 'meaningful_eng_rate': 'vendor_b'}",,vendor_b,vendor_a has no record for this channel; filled from vendor_b (fallback).,No action needed. Tracked to monitor vendor coverage.,auto,[],,,,,,,
Q00527,CR00887,tiktok,"handle, follower_count, reach_rate, growth_rate",PRIMARY_SOURCE_MISSING,YELLOW,"{'handle': 'vendor_b', 'follower_count': 'vendor_b', 'reach_rate': 'vendor_b', 'growth_rate': 'vendor_b'}",,vendor_b,vendor_a has no record for this channel; filled from vendor_b (fallback).,No action needed. Tracked to monitor vendor coverage.,auto,[],,,,,,,
Q00528,CR00895,tiktok,"follower_count, reach_rate",PRIMARY_SOURCE_MISSING,YELLOW,"{'follower_count': 'vendor_c', 'reach_rate': 'vendor_c'}",,vendor_c,vendor_a has no record for this channel; filled from vendor_c (fallback).,No action needed. Tracked to monitor vendor coverage.,auto,[],,,,,,,
Q00529,CR00897,tiktok,"handle, follower_count, reach_rate, growth_rate",PRIMARY_SOURCE_MISSING,YELLOW,"{'handle': 'vendor_c', 'follower_count': 'vendor_c', 'reach_rate': 'vendor_c', 'growth_rate': 'vendor_c'}",,vendor_c,vendor_a has no record for this channel; filled from vendor_c (fallback).,No action needed. Tracked to monitor vendor coverage.,auto,[],,,,,,,
Q00530,CR00901,tiktok,"handle, follower_count, reach_rate, meaningful_eng_rate",PRIMARY_SOURCE_MISSING,YELLOW,"{'handle': 'vendor_b', 'follower_count': 'vendor_b', 'reach_rate': 'vendor_b', 'meaningful_eng_rate': 'vendor_b'}",,vendor_b,vendor_a has no record for this channel; filled from vendor_b (fallback).,No action needed. Tracked to monitor vendor coverage.,auto,[],,,,,,,
Q00531,CR00909,instagram,"handle, follower_count, reach_rate, growth_rate",PRIMARY_SOURCE_MISSING,YELLOW,"{'handle': 'vendor_c', 'follower_count': 'vendor_c', 'reach_rate': 'vendor_c', 'growth_rate': 'vendor_c'}",,vendor_c,vendor_a has no record for this channel; filled from vendor_c (fallback).,No action needed. Tracked to monitor vendor coverage.,auto,[],,,,,,,
Q00532,CR00911,tiktok,"follower_count, reach_rate, growth_rate, meaningful_eng_rate",PRIMARY_SOURCE_MISSING,YELLOW,"{'follower_count': 'vendor_b', 'reach_rate': 'vendor_b', 'growth_rate': 'vendor_b', 'meaningful_eng_rate': 'vendor_b'}",,vendor_b,vendor_a has no record for this channel; filled from vendor_b (fallback).,No action needed. Tracked to monitor vendor coverage.,auto,[],,,,,,,
Q00533,CR00914,instagram,"handle, follower_count, reach_rate, growth_rate, meaningful_eng_rate",PRIMARY_SOURCE_MISSING,YELLOW,"{'handle': 'vendor_b', 'follower_count': 'vendor_b', 'reach_rate': 'vendor_b', 'growth_rate': 'vendor_b', 'meaningful_eng_rate': 'vendor_b'}",,vendor_b,vendor_a has no record for this channel; filled from vendor_b (fallback).,No action needed. Tracked to monitor vendor coverage.,auto,[],,,,,,,
Q00534,CR00914,tiktok,"handle, follower_count, growth_rate, meaningful_eng_rate",PRIMARY_SOURCE_MISSING,YELLOW,"{'handle': 'vendor_b', 'follower_count': 'vendor_b', 'growth_rate': 'vendor_b', 'meaningful_eng_rate': 'vendor_b'}",,vendor_b,vendor_a has no record for this channel; filled from vendor_b (fallback).,No action needed. Tracked to monitor vendor coverage.,auto,[],,,,,,,
Q00535,CR00915,instagram,"handle, follower_count, reach_rate, meaningful_eng_rate",PRIMARY_SOURCE_MISSING,YELLOW,"{'handle': 'vendor_b', 'follower_count': 'vendor_b', 'reach_rate': 'vendor_b', 'meaningful_eng_rate': 'vendor_b'}",,vendor_b,vendor_a has no record for this channel; filled from vendor_b (fallback).,No action needed. Tracked to monitor vendor coverage.,auto,[],,,,,,,
Q00536,CR00916,tiktok,"follower_count, growth_rate",PRIMARY_SOURCE_MISSING,YELLOW,"{'follower_count': 'vendor_c', 'growth_rate': 'vendor_c'}",,vendor_c,vendor_a has no record for this channel; filled from vendor_c (fallback).,No action needed. Tracked to monitor vendor coverage.,auto,[],,,,,,,
Q00537,CR00923,instagram,"handle, follower_count, reach_rate, growth_rate",PRIMARY_SOURCE_MISSING,YELLOW,"{'handle': 'vendor_b', 'follower_count': 'vendor_b', 'reach_rate': 'vendor_b', 'growth_rate': 'vendor_b'}",,vendor_b,vendor_a has no record for this channel; filled from vendor_b (fallback).,No action needed. Tracked to monitor vendor coverage.,auto,[],,,,,,,
Q00538,CR00923,tiktok,"handle, follower_count, reach_rate, growth_rate, meaningful_eng_rate",PRIMARY_SOURCE_MISSING,YELLOW,"{'handle': 'vendor_b', 'follower_count': 'vendor_b', 'reach_rate': 'vendor_b', 'growth_rate': 'vendor_c', 'meaningful_eng_rate': 'vendor_b'}",,"vendor_b, vendor_c","vendor_a has no record for this channel; filled from vendor_b, vendor_c (fallback).",No action needed. Tracked to monitor vendor coverage.,auto,[],,,,,,,
Q00539,CR00923,youtube,growth_rate,PRIMARY_SOURCE_MISSING,YELLOW,{'growth_rate': 'vendor_b'},,vendor_b,vendor_a's record lacks a valid value for growth_rate; filled from vendor_b (fallback).,No action needed. Tracked to monitor vendor coverage.,auto,[],,,,,,,
Q00540,CR00924,instagram,"handle, follower_count, reach_rate, growth_rate",PRIMARY_SOURCE_MISSING,YELLOW,"{'handle': 'vendor_b', 'follower_count': 'vendor_b', 'reach_rate': 'vendor_b', 'growth_rate': 'vendor_b'}",,vendor_b,vendor_a's record is stale; filled from vendor_b (fallback).,No action needed. Tracked to monitor vendor coverage.,auto,[],,,,,,,
Q00541,CR00924,tiktok,"handle, follower_count, reach_rate",PRIMARY_SOURCE_MISSING,YELLOW,"{'handle': 'vendor_c', 'follower_count': 'vendor_c', 'reach_rate': 'vendor_c'}",,vendor_c,vendor_a has no record for this channel; filled from vendor_c (fallback).,No action needed. Tracked to monitor vendor coverage.,auto,[],,,,,,,
Q00542,CR00926,instagram,"handle, follower_count, reach_rate, growth_rate, meaningful_eng_rate",PRIMARY_SOURCE_MISSING,YELLOW,"{'handle': 'vendor_b', 'follower_count': 'vendor_b', 'reach_rate': 'vendor_b', 'growth_rate': 'vendor_c', 'meaningful_eng_rate': 'vendor_b'}",,"vendor_b, vendor_c","vendor_a has no record for this channel; filled from vendor_b, vendor_c (fallback).",No action needed. Tracked to monitor vendor coverage.,auto,[],,,,,,,
Q00543,CR00928,instagram,"handle, follower_count, reach_rate, growth_rate, meaningful_eng_rate",PRIMARY_SOURCE_MISSING,YELLOW,"{'handle': 'vendor_b', 'follower_count': 'vendor_b', 'reach_rate': 'vendor_b', 'growth_rate': 'vendor_b', 'meaningful_eng_rate': 'vendor_b'}",,vendor_b,vendor_a has no record for this channel; filled from vendor_b (fallback).,No action needed. Tracked to monitor vendor coverage.,auto,[],,,,,,,
Q00544,CR00928,tiktok,"handle, follower_count, reach_rate, meaningful_eng_rate",PRIMARY_SOURCE_MISSING,YELLOW,"{'handle': 'vendor_b', 'follower_count': 'vendor_b', 'reach_rate': 'vendor_b', 'meaningful_eng_rate': 'vendor_b'}",,vendor_b,vendor_a has no record for this channel; filled from vendor_b (fallback).,No action needed. Tracked to monitor vendor coverage.,auto,[],,,,,,,
Q00545,CR00934,tiktok,"handle, follower_count, reach_rate, growth_rate, meaningful_eng_rate",PRIMARY_SOURCE_MISSING,YELLOW,"{'handle': 'vendor_b', 'follower_count': 'vendor_b', 'reach_rate': 'vendor_b', 'growth_rate': 'vendor_b', 'meaningful_eng_rate': 'vendor_b'}",,vendor_b,vendor_a has no record for this channel; filled from vendor_b (fallback).,No action needed. Tracked to monitor vendor coverage.,auto,[],,,,,,,
Q00546,CR00934,youtube,"follower_count, meaningful_eng_rate",PRIMARY_SOURCE_MISSING,YELLOW,"{'follower_count': 'vendor_c', 'meaningful_eng_rate': 'vendor_c'}",,vendor_c,vendor_a's record is stale; filled from vendor_c (fallback).,No action needed. Tracked to monitor vendor coverage.,auto,[],,,,,,,
Q00547,CR00935,instagram,"handle, follower_count, reach_rate, growth_rate, meaningful_eng_rate",PRIMARY_SOURCE_MISSING,YELLOW,"{'handle': 'vendor_b', 'follower_count': 'vendor_b', 'reach_rate': 'vendor_b', 'growth_rate': 'vendor_b', 'meaningful_eng_rate': 'vendor_b'}",,vendor_b,vendor_a has no record for this channel; filled from vendor_b (fallback).,No action needed. Tracked to monitor vendor coverage.,auto,[],,,,,,,
Q00548,CR00935,tiktok,"handle, follower_count, reach_rate, growth_rate",PRIMARY_SOURCE_MISSING,YELLOW,"{'handle': 'vendor_c', 'follower_count': 'vendor_c', 'reach_rate': 'vendor_c', 'growth_rate': 'vendor_c'}",,vendor_c,vendor_a has no record for this channel; filled from vendor_c (fallback).,No action needed. Tracked to monitor vendor coverage.,auto,[],,,,,,,
Q00549,CR00939,tiktok,handle,PRIMARY_SOURCE_MISSING,YELLOW,{'handle': 'vendor_b'},,vendor_b,vendor_a's record lacks a valid value for handle; filled from vendor_b (fallback).,No action needed. Tracked to monitor vendor coverage.,auto,[],,,,,,,
Q00550,CR00949,instagram,"follower_count, reach_rate, growth_rate, meaningful_eng_rate",PRIMARY_SOURCE_MISSING,YELLOW,"{'follower_count': 'vendor_b', 'reach_rate': 'vendor_b', 'growth_rate': 'vendor_b', 'meaningful_eng_rate': 'vendor_b'}",,vendor_b,vendor_a has no record for this channel; filled from vendor_b (fallback).,No action needed. Tracked to monitor vendor coverage.,auto,[],,,,,,,
Q00551,CR00952,youtube,meaningful_eng_rate,PRIMARY_SOURCE_MISSING,YELLOW,{'meaningful_eng_rate': 'vendor_b'},,vendor_b,vendor_a's record lacks a valid value for meaningful_eng_rate; filled from vendor_b (fallback).,No action needed. Tracked to monitor vendor coverage.,auto,[],,,,,,,
Q00552,CR00953,tiktok,"handle, follower_count, reach_rate, growth_rate, meaningful_eng_rate",PRIMARY_SOURCE_MISSING,YELLOW,"{'handle': 'vendor_b', 'follower_count': 'vendor_b', 'reach_rate': 'vendor_b', 'growth_rate': 'vendor_b', 'meaningful_eng_rate': 'vendor_b'}",,vendor_b,vendor_a has no record for this channel; filled from vendor_b (fallback).,No action needed. Tracked to monitor vendor coverage.,auto,[],,,,,,,
Q00553,CR00955,tiktok,"handle, follower_count, reach_rate, growth_rate, meaningful_eng_rate",PRIMARY_SOURCE_MISSING,YELLOW,"{'handle': 'vendor_b', 'follower_count': 'vendor_b', 'reach_rate': 'vendor_b', 'growth_rate': 'vendor_b', 'meaningful_eng_rate': 'vendor_b'}",,vendor_b,vendor_a has no record for this channel; filled from vendor_b (fallback).,No action needed. Tracked to monitor vendor coverage.,auto,[],,,,,,,
Q00554,CR00956,instagram,growth_rate,PRIMARY_SOURCE_MISSING,YELLOW,{'growth_rate': 'vendor_b'},,vendor_b,vendor_a's record lacks a valid value for growth_rate; filled from vendor_b (fallback).,No action needed. Tracked to monitor vendor coverage.,auto,[],,,,,,,
Q00555,CR00956,tiktok,"handle, follower_count, reach_rate, growth_rate, meaningful_eng_rate",PRIMARY_SOURCE_MISSING,YELLOW,"{'handle': 'vendor_b', 'follower_count': 'vendor_b', 'reach_rate': 'vendor_b', 'growth_rate': 'vendor_b', 'meaningful_eng_rate': 'vendor_b'}",,vendor_b,vendor_a has no record for this channel; filled from vendor_b (fallback).,No action needed. Tracked to monitor vendor coverage.,auto,[],,,,,,,
Q00556,CR00959,instagram,"handle, follower_count, reach_rate, growth_rate, meaningful_eng_rate",PRIMARY_SOURCE_MISSING,YELLOW,"{'handle': 'vendor_b', 'follower_count': 'vendor_b', 'reach_rate': 'vendor_b', 'growth_rate': 'vendor_b', 'meaningful_eng_rate': 'vendor_b'}",,vendor_b,vendor_a has no record for this channel; filled from vendor_b (fallback).,No action needed. Tracked to monitor vendor coverage.,auto,[],,,,,,,
Q00557,CR00962,instagram,"handle, follower_count, reach_rate, growth_rate, meaningful_eng_rate",PRIMARY_SOURCE_MISSING,YELLOW,"{'handle': 'vendor_b', 'follower_count': 'vendor_b', 'reach_rate': 'vendor_b', 'growth_rate': 'vendor_b', 'meaningful_eng_rate': 'vendor_b'}",,vendor_b,vendor_a has no record for this channel; filled from vendor_b (fallback).,No action needed. Tracked to monitor vendor coverage.,auto,[],,,,,,,
Q00558,CR00962,youtube,meaningful_eng_rate,PRIMARY_SOURCE_MISSING,YELLOW,{'meaningful_eng_rate': 'vendor_b'},,vendor_b,vendor_a's record lacks a valid value for meaningful_eng_rate; filled from vendor_b (fallback).,No action needed. Tracked to monitor vendor coverage.,auto,[],,,,,,,
Q00559,CR00966,instagram,"handle, follower_count, reach_rate, growth_rate, meaningful_eng_rate",PRIMARY_SOURCE_MISSING,YELLOW,"{'handle': 'vendor_b', 'follower_count': 'vendor_b', 'reach_rate': 'vendor_b', 'growth_rate': 'vendor_b', 'meaningful_eng_rate': 'vendor_b'}",,vendor_b,vendor_a has no record for this channel; filled from vendor_b (fallback).,No action needed. Tracked to monitor vendor coverage.,auto,[],,,,,,,
Q00560,CR00969,tiktok,"handle, follower_count, reach_rate, growth_rate, meaningful_eng_rate",PRIMARY_SOURCE_MISSING,YELLOW,"{'handle': 'vendor_b', 'follower_count': 'vendor_b', 'reach_rate': 'vendor_b', 'growth_rate': 'vendor_b', 'meaningful_eng_rate': 'vendor_b'}",,vendor_b,vendor_a has no record for this channel; filled from vendor_b (fallback).,No action needed. Tracked to monitor vendor coverage.,auto,[],,,,,,,
Q00561,CR00971,tiktok,"handle, follower_count, reach_rate, growth_rate, meaningful_eng_rate",PRIMARY_SOURCE_MISSING,YELLOW,"{'handle': 'vendor_b', 'follower_count': 'vendor_b', 'reach_rate': 'vendor_b', 'growth_rate': 'vendor_b', 'meaningful_eng_rate': 'vendor_b'}",,vendor_b,vendor_a has no record for this channel; filled from vendor_b (fallback).,No action needed. Tracked to monitor vendor coverage.,auto,[],,,,,,,
Q00562,CR00975,instagram,"handle, follower_count, reach_rate, growth_rate",PRIMARY_SOURCE_MISSING,YELLOW,"{'handle': 'vendor_b', 'follower_count': 'vendor_b', 'reach_rate': 'vendor_b', 'growth_rate': 'vendor_b'}",,vendor_b,vendor_a has no record for this channel; filled from vendor_b (fallback).,No action needed. Tracked to monitor vendor coverage.,auto,[],,,,,,,
Q00563,CR00977,instagram,"handle, follower_count, reach_rate, meaningful_eng_rate",PRIMARY_SOURCE_MISSING,YELLOW,"{'handle': 'vendor_b', 'follower_count': 'vendor_b', 'reach_rate': 'vendor_b', 'meaningful_eng_rate': 'vendor_b'}",,vendor_b,vendor_a has no record for this channel; filled from vendor_b (fallback).,No action needed. Tracked to monitor vendor coverage.,auto,[],,,,,,,
Q00564,CR00977,tiktok,"handle, follower_count, reach_rate, growth_rate",PRIMARY_SOURCE_MISSING,YELLOW,"{'handle': 'vendor_b', 'follower_count': 'vendor_b', 'reach_rate': 'vendor_b', 'growth_rate': 'vendor_b'}",,vendor_b,vendor_a's record is stale; filled from vendor_b (fallback).,No action needed. Tracked to monitor vendor coverage.,auto,[],,,,,,,
Q00565,CR00978,tiktok,"handle, follower_count, reach_rate, growth_rate",PRIMARY_SOURCE_MISSING,YELLOW,"{'handle': 'vendor_b', 'follower_count': 'vendor_b', 'reach_rate': 'vendor_b', 'growth_rate': 'vendor_b'}",,vendor_b,vendor_a has no record for this channel; filled from vendor_b (fallback).,No action needed. Tracked to monitor vendor coverage.,auto,[],,,,,,,
Q00566,CR00979,instagram,"handle, follower_count, reach_rate, growth_rate, meaningful_eng_rate",PRIMARY_SOURCE_MISSING,YELLOW,"{'handle': 'vendor_b', 'follower_count': 'vendor_b', 'reach_rate': 'vendor_b', 'growth_rate': 'vendor_b', 'meaningful_eng_rate': 'vendor_b'}",,vendor_b,vendor_a has no record for this channel; filled from vendor_b (fallback).,No action needed. Tracked to monitor vendor coverage.,auto,[],,,,,,,
Q00567,CR00979,youtube,"handle, follower_count, reach_rate, growth_rate, meaningful_eng_rate",PRIMARY_SOURCE_MISSING,YELLOW,"{'handle': 'vendor_b', 'follower_count': 'vendor_b', 'reach_rate': 'vendor_b', 'growth_rate': 'vendor_b', 'meaningful_eng_rate': 'vendor_b'}",,vendor_b,vendor_a's record is stale; filled from vendor_b (fallback).,No action needed. Tracked to monitor vendor coverage.,auto,[],,,,,,,
Q00568,CR00983,instagram,"handle, follower_count, reach_rate, growth_rate, meaningful_eng_rate",PRIMARY_SOURCE_MISSING,YELLOW,"{'handle': 'vendor_b', 'follower_count': 'vendor_b', 'reach_rate': 'vendor_b', 'growth_rate': 'vendor_b', 'meaningful_eng_rate': 'vendor_b'}",,vendor_b,vendor_a has no record for this channel; filled from vendor_b (fallback).,No action needed. Tracked to monitor vendor coverage.,auto,[],,,,,,,
Q00569,CR00983,tiktok,"handle, follower_count, reach_rate, growth_rate, meaningful_eng_rate",PRIMARY_SOURCE_MISSING,YELLOW,"{'handle': 'vendor_b', 'follower_count': 'vendor_b', 'reach_rate': 'vendor_b', 'growth_rate': 'vendor_b', 'meaningful_eng_rate': 'vendor_b'}",,vendor_b,vendor_a has no record for this channel; filled from vendor_b (fallback).,No action needed. Tracked to monitor vendor coverage.,auto,[],,,,,,,
Q00570,CR00986,youtube,"handle, follower_count, reach_rate, meaningful_eng_rate",PRIMARY_SOURCE_MISSING,YELLOW,"{'handle': 'vendor_b', 'follower_count': 'vendor_b', 'reach_rate': 'vendor_b', 'meaningful_eng_rate': 'vendor_b'}",,vendor_b,vendor_a has no record for this channel; filled from vendor_b (fallback).,No action needed. Tracked to monitor vendor coverage.,auto,[],,,,,,,
Q00571,CR00987,instagram,"handle, follower_count, growth_rate, meaningful_eng_rate",PRIMARY_SOURCE_MISSING,YELLOW,"{'handle': 'vendor_b', 'follower_count': 'vendor_b', 'growth_rate': 'vendor_b', 'meaningful_eng_rate': 'vendor_b'}",,vendor_b,vendor_a has no record for this channel; filled from vendor_b (fallback).,No action needed. Tracked to monitor vendor coverage.,auto,[],,,,,,,
Q00572,CR00991,instagram,"handle, follower_count, reach_rate, growth_rate, meaningful_eng_rate",PRIMARY_SOURCE_MISSING,YELLOW,"{'handle': 'vendor_b', 'follower_count': 'vendor_b', 'reach_rate': 'vendor_b', 'growth_rate': 'vendor_b', 'meaningful_eng_rate': 'vendor_b'}",,vendor_b,vendor_a's record is stale; filled from vendor_b (fallback).,No action needed. Tracked to monitor vendor coverage.,auto,[],,,,,,,
Q00573,CR00994,instagram,"follower_count, reach_rate, growth_rate",PRIMARY_SOURCE_MISSING,YELLOW,"{'follower_count': 'vendor_b', 'reach_rate': 'vendor_b', 'growth_rate': 'vendor_b'}",,vendor_b,vendor_a's record is stale; filled from vendor_b (fallback).,No action needed. Tracked to monitor vendor coverage.,auto,[],,,,,,,
Q00574,CR00995,instagram,"handle, follower_count, reach_rate, growth_rate",PRIMARY_SOURCE_MISSING,YELLOW,"{'handle': 'vendor_c', 'follower_count': 'vendor_c', 'reach_rate': 'vendor_c', 'growth_rate': 'vendor_c'}",,vendor_c,vendor_a has no record for this channel; filled from vendor_c (fallback).,No action needed. Tracked to monitor vendor coverage.,auto,[],,,,,,,
Q00575,CR00995,tiktok,"handle, follower_count, reach_rate, growth_rate, meaningful_eng_rate",PRIMARY_SOURCE_MISSING,YELLOW,"{'handle': 'vendor_b', 'follower_count': 'vendor_b', 'reach_rate': 'vendor_b', 'growth_rate': 'vendor_b', 'meaningful_eng_rate': 'vendor_b'}",,vendor_b,vendor_a has no record for this channel; filled from vendor_b (fallback).,No action needed. Tracked to monitor vendor coverage.,auto,[],,,,,,,
Q00576,CR00998,tiktok,"handle, follower_count, reach_rate, meaningful_eng_rate",PRIMARY_SOURCE_MISSING,YELLOW,"{'handle': 'vendor_b', 'follower_count': 'vendor_b', 'reach_rate': 'vendor_b', 'meaningful_eng_rate': 'vendor_b'}",,vendor_b,vendor_a has no record for this channel; filled from vendor_b (fallback).,No action needed. Tracked to monitor vendor coverage.,auto,[],,,,,,,
Q00577,CR00999,instagram,"handle, follower_count, reach_rate, growth_rate",PRIMARY_SOURCE_MISSING,YELLOW,"{'handle': 'vendor_c', 'follower_count': 'vendor_c', 'reach_rate': 'vendor_c', 'growth_rate': 'vendor_c'}",,vendor_c,vendor_a has no record for this channel; filled from vendor_c (fallback).,No action needed. Tracked to monitor vendor coverage.,auto,[],,,,,,,
Q00578,CR01003,instagram,"handle, follower_count, reach_rate, growth_rate, meaningful_eng_rate",PRIMARY_SOURCE_MISSING,YELLOW,"{'handle': 'vendor_b', 'follower_count': 'vendor_b', 'reach_rate': 'vendor_b', 'growth_rate': 'vendor_b', 'meaningful_eng_rate': 'vendor_b'}",,vendor_b,vendor_a has no record for this channel; filled from vendor_b (fallback).,No action needed. Tracked to monitor vendor coverage.,auto,[],,,,,,,
Q00579,CR01003,tiktok,"handle, follower_count, reach_rate, growth_rate, meaningful_eng_rate",PRIMARY_SOURCE_MISSING,YELLOW,"{'handle': 'vendor_b', 'follower_count': 'vendor_b', 'reach_rate': 'vendor_b', 'growth_rate': 'vendor_b', 'meaningful_eng_rate': 'vendor_b'}",,vendor_b,vendor_a has no record for this channel; filled from vendor_b (fallback).,No action needed. Tracked to monitor vendor coverage.,auto,[],,,,,,,
Q00580,CR01004,instagram,"handle, follower_count, growth_rate",PRIMARY_SOURCE_MISSING,YELLOW,"{'handle': 'vendor_c', 'follower_count': 'vendor_c', 'growth_rate': 'vendor_c'}",,vendor_c,vendor_a has no record for this channel; filled from vendor_c (fallback).,No action needed. Tracked to monitor vendor coverage.,auto,[],,,,,,,
Q00581,CR01004,tiktok,"handle, follower_count, reach_rate, meaningful_eng_rate",PRIMARY_SOURCE_MISSING,YELLOW,"{'handle': 'vendor_b', 'follower_count': 'vendor_b', 'reach_rate': 'vendor_b', 'meaningful_eng_rate': 'vendor_b'}",,vendor_b,vendor_a has no record for this channel; filled from vendor_b (fallback).,No action needed. Tracked to monitor vendor coverage.,auto,[],,,,,,,
Q00582,CR01004,youtube,"handle, follower_count, reach_rate, meaningful_eng_rate",PRIMARY_SOURCE_MISSING,YELLOW,"{'handle': 'vendor_b', 'follower_count': 'vendor_b', 'reach_rate': 'vendor_b', 'meaningful_eng_rate': 'vendor_b'}",,vendor_b,vendor_a has no record for this channel; filled from vendor_b (fallback).,No action needed. Tracked to monitor vendor coverage.,auto,[],,,,,,,
Q00583,CR01005,tiktok,handle,PRIMARY_SOURCE_MISSING,YELLOW,{'handle': 'vendor_c'},,vendor_c,vendor_a has no record for this channel; filled from vendor_c (fallback).,No action needed. Tracked to monitor vendor coverage.,auto,[],,,,,,,
Q00584,CR01008,instagram,"handle, follower_count, reach_rate, growth_rate, meaningful_eng_rate",PRIMARY_SOURCE_MISSING,YELLOW,"{'handle': 'vendor_b', 'follower_count': 'vendor_b', 'reach_rate': 'vendor_b', 'growth_rate': 'vendor_b', 'meaningful_eng_rate': 'vendor_b'}",,vendor_b,vendor_a has no record for this channel; filled from vendor_b (fallback).,No action needed. Tracked to monitor vendor coverage.,auto,[],,,,,,,
Q00585,CR01008,tiktok,"handle, follower_count, reach_rate, growth_rate",PRIMARY_SOURCE_MISSING,YELLOW,"{'handle': 'vendor_b', 'follower_count': 'vendor_b', 'reach_rate': 'vendor_b', 'growth_rate': 'vendor_b'}",,vendor_b,vendor_a has no record for this channel; filled from vendor_b (fallback).,No action needed. Tracked to monitor vendor coverage.,auto,[],,,,,,,
Q00586,CR01009,instagram,handle,PRIMARY_SOURCE_MISSING,YELLOW,{'handle': 'vendor_c'},,vendor_c,vendor_a has no record for this channel; filled from vendor_c (fallback).,No action needed. Tracked to monitor vendor coverage.,auto,[],,,,,,,
Q00587,CR01011,instagram,"handle, follower_count, reach_rate, growth_rate, meaningful_eng_rate",PRIMARY_SOURCE_MISSING,YELLOW,"{'handle': 'vendor_b', 'follower_count': 'vendor_b', 'reach_rate': 'vendor_b', 'growth_rate': 'vendor_b', 'meaningful_eng_rate': 'vendor_b'}",,vendor_b,vendor_a has no record for this channel; filled from vendor_b (fallback).,No action needed. Tracked to monitor vendor coverage.,auto,[],,,,,,,
Q00588,CR01011,youtube,growth_rate,PRIMARY_SOURCE_MISSING,YELLOW,{'growth_rate': 'vendor_b'},,vendor_b,vendor_a's record lacks a valid value for growth_rate; filled from vendor_b (fallback).,No action needed. Tracked to monitor vendor coverage.,auto,[],,,,,,,
Q00589,CR01014,instagram,"handle, follower_count, reach_rate, growth_rate, meaningful_eng_rate",PRIMARY_SOURCE_MISSING,YELLOW,"{'handle': 'vendor_b', 'follower_count': 'vendor_b', 'reach_rate': 'vendor_b', 'growth_rate': 'vendor_b', 'meaningful_eng_rate': 'vendor_b'}",,vendor_b,vendor_a has no record for this channel; filled from vendor_b (fallback).,No action needed. Tracked to monitor vendor coverage.,auto,[],,,,,,,
Q00590,CR01016,tiktok,"handle, follower_count, reach_rate, growth_rate, meaningful_eng_rate",PRIMARY_SOURCE_MISSING,YELLOW,"{'handle': 'vendor_b', 'follower_count': 'vendor_b', 'reach_rate': 'vendor_b', 'growth_rate': 'vendor_b', 'meaningful_eng_rate': 'vendor_b'}",,vendor_b,vendor_a has no record for this channel; filled from vendor_b (fallback).,No action needed. Tracked to monitor vendor coverage.,auto,[],,,,,,,
Q00591,CR01017,instagram,"handle, follower_count",PRIMARY_SOURCE_MISSING,YELLOW,"{'handle': 'vendor_c', 'follower_count': 'vendor_c'}",,vendor_c,vendor_a has no record for this channel; filled from vendor_c (fallback).,No action needed. Tracked to monitor vendor coverage.,auto,[],,,,,,,
Q00592,CR01023,instagram,meaningful_eng_rate,PRIMARY_SOURCE_MISSING,YELLOW,{'meaningful_eng_rate': 'vendor_b'},,vendor_b,vendor_a's record lacks a valid value for meaningful_eng_rate; filled from vendor_b (fallback).,No action needed. Tracked to monitor vendor coverage.,auto,[],,,,,,,
Q00593,CR01023,tiktok,"follower_count, reach_rate, growth_rate, meaningful_eng_rate",PRIMARY_SOURCE_MISSING,YELLOW,"{'follower_count': 'vendor_b', 'reach_rate': 'vendor_b', 'growth_rate': 'vendor_b', 'meaningful_eng_rate': 'vendor_b'}",,vendor_b,vendor_a has no record for this channel; filled from vendor_b (fallback).,No action needed. Tracked to monitor vendor coverage.,auto,[],,,,,,,
Q00594,CR01025,instagram,"handle, follower_count, reach_rate, growth_rate",PRIMARY_SOURCE_MISSING,YELLOW,"{'handle': 'vendor_b', 'follower_count': 'vendor_b', 'reach_rate': 'vendor_b', 'growth_rate': 'vendor_b'}",,vendor_b,vendor_a has no record for this channel; filled from vendor_b (fallback).,No action needed. Tracked to monitor vendor coverage.,auto,[],,,,,,,
Q00595,CR01030,tiktok,"handle, follower_count, reach_rate, growth_rate, meaningful_eng_rate",PRIMARY_SOURCE_MISSING,YELLOW,"{'handle': 'vendor_b', 'follower_count': 'vendor_b', 'reach_rate': 'vendor_b', 'growth_rate': 'vendor_b', 'meaningful_eng_rate': 'vendor_b'}",,vendor_b,vendor_a has no record for this channel; filled from vendor_b (fallback).,No action needed. Tracked to monitor vendor coverage.,auto,[],,,,,,,
Q00596,CR01030,youtube,"handle, follower_count, reach_rate, growth_rate, meaningful_eng_rate",PRIMARY_SOURCE_MISSING,YELLOW,"{'handle': 'vendor_b', 'follower_count': 'vendor_b', 'reach_rate': 'vendor_b', 'growth_rate': 'vendor_b', 'meaningful_eng_rate': 'vendor_b'}",,vendor_b,vendor_a's record is stale; filled from vendor_b (fallback).,No action needed. Tracked to monitor vendor coverage.,auto,[],,,,,,,
Q00597,CR01031,tiktok,"handle, follower_count, reach_rate, growth_rate, meaningful_eng_rate",PRIMARY_SOURCE_MISSING,YELLOW,"{'handle': 'vendor_b', 'follower_count': 'vendor_b', 'reach_rate': 'vendor_b', 'growth_rate': 'vendor_b', 'meaningful_eng_rate': 'vendor_b'}",,vendor_b,vendor_a has no record for this channel; filled from vendor_b (fallback).,No action needed. Tracked to monitor vendor coverage.,auto,[],,,,,,,
Q00598,CR01034,instagram,"handle, follower_count, reach_rate, growth_rate",PRIMARY_SOURCE_MISSING,YELLOW,"{'handle': 'vendor_c', 'follower_count': 'vendor_c', 'reach_rate': 'vendor_c', 'growth_rate': 'vendor_c'}",,vendor_c,vendor_a has no record for this channel; filled from vendor_c (fallback).,No action needed. Tracked to monitor vendor coverage.,auto,[],,,,,,,
Q00599,CR01034,tiktok,"handle, follower_count, reach_rate, growth_rate, meaningful_eng_rate",PRIMARY_SOURCE_MISSING,YELLOW,"{'handle': 'vendor_b', 'follower_count': 'vendor_b', 'reach_rate': 'vendor_b', 'growth_rate': 'vendor_b', 'meaningful_eng_rate': 'vendor_b'}",,vendor_b,vendor_a has no record for this channel; filled from vendor_b (fallback).,No action needed. Tracked to monitor vendor coverage.,auto,[],,,,,,,
Q00600,CR01035,instagram,"handle, follower_count, reach_rate, growth_rate",PRIMARY_SOURCE_MISSING,YELLOW,"{'handle': 'vendor_b', 'follower_count': 'vendor_b', 'reach_rate': 'vendor_b', 'growth_rate': 'vendor_b'}",,vendor_b,vendor_a has no record for this channel; filled from vendor_b (fallback).,No action needed. Tracked to monitor vendor coverage.,auto,[],,,,,,,
Q00601,CR01035,tiktok,"handle, follower_count, reach_rate, growth_rate",PRIMARY_SOURCE_MISSING,YELLOW,"{'handle': 'vendor_c', 'follower_count': 'vendor_b', 'reach_rate': 'vendor_b', 'growth_rate': 'vendor_b'}",,"vendor_b, vendor_c","vendor_a has no record for this channel; filled from vendor_b, vendor_c (fallback).",No action needed. Tracked to monitor vendor coverage.,auto,[],,,,,,,
Q00602,CR01037,instagram,"handle, follower_count, reach_rate, growth_rate, meaningful_eng_rate",PRIMARY_SOURCE_MISSING,YELLOW,"{'handle': 'vendor_b', 'follower_count': 'vendor_b', 'reach_rate': 'vendor_b', 'growth_rate': 'vendor_b', 'meaningful_eng_rate': 'vendor_b'}",,vendor_b,vendor_a has no record for this channel; filled from vendor_b (fallback).,No action needed. Tracked to monitor vendor coverage.,auto,[],,,,,,,
Q00603,CR01037,tiktok,"handle, follower_count, reach_rate, growth_rate",PRIMARY_SOURCE_MISSING,YELLOW,"{'handle': 'vendor_b', 'follower_count': 'vendor_b', 'reach_rate': 'vendor_b', 'growth_rate': 'vendor_b'}",,vendor_b,vendor_a has no record for this channel; filled from vendor_b (fallback).,No action needed. Tracked to monitor vendor coverage.,auto,[],,,,,,,
Q00604,CR01039,instagram,"handle, follower_count, reach_rate, growth_rate, meaningful_eng_rate",PRIMARY_SOURCE_MISSING,YELLOW,"{'handle': 'vendor_b', 'follower_count': 'vendor_b', 'reach_rate': 'vendor_b', 'growth_rate': 'vendor_b', 'meaningful_eng_rate': 'vendor_b'}",,vendor_b,vendor_a has no record for this channel; filled from vendor_b (fallback).,No action needed. Tracked to monitor vendor coverage.,auto,[],,,,,,,
Q00605,CR01046,instagram,"handle, follower_count, growth_rate",PRIMARY_SOURCE_MISSING,YELLOW,"{'handle': 'vendor_c', 'follower_count': 'vendor_c', 'growth_rate': 'vendor_c'}",,vendor_c,vendor_a has no record for this channel; filled from vendor_c (fallback).,No action needed. Tracked to monitor vendor coverage.,auto,[],,,,,,,
Q00606,CR01046,tiktok,"handle, follower_count, reach_rate, growth_rate, meaningful_eng_rate",PRIMARY_SOURCE_MISSING,YELLOW,"{'handle': 'vendor_b', 'follower_count': 'vendor_b', 'reach_rate': 'vendor_b', 'growth_rate': 'vendor_b', 'meaningful_eng_rate': 'vendor_b'}",,vendor_b,vendor_a has no record for this channel; filled from vendor_b (fallback).,No action needed. Tracked to monitor vendor coverage.,auto,[],,,,,,,
Q00607,CR01049,youtube,"handle, follower_count, reach_rate, growth_rate, meaningful_eng_rate",PRIMARY_SOURCE_MISSING,YELLOW,"{'handle': 'vendor_b', 'follower_count': 'vendor_c', 'reach_rate': 'vendor_c', 'growth_rate': 'vendor_c', 'meaningful_eng_rate': 'vendor_b'}",,"vendor_b, vendor_c","vendor_a's record is stale; filled from vendor_b, vendor_c (fallback).",No action needed. Tracked to monitor vendor coverage.,auto,[],,,,,,,
Q00608,CR01050,tiktok,"handle, follower_count, reach_rate, growth_rate, meaningful_eng_rate",PRIMARY_SOURCE_MISSING,YELLOW,"{'handle': 'vendor_b', 'follower_count': 'vendor_b', 'reach_rate': 'vendor_b', 'growth_rate': 'vendor_b', 'meaningful_eng_rate': 'vendor_b'}",,vendor_b,vendor_a has no record for this channel; filled from vendor_b (fallback).,No action needed. Tracked to monitor vendor coverage.,auto,[],,,,,,,
Q00609,CR01051,instagram,"follower_count, reach_rate, growth_rate, meaningful_eng_rate",PRIMARY_SOURCE_MISSING,YELLOW,"{'follower_count': 'vendor_b', 'reach_rate': 'vendor_b', 'growth_rate': 'vendor_b', 'meaningful_eng_rate': 'vendor_b'}",,vendor_b,vendor_a has no record for this channel; filled from vendor_b (fallback).,No action needed. Tracked to monitor vendor coverage.,auto,[],,,,,,,
Q00610,CR01051,tiktok,"handle, follower_count, reach_rate, growth_rate, meaningful_eng_rate",PRIMARY_SOURCE_MISSING,YELLOW,"{'handle': 'vendor_b', 'follower_count': 'vendor_b', 'reach_rate': 'vendor_b', 'growth_rate': 'vendor_b', 'meaningful_eng_rate': 'vendor_b'}",,vendor_b,vendor_a has no record for this channel; filled from vendor_b (fallback).,No action needed. Tracked to monitor vendor coverage.,auto,[],,,,,,,
Q00611,CR01054,tiktok,"handle, follower_count, reach_rate, growth_rate",PRIMARY_SOURCE_MISSING,YELLOW,"{'handle': 'vendor_b', 'follower_count': 'vendor_b', 'reach_rate': 'vendor_b', 'growth_rate': 'vendor_b'}",,vendor_b,vendor_a has no record for this channel; filled from vendor_b (fallback).,No action needed. Tracked to monitor vendor coverage.,auto,[],,,,,,,
Q00612,CR01055,instagram,"handle, follower_count, reach_rate, growth_rate",PRIMARY_SOURCE_MISSING,YELLOW,"{'handle': 'vendor_b', 'follower_count': 'vendor_b', 'reach_rate': 'vendor_b', 'growth_rate': 'vendor_b'}",,vendor_b,vendor_a has no record for this channel; filled from vendor_b (fallback).,No action needed. Tracked to monitor vendor coverage.,auto,[],,,,,,,
Q00613,CR01057,tiktok,"handle, follower_count, reach_rate, growth_rate",PRIMARY_SOURCE_MISSING,YELLOW,"{'handle': 'vendor_b', 'follower_count': 'vendor_b', 'reach_rate': 'vendor_b', 'growth_rate': 'vendor_b'}",,vendor_b,vendor_a has no record for this channel; filled from vendor_b (fallback).,No action needed. Tracked to monitor vendor coverage.,auto,[],,,,,,,
Q00614,CR01061,tiktok,"handle, follower_count",PRIMARY_SOURCE_MISSING,YELLOW,"{'handle': 'vendor_c', 'follower_count': 'vendor_c'}",,vendor_c,vendor_a has no record for this channel; filled from vendor_c (fallback).,No action needed. Tracked to monitor vendor coverage.,auto,[],,,,,,,
Q00615,CR01064,instagram,"handle, follower_count, reach_rate, growth_rate",PRIMARY_SOURCE_MISSING,YELLOW,"{'handle': 'vendor_b', 'follower_count': 'vendor_b', 'reach_rate': 'vendor_b', 'growth_rate': 'vendor_c'}",,"vendor_b, vendor_c","vendor_a has no record for this channel; filled from vendor_b, vendor_c (fallback).",No action needed. Tracked to monitor vendor coverage.,auto,[],,,,,,,
Q00616,CR01065,tiktok,handle,PRIMARY_SOURCE_MISSING,YELLOW,{'handle': 'vendor_c'},,vendor_c,vendor_a has no record for this channel; filled from vendor_c (fallback).,No action needed. Tracked to monitor vendor coverage.,auto,[],,,,,,,
Q00617,CR01073,instagram,"handle, follower_count, reach_rate",PRIMARY_SOURCE_MISSING,YELLOW,"{'handle': 'vendor_c', 'follower_count': 'vendor_c', 'reach_rate': 'vendor_c'}",,vendor_c,vendor_a has no record for this channel; filled from vendor_c (fallback).,No action needed. Tracked to monitor vendor coverage.,auto,[],,,,,,,
Q00618,CR01073,youtube,"follower_count, reach_rate, growth_rate",PRIMARY_SOURCE_MISSING,YELLOW,"{'follower_count': 'vendor_b', 'reach_rate': 'vendor_b', 'growth_rate': 'vendor_c'}",,"vendor_b, vendor_c","vendor_a's record lacks a valid value for ; filled from vendor_b, vendor_c (fallback).",No action needed. Tracked to monitor vendor coverage.,auto,[],,,,,,,
Q00619,CR01077,tiktok,"handle, follower_count, reach_rate, growth_rate, meaningful_eng_rate",PRIMARY_SOURCE_MISSING,YELLOW,"{'handle': 'vendor_b', 'follower_count': 'vendor_b', 'reach_rate': 'vendor_b', 'growth_rate': 'vendor_b', 'meaningful_eng_rate': 'vendor_b'}",,vendor_b,vendor_a has no record for this channel; filled from vendor_b (fallback).,No action needed. Tracked to monitor vendor coverage.,auto,[],,,,,,,
Q00620,CR01079,tiktok,"handle, follower_count, reach_rate, meaningful_eng_rate",PRIMARY_SOURCE_MISSING,YELLOW,"{'handle': 'vendor_b', 'follower_count': 'vendor_b', 'reach_rate': 'vendor_b', 'meaningful_eng_rate': 'vendor_b'}",,vendor_b,vendor_a has no record for this channel; filled from vendor_b (fallback).,No action needed. Tracked to monitor vendor coverage.,auto,[],,,,,,,
Q00621,CR01081,youtube,meaningful_eng_rate,PRIMARY_SOURCE_MISSING,YELLOW,{'meaningful_eng_rate': 'vendor_b'},,vendor_b,vendor_a's record lacks a valid value for meaningful_eng_rate; filled from vendor_b (fallback).,No action needed. Tracked to monitor vendor coverage.,auto,[],,,,,,,
Q00622,CR01084,youtube,meaningful_eng_rate,PRIMARY_SOURCE_MISSING,YELLOW,{'meaningful_eng_rate': 'vendor_b'},,vendor_b,vendor_a's record lacks a valid value for meaningful_eng_rate; filled from vendor_b (fallback).,No action needed. Tracked to monitor vendor coverage.,auto,[],,,,,,,
Q00623,CR01085,tiktok,"handle, follower_count, growth_rate",PRIMARY_SOURCE_MISSING,YELLOW,"{'handle': 'vendor_c', 'follower_count': 'vendor_c', 'growth_rate': 'vendor_c'}",,vendor_c,vendor_a has no record for this channel; filled from vendor_c (fallback).,No action needed. Tracked to monitor vendor coverage.,auto,[],,,,,,,
Q00624,CR01085,youtube,"handle, follower_count, growth_rate, meaningful_eng_rate",PRIMARY_SOURCE_MISSING,YELLOW,"{'handle': 'vendor_c', 'follower_count': 'vendor_c', 'growth_rate': 'vendor_c', 'meaningful_eng_rate': 'vendor_c'}",,vendor_c,vendor_a has no record for this channel; filled from vendor_c (fallback).,No action needed. Tracked to monitor vendor coverage.,auto,[],,,,,,,
Q00625,CR01088,tiktok,"handle, follower_count, growth_rate",PRIMARY_SOURCE_MISSING,YELLOW,"{'handle': 'vendor_b', 'follower_count': 'vendor_b', 'growth_rate': 'vendor_b'}",,vendor_b,vendor_a has no record for this channel; filled from vendor_b (fallback).,No action needed. Tracked to monitor vendor coverage.,auto,[],,,,,,,
Q00626,CR01092,instagram,"handle, follower_count, reach_rate, growth_rate, meaningful_eng_rate",PRIMARY_SOURCE_MISSING,YELLOW,"{'handle': 'vendor_b', 'follower_count': 'vendor_b', 'reach_rate': 'vendor_b', 'growth_rate': 'vendor_b', 'meaningful_eng_rate': 'vendor_b'}",,vendor_b,vendor_a has no record for this channel; filled from vendor_b (fallback).,No action needed. Tracked to monitor vendor coverage.,auto,[],,,,,,,
Q00627,CR01093,instagram,"handle, follower_count, reach_rate, growth_rate, meaningful_eng_rate",PRIMARY_SOURCE_MISSING,YELLOW,"{'handle': 'vendor_b', 'follower_count': 'vendor_b', 'reach_rate': 'vendor_b', 'growth_rate': 'vendor_b', 'meaningful_eng_rate': 'vendor_b'}",,vendor_b,vendor_a has no record for this channel; filled from vendor_b (fallback).,No action needed. Tracked to monitor vendor coverage.,auto,[],,,,,,,
Q00628,CR01093,tiktok,"handle, meaningful_eng_rate",PRIMARY_SOURCE_MISSING,YELLOW,"{'handle': 'vendor_b', 'meaningful_eng_rate': 'vendor_b'}",,vendor_b,vendor_a has no record for this channel; filled from vendor_b (fallback).,No action needed. Tracked to monitor vendor coverage.,auto,[],,,,,,,
Q00629,CR01096,tiktok,"follower_count, reach_rate, growth_rate",PRIMARY_SOURCE_MISSING,YELLOW,"{'follower_count': 'vendor_c', 'reach_rate': 'vendor_c', 'growth_rate': 'vendor_c'}",,vendor_c,vendor_a has no record for this channel; filled from vendor_c (fallback).,No action needed. Tracked to monitor vendor coverage.,auto,[],,,,,,,
Q00630,CR01100,tiktok,"handle, follower_count, reach_rate, growth_rate",PRIMARY_SOURCE_MISSING,YELLOW,"{'handle': 'vendor_b', 'follower_count': 'vendor_b', 'reach_rate': 'vendor_b', 'growth_rate': 'vendor_b'}",,vendor_b,vendor_a has no record for this channel; filled from vendor_b (fallback).,No action needed. Tracked to monitor vendor coverage.,auto,[],,,,,,,
Q00631,CR01101,instagram,"handle, follower_count, reach_rate, growth_rate, meaningful_eng_rate",PRIMARY_SOURCE_MISSING,YELLOW,"{'handle': 'vendor_b', 'follower_count': 'vendor_b', 'reach_rate': 'vendor_b', 'growth_rate': 'vendor_b', 'meaningful_eng_rate': 'vendor_b'}",,vendor_b,vendor_a has no record for this channel; filled from vendor_b (fallback).,No action needed. Tracked to monitor vendor coverage.,auto,[],,,,,,,
Q00632,CR01102,instagram,"handle, follower_count, reach_rate, growth_rate, meaningful_eng_rate",PRIMARY_SOURCE_MISSING,YELLOW,"{'handle': 'vendor_b', 'follower_count': 'vendor_b', 'reach_rate': 'vendor_b', 'growth_rate': 'vendor_b', 'meaningful_eng_rate': 'vendor_b'}",,vendor_b,vendor_a has no record for this channel; filled from vendor_b (fallback).,No action needed. Tracked to monitor vendor coverage.,auto,[],,,,,,,
Q00633,CR01103,instagram,growth_rate,PRIMARY_SOURCE_MISSING,YELLOW,{'growth_rate': 'vendor_b'},,vendor_b,vendor_a's record lacks a valid value for growth_rate; filled from vendor_b (fallback).,No action needed. Tracked to monitor vendor coverage.,auto,[],,,,,,,
Q00634,CR01103,tiktok,meaningful_eng_rate,PRIMARY_SOURCE_MISSING,YELLOW,{'meaningful_eng_rate': 'vendor_b'},,vendor_b,vendor_a's record lacks a valid value for meaningful_eng_rate; filled from vendor_b (fallback).,No action needed. Tracked to monitor vendor coverage.,auto,[],,,,,,,
Q00635,CR01105,instagram,"handle, follower_count, reach_rate, growth_rate, meaningful_eng_rate",PRIMARY_SOURCE_MISSING,YELLOW,"{'handle': 'vendor_b', 'follower_count': 'vendor_b', 'reach_rate': 'vendor_b', 'growth_rate': 'vendor_b', 'meaningful_eng_rate': 'vendor_b'}",,vendor_b,vendor_a has no record for this channel; filled from vendor_b (fallback).,No action needed. Tracked to monitor vendor coverage.,auto,[],,,,,,,
Q00636,CR01110,instagram,"handle, follower_count, growth_rate",PRIMARY_SOURCE_MISSING,YELLOW,"{'handle': 'vendor_b', 'follower_count': 'vendor_b', 'growth_rate': 'vendor_b'}",,vendor_b,vendor_a has no record for this channel; filled from vendor_b (fallback).,No action needed. Tracked to monitor vendor coverage.,auto,[],,,,,,,
Q00637,CR01116,instagram,"handle, follower_count, reach_rate, growth_rate",PRIMARY_SOURCE_MISSING,YELLOW,"{'handle': 'vendor_c', 'follower_count': 'vendor_c', 'reach_rate': 'vendor_c', 'growth_rate': 'vendor_c'}",,vendor_c,vendor_a has no record for this channel; filled from vendor_c (fallback).,No action needed. Tracked to monitor vendor coverage.,auto,[],,,,,,,
Q00638,CR01119,instagram,"handle, follower_count, reach_rate, growth_rate, meaningful_eng_rate",PRIMARY_SOURCE_MISSING,YELLOW,"{'handle': 'vendor_b', 'follower_count': 'vendor_b', 'reach_rate': 'vendor_b', 'growth_rate': 'vendor_b', 'meaningful_eng_rate': 'vendor_b'}",,vendor_b,vendor_a has no record for this channel; filled from vendor_b (fallback).,No action needed. Tracked to monitor vendor coverage.,auto,[],,,,,,,
Q00639,CR01119,tiktok,reach_rate,PRIMARY_SOURCE_MISSING,YELLOW,{'reach_rate': 'vendor_b'},,vendor_b,vendor_a's record lacks a valid value for reach_rate; filled from vendor_b (fallback).,No action needed. Tracked to monitor vendor coverage.,auto,[],,,,,,,
Q00640,CR01121,instagram,reach_rate,PRIMARY_SOURCE_MISSING,YELLOW,{'reach_rate': 'vendor_b'},,vendor_b,vendor_a's record lacks a valid value for reach_rate; filled from vendor_b (fallback).,No action needed. Tracked to monitor vendor coverage.,auto,[],,,,,,,
Q00641,CR01121,tiktok,"handle, follower_count, reach_rate, growth_rate",PRIMARY_SOURCE_MISSING,YELLOW,"{'handle': 'vendor_b', 'follower_count': 'vendor_b', 'reach_rate': 'vendor_b', 'growth_rate': 'vendor_b'}",,vendor_b,vendor_a's record is stale; filled from vendor_b (fallback).,No action needed. Tracked to monitor vendor coverage.,auto,[],,,,,,,
Q00642,CR01127,youtube,"handle, follower_count, reach_rate, growth_rate, meaningful_eng_rate",PRIMARY_SOURCE_MISSING,YELLOW,"{'handle': 'vendor_b', 'follower_count': 'vendor_b', 'reach_rate': 'vendor_b', 'growth_rate': 'vendor_b', 'meaningful_eng_rate': 'vendor_b'}",,vendor_b,vendor_a's record is stale; filled from vendor_b (fallback).,No action needed. Tracked to monitor vendor coverage.,auto,[],,,,,,,
Q00643,CR01129,instagram,"handle, follower_count, reach_rate, growth_rate, meaningful_eng_rate",PRIMARY_SOURCE_MISSING,YELLOW,"{'handle': 'vendor_b', 'follower_count': 'vendor_b', 'reach_rate': 'vendor_b', 'growth_rate': 'vendor_b', 'meaningful_eng_rate': 'vendor_b'}",,vendor_b,vendor_a has no record for this channel; filled from vendor_b (fallback).,No action needed. Tracked to monitor vendor coverage.,auto,[],,,,,,,
Q00644,CR01129,tiktok,"handle, follower_count, reach_rate, growth_rate, meaningful_eng_rate",PRIMARY_SOURCE_MISSING,YELLOW,"{'handle': 'vendor_b', 'follower_count': 'vendor_b', 'reach_rate': 'vendor_b', 'growth_rate': 'vendor_b', 'meaningful_eng_rate': 'vendor_b'}",,vendor_b,vendor_a has no record for this channel; filled from vendor_b (fallback).,No action needed. Tracked to monitor vendor coverage.,auto,[],,,,,,,
Q00645,CR01132,instagram,"handle, follower_count, reach_rate, growth_rate, meaningful_eng_rate",PRIMARY_SOURCE_MISSING,YELLOW,"{'handle': 'vendor_b', 'follower_count': 'vendor_b', 'reach_rate': 'vendor_b', 'growth_rate': 'vendor_b', 'meaningful_eng_rate': 'vendor_b'}",,vendor_b,vendor_a has no record for this channel; filled from vendor_b (fallback).,No action needed. Tracked to monitor vendor coverage.,auto,[],,,,,,,
Q00646,CR01133,instagram,"handle, follower_count, reach_rate, growth_rate, meaningful_eng_rate",PRIMARY_SOURCE_MISSING,YELLOW,"{'handle': 'vendor_b', 'follower_count': 'vendor_b', 'reach_rate': 'vendor_b', 'growth_rate': 'vendor_b', 'meaningful_eng_rate': 'vendor_b'}",,vendor_b,vendor_a has no record for this channel; filled from vendor_b (fallback).,No action needed. Tracked to monitor vendor coverage.,auto,[],,,,,,,
Q00647,CR01136,instagram,"handle, follower_count, reach_rate, growth_rate, meaningful_eng_rate",PRIMARY_SOURCE_MISSING,YELLOW,"{'handle': 'vendor_b', 'follower_count': 'vendor_b', 'reach_rate': 'vendor_b', 'growth_rate': 'vendor_b', 'meaningful_eng_rate': 'vendor_b'}",,vendor_b,vendor_a has no record for this channel; filled from vendor_b (fallback).,No action needed. Tracked to monitor vendor coverage.,auto,[],,,,,,,
Q00648,CR01136,tiktok,"handle, follower_count, reach_rate, growth_rate, meaningful_eng_rate",PRIMARY_SOURCE_MISSING,YELLOW,"{'handle': 'vendor_b', 'follower_count': 'vendor_b', 'reach_rate': 'vendor_b', 'growth_rate': 'vendor_b', 'meaningful_eng_rate': 'vendor_b'}",,vendor_b,vendor_a has no record for this channel; filled from vendor_b (fallback).,No action needed. Tracked to monitor vendor coverage.,auto,[],,,,,,,
Q00649,CR01138,youtube,"handle, follower_count, reach_rate, growth_rate",PRIMARY_SOURCE_MISSING,YELLOW,"{'handle': 'vendor_b', 'follower_count': 'vendor_b', 'reach_rate': 'vendor_b', 'growth_rate': 'vendor_b'}",,vendor_b,vendor_a's record is stale; filled from vendor_b (fallback).,No action needed. Tracked to monitor vendor coverage.,auto,[],,,,,,,
Q00650,CR01139,instagram,"handle, follower_count, reach_rate, meaningful_eng_rate",PRIMARY_SOURCE_MISSING,YELLOW,"{'handle': 'vendor_b', 'follower_count': 'vendor_b', 'reach_rate': 'vendor_b', 'meaningful_eng_rate': 'vendor_b'}",,vendor_b,vendor_a has no record for this channel; filled from vendor_b (fallback).,No action needed. Tracked to monitor vendor coverage.,auto,[],,,,,,,
Q00651,CR01144,instagram,"handle, follower_count, reach_rate, growth_rate",PRIMARY_SOURCE_MISSING,YELLOW,"{'handle': 'vendor_c', 'follower_count': 'vendor_c', 'reach_rate': 'vendor_c', 'growth_rate': 'vendor_c'}",,vendor_c,vendor_a has no record for this channel; filled from vendor_c (fallback).,No action needed. Tracked to monitor vendor coverage.,auto,[],,,,,,,
Q00652,CR01144,tiktok,"handle, follower_count, reach_rate, growth_rate, meaningful_eng_rate",PRIMARY_SOURCE_MISSING,YELLOW,"{'handle': 'vendor_b', 'follower_count': 'vendor_b', 'reach_rate': 'vendor_b', 'growth_rate': 'vendor_b', 'meaningful_eng_rate': 'vendor_b'}",,vendor_b,vendor_a has no record for this channel; filled from vendor_b (fallback).,No action needed. Tracked to monitor vendor coverage.,auto,[],,,,,,,
Q00653,CR01144,youtube,"handle, follower_count, growth_rate",PRIMARY_SOURCE_MISSING,YELLOW,"{'handle': 'vendor_c', 'follower_count': 'vendor_c', 'growth_rate': 'vendor_c'}",,vendor_c,vendor_a has no record for this channel; filled from vendor_c (fallback).,No action needed. Tracked to monitor vendor coverage.,auto,[],,,,,,,
Q00654,CR01145,instagram,"handle, follower_count, reach_rate, growth_rate, meaningful_eng_rate",PRIMARY_SOURCE_MISSING,YELLOW,"{'handle': 'vendor_b', 'follower_count': 'vendor_b', 'reach_rate': 'vendor_b', 'growth_rate': 'vendor_b', 'meaningful_eng_rate': 'vendor_b'}",,vendor_b,vendor_a has no record for this channel; filled from vendor_b (fallback).,No action needed. Tracked to monitor vendor coverage.,auto,[],,,,,,,
Q00655,CR01145,tiktok,"handle, follower_count, reach_rate, growth_rate",PRIMARY_SOURCE_MISSING,YELLOW,"{'handle': 'vendor_b', 'follower_count': 'vendor_b', 'reach_rate': 'vendor_b', 'growth_rate': 'vendor_b'}",,vendor_b,vendor_a has no record for this channel; filled from vendor_b (fallback).,No action needed. Tracked to monitor vendor coverage.,auto,[],,,,,,,
Q00656,CR01147,instagram,"handle, follower_count, reach_rate, growth_rate, meaningful_eng_rate",PRIMARY_SOURCE_MISSING,YELLOW,"{'handle': 'vendor_b', 'follower_count': 'vendor_b', 'reach_rate': 'vendor_b', 'growth_rate': 'vendor_b', 'meaningful_eng_rate': 'vendor_b'}",,vendor_b,vendor_a has no record for this channel; filled from vendor_b (fallback).,No action needed. Tracked to monitor vendor coverage.,auto,[],,,,,,,
Q00657,CR01147,tiktok,"handle, follower_count, meaningful_eng_rate",PRIMARY_SOURCE_MISSING,YELLOW,"{'handle': 'vendor_b', 'follower_count': 'vendor_b', 'meaningful_eng_rate': 'vendor_b'}",,vendor_b,vendor_a has no record for this channel; filled from vendor_b (fallback).,No action needed. Tracked to monitor vendor coverage.,auto,[],,,,,,,
Q00658,CR01147,youtube,"handle, follower_count, reach_rate, growth_rate, meaningful_eng_rate",PRIMARY_SOURCE_MISSING,YELLOW,"{'handle': 'vendor_b', 'follower_count': 'vendor_b', 'reach_rate': 'vendor_b', 'growth_rate': 'vendor_b', 'meaningful_eng_rate': 'vendor_b'}",,vendor_b,vendor_a has no record for this channel; filled from vendor_b (fallback).,No action needed. Tracked to monitor vendor coverage.,auto,[],,,,,,,
Q00659,CR01152,tiktok,"handle, follower_count, reach_rate, growth_rate",PRIMARY_SOURCE_MISSING,YELLOW,"{'handle': 'vendor_c', 'follower_count': 'vendor_c', 'reach_rate': 'vendor_c', 'growth_rate': 'vendor_c'}",,vendor_c,vendor_a has no record for this channel; filled from vendor_c (fallback).,No action needed. Tracked to monitor vendor coverage.,auto,[],,,,,,,
Q00660,CR01156,instagram,"handle, follower_count, reach_rate, growth_rate",PRIMARY_SOURCE_MISSING,YELLOW,"{'handle': 'vendor_b', 'follower_count': 'vendor_b', 'reach_rate': 'vendor_b', 'growth_rate': 'vendor_b'}",,vendor_b,vendor_a has no record for this channel; filled from vendor_b (fallback).,No action needed. Tracked to monitor vendor coverage.,auto,[],,,,,,,
Q00661,CR01160,instagram,"handle, follower_count, reach_rate, growth_rate, meaningful_eng_rate",PRIMARY_SOURCE_MISSING,YELLOW,"{'handle': 'vendor_b', 'follower_count': 'vendor_b', 'reach_rate': 'vendor_b', 'growth_rate': 'vendor_b', 'meaningful_eng_rate': 'vendor_b'}",,vendor_b,vendor_a has no record for this channel; filled from vendor_b (fallback).,No action needed. Tracked to monitor vendor coverage.,auto,[],,,,,,,
Q00662,CR01160,tiktok,"handle, follower_count, reach_rate, growth_rate, meaningful_eng_rate",PRIMARY_SOURCE_MISSING,YELLOW,"{'handle': 'vendor_b', 'follower_count': 'vendor_b', 'reach_rate': 'vendor_b', 'growth_rate': 'vendor_c', 'meaningful_eng_rate': 'vendor_b'}",,"vendor_b, vendor_c","vendor_a has no record for this channel; filled from vendor_b, vendor_c (fallback).",No action needed. Tracked to monitor vendor coverage.,auto,[],,,,,,,
Q00663,CR01168,instagram,"follower_count, reach_rate, growth_rate, meaningful_eng_rate",PRIMARY_SOURCE_MISSING,YELLOW,"{'follower_count': 'vendor_b', 'reach_rate': 'vendor_b', 'growth_rate': 'vendor_b', 'meaningful_eng_rate': 'vendor_b'}",,vendor_b,vendor_a has no record for this channel; filled from vendor_b (fallback).,No action needed. Tracked to monitor vendor coverage.,auto,[],,,,,,,
Q00664,CR01174,tiktok,"handle, follower_count, reach_rate, growth_rate, meaningful_eng_rate",PRIMARY_SOURCE_MISSING,YELLOW,"{'handle': 'vendor_b', 'follower_count': 'vendor_b', 'reach_rate': 'vendor_b', 'growth_rate': 'vendor_b', 'meaningful_eng_rate': 'vendor_b'}",,vendor_b,vendor_a has no record for this channel; filled from vendor_b (fallback).,No action needed. Tracked to monitor vendor coverage.,auto,[],,,,,,,
Q00665,CR01175,instagram,"handle, follower_count, reach_rate, growth_rate, meaningful_eng_rate",PRIMARY_SOURCE_MISSING,YELLOW,"{'handle': 'vendor_b', 'follower_count': 'vendor_b', 'reach_rate': 'vendor_b', 'growth_rate': 'vendor_b', 'meaningful_eng_rate': 'vendor_b'}",,vendor_b,vendor_a has no record for this channel; filled from vendor_b (fallback).,No action needed. Tracked to monitor vendor coverage.,auto,[],,,,,,,
Q00666,CR01175,tiktok,"handle, follower_count, reach_rate, growth_rate, meaningful_eng_rate",PRIMARY_SOURCE_MISSING,YELLOW,"{'handle': 'vendor_b', 'follower_count': 'vendor_b', 'reach_rate': 'vendor_b', 'growth_rate': 'vendor_b', 'meaningful_eng_rate': 'vendor_b'}",,vendor_b,vendor_a's record is stale; filled from vendor_b (fallback).,No action needed. Tracked to monitor vendor coverage.,auto,[],,,,,,,
Q00667,CR01181,instagram,"handle, follower_count, reach_rate, growth_rate, meaningful_eng_rate",PRIMARY_SOURCE_MISSING,YELLOW,"{'handle': 'vendor_b', 'follower_count': 'vendor_b', 'reach_rate': 'vendor_b', 'growth_rate': 'vendor_b', 'meaningful_eng_rate': 'vendor_b'}",,vendor_b,vendor_a has no record for this channel; filled from vendor_b (fallback).,No action needed. Tracked to monitor vendor coverage.,auto,[],,,,,,,
Q00668,CR01184,tiktok,"handle, follower_count, reach_rate, growth_rate, meaningful_eng_rate",PRIMARY_SOURCE_MISSING,YELLOW,"{'handle': 'vendor_b', 'follower_count': 'vendor_b', 'reach_rate': 'vendor_b', 'growth_rate': 'vendor_b', 'meaningful_eng_rate': 'vendor_b'}",,vendor_b,vendor_a has no record for this channel; filled from vendor_b (fallback).,No action needed. Tracked to monitor vendor coverage.,auto,[],,,,,,,
Q00669,CR01187,tiktok,"handle, follower_count, reach_rate, meaningful_eng_rate",PRIMARY_SOURCE_MISSING,YELLOW,"{'handle': 'vendor_b', 'follower_count': 'vendor_b', 'reach_rate': 'vendor_b', 'meaningful_eng_rate': 'vendor_b'}",,vendor_b,vendor_a has no record for this channel; filled from vendor_b (fallback).,No action needed. Tracked to monitor vendor coverage.,auto,[],,,,,,,
Q00670,CR01187,youtube,growth_rate,PRIMARY_SOURCE_MISSING,YELLOW,{'growth_rate': 'vendor_b'},,vendor_b,vendor_a's record lacks a valid value for growth_rate; filled from vendor_b (fallback).,No action needed. Tracked to monitor vendor coverage.,auto,[],,,,,,,
Q00671,CR01189,instagram,"handle, follower_count",PRIMARY_SOURCE_MISSING,YELLOW,"{'handle': 'vendor_b', 'follower_count': 'vendor_b'}",,vendor_b,vendor_a has no record for this channel; filled from vendor_b (fallback).,No action needed. Tracked to monitor vendor coverage.,auto,[],,,,,,,
Q00672,CR01190,tiktok,"handle, follower_count, reach_rate, meaningful_eng_rate",PRIMARY_SOURCE_MISSING,YELLOW,"{'handle': 'vendor_b', 'follower_count': 'vendor_b', 'reach_rate': 'vendor_b', 'meaningful_eng_rate': 'vendor_b'}",,vendor_b,vendor_a has no record for this channel; filled from vendor_b (fallback).,No action needed. Tracked to monitor vendor coverage.,auto,[],,,,,,,
Q00673,CR01191,tiktok,"handle, follower_count, reach_rate, growth_rate, meaningful_eng_rate",PRIMARY_SOURCE_MISSING,YELLOW,"{'handle': 'vendor_b', 'follower_count': 'vendor_b', 'reach_rate': 'vendor_b', 'growth_rate': 'vendor_b', 'meaningful_eng_rate': 'vendor_b'}",,vendor_b,vendor_a has no record for this channel; filled from vendor_b (fallback).,No action needed. Tracked to monitor vendor coverage.,auto,[],,,,,,,
Q00674,CR01199,tiktok,"handle, follower_count, reach_rate, growth_rate, meaningful_eng_rate",PRIMARY_SOURCE_MISSING,YELLOW,"{'handle': 'vendor_b', 'follower_count': 'vendor_b', 'reach_rate': 'vendor_b', 'growth_rate': 'vendor_b', 'meaningful_eng_rate': 'vendor_b'}",,vendor_b,vendor_a has no record for this channel; filled from vendor_b (fallback).,No action needed. Tracked to monitor vendor coverage.,auto,[],,,,,,,
Q00675,CR01201,tiktok,"handle, follower_count, reach_rate, growth_rate, meaningful_eng_rate",PRIMARY_SOURCE_MISSING,YELLOW,"{'handle': 'vendor_b', 'follower_count': 'vendor_b', 'reach_rate': 'vendor_b', 'growth_rate': 'vendor_b', 'meaningful_eng_rate': 'vendor_b'}",,vendor_b,vendor_a has no record for this channel; filled from vendor_b (fallback).,No action needed. Tracked to monitor vendor coverage.,auto,[],,,,,,,
Q00676,CR01204,instagram,"handle, follower_count, reach_rate, growth_rate",PRIMARY_SOURCE_MISSING,YELLOW,"{'handle': 'vendor_b', 'follower_count': 'vendor_b', 'reach_rate': 'vendor_b', 'growth_rate': 'vendor_b'}",,vendor_b,vendor_a has no record for this channel; filled from vendor_b (fallback).,No action needed. Tracked to monitor vendor coverage.,auto,[],,,,,,,
Q00677,CR01204,tiktok,"handle, follower_count, reach_rate, growth_rate, meaningful_eng_rate",PRIMARY_SOURCE_MISSING,YELLOW,"{'handle': 'vendor_b', 'follower_count': 'vendor_b', 'reach_rate': 'vendor_b', 'growth_rate': 'vendor_b', 'meaningful_eng_rate': 'vendor_b'}",,vendor_b,vendor_a has no record for this channel; filled from vendor_b (fallback).,No action needed. Tracked to monitor vendor coverage.,auto,[],,,,,,,
Q00678,CR01205,instagram,"handle, follower_count, reach_rate, growth_rate",PRIMARY_SOURCE_MISSING,YELLOW,"{'handle': 'vendor_c', 'follower_count': 'vendor_c', 'reach_rate': 'vendor_c', 'growth_rate': 'vendor_c'}",,vendor_c,vendor_a has no record for this channel; filled from vendor_c (fallback).,No action needed. Tracked to monitor vendor coverage.,auto,[],,,,,,,
Q00679,CR01207,instagram,"handle, follower_count, reach_rate, growth_rate, meaningful_eng_rate",PRIMARY_SOURCE_MISSING,YELLOW,"{'handle': 'vendor_b', 'follower_count': 'vendor_b', 'reach_rate': 'vendor_b', 'growth_rate': 'vendor_b', 'meaningful_eng_rate': 'vendor_b'}",,vendor_b,vendor_a has no record for this channel; filled from vendor_b (fallback).,No action needed. Tracked to monitor vendor coverage.,auto,[],,,,,,,
Q00680,CR01208,tiktok,"handle, follower_count, reach_rate, growth_rate",PRIMARY_SOURCE_MISSING,YELLOW,"{'handle': 'vendor_c', 'follower_count': 'vendor_c', 'reach_rate': 'vendor_c', 'growth_rate': 'vendor_c'}",,vendor_c,vendor_a's record is stale; filled from vendor_c (fallback).,No action needed. Tracked to monitor vendor coverage.,auto,[],,,,,,,
Q00681,CR01211,tiktok,"handle, follower_count, reach_rate, growth_rate, meaningful_eng_rate",PRIMARY_SOURCE_MISSING,YELLOW,"{'handle': 'vendor_b', 'follower_count': 'vendor_b', 'reach_rate': 'vendor_b', 'growth_rate': 'vendor_b', 'meaningful_eng_rate': 'vendor_b'}",,vendor_b,vendor_a has no record for this channel; filled from vendor_b (fallback).,No action needed. Tracked to monitor vendor coverage.,auto,[],,,,,,,
Q00682,CR01213,instagram,"handle, follower_count, reach_rate, growth_rate, meaningful_eng_rate",PRIMARY_SOURCE_MISSING,YELLOW,"{'handle': 'vendor_b', 'follower_count': 'vendor_b', 'reach_rate': 'vendor_b', 'growth_rate': 'vendor_b', 'meaningful_eng_rate': 'vendor_b'}",,vendor_b,vendor_a's record is stale; filled from vendor_b (fallback).,No action needed. Tracked to monitor vendor coverage.,auto,[],,,,,,,
Q00683,CR01215,instagram,"handle, follower_count, reach_rate",PRIMARY_SOURCE_MISSING,YELLOW,"{'handle': 'vendor_b', 'follower_count': 'vendor_b', 'reach_rate': 'vendor_b'}",,vendor_b,vendor_a has no record for this channel; filled from vendor_b (fallback).,No action needed. Tracked to monitor vendor coverage.,auto,[],,,,,,,
Q00684,CR01215,tiktok,"handle, follower_count, reach_rate, growth_rate, meaningful_eng_rate",PRIMARY_SOURCE_MISSING,YELLOW,"{'handle': 'vendor_b', 'follower_count': 'vendor_b', 'reach_rate': 'vendor_b', 'growth_rate': 'vendor_b', 'meaningful_eng_rate': 'vendor_b'}",,vendor_b,vendor_a has no record for this channel; filled from vendor_b (fallback).,No action needed. Tracked to monitor vendor coverage.,auto,[],,,,,,,
Q00685,CR01217,tiktok,"handle, follower_count, reach_rate, growth_rate, meaningful_eng_rate",PRIMARY_SOURCE_MISSING,YELLOW,"{'handle': 'vendor_b', 'follower_count': 'vendor_b', 'reach_rate': 'vendor_b', 'growth_rate': 'vendor_b', 'meaningful_eng_rate': 'vendor_b'}",,vendor_b,vendor_a has no record for this channel; filled from vendor_b (fallback).,No action needed. Tracked to monitor vendor coverage.,auto,[],,,,,,,
Q00686,CR01217,youtube,"follower_count, growth_rate",PRIMARY_SOURCE_MISSING,YELLOW,"{'follower_count': 'vendor_c', 'growth_rate': 'vendor_c'}",,vendor_c,"vendor_a's record lacks a valid value for follower_count, growth_rate; filled from vendor_c (fallback).",No action needed. Tracked to monitor vendor coverage.,auto,[],,,,,,,
Q00687,CR01222,instagram,"handle, follower_count, growth_rate",PRIMARY_SOURCE_MISSING,YELLOW,"{'handle': 'vendor_b', 'follower_count': 'vendor_c', 'growth_rate': 'vendor_c'}",,"vendor_b, vendor_c","vendor_a's record is stale; filled from vendor_b, vendor_c (fallback).",No action needed. Tracked to monitor vendor coverage.,auto,[],,,,,,,
Q00688,CR01222,tiktok,"handle, follower_count, reach_rate, growth_rate, meaningful_eng_rate",PRIMARY_SOURCE_MISSING,YELLOW,"{'handle': 'vendor_b', 'follower_count': 'vendor_b', 'reach_rate': 'vendor_b', 'growth_rate': 'vendor_b', 'meaningful_eng_rate': 'vendor_b'}",,vendor_b,vendor_a has no record for this channel; filled from vendor_b (fallback).,No action needed. Tracked to monitor vendor coverage.,auto,[],,,,,,,
Q00689,CR01222,youtube,"handle, follower_count, meaningful_eng_rate",PRIMARY_SOURCE_MISSING,YELLOW,"{'handle': 'vendor_c', 'follower_count': 'vendor_c', 'meaningful_eng_rate': 'vendor_c'}",,vendor_c,vendor_a has no record for this channel; filled from vendor_c (fallback).,No action needed. Tracked to monitor vendor coverage.,auto,[],,,,,,,
Q00690,CR01223,instagram,"handle, follower_count, reach_rate, growth_rate, meaningful_eng_rate",PRIMARY_SOURCE_MISSING,YELLOW,"{'handle': 'vendor_b', 'follower_count': 'vendor_b', 'reach_rate': 'vendor_b', 'growth_rate': 'vendor_b', 'meaningful_eng_rate': 'vendor_b'}",,vendor_b,vendor_a has no record for this channel; filled from vendor_b (fallback).,No action needed. Tracked to monitor vendor coverage.,auto,[],,,,,,,
Q00691,CR01223,tiktok,"handle, follower_count, reach_rate, growth_rate, meaningful_eng_rate",PRIMARY_SOURCE_MISSING,YELLOW,"{'handle': 'vendor_b', 'follower_count': 'vendor_b', 'reach_rate': 'vendor_b', 'growth_rate': 'vendor_b', 'meaningful_eng_rate': 'vendor_b'}",,vendor_b,vendor_a has no record for this channel; filled from vendor_b (fallback).,No action needed. Tracked to monitor vendor coverage.,auto,[],,,,,,,
Q00692,CR01224,instagram,handle,PRIMARY_SOURCE_MISSING,YELLOW,{'handle': 'vendor_c'},,vendor_c,vendor_a has no record for this channel; filled from vendor_c (fallback).,No action needed. Tracked to monitor vendor coverage.,auto,[],,,,,,,
Q00693,CR01224,tiktok,"handle, follower_count, reach_rate, growth_rate",PRIMARY_SOURCE_MISSING,YELLOW,"{'handle': 'vendor_c', 'follower_count': 'vendor_c', 'reach_rate': 'vendor_c', 'growth_rate': 'vendor_c'}",,vendor_c,vendor_a has no record for this channel; filled from vendor_c (fallback).,No action needed. Tracked to monitor vendor coverage.,auto,[],,,,,,,
Q00694,CR01227,instagram,"handle, follower_count, reach_rate, growth_rate",PRIMARY_SOURCE_MISSING,YELLOW,"{'handle': 'vendor_b', 'follower_count': 'vendor_b', 'reach_rate': 'vendor_b', 'growth_rate': 'vendor_b'}",,vendor_b,vendor_a has no record for this channel; filled from vendor_b (fallback).,No action needed. Tracked to monitor vendor coverage.,auto,[],,,,,,,
Q00695,CR01229,tiktok,"handle, follower_count, reach_rate, growth_rate",PRIMARY_SOURCE_MISSING,YELLOW,"{'handle': 'vendor_b', 'follower_count': 'vendor_b', 'reach_rate': 'vendor_b', 'growth_rate': 'vendor_b'}",,vendor_b,vendor_a has no record for this channel; filled from vendor_b (fallback).,No action needed. Tracked to monitor vendor coverage.,auto,[],,,,,,,
Q00696,CR01230,instagram,"handle, follower_count, reach_rate, growth_rate, meaningful_eng_rate",PRIMARY_SOURCE_MISSING,YELLOW,"{'handle': 'vendor_b', 'follower_count': 'vendor_b', 'reach_rate': 'vendor_b', 'growth_rate': 'vendor_b', 'meaningful_eng_rate': 'vendor_b'}",,vendor_b,vendor_a has no record for this channel; filled from vendor_b (fallback).,No action needed. Tracked to monitor vendor coverage.,auto,[],,,,,,,
Q00697,CR01231,youtube,"handle, follower_count, growth_rate, meaningful_eng_rate",PRIMARY_SOURCE_MISSING,YELLOW,"{'handle': 'vendor_c', 'follower_count': 'vendor_c', 'growth_rate': 'vendor_c', 'meaningful_eng_rate': 'vendor_c'}",,vendor_c,vendor_a's record is stale; filled from vendor_c (fallback).,No action needed. Tracked to monitor vendor coverage.,auto,[],,,,,,,
Q00698,CR01233,youtube,meaningful_eng_rate,PRIMARY_SOURCE_MISSING,YELLOW,{'meaningful_eng_rate': 'vendor_b'},,vendor_b,vendor_a's record lacks a valid value for meaningful_eng_rate; filled from vendor_b (fallback).,No action needed. Tracked to monitor vendor coverage.,auto,[],,,,,,,
Q00699,CR01235,instagram,"handle, follower_count, reach_rate, growth_rate, meaningful_eng_rate",PRIMARY_SOURCE_MISSING,YELLOW,"{'handle': 'vendor_b', 'follower_count': 'vendor_b', 'reach_rate': 'vendor_b', 'growth_rate': 'vendor_b', 'meaningful_eng_rate': 'vendor_b'}",,vendor_b,vendor_a has no record for this channel; filled from vendor_b (fallback).,No action needed. Tracked to monitor vendor coverage.,auto,[],,,,,,,
Q00700,CR01236,instagram,"handle, follower_count, reach_rate, growth_rate",PRIMARY_SOURCE_MISSING,YELLOW,"{'handle': 'vendor_b', 'follower_count': 'vendor_b', 'reach_rate': 'vendor_b', 'growth_rate': 'vendor_b'}",,vendor_b,vendor_a has no record for this channel; filled from vendor_b (fallback).,No action needed. Tracked to monitor vendor coverage.,auto,[],,,,,,,
Q00701,CR01236,tiktok,handle,PRIMARY_SOURCE_MISSING,YELLOW,{'handle': 'vendor_b'},,vendor_b,vendor_a's record lacks a valid value for handle; filled from vendor_b (fallback).,No action needed. Tracked to monitor vendor coverage.,auto,[],,,,,,,
Q00702,CR01240,tiktok,"handle, follower_count, reach_rate, growth_rate, meaningful_eng_rate",PRIMARY_SOURCE_MISSING,YELLOW,"{'handle': 'vendor_b', 'follower_count': 'vendor_b', 'reach_rate': 'vendor_b', 'growth_rate': 'vendor_b', 'meaningful_eng_rate': 'vendor_b'}",,vendor_b,vendor_a has no record for this channel; filled from vendor_b (fallback).,No action needed. Tracked to monitor vendor coverage.,auto,[],,,,,,,
Q00703,CR01241,instagram,"follower_count, reach_rate",PRIMARY_SOURCE_MISSING,YELLOW,"{'follower_count': 'vendor_c', 'reach_rate': 'vendor_c'}",,vendor_c,vendor_a has no record for this channel; filled from vendor_c (fallback).,No action needed. Tracked to monitor vendor coverage.,auto,[],,,,,,,
Q00704,CR01243,tiktok,"handle, follower_count, reach_rate, meaningful_eng_rate",PRIMARY_SOURCE_MISSING,YELLOW,"{'handle': 'vendor_b', 'follower_count': 'vendor_b', 'reach_rate': 'vendor_b', 'meaningful_eng_rate': 'vendor_b'}",,vendor_b,vendor_a has no record for this channel; filled from vendor_b (fallback).,No action needed. Tracked to monitor vendor coverage.,auto,[],,,,,,,
Q00705,CR01243,youtube,"handle, follower_count, growth_rate",PRIMARY_SOURCE_MISSING,YELLOW,"{'handle': 'vendor_b', 'follower_count': 'vendor_b', 'growth_rate': 'vendor_b'}",,vendor_b,vendor_a has no record for this channel; filled from vendor_b (fallback).,No action needed. Tracked to monitor vendor coverage.,auto,[],,,,,,,
Q00706,CR01248,instagram,"handle, follower_count, reach_rate, growth_rate, meaningful_eng_rate",PRIMARY_SOURCE_MISSING,YELLOW,"{'handle': 'vendor_b', 'follower_count': 'vendor_b', 'reach_rate': 'vendor_b', 'growth_rate': 'vendor_b', 'meaningful_eng_rate': 'vendor_b'}",,vendor_b,vendor_a has no record for this channel; filled from vendor_b (fallback).,No action needed. Tracked to monitor vendor coverage.,auto,[],,,,,,,
Q00707,CR01248,tiktok,"handle, follower_count, reach_rate, growth_rate, meaningful_eng_rate",PRIMARY_SOURCE_MISSING,YELLOW,"{'handle': 'vendor_b', 'follower_count': 'vendor_b', 'reach_rate': 'vendor_b', 'growth_rate': 'vendor_b', 'meaningful_eng_rate': 'vendor_b'}",,vendor_b,vendor_a has no record for this channel; filled from vendor_b (fallback).,No action needed. Tracked to monitor vendor coverage.,auto,[],,,,,,,
Q00708,CR01249,instagram,"handle, follower_count, reach_rate, growth_rate, meaningful_eng_rate",PRIMARY_SOURCE_MISSING,YELLOW,"{'handle': 'vendor_b', 'follower_count': 'vendor_b', 'reach_rate': 'vendor_b', 'growth_rate': 'vendor_b', 'meaningful_eng_rate': 'vendor_b'}",,vendor_b,vendor_a has no record for this channel; filled from vendor_b (fallback).,No action needed. Tracked to monitor vendor coverage.,auto,[],,,,,,,
Q00709,CR01249,tiktok,"follower_count, reach_rate, growth_rate, meaningful_eng_rate",PRIMARY_SOURCE_MISSING,YELLOW,"{'follower_count': 'vendor_b', 'reach_rate': 'vendor_b', 'growth_rate': 'vendor_b', 'meaningful_eng_rate': 'vendor_b'}",,vendor_b,vendor_a has no record for this channel; filled from vendor_b (fallback).,No action needed. Tracked to monitor vendor coverage.,auto,[],,,,,,,
Q00710,CR01254,instagram,"handle, follower_count, reach_rate, growth_rate, meaningful_eng_rate",PRIMARY_SOURCE_MISSING,YELLOW,"{'handle': 'vendor_b', 'follower_count': 'vendor_b', 'reach_rate': 'vendor_b', 'growth_rate': 'vendor_b', 'meaningful_eng_rate': 'vendor_b'}",,vendor_b,vendor_a has no record for this channel; filled from vendor_b (fallback).,No action needed. Tracked to monitor vendor coverage.,auto,[],,,,,,,
Q00711,CR01254,tiktok,"handle, follower_count, reach_rate",PRIMARY_SOURCE_MISSING,YELLOW,"{'handle': 'vendor_b', 'follower_count': 'vendor_b', 'reach_rate': 'vendor_b'}",,vendor_b,vendor_a has no record for this channel; filled from vendor_b (fallback).,No action needed. Tracked to monitor vendor coverage.,auto,[],,,,,,,
Q00712,CR01255,instagram,"handle, follower_count, reach_rate, growth_rate",PRIMARY_SOURCE_MISSING,YELLOW,"{'handle': 'vendor_b', 'follower_count': 'vendor_b', 'reach_rate': 'vendor_b', 'growth_rate': 'vendor_b'}",,vendor_b,vendor_a has no record for this channel; filled from vendor_b (fallback).,No action needed. Tracked to monitor vendor coverage.,auto,[],,,,,,,
Q00713,CR01255,tiktok,"handle, follower_count, reach_rate, growth_rate, meaningful_eng_rate",PRIMARY_SOURCE_MISSING,YELLOW,"{'handle': 'vendor_b', 'follower_count': 'vendor_b', 'reach_rate': 'vendor_b', 'growth_rate': 'vendor_b', 'meaningful_eng_rate': 'vendor_b'}",,vendor_b,vendor_a has no record for this channel; filled from vendor_b (fallback).,No action needed. Tracked to monitor vendor coverage.,auto,[],,,,,,,
Q00714,CR01257,tiktok,"handle, follower_count, reach_rate, growth_rate",PRIMARY_SOURCE_MISSING,YELLOW,"{'handle': 'vendor_b', 'follower_count': 'vendor_b', 'reach_rate': 'vendor_b', 'growth_rate': 'vendor_b'}",,vendor_b,vendor_a has no record for this channel; filled from vendor_b (fallback).,No action needed. Tracked to monitor vendor coverage.,auto,[],,,,,,,
Q00715,CR01266,tiktok,"handle, follower_count, reach_rate, growth_rate, meaningful_eng_rate",PRIMARY_SOURCE_MISSING,YELLOW,"{'handle': 'vendor_b', 'follower_count': 'vendor_b', 'reach_rate': 'vendor_b', 'growth_rate': 'vendor_b', 'meaningful_eng_rate': 'vendor_b'}",,vendor_b,vendor_a has no record for this channel; filled from vendor_b (fallback).,No action needed. Tracked to monitor vendor coverage.,auto,[],,,,,,,
Q00716,CR01268,tiktok,"handle, follower_count, reach_rate, meaningful_eng_rate",PRIMARY_SOURCE_MISSING,YELLOW,"{'handle': 'vendor_b', 'follower_count': 'vendor_b', 'reach_rate': 'vendor_b', 'meaningful_eng_rate': 'vendor_b'}",,vendor_b,vendor_a has no record for this channel; filled from vendor_b (fallback).,No action needed. Tracked to monitor vendor coverage.,auto,[],,,,,,,
Q00717,CR01274,instagram,"handle, follower_count, reach_rate, growth_rate, meaningful_eng_rate",PRIMARY_SOURCE_MISSING,YELLOW,"{'handle': 'vendor_b', 'follower_count': 'vendor_b', 'reach_rate': 'vendor_b', 'growth_rate': 'vendor_b', 'meaningful_eng_rate': 'vendor_b'}",,vendor_b,vendor_a has no record for this channel; filled from vendor_b (fallback).,No action needed. Tracked to monitor vendor coverage.,auto,[],,,,,,,
Q00718,CR01274,tiktok,"handle, follower_count, reach_rate, growth_rate, meaningful_eng_rate",PRIMARY_SOURCE_MISSING,YELLOW,"{'handle': 'vendor_b', 'follower_count': 'vendor_b', 'reach_rate': 'vendor_b', 'growth_rate': 'vendor_b', 'meaningful_eng_rate': 'vendor_b'}",,vendor_b,vendor_a has no record for this channel; filled from vendor_b (fallback).,No action needed. Tracked to monitor vendor coverage.,auto,[],,,,,,,
Q00719,CR01276,instagram,"handle, follower_count, reach_rate, growth_rate, meaningful_eng_rate",PRIMARY_SOURCE_MISSING,YELLOW,"{'handle': 'vendor_b', 'follower_count': 'vendor_b', 'reach_rate': 'vendor_b', 'growth_rate': 'vendor_b', 'meaningful_eng_rate': 'vendor_b'}",,vendor_b,vendor_a has no record for this channel; filled from vendor_b (fallback).,No action needed. Tracked to monitor vendor coverage.,auto,[],,,,,,,
Q00720,CR01283,tiktok,"handle, follower_count, reach_rate, growth_rate",PRIMARY_SOURCE_MISSING,YELLOW,"{'handle': 'vendor_c', 'follower_count': 'vendor_c', 'reach_rate': 'vendor_c', 'growth_rate': 'vendor_c'}",,vendor_c,vendor_a has no record for this channel; filled from vendor_c (fallback).,No action needed. Tracked to monitor vendor coverage.,auto,[],,,,,,,
Q00721,CR01284,tiktok,"handle, follower_count, reach_rate, growth_rate",PRIMARY_SOURCE_MISSING,YELLOW,"{'handle': 'vendor_b', 'follower_count': 'vendor_b', 'reach_rate': 'vendor_b', 'growth_rate': 'vendor_b'}",,vendor_b,vendor_a has no record for this channel; filled from vendor_b (fallback).,No action needed. Tracked to monitor vendor coverage.,auto,[],,,,,,,
Q00722,CR01284,youtube,"handle, follower_count, reach_rate, meaningful_eng_rate",PRIMARY_SOURCE_MISSING,YELLOW,"{'handle': 'vendor_c', 'follower_count': 'vendor_c', 'reach_rate': 'vendor_c', 'meaningful_eng_rate': 'vendor_c'}",,vendor_c,vendor_a's record is stale; filled from vendor_c (fallback).,No action needed. Tracked to monitor vendor coverage.,auto,[],,,,,,,
Q00723,CR01285,youtube,"handle, follower_count, growth_rate, meaningful_eng_rate",PRIMARY_SOURCE_MISSING,YELLOW,"{'handle': 'vendor_b', 'follower_count': 'vendor_b', 'growth_rate': 'vendor_b', 'meaningful_eng_rate': 'vendor_b'}",,vendor_b,vendor_a has no record for this channel; filled from vendor_b (fallback).,No action needed. Tracked to monitor vendor coverage.,auto,[],,,,,,,
Q00724,CR01290,tiktok,"handle, follower_count, reach_rate, growth_rate, meaningful_eng_rate",PRIMARY_SOURCE_MISSING,YELLOW,"{'handle': 'vendor_b', 'follower_count': 'vendor_b', 'reach_rate': 'vendor_b', 'growth_rate': 'vendor_b', 'meaningful_eng_rate': 'vendor_b'}",,vendor_b,vendor_a has no record for this channel; filled from vendor_b (fallback).,No action needed. Tracked to monitor vendor coverage.,auto,[],,,,,,,
Q00725,CR01291,instagram,"handle, follower_count, reach_rate, growth_rate, meaningful_eng_rate",PRIMARY_SOURCE_MISSING,YELLOW,"{'handle': 'vendor_b', 'follower_count': 'vendor_b', 'reach_rate': 'vendor_b', 'growth_rate': 'vendor_b', 'meaningful_eng_rate': 'vendor_b'}",,vendor_b,vendor_a's record is stale; filled from vendor_b (fallback).,No action needed. Tracked to monitor vendor coverage.,auto,[],,,,,,,
Q00726,CR01291,tiktok,"handle, follower_count, reach_rate, growth_rate, meaningful_eng_rate",PRIMARY_SOURCE_MISSING,YELLOW,"{'handle': 'vendor_b', 'follower_count': 'vendor_b', 'reach_rate': 'vendor_b', 'growth_rate': 'vendor_b', 'meaningful_eng_rate': 'vendor_b'}",,vendor_b,vendor_a has no record for this channel; filled from vendor_b (fallback).,No action needed. Tracked to monitor vendor coverage.,auto,[],,,,,,,
Q00727,CR01292,tiktok,"handle, follower_count, reach_rate, growth_rate, meaningful_eng_rate",PRIMARY_SOURCE_MISSING,YELLOW,"{'handle': 'vendor_b', 'follower_count': 'vendor_b', 'reach_rate': 'vendor_b', 'growth_rate': 'vendor_b', 'meaningful_eng_rate': 'vendor_b'}",,vendor_b,vendor_a has no record for this channel; filled from vendor_b (fallback).,No action needed. Tracked to monitor vendor coverage.,auto,[],,,,,,,
Q00728,CR01295,tiktok,"handle, follower_count, reach_rate, growth_rate",PRIMARY_SOURCE_MISSING,YELLOW,"{'handle': 'vendor_b', 'follower_count': 'vendor_b', 'reach_rate': 'vendor_b', 'growth_rate': 'vendor_b'}",,vendor_b,vendor_a has no record for this channel; filled from vendor_b (fallback).,No action needed. Tracked to monitor vendor coverage.,auto,[],,,,,,,
Q00729,CR01296,instagram,"handle, follower_count, reach_rate, growth_rate, meaningful_eng_rate",PRIMARY_SOURCE_MISSING,YELLOW,"{'handle': 'vendor_b', 'follower_count': 'vendor_b', 'reach_rate': 'vendor_b', 'growth_rate': 'vendor_b', 'meaningful_eng_rate': 'vendor_b'}",,vendor_b,vendor_a has no record for this channel; filled from vendor_b (fallback).,No action needed. Tracked to monitor vendor coverage.,auto,[],,,,,,,
Q00730,CR01298,instagram,"handle, follower_count, reach_rate, growth_rate, meaningful_eng_rate",PRIMARY_SOURCE_MISSING,YELLOW,"{'handle': 'vendor_b', 'follower_count': 'vendor_b', 'reach_rate': 'vendor_b', 'growth_rate': 'vendor_b', 'meaningful_eng_rate': 'vendor_b'}",,vendor_b,vendor_a has no record for this channel; filled from vendor_b (fallback).,No action needed. Tracked to monitor vendor coverage.,auto,[],,,,,,,
Q00731,CR01298,tiktok,"follower_count, reach_rate, growth_rate",PRIMARY_SOURCE_MISSING,YELLOW,"{'follower_count': 'vendor_b', 'reach_rate': 'vendor_b', 'growth_rate': 'vendor_b'}",,vendor_b,vendor_a's record lacks a valid value for ; filled from vendor_b (fallback).,No action needed. Tracked to monitor vendor coverage.,auto,[],,,,,,,
Q00732,CR01300,instagram,"handle, meaningful_eng_rate",PRIMARY_SOURCE_MISSING,YELLOW,"{'handle': 'vendor_b', 'meaningful_eng_rate': 'vendor_b'}",,vendor_b,vendor_a has no record for this channel; filled from vendor_b (fallback).,No action needed. Tracked to monitor vendor coverage.,auto,[],,,,,,,
Q00733,CR01300,youtube,"handle, follower_count, reach_rate, growth_rate, meaningful_eng_rate",PRIMARY_SOURCE_MISSING,YELLOW,"{'handle': 'vendor_c', 'follower_count': 'vendor_c', 'reach_rate': 'vendor_c', 'growth_rate': 'vendor_c', 'meaningful_eng_rate': 'vendor_c'}",,vendor_c,vendor_a has no record for this channel; filled from vendor_c (fallback).,No action needed. Tracked to monitor vendor coverage.,auto,[],,,,,,,
Q00734,CR01303,tiktok,"handle, follower_count, reach_rate, growth_rate, meaningful_eng_rate",PRIMARY_SOURCE_MISSING,YELLOW,"{'handle': 'vendor_b', 'follower_count': 'vendor_b', 'reach_rate': 'vendor_b', 'growth_rate': 'vendor_b', 'meaningful_eng_rate': 'vendor_b'}",,vendor_b,vendor_a has no record for this channel; filled from vendor_b (fallback).,No action needed. Tracked to monitor vendor coverage.,auto,[],,,,,,,
Q00735,CR01304,instagram,"handle, follower_count, reach_rate, growth_rate, meaningful_eng_rate",PRIMARY_SOURCE_MISSING,YELLOW,"{'handle': 'vendor_b', 'follower_count': 'vendor_b', 'reach_rate': 'vendor_b', 'growth_rate': 'vendor_b', 'meaningful_eng_rate': 'vendor_b'}",,vendor_b,vendor_a has no record for this channel; filled from vendor_b (fallback).,No action needed. Tracked to monitor vendor coverage.,auto,[],,,,,,,
Q00736,CR01305,youtube,"handle, follower_count, reach_rate, growth_rate",PRIMARY_SOURCE_MISSING,YELLOW,"{'handle': 'vendor_c', 'follower_count': 'vendor_c', 'reach_rate': 'vendor_c', 'growth_rate': 'vendor_c'}",,vendor_c,vendor_a has no record for this channel; filled from vendor_c (fallback).,No action needed. Tracked to monitor vendor coverage.,auto,[],,,,,,,
Q00737,CR01307,instagram,"handle, follower_count, reach_rate, growth_rate",PRIMARY_SOURCE_MISSING,YELLOW,"{'handle': 'vendor_b', 'follower_count': 'vendor_b', 'reach_rate': 'vendor_b', 'growth_rate': 'vendor_b'}",,vendor_b,vendor_a has no record for this channel; filled from vendor_b (fallback).,No action needed. Tracked to monitor vendor coverage.,auto,[],,,,,,,
Q00738,CR01309,tiktok,"handle, follower_count, reach_rate, growth_rate",PRIMARY_SOURCE_MISSING,YELLOW,"{'handle': 'vendor_b', 'follower_count': 'vendor_b', 'reach_rate': 'vendor_b', 'growth_rate': 'vendor_b'}",,vendor_b,vendor_a has no record for this channel; filled from vendor_b (fallback).,No action needed. Tracked to monitor vendor coverage.,auto,[],,,,,,,
Q00739,CR01312,tiktok,"handle, follower_count, reach_rate, growth_rate",PRIMARY_SOURCE_MISSING,YELLOW,"{'handle': 'vendor_b', 'follower_count': 'vendor_b', 'reach_rate': 'vendor_b', 'growth_rate': 'vendor_b'}",,vendor_b,vendor_a has no record for this channel; filled from vendor_b (fallback).,No action needed. Tracked to monitor vendor coverage.,auto,[],,,,,,,
Q00740,CR01314,tiktok,"handle, follower_count, growth_rate, meaningful_eng_rate",PRIMARY_SOURCE_MISSING,YELLOW,"{'handle': 'vendor_b', 'follower_count': 'vendor_b', 'growth_rate': 'vendor_b', 'meaningful_eng_rate': 'vendor_b'}",,vendor_b,vendor_a has no record for this channel; filled from vendor_b (fallback).,No action needed. Tracked to monitor vendor coverage.,auto,[],,,,,,,
Q00741,CR01321,tiktok,"handle, follower_count, reach_rate, growth_rate, meaningful_eng_rate",PRIMARY_SOURCE_MISSING,YELLOW,"{'handle': 'vendor_b', 'follower_count': 'vendor_b', 'reach_rate': 'vendor_b', 'growth_rate': 'vendor_b', 'meaningful_eng_rate': 'vendor_b'}",,vendor_b,vendor_a has no record for this channel; filled from vendor_b (fallback).,No action needed. Tracked to monitor vendor coverage.,auto,[],,,,,,,
Q00742,CR01323,tiktok,"handle, follower_count, reach_rate, growth_rate, meaningful_eng_rate",PRIMARY_SOURCE_MISSING,YELLOW,"{'handle': 'vendor_b', 'follower_count': 'vendor_b', 'reach_rate': 'vendor_b', 'growth_rate': 'vendor_b', 'meaningful_eng_rate': 'vendor_b'}",,vendor_b,vendor_a has no record for this channel; filled from vendor_b (fallback).,No action needed. Tracked to monitor vendor coverage.,auto,[],,,,,,,
Q00743,CR01324,tiktok,"handle, follower_count, reach_rate, growth_rate, meaningful_eng_rate",PRIMARY_SOURCE_MISSING,YELLOW,"{'handle': 'vendor_b', 'follower_count': 'vendor_b', 'reach_rate': 'vendor_b', 'growth_rate': 'vendor_b', 'meaningful_eng_rate': 'vendor_b'}",,vendor_b,vendor_a has no record for this channel; filled from vendor_b (fallback).,No action needed. Tracked to monitor vendor coverage.,auto,[],,,,,,,
Q00744,CR01332,instagram,"handle, follower_count, reach_rate, growth_rate",PRIMARY_SOURCE_MISSING,YELLOW,"{'handle': 'vendor_b', 'follower_count': 'vendor_b', 'reach_rate': 'vendor_b', 'growth_rate': 'vendor_c'}",,"vendor_b, vendor_c","vendor_a has no record for this channel; filled from vendor_b, vendor_c (fallback).",No action needed. Tracked to monitor vendor coverage.,auto,[],,,,,,,
Q00745,CR01334,instagram,"handle, follower_count, growth_rate, meaningful_eng_rate",PRIMARY_SOURCE_MISSING,YELLOW,"{'handle': 'vendor_b', 'follower_count': 'vendor_b', 'growth_rate': 'vendor_b', 'meaningful_eng_rate': 'vendor_b'}",,vendor_b,vendor_a has no record for this channel; filled from vendor_b (fallback).,No action needed. Tracked to monitor vendor coverage.,auto,[],,,,,,,
Q00746,CR01337,tiktok,"handle, follower_count, reach_rate, growth_rate, meaningful_eng_rate",PRIMARY_SOURCE_MISSING,YELLOW,"{'handle': 'vendor_b', 'follower_count': 'vendor_b', 'reach_rate': 'vendor_c', 'growth_rate': 'vendor_b', 'meaningful_eng_rate': 'vendor_b'}",,"vendor_b, vendor_c","vendor_a has no record for this channel; filled from vendor_b, vendor_c (fallback).",No action needed. Tracked to monitor vendor coverage.,auto,[],,,,,,,
Q00747,CR01342,tiktok,"handle, meaningful_eng_rate",PRIMARY_SOURCE_MISSING,YELLOW,"{'handle': 'vendor_b', 'meaningful_eng_rate': 'vendor_b'}",,vendor_b,vendor_a has no record for this channel; filled from vendor_b (fallback).,No action needed. Tracked to monitor vendor coverage.,auto,[],,,,,,,
Q00748,CR01342,youtube,"handle, follower_count, reach_rate, growth_rate, meaningful_eng_rate",PRIMARY_SOURCE_MISSING,YELLOW,"{'handle': 'vendor_c', 'follower_count': 'vendor_c', 'reach_rate': 'vendor_c', 'growth_rate': 'vendor_c', 'meaningful_eng_rate': 'vendor_c'}",,vendor_c,vendor_a's record is stale; filled from vendor_c (fallback).,No action needed. Tracked to monitor vendor coverage.,auto,[],,,,,,,
Q00749,CR01343,instagram,"follower_count, reach_rate, growth_rate, meaningful_eng_rate",PRIMARY_SOURCE_MISSING,YELLOW,"{'follower_count': 'vendor_b', 'reach_rate': 'vendor_b', 'growth_rate': 'vendor_b', 'meaningful_eng_rate': 'vendor_b'}",,vendor_b,vendor_a has no record for this channel; filled from vendor_b (fallback).,No action needed. Tracked to monitor vendor coverage.,auto,[],,,,,,,
Q00750,CR01345,tiktok,"handle, follower_count, reach_rate, growth_rate, meaningful_eng_rate",PRIMARY_SOURCE_MISSING,YELLOW,"{'handle': 'vendor_b', 'follower_count': 'vendor_b', 'reach_rate': 'vendor_b', 'growth_rate': 'vendor_c', 'meaningful_eng_rate': 'vendor_b'}",,"vendor_b, vendor_c","vendor_a has no record for this channel; filled from vendor_b, vendor_c (fallback).",No action needed. Tracked to monitor vendor coverage.,auto,[],,,,,,,
Q00751,CR01349,instagram,"handle, meaningful_eng_rate",PRIMARY_SOURCE_MISSING,YELLOW,"{'handle': 'vendor_b', 'meaningful_eng_rate': 'vendor_b'}",,vendor_b,vendor_a has no record for this channel; filled from vendor_b (fallback).,No action needed. Tracked to monitor vendor coverage.,auto,[],,,,,,,
Q00752,CR01349,tiktok,growth_rate,PRIMARY_SOURCE_MISSING,YELLOW,{'growth_rate': 'vendor_c'},,vendor_c,vendor_a's record lacks a valid value for growth_rate; filled from vendor_c (fallback).,No action needed. Tracked to monitor vendor coverage.,auto,[],,,,,,,
Q00753,CR01354,tiktok,handle,PRIMARY_SOURCE_MISSING,YELLOW,{'handle': 'vendor_c'},,vendor_c,vendor_a has no record for this channel; filled from vendor_c (fallback).,No action needed. Tracked to monitor vendor coverage.,auto,[],,,,,,,
Q00754,CR01356,instagram,"handle, follower_count, growth_rate, meaningful_eng_rate",PRIMARY_SOURCE_MISSING,YELLOW,"{'handle': 'vendor_b', 'follower_count': 'vendor_b', 'growth_rate': 'vendor_b', 'meaningful_eng_rate': 'vendor_b'}",,vendor_b,vendor_a has no record for this channel; filled from vendor_b (fallback).,No action needed. Tracked to monitor vendor coverage.,auto,[],,,,,,,
Q00755,CR01361,youtube,"handle, follower_count, reach_rate, growth_rate, meaningful_eng_rate",PRIMARY_SOURCE_MISSING,YELLOW,"{'handle': 'vendor_b', 'follower_count': 'vendor_b', 'reach_rate': 'vendor_b', 'growth_rate': 'vendor_b', 'meaningful_eng_rate': 'vendor_b'}",,vendor_b,vendor_a's record is stale; filled from vendor_b (fallback).,No action needed. Tracked to monitor vendor coverage.,auto,[],,,,,,,
Q00756,CR01362,tiktok,"handle, follower_count, reach_rate, growth_rate, meaningful_eng_rate",PRIMARY_SOURCE_MISSING,YELLOW,"{'handle': 'vendor_b', 'follower_count': 'vendor_b', 'reach_rate': 'vendor_b', 'growth_rate': 'vendor_b', 'meaningful_eng_rate': 'vendor_b'}",,vendor_b,vendor_a has no record for this channel; filled from vendor_b (fallback).,No action needed. Tracked to monitor vendor coverage.,auto,[],,,,,,,
Q00757,CR01365,tiktok,"handle, follower_count, reach_rate, growth_rate",PRIMARY_SOURCE_MISSING,YELLOW,"{'handle': 'vendor_c', 'follower_count': 'vendor_c', 'reach_rate': 'vendor_c', 'growth_rate': 'vendor_c'}",,vendor_c,vendor_a has no record for this channel; filled from vendor_c (fallback).,No action needed. Tracked to monitor vendor coverage.,auto,[],,,,,,,
Q00758,CR01367,tiktok,"handle, follower_count, reach_rate",PRIMARY_SOURCE_MISSING,YELLOW,"{'handle': 'vendor_b', 'follower_count': 'vendor_b', 'reach_rate': 'vendor_b'}",,vendor_b,vendor_a has no record for this channel; filled from vendor_b (fallback).,No action needed. Tracked to monitor vendor coverage.,auto,[],,,,,,,
Q00759,CR01371,tiktok,"handle, follower_count, reach_rate, growth_rate, meaningful_eng_rate",PRIMARY_SOURCE_MISSING,YELLOW,"{'handle': 'vendor_b', 'follower_count': 'vendor_b', 'reach_rate': 'vendor_b', 'growth_rate': 'vendor_b', 'meaningful_eng_rate': 'vendor_b'}",,vendor_b,vendor_a has no record for this channel; filled from vendor_b (fallback).,No action needed. Tracked to monitor vendor coverage.,auto,[],,,,,,,
Q00760,CR01373,instagram,"handle, follower_count, reach_rate, growth_rate, meaningful_eng_rate",PRIMARY_SOURCE_MISSING,YELLOW,"{'handle': 'vendor_b', 'follower_count': 'vendor_b', 'reach_rate': 'vendor_b', 'growth_rate': 'vendor_c', 'meaningful_eng_rate': 'vendor_b'}",,"vendor_b, vendor_c","vendor_a has no record for this channel; filled from vendor_b, vendor_c (fallback).",No action needed. Tracked to monitor vendor coverage.,auto,[],,,,,,,
Q00761,CR01373,youtube,"handle, follower_count, reach_rate, growth_rate, meaningful_eng_rate",PRIMARY_SOURCE_MISSING,YELLOW,"{'handle': 'vendor_c', 'follower_count': 'vendor_c', 'reach_rate': 'vendor_c', 'growth_rate': 'vendor_c', 'meaningful_eng_rate': 'vendor_c'}",,vendor_c,vendor_a's record is stale; filled from vendor_c (fallback).,No action needed. Tracked to monitor vendor coverage.,auto,[],,,,,,,
Q00762,CR01374,instagram,"handle, follower_count, reach_rate, growth_rate",PRIMARY_SOURCE_MISSING,YELLOW,"{'handle': 'vendor_c', 'follower_count': 'vendor_c', 'reach_rate': 'vendor_c', 'growth_rate': 'vendor_c'}",,vendor_c,vendor_a has no record for this channel; filled from vendor_c (fallback).,No action needed. Tracked to monitor vendor coverage.,auto,[],,,,,,,
Q00763,CR01374,tiktok,"handle, follower_count, reach_rate, growth_rate, meaningful_eng_rate",PRIMARY_SOURCE_MISSING,YELLOW,"{'handle': 'vendor_b', 'follower_count': 'vendor_b', 'reach_rate': 'vendor_b', 'growth_rate': 'vendor_b', 'meaningful_eng_rate': 'vendor_b'}",,vendor_b,vendor_a has no record for this channel; filled from vendor_b (fallback).,No action needed. Tracked to monitor vendor coverage.,auto,[],,,,,,,
Q00764,CR01381,instagram,"handle, follower_count, reach_rate, growth_rate",PRIMARY_SOURCE_MISSING,YELLOW,"{'handle': 'vendor_b', 'follower_count': 'vendor_b', 'reach_rate': 'vendor_b', 'growth_rate': 'vendor_b'}",,vendor_b,vendor_a has no record for this channel; filled from vendor_b (fallback).,No action needed. Tracked to monitor vendor coverage.,auto,[],,,,,,,
Q00765,CR01381,tiktok,handle,PRIMARY_SOURCE_MISSING,YELLOW,{'handle': 'vendor_c'},,vendor_c,vendor_a has no record for this channel; filled from vendor_c (fallback).,No action needed. Tracked to monitor vendor coverage.,auto,[],,,,,,,
Q00766,CR01383,instagram,"handle, follower_count, reach_rate, growth_rate, meaningful_eng_rate",PRIMARY_SOURCE_MISSING,YELLOW,"{'handle': 'vendor_b', 'follower_count': 'vendor_b', 'reach_rate': 'vendor_b', 'growth_rate': 'vendor_b', 'meaningful_eng_rate': 'vendor_b'}",,vendor_b,vendor_a has no record for this channel; filled from vendor_b (fallback).,No action needed. Tracked to monitor vendor coverage.,auto,[],,,,,,,
Q00767,CR01387,instagram,"handle, follower_count, reach_rate, growth_rate",PRIMARY_SOURCE_MISSING,YELLOW,"{'handle': 'vendor_b', 'follower_count': 'vendor_b', 'reach_rate': 'vendor_b', 'growth_rate': 'vendor_b'}",,vendor_b,vendor_a has no record for this channel; filled from vendor_b (fallback).,No action needed. Tracked to monitor vendor coverage.,auto,[],,,,,,,
Q00768,CR01387,tiktok,"handle, follower_count, reach_rate, growth_rate, meaningful_eng_rate",PRIMARY_SOURCE_MISSING,YELLOW,"{'handle': 'vendor_b', 'follower_count': 'vendor_b', 'reach_rate': 'vendor_b', 'growth_rate': 'vendor_b', 'meaningful_eng_rate': 'vendor_b'}",,vendor_b,vendor_a has no record for this channel; filled from vendor_b (fallback).,No action needed. Tracked to monitor vendor coverage.,auto,[],,,,,,,
Q00769,CR01387,youtube,"handle, follower_count, reach_rate, growth_rate, meaningful_eng_rate",PRIMARY_SOURCE_MISSING,YELLOW,"{'handle': 'vendor_c', 'follower_count': 'vendor_c', 'reach_rate': 'vendor_c', 'growth_rate': 'vendor_c', 'meaningful_eng_rate': 'vendor_c'}",,vendor_c,vendor_a's record is stale; filled from vendor_c (fallback).,No action needed. Tracked to monitor vendor coverage.,auto,[],,,,,,,
Q00770,CR01388,instagram,handle,PRIMARY_SOURCE_MISSING,YELLOW,{'handle': 'vendor_c'},,vendor_c,vendor_a has no record for this channel; filled from vendor_c (fallback).,No action needed. Tracked to monitor vendor coverage.,auto,[],,,,,,,
Q00771,CR01388,tiktok,"handle, follower_count, reach_rate, growth_rate, meaningful_eng_rate",PRIMARY_SOURCE_MISSING,YELLOW,"{'handle': 'vendor_b', 'follower_count': 'vendor_b', 'reach_rate': 'vendor_b', 'growth_rate': 'vendor_b', 'meaningful_eng_rate': 'vendor_b'}",,vendor_b,vendor_a has no record for this channel; filled from vendor_b (fallback).,No action needed. Tracked to monitor vendor coverage.,auto,[],,,,,,,
Q00772,CR01393,tiktok,"handle, follower_count, reach_rate, growth_rate, meaningful_eng_rate",PRIMARY_SOURCE_MISSING,YELLOW,"{'handle': 'vendor_b', 'follower_count': 'vendor_b', 'reach_rate': 'vendor_b', 'growth_rate': 'vendor_b', 'meaningful_eng_rate': 'vendor_b'}",,vendor_b,vendor_a has no record for this channel; filled from vendor_b (fallback).,No action needed. Tracked to monitor vendor coverage.,auto,[],,,,,,,
Q00773,CR01394,instagram,"handle, follower_count, reach_rate, growth_rate, meaningful_eng_rate",PRIMARY_SOURCE_MISSING,YELLOW,"{'handle': 'vendor_b', 'follower_count': 'vendor_b', 'reach_rate': 'vendor_b', 'growth_rate': 'vendor_b', 'meaningful_eng_rate': 'vendor_b'}",,vendor_b,vendor_a has no record for this channel; filled from vendor_b (fallback).,No action needed. Tracked to monitor vendor coverage.,auto,[],,,,,,,
Q00774,CR01395,instagram,"handle, follower_count, reach_rate, growth_rate, meaningful_eng_rate",PRIMARY_SOURCE_MISSING,YELLOW,"{'handle': 'vendor_b', 'follower_count': 'vendor_b', 'reach_rate': 'vendor_b', 'growth_rate': 'vendor_b', 'meaningful_eng_rate': 'vendor_b'}",,vendor_b,vendor_a has no record for this channel; filled from vendor_b (fallback).,No action needed. Tracked to monitor vendor coverage.,auto,[],,,,,,,
Q00775,CR01395,tiktok,"handle, follower_count, reach_rate, meaningful_eng_rate",PRIMARY_SOURCE_MISSING,YELLOW,"{'handle': 'vendor_b', 'follower_count': 'vendor_b', 'reach_rate': 'vendor_b', 'meaningful_eng_rate': 'vendor_b'}",,vendor_b,vendor_a has no record for this channel; filled from vendor_b (fallback).,No action needed. Tracked to monitor vendor coverage.,auto,[],,,,,,,
Q00776,CR01398,tiktok,"handle, meaningful_eng_rate",PRIMARY_SOURCE_MISSING,YELLOW,"{'handle': 'vendor_b', 'meaningful_eng_rate': 'vendor_b'}",,vendor_b,vendor_a has no record for this channel; filled from vendor_b (fallback).,No action needed. Tracked to monitor vendor coverage.,auto,[],,,,,,,
Q00777,CR01399,instagram,"handle, follower_count, reach_rate, growth_rate, meaningful_eng_rate",PRIMARY_SOURCE_MISSING,YELLOW,"{'handle': 'vendor_b', 'follower_count': 'vendor_b', 'reach_rate': 'vendor_b', 'growth_rate': 'vendor_b', 'meaningful_eng_rate': 'vendor_b'}",,vendor_b,vendor_a has no record for this channel; filled from vendor_b (fallback).,No action needed. Tracked to monitor vendor coverage.,auto,[],,,,,,,
Q00778,CR01406,instagram,"handle, follower_count, reach_rate, growth_rate",PRIMARY_SOURCE_MISSING,YELLOW,"{'handle': 'vendor_c', 'follower_count': 'vendor_c', 'reach_rate': 'vendor_c', 'growth_rate': 'vendor_c'}",,vendor_c,vendor_a's record is stale; filled from vendor_c (fallback).,No action needed. Tracked to monitor vendor coverage.,auto,[],,,,,,,
Q00779,CR01406,tiktok,"handle, follower_count, reach_rate, growth_rate, meaningful_eng_rate",PRIMARY_SOURCE_MISSING,YELLOW,"{'handle': 'vendor_c', 'follower_count': 'vendor_b', 'reach_rate': 'vendor_b', 'growth_rate': 'vendor_b', 'meaningful_eng_rate': 'vendor_b'}",,"vendor_b, vendor_c","vendor_a has no record for this channel; filled from vendor_b, vendor_c (fallback).",No action needed. Tracked to monitor vendor coverage.,auto,[],,,,,,,
Q00780,CR01409,youtube,"handle, follower_count, reach_rate, growth_rate, meaningful_eng_rate",PRIMARY_SOURCE_MISSING,YELLOW,"{'handle': 'vendor_b', 'follower_count': 'vendor_b', 'reach_rate': 'vendor_b', 'growth_rate': 'vendor_b', 'meaningful_eng_rate': 'vendor_b'}",,vendor_b,vendor_a's record is stale; filled from vendor_b (fallback).,No action needed. Tracked to monitor vendor coverage.,auto,[],,,,,,,
Q00781,CR01412,instagram,"handle, follower_count, reach_rate, growth_rate",PRIMARY_SOURCE_MISSING,YELLOW,"{'handle': 'vendor_b', 'follower_count': 'vendor_b', 'reach_rate': 'vendor_b', 'growth_rate': 'vendor_b'}",,vendor_b,vendor_a has no record for this channel; filled from vendor_b (fallback).,No action needed. Tracked to monitor vendor coverage.,auto,[],,,,,,,
Q00782,CR01412,tiktok,"handle, follower_count, reach_rate, growth_rate, meaningful_eng_rate",PRIMARY_SOURCE_MISSING,YELLOW,"{'handle': 'vendor_b', 'follower_count': 'vendor_b', 'reach_rate': 'vendor_b', 'growth_rate': 'vendor_b', 'meaningful_eng_rate': 'vendor_b'}",,vendor_b,vendor_a has no record for this channel; filled from vendor_b (fallback).,No action needed. Tracked to monitor vendor coverage.,auto,[],,,,,,,
Q00783,CR01412,youtube,"handle, follower_count, reach_rate, growth_rate, meaningful_eng_rate",PRIMARY_SOURCE_MISSING,YELLOW,"{'handle': 'vendor_b', 'follower_count': 'vendor_b', 'reach_rate': 'vendor_b', 'growth_rate': 'vendor_b', 'meaningful_eng_rate': 'vendor_b'}",,vendor_b,vendor_a's record is stale; filled from vendor_b (fallback).,No action needed. Tracked to monitor vendor coverage.,auto,[],,,,,,,
Q00784,CR01415,instagram,"handle, follower_count, reach_rate, growth_rate, meaningful_eng_rate",PRIMARY_SOURCE_MISSING,YELLOW,"{'handle': 'vendor_b', 'follower_count': 'vendor_b', 'reach_rate': 'vendor_b', 'growth_rate': 'vendor_b', 'meaningful_eng_rate': 'vendor_b'}",,vendor_b,vendor_a has no record for this channel; filled from vendor_b (fallback).,No action needed. Tracked to monitor vendor coverage.,auto,[],,,,,,,
Q00785,CR01415,youtube,"handle, follower_count, growth_rate",PRIMARY_SOURCE_MISSING,YELLOW,"{'handle': 'vendor_c', 'follower_count': 'vendor_c', 'growth_rate': 'vendor_c'}",,vendor_c,vendor_a has no record for this channel; filled from vendor_c (fallback).,No action needed. Tracked to monitor vendor coverage.,auto,[],,,,,,,
Q00786,CR01419,instagram,"handle, follower_count, reach_rate, growth_rate, meaningful_eng_rate",PRIMARY_SOURCE_MISSING,YELLOW,"{'handle': 'vendor_b', 'follower_count': 'vendor_b', 'reach_rate': 'vendor_b', 'growth_rate': 'vendor_b', 'meaningful_eng_rate': 'vendor_b'}",,vendor_b,vendor_a has no record for this channel; filled from vendor_b (fallback).,No action needed. Tracked to monitor vendor coverage.,auto,[],,,,,,,
Q00787,CR01419,tiktok,"handle, follower_count, reach_rate, growth_rate, meaningful_eng_rate",PRIMARY_SOURCE_MISSING,YELLOW,"{'handle': 'vendor_b', 'follower_count': 'vendor_b', 'reach_rate': 'vendor_b', 'growth_rate': 'vendor_b', 'meaningful_eng_rate': 'vendor_b'}",,vendor_b,vendor_a has no record for this channel; filled from vendor_b (fallback).,No action needed. Tracked to monitor vendor coverage.,auto,[],,,,,,,
Q00788,CR01424,tiktok,"handle, follower_count, reach_rate, growth_rate",PRIMARY_SOURCE_MISSING,YELLOW,"{'handle': 'vendor_c', 'follower_count': 'vendor_c', 'reach_rate': 'vendor_c', 'growth_rate': 'vendor_c'}",,vendor_c,vendor_a has no record for this channel; filled from vendor_c (fallback).,No action needed. Tracked to monitor vendor coverage.,auto,[],,,,,,,
Q00789,CR01427,tiktok,"handle, follower_count, reach_rate, growth_rate, meaningful_eng_rate",PRIMARY_SOURCE_MISSING,YELLOW,"{'handle': 'vendor_b', 'follower_count': 'vendor_b', 'reach_rate': 'vendor_b', 'growth_rate': 'vendor_b', 'meaningful_eng_rate': 'vendor_b'}",,vendor_b,vendor_a has no record for this channel; filled from vendor_b (fallback).,No action needed. Tracked to monitor vendor coverage.,auto,[],,,,,,,
Q00790,CR01429,tiktok,"handle, meaningful_eng_rate",PRIMARY_SOURCE_MISSING,YELLOW,"{'handle': 'vendor_b', 'meaningful_eng_rate': 'vendor_b'}",,vendor_b,vendor_a's record is stale; filled from vendor_b (fallback).,No action needed. Tracked to monitor vendor coverage.,auto,[],,,,,,,
Q00791,CR01436,instagram,"handle, follower_count, reach_rate, growth_rate, meaningful_eng_rate",PRIMARY_SOURCE_MISSING,YELLOW,"{'handle': 'vendor_b', 'follower_count': 'vendor_b', 'reach_rate': 'vendor_b', 'growth_rate': 'vendor_b', 'meaningful_eng_rate': 'vendor_b'}",,vendor_b,vendor_a has no record for this channel; filled from vendor_b (fallback).,No action needed. Tracked to monitor vendor coverage.,auto,[],,,,,,,
Q00792,CR01437,instagram,"handle, follower_count, reach_rate, growth_rate",PRIMARY_SOURCE_MISSING,YELLOW,"{'handle': 'vendor_c', 'follower_count': 'vendor_c', 'reach_rate': 'vendor_c', 'growth_rate': 'vendor_c'}",,vendor_c,vendor_a has no record for this channel; filled from vendor_c (fallback).,No action needed. Tracked to monitor vendor coverage.,auto,[],,,,,,,
Q00793,CR01437,tiktok,"handle, follower_count, reach_rate, growth_rate",PRIMARY_SOURCE_MISSING,YELLOW,"{'handle': 'vendor_c', 'follower_count': 'vendor_c', 'reach_rate': 'vendor_c', 'growth_rate': 'vendor_c'}",,vendor_c,vendor_a has no record for this channel; filled from vendor_c (fallback).,No action needed. Tracked to monitor vendor coverage.,auto,[],,,,,,,
Q00794,CR01442,instagram,"handle, follower_count, reach_rate",PRIMARY_SOURCE_MISSING,YELLOW,"{'handle': 'vendor_b', 'follower_count': 'vendor_b', 'reach_rate': 'vendor_b'}",,vendor_b,vendor_a has no record for this channel; filled from vendor_b (fallback).,No action needed. Tracked to monitor vendor coverage.,auto,[],,,,,,,
Q00795,CR01442,tiktok,"handle, follower_count, reach_rate, growth_rate, meaningful_eng_rate",PRIMARY_SOURCE_MISSING,YELLOW,"{'handle': 'vendor_b', 'follower_count': 'vendor_b', 'reach_rate': 'vendor_b', 'growth_rate': 'vendor_b', 'meaningful_eng_rate': 'vendor_b'}",,vendor_b,vendor_a has no record for this channel; filled from vendor_b (fallback).,No action needed. Tracked to monitor vendor coverage.,auto,[],,,,,,,
Q00796,CR01443,tiktok,"handle, follower_count, reach_rate, growth_rate",PRIMARY_SOURCE_MISSING,YELLOW,"{'handle': 'vendor_b', 'follower_count': 'vendor_b', 'reach_rate': 'vendor_b', 'growth_rate': 'vendor_b'}",,vendor_b,vendor_a has no record for this channel; filled from vendor_b (fallback).,No action needed. Tracked to monitor vendor coverage.,auto,[],,,,,,,
Q00797,CR01447,instagram,"handle, follower_count, reach_rate, growth_rate, meaningful_eng_rate",PRIMARY_SOURCE_MISSING,YELLOW,"{'handle': 'vendor_b', 'follower_count': 'vendor_b', 'reach_rate': 'vendor_b', 'growth_rate': 'vendor_b', 'meaningful_eng_rate': 'vendor_b'}",,vendor_b,vendor_a has no record for this channel; filled from vendor_b (fallback).,No action needed. Tracked to monitor vendor coverage.,auto,[],,,,,,,
Q00798,CR01448,instagram,"handle, follower_count, reach_rate, growth_rate, meaningful_eng_rate",PRIMARY_SOURCE_MISSING,YELLOW,"{'handle': 'vendor_b', 'follower_count': 'vendor_b', 'reach_rate': 'vendor_b', 'growth_rate': 'vendor_b', 'meaningful_eng_rate': 'vendor_b'}",,vendor_b,vendor_a has no record for this channel; filled from vendor_b (fallback).,No action needed. Tracked to monitor vendor coverage.,auto,[],,,,,,,
Q00799,CR01452,tiktok,"handle, follower_count, reach_rate, growth_rate",PRIMARY_SOURCE_MISSING,YELLOW,"{'handle': 'vendor_c', 'follower_count': 'vendor_c', 'reach_rate': 'vendor_c', 'growth_rate': 'vendor_c'}",,vendor_c,vendor_a has no record for this channel; filled from vendor_c (fallback).,No action needed. Tracked to monitor vendor coverage.,auto,[],,,,,,,
Q00800,CR01454,instagram,"handle, follower_count, growth_rate",PRIMARY_SOURCE_MISSING,YELLOW,"{'handle': 'vendor_c', 'follower_count': 'vendor_c', 'growth_rate': 'vendor_c'}",,vendor_c,vendor_a has no record for this channel; filled from vendor_c (fallback).,No action needed. Tracked to monitor vendor coverage.,auto,[],,,,,,,
Q00801,CR01454,youtube,"handle, follower_count, reach_rate, growth_rate, meaningful_eng_rate",PRIMARY_SOURCE_MISSING,YELLOW,"{'handle': 'vendor_b', 'follower_count': 'vendor_b', 'reach_rate': 'vendor_b', 'growth_rate': 'vendor_b', 'meaningful_eng_rate': 'vendor_b'}",,vendor_b,vendor_a's record is stale; filled from vendor_b (fallback).,No action needed. Tracked to monitor vendor coverage.,auto,[],,,,,,,
Q00802,CR01455,instagram,"handle, follower_count, reach_rate, meaningful_eng_rate",PRIMARY_SOURCE_MISSING,YELLOW,"{'handle': 'vendor_b', 'follower_count': 'vendor_b', 'reach_rate': 'vendor_b', 'meaningful_eng_rate': 'vendor_b'}",,vendor_b,vendor_a's record is stale; filled from vendor_b (fallback).,No action needed. Tracked to monitor vendor coverage.,auto,[],,,,,,,
Q00803,CR01455,tiktok,handle,PRIMARY_SOURCE_MISSING,YELLOW,{'handle': 'vendor_c'},,vendor_c,vendor_a has no record for this channel; filled from vendor_c (fallback).,No action needed. Tracked to monitor vendor coverage.,auto,[],,,,,,,
Q00804,CR01458,instagram,"handle, follower_count, reach_rate, growth_rate, meaningful_eng_rate",PRIMARY_SOURCE_MISSING,YELLOW,"{'handle': 'vendor_b', 'follower_count': 'vendor_b', 'reach_rate': 'vendor_b', 'growth_rate': 'vendor_b', 'meaningful_eng_rate': 'vendor_b'}",,vendor_b,vendor_a has no record for this channel; filled from vendor_b (fallback).,No action needed. Tracked to monitor vendor coverage.,auto,[],,,,,,,
Q00805,CR01458,tiktok,"handle, follower_count, growth_rate",PRIMARY_SOURCE_MISSING,YELLOW,"{'handle': 'vendor_b', 'follower_count': 'vendor_b', 'growth_rate': 'vendor_b'}",,vendor_b,vendor_a has no record for this channel; filled from vendor_b (fallback).,No action needed. Tracked to monitor vendor coverage.,auto,[],,,,,,,
Q00806,CR01458,youtube,"handle, meaningful_eng_rate",PRIMARY_SOURCE_MISSING,YELLOW,"{'handle': 'vendor_b', 'meaningful_eng_rate': 'vendor_b'}",,vendor_b,vendor_a has no record for this channel; filled from vendor_b (fallback).,No action needed. Tracked to monitor vendor coverage.,auto,[],,,,,,,
Q00807,CR01461,tiktok,"handle, follower_count, reach_rate, growth_rate, meaningful_eng_rate",PRIMARY_SOURCE_MISSING,YELLOW,"{'handle': 'vendor_b', 'follower_count': 'vendor_b', 'reach_rate': 'vendor_b', 'growth_rate': 'vendor_b', 'meaningful_eng_rate': 'vendor_b'}",,vendor_b,vendor_a has no record for this channel; filled from vendor_b (fallback).,No action needed. Tracked to monitor vendor coverage.,auto,[],,,,,,,
Q00808,CR01461,youtube,"handle, follower_count, reach_rate, growth_rate, meaningful_eng_rate",PRIMARY_SOURCE_MISSING,YELLOW,"{'handle': 'vendor_b', 'follower_count': 'vendor_b', 'reach_rate': 'vendor_b', 'growth_rate': 'vendor_b', 'meaningful_eng_rate': 'vendor_b'}",,vendor_b,vendor_a has no record for this channel; filled from vendor_b (fallback).,No action needed. Tracked to monitor vendor coverage.,auto,[],,,,,,,
Q00809,CR01462,instagram,"handle, follower_count, reach_rate, growth_rate, meaningful_eng_rate",PRIMARY_SOURCE_MISSING,YELLOW,"{'handle': 'vendor_b', 'follower_count': 'vendor_b', 'reach_rate': 'vendor_b', 'growth_rate': 'vendor_b', 'meaningful_eng_rate': 'vendor_b'}",,vendor_b,vendor_a has no record for this channel; filled from vendor_b (fallback).,No action needed. Tracked to monitor vendor coverage.,auto,[],,,,,,,
Q00810,CR01462,tiktok,"handle, follower_count, reach_rate, meaningful_eng_rate",PRIMARY_SOURCE_MISSING,YELLOW,"{'handle': 'vendor_b', 'follower_count': 'vendor_b', 'reach_rate': 'vendor_b', 'meaningful_eng_rate': 'vendor_b'}",,vendor_b,vendor_a has no record for this channel; filled from vendor_b (fallback).,No action needed. Tracked to monitor vendor coverage.,auto,[],,,,,,,
Q00811,CR01463,instagram,"handle, follower_count, reach_rate, growth_rate",PRIMARY_SOURCE_MISSING,YELLOW,"{'handle': 'vendor_b', 'follower_count': 'vendor_b', 'reach_rate': 'vendor_b', 'growth_rate': 'vendor_b'}",,vendor_b,vendor_a has no record for this channel; filled from vendor_b (fallback).,No action needed. Tracked to monitor vendor coverage.,auto,[],,,,,,,
Q00812,CR01463,tiktok,"handle, follower_count, reach_rate, growth_rate",PRIMARY_SOURCE_MISSING,YELLOW,"{'handle': 'vendor_b', 'follower_count': 'vendor_b', 'reach_rate': 'vendor_b', 'growth_rate': 'vendor_b'}",,vendor_b,vendor_a has no record for this channel; filled from vendor_b (fallback).,No action needed. Tracked to monitor vendor coverage.,auto,[],,,,,,,
Q00813,CR01469,instagram,"handle, follower_count, reach_rate, growth_rate, meaningful_eng_rate",PRIMARY_SOURCE_MISSING,YELLOW,"{'handle': 'vendor_b', 'follower_count': 'vendor_b', 'reach_rate': 'vendor_b', 'growth_rate': 'vendor_b', 'meaningful_eng_rate': 'vendor_b'}",,vendor_b,vendor_a has no record for this channel; filled from vendor_b (fallback).,No action needed. Tracked to monitor vendor coverage.,auto,[],,,,,,,
Q00814,CR01469,tiktok,"handle, follower_count, reach_rate, growth_rate, meaningful_eng_rate",PRIMARY_SOURCE_MISSING,YELLOW,"{'handle': 'vendor_b', 'follower_count': 'vendor_b', 'reach_rate': 'vendor_b', 'growth_rate': 'vendor_b', 'meaningful_eng_rate': 'vendor_b'}",,vendor_b,vendor_a has no record for this channel; filled from vendor_b (fallback).,No action needed. Tracked to monitor vendor coverage.,auto,[],,,,,,,
Q00815,CR01469,youtube,"handle, follower_count, reach_rate, meaningful_eng_rate",PRIMARY_SOURCE_MISSING,YELLOW,"{'handle': 'vendor_b', 'follower_count': 'vendor_b', 'reach_rate': 'vendor_b', 'meaningful_eng_rate': 'vendor_b'}",,vendor_b,vendor_a has no record for this channel; filled from vendor_b (fallback).,No action needed. Tracked to monitor vendor coverage.,auto,[],,,,,,,
Q00816,CR01470,instagram,"handle, follower_count, reach_rate, growth_rate",PRIMARY_SOURCE_MISSING,YELLOW,"{'handle': 'vendor_c', 'follower_count': 'vendor_c', 'reach_rate': 'vendor_c', 'growth_rate': 'vendor_c'}",,vendor_c,vendor_a has no record for this channel; filled from vendor_c (fallback).,No action needed. Tracked to monitor vendor coverage.,auto,[],,,,,,,
Q00817,CR01472,tiktok,"handle, follower_count, reach_rate, growth_rate, meaningful_eng_rate",PRIMARY_SOURCE_MISSING,YELLOW,"{'handle': 'vendor_b', 'follower_count': 'vendor_b', 'reach_rate': 'vendor_b', 'growth_rate': 'vendor_c', 'meaningful_eng_rate': 'vendor_b'}",,"vendor_b, vendor_c","vendor_a has no record for this channel; filled from vendor_b, vendor_c (fallback).",No action needed. Tracked to monitor vendor coverage.,auto,[],,,,,,,
Q00818,CR01477,tiktok,"handle, follower_count, reach_rate, growth_rate, meaningful_eng_rate",PRIMARY_SOURCE_MISSING,YELLOW,"{'handle': 'vendor_b', 'follower_count': 'vendor_b', 'reach_rate': 'vendor_b', 'growth_rate': 'vendor_b', 'meaningful_eng_rate': 'vendor_b'}",,vendor_b,vendor_a's record is stale; filled from vendor_b (fallback).,No action needed. Tracked to monitor vendor coverage.,auto,[],,,,,,,
Q00819,CR01479,tiktok,"handle, follower_count, reach_rate, growth_rate, meaningful_eng_rate",PRIMARY_SOURCE_MISSING,YELLOW,"{'handle': 'vendor_b', 'follower_count': 'vendor_b', 'reach_rate': 'vendor_b', 'growth_rate': 'vendor_b', 'meaningful_eng_rate': 'vendor_b'}",,vendor_b,vendor_a has no record for this channel; filled from vendor_b (fallback).,No action needed. Tracked to monitor vendor coverage.,auto,[],,,,,,,
Q00820,CR01481,instagram,"handle, follower_count, reach_rate, growth_rate, meaningful_eng_rate",PRIMARY_SOURCE_MISSING,YELLOW,"{'handle': 'vendor_b', 'follower_count': 'vendor_b', 'reach_rate': 'vendor_b', 'growth_rate': 'vendor_b', 'meaningful_eng_rate': 'vendor_b'}",,vendor_b,vendor_a's record is stale; filled from vendor_b (fallback).,No action needed. Tracked to monitor vendor coverage.,auto,[],,,,,,,
Q00821,CR01481,tiktok,"handle, follower_count, reach_rate, growth_rate, meaningful_eng_rate",PRIMARY_SOURCE_MISSING,YELLOW,"{'handle': 'vendor_b', 'follower_count': 'vendor_b', 'reach_rate': 'vendor_b', 'growth_rate': 'vendor_b', 'meaningful_eng_rate': 'vendor_b'}",,vendor_b,vendor_a has no record for this channel; filled from vendor_b (fallback).,No action needed. Tracked to monitor vendor coverage.,auto,[],,,,,,,
Q00822,CR01482,instagram,"handle, follower_count, reach_rate",PRIMARY_SOURCE_MISSING,YELLOW,"{'handle': 'vendor_c', 'follower_count': 'vendor_c', 'reach_rate': 'vendor_c'}",,vendor_c,vendor_a's record is stale; filled from vendor_c (fallback).,No action needed. Tracked to monitor vendor coverage.,auto,[],,,,,,,
Q00823,CR01482,tiktok,"handle, follower_count, reach_rate, growth_rate, meaningful_eng_rate",PRIMARY_SOURCE_MISSING,YELLOW,"{'handle': 'vendor_b', 'follower_count': 'vendor_b', 'reach_rate': 'vendor_b', 'growth_rate': 'vendor_b', 'meaningful_eng_rate': 'vendor_b'}",,vendor_b,vendor_a has no record for this channel; filled from vendor_b (fallback).,No action needed. Tracked to monitor vendor coverage.,auto,[],,,,,,,
Q00824,CR01484,instagram,"handle, follower_count, reach_rate, growth_rate",PRIMARY_SOURCE_MISSING,YELLOW,"{'handle': 'vendor_c', 'follower_count': 'vendor_c', 'reach_rate': 'vendor_c', 'growth_rate': 'vendor_c'}",,vendor_c,vendor_a has no record for this channel; filled from vendor_c (fallback).,No action needed. Tracked to monitor vendor coverage.,auto,[],,,,,,,
Q00825,CR01484,tiktok,"handle, follower_count, reach_rate, growth_rate",PRIMARY_SOURCE_MISSING,YELLOW,"{'handle': 'vendor_b', 'follower_count': 'vendor_b', 'reach_rate': 'vendor_b', 'growth_rate': 'vendor_b'}",,vendor_b,vendor_a has no record for this channel; filled from vendor_b (fallback).,No action needed. Tracked to monitor vendor coverage.,auto,[],,,,,,,
Q00826,CR01485,tiktok,handle,PRIMARY_SOURCE_MISSING,YELLOW,{'handle': 'vendor_b'},,vendor_b,vendor_a has no record for this channel; filled from vendor_b (fallback).,No action needed. Tracked to monitor vendor coverage.,auto,[],,,,,,,
Q00827,CR01489,instagram,"handle, follower_count, reach_rate, growth_rate, meaningful_eng_rate",PRIMARY_SOURCE_MISSING,YELLOW,"{'handle': 'vendor_b', 'follower_count': 'vendor_b', 'reach_rate': 'vendor_b', 'growth_rate': 'vendor_b', 'meaningful_eng_rate': 'vendor_b'}",,vendor_b,vendor_a has no record for this channel; filled from vendor_b (fallback).,No action needed. Tracked to monitor vendor coverage.,auto,[],,,,,,,
Q00828,CR01489,tiktok,"handle, follower_count, reach_rate, growth_rate",PRIMARY_SOURCE_MISSING,YELLOW,"{'handle': 'vendor_b', 'follower_count': 'vendor_b', 'reach_rate': 'vendor_b', 'growth_rate': 'vendor_b'}",,vendor_b,vendor_a has no record for this channel; filled from vendor_b (fallback).,No action needed. Tracked to monitor vendor coverage.,auto,[],,,,,,,
Q00829,CR01492,tiktok,"handle, follower_count, reach_rate, meaningful_eng_rate",PRIMARY_SOURCE_MISSING,YELLOW,"{'handle': 'vendor_b', 'follower_count': 'vendor_b', 'reach_rate': 'vendor_b', 'meaningful_eng_rate': 'vendor_b'}",,vendor_b,vendor_a has no record for this channel; filled from vendor_b (fallback).,No action needed. Tracked to monitor vendor coverage.,auto,[],,,,,,,
Q00830,CR01495,instagram,"handle, follower_count, reach_rate, growth_rate, meaningful_eng_rate",PRIMARY_SOURCE_MISSING,YELLOW,"{'handle': 'vendor_b', 'follower_count': 'vendor_b', 'reach_rate': 'vendor_b', 'growth_rate': 'vendor_b', 'meaningful_eng_rate': 'vendor_b'}",,vendor_b,vendor_a has no record for this channel; filled from vendor_b (fallback).,No action needed. Tracked to monitor vendor coverage.,auto,[],,,,,,,
Q00831,CR01495,tiktok,"handle, follower_count, reach_rate, growth_rate, meaningful_eng_rate",PRIMARY_SOURCE_MISSING,YELLOW,"{'handle': 'vendor_b', 'follower_count': 'vendor_b', 'reach_rate': 'vendor_b', 'growth_rate': 'vendor_b', 'meaningful_eng_rate': 'vendor_b'}",,vendor_b,vendor_a has no record for this channel; filled from vendor_b (fallback).,No action needed. Tracked to monitor vendor coverage.,auto,[],,,,,,,
Q00837,CR00330,youtube,follower_count,HISTORICAL_ANOMALY,YELLOW,"{'previous_month': '2026-08', 'previous': 85770.0, 'current': 678607.0}",6.9119,vendor_a,"follower_count moved +691% vs 2026-08 (85,770 → 678,607). Kept: big swings can be genuine (viral content, events).",No action needed. Worth a look if the creator is being shortlisted.,auto,[],,,,,,,
Q00838,CR00648,youtube,follower_count,HISTORICAL_ANOMALY,YELLOW,"{'previous_month': '2026-07', 'previous': 22719.0, 'current': 194520.0}",7.562,vendor_a,"follower_count moved +756% vs 2026-07 (22,719 → 194,520). Kept: big swings can be genuine (viral content, events).",No action needed. Worth a look if the creator is being shortlisted.,auto,[],,,,,,,
Q00839,CR00826,instagram,follower_count,HISTORICAL_ANOMALY,YELLOW,"{'previous_month': '2026-08', 'previous': 47730.0, 'current': 8936.0}",-0.8128,vendor_c,"follower_count moved -81% vs 2026-08 (47,730 → 8,936). Kept: big swings can be genuine (viral content, events).",No action needed. Worth a look if the creator is being shortlisted.,auto,[],,,,,,,
Q00840,CR01017,youtube,follower_count,HISTORICAL_ANOMALY,YELLOW,"{'previous_month': '2026-08', 'previous': 27576.0, 'current': 218400.0}",6.9199,vendor_b,"follower_count moved +692% vs 2026-08 (27,576 → 218,400). Kept: big swings can be genuine (viral content, events).",No action needed. Worth a look if the creator is being shortlisted.,auto,[],,,,,,,
Q00841,CR01088,tiktok,follower_count,HISTORICAL_ANOMALY,YELLOW,"{'previous_month': '2026-08', 'previous': 48150.0, 'current': 163370.0}",2.3929,vendor_b,"follower_count moved +239% vs 2026-08 (48,150 → 163,370). Kept: big swings can be genuine (viral content, events).",No action needed. Worth a look if the creator is being shortlisted.,auto,[],,,,,,,
Q00842,CR01472,instagram,follower_count,HISTORICAL_ANOMALY,YELLOW,"{'previous_month': '2026-08', 'previous': 130290.0, 'current': 1069298.0}",7.2071,vendor_a,"follower_count moved +721% vs 2026-08 (130,290 → 1,069,298). Kept: big swings can be genuine (viral content, events).",No action needed. Worth a look if the creator is being shortlisted.,auto,[],,,,,,,
