creator_id,platform,handle,handle__source,follower_count,follower_count__source,reach_rate,reach_rate__source,growth_rate,growth_rate__source,meaningful_eng_rate,meaningful_eng_rate__source,size_band,reach_rate__pct,reach_rate__peers,growth_rate__pct,growth_rate__peers,meaningful_eng_rate__pct,meaningful_eng_rate__peers
CR00000,instagram,@creator0_instagram,vendor_b,88250.0,vendor_b,0.20035127478753542,vendor_b,0.11793767418292374,vendor_b,0.02045209903121636,vendor_b,micro,8.5,instagram,61.9,instagram · micro,6.1,instagram
CR00000,tiktok,@creator0_tiktok,vendor_b,51160.0,vendor_b,1.4754104769351055,vendor_b,0.08412799321890231,vendor_b,0.19966555183946488,vendor_b,micro,15.9,tiktok,50.2,tiktok · micro,69.5,tiktok
CR00000,youtube,,,,,,,,,,,,,,,,,
CR00003,instagram,@creator3_instagram,vendor_b,30670.0,vendor_b,0.5785132050864037,vendor_b,0.2268,vendor_b,,"n/a (likes hidden, vendor_b)",micro,52.2,instagram,96.2,instagram · micro,,
CR00003,tiktok,,,,,,,,,,,,,,,,,
CR00003,youtube,@creator3_youtube,vendor_b,72750.0,vendor_b,3.469676975945017,vendor_b,0.013513513513513514,vendor_b,0.020083515609465103,vendor_b,micro,92.4,youtube,14.0,youtube · micro,13.6,youtube
CR00004,instagram,https://www.instagram.com/creator4_instagram/,vendor_b,30830.0,vendor_b,0.5799870256243919,vendor_b,0.05981436919903747,vendor_b,,,micro,52.4,instagram,32.0,instagram · micro,,
CR00004,tiktok,@creator4_tiktok,vendor_b,260580.0,vendor_b,3.714744032542789,vendor_b,0.053285931527680734,vendor_a,0.468574335495358,vendor_b,mid,59.5,tiktok,38.2,tiktok · mid,98.9,tiktok
CR00004,youtube,@creator4_youtube,vendor_a,3745,vendor_a,0.45607476635514016,vendor_a,0.1515990159901599,vendor_a,0.13580246913580246,vendor_a,nano,10.4,youtube,70.0,youtube · nano,69.9,youtube
CR00005,instagram,@creator5_instagram,vendor_b,38700.0,vendor_b,0.2166925064599483,vendor_b,-0.01501654364978366,vendor_b,0.029850746268656716,vendor_a,micro,10.0,instagram,6.9,instagram · micro,8.2,instagram
CR00005,tiktok,https://www.tiktok.com/@creator5_tiktok,vendor_b,291450.0,vendor_b,3.291405043746783,vendor_b,0.09403153153153153,vendor_b,0.2826232647199617,vendor_b,mid,52.1,tiktok,58.0,tiktok · mid,86.1,tiktok
CR00005,youtube,@creator5_youtube,vendor_a,16753,vendor_a,0.5526771324538888,vendor_a,0.12708557588805167,vendor_a,0.12287581699346405,vendor_a,micro,15.9,youtube,66.6,youtube · micro,66.3,youtube
CR00007,instagram,,,,,,,,,,,,,,,,,
CR00007,youtube,@creator7_youtube,vendor_a,5276,vendor_a,0.9418119787717968,vendor_a,0.11284539126766505,vendor_a,0.072992700729927,vendor_a,nano,36.2,youtube,51.2,youtube · nano,45.5,youtube
CR00009,instagram,@creator9_instagram,vendor_b,110280.0,vendor_b,0.7367201860674495,vendor_a,0.03210107627515208,vendor_b,0.09925558312655088,vendor_a,mid,64.3,instagram,22.9,instagram · mid,35.9,instagram
CR00009,tiktok,,,8660.0,vendor_b,6.905427251732101,vendor_b,,,0.14423963133640552,vendor_b,nano,85.5,tiktok,,,54.1,tiktok
CR00009,youtube,@creator9_youtube,vendor_a,57911,vendor_a,2.2724525565091263,vendor_a,0.07901993664989752,vendor_a,0.03629943502824859,vendor_a,micro,80.6,youtube,40.3,youtube · micro,23.7,youtube
CR00011,tiktok,@creator11_tiktok,vendor_a,489170,vendor_a,3.215573318069383,vendor_a,0.11905437308980436,vendor_a,0.16876904730356432,vendor_a,mid,50.7,tiktok,70.1,tiktok · mid,61.1,tiktok
CR00012,instagram,@creator12_instagram,vendor_b,182210.0,vendor_b,0.6011525163273146,vendor_b,0.05733186328555678,vendor_b,0.14914893617021277,vendor_b,mid,53.9,instagram,32.9,instagram · mid,57.3,instagram
CR00012,tiktok,https://www.tiktok.com/@creator12_tiktok,vendor_b,79800.0,vendor_b,1.1630075187969924,vendor_b,-0.052143960090272,vendor_b,0.35947446837329,vendor_b,micro,9.2,tiktok,3.6,tiktok · micro,94.9,tiktok
CR00012,youtube,https://youtube.com/@creator12_youtube,vendor_b,6810.0,vendor_b,0.7079295154185022,vendor_b,0.23593466424682397,vendor_b,0.03237410071942446,vendor_a,nano,22.6,youtube,95.0,youtube · nano,21.7,youtube
CR00013,instagram,https://www.instagram.com/creator13_instagram/,vendor_b,182110.0,vendor_b,0.5664104112898798,vendor_b,0.12434401432364019,vendor_b,0.32148086174440493,vendor_b,mid,50.7,instagram,70.0,instagram · mid,92.3,instagram
CR00013,tiktok,,,,,,,,,,,,,,,,,
CR00020,youtube,@creator20_youtube,vendor_a,5060,vendor_a,3.516798418972332,vendor_a,0.04588673005374121,vendor_a,0.00909090909090909,vendor_c,nano,92.8,youtube,25.0,youtube · nano,6.3,youtube
CR00025,instagram,,,,,,,,,,,,,,,,,
CR00025,tiktok,@creator25_tiktok,vendor_b,29230.0,vendor_b,10.258159425248033,vendor_b,0.08540660972892684,vendor_b,0.0069093610698365525,vendor_b,micro,94.7,tiktok,51.3,tiktok · micro,0.9,tiktok
CR00025,youtube,@creator25_youtube,vendor_a,,,,,,,0.1043822276323798,vendor_a,,,,,,60.6,youtube
CR00027,youtube,@creator27_youtube,vendor_a,12410,vendor_a,1.9859790491539082,vendor_a,0.04947145877378435,vendor_a,0.0,vendor_a,micro,76.4,youtube,27.9,youtube · micro,0.9,youtube
CR00029,instagram,https://www.instagram.com/creator29_instagram/,vendor_b,2281430.0,vendor_b,0.61833674493629,vendor_b,0.20798784297529413,vendor_b,0.08375223297744173,vendor_b,macro,56.5,instagram,100.0,instagram · macro,28.0,instagram
CR00029,tiktok,@creator29_tiktok,vendor_b,98580.0,vendor_b,0.4656015418949077,vendor_b,-0.02114983616324099,vendor_b,,,micro,1.2,tiktok,8.0,tiktok · micro,,
CR00029,youtube,https://youtube.com/@creator29_youtube,vendor_b,12990.0,vendor_b,0.5060816012317167,vendor_b,0.051821862348178135,vendor_b,0.03389830508474576,vendor_b,micro,13.6,youtube,28.9,youtube · micro,22.4,youtube
CR00030,instagram,,,,,,,,,,,,,,,,,
CR00030,tiktok,@creator30_tiktok,vendor_b,12610.0,vendor_b,1.70832672482157,vendor_b,-0.016560607222264816,vendor_a,0.05783582089552239,vendor_a,micro,21.4,tiktok,9.5,tiktok · micro,15.0,tiktok
CR00030,youtube,,,,,,,,,,,,,,,,,
CR00031,instagram,@creator31_instagram,vendor_b,9490.0,vendor_b,1.1906217070600633,vendor_b,,,0.2902338376891334,vendor_b,nano,83.6,instagram,,,89.5,instagram
CR00031,tiktok,https://www.tiktok.com/@creator31_tiktok,vendor_b,32640.0,vendor_b,1.783486519607843,vendor_b,0.09788092835519677,vendor_b,0.4324254215304799,vendor_b,micro,23.2,tiktok,55.6,tiktok · micro,98.0,tiktok
CR00031,youtube,@creator31_youtube,vendor_a,21923,vendor_a,0.33015554440541894,vendor_a,0.009578632281832835,vendor_a,,,micro,4.6,youtube,12.7,youtube · micro,,
CR00032,instagram,@creator32_instagram,vendor_a,19167,vendor_a,0.7465957113789325,vendor_a,0.10085578082821205,vendor_a,0.10739102969046115,vendor_a,micro,65.0,instagram,53.3,instagram · micro,38.2,instagram
CR00032,tiktok,@creator32_tiktok,vendor_b,137760.0,vendor_b,4.141289198606271,vendor_b,0.2112898971247692,vendor_b,0.38127818379723216,vendor_b,mid,65.6,tiktok,98.7,tiktok · mid,96.5,tiktok
CR00032,youtube,@creator32_youtube,vendor_a,2681,vendor_a,1.0947407683700112,vendor_a,0.14719726144629866,vendor_a,0.11347517730496454,vendor_a,nano,42.0,youtube,67.5,youtube · nano,63.3,youtube
CR00033,instagram,@creator33_instagram,vendor_b,58280.0,vendor_b,0.7116163349347975,vendor_b,0.04164432529043789,vendor_b,,"n/a (likes hidden, vendor_b)",micro,62.4,instagram,23.0,instagram · micro,,
CR00033,youtube,@creator33_youtube,vendor_a,8780.0,vendor_b,0.9120728929384966,vendor_b,0.0681265206812652,vendor_b,0.06,vendor_b,nano,34.7,youtube,36.2,youtube · nano,37.5,youtube
CR00034,instagram,@creator34_instagram,vendor_b,50410.0,vendor_b,1.2897242610593136,vendor_b,0.04955236310639184,vendor_b,0.057285180572851806,vendor_b,micro,85.8,instagram,26.8,instagram · micro,18.6,instagram
CR00034,tiktok,@creator34_tiktok,vendor_c,19771,vendor_c,16.96444287087148,vendor_c,0.08596067230583324,vendor_c,,,micro,99.0,tiktok,52.4,tiktok · micro,,
CR00034,youtube,@creator34_youtube,vendor_b,117820.0,vendor_b,1.3210066202682058,vendor_b,0.04210153900583761,vendor_b,0.008361877896433608,vendor_b,mid,52.9,youtube,27.3,youtube · mid,5.9,youtube
CR00038,instagram,@creator38_instagram,vendor_b,32330.0,vendor_b,2.3145994432415713,vendor_b,0.22647951441578149,vendor_b,0.1167979002624672,vendor_b,micro,96.8,instagram,95.9,instagram · micro,43.6,instagram
CR00038,tiktok,@creator38_tiktok,vendor_b,51530.0,vendor_b,2.3613623132156025,vendor_b,0.031218731238743247,vendor_b,0.24794661190965092,vendor_b,micro,34.0,tiktok,22.2,tiktok · micro,81.5,tiktok
CR00038,youtube,@creator38_youtube,vendor_a,126028,vendor_a,2.761917986479195,vendor_a,0.05210959544521063,vendor_a,0.03196161653441595,vendor_a,mid,87.5,youtube,32.3,youtube · mid,21.1,youtube
CR00039,instagram,@creator39_instagram,vendor_c,230295,vendor_c,0.808549903384789,vendor_c,0.07714650539520396,vendor_c,,"n/a (likes hidden, vendor_c)",mid,68.4,instagram,44.3,instagram · mid,,
CR00039,tiktok,,,,,,,,,,,,,,,,,
CR00040,instagram,@creator40_instagram,vendor_a,6348,vendor_a,0.5190611216131065,vendor_a,0.10074562164036761,vendor_a,0.034482758620689655,vendor_a,nano,44.0,instagram,50.7,instagram · nano,10.7,instagram
CR00040,tiktok,,,,,,,,,,,,,,,,,
CR00040,youtube,@creator40_youtube,vendor_b,211120.0,vendor_b,0.7646551724137931,vendor_b,0.04847040127135479,vendor_b,0.013186244936654313,vendor_b,mid,26.1,youtube,30.4,youtube · mid,9.1,youtube
CR00041,instagram,@creator41_instagram,vendor_b,20130.0,vendor_b,1.7767511177347244,vendor_b,0.09700272479564033,vendor_b,,"n/a (likes hidden, vendor_b)",micro,93.4,instagram,50.2,instagram · micro,,
CR00041,youtube,@creator41_youtube,vendor_a,175579,vendor_a,4.746581310976826,vendor_a,0.07499540806955245,vendor_a,0.1325907160420237,vendor_a,mid,97.4,youtube,45.3,youtube · mid,69.0,youtube
CR00046,tiktok,@creator46_tiktok,vendor_b,12010.0,vendor_b,4.422064945878435,vendor_b,0.1008249312557287,vendor_b,0.18737388296339003,vendor_b,micro,69.0,tiktok,57.8,tiktok · micro,66.2,tiktok
CR00046,youtube,@creator46_youtube,vendor_a,7447,vendor_a,1.3955955418289243,vendor_a,0.04695627723885843,vendor_a,0.10580204778156997,vendor_a,nano,55.7,youtube,26.2,youtube · nano,61.1,youtube
CR00047,instagram,@creator47_instagram,vendor_b,296963,vendor_c,,EXCLUDED: Q00013 (no consistent source),0.1051965596936326,vendor_c,0.22660864159154492,vendor_b,mid,,,62.9,instagram · mid,77.6,instagram
CR00047,youtube,,,,,,,,,,,,,,,,,
CR00048,instagram,@creator48_instagram,vendor_b,694040.0,vendor_b,0.25214685032562967,vendor_b,0.10289373738657852,vendor_b,0.0953568842037499,vendor_b,mid,13.0,instagram,59.3,instagram · mid,34.5,instagram
CR00048,tiktok,https://www.tiktok.com/@creator48_tiktok,vendor_b,28401,vendor_a,1.4718847927889862,vendor_a,0.06506412660316507,vendor_a,0.24937921248669742,vendor_b,micro,15.7,tiktok,38.2,tiktok · micro,81.7,tiktok
CR00048,youtube,@creator48_youtube,vendor_b,42090.0,vendor_b,1.314944167260632,vendor_b,0.09353078721745908,vendor_b,0.28060956384655805,vendor_b,micro,52.6,youtube,48.7,youtube · micro,95.9,youtube
CR00050,instagram,@creator50_instagram,vendor_c,17919,vendor_c,0.287292817679558,vendor_c,0.17810650887573964,vendor_c,,,micro,15.9,instagram,86.3,instagram · micro,,
CR00050,youtube,,,,,,,,,,,,,,,,,
CR00054,tiktok,@creator54_tiktok,vendor_b,9120.0,vendor_b,2.4904605263157893,vendor_b,0.13011152416356878,vendor_b,0.14968152866242038,vendor_b,nano,38.1,tiktok,58.5,tiktok · nano,55.0,tiktok
CR00056,instagram,@creator56_instagram,vendor_b,12800.0,vendor_b,0.204765625,vendor_b,-0.03831705484598046,vendor_b,0.0,vendor_b,micro,9.3,instagram,2.7,instagram · micro,1.3,instagram
CR00056,youtube,@creator56_youtube,vendor_a,47823,vendor_a,1.066683395019133,vendor_a,0.18455860497374418,vendor_a,0.07881316643486323,vendor_a,micro,41.1,youtube,88.6,youtube · micro,48.6,youtube
CR00057,instagram,@creator57_instagram,vendor_b,14840.0,vendor_b,0.8382749326145552,vendor_b,0.07536231884057971,vendor_b,0.23269961977186313,vendor_b,micro,70.7,instagram,40.5,instagram · micro,79.5,instagram
CR00057,tiktok,@creator57_tiktok,vendor_b,2795520.0,vendor_b,1.524179401327839,vendor_b,0.13399778516057587,vendor_b,0.021695738541967963,vendor_b,macro,17.5,tiktok,83.3,tiktok · macro,4.6,tiktok
CR00057,youtube,@creator57_youtube,vendor_b,78610.0,vendor_b,1.019208752067167,vendor_b,0.18050758372127948,vendor_b,0.12474645030425964,vendor_b,micro,39.7,youtube,87.3,youtube · micro,66.7,youtube
CR00060,instagram,@creator60_instagram,vendor_b,29470.0,vendor_b,0.8173736002714626,vendor_b,0.09839731643682445,vendor_b,0.34808067664281067,vendor_b,micro,69.4,instagram,51.5,instagram · micro,95.1,instagram
CR00060,tiktok,,,,,,,,,,,,,,,,,
CR00060,youtube,@creator60_youtube,vendor_b,18430.0,vendor_b,0.5201302224633749,vendor_b,0.09833134684147796,vendor_b,0.09355246523388117,vendor_b,micro,14.3,youtube,51.6,youtube · micro,55.6,youtube
CR00061,tiktok,@creator61_tiktok,vendor_b,8560.0,vendor_b,3.8529205607476635,vendor_b,0.08217446270543616,vendor_b,,,nano,61.5,tiktok,28.3,tiktok · nano,,
CR00062,instagram,@creator62_instagram,vendor_b,2440.0,vendor_b,0.5631147540983606,vendor_b,0.12082957619477007,vendor_a,0.15053763440860216,vendor_a,nano,49.7,instagram,63.4,instagram · nano,58.0,instagram
CR00062,tiktok,https://www.tiktok.com/@creator62_tiktok,vendor_b,36680.0,vendor_b,1.4873227917121048,vendor_b,0.19129587528418318,vendor_b,0.045638571954361426,vendor_a,micro,16.7,tiktok,91.6,tiktok · micro,10.6,tiktok
CR00062,youtube,@creator62_youtube,vendor_a,93291,vendor_a,1.5270926455928224,vendor_a,0.19817366846046158,vendor_a,0.0,vendor_a,micro,61.4,youtube,91.6,youtube · micro,0.9,youtube
CR00063,instagram,@creator63_instagram,vendor_b,10600.0,vendor_b,0.3882075471698113,vendor_b,,,0.04477611940298507,vendor_b,micro,28.2,instagram,,,13.8,instagram
CR00063,tiktok,@creator63_tiktok,vendor_a,79553,vendor_a,2.076640730079318,vendor_a,0.11225602594933169,vendor_a,0.17308897243107768,vendor_a,micro,29.1,tiktok,65.5,tiktok · micro,62.3,tiktok
CR00063,youtube,@creator63_youtube,vendor_a,24492,vendor_a,0.7655152702923403,vendor_a,0.2329222250188774,vendor_a,0.08628571428571429,vendor_a,micro,26.3,youtube,96.8,youtube · micro,52.5,youtube
CR00065,instagram,https://www.instagram.com/creator65_instagram/,vendor_b,89620.0,vendor_b,0.29669716581120287,vendor_b,-0.01048912443413934,vendor_b,0.10693970420932879,vendor_b,micro,17.0,instagram,8.2,instagram · micro,37.3,instagram
CR00065,tiktok,@creator65_tiktok,vendor_b,26000.0,vendor_b,1.1981538461538461,vendor_b,0.14689016321129245,vendor_b,0.14791224345364473,vendor_b,micro,10.0,tiktok,79.6,tiktok · micro,54.3,tiktok
CR00065,youtube,@creator65_youtube,vendor_a,5849,vendor_a,0.724568302273893,vendor_a,0.02058977490839295,vendor_a,0.20987654320987653,vendor_a,nano,23.5,youtube,15.0,youtube · nano,86.9,youtube
CR00068,instagram,@creator68_instagram,vendor_b,104240.0,vendor_b,1.2324251726784343,vendor_b,0.011744152188682909,vendor_b,0.16603667926641466,vendor_b,mid,84.7,instagram,15.7,instagram · mid,64.8,instagram
CR00068,tiktok,@creator68_tiktok,vendor_b,13880.0,vendor_b,1.1481268011527377,vendor_b,0.06278713629402756,vendor_b,,,micro,8.8,tiktok,36.4,tiktok · micro,,
CR00068,youtube,@creator68_youtube,vendor_b,79290.0,vendor_b,2.1717744986757475,vendor_b,0.07628614089860188,vendor_b,,,micro,79.0,youtube,39.0,youtube · micro,,
CR00070,instagram,@creator70_instagram,vendor_b,30990.0,vendor_b,1.0045821232655696,vendor_b,0.2157708905453119,vendor_b,0.04251269035532995,vendor_b,micro,78.4,instagram,94.8,instagram · micro,13.1,instagram
CR00070,tiktok,@creator70_tiktok,vendor_b,11820.0,vendor_b,0.6649746192893401,vendor_b,0.10261194029850747,vendor_b,0.2951127819548872,vendor_b,micro,2.8,tiktok,59.6,tiktok · micro,87.9,tiktok
CR00070,youtube,@creator70_youtube,vendor_b,6330.0,vendor_b,1.129699842022117,vendor_b,0.024861441013460016,vendor_a,0.18518518518518517,vendor_b,nano,43.9,youtube,20.0,youtube · nano,81.4,youtube
CR00072,instagram,@creator72_instagram,vendor_b,203770.0,vendor_b,0.5289983805270648,vendor_b,0.049279093717816684,vendor_b,0.1865093552615898,vendor_b,mid,45.4,instagram,29.3,instagram · mid,69.2,instagram
CR00072,tiktok,https://www.tiktok.com/@creator72_tiktok,vendor_b,1560.0,vendor_b,6.73974358974359,vendor_b,,,0.13882863340563992,vendor_b,nano,84.5,tiktok,,,52.1,tiktok
CR00072,youtube,,,,,,,,,,,,,,,,,
CR00073,tiktok,@creator73_tiktok,vendor_b,410680.0,vendor_b,19.60929434109282,vendor_b,0.12923449186097669,vendor_b,0.2740634159576219,vendor_b,mid,99.8,tiktok,75.2,tiktok · mid,85.2,tiktok
CR00073,youtube,@creator73_youtube,vendor_a,21465,vendor_a,0.9474493361285814,vendor_a,0.1139076284379865,vendor_a,0.027245206861755803,vendor_a,micro,36.3,youtube,59.7,youtube · micro,18.5,youtube
CR00076,youtube,@creator76_youtube,vendor_b,33240.0,vendor_b,1.9439831528279181,vendor_b,-0.03005544207761891,vendor_b,0.19601769911504424,vendor_b,micro,75.3,youtube,4.9,youtube · micro,84.1,youtube
CR00077,instagram,@creator77_instagram,vendor_b,22580.0,vendor_b,0.3258193091231178,vendor_b,0.07883420926899187,vendor_b,0.09386281588447654,vendor_b,micro,20.4,instagram,41.9,instagram · micro,33.8,instagram
CR00077,tiktok,@creator77_tiktok,vendor_c,30080.0,vendor_b,1.492719414893617,vendor_b,0.10791896869244935,vendor_b,0.058530510585305104,vendor_b,micro,16.9,tiktok,64.0,tiktok · micro,15.5,tiktok
CR00077,youtube,@creator77_youtube,vendor_a,8522,vendor_a,1.006688570758038,vendor_a,0.02354071582993034,vendor_a,0.09584664536741214,vendor_a,nano,39.0,youtube,17.5,youtube · nano,56.8,youtube
CR00078,youtube,@creator78_youtube,vendor_b,13930.0,vendor_b,2.398869073510222,vendor_c,0.07153846153846154,vendor_b,0.006165228113440197,vendor_b,micro,82.9,youtube,36.7,youtube · micro,4.5,youtube
CR00079,instagram,@creator79_instagram,vendor_b,,,,,,,,,,,,,,,
CR00079,tiktok,@creator79_tiktok,vendor_b,15780.0,vendor_b,2.023574144486692,vendor_b,0.11914893617021277,vendor_b,0.21322778345250257,vendor_b,micro,27.9,tiktok,68.0,tiktok · micro,72.6,tiktok
CR00081,instagram,@creator81_instagram,vendor_b,121620.0,vendor_b,0.27505344515704655,vendor_b,,,0.08376623376623377,vendor_b,mid,14.9,instagram,,,28.2,instagram
CR00082,instagram,,,,,,,,,,,,,,,,,
CR00082,tiktok,@creator82_tiktok,vendor_c,47649,vendor_c,4.033683812881697,vendor_c,0.13255847119224187,vendor_c,,,micro,64.8,tiktok,73.5,tiktok · micro,,
CR00082,youtube,@creator82_youtube,vendor_a,107481,vendor_a,3.9963807556684436,vendor_a,-0.027065926804319684,vendor_a,,,mid,94.4,youtube,8.7,youtube · mid,,
CR00083,instagram,,,,,,,,,,,,,,,,,
CR00083,tiktok,@creator83_tiktok,vendor_b,4830.0,vendor_b,4.261490683229813,vendor_b,0.1391509433962264,vendor_b,0.04183266932270916,vendor_b,nano,67.4,tiktok,64.2,tiktok · nano,9.3,tiktok
CR00083,youtube,@creator83_youtube,vendor_a,55602,vendor_a,2.1283047372396675,vendor_a,0.022151956909388384,vendor_a,,,micro,78.5,youtube,18.2,youtube · micro,,
CR00084,instagram,@creator84_instagram,vendor_b,180880.0,vendor_b,2.043327067669173,vendor_b,0.13085339168490154,vendor_b,0.011918697456635097,vendor_b,mid,95.3,instagram,74.3,instagram · mid,3.0,instagram
CR00084,tiktok,,,,,,,,,,,,,,,,,
CR00084,youtube,@creator84_youtube,vendor_b,6000.0,vendor_b,0.4865,vendor_b,0.11524163568773234,vendor_b,0.06134969325153374,vendor_b,nano,12.3,youtube,52.5,youtube · nano,39.6,youtube
CR00085,youtube,@creator85_youtube,vendor_a,6232,vendor_a,6.116816431322208,vendor_a,0.10732054015636106,vendor_a,0.08254397834912043,vendor_a,nano,98.6,youtube,48.8,youtube · nano,50.4,youtube
CR00086,instagram,@creator86_instagram,vendor_b,17620.0,vendor_b,1.7559023836549377,vendor_b,0.07373552711761121,vendor_b,0.276355421686747,vendor_b,micro,93.0,instagram,40.2,instagram · micro,86.7,instagram
CR00086,tiktok,@creator86_tiktok,vendor_b,219670.0,vendor_b,2.407984704329221,vendor_b,-0.06852393673408812,vendor_b,0.10160803100112897,vendor_b,mid,35.6,tiktok,4.5,tiktok · mid,37.7,tiktok
CR00086,youtube,@creator86_youtube,vendor_a,88928,vendor_a,1.325847876934149,vendor_a,0.10730917693935998,vendor_a,0.07031329727523217,vendor_a,micro,53.1,youtube,56.2,youtube · micro,44.6,youtube
CR00087,youtube,@creator87_youtube,vendor_b,15890.0,vendor_b,1.1141598489616111,vendor_b,0.10500695410292073,vendor_b,0.25773195876288657,vendor_b,micro,43.2,youtube,55.2,youtube · micro,93.2,youtube
CR00089,instagram,,,,,,,,,,,,,,,,,
CR00090,instagram,@creator90_instagram,vendor_b,41170.0,vendor_b,0.37335438426038375,vendor_b,0.05753917287438993,vendor_b,0.03081232492997199,vendor_b,micro,25.9,instagram,31.3,instagram · micro,8.9,instagram
CR00090,tiktok,@creator90_tiktok,vendor_b,18130.0,vendor_b,7.9997242140099285,vendor_b,-0.01597175521183591,vendor_c,0.2700547302580141,vendor_b,micro,90.0,tiktok,9.8,tiktok · micro,84.1,tiktok
CR00090,youtube,@creator90_youtube,vendor_b,28140.0,vendor_b,1.0993958777540866,vendor_b,0.04338153503893215,vendor_b,0.042335766423357665,vendor_b,micro,42.7,youtube,25.3,youtube · micro,27.6,youtube
CR00092,tiktok,@creator92_tiktok,vendor_b,421260.0,vendor_b,3.2192707591511183,vendor_b,0.008981820794711505,vendor_b,0.1322151472795983,vendor_b,mid,51.1,tiktok,14.6,tiktok · mid,50.1,tiktok
CR00092,youtube,@creator92_youtube,vendor_b,3534780.0,vendor_b,,,0.1095667241103295,vendor_b,0.23041204691488967,vendor_b,macro,,,57.1,youtube · macro,90.5,youtube
CR00094,youtube,@creator94_youtube,vendor_b,35840.0,vendor_b,0.9749162946428571,vendor_b,0.09301616346447088,vendor_b,0.08297690333618478,vendor_b,micro,37.7,youtube,48.4,youtube · micro,50.9,youtube
CR00096,instagram,https://www.instagram.com/creator96_instagram/,vendor_b,122330.0,vendor_b,1.1742172811248264,vendor_b,0.023939064200217627,vendor_b,0.2641148325358852,vendor_b,mid,83.2,instagram,18.6,instagram · mid,84.8,instagram
CR00096,youtube,@creator96_youtube,vendor_b,8420.0,vendor_b,1.708788598574822,vendor_b,0.18758815232722145,vendor_b,0.05032467532467533,vendor_b,nano,69.0,youtube,82.5,youtube · nano,32.4,youtube
CR00097,instagram,@creator97_instagram,vendor_b,89530.0,vendor_b,0.4736066123087233,vendor_b,0.12094653812445223,vendor_b,0.21536624203821655,vendor_b,micro,38.9,instagram,65.6,instagram · micro,76.0,instagram
CR00097,tiktok,@creator97_tiktok,vendor_b,1201940.0,vendor_b,0.7007953808010383,vendor_b,0.10793197216205005,vendor_b,0.04829076121489389,vendor_a,macro,3.3,tiktok,50.0,tiktok · macro,11.7,tiktok
CR00097,youtube,@creator97_youtube,vendor_b,51340.0,vendor_b,1.0151149201402416,vendor_b,0.13936972924988902,vendor_b,0.09015594541910331,vendor_b,micro,39.3,youtube,70.1,youtube · micro,54.3,youtube
CR00099,instagram,@creator99_instagram,vendor_b,16390.0,vendor_b,0.5393532641854789,vendor_b,0.0649772579597141,vendor_b,0.18064516129032257,vendor_b,micro,47.1,instagram,36.4,instagram · micro,68.3,instagram
CR00099,tiktok,@creator99_tiktok,vendor_b,23170.0,vendor_b,6.877557186016401,vendor_b,0.07968313140726933,vendor_b,0.1703515766582095,vendor_b,micro,84.9,tiktok,47.6,tiktok · micro,61.6,tiktok
CR00099,youtube,@creator99_youtube,vendor_b,49600.0,vendor_b,1.5953225806451612,vendor_b,-0.007416391617290333,vendor_c,0.0026334269662921348,vendor_b,micro,62.8,youtube,7.8,youtube · micro,3.2,youtube
CR00100,instagram,@creator100_instagram,vendor_b,5257,vendor_a,1.2044892524253377,vendor_a,0.09772395072040092,vendor_a,0.2017167381974249,vendor_b,nano,83.9,instagram,49.3,instagram · nano,73.9,instagram
CR00100,tiktok,@creator100_tiktok,vendor_b,8720.0,vendor_b,1.623165137614679,vendor_b,0.2492836676217765,vendor_b,0.1254355400696864,vendor_b,nano,19.1,tiktok,98.1,tiktok · nano,47.5,tiktok
CR00100,youtube,@creator100_youtube,vendor_a,31372,vendor_a,1.7295040163202855,vendor_a,0.1469727990640538,vendor_a,0.06650093225605966,vendor_a,micro,69.5,youtube,75.6,youtube · micro,43.2,youtube
CR00102,instagram,@creator102_instagram,vendor_b,123680.0,vendor_b,0.8590798835705046,vendor_b,-0.05781976079835453,vendor_b,0.2320861277797388,vendor_b,mid,72.8,instagram,2.9,instagram · mid,79.3,instagram
CR00102,tiktok,,,,,,,,,,,,,,,,,
CR00102,youtube,,,,,,,,,,,,,,,,,
CR00103,instagram,@creator103_instagram,vendor_b,146070.0,vendor_b,0.39116861778599304,vendor_b,-0.00841762270042767,vendor_b,0.13044994768050228,vendor_b,mid,28.5,instagram,10.7,instagram · mid,48.3,instagram
CR00103,tiktok,@creator103_tiktok,vendor_b,2990.0,vendor_b,7.009389671361502,vendor_a,0.099963113242346,vendor_a,0.1996517701683111,vendor_b,nano,85.7,tiktok,45.3,tiktok · nano,69.3,tiktok
CR00103,youtube,@creator103_youtube,vendor_a,103540,vendor_a,1.9435387289936257,vendor_a,0.10109109471042389,vendor_a,0.10058972198820557,vendor_a,mid,75.1,youtube,59.0,youtube · mid,59.1,youtube
CR00107,tiktok,@creator107_tiktok,vendor_b,11990.0,vendor_b,3.647789824854045,vendor_b,0.042608695652173914,vendor_b,0.21279853031230864,vendor_b,micro,58.9,tiktok,27.3,tiktok · micro,72.4,tiktok
CR00108,instagram,@creator108_instagram,vendor_a,229816,vendor_a,0.329106763671807,vendor_a,-0.030156733991104058,vendor_a,0.05042016806722689,vendor_a,mid,21.4,instagram,8.6,instagram · mid,15.6,instagram
CR00108,tiktok,@creator108_tiktok,vendor_c,32132,vendor_c,1.3719345201045687,vendor_c,-0.050837444244232415,vendor_c,,,micro,13.0,tiktok,4.4,tiktok · micro,,
CR00108,youtube,,,,,,,,,,,,,,,,,
CR00110,instagram,@creator110_instagram,vendor_b,72490.0,vendor_b,0.14639260587667263,vendor_b,0.09766807995154451,vendor_b,0.16139767054908485,vendor_a,micro,5.1,instagram,50.9,instagram · micro,62.9,instagram
CR00110,tiktok,@creator110_tiktok,vendor_b,217320.0,vendor_b,2.939149641082275,vendor_b,0.1399496433067562,vendor_b,0.08651991550071947,vendor_b,mid,45.4,tiktok,80.9,tiktok · mid,30.0,tiktok
CR00110,youtube,https://youtube.com/@creator110_youtube,vendor_b,234130.0,vendor_b,1.5590270362619059,vendor_b,0.12402170259758967,vendor_a,0.11648763680583706,vendor_b,mid,61.9,youtube,72.0,youtube · mid,64.9,youtube
CR00112,tiktok,@creator112_tiktok,vendor_a,5288,vendor_a,1.6367246596066565,vendor_a,0.08382865341258455,vendor_a,0.2421259842519685,vendor_a,nano,19.3,tiktok,30.2,tiktok · nano,79.9,tiktok
CR00116,instagram,@creator116_instagram,vendor_b,4540.0,vendor_b,0.6777533039647577,vendor_b,0.10462287104622871,vendor_b,0.24630541871921183,vendor_a,nano,60.3,instagram,57.7,instagram · nano,81.8,instagram
CR00117,instagram,https://www.instagram.com/creator117_instagram/,vendor_b,148510.0,vendor_b,0.5720894215877719,vendor_b,0.12499053102037724,vendor_b,,,mid,51.2,instagram,71.4,instagram · mid,,
CR00117,tiktok,@creator117_tiktok,vendor_b,42370.0,vendor_b,2.314632995043663,vendor_b,0.07510784064958133,vendor_b,0.5911969940955448,vendor_b,micro,33.0,tiktok,44.0,tiktok · micro,100.0,tiktok
CR00117,youtube,https://youtube.com/@creator117_youtube,vendor_b,8612,vendor_a,1.1417789131444496,vendor_a,0.14369189907038513,vendor_a,0.010256410256410256,vendor_a,nano,45.0,youtube,65.0,youtube · nano,6.6,youtube
CR00125,instagram,@creator125_instagram,vendor_b,2051030.0,vendor_b,,,0.04710098684378462,vendor_b,,"n/a (likes hidden, vendor_b)",macro,,,17.6,instagram · macro,,
CR00125,tiktok,@creator125_tiktok,vendor_b,17460.0,vendor_b,17.807731958762886,vendor_b,0.16789297658862876,vendor_b,0.03093594337149349,vendor_b,micro,99.2,tiktok,85.1,tiktok · micro,6.8,tiktok
CR00125,youtube,@creator125_youtube,vendor_b,193920.0,vendor_b,1.7133611798679869,vendor_b,0.14582840935948949,vendor_b,0.11450617283950618,vendor_b,mid,69.3,youtube,81.4,youtube · mid,63.6,youtube
CR00126,instagram,@creator126_instagram,vendor_b,68400.0,vendor_b,0.5622807017543859,vendor_b,0.006474396703943496,vendor_b,0.15227817745803357,vendor_b,micro,49.5,instagram,10.7,instagram · micro,58.7,instagram
CR00126,youtube,@creator126_youtube,vendor_a,52290.0,vendor_b,1.6222795945687511,vendor_b,0.12596899224806202,vendor_b,0.030709600477042336,vendor_a,micro,64.4,youtube,65.6,youtube · micro,19.7,youtube
CR00127,tiktok,,,,,,,,,,,,,,,,,
CR00128,instagram,@creator128_instagram,vendor_b,18570.0,vendor_b,0.29353796445880453,vendor_b,0.03569436698271054,vendor_b,0.30754716981132074,vendor_b,micro,16.6,instagram,20.6,instagram · micro,90.9,instagram
CR00128,tiktok,@creator128_tiktok,vendor_c,,,,,,,,,,,,,,,
CR00128,youtube,@creator128_youtube,vendor_a,446469,vendor_a,2.2993824879218936,vendor_a,0.12178704415600078,vendor_a,0.08163700309069594,vendor_a,mid,81.0,youtube,70.2,youtube · mid,49.8,youtube
CR00130,instagram,https://www.instagram.com/creator130_instagram/,vendor_b,93060.0,vendor_b,0.896013324736729,vendor_b,0.07076285812909906,vendor_b,0.13804795349963672,vendor_b,micro,74.9,instagram,38.1,instagram · micro,52.4,instagram
CR00130,tiktok,https://www.tiktok.com/@creator130_tiktok,vendor_b,1278060.0,vendor_b,2.5981777068369247,vendor_b,0.014872988017437845,vendor_b,0.15889350660773577,vendor_b,macro,39.9,tiktok,8.3,tiktok · macro,58.3,tiktok
CR00130,youtube,,,,,,,,,,,,,,,,,
CR00131,instagram,@creator131_instagram,vendor_b,59020.0,vendor_b,1.3711453744493391,vendor_b,0.026256303251608416,vendor_b,,"n/a (likes hidden, vendor_b)",micro,87.0,instagram,16.2,instagram · micro,,
CR00131,tiktok,@creator131_tiktok,vendor_b,57410.0,vendor_b,7.379515763804215,vendor_b,0.02756398782888849,vendor_b,,,micro,87.8,tiktok,20.7,tiktok · micro,,
CR00131,youtube,@creator131_youtube,vendor_b,34750.0,vendor_b,2.1334676258992804,vendor_b,0.08458177278401997,vendor_b,0.06030150753768844,vendor_b,micro,78.7,youtube,43.2,youtube · micro,38.2,youtube
CR00135,youtube,@creator135_youtube,vendor_b,365625,vendor_a,1.4064519658119659,vendor_a,0.14007352597262887,vendor_a,0.06763669039883874,vendor_b,mid,56.6,youtube,76.4,youtube · mid,43.7,youtube
CR00136,instagram,@creator136_instagram,vendor_b,93220.0,vendor_b,0.4240011359416301,vendor_a,0.03005524861878453,vendor_b,0.4375404530744337,vendor_b,micro,31.4,instagram,18.2,instagram · micro,99.3,instagram
CR00136,tiktok,@creator136_tiktok,vendor_b,83990.0,vendor_b,5.735766162638409,vendor_b,0.010831628354796004,vendor_b,,,micro,78.2,tiktok,15.6,tiktok · micro,,
CR00136,youtube,@creator136_youtube,vendor_a,188200.0,vendor_b,1.2498405951115834,vendor_b,0.08723281340265743,vendor_b,0.21715017064846417,vendor_a,mid,49.9,youtube,51.6,youtube · mid,88.4,youtube
CR00138,instagram,https://www.instagram.com/creator138_instagram/,vendor_b,4620.0,vendor_b,0.11406926406926407,vendor_b,,,0.0,vendor_b,nano,2.8,instagram,,,1.3,instagram
CR00138,tiktok,@creator138_tiktok,vendor_b,19960.0,vendor_b,1.5812625250501002,vendor_b,0.07717215326497572,vendor_b,0.08205980066445183,vendor_b,micro,18.3,tiktok,44.7,tiktok · micro,27.6,tiktok
CR00138,youtube,@creator138_youtube,vendor_b,67730.0,vendor_b,0.3252768344898863,vendor_b,-0.05232964880369386,vendor_b,0.04366576819407008,vendor_b,micro,4.4,youtube,1.9,youtube · micro,28.5,youtube
CR00139,instagram,@creator139_instagram,vendor_b,103010.0,vendor_b,0.39026308125424714,vendor_b,0.07841289782244557,vendor_b,0.26080246913580246,vendor_b,mid,28.4,instagram,45.0,instagram · mid,84.4,instagram
CR00140,tiktok,@creator140_tiktok,vendor_b,50050.0,vendor_b,2.2214985014985014,vendor_b,0.2057335581787521,vendor_b,,,micro,30.8,tiktok,95.6,tiktok · micro,,
CR00140,youtube,@creator140_youtube,vendor_a,97601,vendor_a,0.7823075583241975,vendor_a,0.08417848771980493,vendor_a,0.05971223021582734,vendor_a,micro,27.5,youtube,42.9,youtube · micro,37.1,youtube
CR00141,instagram,@creator141_instagram,vendor_c,54553,vendor_c,0.328414569317911,vendor_c,0.06376382036932317,vendor_c,,,micro,21.0,instagram,35.4,instagram · micro,,
CR00143,instagram,@creator143_instagram,vendor_b,216220.0,vendor_b,1.77533068171307,vendor_b,0.24759102186832843,vendor_b,,,mid,93.2,instagram,97.1,instagram · mid,,
CR00143,tiktok,@creator143_tiktok,vendor_a,52677,vendor_a,7.187918826053116,vendor_a,-0.026051103797655586,vendor_a,0.2234166747738107,vendor_a,micro,87.2,tiktok,7.3,tiktok · micro,75.1,tiktok
CR00143,youtube,@creator143_youtube,vendor_b,33230.0,vendor_b,0.9417694854047547,vendor_b,0.14744475138121546,vendor_b,0.2682038834951456,vendor_b,micro,35.8,youtube,76.0,youtube · micro,93.9,youtube
CR00146,instagram,@creator146_instagram,vendor_a,1683510.0,vendor_b,0.615459367630724,vendor_b,0.07518249573697622,vendor_b,0.146388630434386,vendor_b,macro,56.0,instagram,23.5,instagram · macro,55.9,instagram
CR00146,tiktok,@creator146_tiktok,vendor_b,253310.0,vendor_b,4.801152737752162,vendor_b,-0.06503524895729525,vendor_b,0.061193736486929176,vendor_b,mid,71.5,tiktok,5.1,tiktok · mid,16.3,tiktok
CR00147,youtube,@creator147_youtube,vendor_a,94724,vendor_a,1.4980469574764579,vendor_a,0.02597318198557286,vendor_a,0.017375807529516597,vendor_a,micro,60.0,youtube,20.1,youtube · micro,11.1,youtube
CR00148,instagram,@creator148_instagram,vendor_b,24940.0,vendor_b,0.4619486768243785,vendor_b,0.040033361134278564,vendor_b,,,micro,37.1,instagram,22.7,instagram · micro,,
CR00148,youtube,https://youtube.com/@creator148_youtube,vendor_b,95230.0,vendor_b,1.4030137561692744,vendor_b,0.1429428708593375,vendor_b,0.050080775444264945,vendor_b,micro,56.3,youtube,73.4,youtube · micro,32.3,youtube
CR00149,instagram,https://www.instagram.com/creator149_instagram/,vendor_b,57810.0,vendor_b,0.4886870783601453,vendor_b,0.07174638487208009,vendor_b,0.17524339360222532,vendor_b,micro,41.0,instagram,38.8,instagram · micro,66.7,instagram
CR00149,tiktok,@creator149_tiktok,vendor_b,314370.0,vendor_b,1.9353182555587365,vendor_b,0.13692090701963763,vendor_b,0.19599678940503662,vendor_b,mid,26.5,tiktok,79.0,tiktok · mid,68.4,tiktok
CR00150,instagram,@creator150_instagram,vendor_b,308810.0,vendor_b,0.6173537126388394,vendor_b,0.07422069148973406,vendor_a,0.29692994962456043,vendor_b,mid,56.3,instagram,43.6,instagram · mid,90.0,instagram
CR00151,instagram,@creator151_instagram,vendor_b,24420.0,vendor_b,0.4834971334971335,vendor_b,0.18832116788321168,vendor_b,0.08133971291866028,vendor_b,micro,40.3,instagram,89.0,instagram · micro,26.6,instagram
CR00151,tiktok,,,,,,,,,,,,,,,,,
CR00151,youtube,@creator151_youtube,vendor_b,6680.0,vendor_b,1.024550898203593,vendor_b,0.1617391304347826,vendor_b,0.19242902208201892,vendor_b,nano,39.9,youtube,73.8,youtube · nano,82.8,youtube
CR00152,instagram,https://www.instagram.com/creator152_instagram/,vendor_b,42220.0,vendor_b,0.3445523448602558,vendor_b,0.19366694939214024,vendor_b,0.10951526032315978,vendor_b,micro,23.6,instagram,89.7,instagram · micro,40.1,instagram
CR00152,tiktok,@creator152_tiktok,vendor_b,11440.0,vendor_b,2.7728146853146853,vendor_b,0.31645569620253167,vendor_b,,,micro,43.0,tiktok,99.6,tiktok · micro,,
CR00152,youtube,@creator152_youtube,vendor_b,24210.0,vendor_b,0.867905824039653,vendor_b,0.19732937685459942,vendor_b,0.024691358024691357,vendor_b,micro,32.3,youtube,91.2,youtube · micro,16.3,youtube
CR00153,instagram,@creator153_instagram,vendor_b,365030.0,vendor_b,0.5110730624880147,vendor_b,0.045032922988834816,vendor_b,,,mid,42.7,instagram,26.4,instagram · mid,,
CR00153,tiktok,@creator153_tiktok,vendor_c,1180880.0,vendor_b,4.031330025066053,vendor_b,0.06245838806614723,vendor_b,0.050317660080969204,vendor_b,macro,64.6,tiktok,16.7,tiktok · macro,12.6,tiktok
CR00153,youtube,@creator153_youtube,vendor_a,15117,vendor_a,2.926241979228683,vendor_a,0.07855308219178082,vendor_a,0.04598540145985401,vendor_a,micro,88.9,youtube,39.9,youtube · micro,29.4,youtube
CR00155,instagram,@creator155_instagram,vendor_b,137830.0,vendor_b,0.3063629108321846,vendor_b,0.10325782438165372,vendor_b,0.11861042183622829,vendor_b,mid,18.7,instagram,60.7,instagram · mid,44.1,instagram
CR00155,tiktok,@creator155_tiktok,vendor_a,115745,vendor_a,9.290604345760077,vendor_a,0.13550077011370215,vendor_a,,,mid,92.3,tiktok,78.3,tiktok · mid,,
CR00155,youtube,@creator155_youtube,vendor_a,245184,vendor_a,1.9547605063951972,vendor_a,0.00879668869267546,vendor_a,0.00029318348399706815,vendor_a,mid,76.0,youtube,14.3,youtube · mid,1.8,youtube
CR00158,instagram,@creator158_instagram,vendor_b,31180.0,vendor_b,0.46032713277742143,vendor_b,0.029382634532849124,vendor_b,,,micro,36.7,instagram,17.5,instagram · micro,,
CR00158,tiktok,https://www.tiktok.com/@creator158_tiktok,vendor_b,211630.0,vendor_b,2.682445778008789,vendor_b,0.07683305347784053,vendor_b,0.22936686124831612,vendor_b,mid,41.7,tiktok,50.3,tiktok · mid,76.6,tiktok
CR00158,youtube,@creator158_youtube,vendor_a,35702,vendor_a,4.0318749649879555,vendor_a,0.07984997882765713,vendor_a,0.01964300268970576,vendor_a,micro,94.9,youtube,40.6,youtube · micro,13.1,youtube
CR00160,instagram,https://www.instagram.com/creator160_instagram/,vendor_b,112630.0,vendor_b,,,0.08444059310610437,vendor_b,0.15603015075376883,vendor_a,mid,,,47.9,instagram · mid,60.8,instagram
CR00160,tiktok,@creator160_tiktok,vendor_b,555680.0,vendor_b,1.6466653469622805,vendor_b,0.16599869903686762,vendor_b,0.04129219446606751,vendor_b,mid,19.4,tiktok,91.1,tiktok · mid,9.1,tiktok
CR00160,youtube,@creator160_youtube,vendor_b,142140.0,vendor_b,4.839841001829183,vendor_b,0.05242114615726344,vendor_b,,,mid,97.9,youtube,32.9,youtube · mid,,
CR00161,instagram,@creator161_instagram,vendor_b,,,,,,,0.11638361638361638,vendor_b,,,,,,43.1,instagram
CR00161,tiktok,@creator161_tiktok,vendor_b,6050.0,vendor_b,2.4672727272727273,vendor_b,0.2003968253968254,vendor_b,0.30413223140495865,vendor_b,nano,37.3,tiktok,90.6,tiktok · nano,89.2,tiktok
CR00162,tiktok,@creator162_tiktok,vendor_b,159653,vendor_c,,EXCLUDED: Q00015 (no consistent source),0.09809410486206162,vendor_c,,,mid,,,60.5,tiktok · mid,,
CR00165,instagram,@creator165_instagram,vendor_c,242408,vendor_c,1.0326680637602719,vendor_c,0.07311933631707328,vendor_c,,,mid,79.2,instagram,42.1,instagram · mid,,
CR00165,youtube,@creator165_youtube,vendor_a,21623,vendor_a,0.8737917957730195,vendor_a,0.12496748348160866,vendor_a,0.04908835904628331,vendor_a,micro,32.8,youtube,64.6,youtube · micro,31.5,youtube
CR00169,tiktok,https://www.tiktok.com/@creator169_tiktok,vendor_b,62870.0,vendor_b,5.511595355495467,vendor_b,0.07801783264746227,vendor_b,,,micro,76.4,tiktok,45.1,tiktok · micro,,
CR00172,instagram,@creator172_instagram,vendor_b,14580.0,vendor_b,0.20521262002743484,vendor_b,,,0.08609271523178808,vendor_b,micro,9.6,instagram,,,29.8,instagram
CR00172,tiktok,@creator172_tiktok,vendor_b,76780.0,vendor_b,5.656264652253191,vendor_b,0.17472460220318237,vendor_b,0.08155323013058895,vendor_b,micro,77.6,tiktok,86.2,tiktok · micro,26.9,tiktok
CR00172,youtube,@creator172_youtube,vendor_b,45850.0,vendor_b,1.1719738276990186,vendor_b,0.16726069246435846,vendor_b,0.01761460101867572,vendor_b,micro,46.6,youtube,84.7,youtube · micro,11.5,youtube
CR00173,instagram,https://www.instagram.com/creator173_instagram/,vendor_b,8030.0,vendor_b,0.2610825065929926,vendor_a,0.054143500132380194,vendor_a,0.08196721311475409,vendor_b,nano,14.2,instagram,22.5,instagram · nano,27.0,instagram
CR00173,tiktok,@creator173_tiktok,vendor_b,159500.0,vendor_b,4.753830721003135,vendor_b,,,0.16635687732342008,vendor_b,mid,70.9,tiktok,,,60.7,tiktok
CR00173,youtube,@creator173_youtube,vendor_a,13339,vendor_a,0.740160431816478,vendor_a,0.1815927008592435,vendor_a,0.06921241050119331,vendor_a,micro,24.3,youtube,88.0,youtube · micro,44.3,youtube
CR00174,instagram,@creator174_instagram,vendor_c,3222,vendor_c,0.7762259466170081,vendor_c,0.09629125552909153,vendor_c,,,nano,66.5,instagram,46.5,instagram · nano,,
CR00174,tiktok,@creator174_tiktok,vendor_b,58500.0,vendor_b,0.6844444444444444,vendor_b,-0.013823331085637222,vendor_b,0.02119309262166405,vendor_b,micro,2.9,tiktok,10.2,tiktok · micro,4.2,tiktok
CR00175,instagram,@creator175_instagram,vendor_c,46845,vendor_c,0.37643291706692283,vendor_c,0.15886995027583306,vendor_c,,,micro,26.1,instagram,78.4,instagram · micro,,
CR00175,tiktok,@creator175_tiktok,vendor_b,978930.0,vendor_b,5.192091365061853,vendor_b,0.0772862330802245,vendor_b,0.026139476692767318,vendor_b,mid,73.9,tiktok,51.6,tiktok · mid,5.7,tiktok
CR00175,youtube,@creator175_youtube,vendor_b,13640.0,vendor_b,0.9508064516129032,vendor_b,-0.004383758533956162,vendor_a,0.18566176470588236,vendor_b,micro,36.5,youtube,8.8,youtube · micro,81.5,youtube
CR00176,instagram,@creator176_instagram,vendor_a,48125,vendor_a,0.3312207792207792,vendor_a,0.06923059832477949,vendor_a,,,micro,21.9,instagram,37.5,instagram · micro,,
CR00177,instagram,@creator177_instagram,vendor_a,196143,vendor_a,2.399744064279633,vendor_a,0.08676717474776018,vendor_a,0.32714435146443516,vendor_a,mid,97.4,instagram,52.9,instagram · mid,93.0,instagram
CR00177,tiktok,@creator177_tiktok,vendor_b,3390.0,vendor_b,6.532448377581121,vendor_b,,,0.17315436241610738,vendor_b,nano,83.3,tiktok,,,62.5,tiktok
CR00177,youtube,@creator177_youtube,vendor_a,1521249,vendor_a,1.3735095306554022,vendor_a,0.12405263636236008,vendor_a,0.042620002569189706,vendor_a,macro,55.4,youtube,71.4,youtube · macro,27.8,youtube
CR00178,instagram,,,30350.0,vendor_b,0.8634596375617792,vendor_b,0.12657757980697848,vendor_b,0.06803455723542116,vendor_b,micro,73.3,instagram,68.7,instagram · micro,22.8,instagram
CR00179,instagram,@creator179_instagram,vendor_b,25760.0,vendor_b,0.14976353126642145,vendor_a,0.1098664368806549,vendor_b,0.10362694300518134,vendor_b,micro,5.7,instagram,59.5,instagram · micro,36.6,instagram
CR00179,tiktok,@creator179_tiktok,vendor_b,27720.0,vendor_b,5.298051948051948,vendor_b,0.11504424778761062,vendor_b,0.3551425030978934,vendor_b,micro,74.7,tiktok,66.2,tiktok · micro,94.5,tiktok
CR00179,youtube,@creator179_youtube,vendor_a,24534,vendor_a,0.6766528083475992,vendor_a,0.09595282766014473,vendor_a,0.16336633663366337,vendor_a,micro,21.3,youtube,50.6,youtube · micro,77.4,youtube
CR00180,instagram,@creator180_instagram,vendor_b,50860.0,vendor_b,1.0121706645694062,vendor_b,0.0855923159018143,vendor_b,0.13391196528208307,vendor_b,micro,78.8,instagram,45.7,instagram · micro,50.1,instagram
CR00180,tiktok,@creator180_tiktok,vendor_a,32665,vendor_a,2.346578907087096,vendor_a,0.11985326888134663,vendor_a,0.1750278706800446,vendor_a,micro,33.6,tiktok,68.4,tiktok · micro,62.9,tiktok
CR00180,youtube,@creator180_youtube,vendor_b,4480.0,vendor_b,1.74375,vendor_b,0.19786096256684493,vendor_b,0.09497206703910614,vendor_b,nano,70.4,youtube,88.8,youtube · nano,56.3,youtube
CR00181,instagram,@creator181_instagram,vendor_b,8340.0,vendor_b,0.736810551558753,vendor_b,0.1615598885793872,vendor_b,0.13218390804597702,vendor_b,nano,64.5,instagram,87.3,instagram · nano,49.0,instagram
CR00181,tiktok,,,,,,,,,,,,,,,,,
CR00181,youtube,@creator181_youtube,vendor_a,234494,vendor_a,0.7438612501812413,vendor_a,0.0007297619098423971,vendor_a,0.19469773725092873,vendor_a,mid,24.5,youtube,12.4,youtube · mid,83.3,youtube
CR00182,tiktok,@creator182_tiktok,vendor_b,123830.0,vendor_b,15.601792780424775,vendor_b,0.07715727209464161,vendor_b,0.13326300984528833,vendor_b,mid,97.8,tiktok,51.0,tiktok · mid,50.6,tiktok
CR00182,youtube,@creator182_youtube,vendor_a,49434,vendor_a,3.135190354816523,vendor_a,0.20043710539096649,vendor_a,0.20496613995485327,vendor_a,micro,89.9,youtube,92.2,youtube · micro,86.4,youtube
CR00183,instagram,,,,,,,,,,,,,,,,,
CR00183,tiktok,@creator183_tiktok,vendor_b,143900.0,vendor_b,5.14178596247394,vendor_b,0.12571383869201283,vendor_b,0.10057528268200754,vendor_b,mid,72.9,tiktok,73.2,tiktok · mid,37.3,tiktok
CR00183,youtube,@creator183_youtube,vendor_a,14778,vendor_a,0.4543916632832589,vendor_a,0.008049113233287858,vendor_a,0.33410138248847926,vendor_a,micro,10.1,youtube,12.0,youtube · micro,97.5,youtube
CR00184,instagram,@creator184_instagram,vendor_b,177829,vendor_a,0.29058814928948595,vendor_a,0.0033797889747785364,vendor_a,0.15942028985507245,vendor_b,mid,16.3,instagram,13.6,instagram · mid,61.5,instagram
CR00184,tiktok,@creator184_tiktok,vendor_b,40180.0,vendor_b,0.9209059233449477,vendor_b,0.09991787571858746,vendor_b,0.2108626198083067,vendor_b,micro,5.9,tiktok,57.1,tiktok · micro,71.3,tiktok
CR00184,youtube,@creator184_youtube,vendor_b,291560.0,vendor_b,1.0260941144189875,vendor_b,0.07440026532041125,vendor_b,0.06022904001131062,vendor_b,mid,40.0,youtube,44.7,youtube · mid,37.8,youtube
CR00185,tiktok,@creator185_tiktok,vendor_b,114470.0,vendor_b,,,0.1501054958304029,vendor_b,0.30382445698041133,vendor_b,mid,,,89.2,tiktok · mid,89.0,tiktok
CR00189,instagram,@creator189_instagram,vendor_b,42010.0,vendor_b,2.2732682694596527,vendor_b,0.12086446104589114,vendor_b,0.4108040201005025,vendor_b,micro,96.4,instagram,65.3,instagram · micro,98.8,instagram
CR00189,youtube,@creator189_youtube,vendor_a,181536,vendor_a,0.6244932134673012,vendor_a,0.11390913776599661,vendor_a,0.02909995672868888,vendor_a,mid,19.0,youtube,67.1,youtube · mid,19.2,youtube
CR00190,tiktok,,,,,,,,,,,,,,,,,
CR00192,instagram,@creator192_instagram,vendor_b,82280.0,vendor_b,0.5495624696159456,vendor_b,0.031982942430703626,vendor_b,0.17719040626529614,vendor_a,micro,48.6,instagram,19.2,instagram · micro,67.1,instagram
CR00192,tiktok,,,,,,,,,,,,,,,,,
CR00192,youtube,@creator192_youtube,vendor_c,16748,vendor_c,0.5171960831144017,vendor_c,0.08930081300813009,vendor_c,,,micro,13.9,youtube,47.1,youtube · micro,,
CR00193,youtube,@creator193_youtube,vendor_b,33710.0,vendor_b,2.01972708395135,vendor_b,-0.04232954545454545,vendor_b,0.12043478260869565,vendor_b,micro,76.5,youtube,3.2,youtube · micro,65.6,youtube
CR00194,instagram,@creator194_instagram,vendor_b,24180.0,vendor_b,0.47845326716294456,vendor_b,0.045847750865051905,vendor_b,0.24479166666666666,vendor_b,micro,39.5,instagram,24.7,instagram · micro,81.4,instagram
CR00194,tiktok,https://www.tiktok.com/@creator194_tiktok,vendor_b,26690.0,vendor_b,5.995391532409142,vendor_b,0.47214561500275787,vendor_b,0.23672482815922652,vendor_b,micro,80.0,tiktok,100.0,tiktok · micro,78.1,tiktok
CR00194,youtube,@creator194_youtube,vendor_a,96079,vendor_a,4.268893306549819,vendor_a,0.02790170213221213,vendor_a,0.06025428413488115,vendor_a,micro,95.8,youtube,20.8,youtube · micro,38.0,youtube
CR00197,instagram,,,,,,,,,,,,,,,,,
CR00197,tiktok,@creator197_tiktok,vendor_b,14300.0,vendor_b,1.4512587412587412,vendor_b,0.12156862745098039,vendor_b,0.18836805555555555,vendor_b,micro,14.9,tiktok,69.8,tiktok · micro,66.4,tiktok
CR00197,youtube,@creator197_youtube,vendor_a,77930,vendor_a,0.4571538560246375,vendor_a,0.08576922005182935,vendor_a,0.036019536019536016,vendor_a,micro,10.6,youtube,44.2,youtube · micro,23.5,youtube
CR00198,youtube,@creator198_youtube,vendor_a,383499,vendor_a,0.19510350744069738,vendor_a,0.0027507079412310725,vendor_a,0.0032881216605014385,vendor_a,mid,0.4,youtube,13.7,youtube · mid,3.6,youtube
CR00199,instagram,https://www.instagram.com/creator199_instagram/,vendor_b,699880.0,vendor_b,0.4297308109961708,vendor_b,0.05099711677078328,vendor_b,0.2268060139347268,vendor_b,mid,31.9,instagram,30.0,instagram · mid,77.9,instagram
CR00199,youtube,@creator199_youtube,vendor_b,61300.0,vendor_b,0.3879964188584267,vendor_a,0.085724406659582,vendor_b,0.05747126436781609,vendor_b,micro,7.2,youtube,43.8,youtube · micro,36.0,youtube
CR00200,instagram,@creator200_instagram,vendor_b,28550.0,vendor_b,0.5737653239929947,vendor_b,,,0.16210670314637482,vendor_b,micro,51.4,instagram,,,63.6,instagram
CR00200,tiktok,@creator200_tiktok,vendor_c,2662,vendor_c,10.91923365890308,vendor_c,0.2688274547187798,vendor_c,,,nano,95.9,tiktok,100.0,tiktok · nano,,
CR00200,youtube,,,,,,,,,,,,,,,,,
CR00202,instagram,@creator202_instagram,vendor_b,41320.0,vendor_b,0.4462245885769603,vendor_b,0.02607400049664763,vendor_b,0.1134173461823573,vendor_b,micro,34.0,instagram,15.8,instagram · micro,41.0,instagram
CR00202,tiktok,@creator202_tiktok,vendor_b,26410.0,vendor_b,1.8138583869746308,vendor_b,-0.08773747841105355,vendor_b,0.036503138804929086,vendor_b,micro,24.0,tiktok,2.2,tiktok · micro,7.7,tiktok
CR00202,youtube,@creator202_youtube,vendor_a,13935,vendor_a,4.740940078937926,vendor_a,0.08688869822946728,vendor_a,0.02174898051653829,vendor_a,micro,97.2,youtube,45.8,youtube · micro,14.5,youtube
CR00208,instagram,@creator208_instagram,vendor_b,9240.0,vendor_b,0.4318181818181818,vendor_b,0.12408759124087591,vendor_b,0.058823529411764705,vendor_b,nano,32.3,instagram,64.8,instagram · nano,19.6,instagram
CR00208,tiktok,https://www.tiktok.com/@creator208_tiktok,vendor_b,4910.0,vendor_b,3.9877800407331976,vendor_b,-0.026835864364468484,vendor_c,,,nano,63.7,tiktok,1.9,tiktok · nano,,
CR00208,youtube,@creator208_youtube,vendor_a,28985,vendor_a,0.28259444540279455,vendor_a,0.021173900789177,vendor_a,0.23410404624277456,vendor_a,micro,2.6,youtube,16.6,youtube · micro,90.9,youtube
CR00212,instagram,@creator212_instagram,vendor_b,174450.0,vendor_b,2.706357122384637,vendor_b,0.2098619876551772,vendor_b,0.0898027898027898,vendor_b,mid,98.9,instagram,95.7,instagram · mid,31.9,instagram
CR00212,tiktok,@creator212_tiktok,vendor_b,116990.0,vendor_b,,,,,,,mid,,,,,,
CR00212,youtube,@creator212_youtube,vendor_a,57055,vendor_a,0.7459994741915695,vendor_a,0.044083738974490354,vendor_a,0.31744583808437854,vendor_a,micro,24.9,youtube,25.6,youtube · micro,97.0,youtube
CR00213,instagram,@creator213_instagram,vendor_b,,,,,,,0.0430622009569378,vendor_b,,,,,,13.3,instagram
CR00216,youtube,@creator216_youtube,vendor_a,53974,vendor_a,2.7624226479416016,vendor_a,0.08621453008653653,vendor_a,0.19960604070912671,vendor_a,micro,87.7,youtube,44.5,youtube · micro,85.1,youtube
CR00217,instagram,@creator217_instagram,vendor_b,36450.0,vendor_b,0.22342935528120714,vendor_b,0.09690039121275955,vendor_b,,"n/a (likes hidden, vendor_b)",micro,10.4,instagram,49.5,instagram · micro,,
CR00223,instagram,@creator223_instagram,vendor_b,10490.0,vendor_b,0.08951382268827454,vendor_b,0.05215646940822467,vendor_b,,,micro,1.1,instagram,28.5,instagram · micro,,
CR00223,tiktok,@creator223_tiktok,vendor_c,,,,,,,,,,,,,,,
CR00223,youtube,@creator223_youtube,vendor_b,100730.0,vendor_b,1.6126675270525166,vendor_b,0.05322040987034714,vendor_b,0.11538800317096802,vendor_b,mid,63.8,youtube,34.2,youtube · mid,64.5,youtube
CR00224,instagram,@creator224_instagram,vendor_b,16700.0,vendor_b,0.31755542240862794,vendor_a,0.21454545454545454,vendor_b,0.12173913043478261,vendor_b,micro,19.7,instagram,94.2,instagram · micro,45.5,instagram
CR00224,tiktok,https://www.tiktok.com/@creator224_tiktok,vendor_b,82620.0,vendor_b,3.5219922536916,vendor_b,0.1577914798206278,vendor_b,0.05991980572654882,vendor_b,micro,56.8,tiktok,82.9,tiktok · micro,15.9,tiktok
CR00224,youtube,@creator224_youtube,vendor_a,90879,vendor_a,3.1710736253699974,vendor_a,0.12451742229261532,vendor_a,0.04996067718034687,vendor_a,micro,90.3,youtube,64.0,youtube · micro,32.1,youtube
CR00227,instagram,@creator227_instagram,vendor_b,27100.0,vendor_b,0.25627306273062733,vendor_b,-0.005357142857142857,vendor_a,0.20056497175141244,vendor_b,micro,13.6,instagram,8.9,instagram · micro,73.7,instagram
CR00227,tiktok,@creator227_tiktok,vendor_b,1807241,vendor_c,2.602571544138275,vendor_c,0.1025496798029707,vendor_c,,,macro,40.1,tiktok,33.3,tiktok · macro,,
CR00227,youtube,,,,,,,,,,,,,,,,,
CR00228,tiktok,,,16820.0,vendor_b,2.252318668252081,vendor_b,0.08446163765312702,vendor_b,0.28294573643410853,vendor_b,micro,32.0,tiktok,50.5,tiktok · micro,86.3,tiktok
CR00228,youtube,@creator228_youtube,vendor_a,26753,vendor_a,0.49882256195566854,vendor_a,0.039961127308066086,vendor_a,0.03062200956937799,vendor_a,micro,13.2,youtube,23.7,youtube · micro,19.5,youtube
CR00230,instagram,https://www.instagram.com/creator230_instagram/,vendor_b,21650.0,vendor_b,1.8462817551963049,vendor_b,0.18112384069830878,vendor_b,0.0856353591160221,vendor_b,micro,93.8,instagram,87.3,instagram · micro,29.4,instagram
CR00230,tiktok,,,,,,,,,,,,,,,,,
CR00230,youtube,@creator230_youtube,vendor_b,39760.0,vendor_b,1.8610915492957747,vendor_b,0.14318573893041978,vendor_b,0.47093202091664105,vendor_a,micro,72.5,youtube,73.7,youtube · micro,99.6,youtube
CR00231,instagram,@creator231_instagram,vendor_b,199080.0,vendor_b,,,0.11429530952647488,vendor_b,0.16550742965539045,vendor_b,mid,,,66.4,instagram · mid,64.6,instagram
CR00231,tiktok,@creator231_tiktok,vendor_b,101890.0,vendor_b,2.1041613504760037,vendor_b,0.13211111111111112,vendor_b,0.2876131400721565,vendor_b,mid,29.7,tiktok,76.4,tiktok · mid,87.0,tiktok
CR00231,youtube,@creator231_youtube,vendor_a,146463,vendor_a,1.6040774803192615,vendor_a,0.11802963336157739,vendor_a,0.07864665023526776,vendor_a,mid,63.3,youtube,68.9,youtube · mid,48.4,youtube
CR00233,instagram,@creator233_instagram,vendor_b,78590.0,vendor_b,0.3283496628069729,vendor_b,0.16966810537282334,vendor_b,0.08969804618117229,vendor_b,micro,20.8,instagram,82.5,instagram · micro,31.7,instagram
CR00233,tiktok,@creator233_tiktok,vendor_b,97970.0,vendor_b,5.508247422680412,vendor_b,0.1264803955386915,vendor_b,0.07680825656772433,vendor_a,micro,76.2,tiktok,71.6,tiktok · micro,24.1,tiktok
CR00233,youtube,@creator233_youtube,vendor_a,22469,vendor_a,1.6185856068360853,vendor_a,0.06918867475612657,vendor_a,0.031048387096774193,vendor_a,micro,64.0,youtube,35.7,youtube · micro,20.1,youtube
CR00234,youtube,@creator234_youtube,vendor_b,11480.0,vendor_b,1.8883275261324042,vendor_b,0.2629262926292629,vendor_b,0.04672897196261682,vendor_c,micro,73.2,youtube,99.4,youtube · micro,30.6,youtube
CR00235,instagram,@creator235_instagram,vendor_b,106810.0,vendor_b,0.2719127422525981,vendor_b,-0.03818099954975236,vendor_b,0.27789473684210525,vendor_b,mid,14.4,instagram,6.4,instagram · mid,86.9,instagram
CR00235,tiktok,@creator235_tiktok,vendor_b,56980.0,vendor_b,2.611828711828712,vendor_b,0.11506849315068493,vendor_b,0.0290246371920351,vendor_b,micro,40.3,tiktok,66.5,tiktok · micro,6.4,tiktok
CR00235,youtube,@creator235_youtube,vendor_b,338040.0,vendor_b,1.641131227073719,vendor_b,0.11719214753123142,vendor_b,,,mid,65.1,youtube,68.3,youtube · mid,,
CR00238,youtube,@creator238_youtube,vendor_a,44236,vendor_a,2.6262998462790486,vendor_a,0.14500181187555003,vendor_a,0.1308152924919392,vendor_a,micro,86.1,youtube,74.7,youtube · micro,68.5,youtube
CR00243,instagram,@creator243_instagram,vendor_b,44290.0,vendor_b,0.3154662452020772,vendor_b,,,,,micro,19.3,instagram,,,,
CR00243,tiktok,@creator243_tiktok,vendor_b,47630.0,vendor_b,1.3963258450556373,vendor_b,-0.018949536560247168,vendor_b,0.16080870917573872,vendor_b,micro,13.4,tiktok,8.7,tiktok · micro,58.7,tiktok
CR00243,youtube,@creator243_youtube,vendor_b,95190.0,vendor_b,2.8087614245193824,vendor_b,,,0.0894962486602358,vendor_b,micro,88.2,youtube,,,53.9,youtube
CR00244,tiktok,@creator244_tiktok,vendor_b,97830.0,vendor_b,1.2631912501277727,vendor_b,0.04363132067420525,vendor_b,0.10032498165426146,vendor_b,micro,10.8,tiktok,28.0,tiktok · micro,37.1,tiktok
CR00244,youtube,,,,,,,,,,,,,,,,,
CR00246,instagram,https://www.instagram.com/creator246_instagram/,vendor_b,132660.0,vendor_b,2.031953867028494,vendor_b,0.061789659036337444,vendor_b,0.13045867681251322,vendor_b,mid,94.9,instagram,34.3,instagram · mid,48.5,instagram
CR00247,instagram,@creator247_instagram,vendor_b,117610.0,vendor_b,0.6003741178471218,vendor_b,0.17246535739208455,vendor_b,0.13709494674824382,vendor_b,mid,53.7,instagram,85.0,instagram · mid,52.0,instagram
CR00247,tiktok,@creator247_tiktok,vendor_b,8700.0,vendor_b,0.9087390029325513,vendor_a,0.053268765133171914,vendor_b,0.37995824634655534,vendor_b,nano,5.5,tiktok,17.0,tiktok · nano,96.0,tiktok
CR00248,instagram,@creator248_instagram,vendor_b,93990.0,vendor_b,0.6611235237791254,vendor_b,0.021297403020754103,vendor_b,0.18778077268643306,vendor_b,micro,59.2,instagram,13.1,instagram · micro,69.7,instagram
CR00248,tiktok,@creator248_tiktok,vendor_b,,,,,,,0.13147026431718062,vendor_b,,,,,,49.7,tiktok
CR00248,youtube,@creator248_youtube,vendor_a,150336,vendor_a,2.620922467007237,vendor_a,0.04725084115274498,vendor_a,0.05940809516901204,vendor_a,mid,85.9,youtube,28.6,youtube · mid,36.9,youtube
CR00251,tiktok,,,,,,,,,,,,,,,,,
CR00252,instagram,@creator252_instagram,vendor_b,43660.0,vendor_b,0.7916628492899679,vendor_b,-0.018655877725331536,vendor_b,0.1595639246778989,vendor_b,micro,67.7,instagram,6.2,instagram · micro,61.8,instagram
CR00254,instagram,@creator254_instagram,vendor_a,17016,vendor_c,0.1576163610719323,vendor_c,0.06743617088012044,vendor_c,0.08536585365853659,vendor_a,micro,6.0,instagram,37.1,instagram · micro,29.1,instagram
CR00254,tiktok,@creator254_tiktok,vendor_a,11241,vendor_a,2.990036473623343,vendor_a,0.017929910350448247,vendor_a,0.2250740375123396,vendor_a,micro,46.2,tiktok,17.8,tiktok · micro,75.5,tiktok
CR00254,youtube,@creator254_youtube,vendor_b,14740.0,vendor_b,2.6774084124830395,vendor_b,0.09836065573770492,vendor_b,0.18040569702201123,vendor_b,micro,86.6,youtube,51.9,youtube · micro,80.5,youtube
CR00257,instagram,@creator257_instagram,vendor_b,13890.0,vendor_b,0.780561555075594,vendor_b,0.15557404326123128,vendor_b,0.07590759075907591,vendor_b,micro,66.9,instagram,77.3,instagram · micro,24.2,instagram
CR00257,tiktok,@creator257_tiktok,vendor_b,22870.0,vendor_b,1.4794490599038042,vendor_b,0.04908256880733945,vendor_b,0.07,vendor_b,micro,16.3,tiktok,29.8,tiktok · micro,20.8,tiktok
CR00257,youtube,@creator257_youtube,vendor_a,10387,vendor_a,0.9967266775777414,vendor_a,0.07648460980412478,vendor_a,0.08832807570977919,vendor_a,micro,38.8,youtube,39.3,youtube · micro,53.4,youtube
CR00259,instagram,@creator259_instagram,vendor_b,91690.0,vendor_b,0.8570727451194241,vendor_b,0.08112250913807334,vendor_b,,"n/a (likes hidden, vendor_b)",micro,72.2,instagram,44.0,instagram · micro,,
CR00259,tiktok,@creator259_tiktok,vendor_b,3150.0,vendor_b,3.1596825396825396,vendor_b,,,0.0855614973262032,vendor_b,nano,49.5,tiktok,,,29.4,tiktok
CR00260,instagram,@creator260_instagram,vendor_b,,,,,,,,,,,,,,,
CR00260,tiktok,@creator260_tiktok,vendor_b,14950.0,vendor_b,2.9260869565217393,vendor_b,0.07864357864357864,vendor_b,0.09083044982698962,vendor_b,micro,45.0,tiktok,45.8,tiktok · micro,33.6,tiktok
CR00260,youtube,@creator260_youtube,vendor_c,,,,,,,,,,,,,,,
CR00261,instagram,@creator261_instagram,vendor_a,101987,vendor_a,0.4036985105944875,vendor_a,0.17670066457448771,vendor_a,0.02195945945945946,vendor_a,mid,29.9,instagram,87.9,instagram · mid,6.3,instagram
CR00261,tiktok,@creator261_tiktok,vendor_b,62880.0,vendor_b,10.027178753180662,vendor_b,-0.05727136431784108,vendor_b,0.4993228071426026,vendor_b,micro,94.3,tiktok,3.3,tiktok · micro,99.3,tiktok
CR00261,youtube,@creator261_youtube,vendor_b,216580.0,vendor_b,1.2167177318430933,vendor_a,0.14272146889674459,vendor_b,0.1951907634879986,vendor_a,mid,48.3,youtube,78.9,youtube · mid,83.9,youtube
CR00266,instagram,@creator266_instagram,vendor_b,14750.0,vendor_b,1.1088135593220338,vendor_b,0.13987635239567234,vendor_b,0.16176470588235295,vendor_b,micro,81.5,instagram,73.9,instagram · micro,63.4,instagram
CR00266,youtube,@creator266_youtube,vendor_a,10335,vendor_a,0.5200774068698597,vendor_a,0.14566012637179915,vendor_a,0.02717391304347826,vendor_a,micro,14.1,youtube,75.3,youtube · micro,18.3,youtube
CR00267,youtube,@creator267_youtube,vendor_a,2794445,vendor_a,1.1540402477057161,vendor_a,-0.11911768182642068,vendor_a,0.012135602163302995,vendor_a,macro,45.5,youtube,7.1,youtube · macro,8.2,youtube
CR00268,instagram,@creator268_instagram,vendor_b,1420030.0,vendor_b,0.249268677422308,vendor_b,0.10854105028142297,vendor_b,0.015659734229116238,vendor_b,macro,12.7,instagram,64.7,instagram · macro,4.0,instagram
CR00268,tiktok,@creator268_tiktok,vendor_b,173250.0,vendor_b,1.4244040404040403,vendor_b,0.1640016124697662,vendor_b,0.15860163840731567,vendor_b,mid,13.8,tiktok,90.4,tiktok · mid,58.1,tiktok
CR00268,youtube,@creator268_youtube,vendor_a,53223,vendor_a,2.178682148695113,vendor_a,0.012845398492806576,vendor_a,0.1839584996009577,vendor_a,micro,79.5,youtube,13.6,youtube · micro,81.2,youtube
CR00269,instagram,@creator269_instagram,vendor_b,17150.0,vendor_b,1.1047230320699708,vendor_b,0.03939393939393939,vendor_b,0.08851224105461393,vendor_b,micro,81.3,instagram,22.0,instagram · micro,31.0,instagram
CR00269,tiktok,https://www.tiktok.com/@creator269_tiktok,vendor_b,19830.0,vendor_b,2.2392839132627333,vendor_b,0.046990496304118265,vendor_b,,,micro,31.2,tiktok,29.1,tiktok · micro,,
CR00269,youtube,@creator269_youtube,vendor_b,333180.0,vendor_b,2.5321944732307204,vendor_a,-0.007684060042887777,vendor_b,0.16852006301547587,vendor_b,mid,84.8,youtube,11.2,youtube · mid,78.1,youtube
CR00271,instagram,@creator271_instagram,vendor_b,217030.0,vendor_b,,,0.06241433326806344,vendor_b,0.19218467528855515,vendor_b,mid,,,35.7,instagram · mid,70.2,instagram
CR00271,tiktok,,,,,,,,,,,,,,,,,
CR00271,youtube,https://youtube.com/@creator271_youtube,vendor_b,10520.0,vendor_b,2.061216730038023,vendor_b,0.17410714285714285,vendor_b,0.2198952879581152,vendor_b,micro,77.4,youtube,86.0,youtube · micro,88.7,youtube
CR00272,instagram,https://www.instagram.com/creator272_instagram/,vendor_b,86110.0,vendor_b,0.5558239461154337,vendor_b,0.04489746390001213,vendor_b,,"n/a (likes hidden, vendor_b)",micro,48.8,instagram,24.4,instagram · micro,,
CR00276,instagram,@creator276_instagram,vendor_b,64690.0,vendor_b,0.32079146699644456,vendor_b,0.0874096486804505,vendor_b,0.063003663003663,vendor_b,micro,20.0,instagram,46.7,instagram · micro,21.2,instagram
CR00276,youtube,@creator276_youtube,vendor_a,9051,vendor_a,1.3500165727543918,vendor_a,-0.0198180636777128,vendor_a,0.09220872051465333,vendor_a,nano,54.3,youtube,7.5,youtube · nano,54.7,youtube
CR00277,instagram,@creator277_instagram,vendor_b,84833,vendor_a,1.546591538670093,vendor_a,0.10258643098518326,vendor_a,,"n/a (likes hidden, vendor_b)",micro,90.4,instagram,54.0,instagram · micro,,
CR00277,tiktok,@creator277_tiktok,vendor_b,25380.0,vendor_b,,,0.12152010605391074,vendor_b,0.07650185215010469,vendor_b,micro,,,69.5,tiktok · micro,23.8,tiktok
CR00277,youtube,@creator277_youtube,vendor_b,207730.0,vendor_b,0.9704712848408993,vendor_b,0.289447548106766,vendor_b,0.09880550506361983,vendor_b,mid,37.6,youtube,99.4,youtube · mid,58.6,youtube
CR00279,instagram,@creator279_instagram,vendor_b,29430.0,vendor_b,0.20251444104655114,vendor_b,0.1222707423580786,vendor_c,0.013513513513513514,vendor_b,micro,8.7,instagram,66.0,instagram · micro,3.5,instagram
CR00279,tiktok,@creator279_tiktok,vendor_b,125650.0,vendor_b,2.4798647035415837,vendor_b,0.23719968491532098,vendor_b,0.08137735362393603,vendor_b,mid,37.9,tiktok,99.4,tiktok · mid,26.7,tiktok
CR00279,youtube,@creator279_youtube,vendor_a,247945,vendor_a,0.47553288027586765,vendor_a,0.1452266250352189,vendor_a,0.04585798816568047,vendor_a,mid,11.3,youtube,80.7,youtube · mid,29.2,youtube
CR00281,instagram,@creator281_instagram,vendor_b,64690.0,vendor_b,0.24170660071108363,vendor_b,0.038696210661528584,vendor_b,0.1423670668953688,vendor_b,micro,11.7,instagram,21.6,instagram · micro,54.5,instagram
CR00281,tiktok,,,,,,,,,,,,,,,,,
CR00281,youtube,,,,,,,,,,,,,,,,,
CR00282,instagram,@creator282_instagram,vendor_b,3080.0,vendor_b,0.21883116883116882,vendor_b,0.13161764705882353,vendor_a,0.14285714285714285,vendor_a,nano,10.2,instagram,74.6,instagram · nano,54.9,instagram
CR00282,tiktok,@creator282_tiktok,vendor_b,57180.0,vendor_b,2.5516963973417277,vendor_b,0.12227674190382729,vendor_b,0.15077130953721427,vendor_b,micro,39.5,tiktok,70.5,tiktok · micro,55.6,tiktok
CR00282,youtube,@creator282_youtube,vendor_a,249476,vendor_a,2.049183087751928,vendor_a,0.1849058396067349,vendor_a,0.09762652592040928,vendor_a,mid,76.9,youtube,94.4,youtube · mid,57.7,youtube
CR00283,instagram,@creator283_instagram,vendor_b,1920.0,vendor_b,0.9677083333333333,vendor_b,0.10235767682576193,vendor_c,,"n/a (likes hidden, vendor_b)",nano,78.1,instagram,54.9,instagram · nano,,
CR00283,tiktok,https://www.tiktok.com/@creator283_tiktok,vendor_b,40220.0,vendor_b,3.1519393336648434,vendor_b,0.16715031921067905,vendor_b,0.08882735115560762,vendor_a,micro,49.3,tiktok,84.7,tiktok · micro,31.8,tiktok
CR00283,youtube,@creator283_youtube,vendor_c,,,,,,,0.15250326076050968,vendor_c,,,,,,73.8,youtube
CR00284,youtube,@creator284_youtube,vendor_b,98240.0,vendor_b,0.7865838762214984,vendor_b,0.1744172145845786,vendor_b,0.1696919691969197,vendor_b,micro,28.0,youtube,86.4,youtube · micro,78.5,youtube
CR00285,instagram,@creator285_instagram,vendor_b,119160.0,vendor_b,1.4327626720375966,vendor_b,0.006333924499619965,vendor_b,,"n/a (likes hidden, vendor_b)",mid,88.5,instagram,15.0,instagram · mid,,
CR00285,tiktok,@creator285_tiktok,vendor_c,31045,vendor_c,1.3555483974875182,vendor_c,0.19307482418046962,vendor_c,,,micro,12.4,tiktok,92.0,tiktok · micro,,
CR00285,youtube,@creator285_youtube,vendor_b,12100.0,vendor_b,1.1388429752066116,vendor_b,0.055846422338568937,vendor_b,0.0074418604651162795,vendor_a,micro,44.8,youtube,31.5,youtube · micro,5.4,youtube
CR00286,instagram,@creator286_instagram,vendor_b,11000.0,vendor_b,0.8982727272727272,vendor_b,0.1891891891891892,vendor_b,0.04223433242506812,vendor_b,micro,75.2,instagram,89.3,instagram · micro,12.8,instagram
CR00286,tiktok,,,,,,,,,,,,,,,,,
CR00286,youtube,@creator286_youtube,vendor_b,10940.0,vendor_b,0.36819012797074957,vendor_b,0.14554973821989528,vendor_b,0.06593406593406594,vendor_b,micro,6.0,youtube,75.0,youtube · micro,42.3,youtube
CR00287,instagram,@creator287_instagram,vendor_b,60300.0,vendor_b,0.5459701492537313,vendor_b,0.02307431286053614,vendor_b,0.016772269847185987,vendor_b,micro,48.0,instagram,13.7,instagram · micro,4.2,instagram
CR00287,tiktok,@creator287_tiktok,vendor_b,41160.0,vendor_b,3.9033527696793002,vendor_b,0.09177718832891246,vendor_b,0.08971985684314451,vendor_b,micro,62.1,tiktok,53.8,tiktok · micro,32.7,tiktok
CR00287,youtube,@creator287_youtube,vendor_c,36911,vendor_c,0.38912519303188753,vendor_c,,,0.05744520030234316,vendor_c,micro,7.4,youtube,,,35.8,youtube
CR00288,youtube,@creator288_youtube,vendor_a,40655,vendor_a,2.090394785389251,vendor_a,0.09490722038189114,vendor_a,0.06975978940440934,vendor_a,micro,78.0,youtube,50.0,youtube · micro,44.4,youtube
CR00289,instagram,@creator289_instagram,vendor_a,10179,vendor_a,,,0.1702690273626121,vendor_a,0.2183406113537118,vendor_a,micro,,,83.2,instagram · micro,76.6,instagram
CR00289,tiktok,@creator289_tiktok,vendor_b,55870.0,vendor_b,3.0809736889207087,vendor_b,-0.04446724816145032,vendor_b,0.09902347096111017,vendor_b,micro,47.9,tiktok,4.7,tiktok · micro,36.9,tiktok
CR00289,youtube,@creator289_youtube,vendor_a,113204,vendor_a,1.6606922016889862,vendor_a,0.020462617412154976,vendor_a,0.07693170348772009,vendor_a,mid,66.7,youtube,19.3,youtube · mid,47.8,youtube
CR00291,instagram,@creator291_instagram,vendor_a,52353,vendor_a,1.1262200828987832,vendor_a,0.04224482889052577,vendor_a,0.03122923588039867,vendor_a,micro,82.2,instagram,23.7,instagram · micro,9.3,instagram
CR00291,tiktok,@creator291_tiktok,vendor_b,51430.0,vendor_b,3.3514874586817034,vendor_b,0.07369519832985386,vendor_b,0.21706978893853027,vendor_b,micro,53.0,tiktok,43.3,tiktok · micro,73.5,tiktok
CR00291,youtube,@creator291_youtube,vendor_a,51719,vendor_a,0.290299503083973,vendor_a,0.05250412096298256,vendor_a,0.06482758620689655,vendor_a,micro,3.2,youtube,29.2,youtube · micro,41.6,youtube
CR00292,instagram,@creator292_instagram,vendor_b,96240.0,vendor_b,0.8559954280964256,vendor_b,0.1863905325443787,vendor_b,0.04480155831507183,vendor_b,micro,72.0,instagram,88.3,instagram · micro,14.0,instagram
CR00292,youtube,@creator292_youtube,vendor_b,1290.0,vendor_b,0.2689922480620155,vendor_b,0.13687881429816914,vendor_a,0.0,vendor_a,nano,2.3,youtube,61.3,youtube · nano,0.9,youtube
CR00293,instagram,@creator293_instagram,vendor_b,246240.0,vendor_b,0.8158585120207927,vendor_b,-0.05277735036159409,vendor_b,0.12923976608187135,vendor_b,mid,69.2,instagram,3.6,instagram · mid,47.3,instagram
CR00293,tiktok,,,,,,,,,,,,,,,,,
CR00293,youtube,@creator293_youtube,vendor_b,468900.0,vendor_b,1.4991042866282789,vendor_b,,,0.08123619475542299,vendor_b,mid,60.1,youtube,,,49.5,youtube
CR00296,instagram,@creator296_instagram,vendor_b,108000.0,vendor_b,0.3616111111111111,vendor_b,0.12711333750782716,vendor_b,0.030984370715656705,vendor_b,mid,25.1,instagram,72.1,instagram · mid,9.1,instagram
CR00296,tiktok,@creator296_tiktok,vendor_b,66910.0,vendor_b,,,0.07107411557547623,vendor_b,0.14207332280322554,vendor_b,micro,,,41.8,tiktok · micro,53.0,tiktok
CR00296,youtube,@creator296_youtube,vendor_b,124220.0,vendor_b,1.8904282724199002,vendor_b,0.014703479823558243,vendor_b,0.010555690366415918,vendor_b,mid,73.4,youtube,17.4,youtube · mid,7.0,youtube
CR00297,instagram,https://www.instagram.com/creator297_instagram/,vendor_b,53040.0,vendor_b,0.5095211161387632,vendor_b,0.023345552768666795,vendor_b,,"n/a (likes hidden, vendor_b)",micro,42.3,instagram,14.4,instagram · micro,,
CR00297,tiktok,,,,,,,,,,,,,,,,,
CR00297,youtube,@creator297_youtube,vendor_a,15543,vendor_a,2.5262175899118575,vendor_a,0.11796015248507516,vendor_a,0.08365261813537675,vendor_a,micro,84.7,youtube,61.7,youtube · micro,51.3,youtube
CR00298,instagram,@creator298_instagram,vendor_b,25240.0,vendor_b,1.4156497622820918,vendor_b,0.16905974988420566,vendor_b,0.07158590308370044,vendor_b,micro,88.1,instagram,82.1,instagram · micro,23.5,instagram
CR00298,tiktok,@creator298_tiktok,vendor_b,15420.0,vendor_b,2.036900129701686,vendor_b,0.13716814159292035,vendor_b,,,micro,28.5,tiktok,76.4,tiktok · micro,,
CR00298,youtube,https://youtube.com/@creator298_youtube,vendor_b,222650.0,vendor_b,0.24372293584658491,vendor_a,0.15052707730467135,vendor_b,0.11057460164171898,vendor_b,mid,1.8,youtube,83.2,youtube · mid,62.5,youtube
CR00300,instagram,@creator300_instagram,vendor_b,18030.0,vendor_b,0.8378813089295618,vendor_b,0.16548157724628312,vendor_b,0.05716207128446537,vendor_b,micro,70.5,instagram,80.4,instagram · micro,18.4,instagram
CR00300,tiktok,@creator300_tiktok,vendor_b,600160.0,vendor_b,2.5393295121300987,vendor_b,0.0504060487258471,vendor_b,0.0877166117959319,vendor_b,mid,39.1,tiktok,35.0,tiktok · mid,31.1,tiktok
CR00300,youtube,@creator300_youtube,vendor_b,14300,vendor_a,1.4779020979020978,vendor_a,0.09410864575363427,vendor_a,0.17033603707995365,vendor_b,micro,58.9,youtube,49.4,youtube · micro,78.9,youtube
CR00302,instagram,@creator302_instagram,vendor_b,190160.0,vendor_b,0.43471813209928484,vendor_b,0.13203952851529943,vendor_b,0.1980790426704456,vendor_b,mid,32.7,instagram,75.0,instagram · mid,72.5,instagram
CR00302,tiktok,@creator302_tiktok,vendor_b,6610.0,vendor_b,1.6701966717095311,vendor_b,,,0.23293172690763053,vendor_b,nano,20.2,tiktok,,,77.3,tiktok
CR00302,youtube,@creator302_youtube,vendor_a,407828,vendor_a,0.651666879174554,vendor_a,-0.02932993138181273,vendor_a,0.34556695606419363,vendor_a,mid,20.1,youtube,8.1,youtube · mid,98.0,youtube
CR00303,instagram,@creator303_instagram,vendor_b,,,,,,,,"n/a (likes hidden, vendor_b)",,,,,,,
CR00303,tiktok,https://www.tiktok.com/@creator303_tiktok,vendor_b,146730.0,vendor_b,2.8383970558168063,vendor_b,0.13322520852641334,vendor_b,0.1328831243077143,vendor_b,mid,44.2,tiktok,77.1,tiktok · mid,50.3,tiktok
CR00304,instagram,,,,,,,,,,,,,,,,,
CR00304,youtube,@creator304_youtube,vendor_b,,,,,,,0.05997083485235144,vendor_b,,,,,,37.3,youtube
CR00305,tiktok,@creator305_tiktok,vendor_b,35830.0,vendor_b,6.467848171922969,vendor_b,-0.12267384916748286,vendor_b,0.12120920381245788,vendor_b,micro,82.9,tiktok,0.7,tiktok · micro,45.5,tiktok
CR00305,youtube,@creator305_youtube,vendor_a,33594,vendor_a,2.859052211704471,vendor_a,0.0429032658636533,vendor_a,0.03935300983825246,vendor_a,micro,88.7,youtube,24.7,youtube · micro,26.0,youtube
CR00313,tiktok,@creator313_tiktok,vendor_b,171990.0,vendor_b,2.6191639048781905,vendor_b,0.14006363515842504,vendor_b,0.2726345206937852,vendor_b,mid,40.9,tiktok,81.5,tiktok · mid,85.0,tiktok
CR00315,instagram,,,,,,,,,,,,,,,,,
CR00315,tiktok,@creator315_tiktok,vendor_b,7360.0,vendor_b,3.0790760869565217,vendor_b,0.21052631578947367,vendor_b,,,nano,47.5,tiktok,96.2,tiktok · nano,,
CR00315,youtube,@creator315_youtube,vendor_b,315480.0,vendor_b,1.2472518067706353,vendor_b,0.05167011134075605,vendor_b,0.15968096362008627,vendor_a,mid,49.7,youtube,31.7,youtube · mid,75.8,youtube
CR00317,instagram,@creator317_instagram,vendor_b,18400.0,vendor_b,,,0.10910186859553948,vendor_b,,,micro,,,58.1,instagram · micro,,
CR00317,tiktok,@creator317_tiktok,vendor_b,29170.0,vendor_b,0.4799451491258142,vendor_b,0.11762452107279693,vendor_b,0.14829659318637275,vendor_b,micro,1.4,tiktok,67.3,tiktok · micro,54.5,tiktok
CR00317,youtube,@creator317_youtube,vendor_b,16800.0,vendor_b,0.575654761904762,vendor_b,0.103086014445174,vendor_b,0.06509695290858726,vendor_b,micro,16.6,youtube,54.5,youtube · micro,41.8,youtube
CR00318,youtube,@creator318_youtube,vendor_c,14791,vendor_c,4.059563247921033,vendor_c,0.2620307167235495,vendor_c,0.10873480414227825,vendor_c,micro,95.1,youtube,99.0,youtube · micro,62.0,youtube
CR00321,tiktok,@creator321_tiktok,vendor_b,3860.0,vendor_b,2.7059585492227978,vendor_b,0.0962536023054755,vendor_a,0.15608465608465608,vendor_b,nano,42.0,tiktok,34.0,tiktok · nano,57.6,tiktok
CR00321,youtube,@creator321_youtube,vendor_a,28882,vendor_a,1.683713039263209,vendor_a,0.08738375814163624,vendor_a,0.01594090202177294,vendor_a,micro,67.7,youtube,46.1,youtube · micro,10.0,youtube
CR00322,instagram,,,,,,,,,,,,,,,,,
CR00322,tiktok,@creator322_tiktok,vendor_b,241850.0,vendor_b,3.080723589001447,vendor_b,0.017116662461098494,vendor_b,0.05616678079586091,vendor_b,mid,47.7,tiktok,21.0,tiktok · mid,13.5,tiktok
CR00322,youtube,@creator322_youtube,vendor_a,196244,vendor_a,3.6093434703736165,vendor_a,0.09255094087518094,vendor_a,0.09793457517774813,vendor_a,mid,93.3,youtube,54.0,youtube · mid,57.9,youtube
CR00323,instagram,,,19400.0,vendor_b,0.6910309278350516,vendor_b,0.14319387153800825,vendor_b,0.16014669926650366,vendor_b,micro,60.5,instagram,74.9,instagram · micro,62.0,instagram
CR00323,tiktok,@creator323_tiktok,vendor_b,38060.0,vendor_b,6.789753021544929,vendor_b,0.18677892111007172,vendor_b,,,micro,84.7,tiktok,90.9,tiktok · micro,,
CR00323,youtube,@creator323_youtube,vendor_a,90367,vendor_a,1.2907809266657075,vendor_a,0.03552316454100634,vendor_a,0.0,vendor_a,micro,52.0,youtube,22.1,youtube · micro,0.9,youtube
CR00324,instagram,,,,,,,,,,,,,,,,,
CR00324,youtube,@creator324_youtube,vendor_a,32016,vendor_a,1.3164980009995002,vendor_a,0.0804900273362357,vendor_a,0.12596762843068263,vendor_a,micro,52.7,youtube,40.9,youtube · micro,67.0,youtube
CR00325,instagram,@creator325_instagram,vendor_a,10484,vendor_a,0.2571537581075925,vendor_a,0.07971163748712667,vendor_a,0.2857142857142857,vendor_a,micro,13.8,instagram,43.0,instagram · micro,88.6,instagram
CR00325,tiktok,,,,,,,,,,,,,,,,,
CR00327,instagram,@creator327_instagram,vendor_b,27220.0,vendor_b,1.3862968405584128,vendor_b,0.1672384219554031,vendor_b,0.22760041194644695,vendor_b,micro,87.5,instagram,81.1,instagram · micro,78.1,instagram
CR00327,tiktok,@creator327_tiktok,vendor_b,14830.0,vendor_b,3.6627781523937966,vendor_b,0.18167330677290836,vendor_b,0.028349645629429633,vendor_b,micro,59.3,tiktok,88.7,tiktok · micro,6.2,tiktok
CR00327,youtube,https://youtube.com/@creator327_youtube,vendor_b,94656,vendor_a,0.42834051724137934,vendor_a,0.01462076062256142,vendor_a,0.1723404255319149,vendor_b,micro,9.2,youtube,14.9,youtube · micro,79.6,youtube
CR00328,instagram,@creator328_instagram,vendor_b,117660.0,vendor_b,0.48210096889342174,vendor_b,0.07915252682747867,vendor_b,0.03175355450236967,vendor_b,mid,40.1,instagram,45.7,instagram · mid,9.6,instagram
CR00328,tiktok,@creator328_tiktok,vendor_b,58870.0,vendor_b,4.431119415661628,vendor_b,-0.11460369980448187,vendor_b,0.21234549626230478,vendor_b,micro,69.4,tiktok,1.5,tiktok · micro,72.2,tiktok
CR00328,youtube,@creator328_youtube,vendor_a,72696,vendor_a,6.805477605370309,vendor_a,0.2538332844650649,vendor_a,0.13424040211456797,vendor_a,micro,99.1,youtube,98.7,youtube · micro,69.4,youtube
CR00330,instagram,@creator330_instagram,vendor_b,5920.0,vendor_b,0.2418918918918919,vendor_b,0.04677645409950946,vendor_c,0.07692307692307693,vendor_b,nano,11.9,instagram,18.3,instagram · nano,24.7,instagram
CR00330,tiktok,,,62340.0,vendor_b,2.4452358036573627,vendor_b,0.13407313079861743,vendor_b,0.3259274785160344,vendor_b,micro,36.7,tiktok,74.5,tiktok · micro,92.7,tiktok
CR00330,youtube,@creator330_youtube,vendor_b,85770.0,vendor_b,1.6888655707123703,vendor_b,0.06758775205377147,vendor_b,0.06760498384863867,vendor_b,micro,68.3,youtube,35.1,youtube · micro,43.5,youtube
CR00336,instagram,@creator336_instagram,vendor_b,43090.0,vendor_b,0.7664655372476212,vendor_b,-0.027094152178821405,vendor_b,0.2662565905096661,vendor_b,micro,66.2,instagram,4.1,instagram · micro,85.1,instagram
CR00338,tiktok,https://www.tiktok.com/@creator338_tiktok,vendor_b,16960.0,vendor_b,3.6534198113207546,vendor_b,0.027256208358570563,vendor_b,0.06917774495322501,vendor_b,micro,59.1,tiktok,20.4,tiktok · micro,19.9,tiktok
CR00339,tiktok,@creator339_tiktok,vendor_b,334300.0,vendor_b,2.3927669757702663,vendor_b,0.07340097611096841,vendor_b,0.1871338311315336,vendor_b,mid,35.0,tiktok,47.8,tiktok · mid,65.8,tiktok
CR00339,youtube,@creator339_youtube,vendor_a,16486,vendor_a,0.5017590683003761,vendor_a,0.05120193840464197,vendor_a,0.006097560975609756,vendor_a,micro,13.4,youtube,28.2,youtube · micro,4.3,youtube
CR00340,instagram,@creator340_instagram,vendor_b,,,,,,,0.3769633507853403,vendor_b,,,,,,97.0,instagram
CR00340,tiktok,@creator340_tiktok,vendor_b,1300.0,vendor_b,0.8715384615384615,vendor_b,0.16682027649769585,vendor_a,0.12121212121212122,vendor_a,nano,5.1,tiktok,75.5,tiktok · nano,45.7,tiktok
CR00340,youtube,@creator340_youtube,vendor_a,19248,vendor_a,1.1750311720698254,vendor_a,0.13981168946526915,vendor_a,,,micro,46.7,youtube,70.8,youtube · micro,,
CR00342,instagram,@creator342_instagram,vendor_b,62930.0,vendor_b,,,0.09424447922100504,vendor_b,0.1547576301615799,vendor_b,micro,,,48.8,instagram · micro,59.9,instagram
CR00343,tiktok,@creator343_tiktok,vendor_b,52450.0,vendor_b,1.8112869399428027,vendor_b,0.16659252669039146,vendor_b,0.011517846960884936,vendor_b,micro,23.8,tiktok,84.4,tiktok · micro,1.1,tiktok
CR00345,instagram,@creator345_instagram,vendor_b,21270.0,vendor_b,0.4240714621532675,vendor_b,0.28909090909090907,vendor_b,,,micro,31.6,instagram,99.7,instagram · micro,,
CR00345,tiktok,https://www.tiktok.com/@creator345_tiktok,vendor_b,31860.0,vendor_b,2.9012868801004394,vendor_b,0.06483957219251336,vendor_b,0.33291631915485126,vendor_b,micro,44.6,tiktok,37.8,tiktok · micro,93.6,tiktok
CR00347,instagram,@creator347_instagram,vendor_b,4735,vendor_a,0.7315733896515312,vendor_a,0.13142174432497014,vendor_a,0.14233576642335766,vendor_b,nano,63.7,instagram,73.2,instagram · nano,54.3,instagram
CR00347,youtube,@creator347_youtube,vendor_a,38170,vendor_a,3.338249934503537,vendor_a,-0.017579080122513063,vendor_a,0.023312101910828026,vendor_a,micro,91.5,youtube,6.8,youtube · micro,15.8,youtube
CR00348,youtube,https://youtube.com/@creator348_youtube,vendor_b,21550.0,vendor_b,0.7836658932714617,vendor_b,0.251451800232288,vendor_b,0.0593654042988741,vendor_b,micro,27.7,youtube,98.1,youtube · micro,36.7,youtube
CR00350,youtube,@creator350_youtube,vendor_a,39618,vendor_a,0.5815538391640164,vendor_a,-0.018433179723502304,vendor_a,0.031857031857031856,vendor_a,micro,17.3,youtube,6.2,youtube · micro,21.0,youtube
CR00351,instagram,@creator351_instagram,vendor_b,17900.0,vendor_b,1.2306703910614525,vendor_b,0.14231014677728143,vendor_b,0.16134185303514376,vendor_b,micro,84.3,instagram,74.6,instagram · micro,62.7,instagram
CR00351,tiktok,@creator351_tiktok,vendor_b,64610.0,vendor_b,2.6771088066862716,vendor_b,0.1042556827892668,vendor_b,0.1780705996131528,vendor_b,micro,41.5,tiktok,60.0,tiktok · micro,63.8,tiktok
CR00351,youtube,@creator351_youtube,vendor_b,5740.0,vendor_b,0.854006968641115,vendor_b,,,0.13291139240506328,vendor_b,nano,31.7,youtube,,,69.2,youtube
CR00352,instagram,@creator352_instagram,vendor_b,55650.0,vendor_b,0.6207906558849955,vendor_b,0.11791884290879871,vendor_b,0.03860294117647059,vendor_b,micro,56.9,instagram,61.5,instagram · micro,12.1,instagram
CR00352,tiktok,@creator352_tiktok,vendor_b,29180.0,vendor_b,1.6925633995887595,vendor_b,0.06379876048122493,vendor_b,0.26450276243093923,vendor_b,micro,20.8,tiktok,37.5,tiktok · micro,83.4,tiktok
CR00352,youtube,@creator352_youtube,vendor_a,3961233,vendor_a,0.4825760060062107,vendor_a,-0.0003076377959909672,vendor_a,0.053965529571622685,vendor_a,macro,12.0,youtube,21.4,youtube · macro,34.4,youtube
CR00353,instagram,https://www.instagram.com/creator353_instagram/,vendor_b,115300.0,vendor_b,0.300112749349523,vendor_b,0.06779033154287831,vendor_b,0.08219645293315143,vendor_a,mid,18.0,instagram,39.3,instagram · mid,27.5,instagram
CR00353,tiktok,https://www.tiktok.com/@creator353_tiktok,vendor_b,71490.0,vendor_b,2.2886137921387606,vendor_b,0.03819343595701423,vendor_b,0.35275080906148865,vendor_a,micro,32.6,tiktok,25.8,tiktok · micro,94.3,tiktok
CR00353,youtube,@creator353_youtube,vendor_c,90864,vendor_c,0.37864280683218876,vendor_c,0.023692838070774328,vendor_c,0.031549096065225095,vendor_c,micro,6.7,youtube,19.2,youtube · micro,20.6,youtube
CR00354,instagram,@creator354_instagram,vendor_b,31320.0,vendor_b,0.8037356321839081,vendor_b,-0.07746686303387335,vendor_b,0.0688723835246455,vendor_b,micro,68.2,instagram,1.7,instagram · micro,23.3,instagram
CR00354,tiktok,@creator354_tiktok,vendor_b,381870.0,vendor_b,7.087885929766674,vendor_b,-0.027900109462108292,vendor_b,,,mid,86.2,tiktok,7.0,tiktok · mid,,
CR00354,youtube,@creator354_youtube,vendor_a,45522,vendor_a,1.1570010105004174,vendor_a,0.021588868940754038,vendor_a,0.13981958762886598,vendor_a,micro,45.7,youtube,17.5,youtube · micro,71.0,youtube
CR00356,instagram,https://www.instagram.com/creator356_instagram/,vendor_b,158193,vendor_a,0.30488706832792856,vendor_a,0.13045062813531708,vendor_a,0.14127277528386586,vendor_b,mid,18.5,instagram,73.6,instagram · mid,53.6,instagram
CR00356,tiktok,@creator356_tiktok,vendor_b,124860.0,vendor_b,2.157688611244594,vendor_b,0.11621669944573575,vendor_b,0.11470745153832473,vendor_b,mid,30.1,tiktok,69.4,tiktok · mid,42.4,tiktok
CR00356,youtube,@creator356_youtube,vendor_a,186863,vendor_a,1.7075022877723252,vendor_a,0.18039114120753477,vendor_a,0.021450703106379598,vendor_a,mid,68.8,youtube,93.2,youtube · mid,14.3,youtube
CR00357,instagram,@creator357_instagram,vendor_a,20574,vendor_a,2.626130067074949,vendor_a,0.13174542054018373,vendor_a,0.0771698449474247,vendor_a,micro,98.5,instagram,70.1,instagram · micro,24.9,instagram
CR00357,tiktok,@creator357_tiktok,vendor_b,112300.0,vendor_b,7.79560106856634,vendor_b,0.14896664620421526,vendor_b,0.09734903232629463,vendor_b,mid,89.2,tiktok,88.5,tiktok · mid,35.8,tiktok
CR00357,youtube,@creator357_youtube,vendor_a,285682,vendor_a,4.462923810390574,vendor_a,0.10545215338776458,vendor_a,0.06901422330256544,vendor_a,mid,96.3,youtube,62.7,youtube · mid,44.1,youtube
CR00358,instagram,@creator358_instagram,vendor_c,16410.0,vendor_b,0.6042656916514321,vendor_b,0.12320328542094455,vendor_b,0.23114754098360657,vendor_b,micro,54.4,instagram,67.4,instagram · micro,78.8,instagram
CR00358,tiktok,@creator358_tiktok,vendor_b,173470.0,vendor_b,2.749414884418055,vendor_b,0.10624322428416555,vendor_b,0.016442652329749105,vendor_b,mid,42.8,tiktok,65.0,tiktok · mid,2.6,tiktok
CR00359,tiktok,,,,,,,,,,,,,,,,,
CR00360,instagram,,,,,,,,,,,,,,,,,
CR00360,tiktok,@creator360_tiktok,vendor_b,217990.0,vendor_b,0.27500802789118767,vendor_b,0.04551558752997602,vendor_b,0.2354403409090909,vendor_b,mid,0.2,tiktok,31.2,tiktok · mid,77.7,tiktok
CR00360,youtube,@creator360_youtube,vendor_a,6677,vendor_a,1.2303429683989815,vendor_a,0.18218838526912182,vendor_a,0.0585480093676815,vendor_a,nano,48.9,youtube,80.0,youtube · nano,36.2,youtube
CR00361,tiktok,@creator361_tiktok,vendor_a,58535,vendor_a,6.567540787562996,vendor_a,0.07344580964606638,vendor_a,0.03631326082471188,vendor_a,micro,83.9,tiktok,42.9,tiktok · micro,7.5,tiktok
CR00361,youtube,@creator361_youtube,vendor_b,9430.0,vendor_b,7.740721102863202,vendor_b,0.061936936936936936,vendor_b,0.21223529411764705,vendor_b,nano,99.6,youtube,30.0,youtube · nano,87.5,youtube
CR00364,tiktok,@creator364_tiktok,vendor_a,25388,vendor_a,1.1651961556640933,vendor_a,0.07018505248071492,vendor_a,,,micro,9.4,tiktok,41.5,tiktok · micro,,
CR00366,instagram,@creator366_instagram,vendor_b,136460.0,vendor_b,1.853217059944306,vendor_b,0.01464792921406796,vendor_b,0.11403702884118905,vendor_b,mid,94.0,instagram,17.1,instagram · mid,41.5,instagram
CR00366,tiktok,https://www.tiktok.com/@creator366_tiktok,vendor_b,3560.0,vendor_b,10.868820224719101,vendor_b,,,0.1397121083827265,vendor_b,nano,95.7,tiktok,,,52.5,tiktok
CR00366,youtube,@creator366_youtube,vendor_b,891990.0,vendor_b,0.7760647540891714,vendor_b,0.17852471362321137,vendor_b,0.10424023646969578,vendor_a,mid,26.8,youtube,91.9,youtube · mid,60.4,youtube
CR00368,instagram,@creator368_instagram,vendor_b,18270.0,vendor_b,2.125013683634373,vendor_b,0.2019736842105263,vendor_b,0.14935064935064934,vendor_b,micro,96.0,instagram,91.4,instagram · micro,57.6,instagram
CR00368,tiktok,@creator368_tiktok,vendor_b,37019,vendor_c,17.850104000648315,vendor_c,0.0854420172995162,vendor_c,0.18388751371628345,vendor_b,micro,99.4,tiktok,51.6,tiktok · micro,65.3,tiktok
CR00368,youtube,@creator368_youtube,vendor_a,533067,vendor_a,0.4116649501844984,vendor_a,,,0.20433112120153685,vendor_a,mid,8.8,youtube,,,86.0,youtube
CR00369,instagram,@creator369_instagram,vendor_c,,,,,,,,,,,,,,,
CR00369,tiktok,,,,,,,,,,,,,,,,,
CR00369,youtube,@creator369_youtube,vendor_b,,,,,,,0.0,vendor_b,,,,,,0.9,youtube
CR00371,instagram,@creator371_instagram,vendor_b,996530.0,vendor_b,0.3350375804040019,vendor_b,0.16324648643600878,vendor_b,0.0949481375719145,vendor_a,mid,22.5,instagram,82.1,instagram · mid,34.3,instagram
CR00373,instagram,https://www.instagram.com/creator373_instagram/,vendor_b,20020.0,vendor_b,2.6334665334665335,vendor_b,0.12031337437045328,vendor_b,0.1724,vendor_a,micro,98.7,instagram,64.6,instagram · micro,65.7,instagram
CR00373,tiktok,https://www.tiktok.com/@creator373_tiktok,vendor_b,,,,,,,,,,,,,,,
CR00373,youtube,@creator373_youtube,vendor_a,9623,vendor_a,4.110672347500779,vendor_a,0.19897832045850986,vendor_a,0.3434065934065934,vendor_a,nano,95.4,youtube,90.0,youtube · nano,97.8,youtube
CR00374,instagram,@creator374_instagram,vendor_a,7461,vendor_a,1.972523790376625,vendor_a,0.05188213731848301,vendor_a,0.1325581395348837,vendor_a,nano,94.7,instagram,21.1,instagram · nano,49.2,instagram
CR00374,tiktok,@creator374_tiktok,vendor_b,176740.0,vendor_b,3.2708498359171663,vendor_b,0.06348155725374571,vendor_b,,,mid,51.5,tiktok,43.3,tiktok · mid,,
CR00374,youtube,@creator374_youtube,vendor_a,22980,vendor_a,2.2194952132288948,vendor_a,0.15344074687547057,vendor_a,,,micro,79.7,youtube,79.2,youtube · micro,,
CR00377,instagram,@creator377_instagram,vendor_b,48851,vendor_a,1.0081062823688358,vendor_a,0.10765707548239349,vendor_a,0.16035208572522006,vendor_b,micro,78.6,instagram,56.4,instagram · micro,62.2,instagram
CR00377,tiktok,@creator377_tiktok,vendor_b,40320.0,vendor_b,,,0.03041144901610018,vendor_b,0.021060965954077592,vendor_b,micro,,,21.5,tiktok · micro,4.0,tiktok
CR00377,youtube,@creator377_youtube,vendor_b,284600.0,vendor_b,0.23993675333801828,vendor_b,,,0.03106332138590203,vendor_b,mid,1.4,youtube,,,20.3,youtube
CR00379,instagram,@creator379_instagram,vendor_b,135790.0,vendor_b,1.6187348111053834,vendor_b,0.07386318703044682,vendor_b,0.050913688081829674,vendor_b,mid,90.9,instagram,42.9,instagram · mid,15.9,instagram
CR00379,tiktok,@creator379_tiktok,vendor_a,110270,vendor_a,3.1605876484991384,vendor_a,0.13865884636831127,vendor_a,0.4083920758385999,vendor_a,mid,49.7,tiktok,80.3,tiktok · mid,97.1,tiktok
CR00380,instagram,@creator380_instagram,vendor_a,8363,vendor_a,0.2062656941289011,vendor_a,0.04852056168505516,vendor_a,0.24603174603174602,vendor_a,nano,9.8,instagram,19.7,instagram · nano,81.6,instagram
CR00380,tiktok,@creator380_tiktok,vendor_b,61080.0,vendor_b,4.708218729535036,vendor_b,-0.05199441254074189,vendor_b,0.2044901271301055,vendor_b,micro,70.5,tiktok,4.0,tiktok · micro,70.2,tiktok
CR00380,youtube,@creator380_youtube,vendor_b,59250.0,vendor_b,0.5764556962025317,vendor_b,0.09418282548476455,vendor_b,0.22363945578231292,vendor_b,micro,16.8,youtube,49.7,youtube · micro,89.6,youtube
CR00381,instagram,https://www.instagram.com/creator381_instagram/,vendor_b,4077,vendor_a,0.3298994358597008,vendor_a,0.07459146020031629,vendor_a,0.06382978723404255,vendor_b,nano,21.7,instagram,32.4,instagram · nano,21.7,instagram
CR00381,tiktok,@creator381_tiktok,vendor_b,12310.0,vendor_b,,,0.19398642095053345,vendor_b,0.41041523285157144,vendor_b,micro,,,93.5,tiktok · micro,97.6,tiktok
CR00381,youtube,@creator381_youtube,vendor_a,35228,vendor_a,7.357698421710003,vendor_a,0.10101262657832229,vendor_a,0.15530202529406562,vendor_a,micro,99.5,youtube,53.2,youtube · micro,74.9,youtube
CR00383,instagram,@creator383_instagram,vendor_b,6470.0,vendor_b,0.8508500772797527,vendor_b,0.08013355592654424,vendor_b,0.17253521126760563,vendor_b,nano,71.5,instagram,38.0,instagram · nano,66.0,instagram
CR00383,tiktok,@creator383_tiktok,vendor_b,1465190.0,vendor_b,2.6157099079300297,vendor_b,0.14564632658805868,vendor_b,0.06223659279679363,vendor_b,macro,40.7,tiktok,100.0,tiktok · macro,16.8,tiktok
CR00383,youtube,https://youtube.com/@creator383_youtube,vendor_b,1428,vendor_a,1.3942577030812324,vendor_a,-0.01990391214824983,vendor_a,0.050505050505050504,vendor_b,nano,55.6,youtube,6.2,youtube · nano,32.8,youtube
CR00386,instagram,@creator386_instagram,vendor_b,247740.0,vendor_b,0.385464599983854,vendor_b,0.06394674683272493,vendor_b,,,mid,27.8,instagram,36.4,instagram · mid,,
CR00386,tiktok,@creator386_tiktok,vendor_b,27980,vendor_b,5.395997140814868,vendor_b,0.04872563718140929,vendor_b,0.3244188438592882,vendor_b,micro,75.2,tiktok,29.5,tiktok · micro,92.3,tiktok
CR00390,instagram,@creator390_instagram,vendor_b,132640.0,vendor_b,0.43175512665862487,vendor_b,0.10708621984809281,vendor_b,0.13028472821397757,vendor_b,mid,32.1,instagram,64.3,instagram · mid,48.0,instagram
CR00390,tiktok,@creator390_tiktok,vendor_b,249480.0,vendor_b,4.189393199537738,vendor_c,-0.0023992322456813818,vendor_b,0.2946928723198764,vendor_b,mid,66.2,tiktok,12.1,tiktok · mid,87.6,tiktok
CR00390,youtube,@creator390_youtube,vendor_a,48271,vendor_a,10.081353193428766,vendor_a,0.11290173836860792,vendor_a,0.06119651424654852,vendor_a,micro,100.0,youtube,59.1,youtube · micro,39.1,youtube
CR00393,instagram,@creator393_instagram,vendor_b,27710.0,vendor_b,0.830205701912667,vendor_b,-0.027719298245614036,vendor_b,0.3757292882147025,vendor_b,micro,69.9,instagram,3.8,instagram · micro,96.5,instagram
CR00393,tiktok,@creator393_tiktok,vendor_a,7281,vendor_a,1.726960582337591,vendor_a,0.04312320916905444,vendor_a,0.05692307692307692,vendor_a,nano,22.0,tiktok,9.4,tiktok · nano,14.1,tiktok
CR00393,youtube,@creator393_youtube,vendor_b,39840.0,vendor_b,1.4313253012048193,vendor_b,0.13666191155492155,vendor_b,0.24010756819054938,vendor_b,micro,57.7,youtube,69.2,youtube · micro,91.8,youtube
CR00394,instagram,https://www.instagram.com/creator394_instagram/,vendor_b,23940.0,vendor_b,0.6409774436090225,vendor_b,0.0764388489208633,vendor_b,0.2106951871657754,vendor_b,micro,58.0,instagram,41.2,instagram · micro,75.3,instagram
CR00394,tiktok,@creator394_tiktok,vendor_b,4510.0,vendor_b,3.1341463414634148,vendor_b,,,0.16184971098265896,vendor_a,nano,48.3,tiktok,,,58.9,tiktok
CR00394,youtube,@creator394_youtube,vendor_a,46051,vendor_a,1.0367201580856007,vendor_a,-0.04849373941071945,vendor_a,0.14775413711583923,vendor_a,micro,40.4,youtube,2.3,youtube · micro,72.8,youtube
CR00395,instagram,@creator395_instagram,vendor_b,56430.0,vendor_b,0.6438950912635123,vendor_b,0.07814291173098968,vendor_b,0.19770114942528735,vendor_b,micro,58.2,instagram,41.6,instagram · micro,72.3,instagram
CR00395,tiktok,@creator395_tiktok,vendor_b,57650.0,vendor_b,1.544978317432784,vendor_b,0.10737610449481368,vendor_b,0.057828073089701,vendor_a,micro,17.7,tiktok,63.6,tiktok · micro,14.8,tiktok
CR00395,youtube,@creator395_youtube,vendor_a,12546,vendor_a,1.9069823051171688,vendor_a,0.1570598542838698,vendor_a,0.10850801479654747,vendor_a,micro,73.9,youtube,80.2,youtube · micro,61.8,youtube
CR00396,instagram,@creator396_instagram,vendor_b,46690.0,vendor_b,0.5182266009852217,vendor_b,0.0466263169692894,vendor_b,0.24170616113744076,vendor_b,micro,43.3,instagram,25.4,instagram · micro,80.9,instagram
CR00396,tiktok,@creator396_tiktok,vendor_b,5320.0,vendor_b,3.8351503759398495,vendor_b,,,,,nano,61.1,tiktok,,,,
CR00396,youtube,@creator396_youtube,vendor_b,147390,vendor_a,0.2848225795508515,vendor_a,-0.04371691061974463,vendor_a,0.2785522788203753,vendor_b,mid,3.0,youtube,6.2,youtube · mid,95.3,youtube
CR00399,instagram,,,,,,,,,,,,,,,,,
CR00399,tiktok,,,,,,,,,,,,,,,,,
CR00399,youtube,@creator399_youtube,vendor_b,11358570.0,vendor_b,1.2306882820636753,vendor_b,0.14932362491310688,vendor_b,0.18741715691329489,vendor_b,macro,49.0,youtube,85.7,youtube · macro,81.9,youtube
CR00400,instagram,@creator400_instagram,vendor_b,2880.0,vendor_b,0.23715277777777777,vendor_b,,,0.0,vendor_b,nano,11.5,instagram,,,1.3,instagram
CR00400,tiktok,@creator400_tiktok,vendor_b,11030.0,vendor_b,4.963553943789664,vendor_b,0.03588471082267608,vendor_a,0.028209556706966035,vendor_b,micro,72.3,tiktok,24.0,tiktok · micro,6.0,tiktok
CR00401,instagram,@creator401_instagram,vendor_b,35380.0,vendor_b,7.625155455059356,vendor_b,0.05991611743559017,vendor_b,0.14179008920568525,vendor_b,micro,99.8,instagram,32.3,instagram · micro,53.8,instagram
CR00401,tiktok,@creator401_tiktok,vendor_b,119732,vendor_c,15.011559148765576,vendor_c,0.05215427471725968,vendor_c,0.3690780371047396,vendor_b,mid,97.6,tiktok,36.9,tiktok · mid,95.6,tiktok
CR00401,youtube,@creator401_youtube,vendor_b,175810.0,vendor_b,0.9272851373642,vendor_b,0.13053822905279402,vendor_b,0.04638472032742155,vendor_a,mid,35.1,youtube,73.9,youtube · mid,29.7,youtube
CR00403,instagram,@creator403_instagram,vendor_b,505860.0,vendor_b,1.2465326374886332,vendor_b,0.11933264001062112,vendor_b,,"n/a (likes hidden, vendor_b)",mid,84.9,instagram,68.6,instagram · mid,,
CR00403,tiktok,,,,,,,,,,,,,,,,,
CR00403,youtube,@creator403_youtube,vendor_b,310750.0,vendor_b,2.93024142713061,vendor_a,0.11375936346367514,vendor_b,0.031572125802466634,vendor_b,mid,89.1,youtube,65.8,youtube · mid,20.8,youtube
CR00404,instagram,@creator404_instagram,vendor_a,1148762,vendor_a,1.2872553235570119,vendor_a,0.04509581119967103,vendor_a,0.17820883809897495,vendor_a,macro,85.4,instagram,11.8,instagram · macro,67.4,instagram
CR00404,tiktok,@creator404_tiktok,vendor_b,301720.0,vendor_b,3.174241018162535,vendor_b,0.07965361769126172,vendor_b,0.15269124891335845,vendor_b,mid,50.3,tiktok,52.9,tiktok · mid,56.5,tiktok
CR00405,tiktok,https://www.tiktok.com/@creator405_tiktok,vendor_b,36260.0,vendor_b,5.915140650854936,vendor_b,,,0.09027132982564738,vendor_b,micro,79.6,tiktok,,,33.1,tiktok
CR00407,instagram,@creator407_instagram,vendor_b,29100.0,vendor_b,0.6479725085910653,vendor_b,0.08460678345136041,vendor_b,0.2033898305084746,vendor_b,micro,58.4,instagram,45.4,instagram · micro,74.4,instagram
CR00407,tiktok,,,,,,,,,,,,,,,,,
CR00407,youtube,,,,,,,,,,,,,,,,,
CR00408,instagram,@creator408_instagram,vendor_a,120497,vendor_a,0.6987061918553988,vendor_a,0.0026210247790850543,vendor_a,0.2727827812547703,vendor_a,mid,61.1,instagram,12.9,instagram · mid,85.8,instagram
CR00412,instagram,@creator412_instagram,vendor_c,94575,vendor_c,0.7185196933650542,vendor_c,0.10371347213145364,vendor_c,,,micro,62.8,instagram,55.0,instagram · micro,,
CR00412,tiktok,https://www.tiktok.com/@creator412_tiktok,vendor_b,38110.0,vendor_b,3.946680661243768,vendor_b,0.08297811878374538,vendor_b,0.02255478353821486,vendor_b,micro,62.7,tiktok,48.7,tiktok · micro,4.9,tiktok
CR00412,youtube,@creator412_youtube,vendor_a,105901,vendor_a,0.8236371705649617,vendor_a,0.1724309722560503,vendor_a,0.08590068865530989,vendor_a,mid,30.2,youtube,89.4,youtube · mid,52.2,youtube
CR00416,instagram,https://www.instagram.com/creator416_instagram/,vendor_b,92750.0,vendor_b,0.48371967654986525,vendor_b,0.021700815157523683,vendor_b,0.050051777701070076,vendor_b,micro,40.5,instagram,13.4,instagram · micro,15.2,instagram
CR00416,tiktok,@creator416_tiktok,vendor_b,19450.0,vendor_b,2.442107969151671,vendor_b,0.24360613810741688,vendor_b,0.0794638583054093,vendor_b,micro,36.3,tiktok,97.8,tiktok · micro,24.9,tiktok
CR00416,youtube,@creator416_youtube,vendor_b,26360.0,vendor_b,1.4841426403641882,vendor_b,-0.0023375594294770207,vendor_a,0.1949064449064449,vendor_b,micro,59.3,youtube,9.4,youtube · micro,83.5,youtube
CR00417,instagram,@creator417_instagram,vendor_b,,,,,,,,"n/a (likes hidden, vendor_b)",,,,,,,
CR00417,tiktok,@creator417_tiktok,vendor_b,15330.0,vendor_b,3.438747553816047,vendor_b,0.062370062370062374,vendor_b,0.30620741862225587,vendor_b,micro,54.4,tiktok,36.0,tiktok · micro,90.1,tiktok
CR00417,youtube,,,,,,,,,,,,,,,,,
CR00419,instagram,@creator419_instagram,vendor_a,24740.0,vendor_b,0.1669765561843169,vendor_b,0.173067804646752,vendor_b,0.11650485436893204,vendor_b,micro,6.6,instagram,84.2,instagram · micro,43.4,instagram
CR00419,tiktok,@creator419_tiktok,vendor_c,122223,vendor_c,9.533197516015807,vendor_c,0.13854680950163017,vendor_c,,,mid,92.9,tiktok,79.6,tiktok · mid,,
CR00422,instagram,,,123600,vendor_c,,,0.1041629444345185,vendor_c,,,mid,,,62.1,instagram · mid,,
CR00422,tiktok,@creator422_tiktok,vendor_b,3010.0,vendor_b,2.693687707641196,vendor_b,,,0.031141868512110725,vendor_b,nano,41.8,tiktok,,,7.1,tiktok
CR00422,youtube,@creator422_youtube,vendor_a,3841,vendor_a,0.9658942983598021,vendor_a,0.14077814077814077,vendor_a,0.05045871559633028,vendor_a,nano,36.9,youtube,63.7,youtube · nano,32.6,youtube
CR00423,youtube,https://youtube.com/@creator423_youtube,vendor_b,38310.0,vendor_b,3.3379013312451056,vendor_b,0.15810157194679564,vendor_b,0.07677450507001449,vendor_b,micro,91.4,youtube,80.5,youtube · micro,47.5,youtube
CR00424,instagram,@creator424_instagram,vendor_b,,,,,,,,,,,,,,,
CR00424,tiktok,@creator424_tiktok,vendor_b,61358,vendor_a,3.3274063691776132,vendor_a,0.1065863511758765,vendor_a,0.3979935016815824,vendor_a,micro,52.8,tiktok,61.8,tiktok · micro,96.9,tiktok
CR00424,youtube,@creator424_youtube,vendor_b,11190.0,vendor_b,3.1380697050938338,vendor_b,0.16199376947040497,vendor_b,0.06456611570247933,vendor_b,micro,90.1,youtube,82.8,youtube · micro,41.4,youtube
CR00425,youtube,@creator425_youtube,vendor_a,15286,vendor_a,0.8889179641502029,vendor_a,0.12720300862768233,vendor_a,0.34040671971706454,vendor_a,micro,33.7,youtube,66.9,youtube · micro,97.7,youtube
CR00427,instagram,@creator427_instagram,vendor_b,31570.0,vendor_b,0.6089008552423186,vendor_b,0.01049536876047166,vendor_a,0.15519765739385066,vendor_b,micro,54.6,instagram,11.3,instagram · micro,60.1,instagram
CR00428,tiktok,@creator428_tiktok,vendor_c,7259,vendor_c,2.397437663590026,vendor_c,0.04221105527638191,vendor_c,,,nano,35.2,tiktok,7.5,tiktok · nano,,
CR00428,youtube,@creator428_youtube,vendor_a,180670,vendor_a,0.5895610782088891,vendor_a,0.16598902871894158,vendor_a,0.0018076644974692696,vendor_a,mid,18.0,youtube,87.0,youtube · mid,2.7,youtube
CR00430,instagram,@creator430_instagram,vendor_b,68520.0,vendor_b,0.25379451255108,vendor_b,-0.008393632416787264,vendor_b,0.05741216795201371,vendor_b,micro,13.2,instagram,8.6,instagram · micro,18.9,instagram
CR00430,tiktok,,,,,,,,,,,,,,,,,
CR00430,youtube,@creator430_youtube,vendor_a,163313,vendor_a,1.412575851279445,vendor_a,0.15569095335144928,vendor_a,,,mid,56.8,youtube,84.5,youtube · mid,,
CR00431,instagram,https://www.instagram.com/creator431_instagram/,vendor_b,15310.0,vendor_b,2.416394513389941,vendor_b,0.10701373825018076,vendor_b,0.09713701431492842,vendor_b,micro,97.5,instagram,55.7,instagram · micro,35.4,instagram
CR00431,tiktok,@creator431_tiktok,vendor_a,36080.0,vendor_b,2.6764966740576495,vendor_b,0.13352183474709395,vendor_b,0.11547344110854503,vendor_b,micro,41.3,tiktok,74.2,tiktok · micro,43.0,tiktok
CR00432,instagram,@creator432_instagram,vendor_b,10020.0,vendor_b,0.450499001996008,vendor_b,0.0728051391862955,vendor_b,0.036011080332409975,vendor_b,micro,35.2,instagram,39.5,instagram · micro,11.4,instagram
CR00432,tiktok,,,,,,,,,,,,,,,,,
CR00432,youtube,@creator432_youtube,vendor_a,3831,vendor_a,0.5220569042025581,vendor_a,-0.023202447730749618,vendor_a,0.13157894736842105,vendor_c,nano,14.5,youtube,5.0,youtube · nano,68.8,youtube
CR00435,instagram,@creator435_instagram,vendor_b,12828,vendor_a,0.7516370439663237,vendor_a,0.0647410358565737,vendor_a,0.11940298507462686,vendor_b,micro,65.6,instagram,36.1,instagram · micro,44.5,instagram
CR00437,instagram,@creator437_instagram,vendor_b,17470.0,vendor_b,1.3123068116771608,vendor_b,0.1756393001345895,vendor_b,0.1290909090909091,vendor_b,micro,86.0,instagram,85.9,instagram · micro,47.1,instagram
CR00437,tiktok,@creator437_tiktok,vendor_b,42960.0,vendor_b,4.014548417132216,vendor_b,0.12108559498956159,vendor_b,0.19703420936720012,vendor_b,micro,64.4,tiktok,68.7,tiktok · micro,68.7,tiktok
CR00437,youtube,@creator437_youtube,vendor_a,53290,vendor_a,2.1176768624507414,vendor_a,0.14223860762206886,vendor_a,0.18956886807686096,vendor_a,micro,78.3,youtube,72.7,youtube · micro,82.3,youtube
CR00438,instagram,@creator438_instagram,vendor_b,10520,vendor_b,0.36406844106463876,vendor_b,0.10853530031612224,vendor_b,,,micro,25.5,instagram,57.0,instagram · micro,,
CR00438,tiktok,@creator438_tiktok,vendor_b,8630.0,vendor_b,3.443568945538818,vendor_b,0.09517766497461928,vendor_b,0.0875,vendor_b,nano,54.6,tiktok,32.1,tiktok · nano,30.9,tiktok
CR00438,youtube,@creator438_youtube,vendor_a,89382,vendor_a,2.44731601441006,vendor_a,0.10693895748448859,vendor_a,0.17756057829362656,vendor_a,micro,83.8,youtube,55.8,youtube · micro,80.1,youtube
CR00439,tiktok,https://www.tiktok.com/@creator439_tiktok,vendor_b,1016260.0,vendor_b,9.13635486981678,vendor_b,0.11971000760238429,vendor_b,0.17473376140323402,vendor_b,macro,91.7,tiktok,66.7,tiktok · macro,62.7,tiktok
CR00439,youtube,@creator439_youtube,vendor_a,3267,vendor_a,1.3498622589531681,vendor_a,0.14822848879248013,vendor_c,0.054945054945054944,vendor_a,nano,54.1,youtube,68.8,youtube · nano,34.8,youtube
CR00441,youtube,@creator441_youtube,vendor_b,3300.0,vendor_b,1.8706060606060606,vendor_b,,,0.012903225806451613,vendor_b,nano,72.8,youtube,,,8.8,youtube
CR00442,instagram,@creator442_instagram,vendor_b,215630.0,vendor_b,0.616180494365348,vendor_b,0.09495759914690499,vendor_b,,,mid,56.1,instagram,56.4,instagram · mid,,
CR00442,tiktok,@creator442_tiktok,vendor_b,8460.0,vendor_b,4.125295508274232,vendor_b,0.13404825737265416,vendor_b,0.13181639858768143,vendor_b,nano,65.4,tiktok,62.3,tiktok · nano,49.9,tiktok
CR00442,youtube,@creator442_youtube,vendor_b,97370.0,vendor_b,0.7643935503748588,vendor_b,0.02524536762839496,vendor_c,0.03205541237113402,vendor_b,micro,25.9,youtube,19.8,youtube · micro,21.5,youtube
CR00443,instagram,@creator443_instagram,vendor_a,14100,vendor_a,0.8943262411347518,vendor_a,0.11049854296290462,vendor_a,,"n/a (likes hidden, vendor_a)",micro,74.7,instagram,59.8,instagram · micro,,
CR00443,tiktok,,,,,,,,,,,,,,,,,
CR00443,youtube,@creator443_youtube,vendor_a,,,,,,,0.001498603204078807,vendor_a,,,,,,2.5,youtube
CR00444,instagram,,,4270.0,vendor_b,,,,,0.0,vendor_b,nano,,,,,1.3,instagram
CR00444,youtube,@creator444_youtube,vendor_a,44382,vendor_a,3.855662205398585,vendor_a,0.002280887965493101,vendor_a,0.0,vendor_a,micro,93.8,youtube,10.4,youtube · micro,0.9,youtube
CR00445,instagram,,,,,,,,,,,,,,,,,
CR00446,instagram,@creator446_instagram,vendor_b,1670.0,vendor_b,0.4960725075528701,vendor_a,0.05481198215423837,vendor_a,0.037037037037037035,vendor_a,nano,41.6,instagram,23.9,instagram · nano,11.9,instagram
CR00446,tiktok,@creator446_tiktok,vendor_b,,,,,,,0.24219333632152995,vendor_b,,,,,,80.1,tiktok
CR00446,youtube,@creator446_youtube,vendor_b,28950.0,vendor_b,1.1050431778929188,vendor_b,0.17064294379296402,vendor_b,0.2586943258084198,vendor_b,micro,42.9,youtube,85.4,youtube · micro,93.4,youtube
CR00448,instagram,@creator448_instagram,vendor_b,8390.0,vendor_b,1.200715137067938,vendor_b,0.10686015831134564,vendor_b,0.2547892720306513,vendor_b,nano,83.7,instagram,60.6,instagram · nano,82.8,instagram
CR00448,youtube,@creator448_youtube,vendor_c,,,,,,,0.4207753613399973,vendor_c,,,,,,99.3,youtube
CR00449,instagram,,,,,,,,,,,,,,,,,
CR00449,tiktok,,,,,,,,,,,,,,,,,
CR00449,youtube,@creator449_youtube,vendor_b,121580.0,vendor_b,2.384849481822668,vendor_b,0.03799197472893366,vendor_b,0.16140419690135321,vendor_a,mid,82.7,youtube,24.8,youtube · mid,76.5,youtube
CR00451,tiktok,@creator451_tiktok,vendor_b,14060.0,vendor_b,1.4465149359886202,vendor_b,,,0.3395585738539898,vendor_b,micro,14.7,tiktok,,,93.8,tiktok
CR00452,instagram,https://www.instagram.com/creator452_instagram/,vendor_b,290640.0,vendor_b,0.14445017891549683,vendor_b,0.028595696489241224,vendor_b,,"n/a (likes hidden, vendor_b)",mid,4.7,instagram,20.7,instagram · mid,,
CR00452,youtube,https://youtube.com/@creator452_youtube,vendor_b,56810.0,vendor_b,0.5928181658158775,vendor_b,0.12651199682728534,vendor_b,0.0767951205988356,vendor_b,micro,18.3,youtube,65.9,youtube · micro,47.7,youtube
CR00457,instagram,@creator457_instagram,vendor_b,21740.0,vendor_b,0.5641214351425943,vendor_b,0.3223844282238443,vendor_b,,"n/a (likes hidden, vendor_b)",micro,50.1,instagram,100.0,instagram · micro,,
CR00457,tiktok,@creator457_tiktok,vendor_b,17505,vendor_a,5.681233933161954,vendor_a,-0.11746912024199647,vendor_a,0.07291082445316882,vendor_b,micro,77.8,tiktok,1.1,tiktok · micro,21.4,tiktok
CR00458,instagram,@creator458_instagram,vendor_b,50960.0,vendor_b,0.9638540031397175,vendor_b,0.07943232366024147,vendor_b,0.08897126969416126,vendor_b,micro,77.9,instagram,42.3,instagram · micro,31.5,instagram
CR00458,tiktok,@creator458_tiktok,vendor_b,200420.0,vendor_b,2.382985729967069,vendor_b,0.10272352132049518,vendor_b,0.19858219402496052,vendor_b,mid,34.6,tiktok,63.1,tiktok · mid,69.1,tiktok
CR00458,youtube,@creator458_youtube,vendor_b,56540.0,vendor_b,3.0027237354085603,vendor_b,,,0.16195077064642283,vendor_b,micro,89.4,youtube,,,76.9,youtube
CR00460,instagram,@creator460_instagram,vendor_c,112480.0,vendor_b,0.48055654338549075,vendor_b,0.08466730954676953,vendor_b,0.13880303456026974,vendor_b,mid,39.7,instagram,49.3,instagram · mid,52.7,instagram
CR00460,tiktok,@creator460_tiktok,vendor_b,205320.0,vendor_b,1.218648938242743,vendor_b,0.18592964824120603,vendor_b,0.18410166957388488,vendor_b,mid,10.2,tiktok,95.5,tiktok · mid,65.6,tiktok
CR00460,youtube,@creator460_youtube,vendor_a,98372,vendor_a,1.5723783190338714,vendor_a,0.2139595725251129,vendor_a,0.03313253012048193,vendor_a,micro,62.4,youtube,93.2,youtube · micro,22.0,youtube
CR00461,instagram,@creator461_instagram,vendor_b,,,,,,,0.19298245614035087,vendor_b,,,,,,71.1,instagram
CR00461,tiktok,@creator461_tiktok,vendor_b,24880.0,vendor_b,4.145337620578778,vendor_b,0.10186005314437556,vendor_b,0.03895700760515288,vendor_b,micro,65.8,tiktok,58.9,tiktok · micro,7.9,tiktok
CR00461,youtube,https://youtube.com/@creator461_youtube,vendor_b,17630.0,vendor_b,1.775496313102666,vendor_b,-0.0036923076923076922,vendor_a,0.08339029391660971,vendor_a,micro,70.9,youtube,9.1,youtube · micro,51.1,youtube
CR00463,instagram,https://www.instagram.com/creator463_instagram/,vendor_b,24850.0,vendor_b,0.5349698189134808,vendor_b,0.109375,vendor_b,0.19030192131747484,vendor_b,micro,46.3,instagram,58.4,instagram · micro,69.9,instagram
CR00463,tiktok,https://www.tiktok.com/@creator463_tiktok,vendor_b,14812,vendor_c,2.037334593572779,vendor_c,0.04449615682956068,vendor_c,0.14354066985645933,vendor_b,micro,28.7,tiktok,28.4,tiktok · micro,53.9,tiktok
CR00463,youtube,@creator463_youtube,vendor_a,94798,vendor_a,0.3346378615582607,vendor_a,0.16317991631799164,vendor_a,0.07602792862684252,vendor_a,micro,4.8,youtube,83.1,youtube · micro,47.1,youtube
CR00465,instagram,@creator465_instagram,vendor_b,166920.0,vendor_b,0.7553738317757009,vendor_b,0.030116020735620835,vendor_b,0.020001869333582577,vendor_b,mid,65.8,instagram,21.4,instagram · mid,5.6,instagram
CR00465,tiktok,@creator465_tiktok,vendor_b,61860.0,vendor_b,3.215906886517944,vendor_b,0.12431842966194111,vendor_b,0.30961807172799255,vendor_a,micro,50.9,tiktok,70.9,tiktok · micro,90.7,tiktok
CR00465,youtube,@creator465_youtube,vendor_a,9502,vendor_a,1.1454430646179752,vendor_a,0.0763479836882646,vendor_a,0.22237017310252996,vendor_a,nano,45.1,youtube,38.8,youtube · nano,89.1,youtube
CR00471,instagram,@creator471_instagram,vendor_b,487480.0,vendor_b,0.7245733158283417,vendor_b,0.14564859489110002,vendor_a,0.16737120955923795,vendor_b,mid,63.5,instagram,80.7,instagram · mid,65.0,instagram
CR00473,instagram,@creator473_instagram,vendor_b,34310.0,vendor_b,1.74887787816963,vendor_b,0.13346547737033365,vendor_b,,,micro,92.8,instagram,70.8,instagram · micro,,
CR00473,tiktok,@creator473_tiktok,vendor_b,135100.0,vendor_b,4.3651665433012585,vendor_b,0.14598354398167784,vendor_b,0.19063857165835613,vendor_b,mid,68.8,tiktok,85.4,tiktok · mid,66.7,tiktok
CR00473,youtube,https://youtube.com/@creator473_youtube,vendor_b,43590.0,vendor_b,0.8692590043587979,vendor_b,0.040772226443768995,vendor_a,0.19931804091754496,vendor_b,micro,32.5,youtube,24.4,youtube · micro,84.9,youtube
CR00475,instagram,@creator475_instagram,vendor_b,34920.0,vendor_b,0.2979667812142039,vendor_b,0.11316544469238125,vendor_b,,"n/a (likes hidden, vendor_b)",micro,17.6,instagram,60.1,instagram · micro,,
CR00476,instagram,@creator476_instagram,vendor_b,1690.0,vendor_b,0.5159763313609468,vendor_b,,,0.14285714285714285,vendor_b,nano,43.1,instagram,,,54.9,instagram
CR00476,tiktok,@creator476_tiktok,vendor_b,7690.0,vendor_b,2.908582574772432,vendor_b,0.16869300911854104,vendor_b,0.2324255858138062,vendor_b,nano,44.8,tiktok,81.1,tiktok · nano,77.0,tiktok
CR00477,instagram,@creator477_instagram,vendor_c,139044,vendor_c,0.4519648456603665,vendor_c,0.27928309212523805,vendor_c,,,mid,35.7,instagram,99.3,instagram · mid,,
CR00477,tiktok,@creator477_tiktok,vendor_b,133940.0,vendor_b,5.004180976556667,vendor_b,0.026281510995326027,vendor_b,,,mid,72.5,tiktok,22.9,tiktok · mid,,
CR00477,youtube,@creator477_youtube,vendor_c,3911,vendor_c,,,0.07652078172309386,vendor_c,0.08620689655172414,vendor_c,nano,,,40.0,youtube · nano,52.3,youtube
CR00480,youtube,@creator480_youtube,vendor_a,695720,vendor_a,2.4568303340424307,vendor_a,0.14235047822338984,vendor_a,0.04651490095352028,vendor_a,mid,84.1,youtube,78.3,youtube · mid,30.1,youtube
CR00481,instagram,@creator481_instagram,vendor_b,1207050.0,vendor_b,1.3618922165610372,vendor_b,0.03749258657590057,vendor_b,0.02218724927482565,vendor_b,macro,86.8,instagram,5.9,instagram · macro,6.5,instagram
CR00483,tiktok,@creator483_tiktok,vendor_b,273950.0,vendor_b,3.475269209709801,vendor_b,0.14863731656184487,vendor_b,,,mid,55.8,tiktok,87.9,tiktok · mid,,
CR00483,youtube,@creator483_youtube,vendor_a,72746,vendor_a,3.905300635086465,vendor_a,-0.03808214106259752,vendor_a,0.12802381838481577,vendor_a,micro,94.0,youtube,3.9,youtube · micro,67.7,youtube
CR00485,instagram,@creator485_instagram,vendor_b,,,,,,,0.2144663631765301,vendor_b,,,,,,75.5,instagram
CR00485,tiktok,@creator485_tiktok,vendor_b,253760.0,vendor_b,2.240526481715006,vendor_b,0.1447647403798439,vendor_b,0.04090852051700339,vendor_b,mid,31.6,tiktok,84.1,tiktok · mid,8.6,tiktok
CR00485,youtube,@creator485_youtube,vendor_a,812604,vendor_a,2.5762708527154676,vendor_a,-0.1514886987538661,vendor_a,0.11520424882761737,vendor_a,mid,85.2,youtube,0.6,youtube · mid,64.3,youtube
CR00487,instagram,,,,,,,,,,,,,,,,,
CR00488,instagram,@creator488_instagram,vendor_b,72280.0,vendor_b,0.8548284449363586,vendor_b,0.20889780899816024,vendor_b,0.03690807799442897,vendor_b,micro,71.8,instagram,92.4,instagram · micro,11.7,instagram
CR00488,tiktok,@creator488_tiktok,vendor_b,6800.0,vendor_b,7.595147058823529,vendor_b,,,,,nano,88.6,tiktok,,,,
CR00488,youtube,@creator488_youtube,vendor_a,67780.0,vendor_b,1.5250221304219533,vendor_b,0.09587712206952304,vendor_b,0.018974616737873838,vendor_a,micro,61.2,youtube,50.3,youtube · micro,12.4,youtube
CR00489,instagram,@creator489_instagram,vendor_b,164740.0,vendor_b,2.4872283598397473,vendor_b,0.08854235496233646,vendor_b,0.311611030478955,vendor_b,mid,97.7,instagram,55.0,instagram · mid,91.8,instagram
CR00489,tiktok,@creator489_tiktok,vendor_b,23650.0,vendor_b,5.929260042283298,vendor_b,0.10514018691588785,vendor_b,,,micro,79.8,tiktok,61.5,tiktok · micro,,
CR00489,youtube,@creator489_youtube,vendor_a,94677,vendor_a,1.602321577574279,vendor_a,0.01353130720563519,vendor_a,0.22956557545810172,vendor_a,micro,63.1,youtube,14.3,youtube · micro,90.3,youtube
CR00491,instagram,,,2280.0,vendor_b,,,,,,"n/a (likes hidden, vendor_b)",nano,,,,,,
CR00491,tiktok,@creator491_tiktok,vendor_b,63210.0,vendor_b,4.864198702736909,vendor_b,0.1048767697954903,vendor_b,0.22104345849278217,vendor_a,micro,71.7,tiktok,61.1,tiktok · micro,74.4,tiktok
CR00491,youtube,@creator491_youtube,vendor_a,14424,vendor_a,1.2038269550748752,vendor_a,0.1616332447451075,vendor_a,0.01597051597051597,vendor_a,micro,48.0,youtube,82.1,youtube · micro,10.2,youtube
CR00494,instagram,@creator494_instagram,vendor_b,148540.0,vendor_b,0.46947623535747945,vendor_b,0.10340216906848908,vendor_b,,,mid,38.0,instagram,61.4,instagram · mid,,
CR00494,tiktok,@creator494_tiktok,vendor_a,25475,vendor_a,5.834975466143278,vendor_a,0.06362991106843138,vendor_a,0.3007763323541754,vendor_a,micro,78.8,tiktok,37.1,tiktok · micro,88.7,tiktok
CR00494,youtube,@creator494_youtube,vendor_b,7700.0,vendor_b,1.288181818181818,vendor_b,0.1937984496124031,vendor_b,0.06537530266343826,vendor_b,nano,51.9,youtube,86.2,youtube · nano,42.1,youtube
CR00495,instagram,@creator495_instagram,vendor_b,4160.0,vendor_b,0.34326923076923077,vendor_b,0.1366120218579235,vendor_b,0.05357142857142857,vendor_b,nano,23.3,instagram,76.1,instagram · nano,17.0,instagram
CR00495,tiktok,@creator495_tiktok,vendor_b,320870.0,vendor_b,2.714410820581544,vendor_b,0.14502373050708348,vendor_b,,,mid,42.4,tiktok,84.7,tiktok · mid,,
CR00495,youtube,,,,,,,,,,,,,,,,,
CR00497,instagram,https://www.instagram.com/creator497_instagram/,vendor_b,19100.0,vendor_b,1.6800523560209424,vendor_b,0.10023041474654378,vendor_b,0.09466128308658592,vendor_b,micro,91.7,instagram,52.6,instagram · micro,34.0,instagram
CR00501,instagram,,,,,,,,,,,,,,,,,
CR00501,tiktok,@creator501_tiktok,vendor_b,124880.0,vendor_b,2.815639013452915,vendor_b,0.06789806738498375,vendor_b,0.12753710996667678,vendor_b,mid,43.8,tiktok,43.9,tiktok · mid,48.3,tiktok
CR00501,youtube,@creator501_youtube,vendor_b,11000.0,vendor_b,0.6278181818181818,vendor_b,0.08374384236453201,vendor_b,0.1056701030927835,vendor_b,micro,19.2,youtube,42.2,youtube · micro,60.9,youtube
CR00502,tiktok,,,10090.0,vendor_b,3.2789890981169476,vendor_b,0.14789533560864618,vendor_b,,,micro,51.7,tiktok,80.7,tiktok · micro,,
CR00502,youtube,@creator502_youtube,vendor_a,71299,vendor_a,0.259218221854444,vendor_a,0.10303377218088151,vendor_a,0.12777777777777777,vendor_a,micro,2.1,youtube,54.2,youtube · micro,67.6,youtube
CR00504,instagram,,,16550.0,vendor_b,0.45262839879154076,vendor_b,0.08667104399212082,vendor_b,,"n/a (likes hidden, vendor_b)",micro,35.9,instagram,46.4,instagram · micro,,
CR00504,tiktok,@creator504_tiktok,vendor_b,223020.0,vendor_b,3.6045870325531344,vendor_b,0.11929736511919699,vendor_b,0.18163008276358403,vendor_b,mid,58.3,tiktok,71.3,tiktok · mid,64.5,tiktok
CR00504,youtube,@creator504_youtube,vendor_a,23393,vendor_a,1.1316633180866071,vendor_a,0.02143917561784997,vendor_a,0.0432937181663837,vendor_a,micro,44.1,youtube,17.2,youtube · micro,28.1,youtube
CR00505,instagram,,,,,,,,,,,,,,,,,
CR00505,tiktok,https://www.tiktok.com/@creator505_tiktok,vendor_b,5810.0,vendor_b,2.774182444061962,vendor_b,0.09742228961334344,vendor_c,0.016246953696181964,vendor_b,nano,43.2,tiktok,37.7,tiktok · nano,2.2,tiktok
CR00505,youtube,@creator505_youtube,vendor_a,9604,vendor_a,0.3665139525197834,vendor_a,0.10721697025593728,vendor_a,0.17100371747211895,vendor_a,nano,5.8,youtube,47.5,youtube · nano,79.0,youtube
CR00508,instagram,,,84000.0,vendor_b,0.3345119047619048,vendor_b,0.06181266590822905,vendor_b,,"n/a (likes hidden, vendor_b)",micro,22.3,instagram,33.3,instagram · micro,,
CR00508,tiktok,@creator508_tiktok,vendor_b,11970.0,vendor_b,4.004010025062657,vendor_b,0.0793507664562669,vendor_b,,,micro,64.0,tiktok,47.3,tiktok · micro,,
CR00508,youtube,@creator508_youtube,vendor_b,30890.0,vendor_b,1.419391388798964,vendor_b,0.07256944444444445,vendor_b,0.04233226837060703,vendor_b,micro,57.1,youtube,37.3,youtube · micro,27.4,youtube
CR00509,instagram,@creator509_instagram,vendor_b,273400.0,vendor_b,0.6602487198244331,vendor_b,0.047670141017780505,vendor_b,0.13365883429966433,vendor_b,mid,59.0,instagram,27.9,instagram · mid,49.9,instagram
CR00509,tiktok,@creator509_tiktok,vendor_b,7380.0,vendor_b,,,0.09821428571428571,vendor_b,0.30857142857142855,vendor_b,nano,,,39.6,tiktok · nano,90.5,tiktok
CR00509,youtube,@creator509_youtube,vendor_a,48268,vendor_a,2.442322035302892,vendor_a,0.14238379248319608,vendor_a,0.09239704329461457,vendor_a,micro,83.6,youtube,73.1,youtube · micro,54.8,youtube
CR00510,instagram,@creator510_instagram,vendor_b,20980.0,vendor_b,0.30224022878932316,vendor_b,0.2113163972286374,vendor_b,,,micro,18.1,instagram,93.1,instagram · micro,,
CR00510,tiktok,@creator510_tiktok,vendor_b,10980.0,vendor_b,0.7655737704918033,vendor_b,,,0.07515657620041753,vendor_b,micro,3.7,tiktok,,,22.3,tiktok
CR00510,youtube,@creator510_youtube,vendor_a,115475,vendor_a,1.1909937215847586,vendor_a,0.2220481940461198,vendor_a,0.14987117091325508,vendor_a,mid,46.9,youtube,97.5,youtube · mid,73.5,youtube
CR00511,instagram,@creator511_instagram,vendor_a,21060,vendor_a,0.6092592592592593,vendor_a,0.15233092580433355,vendor_a,0.020075282308657464,vendor_a,micro,54.8,instagram,76.6,instagram · micro,5.8,instagram
CR00511,tiktok,@creator511_tiktok,vendor_b,56480.0,vendor_b,1.3331444759206799,vendor_b,0.02467343976777939,vendor_b,0.12406947890818859,vendor_b,micro,11.8,tiktok,20.0,tiktok · micro,46.8,tiktok
CR00511,youtube,@creator511_youtube,vendor_b,8390.0,vendor_b,3.070798569725864,vendor_b,0.1307277628032345,vendor_b,0.06618407445708377,vendor_b,nano,89.6,youtube,58.8,youtube · nano,42.7,youtube
CR00515,youtube,@creator515_youtube,vendor_a,64629,vendor_a,0.9767596589766204,vendor_a,0.06208607911127179,vendor_a,0.3553870292887029,vendor_a,micro,37.9,youtube,33.4,youtube · micro,98.4,youtube
CR00517,instagram,https://www.instagram.com/creator517_instagram/,vendor_b,3060.0,vendor_b,0.2954248366013072,vendor_b,,,0.06666666666666667,vendor_b,nano,16.8,instagram,,,22.6,instagram
CR00517,tiktok,,,106269,vendor_c,6.381889356256293,vendor_c,0.022121978666717963,vendor_c,,,mid,82.3,tiktok,21.7,tiktok · mid,,
CR00518,youtube,@creator518_youtube,vendor_a,656872,vendor_a,1.665132628579084,vendor_a,-0.03956814546432843,vendor_a,0.07497062279670975,vendor_a,mid,66.8,youtube,7.5,youtube · mid,46.6,youtube
CR00519,instagram,@creator519_instagram,vendor_b,75760.0,vendor_b,1.4826821541710666,vendor_b,0.10954891622729936,vendor_b,0.050396563119629874,vendor_b,micro,89.0,instagram,59.1,instagram · micro,15.4,instagram
CR00519,tiktok,@creator519_tiktok,vendor_b,47590.0,vendor_b,2.3192057154864467,vendor_b,0.08306781975421029,vendor_b,0.02082176568573015,vendor_b,micro,33.2,tiktok,49.5,tiktok · micro,3.8,tiktok
CR00519,youtube,@creator519_youtube,vendor_c,57124,vendor_c,0.667250192563546,vendor_c,0.05568183918242132,vendor_c,,,micro,20.6,youtube,31.2,youtube · micro,,
CR00520,youtube,@creator520_youtube,vendor_a,13378,vendor_a,0.5685453730004485,vendor_a,-0.03658360939075328,vendor_a,0.0613107822410148,vendor_a,micro,16.4,youtube,4.2,youtube · micro,39.4,youtube
CR00522,instagram,https://www.instagram.com/creator522_instagram/,vendor_b,42310.0,vendor_b,0.5917986291656818,vendor_b,0.23388743073782445,vendor_b,0.19429590017825313,vendor_b,micro,52.9,instagram,96.9,instagram · micro,71.6,instagram
CR00522,tiktok,@creator522_tiktok,vendor_b,844210.0,vendor_b,15.987803982421436,vendor_b,0.05074429951209798,vendor_b,0.0563931705003557,vendor_b,mid,98.6,tiktok,35.7,tiktok · mid,13.7,tiktok
CR00522,youtube,@creator522_youtube,vendor_a,313608,vendor_a,1.1343970817070994,vendor_a,0.06995469184999181,vendor_a,0.061914191419141916,vendor_a,mid,44.6,youtube,41.6,youtube · mid,40.0,youtube
CR00523,instagram,@creator523_instagram,vendor_a,240672,vendor_a,0.3240302153968887,vendor_a,0.13817662470324515,vendor_a,0.0076902678334659245,vendor_a,mid,20.2,instagram,77.9,instagram · mid,2.6,instagram
CR00523,tiktok,@creator523_tiktok,vendor_a,144788,vendor_a,3.588695195734453,vendor_a,0.055121553081093684,vendor_a,0.07856164935169525,vendor_a,mid,58.0,tiktok,39.5,tiktok · mid,24.7,tiktok
CR00523,youtube,@creator523_youtube,vendor_b,33630.0,vendor_b,1.5220041629497472,vendor_b,-0.079890560875513,vendor_b,0.15489874110563764,vendor_b,micro,60.8,youtube,0.6,youtube · micro,74.7,youtube
CR00525,instagram,,,,,,,,,,,,,,,,,
CR00525,tiktok,@creator525_tiktok,vendor_c,21501,vendor_c,2.385237895911818,vendor_c,0.06356351404827859,vendor_c,,,micro,34.8,tiktok,36.7,tiktok · micro,,
CR00525,youtube,@creator525_youtube,vendor_a,9194,vendor_a,2.576789210354579,vendor_a,0.11159472856970136,vendor_a,0.07753164556962025,vendor_a,nano,85.4,youtube,50.0,youtube · nano,48.2,youtube
CR00526,instagram,@creator526_instagram,vendor_b,51300.0,vendor_b,0.6203118908382066,vendor_b,-0.029511918274687854,vendor_b,0.3375,vendor_b,micro,56.7,instagram,3.4,instagram · micro,94.6,instagram
CR00526,tiktok,https://www.tiktok.com/@creator526_tiktok,vendor_b,29100.0,vendor_b,,,-0.18235459398707501,vendor_b,0.07730344486566672,vendor_b,micro,,,0.4,tiktok · micro,24.3,tiktok
CR00526,youtube,@creator526_youtube,vendor_b,18800.0,vendor_b,0.22888297872340427,vendor_b,0.0273224043715847,vendor_b,0.26785714285714285,vendor_b,micro,1.2,youtube,20.5,youtube · micro,93.7,youtube
CR00527,instagram,https://www.instagram.com/creator527_instagram/,vendor_b,67150.0,vendor_b,0.308518242740134,vendor_b,0.05217800062676277,vendor_b,0.12016574585635359,vendor_b,micro,19.1,instagram,28.9,instagram · micro,44.8,instagram
CR00527,tiktok,@creator527_tiktok,vendor_b,171000.0,vendor_b,5.263438596491228,vendor_b,0.031425297062549006,vendor_b,0.24230057837409355,vendor_b,mid,74.3,tiktok,25.5,tiktok · mid,80.4,tiktok
CR00527,youtube,@creator527_youtube,vendor_a,121293,vendor_a,0.41146644901189683,vendor_a,0.17210556323260826,vendor_a,,,mid,8.6,youtube,88.8,youtube · mid,,
CR00528,instagram,@creator528_instagram,vendor_b,36420.0,vendor_b,1.1151839648544755,vendor_b,0.10901339829476249,vendor_b,,,micro,81.9,instagram,57.7,instagram · micro,,
CR00529,instagram,@creator529_instagram,vendor_a,128678,vendor_a,0.48405321811032187,vendor_a,0.0884069494019928,vendor_a,0.18686131386861313,vendor_a,mid,40.6,instagram,54.3,instagram · mid,69.5,instagram
CR00529,tiktok,@creator529_tiktok,vendor_b,87890.0,vendor_b,1.7062805779952213,vendor_b,0.30730328722296596,vendor_b,0.10495729506031522,vendor_b,micro,21.2,tiktok,99.3,tiktok · micro,39.7,tiktok
CR00529,youtube,@creator529_youtube,vendor_b,6250.0,vendor_b,1.3968,vendor_b,0.11806797853309481,vendor_b,0.12666666666666668,vendor_b,nano,55.9,youtube,53.8,youtube · nano,67.2,youtube
CR00530,instagram,@creator530_instagram,vendor_b,17340.0,vendor_b,0.5428489042675894,vendor_b,-0.020865577529378045,vendor_a,,"n/a (likes hidden, vendor_b)",micro,47.8,instagram,5.8,instagram · micro,,
CR00530,tiktok,@creator530_tiktok,vendor_b,18970.0,vendor_b,3.1499209277807063,vendor_b,0.14484007242003621,vendor_b,0.061790095411176735,vendor_b,micro,49.1,tiktok,78.5,tiktok · micro,16.6,tiktok
CR00530,youtube,@creator530_youtube,vendor_a,22587,vendor_a,1.6206667552131757,vendor_a,0.16596118108610367,vendor_a,0.00469208211143695,vendor_a,micro,64.2,youtube,84.4,youtube · micro,3.9,youtube
CR00533,instagram,@creator533_instagram,vendor_b,215000.0,vendor_b,0.589260465116279,vendor_b,0.08547483213005504,vendor_b,,"n/a (likes hidden, vendor_b)",mid,52.7,instagram,52.1,instagram · mid,,
CR00533,tiktok,@creator533_tiktok,vendor_b,141060.0,vendor_b,1.8256486601446194,vendor_b,0.07589047364808177,vendor_b,0.20029060874885285,vendor_b,mid,24.2,tiktok,49.0,tiktok · mid,69.8,tiktok
CR00535,instagram,@creator535_instagram,vendor_b,155750.0,vendor_b,0.4634927768860353,vendor_b,0.05378890392422192,vendor_b,0.1222753060615109,vendor_b,mid,37.2,instagram,30.7,instagram · mid,45.9,instagram
CR00535,tiktok,@creator535_tiktok,vendor_b,202500.0,vendor_b,5.150335802469136,vendor_b,0.09940821977306043,vendor_b,0.3689624767316547,vendor_b,mid,73.3,tiktok,61.1,tiktok · mid,95.4,tiktok
CR00535,youtube,@creator535_youtube,vendor_b,771030.0,vendor_b,1.68419516750321,vendor_b,0.17723490342774256,vendor_b,0.017372082615712173,vendor_b,mid,67.9,youtube,90.7,youtube · mid,10.9,youtube
CR00538,tiktok,,,,,,,,,,,,,,,,,
CR00538,youtube,@creator538_youtube,vendor_a,46767,vendor_a,,,0.010173665111456714,vendor_a,0.39951865222623345,vendor_a,micro,,,13.3,youtube · micro,99.1,youtube
CR00539,instagram,@creator539_instagram,vendor_a,32866,vendor_a,0.5059027566482078,vendor_a,0.07952044670717688,vendor_a,0.11473788328387735,vendor_a,micro,42.0,instagram,42.6,instagram · micro,41.7,instagram
CR00539,tiktok,@creator539_tiktok,vendor_b,137690.0,vendor_b,0.8460817779068923,vendor_b,0.024402946209359424,vendor_b,0.01875957120980092,vendor_b,mid,4.9,tiktok,22.3,tiktok · mid,2.9,tiktok
CR00540,instagram,,,,,,,,,,,,,,,,,
CR00540,tiktok,@creator540_tiktok,vendor_b,55410.0,vendor_b,0.9143475906876015,vendor_b,0.13058559477657622,vendor_b,0.0736503396496246,vendor_b,micro,5.7,tiktok,72.4,tiktok · micro,21.6,tiktok
CR00540,youtube,@creator540_youtube,vendor_a,62329,vendor_a,0.691540053586613,vendor_a,-0.0016817759554089119,vendor_a,0.061783617556611686,vendor_a,micro,21.9,youtube,9.7,youtube · micro,39.8,youtube
CR00541,instagram,@creator541_instagram,vendor_c,23897,vendor_c,0.36054734903962843,vendor_c,0.09163583207710932,vendor_c,,,micro,25.0,instagram,47.8,instagram · micro,,
CR00541,tiktok,@creator541_tiktok,vendor_b,20880.0,vendor_b,9.760680076628352,vendor_b,0.21962616822429906,vendor_b,0.26290113575729857,vendor_b,micro,93.5,tiktok,96.4,tiktok · micro,83.2,tiktok
CR00542,instagram,,,,,,,,,,,,,,,,,
CR00542,tiktok,,,,,,,,,,,,,,,,,
CR00542,youtube,,,,,,,,,,,,,,,,,
CR00544,instagram,@creator544_instagram,vendor_b,149030.0,vendor_b,0.2479098168154063,vendor_b,0.17309508816120905,vendor_b,0.045627376425855515,vendor_b,mid,12.5,instagram,85.7,instagram · mid,14.5,instagram
CR00546,instagram,@creator546_instagram,vendor_b,85530.0,vendor_b,2.0445457734128376,vendor_b,0.09033813360400939,vendor_a,0.07985090298194036,vendor_b,micro,95.5,instagram,47.4,instagram · micro,25.9,instagram
CR00546,tiktok,@creator546_tiktok,vendor_b,131140.0,vendor_b,1.4250266890346195,vendor_b,0.09447504590218661,vendor_b,0.029726971166113805,vendor_b,mid,13.9,tiktok,58.6,tiktok · mid,6.6,tiktok
CR00546,youtube,@creator546_youtube,vendor_a,60094,vendor_a,1.2819749059806302,vendor_a,0.13073420389116772,vendor_a,0.014917695473251029,vendor_a,micro,51.3,youtube,68.5,youtube · micro,9.9,youtube
CR00550,instagram,@creator550_instagram,vendor_c,42836,vendor_c,0.7478989634886544,vendor_c,-0.023591894417724694,vendor_c,,,micro,65.2,instagram,5.2,instagram · micro,,
CR00550,tiktok,@creator550_tiktok,vendor_a,142240.0,vendor_b,3.5184758155230598,vendor_b,0.07407687079966775,vendor_b,0.17938876361368325,vendor_b,mid,56.6,tiktok,48.4,tiktok · mid,64.2,tiktok
CR00550,youtube,@creator550_youtube,vendor_b,170620.0,vendor_b,1.7126772945727347,vendor_b,0.13105734173019556,vendor_b,0.010766075875201406,vendor_b,mid,69.1,youtube,74.5,youtube · mid,7.3,youtube
CR00551,instagram,@creator551_instagram,vendor_b,33280.0,vendor_b,0.05625,vendor_b,0.2132701421800948,vendor_b,0.11764705882352941,vendor_b,micro,0.2,instagram,93.8,instagram · micro,43.8,instagram
CR00551,tiktok,@creator551_tiktok,vendor_b,56020.0,vendor_b,5.842770439128882,vendor_b,0.10667720268668511,vendor_b,0.04980553781854066,vendor_b,micro,79.0,tiktok,62.2,tiktok · micro,12.1,tiktok
CR00551,youtube,@creator551_youtube,vendor_a,497219,vendor_a,2.3363708949175312,vendor_a,-0.053957737957068215,vendor_a,0.10504560516516927,vendor_a,mid,81.7,youtube,5.0,youtube · mid,60.8,youtube
CR00552,instagram,@creator552_instagram,vendor_a,275285,vendor_a,0.6298599633107507,vendor_a,-0.01521086654002869,vendor_a,0.10883181960538678,vendor_a,mid,57.1,instagram,10.0,instagram · mid,39.4,instagram
CR00552,tiktok,@creator552_tiktok,vendor_a,19676,vendor_a,8.784254929863794,vendor_a,-0.011603958406590646,vendor_a,0.1508826001681143,vendor_a,micro,91.2,tiktok,11.6,tiktok · micro,55.8,tiktok
CR00552,youtube,@creator552_youtube,vendor_a,752,vendor_a,0.875,vendor_a,0.15160796324655437,vendor_a,0.02,vendor_a,nano,33.0,youtube,71.2,youtube · nano,13.4,youtube
CR00553,instagram,@creator553_instagram,vendor_a,1380272,vendor_a,0.31574863505164197,vendor_a,0.11060044286523509,vendor_a,0.4732830530607894,vendor_a,macro,19.5,instagram,70.6,instagram · macro,100.0,instagram
CR00553,tiktok,@creator553_tiktok,vendor_a,88771,vendor_a,6.02658525869935,vendor_a,0.05071846223042871,vendor_a,0.22932096629057935,vendor_a,micro,80.2,tiktok,30.9,tiktok · micro,76.4,tiktok
CR00553,youtube,@creator553_youtube,vendor_b,27800.0,vendor_b,1.4388489208633093,vendor_b,-0.0176678445229682,vendor_b,0.046610169491525424,vendor_b,micro,58.0,youtube,6.5,youtube · micro,30.3,youtube
CR00555,tiktok,https://www.tiktok.com/@creator555_tiktok,vendor_b,36980.0,vendor_b,0.9518658734451054,vendor_b,0.033827229521945765,vendor_b,,,micro,6.7,tiktok,22.5,tiktok · micro,,
CR00555,youtube,@creator555_youtube,vendor_a,37113,vendor_a,1.090453479912699,vendor_a,0.15963629546306712,vendor_a,0.0969030969030969,vendor_c,micro,41.8,youtube,80.8,youtube · micro,57.3,youtube
CR00557,instagram,https://www.instagram.com/creator557_instagram/,vendor_b,11950.0,vendor_b,0.28518828451882844,vendor_b,0.05286343612334802,vendor_b,,,micro,15.5,instagram,30.2,instagram · micro,,
CR00557,tiktok,https://www.tiktok.com/@creator557_tiktok,vendor_b,79300.0,vendor_b,3.165170239596469,vendor_b,0.1443001443001443,vendor_b,0.10196218976794194,vendor_b,micro,49.9,tiktok,77.8,tiktok · micro,38.0,tiktok
CR00557,youtube,@creator557_youtube,vendor_b,992400.0,vendor_b,2.442026400644901,vendor_b,0.03589732883790357,vendor_b,0.22131644901728004,vendor_b,mid,83.4,youtube,23.0,youtube · mid,88.9,youtube
CR00559,instagram,@creator559_instagram,vendor_a,7313,vendor_a,1.3139614385341174,vendor_a,0.022082459818308874,vendor_a,0.11272141706924316,vendor_a,nano,86.2,instagram,9.9,instagram · nano,40.8,instagram
CR00559,tiktok,https://www.tiktok.com/@creator559_tiktok,vendor_b,12200.0,vendor_b,1.834344262295082,vendor_b,0.1509433962264151,vendor_b,0.06950672645739911,vendor_b,micro,24.6,tiktok,81.5,tiktok · micro,20.1,tiktok
CR00566,instagram,@creator566_instagram,vendor_a,10271,vendor_a,0.30240482913056177,vendor_a,0.24210908211391946,vendor_a,0.14691943127962084,vendor_a,micro,18.3,instagram,97.9,instagram · micro,56.4,instagram
CR00566,tiktok,https://www.tiktok.com/@creator566_tiktok,vendor_b,828970.0,vendor_b,5.885537474214989,vendor_b,0.061992364651925494,vendor_b,0.22409667110112086,vendor_b,mid,79.2,tiktok,42.0,tiktok · mid,75.3,tiktok
CR00566,youtube,@creator566_youtube,vendor_b,26220.0,vendor_b,2.230549199084668,vendor_b,0.12003417343015806,vendor_b,0.027050610820244327,vendor_b,micro,80.2,youtube,63.0,youtube · micro,17.7,youtube
CR00568,youtube,@creator568_youtube,vendor_a,47604,vendor_a,0.9114570204184522,vendor_a,0.1929033228086002,vendor_a,0.010804970286331712,vendor_a,micro,34.6,youtube,90.3,youtube · micro,7.5,youtube
CR00569,instagram,@creator569_instagram,vendor_b,63840.0,vendor_b,0.5775375939849624,vendor_b,0.027192276749798874,vendor_b,0.03480278422273782,vendor_b,micro,51.8,instagram,16.5,instagram · micro,11.0,instagram
CR00569,tiktok,https://www.tiktok.com/@creator569_tiktok,vendor_b,22390.0,vendor_b,1.6071460473425636,vendor_b,0.06568300809138505,vendor_b,0.11237230419977298,vendor_b,micro,18.9,tiktok,38.9,tiktok · micro,41.9,tiktok
CR00569,youtube,@creator569_youtube,vendor_b,75210.0,vendor_b,2.3686477861986437,vendor_b,0.07243690289462427,vendor_b,0.1352750362343847,vendor_b,micro,82.2,youtube,37.0,youtube · micro,69.7,youtube
CR00570,instagram,@creator570_instagram,vendor_a,52005,vendor_a,0.6308624170752812,vendor_a,0.10266522485846956,vendor_a,0.05541666666666667,vendor_a,micro,57.3,instagram,54.3,instagram · micro,17.9,instagram
CR00570,tiktok,@creator570_tiktok,vendor_b,9010.0,vendor_b,11.700554938956715,vendor_b,0.14631043256997456,vendor_b,0.06356349317958093,vendor_b,nano,96.9,tiktok,66.0,tiktok · nano,17.2,tiktok
CR00570,youtube,@creator570_youtube,vendor_a,9466,vendor_a,0.809106275089795,vendor_a,0.2207892700541656,vendor_a,0.041176470588235294,vendor_a,nano,29.3,youtube,92.5,youtube · nano,26.3,youtube
CR00571,tiktok,,,,,,,,,,,,,,,,,
CR00571,youtube,@creator571_youtube,vendor_b,203530.0,vendor_b,0.6611310371935342,vendor_b,0.10332303355559169,vendor_b,0.23604083444296495,vendor_b,mid,20.5,youtube,60.2,youtube · mid,91.0,youtube
CR00573,tiktok,https://www.tiktok.com/@creator573_tiktok,vendor_b,95130.0,vendor_b,0.5887101860611794,vendor_b,0.00805340680300943,vendor_b,0.2226855713094245,vendor_b,micro,2.2,tiktok,15.3,tiktok · micro,74.6,tiktok
CR00574,instagram,https://www.instagram.com/creator574_instagram/,vendor_b,7050.0,vendor_b,,,0.1444805194805195,vendor_b,0.032362459546925564,vendor_b,nano,,,80.3,instagram · nano,10.5,instagram
CR00574,tiktok,https://www.tiktok.com/@creator574_tiktok,vendor_b,106720.0,vendor_b,3.4733133433283356,vendor_b,0.14678701912744466,vendor_b,0.08047024514717944,vendor_b,mid,55.6,tiktok,86.6,tiktok · mid,25.8,tiktok
CR00574,youtube,@creator574_youtube,vendor_a,143323,vendor_a,1.236061204412411,vendor_a,0.12235021417552212,vendor_a,,,mid,49.4,youtube,70.8,youtube · mid,,
CR00576,instagram,@creator576_instagram,vendor_b,542100.0,vendor_b,2.3724312857406384,vendor_b,0.08456875337614789,vendor_b,0.11577772603553621,vendor_b,mid,97.2,instagram,48.6,instagram · mid,42.4,instagram
CR00576,tiktok,@creator576_tiktok,vendor_b,2308620.0,vendor_b,1.1412159645155981,vendor_b,0.14164346574753114,vendor_b,,,macro,8.6,tiktok,91.7,tiktok · macro,,
CR00576,youtube,@creator576_youtube,vendor_a,223568,vendor_a,2.8052180991912974,vendor_a,0.0630604928057212,vendor_a,0.03580533465241049,vendor_a,mid,88.0,youtube,39.1,youtube · mid,23.3,youtube
CR00577,instagram,@creator577_instagram,vendor_b,270360.0,vendor_b,,,0.17819322787292458,vendor_b,0.09264793783622235,vendor_b,mid,,,89.3,instagram · mid,33.3,instagram
CR00577,youtube,@creator577_youtube,vendor_a,7504,vendor_a,0.42857142857142855,vendor_a,0.13490623109497882,vendor_a,0.15719063545150502,vendor_a,nano,9.3,youtube,60.0,youtube · nano,75.4,youtube
CR00579,instagram,@creator579_instagram,vendor_b,9980.0,vendor_b,0.4701402805611222,vendor_b,0.16317016317016317,vendor_b,0.3181818181818182,vendor_b,nano,38.2,instagram,88.7,instagram · nano,92.1,instagram
CR00579,youtube,@creator579_youtube,vendor_a,8456,vendor_a,1.4711447492904446,vendor_a,0.01220971989466124,vendor_a,0.033816425120772944,vendor_a,nano,58.6,youtube,11.2,youtube · nano,22.2,youtube
CR00581,instagram,https://www.instagram.com/creator581_instagram/,vendor_b,71860.0,vendor_b,2.348510993598664,vendor_b,0.04889797109910962,vendor_b,0.3715173715173715,vendor_b,micro,97.0,instagram,26.5,instagram · micro,96.0,instagram
CR00581,tiktok,@creator581_tiktok,vendor_b,261820.0,vendor_b,1.4177220991520891,vendor_b,-0.006941020292053859,vendor_b,0.1300240192153723,vendor_b,mid,13.6,tiktok,10.2,tiktok · mid,49.0,tiktok
CR00581,youtube,@creator581_youtube,vendor_b,89220.0,vendor_b,6.8933983411791075,vendor_b,0.04607808652831516,vendor_b,0.12727475468331848,vendor_b,micro,99.3,youtube,26.3,youtube · micro,67.4,youtube
CR00582,tiktok,@creator582_tiktok,vendor_b,19368,vendor_a,6.229244114002478,vendor_a,0.24161805243925893,vendor_a,0.3059626073774634,vendor_b,micro,81.3,tiktok,97.5,tiktok · micro,89.8,tiktok
CR00584,instagram,,,,,,,,,,,,,,,,,
CR00584,tiktok,@creator584_tiktok,vendor_b,170433,vendor_a,1.4451133289914513,vendor_a,0.10075371529325144,vendor_a,0.11016393442622952,vendor_a,mid,14.5,tiktok,61.8,tiktok · mid,41.3,tiktok
CR00584,youtube,@creator584_youtube,vendor_b,21390.0,vendor_b,1.6769518466573166,vendor_b,0.08468559837728194,vendor_b,0.0275,vendor_b,micro,67.5,youtube,43.5,youtube · micro,18.6,youtube
CR00587,instagram,@creator587_instagram,vendor_b,3045,vendor_a,0.4495894909688013,vendor_a,0.29080118694362017,vendor_a,0.1568627450980392,vendor_a,nano,35.0,instagram,100.0,instagram · nano,61.1,instagram
CR00587,tiktok,,,,,,,,,,,,,,,,,
CR00587,youtube,@creator587_youtube,vendor_a,112866,vendor_a,0.7042421987135187,vendor_a,0.10487210360929194,vendor_a,0.026381909547738693,vendor_a,mid,22.2,youtube,60.9,youtube · mid,17.0,youtube
CR00588,instagram,@creator588_instagram,vendor_b,7490.0,vendor_b,4.9392523364485985,vendor_b,0.10147058823529412,vendor_b,0.10925306577480491,vendor_b,nano,99.6,instagram,53.5,instagram · nano,39.9,instagram
CR00588,tiktok,@creator588_tiktok,vendor_b,38510.0,vendor_b,8.681848870423266,vendor_b,0.1648517846339988,vendor_b,0.08110228498578013,vendor_b,micro,91.0,tiktok,84.0,tiktok · micro,26.5,tiktok
CR00588,youtube,@creator588_youtube,vendor_b,121080.0,vendor_b,0.8401222332342253,vendor_b,0.08252123379526151,vendor_b,0.19158263919333626,vendor_a,mid,30.9,youtube,48.4,youtube · mid,82.6,youtube
CR00589,tiktok,,,,,,,,,,,,,,,,,
CR00589,youtube,@creator589_youtube,vendor_b,103300.0,vendor_b,1.5630203291384317,vendor_b,0.1401766004415011,vendor_b,0.11460396039603961,vendor_a,mid,62.3,youtube,77.0,youtube · mid,63.8,youtube
CR00591,instagram,@creator591_instagram,vendor_b,76200.0,vendor_b,1.6266666666666667,vendor_b,0.008603573792190603,vendor_b,0.21472991098646507,vendor_b,micro,91.1,instagram,11.0,instagram · micro,75.8,instagram
CR00591,tiktok,,,,,,,,,,,,,,,,,
CR00593,instagram,,,,,,,,,,,,,,,,,
CR00593,tiktok,@creator593_tiktok,vendor_b,216800.0,vendor_b,7.669211254612546,vendor_b,0.01707637455432539,vendor_b,0.06817048162722385,vendor_b,mid,88.8,tiktok,20.4,tiktok · mid,18.8,tiktok
CR00593,youtube,@creator593_youtube,vendor_b,7730.0,vendor_b,5.903104786545925,vendor_b,0.28192371475953565,vendor_b,0.08038392321535692,vendor_b,nano,98.4,youtube,98.8,youtube · nano,49.1,youtube
CR00594,instagram,@creator594_instagram,vendor_b,143110.0,vendor_b,1.3837327929564671,vendor_b,0.005127124596151145,vendor_b,,,mid,87.3,instagram,14.3,instagram · mid,,
CR00595,instagram,@creator595_instagram,vendor_b,24450.0,vendor_b,0.5884253578732106,vendor_b,0.1372093023255814,vendor_b,,"n/a (likes hidden, vendor_b)",micro,52.6,instagram,72.5,instagram · micro,,
CR00598,tiktok,@creator598_tiktok,vendor_b,82670.0,vendor_b,1.3560904802225717,vendor_b,0.27380585516178735,vendor_b,0.09079975947083584,vendor_a,micro,12.6,tiktok,98.5,tiktok · micro,33.3,tiktok
CR00599,instagram,@creator599_instagram,vendor_c,57588,vendor_c,,,,,,,micro,,,,,,
CR00599,tiktok,,,,,,,,,,,,,,,,,
CR00599,youtube,@creator599_youtube,vendor_a,16998,vendor_a,1.9320508295093541,vendor_a,0.004966300106420717,vendor_a,0.13968957871396895,vendor_a,micro,74.6,youtube,11.4,youtube · micro,70.8,youtube
CR00601,instagram,,,,,,,,,,,,,,,,,
CR00601,tiktok,@creator601_tiktok,vendor_b,21990.0,vendor_b,2.433105957253297,vendor_b,0.08699950568462679,vendor_b,0.07414672420557081,vendor_b,micro,36.1,tiktok,53.1,tiktok · micro,21.9,tiktok
CR00601,youtube,@creator601_youtube,vendor_c,296660,vendor_c,,,0.040193269915181434,vendor_c,0.0736666534291728,vendor_c,mid,,,26.1,youtube · mid,45.9,youtube
CR00602,tiktok,,,2421,vendor_c,0.9760429574555969,vendor_c,0.16170825335892514,vendor_c,,,nano,6.9,tiktok,73.6,tiktok · nano,,
CR00604,instagram,https://www.instagram.com/creator604_instagram/,vendor_b,33790.0,vendor_b,0.6484758804379994,vendor_b,-0.014713549209291549,vendor_a,0.08137931034482758,vendor_b,micro,58.6,instagram,7.2,instagram · micro,26.8,instagram
CR00604,tiktok,@creator604_tiktok,vendor_b,28930.0,vendor_b,10.125198755617006,vendor_b,0.053148889697852204,vendor_b,0.10827456511518571,vendor_b,micro,94.5,tiktok,32.0,tiktok · micro,40.6,tiktok
CR00605,instagram,@creator605_instagram,vendor_b,39810.0,vendor_b,0.6152223059532781,vendor_b,0.1525767226404169,vendor_b,0.05204252937884723,vendor_b,micro,55.8,instagram,77.0,instagram · micro,16.1,instagram
CR00605,tiktok,,,,,,,,,,,,,,,,,
CR00605,youtube,@creator605_youtube,vendor_a,19355,vendor_a,0.8589511754068716,vendor_a,0.09393545469959871,vendor_a,0.038202247191011236,vendor_a,micro,31.9,youtube,49.0,youtube · micro,24.9,youtube
CR00610,instagram,@creator610_instagram,vendor_b,804080.0,vendor_b,0.3456621231718237,vendor_b,0.0613096102319074,vendor_b,0.14184625281440977,vendor_b,mid,24.0,instagram,33.6,instagram · mid,54.1,instagram
CR00610,tiktok,@creator610_tiktok,vendor_a,121984,vendor_a,0.8208371589716684,vendor_a,0.0461839295362739,vendor_a,0.10395622895622895,vendor_a,mid,4.5,tiktok,33.1,tiktok · mid,39.1,tiktok
CR00610,youtube,@creator610_youtube,vendor_a,31396,vendor_c,1.9212957064594216,vendor_c,0.14839606423058635,vendor_c,0.17891268533772653,vendor_a,micro,74.3,youtube,76.6,youtube · micro,80.3,youtube
CR00613,instagram,@creator613_instagram,vendor_b,17390.0,vendor_b,0.48487636572742954,vendor_b,0.060365853658536583,vendor_b,0.04492753623188406,vendor_b,micro,40.8,instagram,32.6,instagram · micro,14.2,instagram
CR00613,tiktok,@creator613_tiktok,vendor_b,3260,vendor_c,3.930368098159509,vendor_c,,,0.11613566289825282,vendor_b,nano,62.5,tiktok,,,43.7,tiktok
CR00613,youtube,,,47462,vendor_a,0.43986768362058065,vendor_a,0.16089423735446629,vendor_a,0.028729281767955802,vendor_a,micro,9.9,youtube,81.2,youtube · micro,19.0,youtube
CR00615,instagram,@creator615_instagram,vendor_b,10590.0,vendor_b,0.40698772426817753,vendor_b,,,,"n/a (likes hidden, vendor_b)",micro,30.2,instagram,,,,
CR00615,tiktok,@creator615_tiktok,vendor_c,76990,vendor_c,,,0.06789652541785145,vendor_c,,,micro,,,40.0,tiktok · micro,,
CR00615,youtube,@creator615_youtube,vendor_a,241641,vendor_a,0.34169284186044585,vendor_a,0.09928758598100229,vendor_a,0.10784313725490197,vendor_a,mid,4.9,youtube,57.1,youtube · mid,61.5,youtube
CR00616,instagram,@creator616_instagram,vendor_a,52648,vendor_a,0.11390746087220788,vendor_a,0.15908590550834398,vendor_a,0.3333333333333333,vendor_a,micro,2.6,instagram,78.7,instagram · micro,94.2,instagram
CR00616,tiktok,https://www.tiktok.com/@creator616_tiktok,vendor_b,65720.0,vendor_b,1.8544735240413877,vendor_b,,,0.032265774378585084,vendor_b,micro,25.3,tiktok,,,7.3,tiktok
CR00616,youtube,@creator616_youtube,vendor_b,10604,vendor_a,2.5600716710675218,vendor_a,0.16501867721379918,vendor_a,0.04460966542750929,vendor_b,micro,85.0,youtube,84.1,youtube · micro,29.0,youtube
CR00620,instagram,@creator620_instagram,vendor_b,852710.0,vendor_b,2.041494649928385,vendor_a,0.06989962358845671,vendor_b,0.1923872569300786,vendor_b,mid,95.1,instagram,40.7,instagram · mid,70.6,instagram
CR00620,tiktok,https://www.tiktok.com/@creator620_tiktok,vendor_b,60110.0,vendor_b,3.808234902678423,vendor_b,0.08580202312138728,vendor_b,0.3809277014770666,vendor_b,micro,60.5,tiktok,52.0,tiktok · micro,96.2,tiktok
CR00620,youtube,@creator620_youtube,vendor_b,5700.0,vendor_b,2.703333333333333,vendor_b,0.2582781456953642,vendor_b,0.03130148270181219,vendor_b,nano,87.1,youtube,97.5,youtube · nano,20.4,youtube
CR00621,instagram,@creator621_instagram,vendor_b,4010.0,vendor_b,0.2977556109725686,vendor_b,0.21515151515151515,vendor_b,,,nano,17.4,instagram,93.0,instagram · nano,,
CR00621,tiktok,@creator621_tiktok,vendor_b,14670.0,vendor_b,3.9700068166325835,vendor_b,0.14074650077760498,vendor_b,0.2780543852929912,vendor_b,micro,63.3,tiktok,76.7,tiktok · micro,85.9,tiktok
CR00621,youtube,@creator621_youtube,vendor_b,102470.0,vendor_b,3.4697277251878598,vendor_b,0.07197405586358406,vendor_b,0.1730425911757205,vendor_b,mid,92.6,youtube,43.5,youtube · mid,79.7,youtube
CR00622,instagram,https://www.instagram.com/creator622_instagram/,vendor_b,191870.0,vendor_b,0.9154844425913379,vendor_b,0.08517617781799672,vendor_b,0.0867947000148876,vendor_a,mid,75.8,instagram,50.7,instagram · mid,30.1,instagram
CR00622,tiktok,,,,,,,,,,,,,,,,,
CR00622,youtube,@creator622_youtube,vendor_a,81720,vendor_a,1.133272148800783,vendor_a,0.039707884324228046,vendor_a,0.09825396825396826,vendor_a,micro,44.3,youtube,23.1,youtube · micro,58.2,youtube
CR00623,youtube,@creator623_youtube,vendor_a,344440,vendor_a,1.7308297526419696,vendor_a,0.07079681782713179,vendor_a,0.31489017582302914,vendor_a,mid,69.8,youtube,42.9,youtube · mid,96.8,youtube
CR00624,tiktok,https://www.tiktok.com/@creator624_tiktok,vendor_b,12740.0,vendor_b,3.7729984301412873,vendor_b,0.07874682472480948,vendor_b,0.024558710667689946,vendor_b,micro,59.9,tiktok,46.5,tiktok · micro,5.1,tiktok
CR00625,instagram,,,,,,,,,,,,,,,,,
CR00625,tiktok,@creator625_tiktok,vendor_b,106840.0,vendor_b,3.5939161362785472,vendor_b,0.14672104754749382,vendor_b,,,mid,58.2,tiktok,86.0,tiktok · mid,,
CR00625,youtube,@creator625_youtube,vendor_a,37827,vendor_a,3.247019324820895,vendor_a,0.03977460142935679,vendor_a,0.016283138204817655,vendor_a,micro,90.7,youtube,23.4,youtube · micro,10.4,youtube
CR00627,instagram,@creator627_instagram,vendor_a,46031,vendor_a,0.7134539766678977,vendor_a,-0.0032049199852746918,vendor_a,0.2036036036036036,vendor_a,micro,62.6,instagram,9.3,instagram · micro,74.6,instagram
CR00627,tiktok,@creator627_tiktok,vendor_b,201170.0,vendor_b,18.173017845603223,vendor_b,-0.021070559610705596,vendor_b,0.211542547786,vendor_b,mid,99.6,tiktok,7.6,tiktok · mid,71.5,tiktok
CR00627,youtube,@creator627_youtube,vendor_a,300628,vendor_a,3.1024189363598866,vendor_a,0.03857142363618148,vendor_a,0.02187672980193016,vendor_a,mid,89.8,youtube,25.5,youtube · mid,14.9,youtube
CR00628,instagram,,,,,,,,,,,,,,,,,
CR00630,youtube,@creator630_youtube,vendor_a,548234,vendor_a,0.904869088746776,vendor_a,0.047779769663286405,vendor_a,0.01285437577038211,vendor_a,mid,34.4,youtube,29.2,youtube · mid,8.6,youtube
CR00631,tiktok,@creator631_tiktok,vendor_b,3270.0,vendor_b,1.9951070336391437,vendor_b,,,0.11594202898550725,vendor_b,nano,27.7,tiktok,,,43.3,tiktok
CR00634,tiktok,@creator634_tiktok,vendor_b,84160.0,vendor_b,1.587143536121673,vendor_b,0.055165496489468405,vendor_b,0.1927604473219541,vendor_b,micro,18.5,tiktok,33.5,tiktok · micro,67.5,tiktok
CR00636,instagram,@creator636_instagram,vendor_b,249400.0,vendor_b,0.4810785886126704,vendor_b,0.14058355437665782,vendor_b,0.1544309143380024,vendor_b,mid,39.9,instagram,79.3,instagram · mid,59.7,instagram
CR00636,tiktok,https://www.tiktok.com/@creator636_tiktok,vendor_b,132500.0,vendor_b,,,0.14322691975841242,vendor_b,0.020606168498820597,vendor_b,mid,,,83.4,tiktok · mid,3.5,tiktok
CR00637,instagram,@creator637_instagram,vendor_b,23430.0,vendor_b,0.3725138711054204,vendor_b,0.19479857215706273,vendor_b,0.08767772511848342,vendor_b,micro,25.7,instagram,90.0,instagram · micro,30.5,instagram
CR00638,tiktok,@creator638_tiktok,vendor_b,15800,vendor_b,,EXCLUDED: Q00028 (no consistent source),0.0429042904290429,vendor_b,0.14184397163120568,vendor_b,micro,,,27.6,tiktok · micro,52.8,tiktok
CR00639,tiktok,https://www.tiktok.com/@creator639_tiktok,vendor_b,46110.0,vendor_b,1.5050314465408805,vendor_b,0.1635124905374716,vendor_b,0.08051816103632208,vendor_b,micro,17.3,tiktok,83.6,tiktok · micro,26.0,tiktok
CR00639,youtube,@creator639_youtube,vendor_a,40657,vendor_a,0.4901984898049536,vendor_a,0.11471499465357936,vendor_a,0.038882138517618466,vendor_a,micro,12.7,youtube,60.1,youtube · micro,25.1,youtube
CR00641,instagram,@creator641_instagram,vendor_b,19690.0,vendor_b,1.4753174200101575,vendor_b,0.050133333333333335,vendor_b,0.13314447592067988,vendor_b,micro,88.8,instagram,27.5,instagram · micro,49.4,instagram
CR00641,tiktok,@creator641_tiktok,vendor_b,104700.0,vendor_b,1.6912225405921681,vendor_b,0.2687833252544838,vendor_b,0.29801862616413527,vendor_b,mid,20.6,tiktok,100.0,tiktok · mid,88.3,tiktok
CR00641,youtube,@creator641_youtube,vendor_a,303997,vendor_a,2.408750744250766,vendor_a,0.09964948326816157,vendor_a,0.10098282273773686,vendor_a,mid,83.1,youtube,58.4,youtube · mid,59.5,youtube
CR00651,tiktok,@creator651_tiktok,vendor_b,31340.0,vendor_b,2.3586151882578177,vendor_b,0.019850309144158803,vendor_b,0.09263015551048005,vendor_b,micro,33.8,tiktok,18.5,tiktok · micro,33.8,tiktok
CR00655,instagram,,,,,,,,,,,,,,,,,
CR00655,youtube,@creator655_youtube,vendor_a,28636,vendor_a,1.1334334404246402,vendor_a,-0.06892963974509039,vendor_a,,,micro,44.4,youtube,1.0,youtube · micro,,
CR00657,tiktok,,,,,,,,,,,,,,,,,
CR00661,tiktok,@creator661_tiktok,vendor_b,8620.0,vendor_b,,,0.17598908594815826,vendor_b,0.08035714285714286,vendor_b,nano,,,84.9,tiktok · nano,25.6,tiktok
CR00662,instagram,@creator662_instagram,vendor_b,44780.0,vendor_b,0.6969629298794104,vendor_b,0.11726546906187625,vendor_b,0.11636890391115404,vendor_a,micro,60.9,instagram,61.2,instagram · micro,42.9,instagram
CR00662,youtube,@creator662_youtube,vendor_b,101840.0,vendor_b,5.329428515318146,vendor_b,0.21570968127014445,vendor_b,0.07420100215489264,vendor_b,mid,98.1,youtube,96.3,youtube · mid,46.2,youtube
CR00663,instagram,@creator663_instagram,vendor_b,335870.0,vendor_b,2.0898978771548515,vendor_b,0.17396015379238028,vendor_b,0.16346896594918475,vendor_b,mid,95.7,instagram,87.1,instagram · mid,63.9,instagram
CR00663,tiktok,@creator663_tiktok,vendor_b,20780.0,vendor_b,0.34523346303501945,vendor_a,0.09483667017913593,vendor_b,0.17132867132867133,vendor_b,micro,0.4,tiktok,54.9,tiktok · micro,62.0,tiktok
CR00663,youtube,@creator663_youtube,vendor_a,728588,vendor_a,1.3732671962755356,vendor_a,0.1440388408054568,vendor_a,0.3114670010258748,vendor_a,mid,55.2,youtube,80.1,youtube · mid,96.4,youtube
CR00668,youtube,@creator668_youtube,vendor_b,126080.0,vendor_b,1.6572572969543147,vendor_b,0.02813340944304004,vendor_b,0.21027820197862027,vendor_b,mid,66.3,youtube,21.1,youtube · mid,87.1,youtube
CR00669,instagram,@creator669_instagram,vendor_a,,,,,,,0.2183406113537118,vendor_a,,,,,,76.6,instagram
CR00669,tiktok,@creator669_tiktok,vendor_a,45437,vendor_a,1.3110460637806194,vendor_a,0.09836105202088571,vendor_a,0.1008,vendor_a,micro,11.4,tiktok,56.4,tiktok · micro,37.5,tiktok
CR00670,instagram,,,,,,,,,,,,,,,,,
CR00670,tiktok,@creator670_tiktok,vendor_a,276960.0,vendor_b,11.175324956672444,vendor_b,0.1073734071093226,vendor_a,0.17930581840658116,vendor_b,mid,96.3,tiktok,65.6,tiktok · mid,64.0,tiktok
CR00670,youtube,@creator670_youtube,vendor_c,57595,vendor_a,2.0623665248719507,vendor_a,0.033947292833548755,vendor_a,0.047815926658277906,vendor_a,micro,77.6,youtube,21.4,youtube · micro,31.0,youtube
CR00673,instagram,@creator673_instagram,vendor_a,8104,vendor_a,0.7987413622902271,vendor_a,-0.0025846153846153844,vendor_a,0.2792207792207792,vendor_a,nano,67.9,instagram,7.0,instagram · nano,87.4,instagram
CR00673,tiktok,@creator673_tiktok,vendor_b,432750.0,vendor_b,1.7833090699017908,vendor_b,0.04209309605798637,vendor_b,0.21212824508471204,vendor_b,mid,23.0,tiktok,29.9,tiktok · mid,72.0,tiktok
CR00673,youtube,@creator673_youtube,vendor_a,82989,vendor_a,0.8054561447902734,vendor_a,-0.00448640284058875,vendor_a,0.08563630160354828,vendor_a,micro,28.9,youtube,8.4,youtube · micro,52.0,youtube
CR00674,instagram,@creator674_instagram,vendor_b,105190.0,vendor_b,0.5959787052001141,vendor_b,0.046875,vendor_b,0.18603885413236748,vendor_b,mid,53.3,instagram,27.1,instagram · mid,69.0,instagram
CR00674,tiktok,,,,,,,,,,,,,,,,,
CR00674,youtube,@creator674_youtube,vendor_a,61442,vendor_a,1.5134435728003646,vendor_a,0.10988276522336025,vendor_a,0.07749502565713687,vendor_a,micro,60.7,youtube,58.1,youtube · micro,48.0,youtube
CR00680,tiktok,@creator680_tiktok,vendor_b,76610.0,vendor_b,3.790562589740243,vendor_b,0.09630795649685174,vendor_b,0.08698861649636738,vendor_b,micro,60.3,tiktok,55.3,tiktok · micro,30.5,tiktok
CR00681,instagram,@creator681_instagram,vendor_b,2471390.0,vendor_b,,,0.08217258607628748,vendor_b,0.12869741397853193,vendor_b,macro,,,35.3,instagram · macro,46.9,instagram
CR00681,tiktok,@creator681_tiktok,vendor_b,38800.0,vendor_b,7.022371134020618,vendor_b,-0.038890265048303195,vendor_b,0.08837121569367161,vendor_b,micro,85.9,tiktok,5.8,tiktok · micro,31.6,tiktok
CR00681,youtube,@creator681_youtube,vendor_a,281229,vendor_a,1.1526691770763329,vendor_a,0.08699298861326056,vendor_a,0.14240011633402408,vendor_a,mid,45.3,youtube,50.9,youtube · mid,71.9,youtube
CR00684,instagram,@creator684_instagram,vendor_b,104370.0,vendor_b,0.5309092651144965,vendor_b,-0.045454545454545456,vendor_b,0.12123197903014417,vendor_b,mid,45.7,instagram,4.3,instagram · mid,45.2,instagram
CR00684,tiktok,@creator684_tiktok,vendor_b,196900.0,vendor_b,3.7353458968511184,vendor_a,0.04561627104243004,vendor_b,,,mid,59.7,tiktok,31.8,tiktok · mid,,
CR00684,youtube,@creator684_youtube,vendor_a,12520,vendor_a,1.8516773162939297,vendor_a,0.1696562032884903,vendor_a,0.1485148514851485,vendor_a,micro,72.1,youtube,85.1,youtube · micro,72.9,youtube
CR00685,instagram,@creator685_instagram,vendor_b,605680.0,vendor_b,0.5235702020869106,vendor_b,0.09929760241029457,vendor_b,0.08522810620507555,vendor_b,mid,44.6,instagram,58.6,instagram · mid,28.9,instagram
CR00685,tiktok,@creator685_tiktok,vendor_b,71360.0,vendor_b,1.4625840807174888,vendor_b,-0.007510431154381085,vendor_b,0.0699447804364975,vendor_b,micro,15.3,tiktok,12.0,tiktok · micro,20.5,tiktok
CR00685,youtube,@creator685_youtube,vendor_b,272790.0,vendor_b,0.6377770320443251,vendor_a,0.09417993662508524,vendor_b,0.08758922149062137,vendor_b,mid,19.6,youtube,54.7,youtube · mid,53.2,youtube
CR00686,instagram,@creator686_instagram,vendor_b,197840.0,vendor_b,0.8311564900930044,vendor_b,0.19317290875098003,vendor_b,0.3019883650256143,vendor_b,mid,70.1,instagram,94.3,instagram · mid,90.7,instagram
CR00686,tiktok,@creator686_tiktok,vendor_b,107090.0,vendor_b,2.444047063217854,vendor_b,,,0.12289816739089364,vendor_b,mid,36.5,tiktok,,,46.4,tiktok
CR00686,youtube,@creator686_youtube,vendor_a,58586,vendor_a,1.4352234322193016,vendor_a,0.16424554361002364,vendor_a,0.02714139792791478,vendor_a,micro,57.8,youtube,83.8,youtube · micro,18.1,youtube
CR00687,instagram,@creator687_instagram,vendor_b,132460.0,vendor_b,0.25517137248980826,vendor_b,0.13973498537256926,vendor_b,0.09592326139088729,vendor_b,mid,13.4,instagram,78.6,instagram · mid,34.7,instagram
CR00687,tiktok,@creator687_tiktok,vendor_b,11660.0,vendor_b,5.559948542024014,vendor_b,,,,,micro,77.2,tiktok,,,,
CR00687,youtube,@creator687_youtube,vendor_a,56529,vendor_a,1.6251481540448265,vendor_a,0.16126050247540008,vendor_a,0.14065108514190316,vendor_a,micro,64.6,youtube,81.5,youtube · micro,71.3,youtube
CR00688,instagram,https://www.instagram.com/creator688_instagram/,vendor_b,18440.0,vendor_b,0.8978850325379609,vendor_b,0.1095066185318893,vendor_b,,"n/a (likes hidden, vendor_b)",micro,75.0,instagram,58.8,instagram · micro,,
CR00688,tiktok,,,,,,,,,,,,,,,,,
CR00688,youtube,@creator688_youtube,vendor_c,93218,vendor_c,1.7306421506575984,vendor_c,0.20498965873836608,vendor_c,0.07077868368190948,vendor_c,micro,69.7,youtube,92.9,youtube · micro,44.8,youtube
CR00689,instagram,@creator689_instagram,vendor_b,4890.0,vendor_b,0.540081799591002,vendor_b,,,0.14666666666666667,vendor_b,nano,47.3,instagram,,,56.2,instagram
CR00689,tiktok,@creator689_tiktok,vendor_b,52700.0,vendor_b,3.0244781783681214,vendor_b,0.1776536312849162,vendor_b,,,micro,46.6,tiktok,88.0,tiktok · micro,,
CR00689,youtube,@creator689_youtube,vendor_b,453180.0,vendor_b,2.979628403724789,vendor_b,0.246884028064383,vendor_b,0.019036334913112164,vendor_b,mid,89.2,youtube,98.1,youtube · mid,12.5,youtube
CR00690,instagram,@creator690_instagram,vendor_b,8910.0,vendor_b,0.46408529741863075,vendor_b,0.18958611481975968,vendor_b,,"n/a (likes hidden, vendor_b)",nano,37.6,instagram,91.5,instagram · nano,,
CR00690,tiktok,@creator690_tiktok,vendor_b,4580.0,vendor_b,7.989519650655022,vendor_b,0.20526315789473684,vendor_b,0.1377906976744186,vendor_b,nano,89.8,tiktok,94.3,tiktok · nano,51.7,tiktok
CR00690,youtube,@creator690_youtube,vendor_a,5617,vendor_a,0.6072636638775147,vendor_a,0.027625320160995243,vendor_a,0.046153846153846156,vendor_a,nano,18.7,youtube,21.2,youtube · nano,29.6,youtube
CR00691,instagram,@creator691_instagram,vendor_b,19730.0,vendor_b,,,,,,"n/a (likes hidden, vendor_b)",micro,,,,,,
CR00692,instagram,@creator692_instagram,vendor_b,28640.0,vendor_b,0.9313198324022346,vendor_b,0.12006257332811889,vendor_b,0.35742379547689285,vendor_b,micro,76.4,instagram,64.3,instagram · micro,95.3,instagram
CR00692,tiktok,https://www.tiktok.com/@creator692_tiktok,vendor_b,88480.0,vendor_b,1.6548372513562386,vendor_b,0.01935483870967742,vendor_b,,,micro,20.0,tiktok,18.2,tiktok · micro,,
CR00692,youtube,@creator692_youtube,vendor_a,13706,vendor_a,0.6861228658981467,vendor_a,0.08665662411797352,vendor_a,0.1070811744386874,vendor_a,micro,21.5,youtube,45.5,youtube · micro,61.3,youtube
CR00694,instagram,@creator694_instagram,vendor_b,21860.0,vendor_b,1.9100182982616651,vendor_b,0.12045105074320861,vendor_b,0.031919961886612676,vendor_b,micro,94.5,instagram,64.9,instagram · micro,9.8,instagram
CR00694,tiktok,@creator694_tiktok,vendor_c,12145,vendor_c,4.200082338410868,vendor_c,0.18626684899394413,vendor_c,,,micro,66.4,tiktok,90.5,tiktok · micro,,
CR00694,youtube,@creator694_youtube,vendor_b,2400.0,vendor_b,2.32625,vendor_b,0.1613984674329502,vendor_c,0.12435233160621761,vendor_b,nano,81.3,youtube,72.5,youtube · nano,66.5,youtube
CR00696,instagram,@creator696_instagram,vendor_b,37780.0,vendor_b,1.390391741662255,vendor_b,0.09190751445086705,vendor_b,,,micro,87.7,instagram,48.1,instagram · micro,,
CR00696,tiktok,@creator696_tiktok,vendor_b,52950.0,vendor_b,,,0.1761439360284318,vendor_b,0.23862822932257435,vendor_b,micro,,,86.9,tiktok · micro,78.8,tiktok
CR00696,youtube,@creator696_youtube,vendor_a,170304,vendor_a,0.37986776587748966,vendor_a,0.17955395484139078,vendor_a,0.06327462491846053,vendor_a,mid,7.1,youtube,92.5,youtube · mid,40.3,youtube
CR00697,instagram,@creator697_instagram,vendor_b,40060.0,vendor_b,0.39403394907638545,vendor_b,0.11805749372034607,vendor_b,0.30151024811218985,vendor_a,micro,28.9,instagram,62.2,instagram · micro,90.4,instagram
CR00697,tiktok,@creator697_tiktok,vendor_b,159950.0,vendor_b,1.1728790246952172,vendor_b,0.03789501005775096,vendor_b,0.02516598843435425,vendor_b,mid,9.6,tiktok,28.7,tiktok · mid,5.3,tiktok
CR00697,youtube,@creator697_youtube,vendor_a,206926,vendor_a,0.3009240018170747,vendor_a,0.02376275832042865,vendor_a,0.017660044150110375,vendor_a,mid,3.5,youtube,20.5,youtube · mid,11.6,youtube
CR00698,instagram,@creator698_instagram,vendor_b,8820.0,vendor_b,0.7993197278911565,vendor_b,0.1514360313315927,vendor_b,0.06222222222222222,vendor_b,nano,68.1,instagram,84.5,instagram · nano,20.5,instagram
CR00698,tiktok,https://www.tiktok.com/@creator698_tiktok,vendor_b,190140.0,vendor_b,1.1170874092773746,vendor_b,0.046565389696169086,vendor_b,0.16567255699871788,vendor_b,mid,8.3,tiktok,33.8,tiktok · mid,60.3,tiktok
CR00699,tiktok,@creator699_tiktok,vendor_b,30230.0,vendor_b,9.453919947072444,vendor_b,0.06518675123326285,vendor_b,0.3580748042910989,vendor_b,micro,92.5,tiktok,38.5,tiktok · micro,94.7,tiktok
CR00701,instagram,@creator701_instagram,vendor_c,95192,vendor_c,,,0.0023375802885121618,vendor_c,,,micro,,,10.0,instagram · micro,,
CR00701,tiktok,@creator701_tiktok,vendor_b,67130.0,vendor_b,0.7884403396395054,vendor_b,0.19384670104926197,vendor_b,0.2025819265143992,vendor_b,micro,3.9,tiktok,93.1,tiktok · micro,70.0,tiktok
CR00701,youtube,@creator701_youtube,vendor_a,119185,vendor_a,1.4822083315853505,vendor_a,0.059215086827464854,vendor_a,0.3653831775700935,vendor_a,mid,59.1,youtube,37.3,youtube · mid,98.6,youtube
CR00702,instagram,@creator702_instagram,vendor_c,23520.0,vendor_b,0.6345663265306123,vendor_b,0.024390243902439025,vendor_b,0.1553030303030303,vendor_b,micro,57.5,instagram,15.1,instagram · micro,60.4,instagram
CR00702,tiktok,@creator702_tiktok,vendor_b,2010.0,vendor_b,3.5248756218905473,vendor_b,0.05068423720223011,vendor_a,0.09895833333333333,vendor_a,nano,57.0,tiktok,13.2,tiktok · nano,36.6,tiktok
CR00702,youtube,https://youtube.com/@creator702_youtube,vendor_b,7820.0,vendor_b,0.7925831202046035,vendor_b,,,0.09337349397590361,vendor_b,nano,28.4,youtube,,,55.4,youtube
CR00703,instagram,@creator703_instagram,vendor_b,522030.0,vendor_b,0.4382985652165584,vendor_b,0.17690955000450898,vendor_b,0.07871116225546605,vendor_b,mid,32.9,instagram,88.6,instagram · mid,25.6,instagram
CR00703,tiktok,@creator703_tiktok,vendor_b,11710.0,vendor_b,4.273783091374893,vendor_b,0.036283185840707964,vendor_b,0.1532441302701338,vendor_b,micro,67.8,tiktok,24.4,tiktok · micro,56.7,tiktok
CR00703,youtube,@creator703_youtube,vendor_a,157483,vendor_a,0.4222106513083952,vendor_a,0.06247343529681628,vendor_a,0.110381861575179,vendor_a,mid,9.0,youtube,37.9,youtube · mid,62.4,youtube
CR00704,youtube,@creator704_youtube,vendor_a,23846,vendor_a,0.20548519667868825,vendor_a,0.1415031115366204,vendor_a,0.08648648648648649,vendor_a,micro,0.9,youtube,72.4,youtube · micro,52.9,youtube
CR00707,instagram,@creator707_instagram,vendor_b,22530.0,vendor_b,0.5321349312028406,vendor_b,0.02409090909090909,vendor_b,,,micro,45.9,instagram,14.8,instagram · micro,,
CR00707,tiktok,@creator707_tiktok,vendor_b,29790.0,vendor_b,1.4978180597515944,vendor_b,0.006014304291287386,vendor_a,0.09582504970178926,vendor_b,micro,17.1,tiktok,13.5,tiktok · micro,34.7,tiktok
CR00707,youtube,@creator707_youtube,vendor_b,422200.0,vendor_b,0.8190999526290857,vendor_b,-0.04058537472162887,vendor_b,0.010469211002189017,vendor_b,mid,29.8,youtube,6.8,youtube · mid,6.8,youtube
CR00709,instagram,@creator709_instagram,vendor_b,4490.0,vendor_b,0.8176613080819203,vendor_a,0.05702979515828678,vendor_a,0.10727969348659004,vendor_b,nano,69.6,instagram,25.4,instagram · nano,37.8,instagram
CR00709,tiktok,@creator709_tiktok,vendor_b,89980.0,vendor_b,5.557457212713937,vendor_b,0.05958549222797927,vendor_b,0.018895615483397542,vendor_b,micro,77.0,tiktok,34.2,tiktok · micro,3.1,tiktok
CR00709,youtube,@creator709_youtube,vendor_a,874964,vendor_a,0.9240688759766116,vendor_a,0.06754611683949424,vendor_a,0.1971099867310188,vendor_a,mid,34.9,youtube,40.4,youtube · mid,84.6,youtube
CR00711,youtube,@creator711_youtube,vendor_a,31387,vendor_a,4.78599420142097,vendor_a,0.15139398385913427,vendor_a,0.09613589695725219,vendor_a,micro,97.5,youtube,78.2,youtube · micro,57.0,youtube
CR00721,instagram,https://www.instagram.com/creator721_instagram/,vendor_b,80060.0,vendor_b,0.5970522108418685,vendor_b,0.063072633116452,vendor_b,0.3082071151814019,vendor_b,micro,53.5,instagram,35.1,instagram · micro,91.1,instagram
CR00721,tiktok,@creator721_tiktok,vendor_b,74760.0,vendor_b,2.474585339753879,vendor_b,0.020893076607947564,vendor_b,0.2413396689147762,vendor_b,micro,37.7,tiktok,18.9,tiktok · micro,79.7,tiktok
CR00721,youtube,@creator721_youtube,vendor_b,780760.0,vendor_b,1.6739420564578102,vendor_b,0.11414586811650042,vendor_b,0.14421197583511017,vendor_b,mid,67.0,youtube,67.7,youtube · mid,72.2,youtube
CR00722,instagram,,,87790.0,vendor_b,0.3599840528534002,vendor_b,0.12609030271934324,vendor_b,,,micro,24.6,instagram,68.4,instagram · micro,,
CR00722,tiktok,@creator722_tiktok,vendor_b,109980.0,vendor_b,0.9786324786324786,vendor_b,0.016920943134535366,vendor_b,0.11631156129933636,vendor_b,mid,7.1,tiktok,19.7,tiktok · mid,43.9,tiktok
CR00722,youtube,@creator722_youtube,vendor_b,191540.0,vendor_b,0.7451289547875117,vendor_b,0.12962962962962962,vendor_b,0.048575085899077004,vendor_a,mid,24.7,youtube,73.3,youtube · mid,31.4,youtube
CR00724,instagram,@creator724_instagram,vendor_b,70500.0,vendor_b,1.5516028368794326,vendor_b,0.09625252682320012,vendor_b,,"n/a (likes hidden, vendor_b)",micro,90.5,instagram,49.1,instagram · micro,,
CR00724,tiktok,,,,,,,,,,,,,,,,,
CR00724,youtube,@creator724_youtube,vendor_a,443682,vendor_a,0.4107581556159592,vendor_a,0.014392288751151725,vendor_a,0.005415162454873646,vendor_a,mid,8.5,youtube,16.8,youtube · mid,4.1,youtube
CR00725,instagram,@creator725_instagram,vendor_a,320211,vendor_a,0.40271883226997196,vendor_a,0.08440652048875609,vendor_c,,,mid,29.7,instagram,47.1,instagram · mid,,
CR00725,tiktok,@creator725_tiktok,vendor_b,11670.0,vendor_b,,,,,0.06967213114754098,vendor_b,micro,,,,,20.3,tiktok
CR00725,youtube,@creator725_youtube,vendor_b,17210.0,vendor_b,1.3538640325392213,vendor_b,0.08375314861460957,vendor_b,0.09392265193370165,vendor_b,micro,54.5,youtube,42.5,youtube · micro,55.9,youtube
CR00726,instagram,@creator726_instagram,vendor_b,92300.0,vendor_b,0.4215926327193933,vendor_b,0.05017635680964842,vendor_b,0.017781937295273748,vendor_b,micro,31.0,instagram,27.8,instagram · micro,4.7,instagram
CR00726,tiktok,,,,,,,,,,,,,,,,,
CR00726,youtube,@creator726_youtube,vendor_a,37466,vendor_a,1.2960017082154487,vendor_a,-0.018546654791219155,vendor_a,0.10021141649048626,vendor_a,micro,52.2,youtube,5.8,youtube · micro,59.0,youtube
CR00727,instagram,,,,,,,,,,,,,,,,,
CR00727,tiktok,@creator727_tiktok,vendor_b,,,,,,,0.03966216467611713,vendor_b,,,,,,8.4,tiktok
CR00727,youtube,@creator727_youtube,vendor_a,32895,vendor_a,1.2441100471196231,vendor_a,0.17932814684687914,vendor_a,0.11572802197802198,vendor_a,micro,49.6,youtube,87.0,youtube · micro,64.7,youtube
CR00728,instagram,@creator728_instagram,vendor_b,,,,,,,,,,,,,,,
CR00728,tiktok,,,,,,,,,,,,,,,,,
CR00728,youtube,@creator728_youtube,vendor_a,175095,vendor_a,0.37168965418772665,vendor_a,0.14635232190440026,vendor_a,0.2685823754789272,vendor_a,mid,6.2,youtube,82.0,youtube · mid,94.1,youtube
CR00729,instagram,@creator729_instagram,vendor_a,19512,vendor_a,0.17973554735547356,vendor_a,0.034022257551669315,vendor_a,0.018656716417910446,vendor_a,micro,7.8,instagram,19.9,instagram · micro,5.4,instagram
CR00729,tiktok,@creator729_tiktok,vendor_b,426590.0,vendor_b,5.475941770786938,vendor_b,0.01344641626873827,vendor_b,0.10857145868687613,vendor_b,mid,76.0,tiktok,17.8,tiktok · mid,40.8,tiktok
CR00729,youtube,@creator729_youtube,vendor_a,195387,vendor_a,0.37553163721230176,vendor_a,0.07804482404740623,vendor_a,0.03744745892243027,vendor_a,mid,6.5,youtube,47.2,youtube · mid,24.7,youtube
CR00730,instagram,@creator730_instagram,vendor_b,4420.0,vendor_b,0.5375565610859728,vendor_b,,,0.14814814814814814,vendor_b,nano,46.9,instagram,,,56.9,instagram
CR00730,tiktok,@creator730_tiktok,vendor_b,114460.0,vendor_b,4.873711340206185,vendor_b,0.1482744783306581,vendor_b,0.20800575646936545,vendor_b,mid,71.9,tiktok,87.3,tiktok · mid,70.6,tiktok
CR00730,youtube,@creator730_youtube,vendor_b,102160.0,vendor_b,0.4895458104933438,vendor_b,0.2077077668755172,vendor_b,0.12986134595874196,vendor_b,mid,12.5,youtube,95.7,youtube · mid,68.3,youtube
CR00731,tiktok,@creator731_tiktok,vendor_b,72250.0,vendor_b,2.4059100346020763,vendor_b,0.18442622950819673,vendor_b,0.19189867367666388,vendor_b,micro,35.4,tiktok,89.5,tiktok · micro,67.1,tiktok
CR00731,youtube,@creator731_youtube,vendor_a,68098,vendor_a,1.8950776821639401,vendor_a,-0.11100377279669978,vendor_a,0.021820117083555083,vendor_a,micro,73.5,youtube,0.3,youtube · micro,14.7,youtube
CR00732,tiktok,@creator732_tiktok,vendor_a,59959,vendor_a,3.364132156973932,vendor_a,0.1432303086925849,vendor_a,0.27115081450341566,vendor_a,micro,53.2,tiktok,77.5,tiktok · micro,84.5,tiktok
CR00733,instagram,https://www.instagram.com/creator733_instagram/,vendor_b,77770.0,vendor_b,0.15817153143885818,vendor_b,0.04995274740110706,vendor_b,,,micro,6.2,instagram,27.1,instagram · micro,,
CR00733,tiktok,https://www.tiktok.com/@creator733_tiktok,vendor_b,69750.0,vendor_b,2.5395985663082437,vendor_b,0.1371046625366808,vendor_b,0.1273301941559698,vendor_a,micro,39.3,tiktok,76.0,tiktok · micro,48.1,tiktok
CR00733,youtube,@creator733_youtube,vendor_a,8595,vendor_a,2.3760325770796973,vendor_a,0.06360598935775276,vendor_a,0.10127388535031848,vendor_a,nano,82.5,youtube,31.2,youtube · nano,59.7,youtube
CR00734,instagram,@creator734_instagram,vendor_b,9834,vendor_c,0.4273947528981086,vendor_c,0.039095519864750634,vendor_c,0.23324396782841822,vendor_b,nano,31.8,instagram,12.7,instagram · nano,79.7,instagram
CR00734,youtube,@creator734_youtube,vendor_b,105450.0,vendor_b,4.32615457562826,vendor_b,0.07404766754939907,vendor_b,0.3183828346800611,vendor_b,mid,96.1,youtube,44.1,youtube · mid,97.1,youtube
CR00735,instagram,@creator735_instagram,vendor_b,2960.0,vendor_b,1.289527027027027,vendor_b,0.04671584123638918,vendor_c,0.17333333333333334,vendor_b,nano,85.6,instagram,16.9,instagram · nano,66.2,instagram
CR00735,youtube,@creator735_youtube,vendor_a,3080,vendor_a,0.7574675324675325,vendor_a,0.08718672785033534,vendor_a,0.22875816993464052,vendor_a,nano,25.2,youtube,42.5,youtube · nano,90.1,youtube
CR00739,instagram,@creator739_instagram,vendor_b,1780790.0,vendor_b,0.23113674268161882,vendor_b,0.1168818950973075,vendor_b,,,macro,10.8,instagram,76.5,instagram · macro,,
CR00739,tiktok,@creator739_tiktok,vendor_b,51150.0,vendor_b,1.4703812316715543,vendor_b,0.15005771450557906,vendor_c,0.12844036697247707,vendor_b,micro,15.5,tiktok,81.1,tiktok · micro,48.8,tiktok
CR00739,youtube,@creator739_youtube,vendor_a,20091,vendor_a,1.2750485291921756,vendor_a,0.07123433750999733,vendor_a,0.035455278001611606,vendor_a,micro,51.1,youtube,36.4,youtube · micro,22.9,youtube
CR00741,instagram,@creator741_instagram,vendor_b,24050.0,vendor_b,1.893970893970894,vendor_b,0.22641509433962265,vendor_b,0.0821917808219178,vendor_b,micro,94.3,instagram,95.5,instagram · micro,27.3,instagram
CR00741,youtube,@creator741_youtube,vendor_b,313060.0,vendor_b,0.3478917779339424,vendor_b,-0.06375979424606734,vendor_b,0.08257661748013621,vendor_b,mid,5.3,youtube,3.1,youtube · mid,50.5,youtube
CR00745,instagram,@creator745_instagram,vendor_b,21140.0,vendor_b,0.601844843897824,vendor_b,0.17902955939765755,vendor_b,0.4061738424045491,vendor_b,micro,54.1,instagram,86.6,instagram · micro,97.9,instagram
CR00745,tiktok,@creator745_tiktok,vendor_b,33640.0,vendor_b,1.5617122473246134,vendor_b,0.052565707133917394,vendor_b,0.08365608055770721,vendor_b,micro,17.9,tiktok,31.3,tiktok · micro,28.3,tiktok
CR00745,youtube,@creator745_youtube,vendor_a,294279,vendor_a,0.4096996387781663,vendor_a,0.06593088160187194,vendor_a,0.019473864024598567,vendor_a,mid,8.3,youtube,39.8,youtube · mid,12.9,youtube
CR00746,instagram,@creator746_instagram,vendor_b,4720.0,vendor_b,0.3538135593220339,vendor_b,0.009793253536452665,vendor_a,0.18181818181818182,vendor_b,nano,24.4,instagram,8.5,instagram · nano,68.5,instagram
CR00746,tiktok,@creator746_tiktok,vendor_b,47390.0,vendor_b,2.862333825701625,vendor_b,0.04613686534216335,vendor_b,,,micro,44.4,tiktok,28.7,tiktok · micro,,
CR00746,youtube,https://youtube.com/@creator746_youtube,vendor_b,64330.0,vendor_b,0.9952432768537229,vendor_b,0.019654461879854177,vendor_b,0.12153819015699417,vendor_b,micro,38.4,youtube,15.9,youtube · micro,66.1,youtube
CR00747,instagram,@creator747_instagram,vendor_b,614970.0,vendor_b,0.722306779192481,vendor_b,0.08917502036768092,vendor_b,0.08273909395973154,vendor_b,mid,63.3,instagram,55.7,instagram · mid,27.7,instagram
CR00747,tiktok,@creator747_tiktok,vendor_a,23130,vendor_a,5.390575010808474,vendor_a,0.10432084029601336,vendor_a,0.11205188254368582,vendor_a,micro,75.0,tiktok,60.4,tiktok · micro,41.7,tiktok
CR00747,youtube,@creator747_youtube,vendor_c,14213,vendor_c,2.692183212551889,vendor_c,0.02259155334916181,vendor_c,,,micro,86.9,youtube,18.8,youtube · micro,,
CR00748,tiktok,https://www.tiktok.com/@creator748_tiktok,vendor_b,183130.0,vendor_b,5.438349806148637,vendor_b,0.03410695126771698,vendor_b,,,mid,75.8,tiktok,26.8,tiktok · mid,,
CR00748,youtube,@creator748_youtube,vendor_a,42516,vendor_a,0.29233700254022016,vendor_a,0.04009589744844289,vendor_a,0.11470588235294117,vendor_a,micro,3.4,youtube,24.0,youtube · micro,64.0,youtube
CR00750,instagram,@creator750_instagram,vendor_b,14550.0,vendor_b,0.9434364261168385,vendor_b,0.1556791104050834,vendor_b,0.13651877133105803,vendor_a,micro,76.7,instagram,77.7,instagram · micro,51.3,instagram
CR00750,tiktok,,,,,,,,,,,,,,,,,
CR00751,instagram,@creator751_instagram,vendor_a,6100,vendor_a,0.7019672131147541,vendor_a,0.04077802422794745,vendor_a,0.05343511450381679,vendor_a,nano,61.6,instagram,14.1,instagram · nano,16.8,instagram
CR00751,tiktok,@creator751_tiktok,vendor_b,180980.0,vendor_b,1.732042214609349,vendor_b,0.037907897000630845,vendor_b,0.1249205340114431,vendor_b,mid,22.4,tiktok,29.3,tiktok · mid,47.2,tiktok
CR00751,youtube,@creator751_youtube,vendor_a,419156,vendor_a,3.341180849134928,vendor_a,0.13218086543136515,vendor_a,0.031974194278599925,vendor_a,mid,91.7,youtube,75.2,youtube · mid,21.3,youtube
CR00752,instagram,,,,,,,,,,,,,,,,,
CR00752,tiktok,@creator752_tiktok,vendor_b,27240.0,vendor_b,,,0.0813815005954744,vendor_b,0.16332412633601537,vendor_b,micro,,,48.4,tiktok · micro,59.6,tiktok
CR00752,youtube,@creator752_youtube,vendor_a,19106,vendor_a,4.0275306186538264,vendor_a,0.1196671354899203,vendor_a,0.019286403085824494,vendor_a,micro,94.5,youtube,62.3,youtube · micro,12.7,youtube
CR00753,instagram,,,,,,,,,,,,,,,,,
CR00753,tiktok,@creator753_tiktok,vendor_a,24472,vendor_a,3.2987087283425955,vendor_a,-0.032918395573997235,vendor_a,,,micro,52.5,tiktok,6.5,tiktok · micro,,
CR00753,youtube,@creator753_youtube,vendor_a,267914,vendor_a,1.3623774793403853,vendor_a,-0.05584629318334796,vendor_a,0.20066632496155817,vendor_a,mid,55.0,youtube,4.3,youtube · mid,85.3,youtube
CR00754,instagram,@creator754_instagram,vendor_b,15370.0,vendor_b,1.4925178919973976,vendor_b,0.2660626029654036,vendor_b,,"n/a (likes hidden, vendor_b)",micro,89.2,instagram,99.3,instagram · micro,,
CR00754,tiktok,@creator754_tiktok,vendor_b,2192560.0,vendor_b,1.11607481665268,vendor_b,0.11598267411143742,vendor_b,0.012081141125733896,vendor_a,macro,8.1,tiktok,58.3,tiktok · macro,1.8,tiktok
CR00754,youtube,@creator754_youtube,vendor_a,22708,vendor_a,0.9890347014268099,vendor_a,0.12588626109375775,vendor_a,0.013485477178423237,vendor_a,micro,38.3,youtube,65.3,youtube · micro,9.3,youtube
CR00755,instagram,@creator755_instagram,vendor_b,5580.0,vendor_b,0.7793906810035842,vendor_b,0.046340079440136184,vendor_a,,"n/a (likes hidden, vendor_b)",nano,66.7,instagram,15.5,instagram · nano,,
CR00755,tiktok,,,,,,,,,,,,,,,,,
CR00755,youtube,@creator755_youtube,vendor_b,51250.0,vendor_b,0.4938861587277019,vendor_a,0.1485880770954729,vendor_b,0.06430568499534017,vendor_b,micro,12.9,youtube,76.9,youtube · micro,40.9,youtube
CR00757,instagram,https://www.instagram.com/creator757_instagram/,vendor_b,174530.0,vendor_b,0.49388070818770413,vendor_b,0.07277644600159813,vendor_b,0.22893030794165317,vendor_b,mid,41.4,instagram,41.4,instagram · mid,78.3,instagram
CR00757,tiktok,@creator757_tiktok,vendor_a,4031,vendor_a,2.453981642272389,vendor_a,0.07350199733688416,vendor_a,0.2996742671009772,vendor_a,nano,37.1,tiktok,18.9,tiktok · nano,88.5,tiktok
CR00757,youtube,@creator757_youtube,vendor_b,5510.0,vendor_b,0.7615245009074411,vendor_b,0.03171326702946144,vendor_a,0.44565217391304346,vendor_a,nano,25.7,youtube,22.5,youtube · nano,99.5,youtube
CR00759,instagram,@creator759_instagram,vendor_b,20230.0,vendor_b,0.5689569945625309,vendor_b,0.1662831808743476,vendor_a,,"n/a (likes hidden, vendor_b)",micro,51.0,instagram,80.8,instagram · micro,,
CR00759,tiktok,@creator759_tiktok,vendor_b,82700.0,vendor_b,1.4837122128174123,vendor_b,0.11756756756756757,vendor_b,0.10895701833483619,vendor_b,micro,16.5,tiktok,66.9,tiktok · micro,41.1,tiktok
CR00759,youtube,@creator759_youtube,vendor_b,7800.0,vendor_b,1.6506410256410255,vendor_b,0.07142857142857142,vendor_b,0.07917888563049853,vendor_b,nano,65.8,youtube,37.5,youtube · nano,48.9,youtube
CR00760,instagram,@creator760_instagram,vendor_b,21250.0,vendor_b,0.38494117647058823,vendor_b,0.13636363636363635,vendor_b,0.030508474576271188,vendor_b,micro,27.6,instagram,72.2,instagram · micro,8.6,instagram
CR00760,youtube,@creator760_youtube,vendor_a,362008,vendor_a,2.609530728602683,vendor_a,,,0.050529239906125775,vendor_a,mid,85.7,youtube,,,33.0,youtube
CR00761,instagram,@creator761_instagram,vendor_c,3287,vendor_c,0.06936416184971098,vendor_c,0.12761578044596913,vendor_c,,,nano,0.6,instagram,69.0,instagram · nano,,
CR00761,youtube,@creator761_youtube,vendor_a,19610,vendor_a,0.6721060683324834,vendor_a,0.13813116656993615,vendor_a,0.042746113989637305,vendor_a,micro,21.2,youtube,69.8,youtube · micro,28.0,youtube
CR00764,instagram,@creator764_instagram,vendor_b,35610.0,vendor_b,1.77722549845549,vendor_b,0.006381565649273772,vendor_a,,"n/a (likes hidden, vendor_b)",micro,93.6,instagram,10.3,instagram · micro,,
CR00764,tiktok,@creator764_tiktok,vendor_b,197790.0,vendor_b,0.8964710046008393,vendor_b,0.03522453679472417,vendor_b,,,mid,5.3,tiktok,27.4,tiktok · mid,,
CR00764,youtube,@creator764_youtube,vendor_a,265334,vendor_a,0.7762442807932644,vendor_a,-0.017383382464040767,vendor_a,0.11228019602190834,vendor_a,mid,27.0,youtube,9.9,youtube · mid,63.1,youtube
CR00766,instagram,https://www.instagram.com/creator766_instagram/,vendor_b,100910.0,vendor_b,1.4968585868595778,vendor_b,0.1361179914433686,vendor_b,,"n/a (likes hidden, vendor_b)",mid,89.4,instagram,76.4,instagram · mid,,
CR00766,tiktok,@creator766_tiktok,vendor_b,174250.0,vendor_b,2.0876269727403156,vendor_b,0.1191393705844573,vendor_b,0.19321349963316214,vendor_b,mid,29.3,tiktok,70.7,tiktok · mid,68.0,tiktok
CR00766,youtube,@creator766_youtube,vendor_a,403676,vendor_a,1.9464867864326836,vendor_a,0.11287672441361667,vendor_a,0.049725841898461604,vendor_a,mid,75.5,youtube,65.2,youtube · mid,31.9,youtube
CR00769,instagram,,,,,,,,,,,,,,,,,
CR00769,tiktok,@creator769_tiktok,vendor_b,5020.0,vendor_b,25.621513944223107,vendor_b,0.12304250559284116,vendor_b,0.26677316293929715,vendor_a,nano,100.0,tiktok,56.6,tiktok · nano,83.9,tiktok
CR00769,youtube,@creator769_youtube,vendor_b,173660.0,vendor_b,0.43727974202464587,vendor_b,-0.04556196757350921,vendor_b,0.2774962742175857,vendor_b,mid,9.7,youtube,5.6,youtube · mid,95.2,youtube
CR00770,youtube,,,,,,,,,,,,,,,,,
CR00771,instagram,,,,,,,,,,,,,,,,,
CR00771,tiktok,@creator771_tiktok,vendor_b,60670.0,vendor_b,6.533723421790012,vendor_b,0.1097494055240534,vendor_b,0.10485505330866156,vendor_b,micro,83.5,tiktok,64.4,tiktok · micro,39.5,tiktok
CR00771,youtube,@creator771_youtube,vendor_b,490110.0,vendor_b,0.5518251004876457,vendor_b,0.09587907787939091,vendor_b,0.16980591973435621,vendor_b,mid,15.7,youtube,55.3,youtube · mid,78.7,youtube
CR00772,tiktok,https://www.tiktok.com/@creator772_tiktok,vendor_b,36080.0,vendor_b,1.7157982261640798,vendor_b,,,,,micro,21.6,tiktok,,,,
CR00779,instagram,@creator779_instagram,vendor_b,178040.0,vendor_b,0.1958604807908335,vendor_b,0.08508044856167724,vendor_b,0.24109362054681027,vendor_b,mid,8.3,instagram,50.0,instagram · mid,80.7,instagram
CR00779,tiktok,@creator779_tiktok,vendor_b,32370.0,vendor_b,7.179518072289157,vendor_b,0.20379323168464114,vendor_b,0.3108487914558741,vendor_b,micro,86.8,tiktok,94.9,tiktok · micro,90.9,tiktok
CR00779,youtube,@creator779_youtube,vendor_b,29100.0,vendor_b,6.670343642611684,vendor_b,0.10899390243902439,vendor_b,0.24902190923317685,vendor_b,micro,98.9,youtube,57.1,youtube · micro,92.5,youtube
CR00781,instagram,@creator781_instagram,vendor_b,12110.0,vendor_b,0.4218827415359207,vendor_b,0.07073386383731212,vendor_b,,,micro,31.2,instagram,37.8,instagram · micro,,
CR00781,tiktok,,,133430.0,vendor_b,5.004833995353369,vendor_b,0.06957915831663326,vendor_b,0.34720509107810016,vendor_b,mid,72.7,tiktok,45.2,tiktok · mid,94.0,tiktok
CR00781,youtube,@creator781_youtube,vendor_b,30190.0,vendor_b,0.9345809870818151,vendor_b,0.1281763826606876,vendor_b,0.06006628003314002,vendor_a,micro,35.6,youtube,67.5,youtube · micro,37.6,youtube
CR00785,instagram,@creator785_instagram,vendor_b,29060.0,vendor_b,0.3079490708878183,vendor_b,0.2585534863577306,vendor_b,0.055415617128463476,vendor_b,micro,18.9,instagram,98.6,instagram · micro,17.7,instagram
CR00786,instagram,@creator786_instagram,vendor_b,,,,,,,,,,,,,,,
CR00786,tiktok,@creator786_tiktok,vendor_b,86490.0,vendor_b,4.203630477511851,vendor_b,-0.05917545958881758,vendor_b,0.07566995194265701,vendor_b,micro,66.8,tiktok,2.9,tiktok · micro,23.0,tiktok
CR00786,youtube,@creator786_youtube,vendor_a,6615,vendor_a,0.9342403628117913,vendor_a,0.09501738122827347,vendor_a,0.018691588785046728,vendor_a,nano,35.4,youtube,45.0,youtube · nano,12.2,youtube
CR00788,tiktok,@creator788_tiktok,vendor_c,714866,vendor_c,1.1815235302839973,vendor_c,0.0005080454525733272,vendor_c,,,mid,9.8,tiktok,13.4,tiktok · mid,,
CR00788,youtube,,,,,,,,,,,,,,,,,
CR00789,instagram,https://www.instagram.com/creator789_instagram/,vendor_b,3140.0,vendor_b,2.5275101025800435,vendor_c,0.12640056022408963,vendor_c,0.27848101265822783,vendor_b,nano,98.1,instagram,67.6,instagram · nano,87.2,instagram
CR00789,tiktok,https://www.tiktok.com/@creator789_tiktok,vendor_b,96100.0,vendor_b,4.061071800208117,vendor_b,0.053497040122780094,vendor_b,0.04435306212365986,vendor_b,micro,65.2,tiktok,32.4,tiktok · micro,10.2,tiktok
CR00789,youtube,@creator789_youtube,vendor_a,18043,vendor_a,4.588150529291138,vendor_a,0.22433331071452806,vendor_a,0.21436687286958717,vendor_a,micro,96.8,youtube,95.5,youtube · micro,88.0,youtube
CR00791,instagram,@creator791_instagram,vendor_b,19750.0,vendor_b,1.3285569620253164,vendor_b,0.06182795698924731,vendor_b,0.17954070981210857,vendor_b,micro,86.4,instagram,33.7,instagram · micro,67.8,instagram
CR00791,tiktok,@creator791_tiktok,vendor_b,14820.0,vendor_b,10.723886639676113,vendor_b,0.10104011887072809,vendor_b,0.2922636103151863,vendor_b,micro,95.3,tiktok,58.2,tiktok · micro,87.4,tiktok
CR00791,youtube,@creator791_youtube,vendor_a,13534,vendor_a,1.1957292744199792,vendor_a,0.04930997053806792,vendor_a,0.2507903055848261,vendor_a,micro,47.1,youtube,27.6,youtube · micro,92.8,youtube
CR00795,instagram,@creator795_instagram,vendor_b,75250.0,vendor_b,1.1243986710963456,vendor_b,0.06435643564356436,vendor_b,0.16171923314780456,vendor_b,micro,82.0,instagram,35.7,instagram · micro,63.2,instagram
CR00795,tiktok,,,,,,,,,,,,,,,,,
CR00795,youtube,@creator795_youtube,vendor_a,243858,vendor_a,0.5815556594411502,vendor_a,0.08341367406689977,vendor_a,0.15436761572729032,vendor_a,mid,17.5,youtube,49.1,youtube · mid,74.4,youtube
CR00796,youtube,@creator796_youtube,vendor_a,91435,vendor_a,1.1628369880242795,vendor_a,0.08957553802521509,vendor_a,,,micro,46.0,youtube,47.4,youtube · micro,,
CR00799,instagram,@creator799_instagram,vendor_b,277050.0,vendor_b,0.8897491427540155,vendor_b,0.1082,vendor_b,0.15580819122576883,vendor_b,mid,74.3,instagram,65.0,instagram · mid,60.6,instagram
CR00799,tiktok,,,,,,,,,,,,,,,,,
CR00799,youtube,@creator799_youtube,vendor_b,167680.0,vendor_b,1.9045562977099237,vendor_b,0.08432488360062079,vendor_b,,,mid,73.7,youtube,50.3,youtube · mid,,
CR00805,tiktok,@creator805_tiktok,vendor_b,29660.0,vendor_b,3.1662508428860416,vendor_b,,,0.28488146132918774,vendor_b,micro,50.1,tiktok,,,86.8,tiktok
CR00806,youtube,@creator806_youtube,vendor_a,64305,vendor_a,1.3381852111033357,vendor_a,0.01890290277601724,vendor_a,0.026803310997240835,vendor_a,micro,53.4,youtube,15.6,youtube · micro,17.2,youtube
CR00808,instagram,@creator808_instagram,vendor_b,199990.0,vendor_b,1.1588679433971698,vendor_b,0.1681658878504673,vendor_b,0.22471445124979308,vendor_a,mid,82.6,instagram,84.3,instagram · mid,77.2,instagram
CR00808,tiktok,@creator808_tiktok,vendor_b,197590.0,vendor_b,1.3932688901260186,vendor_b,0.05162595135451594,vendor_b,0.16266404785287028,vendor_b,mid,13.2,tiktok,36.3,tiktok · mid,59.4,tiktok
CR00808,youtube,@creator808_youtube,vendor_a,157206,vendor_a,1.8648970141088763,vendor_a,-0.000622997508009968,vendor_a,0.01170201650820186,vendor_a,mid,72.7,youtube,11.8,youtube · mid,8.1,youtube
CR00809,instagram,@creator809_instagram,vendor_b,50870.0,vendor_b,0.23249459406329862,vendor_b,0.18440046565774157,vendor_b,0.2881844380403458,vendor_b,micro,11.2,instagram,87.6,instagram · micro,89.0,instagram
CR00809,tiktok,https://www.tiktok.com/@creator809_tiktok,vendor_b,20010.0,vendor_b,2.6736631684157923,vendor_b,0.06891025641025642,vendor_b,0.10707456978967496,vendor_b,micro,41.1,tiktok,40.4,tiktok · micro,40.4,tiktok
CR00809,youtube,@creator809_youtube,vendor_b,19980.0,vendor_b,1.9332332332332332,vendor_b,0.1992797118847539,vendor_b,0.20291173794358508,vendor_b,micro,74.8,youtube,91.9,youtube · micro,85.7,youtube
CR00810,tiktok,@creator810_tiktok,vendor_c,59705,vendor_c,,,0.022170861153912,vendor_c,,,micro,,,19.6,tiktok · micro,,
CR00810,youtube,@creator810_youtube,vendor_b,27960.0,vendor_b,1.1968884120171674,vendor_b,-0.05668016194331984,vendor_b,0.04212055192447349,vendor_b,micro,47.4,youtube,1.6,youtube · micro,27.2,youtube
CR00811,instagram,@creator811_instagram,vendor_b,140470.0,vendor_b,0.9512066633444863,vendor_b,0.1869032530629489,vendor_b,,,mid,77.3,instagram,92.1,instagram · mid,,
CR00811,tiktok,https://www.tiktok.com/@creator811_tiktok,vendor_b,34100.0,vendor_b,11.898093841642229,vendor_b,0.012169783318492134,vendor_b,0.1185614142029869,vendor_b,micro,97.1,tiktok,16.7,tiktok · micro,44.8,tiktok
CR00811,youtube,@creator811_youtube,vendor_a,29074,vendor_a,3.3007154158354544,vendor_a,0.013949919787961219,vendor_a,0.037440435670524165,vendor_a,micro,91.2,youtube,14.6,youtube · micro,24.6,youtube
CR00812,youtube,,,15801,vendor_a,0.40294918043161826,vendor_a,0.2147140221402214,vendor_a,0.3143939393939394,vendor_a,micro,8.1,youtube,93.5,youtube · micro,96.6,youtube
CR00813,instagram,@creator813_instagram,vendor_b,35070.0,vendor_b,0.26007984031936127,vendor_b,0.13900617083468658,vendor_b,0.09090909090909091,vendor_b,micro,14.0,instagram,73.5,instagram · micro,32.6,instagram
CR00813,tiktok,@creator813_tiktok,vendor_b,367390.0,vendor_b,6.164884727401399,vendor_b,0.028009401757233196,vendor_b,0.32479398414213634,vendor_b,mid,81.1,tiktok,24.2,tiktok · mid,92.5,tiktok
CR00813,youtube,@creator813_youtube,vendor_b,41470.0,vendor_b,0.770026525198939,vendor_b,0.03726863431715858,vendor_b,0.23957783641160948,vendor_b,micro,26.5,youtube,22.4,youtube · micro,91.4,youtube
CR00817,instagram,@creator817_instagram,vendor_b,20690.0,vendor_b,0.38477525374577093,vendor_b,0.04179254783484391,vendor_b,0.010482180293501049,vendor_b,micro,27.4,instagram,23.4,instagram · micro,2.8,instagram
CR00817,tiktok,@creator817_tiktok,vendor_c,15885,vendor_c,1.7638023292414227,vendor_c,0.013849885116160327,vendor_c,,,micro,22.6,tiktok,17.1,tiktok · micro,,
CR00817,youtube,@creator817_youtube,vendor_b,343470.0,vendor_b,0.8099688473520249,vendor_b,0.11382430197490029,vendor_b,0.003109076776923741,vendor_b,mid,29.6,youtube,66.5,youtube · mid,3.4,youtube
CR00819,instagram,@creator819_instagram,vendor_c,52750,vendor_c,0.17218957345971564,vendor_c,,,0.06077348066298342,vendor_b,micro,6.8,instagram,,,20.3,instagram
CR00819,youtube,@creator819_youtube,vendor_b,77380,vendor_b,1.0737658309640734,vendor_b,0.06335028170949566,vendor_b,0.30004409171075835,vendor_b,micro,41.3,youtube,34.1,youtube · micro,96.2,youtube
CR00822,instagram,@creator822_instagram,vendor_b,95960.0,vendor_b,0.47333263859941643,vendor_b,0.12352183585060297,vendor_b,0.08847497089639116,vendor_b,micro,38.8,instagram,67.7,instagram · micro,30.8,instagram
CR00822,tiktok,,,,,,,,,,,,,,,,,
CR00822,youtube,@creator822_youtube,vendor_b,790.0,vendor_b,2.369620253164557,vendor_b,0.14473684210526316,vendor_a,0.06060606060606061,vendor_b,nano,82.4,youtube,66.2,youtube · nano,38.5,youtube
CR00823,instagram,@creator823_instagram,vendor_a,49638,vendor_a,0.18826302429590233,vendor_a,0.12739330895546117,vendor_a,,"n/a (likes hidden, vendor_a)",micro,7.9,instagram,69.1,instagram · micro,,
CR00823,tiktok,,,,,,,,,,,,,,,,,
CR00823,youtube,@creator823_youtube,vendor_b,37490.0,vendor_b,1.3489197119231795,vendor_b,0.06384790011350738,vendor_b,0.0011500862564692352,vendor_a,micro,54.0,youtube,34.4,youtube · micro,2.3,youtube
CR00825,tiktok,@creator825_tiktok,vendor_b,8950.0,vendor_b,1.7766480446927375,vendor_b,0.10630407911001236,vendor_b,0.043478260869565216,vendor_b,nano,22.8,tiktok,49.1,tiktok · nano,9.9,tiktok
CR00826,instagram,@creator826_instagram,vendor_b,47730.0,vendor_b,0.29124240519589356,vendor_b,0.1733038348082596,vendor_b,0.34502923976608185,vendor_b,micro,16.4,instagram,84.5,instagram · micro,94.9,instagram
CR00826,tiktok,@creator826_tiktok,vendor_b,11240.0,vendor_b,3.011743772241993,vendor_b,0.03398658192090395,vendor_a,0.16228748068006182,vendor_b,micro,46.4,tiktok,22.9,tiktok · micro,59.2,tiktok
CR00826,youtube,,,,,,,,,,,,,,,,,
CR00828,instagram,@creator828_instagram,vendor_b,970.0,vendor_b,0.9505154639175257,vendor_b,0.03311965811965812,vendor_a,0.0,vendor_b,nano,77.1,instagram,11.3,instagram · nano,1.3,instagram
CR00828,tiktok,,,,,,,,,,,,,,,,,
CR00828,youtube,@creator828_youtube,vendor_a,2462,vendor_a,1.2030869212022746,vendor_a,0.19340765874939408,vendor_a,0.22270742358078602,vendor_a,nano,47.8,youtube,85.0,youtube · nano,89.2,youtube
CR00829,tiktok,@creator829_tiktok,vendor_b,302830.0,vendor_b,3.3979031139583267,vendor_b,0.07162319968859479,vendor_b,0.16671183553370242,vendor_b,mid,53.6,tiktok,46.5,tiktok · mid,60.9,tiktok
CR00830,instagram,@creator830_instagram,vendor_b,86360.0,vendor_b,0.8614289022695693,vendor_b,0.04590044810463849,vendor_b,0.1391731477691363,vendor_b,micro,73.0,instagram,25.1,instagram · micro,53.1,instagram
CR00830,tiktok,https://www.tiktok.com/@creator830_tiktok,vendor_b,152590.0,vendor_b,6.419457369421325,vendor_b,0.07140851004072461,vendor_b,,,mid,82.5,tiktok,45.9,tiktok · mid,,
CR00830,youtube,@creator830_youtube,vendor_b,27440.0,vendor_b,1.605430029154519,vendor_b,0.15197313182199831,vendor_b,0.02704791344667697,vendor_b,micro,63.5,youtube,78.9,youtube · micro,17.6,youtube
CR00831,instagram,@creator831_instagram,vendor_b,63860.0,vendor_b,1.0444409646100845,vendor_b,0.17432879735196763,vendor_b,0.25750798722044727,vendor_b,micro,79.8,instagram,85.2,instagram · micro,83.7,instagram
CR00831,tiktok,@creator831_tiktok,vendor_b,60330.0,vendor_b,1.223371456986574,vendor_b,0.0298736770228747,vendor_b,0.2715256104277584,vendor_b,micro,10.4,tiktok,21.1,tiktok · micro,84.8,tiktok
CR00831,youtube,@creator831_youtube,vendor_a,47980,vendor_a,,,0.1301910347914164,vendor_a,0.21066666666666667,vendor_a,micro,,,68.2,youtube · micro,87.3,youtube
CR00832,instagram,https://www.instagram.com/creator832_instagram/,vendor_b,127470.0,vendor_b,0.675335373028948,vendor_b,0.14415223049995513,vendor_b,0.3294460641399417,vendor_b,mid,59.9,instagram,80.0,instagram · mid,93.2,instagram
CR00832,tiktok,@creator832_tiktok,vendor_b,44990.0,vendor_b,4.597288286285841,vendor_b,,,0.21522270807085156,vendor_b,micro,69.9,tiktok,,,73.1,tiktok
CR00832,youtube,https://youtube.com/@creator832_youtube,vendor_b,15300.0,vendor_b,1.1587581699346405,vendor_b,0.14864864864864866,vendor_b,0.05409748259239421,vendor_b,micro,45.9,youtube,77.3,youtube · micro,34.6,youtube
CR00835,instagram,https://www.instagram.com/creator835_instagram/,vendor_b,930800.0,vendor_b,0.4482509669101848,vendor_b,0.1570063021292993,vendor_b,0.05804600933685809,vendor_b,mid,34.4,instagram,81.4,instagram · mid,19.1,instagram
CR00835,tiktok,,,,,,,,,,,,,,,,,
CR00835,youtube,@creator835_youtube,vendor_a,63743,vendor_a,0.4025226299358361,vendor_a,0.00948625364246801,vendor_a,0.016333938294010888,vendor_a,micro,7.9,youtube,12.3,youtube · micro,10.6,youtube
CR00836,youtube,@creator836_youtube,vendor_a,36571,vendor_a,1.2738235213693911,vendor_a,0.10932144265477599,vendor_a,0.04727272727272727,vendor_a,micro,51.0,youtube,57.5,youtube · micro,30.8,youtube
CR00839,instagram,,,,,,,,,,,,,,,,,
CR00839,tiktok,@creator839_tiktok,vendor_b,6460.0,vendor_b,,,0.1875,vendor_b,0.1432806324110672,vendor_b,nano,,,86.8,tiktok · nano,53.6,tiktok
CR00839,youtube,@creator839_youtube,vendor_a,5064,vendor_a,1.6109794628751974,vendor_a,0.020967741935483872,vendor_a,0.09580838323353294,vendor_a,nano,63.7,youtube,16.2,youtube · nano,56.6,youtube
CR00843,instagram,@creator843_instagram,vendor_b,141250.0,vendor_b,0.09089557522123894,vendor_b,0.04220467793108537,vendor_b,0.032036613272311214,vendor_a,mid,1.3,instagram,25.7,instagram · mid,10.0,instagram
CR00843,tiktok,,,,,,,,,,,,,,,,,
CR00843,youtube,@creator843_youtube,vendor_b,269600.0,vendor_b,1.224213649851632,vendor_b,0.037202323702535296,vendor_b,0.00043882103415490383,vendor_b,mid,48.5,youtube,24.2,youtube · mid,2.0,youtube
CR00846,instagram,@creator846_instagram,vendor_b,11810.0,vendor_b,0.3188823031329382,vendor_b,0.09758364312267657,vendor_b,0.10837438423645321,vendor_a,micro,19.8,instagram,50.5,instagram · micro,39.2,instagram
CR00846,tiktok,@creator846_tiktok,vendor_b,115320.0,vendor_b,2.5118106139438083,vendor_b,0.06807446512920255,vendor_b,0.3134494000138725,vendor_b,mid,38.7,tiktok,44.6,tiktok · mid,91.2,tiktok
CR00847,instagram,@creator847_instagram,vendor_b,69470.0,vendor_b,0.451576219951058,vendor_b,0.13773337700622337,vendor_b,,"n/a (likes hidden, vendor_b)",micro,35.3,instagram,72.9,instagram · micro,,
CR00847,tiktok,https://www.tiktok.com/@creator847_tiktok,vendor_b,11130.0,vendor_b,8.461298377028713,vendor_a,-0.012765208204947618,vendor_a,0.06841909023117076,vendor_b,micro,90.6,tiktok,10.9,tiktok · micro,19.0,tiktok
CR00847,youtube,@creator847_youtube,vendor_a,204319,vendor_a,0.7784102310602539,vendor_a,0.15238492732697503,vendor_a,0.21966859247031933,vendor_a,mid,27.2,youtube,83.9,youtube · mid,88.5,youtube
CR00848,instagram,@creator848_instagram,vendor_a,6994,vendor_a,0.6118101229625393,vendor_a,0.08299783214617529,vendor_a,0.0873015873015873,vendor_a,nano,55.0,instagram,39.4,instagram · nano,30.3,instagram
CR00848,tiktok,@creator848_tiktok,vendor_b,123720.0,vendor_b,6.379881991593922,vendor_b,0.1991858098284385,vendor_b,0.06061789634027263,vendor_a,mid,82.1,tiktok,97.5,tiktok · mid,16.1,tiktok
CR00848,youtube,https://youtube.com/@creator848_youtube,vendor_b,211050.0,vendor_b,0.8402369106846719,vendor_b,0.05345911949685535,vendor_b,0.003539025802715398,vendor_b,mid,31.0,youtube,34.8,youtube · mid,3.8,youtube
CR00855,instagram,https://www.instagram.com/creator855_instagram/,vendor_b,6040.0,vendor_b,0.34105960264900664,vendor_b,0.06347016212487064,vendor_a,0.33088235294117646,vendor_b,nano,23.1,instagram,28.2,instagram · nano,93.9,instagram
CR00855,tiktok,https://www.tiktok.com/@creator855_tiktok,vendor_b,422370,vendor_b,8.86592561024694,vendor_b,0.16925504526202143,vendor_b,0.0969012865145251,vendor_b,mid,91.4,tiktok,92.4,tiktok · mid,35.3,tiktok
CR00855,youtube,@creator855_youtube,vendor_a,24139,vendor_a,0.8514022950412196,vendor_a,0.1556396016851781,vendor_a,0.013513513513513514,vendor_a,micro,31.6,youtube,79.9,youtube · micro,9.5,youtube
CR00856,instagram,@creator856_instagram,vendor_b,163950.0,vendor_b,0.2865568770966758,vendor_b,0.05685554051440727,vendor_b,0.05394360441356763,vendor_b,mid,15.7,instagram,32.1,instagram · mid,17.5,instagram
CR00856,youtube,@creator856_youtube,vendor_b,185270.0,vendor_b,2.6619258379662116,vendor_b,0.1099994008747229,vendor_b,0.1507115922637149,vendor_b,mid,86.4,youtube,64.6,youtube · mid,73.7,youtube
CR00857,instagram,https://www.instagram.com/creator857_instagram/,vendor_b,24410.0,vendor_b,1.0415813191315035,vendor_b,0.11818598259276225,vendor_b,0.16881775942178626,vendor_b,micro,79.6,instagram,62.9,instagram · micro,65.3,instagram
CR00857,tiktok,https://www.tiktok.com/@creator857_tiktok,vendor_b,44900.0,vendor_b,4.43,vendor_b,0.06777645659928656,vendor_b,0.15106260769672603,vendor_b,micro,69.2,tiktok,39.6,tiktok · micro,56.1,tiktok
CR00857,youtube,@creator857_youtube,vendor_b,640.0,vendor_b,0.303125,vendor_b,-0.054814814814814816,vendor_a,0.0,vendor_b,nano,3.7,youtube,2.5,youtube · nano,0.9,youtube
CR00858,instagram,@creator858_instagram,vendor_b,15690.0,vendor_b,0.9573613766730401,vendor_b,0.18504531722054382,vendor_b,0.03229398663697105,vendor_b,micro,77.5,instagram,88.0,instagram · micro,10.3,instagram
CR00858,tiktok,,,,,,,,,,,,,,,,,
CR00858,youtube,@creator858_youtube,vendor_b,,,,,,,,,,,,,,,
CR00859,instagram,@creator859_instagram,vendor_b,6630.0,vendor_b,0.5368024132730015,vendor_b,0.09225700164744646,vendor_b,0.19767441860465115,vendor_b,nano,46.5,instagram,45.1,instagram · nano,72.0,instagram
CR00859,tiktok,@creator859_tiktok,vendor_a,36374,vendor_a,10.568730411832627,vendor_a,0.00466786355475763,vendor_a,0.19799623053268525,vendor_a,micro,95.1,tiktok,13.1,tiktok · micro,68.9,tiktok
CR00859,youtube,@creator859_youtube,vendor_b,24170.0,vendor_b,1.57310715763343,vendor_b,0.26810073452256034,vendor_b,0.10816326530612246,vendor_b,micro,62.6,youtube,99.7,youtube · micro,61.6,youtube
CR00860,instagram,@creator860_instagram,vendor_a,261296,vendor_a,0.5198472230726838,vendor_a,0.18450017226060308,vendor_a,0.0435425193269668,vendor_a,mid,44.4,instagram,90.7,instagram · mid,13.5,instagram
CR00860,tiktok,@creator860_tiktok,vendor_b,54360.0,vendor_b,15.626306107431935,vendor_b,0.17129928894634777,vendor_b,0.07787757457706597,vendor_b,micro,98.0,tiktok,85.8,tiktok · micro,24.5,tiktok
CR00864,instagram,@creator864_instagram,vendor_b,160720.0,vendor_b,1.0625373320059732,vendor_b,0.13207015566669014,vendor_b,0.27468650169265246,vendor_b,mid,80.2,instagram,75.7,instagram · mid,86.5,instagram
CR00864,tiktok,@creator864_tiktok,vendor_b,155040.0,vendor_b,1.4432920536635707,vendor_b,0.058365758754863814,vendor_b,,,mid,14.3,tiktok,40.8,tiktok · mid,,
CR00864,youtube,@creator864_youtube,vendor_b,62080.0,vendor_b,0.5275773195876289,vendor_b,0.09992912827781715,vendor_b,0.1364106097140889,vendor_b,micro,14.8,youtube,52.9,youtube · micro,70.1,youtube
CR00865,instagram,@creator865_instagram,vendor_b,1281870.0,vendor_b,0.24678243503631414,vendor_b,0.15522291214188513,vendor_b,0.14896489648964897,vendor_b,macro,12.1,instagram,88.2,instagram · macro,57.1,instagram
CR00865,tiktok,@creator865_tiktok,vendor_b,1608,vendor_c,3.978855721393035,vendor_c,0.04892367906066536,vendor_c,0.19313304721030042,vendor_b,nano,63.5,tiktok,11.3,tiktok · nano,67.8,tiktok
CR00865,youtube,@creator865_youtube,vendor_a,3210,vendor_a,1.250467289719626,vendor_a,,,0.09032258064516129,vendor_a,nano,50.3,youtube,,,54.5,youtube
CR00869,youtube,https://youtube.com/@creator869_youtube,vendor_b,9750.0,vendor_b,0.7884102564102564,vendor_b,0.1206896551724138,vendor_b,0.34968553459119495,vendor_b,nano,28.2,youtube,55.0,youtube · nano,98.2,youtube
CR00871,tiktok,@creator871_tiktok,vendor_a,178857,vendor_a,0.6184046472880569,vendor_a,0.13132610139473103,vendor_a,0.18307741866208527,vendor_a,mid,2.4,tiktok,75.8,tiktok · mid,64.7,tiktok
CR00872,instagram,@creator872_instagram,vendor_b,47650.0,vendor_b,0.20402938090241343,vendor_b,0.2290430745421718,vendor_b,,,micro,9.1,instagram,96.6,instagram · micro,,
CR00873,instagram,@creator873_instagram,vendor_a,81114,vendor_a,0.46025347042434106,vendor_a,0.017409627975817174,vendor_a,0.2834922227797291,vendor_a,micro,36.5,instagram,12.4,instagram · micro,88.3,instagram
CR00873,tiktok,@creator873_tiktok,vendor_b,446810.0,vendor_b,5.409113493431212,vendor_b,0.12856457275643454,vendor_b,,,mid,75.6,tiktok,74.5,tiktok · mid,,
CR00873,youtube,@creator873_youtube,vendor_c,12025,vendor_c,0.48415800415800414,vendor_c,0.1612747464992757,vendor_c,0.037037037037037035,vendor_c,micro,12.2,youtube,81.8,youtube · micro,24.2,youtube
CR00874,instagram,,,,,,,,,,,,,,,,,
CR00874,tiktok,,,4301,vendor_c,1.9376889095559173,vendor_c,0.03190978886756238,vendor_c,,,nano,26.7,tiktok,5.7,tiktok · nano,,
CR00874,youtube,@creator874_youtube,vendor_b,49720.0,vendor_b,1.852413515687852,vendor_b,0.08796498905908097,vendor_b,0.2727882037533512,vendor_b,micro,72.3,youtube,46.4,youtube · micro,94.6,youtube
CR00875,instagram,,,283730.0,vendor_b,0.28854544813731364,vendor_b,0.0795190807746452,vendor_b,,,mid,16.1,instagram,46.4,instagram · mid,,
CR00875,tiktok,@creator875_tiktok,vendor_c,44107,vendor_c,2.2867345319337065,vendor_c,0.12120287755153919,vendor_c,,,micro,32.4,tiktok,69.1,tiktok · micro,,
CR00875,youtube,@creator875_youtube,vendor_a,21368,vendor_a,0.375,vendor_a,0.14041735603351657,vendor_a,0.23316912972085385,vendor_a,micro,6.3,youtube,71.8,youtube · micro,90.7,youtube
CR00876,instagram,@creator876_instagram,vendor_b,101460.0,vendor_b,0.3630987581312833,vendor_b,0.08745980707395498,vendor_b,0.2685925015365704,vendor_b,mid,25.3,instagram,53.6,instagram · mid,85.3,instagram
CR00876,tiktok,,,19320.0,vendor_b,3.8337991718426503,vendor_b,0.15550239234449761,vendor_b,,,micro,60.9,tiktok,82.2,tiktok · micro,,
CR00876,youtube,@creator876_youtube,vendor_b,73570.0,vendor_b,1.3583797743645507,vendor_b,0.046068534053746626,vendor_b,0.020515058926233086,vendor_a,micro,54.7,youtube,26.0,youtube · micro,14.0,youtube
CR00878,instagram,@creator878_instagram,vendor_b,32110.0,vendor_b,0.27424478355652443,vendor_b,0.08078088185796028,vendor_b,0.0681063122923588,vendor_b,micro,14.7,instagram,43.6,instagram · micro,23.1,instagram
CR00878,tiktok,@creator878_tiktok,vendor_b,2380.0,vendor_b,3.4235294117647057,vendor_b,,,0.04455445544554455,vendor_b,nano,54.0,tiktok,,,10.4,tiktok
CR00878,youtube,@creator878_youtube,vendor_b,10840.0,vendor_b,1.1281365313653136,vendor_b,0.02199868383942841,vendor_a,0.10062240663900415,vendor_b,micro,43.6,youtube,17.9,youtube · micro,59.3,youtube
CR00880,instagram,@creator880_instagram,vendor_b,41370.0,vendor_b,1.1032148900169205,vendor_b,0.14980544747081712,vendor_b,0.03572567783094099,vendor_b,micro,81.1,instagram,76.3,instagram · micro,11.2,instagram
CR00880,tiktok,https://www.tiktok.com/@creator880_tiktok,vendor_b,155540.0,vendor_b,2.2404707949279423,vendor_a,0.0002419488341886437,vendor_a,0.155702479338843,vendor_b,mid,31.4,tiktok,12.7,tiktok · mid,57.4,tiktok
CR00880,youtube,@creator880_youtube,vendor_a,8358,vendor_a,0.34709260588657576,vendor_a,-0.017399482718081356,vendor_a,0.006688963210702341,vendor_a,nano,5.1,youtube,8.8,youtube · nano,4.8,youtube
CR00881,instagram,https://www.instagram.com/creator881_instagram/,vendor_b,39150.0,vendor_b,0.5766794380587484,vendor_b,-0.15497517807036476,vendor_b,0.19393939393939394,vendor_b,micro,51.6,instagram,0.7,instagram · micro,71.3,instagram
CR00881,tiktok,@creator881_tiktok,vendor_a,6236,vendor_a,3.969211032713278,vendor_a,0.07387635612192182,vendor_a,,,nano,63.1,tiktok,20.8,tiktok · nano,,
CR00881,youtube,@creator881_youtube,vendor_b,521750.0,vendor_b,0.7613224724484906,vendor_b,0.119202883006564,vendor_b,0.006661213041953956,vendor_b,mid,25.6,youtube,69.6,youtube · mid,4.7,youtube
CR00882,instagram,@creator882_instagram,vendor_b,280270.0,vendor_b,2.5718235986727085,vendor_b,-0.09255319496596372,vendor_a,0.05386383897151973,vendor_a,mid,98.3,instagram,1.4,instagram · mid,17.2,instagram
CR00882,tiktok,@creator882_tiktok,vendor_b,109220.0,vendor_b,2.7884178721845814,vendor_b,0.11255984516654782,vendor_b,0.07132158082728425,vendor_b,mid,43.4,tiktok,68.8,tiktok · mid,21.2,tiktok
CR00882,youtube,@creator882_youtube,vendor_a,77823,vendor_a,0.7086722434241806,vendor_a,0.0998940004239983,vendor_a,0.002600780234070221,vendor_a,micro,22.9,youtube,52.6,youtube · micro,3.0,youtube
CR00883,instagram,@creator883_instagram,vendor_b,3767980.0,vendor_b,0.08276132038917404,vendor_b,0.08798960513968093,vendor_b,,,macro,0.9,instagram,47.1,instagram · macro,,
CR00883,tiktok,https://www.tiktok.com/@creator883_tiktok,vendor_b,759270.0,vendor_b,7.187663150131047,vendor_b,0.010070506851137423,vendor_b,0.45769827739752167,vendor_b,mid,87.0,tiktok,15.9,tiktok · mid,98.7,tiktok
CR00883,youtube,@creator883_youtube,vendor_a,210846,vendor_a,0.39761247545602,vendor_a,0.03630197581834267,vendor_a,0.0938398849472675,vendor_a,mid,7.8,youtube,23.6,youtube · mid,55.7,youtube
CR00887,instagram,@creator887_instagram,vendor_b,12610.0,vendor_b,0.4430610626486915,vendor_b,0.132973944294699,vendor_b,0.017361111111111112,vendor_b,micro,33.3,instagram,70.4,instagram · micro,4.4,instagram
CR00887,tiktok,https://www.tiktok.com/@creator887_tiktok,vendor_b,372250.0,vendor_b,5.1524781732706515,vendor_b,0.04602804394863293,vendor_b,0.1423135615053806,vendor_b,mid,73.5,tiktok,32.5,tiktok · mid,53.2,tiktok
CR00887,youtube,,,,,,,,,,,,,,,,,
CR00889,instagram,@creator889_instagram,vendor_b,9370.0,vendor_b,0.6354322305229456,vendor_b,0.08323699421965318,vendor_b,,,nano,57.7,instagram,40.8,instagram · nano,,
CR00889,tiktok,@creator889_tiktok,vendor_a,64513,vendor_a,15.76579914125835,vendor_a,-0.030885246886688998,vendor_a,0.4400911592097961,vendor_a,micro,98.4,tiktok,6.9,tiktok · micro,98.5,tiktok
CR00889,youtube,@creator889_youtube,vendor_a,40539,vendor_a,1.6593157206640519,vendor_a,0.12793188837261066,vendor_a,0.041789940828402365,vendor_a,micro,66.5,youtube,67.2,youtube · micro,27.1,youtube
CR00891,instagram,https://www.instagram.com/creator891_instagram/,vendor_b,125750.0,vendor_b,0.46534393638170973,vendor_b,0.09902115014857542,vendor_b,0.12322791712104689,vendor_b,mid,37.8,instagram,57.9,instagram · mid,46.2,instagram
CR00891,tiktok,@creator891_tiktok,vendor_b,92800.0,vendor_b,1.3101616379310346,vendor_b,0.03455964325529543,vendor_b,0.21211139896373057,vendor_b,micro,11.2,tiktok,23.3,tiktok · micro,71.7,tiktok
CR00891,youtube,@creator891_youtube,vendor_a,1825,vendor_a,2.332054794520548,vendor_a,0.04107244723331432,vendor_a,0.1686046511627907,vendor_a,nano,81.5,youtube,23.8,youtube · nano,78.3,youtube
CR00892,instagram,@creator892_instagram,vendor_c,9226,vendor_c,0.5678517233904183,vendor_c,0.23490831214027574,vendor_c,,,nano,50.9,instagram,95.8,instagram · nano,,
CR00892,tiktok,@creator892_tiktok,vendor_b,285270.0,vendor_b,3.880846215865671,vendor_b,0.1959000586903664,vendor_b,,,mid,61.7,tiktok,96.8,tiktok · mid,,
CR00892,youtube,@creator892_youtube,vendor_b,23400.0,vendor_b,1.643888888888889,vendor_b,0.05595667870036101,vendor_b,0.04823151125401929,vendor_b,micro,65.3,youtube,32.1,youtube · micro,31.2,youtube
CR00894,tiktok,@creator894_tiktok,vendor_b,285960.0,vendor_b,2.326437263953,vendor_b,0.03777898747958628,vendor_b,0.04963919143023621,vendor_b,mid,33.4,tiktok,28.0,tiktok · mid,11.9,tiktok
CR00895,tiktok,https://www.tiktok.com/@creator895_tiktok,vendor_b,53350.0,vendor_b,0.5114714894253045,vendor_a,0.10684647302904564,vendor_b,0.13950276243093923,vendor_b,micro,1.6,tiktok,62.9,tiktok · micro,52.3,tiktok
CR00895,youtube,@creator895_youtube,vendor_a,,,,,,,0.1282051282051282,vendor_a,,,,,,67.9,youtube
CR00897,instagram,@creator897_instagram,vendor_b,5590.0,vendor_b,1.0148479427549195,vendor_b,0.10474308300395258,vendor_b,0.13677811550151975,vendor_b,nano,79.0,instagram,59.2,instagram · nano,51.5,instagram
CR00897,tiktok,@creator897_tiktok,vendor_b,137500.0,vendor_b,1.912050909090909,vendor_b,-0.05034878099316251,vendor_b,0.088091269014378,vendor_b,mid,25.9,tiktok,5.7,tiktok · mid,31.3,tiktok
CR00897,youtube,@creator897_youtube,vendor_b,4023,vendor_a,0.7385036042754164,vendor_a,-0.02449078564500485,vendor_a,0.05652173913043478,vendor_b,nano,24.2,youtube,3.8,youtube · nano,35.3,youtube
CR00899,instagram,@creator899_instagram,vendor_b,247435,vendor_a,0.4432881362782145,vendor_a,,,0.4107255520504732,vendor_a,mid,33.5,instagram,,,98.6,instagram
CR00899,tiktok,@creator899_tiktok,vendor_b,20320.0,vendor_b,3.39990157480315,vendor_b,0.19318849089841456,vendor_b,0.14296754250386398,vendor_b,micro,53.8,tiktok,92.4,tiktok · micro,53.4,tiktok
CR00899,youtube,,,,,,,,,,,,,,,,,
CR00901,instagram,@creator901_instagram,vendor_a,112627,vendor_a,0.14192866719347935,vendor_a,0.0663113147704572,vendor_a,0.07261724659606657,vendor_a,mid,4.5,instagram,37.9,instagram · mid,23.8,instagram
CR00901,tiktok,@creator901_tiktok,vendor_b,650.0,vendor_b,0.7923076923076923,vendor_b,0.17198581560283688,vendor_a,0.13793103448275862,vendor_b,nano,4.1,tiktok,83.0,tiktok · nano,51.9,tiktok
CR00901,youtube,,,1026774,vendor_a,1.5619191759822513,vendor_a,0.12204088100142609,vendor_a,0.19417980662395687,vendor_a,macro,62.1,youtube,64.3,youtube · macro,83.2,youtube
CR00902,instagram,@creator902_instagram,vendor_b,960.0,vendor_b,0.51875,vendor_b,0.10128055878928988,vendor_a,0.4489795918367347,vendor_a,nano,43.9,instagram,52.1,instagram · nano,99.5,instagram
CR00902,youtube,https://youtube.com/@creator902_youtube,vendor_b,50170.0,vendor_b,,EXCLUDED: computed from an outlier (vendor_a),0.04782790309106098,vendor_b,0.02324797843665768,vendor_b,micro,,,27.3,youtube · micro,15.6,youtube
CR00907,tiktok,@creator907_tiktok,vendor_b,216350.0,vendor_b,1.651194823203143,vendor_b,-0.07137951755515495,vendor_b,,,mid,19.8,tiktok,3.2,tiktok · mid,,
CR00908,youtube,@creator908_youtube,vendor_b,99650.0,vendor_b,1.8178223783241345,vendor_b,0.11752831669844117,vendor_b,0.09850842365060629,vendor_a,micro,71.4,youtube,61.4,youtube · micro,58.4,youtube
CR00909,instagram,@creator909_instagram,vendor_b,670.0,vendor_b,0.0955223880597015,vendor_b,0.09075907590759076,vendor_a,,,nano,1.7,instagram,43.7,instagram · nano,,
CR00911,instagram,@creator911_instagram,vendor_a,117080,vendor_a,0.3977451315339938,vendor_a,0.03650979142320904,vendor_a,0.11227510817581417,vendor_a,mid,29.1,instagram,23.6,instagram · mid,40.3,instagram
CR00911,tiktok,@creator911_tiktok,vendor_b,7340.0,vendor_b,3.992234332425068,vendor_b,0.1037593984962406,vendor_b,0.12046869278652508,vendor_b,nano,63.9,tiktok,47.2,tiktok · nano,45.0,tiktok
CR00911,youtube,@creator911_youtube,vendor_a,76933,vendor_a,0.8998219229719366,vendor_a,0.2976369187174254,vendor_a,0.027015793848711556,vendor_a,micro,34.2,youtube,100.0,youtube · micro,17.4,youtube
CR00914,instagram,@creator914_instagram,vendor_a,59393,vendor_a,0.3821325745458219,vendor_a,0.08983980769583647,vendor_a,0.2,vendor_a,micro,27.0,instagram,47.1,instagram · micro,73.0,instagram
CR00914,tiktok,@creator914_tiktok,vendor_b,303830.0,vendor_b,6.330921897113518,vendor_b,0.11085517896969033,vendor_b,0.5012281767518026,vendor_b,mid,81.7,tiktok,68.2,tiktok · mid,99.6,tiktok
CR00914,youtube,@creator914_youtube,vendor_b,19549,vendor_a,1.026497519054683,vendor_a,0.14348385587271875,vendor_a,0.12049689440993788,vendor_b,micro,40.2,youtube,74.4,youtube · micro,65.8,youtube
CR00915,instagram,@creator915_instagram,vendor_b,2320.0,vendor_b,0.8573275862068965,vendor_b,,,0.2638888888888889,vendor_b,nano,72.4,instagram,,,84.6,instagram
CR00916,instagram,@creator916_instagram,vendor_b,2890.0,vendor_b,0.43252595155709345,vendor_b,,,,,nano,32.5,instagram,,,,
CR00916,tiktok,@creator916_tiktok,vendor_b,36880.0,vendor_b,2.378524945770065,vendor_b,0.09794581720750223,vendor_b,0.11492580739016585,vendor_b,micro,34.4,tiktok,56.0,tiktok · micro,42.8,tiktok
CR00916,youtube,@creator916_youtube,vendor_a,33830,vendor_a,1.4980195093112623,vendor_a,0.09659643435980551,vendor_a,0.16019417475728157,vendor_a,micro,59.8,youtube,51.0,youtube · micro,76.2,youtube
CR00919,instagram,@creator919_instagram,vendor_b,8720.0,vendor_b,1.0362385321100918,vendor_b,-0.01429053673905705,vendor_a,0.14102564102564102,vendor_b,nano,79.4,instagram,5.6,instagram · nano,53.4,instagram
CR00919,tiktok,https://www.tiktok.com/@creator919_tiktok,vendor_b,109790.0,vendor_b,3.9236906822114945,vendor_b,0.11033576051779935,vendor_b,0.05720417375860282,vendor_b,mid,62.3,tiktok,67.5,tiktok · mid,14.6,tiktok
CR00919,youtube,@creator919_youtube,vendor_a,28908,vendor_a,0.9661339421613394,vendor_a,0.07540642089207991,vendor_a,0.11157542833263685,vendor_a,micro,37.0,youtube,38.3,youtube · micro,62.9,youtube
CR00923,instagram,@creator923_instagram,vendor_b,86250.0,vendor_b,0.5266550724637681,vendor_b,0.11925772125616403,vendor_b,,"n/a (likes hidden, vendor_b)",micro,45.0,instagram,63.9,instagram · micro,,
CR00923,tiktok,@creator923_tiktok,vendor_b,24980.0,vendor_b,6.731545236188951,vendor_b,0.1308284291534631,vendor_b,,,micro,84.3,tiktok,73.1,tiktok · micro,,
CR00923,youtube,@creator923_youtube,vendor_b,24350.0,vendor_b,0.775564681724846,vendor_b,0.07838795394154119,vendor_b,0.10929853181076672,vendor_b,micro,26.6,youtube,39.6,youtube · micro,62.2,youtube
CR00924,instagram,,,,,,,,,,,,,,,,,
CR00924,tiktok,@creator924_tiktok,vendor_b,60310.0,vendor_b,1.0943458796219532,vendor_b,0.16293868106440418,vendor_b,,,micro,7.9,tiktok,83.3,tiktok · micro,,
CR00926,instagram,,,,,,,,,,,,,,,,,
CR00927,instagram,@creator927_instagram,vendor_b,4130.0,vendor_b,1.3404358353510897,vendor_b,,,0.013477088948787063,vendor_b,nano,86.6,instagram,,,3.3,instagram
CR00927,tiktok,@creator927_tiktok,vendor_b,1109910.0,vendor_b,1.6028506815867953,vendor_b,0.12996691270043267,vendor_b,0.22303918181189966,vendor_b,macro,18.7,tiktok,75.0,tiktok · macro,74.8,tiktok
CR00927,youtube,https://youtube.com/@creator927_youtube,vendor_b,9980.0,vendor_b,0.18116448616798161,vendor_a,0.051633298208640675,vendor_b,0.1651376146788991,vendor_b,nano,0.2,youtube,28.7,youtube · nano,77.6,youtube
CR00928,instagram,@creator928_instagram,vendor_b,311390.0,vendor_b,0.7568290568097884,vendor_b,0.039768932816882596,vendor_b,0.07321009389671361,vendor_a,mid,66.0,instagram,24.3,instagram · mid,24.0,instagram
CR00928,tiktok,@creator928_tiktok,vendor_b,194560.0,vendor_b,5.548483758223684,vendor_b,-0.15742064007622017,vendor_b,0.1710299831150309,vendor_b,mid,76.6,tiktok,0.6,tiktok · mid,61.8,tiktok
CR00928,youtube,@creator928_youtube,vendor_b,19000.0,vendor_b,1.825578947368421,vendor_b,0.2017710309930424,vendor_b,0.08231707317073171,vendor_b,micro,71.6,youtube,92.5,youtube · micro,50.2,youtube
CR00931,youtube,@creator931_youtube,vendor_b,8250.0,vendor_b,1.3407272727272728,vendor_b,0.06727037516170763,vendor_b,,,nano,53.6,youtube,35.0,youtube · nano,,
CR00934,tiktok,https://www.tiktok.com/@creator934_tiktok,vendor_b,,,,,,,0.059088869757120854,vendor_b,,,,,,15.7,tiktok
CR00934,youtube,@creator934_youtube,vendor_a,26909,vendor_a,0.7926344345757925,vendor_a,0.19701957295373665,vendor_a,0.03908794788273615,vendor_a,micro,28.6,youtube,90.9,youtube · micro,25.4,youtube
CR00935,instagram,@creator935_instagram,vendor_b,143990.0,vendor_b,0.87522050142371,vendor_b,0.01216083227892591,vendor_b,,,mid,73.7,instagram,16.4,instagram · mid,,
CR00935,tiktok,@creator935_tiktok,vendor_b,12540.0,vendor_b,1.699043062200957,vendor_b,0.10228127350213086,vendor_a,0.08489304812834225,vendor_b,micro,21.0,tiktok,59.3,tiktok · micro,28.9,tiktok
CR00935,youtube,@creator935_youtube,vendor_a,72737,vendor_a,0.5275169446086586,vendor_a,0.08275030515942719,vendor_a,0.5136334812935954,vendor_a,micro,14.6,youtube,41.6,youtube · micro,99.8,youtube
CR00936,tiktok,@creator936_tiktok,vendor_b,831600.0,vendor_b,2.956287766979477,vendor_a,0.10364963503649635,vendor_b,0.23791681046525004,vendor_b,mid,45.8,tiktok,64.3,tiktok · mid,78.6,tiktok
CR00937,instagram,@creator937_instagram,vendor_b,200360.0,vendor_b,0.5653373926931523,vendor_b,0.1208951048951049,vendor_b,0.13753459655098998,vendor_b,mid,50.5,instagram,69.3,instagram · mid,52.2,instagram
CR00937,tiktok,,,,,,,,,,,,,,,,,
CR00937,youtube,@creator937_youtube,vendor_a,134468,vendor_a,1.464140167177321,vendor_a,0.10727019705041954,vendor_a,0.2143069159988127,vendor_a,mid,58.4,youtube,63.4,youtube · mid,87.8,youtube
CR00938,tiktok,@creator938_tiktok,vendor_b,66740.0,vendor_b,4.250524423134552,vendor_b,-0.020114520628395242,vendor_b,0.08888779817414352,vendor_b,micro,67.2,tiktok,8.4,tiktok · micro,32.2,tiktok
CR00939,tiktok,@creator939_tiktok,vendor_b,498970.0,vendor_b,4.288750826703009,vendor_b,-0.037796247372582296,vendor_b,0.16400105122862346,vendor_a,mid,68.2,tiktok,6.4,tiktok · mid,59.8,tiktok
CR00940,youtube,@creator940_youtube,vendor_b,21170.0,vendor_b,1.111809163911195,vendor_b,0.10837696335078534,vendor_b,0.09806629834254144,vendor_a,micro,43.0,youtube,56.8,youtube · micro,58.1,youtube
CR00942,instagram,,,,,,,,,,,,,,,,,
CR00942,tiktok,https://www.tiktok.com/@creator942_tiktok,vendor_b,168540.0,vendor_b,3.312014951940192,vendor_b,0.18489876265466818,vendor_b,0.05287699760061569,vendor_b,mid,52.7,tiktok,94.9,tiktok · mid,13.0,tiktok
CR00942,youtube,@creator942_youtube,vendor_a,44004,vendor_a,2.4812289791837108,vendor_a,0.12464538553939734,vendor_a,0.060450414855788226,vendor_a,micro,84.3,youtube,64.3,youtube · micro,38.4,youtube
CR00943,youtube,,,,,,,,,,,,,,,,,
CR00949,instagram,@creator949_instagram,vendor_c,38976,vendor_c,0.9334718801313628,vendor_c,0.11919597989949748,vendor_c,,,micro,76.6,instagram,63.6,instagram · micro,,
CR00949,tiktok,@creator949_tiktok,vendor_b,402170.0,vendor_b,6.3202799811025185,vendor_b,0.005324467553244675,vendor_b,0.40915867494211067,vendor_b,mid,81.5,tiktok,14.0,tiktok · mid,97.4,tiktok
CR00950,youtube,@creator950_youtube,vendor_a,73905,vendor_a,0.28443271767810024,vendor_a,0.06103023516237402,vendor_a,0.019672131147540985,vendor_c,micro,2.8,youtube,33.1,youtube · micro,13.3,youtube
CR00952,instagram,@creator952_instagram,vendor_c,7429,vendor_c,0.9220621887198815,vendor_c,0.17213632060586936,vendor_c,,,nano,76.2,instagram,90.1,instagram · nano,,
CR00952,youtube,@creator952_youtube,vendor_b,2310.0,vendor_b,1.4186147186147187,vendor_b,0.24325842696629213,vendor_a,0.1839080459770115,vendor_b,nano,57.0,youtube,96.2,youtube · nano,81.0,youtube
CR00953,instagram,@creator953_instagram,vendor_b,85200.0,vendor_b,0.7357981220657277,vendor_b,0.032852466965692814,vendor_b,0.20019226147560681,vendor_b,micro,64.1,instagram,19.6,instagram · micro,73.2,instagram
CR00953,tiktok,@creator953_tiktok,vendor_c,64060.0,vendor_b,2.250655635341867,vendor_b,,,0.19244314013206162,vendor_b,micro,31.8,tiktok,,,67.3,tiktok
CR00955,instagram,@creator955_instagram,vendor_b,81360.0,vendor_b,0.3375983284169125,vendor_b,-0.029811590746482233,vendor_b,0.22580645161290322,vendor_b,micro,22.7,instagram,3.1,instagram · micro,77.4,instagram
CR00955,tiktok,@creator955_tiktok,vendor_b,72840.0,vendor_b,3.4599395936298736,vendor_b,0.037606837606837605,vendor_b,0.039163532972576354,vendor_b,micro,55.4,tiktok,25.5,tiktok · micro,8.2,tiktok
CR00955,youtube,@creator955_youtube,vendor_b,5630.0,vendor_b,1.6477797513321493,vendor_b,0.23464912280701755,vendor_b,0.05905511811023622,vendor_b,nano,65.4,youtube,93.8,youtube · nano,36.5,youtube
CR00956,instagram,@creator956_instagram,vendor_b,74270.0,vendor_b,0.10611283156052242,vendor_b,0.1292382545233389,vendor_b,0.19933554817275748,vendor_a,micro,2.3,instagram,69.4,instagram · micro,72.7,instagram
CR00956,tiktok,@creator956_tiktok,vendor_b,952460.0,vendor_b,7.508442349285009,vendor_b,0.0621598715318048,vendor_b,0.042859674708905685,vendor_b,mid,88.4,tiktok,42.7,tiktok · mid,9.5,tiktok
CR00956,youtube,@creator956_youtube,vendor_a,10548,vendor_a,1.1294084186575655,vendor_a,0.10798319327731093,vendor_a,0.17678100263852242,vendor_a,micro,43.7,youtube,56.5,youtube · micro,79.9,youtube
CR00959,instagram,@creator959_instagram,vendor_a,1085367,vendor_a,0.12323020692539943,vendor_a,0.08727625710748074,vendor_a,0.23863969510407504,vendor_a,macro,3.4,instagram,41.2,instagram · macro,80.4,instagram
CR00959,tiktok,@creator959_tiktok,vendor_b,516360.0,vendor_b,3.4500426059338447,vendor_b,0.07851369133404348,vendor_b,0.10527637705519813,vendor_b,mid,55.0,tiktok,52.2,tiktok · mid,40.0,tiktok
CR00962,instagram,https://www.instagram.com/creator962_instagram/,vendor_b,44360.0,vendor_b,0.20491433724075744,vendor_b,0.06226053639846743,vendor_b,0.1434878587196468,vendor_b,micro,9.5,instagram,34.4,instagram · micro,55.5,instagram
CR00962,tiktok,https://www.tiktok.com/@creator962_tiktok,vendor_b,20600.0,vendor_b,2.2628155339805827,vendor_b,0.05424769703172978,vendor_b,0.2606889811873931,vendor_b,micro,32.2,tiktok,32.7,tiktok · micro,82.8,tiktok
CR00962,youtube,@creator962_youtube,vendor_a,27902,vendor_a,1.235180273815497,vendor_a,0.010063712713582392,vendor_a,0.022354014598540146,vendor_a,micro,49.2,youtube,13.0,youtube · micro,15.2,youtube
CR00966,instagram,@creator966_instagram,vendor_b,306450.0,vendor_b,0.32910099526839615,vendor_b,0.10675719599841092,vendor_b,0.07835926449787836,vendor_b,mid,21.2,instagram,63.6,instagram · mid,25.4,instagram
CR00967,instagram,@creator967_instagram,vendor_b,17410.0,vendor_b,0.7115450890292935,vendor_b,0.15989340439706862,vendor_b,0.06433408577878104,vendor_b,micro,62.2,instagram,79.0,instagram · micro,21.9,instagram
CR00967,youtube,@creator967_youtube,vendor_b,12540.0,vendor_b,0.5319776714513557,vendor_b,0.19428571428571428,vendor_b,0.23776223776223776,vendor_b,micro,15.2,youtube,90.6,youtube · micro,91.2,youtube
CR00969,tiktok,@creator969_tiktok,vendor_a,30405,vendor_a,3.5868771583621113,vendor_a,0.05642611445050554,vendor_a,0.43590057548671485,vendor_a,micro,57.8,tiktok,33.8,tiktok · micro,98.2,tiktok
CR00969,youtube,@creator969_youtube,vendor_a,1209853,vendor_a,3.3581881435182623,vendor_a,0.12808384266446618,vendor_a,,,macro,91.9,youtube,78.6,youtube · macro,,
CR00970,instagram,https://www.instagram.com/creator970_instagram/,vendor_b,66750.0,vendor_b,0.5777228464419476,vendor_b,0.03600807077448394,vendor_b,0.3656832298136646,vendor_b,micro,52.0,instagram,21.3,instagram · micro,95.6,instagram
CR00971,tiktok,@creator971_tiktok,vendor_b,37910.0,vendor_b,0.945819045106832,vendor_b,0.14635621409132143,vendor_b,0.19119878603945373,vendor_a,micro,6.5,tiktok,79.3,tiktok · micro,66.9,tiktok
CR00971,youtube,https://youtube.com/@creator971_youtube,vendor_b,216530.0,vendor_b,1.3070937052602412,vendor_b,0.04791172627401636,vendor_b,0.2797227972279723,vendor_b,mid,52.4,youtube,29.8,youtube · mid,95.7,youtube
CR00975,instagram,@creator975_instagram,vendor_a,92940,vendor_a,0.12499462018506563,vendor_a,0.06583791098521773,vendor_a,,,micro,3.8,instagram,36.8,instagram · micro,,
CR00975,tiktok,@creator975_tiktok,vendor_b,70660.0,vendor_b,7.135946787432776,vendor_b,0.09993773349937733,vendor_b,0.09757420372744305,vendor_b,micro,86.4,tiktok,57.5,tiktok · micro,36.0,tiktok
CR00975,youtube,https://youtube.com/@creator975_youtube,vendor_b,20752,vendor_a,1.3593388589051658,vendor_a,0.1296679368535656,vendor_a,0.07482993197278912,vendor_b,micro,54.9,youtube,67.9,youtube · micro,46.4,youtube
CR00976,instagram,@creator976_instagram,vendor_b,18970.0,vendor_b,1.2491829204006326,vendor_b,0.1960907944514502,vendor_b,0.32952252858103565,vendor_b,micro,85.1,instagram,90.4,instagram · micro,93.5,instagram
CR00976,tiktok,@creator976_tiktok,vendor_b,4350.0,vendor_b,1.2772413793103448,vendor_b,0.07895392278953922,vendor_c,,,nano,11.0,tiktok,26.4,tiktok · nano,,
CR00976,youtube,https://youtube.com/@creator976_youtube,vendor_b,45980.0,vendor_b,0.9955176861111699,vendor_a,0.054747781098077694,vendor_a,0.2796575621687729,vendor_b,micro,38.6,youtube,29.9,youtube · micro,95.5,youtube
CR00977,instagram,https://www.instagram.com/creator977_instagram/,vendor_b,3050.0,vendor_b,0.4491803278688525,vendor_b,0.12068296468762127,vendor_a,0.04081632653061224,vendor_b,nano,34.8,instagram,62.0,instagram · nano,12.4,instagram
CR00977,tiktok,@creator977_tiktok,vendor_b,29390.0,vendor_b,7.679686968356584,vendor_b,0.06678765880217785,vendor_b,0.15946760421898543,vendor_b,micro,89.0,tiktok,39.3,tiktok · micro,58.5,tiktok
CR00977,youtube,@creator977_youtube,vendor_a,19839,vendor_a,1.0547910680981905,vendor_a,0.03749607781612802,vendor_a,0.08499475341028331,vendor_a,micro,40.6,youtube,22.7,youtube · micro,51.6,youtube
CR00978,tiktok,https://www.tiktok.com/@creator978_tiktok,vendor_b,41700.0,vendor_b,,,0.20069104520587389,vendor_b,0.06624825662482567,vendor_b,micro,,,94.2,tiktok · micro,17.9,tiktok
CR00979,instagram,https://www.instagram.com/creator979_instagram/,vendor_b,12720.0,vendor_b,1.6352987421383647,vendor_b,0.10872152329139749,vendor_c,0.2047244094488189,vendor_b,micro,91.3,instagram,57.4,instagram · micro,74.8,instagram
CR00979,tiktok,https://www.tiktok.com/@creator979_tiktok,vendor_b,4770.0,vendor_b,4.0475890985324945,vendor_b,0.16058394160583941,vendor_b,0.0055671537926235215,vendor_b,nano,65.0,tiktok,71.7,tiktok · nano,0.2,tiktok
CR00979,youtube,@creator979_youtube,vendor_a,386168,vendor_a,0.951484845973773,vendor_a,0.09649812739399687,vendor_a,0.08043751814925951,vendor_a,mid,36.7,youtube,56.5,youtube · mid,49.3,youtube
CR00983,instagram,@creator983_instagram,vendor_b,32180.0,vendor_b,0.44136109384711003,vendor_b,0.11426592797783934,vendor_b,0.23091603053435114,vendor_b,micro,33.1,instagram,60.5,instagram · micro,78.6,instagram
CR00983,tiktok,@creator983_tiktok,vendor_b,,,,,,,0.09870918754745633,vendor_b,,,,,,36.4,tiktok
CR00983,youtube,@creator983_youtube,vendor_a,416856,vendor_a,0.6098700750379028,vendor_a,0.035198990766907884,vendor_a,0.20946169088507266,vendor_a,mid,18.9,youtube,22.4,youtube · mid,86.7,youtube
CR00985,tiktok,@creator985_tiktok,vendor_b,337180.0,vendor_b,13.684939794768374,vendor_b,0.1743112875700902,vendor_b,0.20845941994491857,vendor_b,mid,97.4,tiktok,93.6,tiktok · mid,70.9,tiktok
CR00985,youtube,@creator985_youtube,vendor_b,129680.0,vendor_b,0.47783775447254784,vendor_b,0.0683802932937881,vendor_b,0.2958001448225923,vendor_b,mid,11.6,youtube,41.0,youtube · mid,96.1,youtube
CR00986,instagram,,,,,,,,,,,,,,,,,
CR00986,youtube,@creator986_youtube,vendor_a,2034,vendor_a,0.3647984267453294,vendor_a,-0.014534883720930232,vendor_a,,,nano,5.6,youtube,10.0,youtube · nano,,
CR00990,instagram,@creator990_instagram,vendor_a,14327,vendor_a,0.8785509876457039,vendor_a,0.10701591716890743,vendor_a,0.0625,vendor_a,micro,73.9,instagram,56.0,instagram · micro,20.7,instagram
CR00990,tiktok,@creator990_tiktok,vendor_b,192590.0,vendor_b,4.762869307856067,vendor_b,0.0543055783653583,vendor_b,0.22729952186538,vendor_b,mid,71.1,tiktok,38.9,tiktok · mid,75.9,tiktok
CR00990,youtube,@creator990_youtube,vendor_a,7674,vendor_a,1.2525410476935106,vendor_a,0.19700514740290126,vendor_a,0.025951557093425604,vendor_a,nano,50.4,youtube,87.5,youtube · nano,16.7,youtube
CR00991,instagram,@creator991_instagram,vendor_b,36580.0,vendor_b,0.5195735374521596,vendor_b,0.08320994965946106,vendor_b,,,micro,44.2,instagram,44.7,instagram · micro,,
CR00991,tiktok,,,,,,,,,,,,,,,,,
CR00991,youtube,@creator991_youtube,vendor_b,1016380.0,vendor_b,2.453130718825636,vendor_b,0.007374075762681626,vendor_b,0.03945189525594599,vendor_b,macro,84.0,youtube,28.6,youtube · macro,26.2,youtube
CR00992,instagram,,,,,,,,,,,,,,,,,
CR00992,tiktok,https://www.tiktok.com/@creator992_tiktok,vendor_b,7660.0,vendor_b,3.243627190653213,vendor_a,0.11499272197962154,vendor_b,0.08180708180708181,vendor_a,nano,51.3,tiktok,50.9,tiktok · nano,27.2,tiktok
CR00995,instagram,@creator995_instagram,vendor_a,12726,vendor_a,1.1538582429671538,vendor_a,0.206027293404094,vendor_a,0.029175050301810865,vendor_a,micro,82.4,instagram,92.1,instagram · micro,7.9,instagram
CR00995,tiktok,@creator995_tiktok,vendor_b,34730.0,vendor_b,2.369277281888857,vendor_b,0.18979102432339842,vendor_b,0.27648725212464587,vendor_b,micro,34.2,tiktok,91.3,tiktok · micro,85.7,tiktok
CR00995,youtube,@creator995_youtube,vendor_a,7854,vendor_a,1.508148714031067,vendor_a,0.10216110019646366,vendor_a,0.15630885122410546,vendor_a,nano,60.5,youtube,46.2,youtube · nano,75.3,youtube
CR00998,instagram,@creator998_instagram,vendor_a,8857,vendor_a,1.4633623122953596,vendor_a,0.10408875592121665,vendor_a,,,nano,88.7,instagram,56.3,instagram · nano,,
CR00998,tiktok,@creator998_tiktok,vendor_b,4920.0,vendor_b,,,,,0.2277992277992278,vendor_b,nano,,,,,76.2,tiktok
CR00999,instagram,@creator999_instagram,vendor_a,1998,vendor_a,0.5425425425425425,vendor_a,0.125,vendor_a,0.11475409836065574,vendor_a,nano,47.6,instagram,66.2,instagram · nano,42.0,instagram
CR01000,tiktok,@creator1000_tiktok,vendor_b,73270.0,vendor_b,7.343906100723352,vendor_b,0.03958569807037458,vendor_b,,,micro,87.6,tiktok,26.2,tiktok · micro,,
CR01000,youtube,@creator1000_youtube,vendor_a,83787,vendor_a,0.5315860455679282,vendor_a,0.08968539881130431,vendor_a,0.010167029774872912,vendor_a,micro,15.0,youtube,47.7,youtube · micro,6.5,youtube
CR01001,instagram,@creator1001_instagram,vendor_b,78510.0,vendor_b,0.557597758247357,vendor_b,0.15694076038903626,vendor_b,,,micro,49.0,instagram,78.0,instagram · micro,,
CR01001,tiktok,@creator1001_tiktok,vendor_b,489650.0,vendor_b,,,0.09304194477308748,vendor_b,0.31642786748540674,vendor_b,mid,,,57.3,tiktok · mid,91.4,tiktok
CR01001,youtube,,,,,,,,,,,,,,,,,
CR01002,instagram,@creator1002_instagram,vendor_b,414550.0,vendor_b,0.533655771318297,vendor_b,0.06964082980699762,vendor_b,,"n/a (likes hidden, vendor_b)",mid,46.1,instagram,40.0,instagram · mid,,
CR01002,tiktok,@creator1002_tiktok,vendor_a,155440.0,vendor_b,2.8068386515697377,vendor_b,0.043501611170784105,vendor_b,0.08570151350660962,vendor_b,mid,43.6,tiktok,30.6,tiktok · mid,29.6,tiktok
CR01002,youtube,https://youtube.com/@creator1002_youtube,vendor_b,63750.0,vendor_b,0.7588392156862745,vendor_b,0.10141672425708362,vendor_b,0.05073746312684366,vendor_b,micro,25.4,youtube,53.6,youtube · micro,33.3,youtube
CR01003,instagram,@creator1003_instagram,vendor_b,10010.0,vendor_b,0.44885114885114885,vendor_b,0.1790341578327444,vendor_b,0.1518987341772152,vendor_b,micro,34.6,instagram,86.9,instagram · micro,58.5,instagram
CR01003,tiktok,,,,,,,,,,,,,,,,,
CR01003,youtube,,,,,,,,,,,,,,,,,
CR01004,instagram,@creator1004_instagram,vendor_b,173520.0,vendor_b,0.3997464269248502,vendor_b,0.062063900110172605,vendor_b,0.32344763670064874,vendor_a,mid,29.3,instagram,35.0,instagram · mid,92.5,instagram
CR01004,tiktok,@creator1004_tiktok,vendor_a,5959,vendor_a,5.797784863232086,vendor_a,0.0053990214273662894,vendor_a,0.11445039110745163,vendor_a,nano,78.6,tiktok,3.8,tiktok · nano,42.2,tiktok
CR01004,youtube,@creator1004_youtube,vendor_b,20660.0,vendor_b,2.587512100677638,vendor_b,0.021255561047948592,vendor_b,0.06516072980017376,vendor_b,micro,85.5,youtube,16.9,youtube · micro,41.9,youtube
CR01005,instagram,@creator1005_instagram,vendor_b,71130.0,vendor_b,0.7221706734148742,vendor_b,0.044800235017626325,vendor_b,0.09026548672566372,vendor_b,micro,63.1,instagram,24.1,instagram · micro,32.2,instagram
CR01005,tiktok,,,,,,,,,,,,,,,,,
CR01005,youtube,@creator1005_youtube,vendor_b,32580.0,vendor_b,0.25910808767951626,vendor_a,0.11997249914059814,vendor_b,0.041407867494824016,vendor_b,micro,1.9,youtube,62.7,youtube · micro,26.9,youtube
CR01006,tiktok,,,,,,,,,,,,,,,,,
CR01008,instagram,@creator1008_instagram,vendor_a,62945,vendor_a,0.5637937882278179,vendor_a,0.03129352011141148,vendor_a,0.16089193825042883,vendor_a,micro,49.9,instagram,18.6,instagram · micro,62.5,instagram
CR01008,tiktok,@creator1008_tiktok,vendor_b,194640.0,vendor_b,6.13193588162762,vendor_b,,,0.2459723577823567,vendor_b,mid,80.9,tiktok,,,81.2,tiktok
CR01008,youtube,@creator1008_youtube,vendor_a,101033,vendor_a,2.058416556966536,vendor_a,0.29647499647114683,vendor_a,0.24579753455360479,vendor_a,mid,77.2,youtube,100.0,youtube · mid,92.1,youtube
CR01009,instagram,,,,,,,,,,,,,,,,,
CR01009,youtube,,,,,,,,,,,,,,,,,
CR01011,instagram,@creator1011_instagram,vendor_b,6010.0,vendor_b,1.110981697171381,vendor_b,0.14258555133079848,vendor_b,0.06338028169014084,vendor_b,nano,81.7,instagram,78.9,instagram · nano,21.4,instagram
CR01011,tiktok,@creator1011_tiktok,vendor_b,2940.0,vendor_b,2.1622448979591837,vendor_b,0.1951219512195122,vendor_b,0.2519480519480519,vendor_b,nano,30.3,tiktok,88.7,tiktok · nano,81.9,tiktok
CR01011,youtube,@creator1011_youtube,vendor_b,24770.0,vendor_b,2.0580540976988293,vendor_b,0.18346870520783565,vendor_b,0.06610259122157588,vendor_b,micro,77.1,youtube,88.3,youtube · micro,42.5,youtube
CR01013,instagram,@creator1013_instagram,vendor_b,22200.0,vendor_b,0.528918918918919,vendor_b,0.05263157894736842,vendor_b,0.25738396624472576,vendor_b,micro,45.2,instagram,29.6,instagram · micro,83.4,instagram
CR01013,tiktok,@creator1013_tiktok,vendor_b,17290.0,vendor_b,0.9423366107576634,vendor_b,0.1932367149758454,vendor_b,0.0702247191011236,vendor_a,micro,6.3,tiktok,92.7,tiktok · micro,21.0,tiktok
CR01016,instagram,@creator1016_instagram,vendor_b,910.0,vendor_b,0.7384615384615385,vendor_b,0.24930362116991645,vendor_a,0.0,vendor_b,nano,64.7,instagram,97.2,instagram · nano,1.3,instagram
CR01016,tiktok,@creator1016_tiktok,vendor_b,148240.0,vendor_b,3.2860024284943337,vendor_b,0.10346881048086944,vendor_b,0.11676352508492659,vendor_b,mid,51.9,tiktok,63.7,tiktok · mid,44.2,tiktok
CR01016,youtube,@creator1016_youtube,vendor_a,113703,vendor_a,0.21205245244188808,vendor_a,-0.061856435643564356,vendor_a,0.02193548387096774,vendor_a,mid,1.1,youtube,3.7,youtube · mid,15.1,youtube
CR01017,instagram,@creator1017_instagram,vendor_b,29210.0,vendor_b,0.5183749099269122,vendor_a,0.16281847133757962,vendor_b,0.17539267015706805,vendor_b,micro,43.5,instagram,79.4,instagram · micro,66.9,instagram
CR01017,tiktok,https://www.tiktok.com/@creator1017_tiktok,vendor_b,381600.0,vendor_b,6.045070754716981,vendor_b,0.15956121425749795,vendor_b,0.04314241619466184,vendor_b,mid,80.4,tiktok,89.8,tiktok · mid,9.7,tiktok
CR01017,youtube,@creator1017_youtube,vendor_a,27576,vendor_a,0.46707281694226865,vendor_a,0.24238601549828798,vendor_a,0.05198555956678701,vendor_a,micro,11.1,youtube,97.7,youtube · micro,33.9,youtube
CR01023,instagram,@creator1023_instagram,vendor_b,29750.0,vendor_b,1.2148235294117646,vendor_b,0.17218282111899133,vendor_b,0.060117302052785926,vendor_b,micro,84.1,instagram,83.8,instagram · micro,20.0,instagram
CR01023,tiktok,https://www.tiktok.com/@creator1023_tiktok,vendor_b,51140.0,vendor_b,3.0604028157997654,vendor_b,0.08669783255418614,vendor_b,0.126189676408017,vendor_b,micro,47.2,tiktok,52.7,tiktok · micro,47.7,tiktok
CR01023,youtube,,,,,,,,,,,,,,,,,
CR01025,instagram,https://www.instagram.com/creator1025_instagram/,vendor_b,363560.0,vendor_b,1.5233634063153263,vendor_b,0.22592392770434314,vendor_b,0.058951820765316236,vendor_b,mid,90.0,instagram,96.4,instagram · mid,19.8,instagram
CR01025,tiktok,,,,,,,,,,,,,,,,,
CR01025,youtube,@creator1025_youtube,vendor_b,91550.0,vendor_b,4.305778263244129,vendor_b,0.05254081398022534,vendor_b,0.1719515339004898,vendor_b,micro,95.9,youtube,29.5,youtube · micro,79.2,youtube
CR01029,instagram,https://www.instagram.com/creator1029_instagram/,vendor_b,8590.0,vendor_b,0.7835855646100116,vendor_b,0.06840796019900497,vendor_b,,,nano,67.1,instagram,31.0,instagram · nano,,
CR01030,tiktok,@creator1030_tiktok,vendor_b,43420.0,vendor_b,6.095324735145095,vendor_b,0.062133072407045006,vendor_b,0.32947095593840525,vendor_b,micro,80.6,tiktok,34.9,tiktok · micro,92.9,tiktok
CR01030,youtube,@creator1030_youtube,vendor_a,18968,vendor_a,0.39730071699704766,vendor_a,0.1257641403050626,vendor_a,0.0111731843575419,vendor_a,micro,7.6,youtube,64.9,youtube · micro,7.7,youtube
CR01031,instagram,https://www.instagram.com/creator1031_instagram/,vendor_b,214370.0,vendor_b,0.37869571301954563,vendor_b,0.12879785161392238,vendor_b,0.14784125599651113,vendor_b,mid,26.5,instagram,72.9,instagram · mid,56.6,instagram
CR01031,tiktok,@creator1031_tiktok,vendor_b,1018140.0,vendor_b,4.780613668061367,vendor_b,0.1030291211648466,vendor_b,0.1371090803851753,vendor_b,macro,71.3,tiktok,41.7,tiktok · macro,51.4,tiktok
CR01031,youtube,https://youtube.com/@creator1031_youtube,vendor_b,37140.0,vendor_b,2.2200053850296175,vendor_b,0.14874909354604787,vendor_a,0.007100591715976331,vendor_b,micro,79.9,youtube,77.6,youtube · micro,5.0,youtube
CR01034,instagram,https://www.instagram.com/creator1034_instagram/,vendor_b,650.0,vendor_b,0.12923076923076923,vendor_b,0.07692307692307693,vendor_a,,,nano,4.0,instagram,35.2,instagram · nano,,
CR01034,tiktok,@creator1034_tiktok,vendor_b,986040.0,vendor_b,3.0673177558719726,vendor_b,0.08794809837476415,vendor_b,0.09709398759359929,vendor_b,mid,47.3,tiktok,54.8,tiktok · mid,35.5,tiktok
CR01035,instagram,@creator1035_instagram,vendor_b,99730.0,vendor_b,0.2753835355459741,vendor_b,0.05278158978148422,vendor_b,0.09598603839441536,vendor_b,micro,15.1,instagram,29.9,instagram · micro,35.0,instagram
CR01035,tiktok,@creator1035_tiktok,vendor_a,36008,vendor_a,3.433681404132415,vendor_a,0.03551606131193742,vendor_a,0.10541044776119403,vendor_a,micro,54.2,tiktok,23.6,tiktok · micro,40.2,tiktok
CR01035,youtube,@creator1035_youtube,vendor_a,11335,vendor_a,1.6874283193647992,vendor_a,0.10574578089942445,vendor_a,0.07560137457044673,vendor_a,micro,68.1,youtube,55.5,youtube · micro,47.0,youtube
CR01037,instagram,https://www.instagram.com/creator1037_instagram/,vendor_b,136210.0,vendor_b,0.5183980618163131,vendor_b,0.0020986745213549336,vendor_a,0.06479250334672021,vendor_b,mid,43.7,instagram,12.1,instagram · mid,22.1,instagram
CR01037,tiktok,@creator1037_tiktok,vendor_b,53490.0,vendor_b,,,0.07560828473758295,vendor_b,,,micro,,,44.4,tiktok · micro,,
CR01037,youtube,@creator1037_youtube,vendor_a,154099,vendor_a,0.8704663884905158,vendor_a,0.06289833080424886,vendor_a,0.06063804832277739,vendor_a,mid,32.6,youtube,38.5,youtube · mid,38.7,youtube
CR01039,instagram,https://www.instagram.com/creator1039_instagram/,vendor_b,21530.0,vendor_b,0.8110078959591268,vendor_b,0.02866698518872432,vendor_b,0.3874538745387454,vendor_b,micro,68.6,instagram,16.8,instagram · micro,97.4,instagram
CR01039,tiktok,https://www.tiktok.com/@creator1039_tiktok,vendor_b,2990.0,vendor_b,3.9635451505016723,vendor_b,,,0.06881720430107527,vendor_b,nano,62.9,tiktok,,,19.6,tiktok
CR01039,youtube,@creator1039_youtube,vendor_a,3382,vendor_c,4.514192785334122,vendor_c,0.18917018284106893,vendor_c,0.034958601655933765,vendor_a,nano,96.6,youtube,83.8,youtube · nano,22.8,youtube
CR01045,instagram,,,,,,,,,,,,,,,,,
CR01045,tiktok,,,,,,,,,,,,,,,,,
CR01045,youtube,,,,,,,,,,,,,,,,,
CR01046,instagram,https://www.instagram.com/creator1046_instagram/,vendor_b,14700.0,vendor_b,0.1601360544217687,vendor_b,0.21487603305785125,vendor_b,0.40782122905027934,vendor_b,micro,6.4,instagram,94.5,instagram · micro,98.1,instagram
CR01046,tiktok,https://www.tiktok.com/@creator1046_tiktok,vendor_b,26730.0,vendor_b,3.4478488589599703,vendor_b,0.13455008488964346,vendor_b,,,micro,54.8,tiktok,75.3,tiktok · micro,,
CR01046,youtube,https://youtube.com/@creator1046_youtube,vendor_b,206050.0,vendor_b,0.8967143897112352,vendor_b,0.09588988129760662,vendor_a,0.1960313375650483,vendor_b,mid,34.0,youtube,55.9,youtube · mid,84.2,youtube
CR01047,instagram,@creator1047_instagram,vendor_b,23850.0,vendor_b,0.14940605655010875,vendor_a,0.125,vendor_b,0.13541666666666666,vendor_b,micro,5.5,instagram,68.0,instagram · micro,50.8,instagram
CR01047,tiktok,@creator1047_tiktok,vendor_b,320.0,vendor_b,6.371875,vendor_b,,,0.08264462809917356,vendor_b,nano,81.9,tiktok,,,27.8,tiktok
CR01047,youtube,@creator1047_youtube,vendor_b,1023240.0,vendor_b,1.8284898948438295,vendor_b,0.1770985516916104,vendor_b,0.2138604504646401,vendor_a,macro,71.8,youtube,100.0,youtube · macro,87.6,youtube
CR01049,instagram,@creator1049_instagram,vendor_b,140570.0,vendor_b,,,0.09734582357533177,vendor_b,0.041237113402061855,vendor_b,mid,,,57.1,instagram · mid,12.6,instagram
CR01049,tiktok,@creator1049_tiktok,vendor_b,75520.0,vendor_b,7.449311440677966,vendor_b,-0.007491128926271521,vendor_b,0.3657476198338011,vendor_b,micro,88.2,tiktok,12.4,tiktok · micro,95.1,tiktok
CR01049,youtube,@creator1049_youtube,vendor_b,7460.0,vendor_b,0.717024128686327,vendor_b,0.08272859216255443,vendor_b,0.017582417582417582,vendor_b,nano,23.1,youtube,41.2,youtube · nano,11.3,youtube
CR01050,tiktok,@creator1050_tiktok,vendor_b,546080.0,vendor_b,0.7079768532083212,vendor_b,0.009950064730904384,vendor_b,0.08888578804158236,vendor_b,mid,3.5,tiktok,15.3,tiktok · mid,32.0,tiktok
CR01051,instagram,@creator1051_instagram,vendor_a,39277,vendor_a,1.8700511749879065,vendor_a,0.10272895726879668,vendor_a,0.25902578796561604,vendor_a,micro,94.1,instagram,54.6,instagram · micro,83.9,instagram
CR01051,tiktok,,,13990.0,vendor_b,4.263330950679056,vendor_b,0.05505279034690799,vendor_b,,,micro,67.6,tiktok,33.1,tiktok · micro,,
CR01051,youtube,@creator1051_youtube,vendor_a,995565,vendor_a,0.7334498500851275,vendor_a,0.136954371763803,vendor_a,0.007788585810489083,vendor_a,mid,23.8,youtube,75.8,youtube · mid,5.6,youtube
CR01053,youtube,@creator1053_youtube,vendor_a,8014,vendor_a,0.6902919890192164,vendor_a,0.18096080165045683,vendor_a,0.07407407407407407,vendor_a,nano,21.7,youtube,78.8,youtube · nano,46.1,youtube
CR01054,tiktok,@creator1054_tiktok,vendor_a,11610.0,vendor_b,8.557450473729544,vendor_b,0.17510121457489877,vendor_b,0.2974971558589306,vendor_b,micro,90.8,tiktok,86.5,tiktok · micro,88.1,tiktok
CR01054,youtube,@creator1054_youtube,vendor_c,91536,vendor_c,0.1988725747246985,vendor_c,0.15511584473272425,vendor_c,,,micro,0.7,youtube,79.5,youtube · micro,,
CR01055,instagram,@creator1055_instagram,vendor_b,23430.0,vendor_b,0.10734101579172002,vendor_b,0.16974538192710933,vendor_b,0.1073170731707317,vendor_b,micro,2.5,instagram,82.8,instagram · micro,38.0,instagram
CR01055,tiktok,@creator1055_tiktok,vendor_b,79150.0,vendor_b,1.9213644977890083,vendor_b,0.0076384468491406746,vendor_b,0.1483816729718369,vendor_b,micro,26.1,tiktok,14.9,tiktok · micro,54.7,tiktok
CR01055,youtube,@creator1055_youtube,vendor_b,15350.0,vendor_b,1.0185667752442997,vendor_b,0.0016956890367181895,vendor_a,0.3702290076335878,vendor_b,micro,39.5,youtube,10.1,youtube · micro,98.7,youtube
CR01056,instagram,https://www.instagram.com/creator1056_instagram/,vendor_b,872228,vendor_c,0.8277720962867507,vendor_c,-0.03926104120404639,vendor_c,0.0999566482938007,vendor_b,mid,69.8,instagram,5.7,instagram · mid,36.1,instagram
CR01056,tiktok,@creator1056_tiktok,vendor_b,,,,,,,0.0866273141937215,vendor_b,,,,,,30.2,tiktok
CR01056,youtube,@creator1056_youtube,vendor_b,38170.0,vendor_b,1.495284254650249,vendor_b,0.10158730158730159,vendor_b,0.07890007189072609,vendor_b,micro,59.6,youtube,53.9,youtube · micro,48.7,youtube
CR01057,tiktok,@creator1057_tiktok,vendor_b,119110.0,vendor_b,2.4273696582990514,vendor_b,0.010863107867266401,vendor_b,0.23509607488914436,vendor_b,mid,36.0,tiktok,16.6,tiktok · mid,77.5,tiktok
CR01059,instagram,https://www.instagram.com/creator1059_instagram/,vendor_b,,,,,,,,"n/a (likes hidden, vendor_b)",,,,,,,
CR01059,tiktok,,,,,,,,,,,,,,,,,
CR01059,youtube,https://youtube.com/@creator1059_youtube,vendor_b,39990.0,vendor_b,1.2838709677419355,vendor_b,0.21957913998170173,vendor_b,0.03692651995524058,vendor_b,micro,51.7,youtube,94.2,youtube · micro,24.0,youtube
CR01060,instagram,https://www.instagram.com/creator1060_instagram/,vendor_b,20750.0,vendor_b,0.6663132530120482,vendor_b,0.1054874800213106,vendor_b,,,micro,59.4,instagram,55.3,instagram · micro,,
CR01061,instagram,@creator1061_instagram,vendor_b,24060.0,vendor_b,,,0.05249343832020997,vendor_b,,"n/a (likes hidden, vendor_b)",micro,,,29.2,instagram · micro,,
CR01061,tiktok,https://www.tiktok.com/@creator1061_tiktok,vendor_b,8030.0,vendor_b,2.491282689912827,vendor_b,0.15208034433285508,vendor_b,0.025495750708215296,vendor_b,nano,38.3,tiktok,67.9,tiktok · nano,5.5,tiktok
CR01061,youtube,@creator1061_youtube,vendor_b,14870.0,vendor_b,1.2829271540817686,vendor_a,0.2527379949452401,vendor_b,0.1257396449704142,vendor_b,micro,51.5,youtube,98.4,youtube · micro,66.8,youtube
CR01064,instagram,@creator1064_instagram,vendor_b,4457,vendor_c,0.7881983396903747,vendor_c,0.12806884333080232,vendor_c,,"n/a (likes hidden, vendor_b)",nano,67.5,instagram,70.4,instagram · nano,,
CR01064,tiktok,@creator1064_tiktok,vendor_a,2200,vendor_a,10.830454545454545,vendor_a,0.20087336244541484,vendor_a,0.24392712550607287,vendor_a,nano,95.5,tiktok,92.5,tiktok · nano,81.0,tiktok
CR01064,youtube,@creator1064_youtube,vendor_a,28479,vendor_a,0.31317813125460864,vendor_a,0.1712041454186544,vendor_a,0.017673048600883652,vendor_a,micro,4.1,youtube,85.7,youtube · micro,11.8,youtube
CR01071,instagram,@creator1071_instagram,vendor_b,58970.0,vendor_b,0.1227742920128879,vendor_b,-0.011565538048944016,vendor_b,0.09752321981424149,vendor_b,micro,3.2,instagram,7.9,instagram · micro,35.7,instagram
CR01071,tiktok,@creator1071_tiktok,vendor_a,71595,vendor_a,7.0514002374467495,vendor_a,0.09248634296700949,vendor_a,0.06599023497101007,vendor_a,micro,86.1,tiktok,54.2,tiktok · micro,17.7,tiktok
CR01071,youtube,@creator1071_youtube,vendor_a,806898,vendor_a,0.5808367352503042,vendor_a,0.09225954392737924,vendor_a,,,mid,17.1,youtube,53.4,youtube · mid,,
CR01073,instagram,https://www.instagram.com/creator1073_instagram/,vendor_b,3660.0,vendor_b,1.7185792349726776,vendor_b,0.1509433962264151,vendor_b,,,nano,92.4,instagram,83.1,instagram · nano,,
CR01073,tiktok,@creator1073_tiktok,vendor_b,68280.0,vendor_b,3.1112038664323376,vendor_b,0.1332780082987552,vendor_b,,,micro,48.1,tiktok,73.8,tiktok · micro,,
CR01073,youtube,@creator1073_youtube,vendor_b,9130.0,vendor_b,0.7070098576122672,vendor_b,0.21733333333333332,vendor_b,0.0,vendor_b,nano,22.4,youtube,91.2,youtube · nano,0.9,youtube
CR01077,instagram,@creator1077_instagram,vendor_b,10440.0,vendor_b,0.7113026819923371,vendor_b,0.13849509269356597,vendor_b,0.10903426791277258,vendor_b,micro,62.0,instagram,73.2,instagram · micro,39.6,instagram
CR01077,tiktok,,,5020.0,vendor_b,3.500597609561753,vendor_b,0.16744186046511628,vendor_b,0.11602209944751381,vendor_b,nano,56.2,tiktok,79.2,tiktok · nano,43.5,tiktok
CR01077,youtube,@creator1077_youtube,vendor_c,176433,vendor_c,1.0812376369500036,vendor_c,,,,,mid,41.4,youtube,,,,
CR01078,instagram,@creator1078_instagram,vendor_b,262020.0,vendor_b,0.6588199374093581,vendor_b,0.16598433606265575,vendor_b,0.11873603574848388,vendor_b,mid,58.8,instagram,82.9,instagram · mid,44.3,instagram
CR01078,tiktok,@creator1078_tiktok,vendor_b,4140.0,vendor_b,,,,,0.18319719953325556,vendor_b,nano,,,,,64.9,tiktok
CR01078,youtube,@creator1078_youtube,vendor_a,38272,vendor_a,1.0974602842809364,vendor_a,0.12267527134056908,vendor_a,0.14699331848552338,vendor_a,micro,42.3,youtube,63.6,youtube · micro,72.4,youtube
CR01079,tiktok,https://www.tiktok.com/@creator1079_tiktok,vendor_b,39400.0,vendor_b,5.35502538071066,vendor_b,0.10456966638631904,vendor_b,0.27087023261305937,vendor_b,micro,74.9,tiktok,60.7,tiktok · micro,84.3,tiktok
CR01081,instagram,@creator1081_instagram,vendor_b,,,,,,,0.015311362151059658,vendor_b,,,,,,3.7,instagram
CR01081,tiktok,@creator1081_tiktok,vendor_b,,,,,,,0.02142857142857143,vendor_b,,,,,,4.4,tiktok
CR01081,youtube,https://youtube.com/@creator1081_youtube,vendor_b,9440.0,vendor_b,0.639406779661017,vendor_b,0.12114014251781473,vendor_b,0.05905511811023622,vendor_b,nano,19.8,youtube,56.2,youtube · nano,36.5,youtube
CR01084,youtube,@creator1084_youtube,vendor_a,198002,vendor_a,1.6761042817749316,vendor_a,0.012197366268607885,vendor_a,0.21534034034034033,vendor_a,mid,67.2,youtube,14.9,youtube · mid,88.2,youtube
CR01085,instagram,@creator1085_instagram,vendor_b,13090.0,vendor_b,1.2314744079449962,vendor_b,0.02310744573251381,vendor_a,0.022954091816367265,vendor_b,micro,84.5,instagram,14.1,instagram · micro,6.8,instagram
CR01085,tiktok,@creator1085_tiktok,vendor_b,106120.0,vendor_b,11.57357708254806,vendor_b,0.015794007849143296,vendor_b,0.04780246913580247,vendor_b,mid,96.7,tiktok,19.1,tiktok · mid,11.5,tiktok
CR01085,youtube,@creator1085_youtube,vendor_a,90099,vendor_a,1.253887390537076,vendor_a,0.057078161297134944,vendor_a,0.028052805280528052,vendor_a,micro,50.6,youtube,32.8,youtube · micro,18.8,youtube
CR01086,instagram,@creator1086_instagram,vendor_b,2750.0,vendor_b,0.29709090909090907,vendor_b,0.15850622406639003,vendor_a,0.05,vendor_a,nano,17.2,instagram,85.9,instagram · nano,14.9,instagram
CR01088,instagram,@creator1088_instagram,vendor_b,29080.0,vendor_b,0.4923658872077029,vendor_b,,,0.06555555555555556,vendor_b,micro,41.2,instagram,,,22.4,instagram
CR01088,tiktok,@creator1088_tiktok,vendor_b,48150.0,vendor_b,6.877673935617861,vendor_b,0.011767177978566926,vendor_b,0.0826951889462294,vendor_b,micro,85.1,tiktok,16.4,tiktok · micro,28.0,tiktok
CR01091,tiktok,,,,,,,,,,,,,,,,,
CR01091,youtube,@creator1091_youtube,vendor_a,36469,vendor_a,6.221804820532507,vendor_a,0.0550235774004108,vendor_a,0.08381044354004277,vendor_a,micro,98.8,youtube,30.8,youtube · micro,51.4,youtube
CR01092,instagram,@creator1092_instagram,vendor_b,55030.0,vendor_b,0.3280029075049973,vendor_b,0.03149015932521087,vendor_b,0.25162337662337664,vendor_b,micro,20.6,instagram,18.9,instagram · micro,82.3,instagram
CR01092,tiktok,@creator1092_tiktok,vendor_b,168470.0,vendor_b,3.1394194812132725,vendor_b,-0.016865079365079364,vendor_b,,,mid,48.7,tiktok,8.9,tiktok · mid,,
CR01092,youtube,@creator1092_youtube,vendor_a,218124,vendor_a,0.46354825695475965,vendor_a,0.16780614730620352,vendor_a,0.06077003121748179,vendor_a,mid,10.9,youtube,87.6,youtube · mid,38.9,youtube
CR01093,instagram,@creator1093_instagram,vendor_b,17500.0,vendor_b,0.7327428571428571,vendor_b,0.05042016806722689,vendor_b,0.458808618504436,vendor_b,micro,63.9,instagram,28.2,instagram · micro,99.8,instagram
CR01093,tiktok,,,,,,,,,,,,,,,,,
CR01093,youtube,@creator1093_youtube,vendor_a,56690,vendor_a,0.6685482448403599,vendor_a,0.13095000598491802,vendor_a,0.162406015037594,vendor_a,micro,20.8,youtube,68.8,youtube · micro,77.1,youtube
CR01096,tiktok,@creator1096_tiktok,vendor_b,268570.0,vendor_b,4.224894813270283,vendor_b,0.08478067695290412,vendor_b,0.005794371637907641,vendor_b,mid,67.0,tiktok,54.1,tiktok · mid,0.4,tiktok
CR01096,youtube,@creator1096_youtube,vendor_a,106247,vendor_a,1.16497406985609,vendor_a,0.20289608948667437,vendor_a,0.08146351324034769,vendor_a,mid,46.2,youtube,95.0,youtube · mid,49.6,youtube
CR01100,tiktok,@creator1100_tiktok,vendor_a,35302,vendor_a,5.272024247917965,vendor_a,0.18606370111544146,vendor_a,0.07639550390550581,vendor_a,micro,74.5,tiktok,90.2,tiktok · micro,23.6,tiktok
CR01101,instagram,https://www.instagram.com/creator1101_instagram/,vendor_b,3604745,vendor_c,0.8118848906094606,vendor_c,0.0906650320157793,vendor_c,0.1071577523008054,vendor_b,macro,68.8,instagram,52.9,instagram · macro,37.5,instagram
CR01101,tiktok,https://www.tiktok.com/@creator1101_tiktok,vendor_b,116250.0,vendor_b,1.5804129032258065,vendor_b,0.19267466912896275,vendor_b,0.386118038237739,vendor_b,mid,18.1,tiktok,96.2,tiktok · mid,96.7,tiktok
CR01102,instagram,@creator1102_instagram,vendor_b,,,,,,,0.3112719751809721,vendor_b,,,,,,91.6,instagram
CR01102,tiktok,@creator1102_tiktok,vendor_b,66550.0,vendor_b,5.189166040570999,vendor_b,0.11194653299916457,vendor_b,0.23908037153604053,vendor_b,micro,73.7,tiktok,65.1,tiktok · micro,79.0,tiktok
CR01102,youtube,@creator1102_youtube,vendor_a,13412,vendor_a,0.7084700268416344,vendor_a,0.015983637603211878,vendor_a,0.24907749077490776,vendor_a,micro,22.8,youtube,15.3,youtube · micro,92.7,youtube
CR01103,instagram,@creator1103_instagram,vendor_b,624180.0,vendor_b,0.47544618539523853,vendor_b,-0.03675925925925926,vendor_b,0.2179054054054054,vendor_b,mid,39.1,instagram,7.1,instagram · mid,76.2,instagram
CR01103,tiktok,@creator1103_tiktok,vendor_b,22330.0,vendor_b,9.462203313927452,vendor_b,0.08135593220338982,vendor_b,0.07947548460661345,vendor_b,micro,92.7,tiktok,48.0,tiktok · micro,25.2,tiktok
CR01103,youtube,@creator1103_youtube,vendor_b,49970.0,vendor_b,3.2816690014008407,vendor_b,-0.011567502848425159,vendor_a,0.11413553594893937,vendor_b,micro,90.8,youtube,7.1,youtube · micro,63.4,youtube
CR01105,instagram,@creator1105_instagram,vendor_b,9240.0,vendor_b,0.17305194805194804,vendor_b,0.13096695226438188,vendor_b,0.0,vendor_b,nano,7.0,instagram,71.8,instagram · nano,1.3,instagram
CR01105,tiktok,@creator1105_tiktok,vendor_b,178430.0,vendor_b,1.8411197668553494,vendor_b,0.07197356563532592,vendor_b,0.2604394511831378,vendor_b,mid,24.8,tiktok,47.1,tiktok · mid,82.6,tiktok
CR01105,youtube,@creator1105_youtube,vendor_a,65222,vendor_a,2.026095489252093,vendor_a,0.12706284884826072,vendor_a,0.1536045233233862,vendor_a,micro,76.7,youtube,66.2,youtube · micro,74.0,youtube
CR01106,instagram,@creator1106_instagram,vendor_b,41140.0,vendor_b,1.7097492617987087,vendor_a,-0.026272189349112424,vendor_b,0.13428047662694775,vendor_a,micro,92.2,instagram,4.5,instagram · micro,50.3,instagram
CR01106,youtube,@creator1106_youtube,vendor_a,29179,vendor_a,0.4761986360053463,vendor_a,0.05594759888539066,vendor_a,0.03889789303079417,vendor_a,micro,11.5,youtube,31.8,youtube · micro,25.3,youtube
CR01108,youtube,@creator1108_youtube,vendor_a,56771,vendor_a,0.6975392365820577,vendor_a,0.11919172005914243,vendor_a,0.05303030303030303,vendor_a,micro,22.0,youtube,62.0,youtube · micro,34.2,youtube
CR01109,tiktok,@creator1109_tiktok,vendor_b,387410.0,vendor_b,2.0685552773547404,vendor_b,-0.06890669733232711,vendor_c,0.19395903010033444,vendor_b,mid,28.9,tiktok,3.8,tiktok · mid,68.2,tiktok
CR01111,tiktok,@creator1111_tiktok,vendor_b,170760.0,vendor_b,1.958690559850082,vendor_b,0.10789593200544995,vendor_b,,,mid,27.1,tiktok,66.2,tiktok · mid,,
CR01111,youtube,@creator1111_youtube,vendor_a,113361,vendor_a,0.968604722964688,vendor_a,0.05261154185431079,vendor_a,0.10172859129743692,vendor_a,mid,37.4,youtube,33.5,youtube · mid,60.0,youtube
CR01112,youtube,@creator1112_youtube,vendor_a,81607,vendor_a,0.5357628634798486,vendor_a,0.047237122398172626,vendor_a,0.08186813186813187,vendor_a,micro,15.3,youtube,26.9,youtube · micro,50.0,youtube
CR01118,instagram,@creator1118_instagram,vendor_b,14960.0,vendor_b,1.3960561497326203,vendor_b,0.029593943565037854,vendor_b,,"n/a (likes hidden, vendor_b)",micro,87.9,instagram,17.9,instagram · micro,,
CR01119,instagram,https://www.instagram.com/creator1119_instagram/,vendor_b,339130.0,vendor_b,0.5419042844926725,vendor_b,0.04773232822540781,vendor_b,0.15113732097725358,vendor_b,mid,47.4,instagram,28.6,instagram · mid,58.3,instagram
CR01119,tiktok,,,,,,,,,,,,,,,,,
CR01119,youtube,@creator1119_youtube,vendor_a,9713,vendor_a,0.592504890353135,vendor_a,0.024361948955916472,vendor_a,0.15403422982885084,vendor_a,nano,18.2,youtube,18.8,youtube · nano,74.2,youtube
CR01121,instagram,,,,,,,,,,,,,,,,,
CR01121,tiktok,@creator1121_tiktok,vendor_b,43870.0,vendor_b,5.397173467061774,vendor_b,0.12863390789812196,vendor_b,0.08203431647415049,vendor_b,micro,75.4,tiktok,72.0,tiktok · micro,27.4,tiktok
CR01121,youtube,@creator1121_youtube,vendor_a,15198,vendor_a,3.5644821687064088,vendor_a,0.1776830685780705,vendor_a,0.09007187780772687,vendor_a,micro,92.9,youtube,86.7,youtube · micro,54.1,youtube
CR01123,instagram,@creator1123_instagram,vendor_b,1336470.0,vendor_b,0.4182809939617051,vendor_b,0.09539538390925185,vendor_b,0.09097583767187291,vendor_a,macro,30.8,instagram,58.8,instagram · macro,32.9,instagram
CR01127,tiktok,,,,,,,,,,,,,,,,,
CR01127,youtube,@creator1127_youtube,vendor_a,,,,,,,0.032780410742496054,vendor_a,,,,,,21.9,youtube
CR01129,instagram,@creator1129_instagram,vendor_b,15810.0,vendor_b,0.638393421884883,vendor_b,0.14898255813953487,vendor_b,0.018234165067178502,vendor_b,micro,57.8,instagram,75.9,instagram · micro,5.1,instagram
CR01129,tiktok,@creator1129_tiktok,vendor_b,70360.0,vendor_b,9.849502558271745,vendor_b,0.17875691070531077,vendor_b,0.09678480929344786,vendor_b,micro,93.9,tiktok,88.4,tiktok · micro,35.1,tiktok
CR01130,tiktok,@creator1130_tiktok,vendor_b,,,,,,,0.23029390546093284,vendor_b,,,,,,76.8,tiktok
CR01130,youtube,@creator1130_youtube,vendor_a,78212,vendor_a,1.809517721065821,vendor_a,0.003026572278649841,vendor_a,0.04381520119225037,vendor_a,micro,71.3,youtube,10.7,youtube · micro,28.7,youtube
CR01132,instagram,@creator1132_instagram,vendor_b,51170.0,vendor_b,2.2770177838577292,vendor_b,0.05353098620547663,vendor_b,0.10781476121562952,vendor_b,micro,96.6,instagram,30.6,instagram · micro,38.9,instagram
CR01132,tiktok,@creator1132_tiktok,vendor_b,63110.0,vendor_b,4.580922199334496,vendor_b,-0.10798586572438162,vendor_b,0.12803421651946897,vendor_b,micro,69.7,tiktok,1.8,tiktok · micro,48.6,tiktok
CR01133,instagram,@creator1133_instagram,vendor_b,655880.0,vendor_b,3.390562297981338,vendor_b,-0.04232920116226437,vendor_b,0.3987068742564527,vendor_b,mid,99.2,instagram,5.0,instagram · mid,97.7,instagram
CR01134,instagram,@creator1134_instagram,vendor_b,82830.0,vendor_b,0.9594349873234336,vendor_b,0.11811555075593952,vendor_b,,,micro,77.7,instagram,62.5,instagram · micro,,
CR01134,tiktok,@creator1134_tiktok,vendor_b,418030.0,vendor_b,4.9494462119943545,vendor_b,0.10921537930851487,vendor_b,0.13556384964009596,vendor_b,mid,72.1,tiktok,66.9,tiktok · mid,51.0,tiktok
CR01134,youtube,@creator1134_youtube,vendor_b,16350.0,vendor_b,1.014434250764526,vendor_b,0.054838709677419356,vendor_b,0.20444154147615937,vendor_a,micro,39.2,youtube,30.5,youtube · micro,86.2,youtube
CR01136,instagram,@creator1136_instagram,vendor_b,127280.0,vendor_b,0.5647391577624136,vendor_b,0.10294627383015598,vendor_b,0.17521584560690706,vendor_b,mid,50.3,instagram,60.0,instagram · mid,66.4,instagram
CR01136,tiktok,@creator1136_tiktok,vendor_b,44570.0,vendor_b,3.5614538927529726,vendor_b,0.03723528042820572,vendor_b,,,micro,57.4,tiktok,25.1,tiktok · micro,,
CR01136,youtube,@creator1136_youtube,vendor_a,671365,vendor_a,1.1663268117938825,vendor_a,0.10515667902364506,vendor_a,0.13698592058263492,vendor_a,mid,46.4,youtube,61.5,youtube · mid,70.3,youtube
CR01138,instagram,,,,,,,,,,,,,,,,,
CR01138,tiktok,@creator1138_tiktok,vendor_b,2440.0,vendor_b,0.43688524590163935,vendor_b,,,0.3055555555555556,vendor_b,nano,1.0,tiktok,,,89.4,tiktok
CR01138,youtube,@creator1138_youtube,vendor_a,147996,vendor_a,0.5874347955350144,vendor_a,0.099377497808614,vendor_a,0.14985531211244316,vendor_a,mid,17.6,youtube,57.8,youtube · mid,73.3,youtube
CR01140,tiktok,@creator1140_tiktok,vendor_b,116900.0,vendor_b,1.8311976047904193,vendor_b,0.16643384553981241,vendor_b,0.08068459657701711,vendor_b,mid,24.4,tiktok,91.7,tiktok · mid,26.3,tiktok
CR01143,instagram,@creator1143_instagram,vendor_b,2350.0,vendor_b,,,,,0.05668016194331984,vendor_b,nano,,,,,18.2,instagram
CR01143,youtube,@creator1143_youtube,vendor_b,57230.0,vendor_b,0.5773894810414119,vendor_b,0.06256962495358337,vendor_b,0.08719135802469136,vendor_b,micro,16.9,youtube,33.8,youtube · micro,53.0,youtube
CR01144,instagram,@creator1144_instagram,vendor_b,74040.0,vendor_b,0.8941112911939492,vendor_b,0.1733755942947702,vendor_b,,"n/a (likes hidden, vendor_b)",micro,74.5,instagram,84.9,instagram · micro,,
CR01144,tiktok,@creator1144_tiktok,vendor_a,233135,vendor_a,7.956874772127737,vendor_a,0.14188944290430336,vendor_a,0.0902296535052377,vendor_a,mid,89.6,tiktok,82.2,tiktok · mid,32.9,tiktok
CR01144,youtube,@creator1144_youtube,vendor_b,880980.0,vendor_b,0.8768746169039024,vendor_b,-0.06739075203252033,vendor_b,0.17225064366201892,vendor_a,mid,33.3,youtube,2.5,youtube · mid,79.4,youtube
CR01145,instagram,@creator1145_instagram,vendor_a,5541,vendor_a,0.38170005414185165,vendor_a,0.09053335957488683,vendor_a,0.19230769230769232,vendor_a,nano,26.7,instagram,42.3,instagram · nano,70.4,instagram
CR01145,tiktok,@creator1145_tiktok,vendor_b,39990.0,vendor_b,2.7277319329832457,vendor_b,0.14748923959827834,vendor_b,,,micro,42.6,tiktok,80.0,tiktok · micro,,
CR01145,youtube,@creator1145_youtube,vendor_b,16850.0,vendor_b,2.1478338278931752,vendor_b,-0.03824200913242009,vendor_b,0.15614617940199335,vendor_a,micro,78.8,youtube,3.6,youtube · micro,75.1,youtube
CR01146,instagram,@creator1146_instagram,vendor_b,344680.0,vendor_b,0.3875478704885691,vendor_b,0.18933094096131947,vendor_b,0.20050265289025412,vendor_b,mid,28.0,instagram,92.9,instagram · mid,73.4,instagram
CR01146,tiktok,https://www.tiktok.com/@creator1146_tiktok,vendor_b,30250.0,vendor_b,1.8426776859504133,vendor_b,,,0.2897395002658161,vendor_b,micro,25.0,tiktok,,,87.2,tiktok
CR01147,instagram,@creator1147_instagram,vendor_a,140009,vendor_a,0.40647386953695835,vendor_a,0.0852233090982374,vendor_a,0.33066554338668913,vendor_a,mid,30.1,instagram,51.4,instagram · mid,93.7,instagram
CR01147,tiktok,@creator1147_tiktok,vendor_b,3680.0,vendor_b,2.101358695652174,vendor_b,0.13230769230769232,vendor_b,0.06401137980085349,vendor_b,nano,29.5,tiktok,60.4,tiktok · nano,17.4,tiktok
CR01147,youtube,@creator1147_youtube,vendor_a,230133,vendor_a,1.1279564425788566,vendor_a,0.029908256880733945,vendor_a,0.1012829169480081,vendor_a,mid,43.4,youtube,21.7,youtube · mid,59.9,youtube
CR01148,instagram,@creator1148_instagram,vendor_b,113540.0,vendor_b,0.3509512066232165,vendor_b,0.05497429124015284,vendor_c,,,mid,24.2,instagram,31.4,instagram · mid,,
CR01148,tiktok,@creator1148_tiktok,vendor_b,59920.0,vendor_b,1.849349132176235,vendor_b,-0.08295071931435567,vendor_b,0.23732132367338946,vendor_b,micro,25.1,tiktok,2.5,tiktok · micro,78.4,tiktok
CR01148,youtube,https://youtube.com/@creator1148_youtube,vendor_b,156480.0,vendor_b,0.19590362985685073,vendor_b,0.01557632398753894,vendor_b,0.5606060606060606,vendor_b,mid,0.5,youtube,18.6,youtube · mid,100.0,youtube
CR01149,tiktok,@creator1149_tiktok,vendor_b,,,,,,,0.4784924211388775,vendor_b,,,,,,99.1,tiktok
CR01151,instagram,@creator1151_instagram,vendor_a,73175,vendor_a,0.8523812777587974,vendor_a,0.16302171079818176,vendor_a,,,micro,71.6,instagram,79.7,instagram · micro,,
CR01151,youtube,,,,,,,,,,,,,,,,,
CR01152,tiktok,@creator1152_tiktok,vendor_c,37478,vendor_c,3.8518063930839426,vendor_c,-0.01329542163599505,vendor_c,,,micro,61.3,tiktok,10.5,tiktok · micro,,
CR01156,instagram,@creator1156_instagram,vendor_b,1330960.0,vendor_b,0.4433656909298551,vendor_b,0.16915995397008055,vendor_b,0.25337916569564206,vendor_b,macro,33.6,instagram,94.1,instagram · macro,82.5,instagram
CR01156,tiktok,@creator1156_tiktok,vendor_b,24010.0,vendor_b,2.2947938359017077,vendor_b,0.1341521020311762,vendor_b,0.0755813953488372,vendor_b,micro,32.8,tiktok,74.9,tiktok · micro,22.5,tiktok
CR01156,youtube,@creator1156_youtube,vendor_a,38513,vendor_a,1.2500714044608314,vendor_a,0.032547789484972785,vendor_a,0.02253349573690621,vendor_a,micro,50.1,youtube,21.1,youtube · micro,15.4,youtube
CR01160,instagram,@creator1160_instagram,vendor_c,,,,,,,,,,,,,,,
CR01160,tiktok,https://www.tiktok.com/@creator1160_tiktok,vendor_b,,,,,,,,,,,,,,,
CR01160,youtube,@creator1160_youtube,vendor_a,,,,,,,0.02457002457002457,vendor_a,,,,,,15.9,youtube
CR01161,youtube,@creator1161_youtube,vendor_a,33001,vendor_a,2.2213569285779218,vendor_a,0.1432481119656343,vendor_a,0.19758707033917597,vendor_a,micro,80.1,youtube,74.0,youtube · micro,84.8,youtube
CR01165,instagram,@creator1165_instagram,vendor_b,24490.0,vendor_b,0.19138423846467947,vendor_b,0.10067415730337079,vendor_b,0.12987012987012986,vendor_b,micro,8.1,instagram,52.9,instagram · micro,47.8,instagram
CR01165,youtube,@creator1165_youtube,vendor_a,11749,vendor_a,3.22461486083922,vendor_a,0.0639319025627094,vendor_a,0.138255033557047,vendor_a,micro,90.5,youtube,34.7,youtube · micro,70.4,youtube
CR01168,instagram,@creator1168_instagram,vendor_b,18230.0,vendor_b,1.6815139879319803,vendor_b,0.1641123882503193,vendor_b,0.36896877956480606,vendor_b,micro,91.9,instagram,80.1,instagram · micro,95.8,instagram
CR01168,tiktok,@creator1168_tiktok,vendor_b,50490.0,vendor_b,1.3453159041394336,vendor_b,0.07884615384615384,vendor_b,0.0582010582010582,vendor_b,micro,12.2,tiktok,46.9,tiktok · micro,15.2,tiktok
CR01168,youtube,@creator1168_youtube,vendor_a,16070.0,vendor_b,1.2248911014312382,vendor_b,0.14133522727272727,vendor_b,0.02936096718480138,vendor_b,micro,48.7,youtube,72.1,youtube · micro,19.4,youtube
CR01172,instagram,@creator1172_instagram,vendor_b,5620.0,vendor_b,0.946085409252669,vendor_b,,,0.18048780487804877,vendor_b,nano,76.9,instagram,,,68.1,instagram
CR01172,tiktok,@creator1172_tiktok,vendor_b,7460.0,vendor_b,1.1601876675603218,vendor_b,0.07803468208092486,vendor_b,0.09767441860465116,vendor_b,nano,9.0,tiktok,22.6,tiktok · nano,36.2,tiktok
CR01172,youtube,@creator1172_youtube,vendor_a,10074,vendor_a,0.4289259479849116,vendor_a,0.11475047028881266,vendor_a,0.39705882352941174,vendor_a,micro,9.5,youtube,60.4,youtube · micro,98.9,youtube
CR01174,tiktok,@creator1174_tiktok,vendor_b,14480.0,vendor_b,2.4169198895027626,vendor_b,0.0781831720029784,vendor_b,0.253797158255757,vendor_b,micro,35.8,tiktok,45.5,tiktok · micro,82.3,tiktok
CR01174,youtube,@creator1174_youtube,vendor_b,103920.0,vendor_b,1.1999037721324095,vendor_b,0.08873755893137769,vendor_b,0.04133896029157875,vendor_c,mid,47.6,youtube,52.2,youtube · mid,26.7,youtube
CR01175,instagram,@creator1175_instagram,vendor_a,17498,vendor_a,0.7018516401874499,vendor_a,0.10831010894350139,vendor_a,0.09250585480093677,vendor_a,micro,61.4,instagram,56.7,instagram · micro,33.1,instagram
CR01175,tiktok,@creator1175_tiktok,vendor_b,17080.0,vendor_b,2.9338407494145198,vendor_b,0.199438202247191,vendor_b,0.011994669035984007,vendor_b,micro,45.2,tiktok,93.8,tiktok · micro,1.3,tiktok
CR01175,youtube,@creator1175_youtube,vendor_b,190350.0,vendor_b,0.24288941423693197,vendor_b,0.013254551261577771,vendor_b,0.3184855233853007,vendor_b,mid,1.6,youtube,15.5,youtube · mid,97.3,youtube
CR01178,tiktok,,,16630.0,vendor_b,1.4794347564642212,vendor_b,0.030998140111593304,vendor_b,,,micro,16.1,tiktok,21.8,tiktok · micro,,
CR01179,instagram,https://www.instagram.com/creator1179_instagram/,vendor_b,98760.0,vendor_b,0.5254151478331308,vendor_b,0.13373895075192285,vendor_b,,,micro,44.8,instagram,71.5,instagram · micro,,
CR01179,youtube,@creator1179_youtube,vendor_b,,,,,,,0.018361581920903956,vendor_b,,,,,,12.0,youtube
CR01181,instagram,@creator1181_instagram,vendor_a,24264,vendor_a,0.7401912298054731,vendor_a,0.21229078191356482,vendor_a,0.08465608465608465,vendor_a,micro,64.8,instagram,93.5,instagram · micro,28.7,instagram
CR01181,tiktok,@creator1181_tiktok,vendor_b,125700.0,vendor_b,8.30011137629276,vendor_b,0.014527845036319613,vendor_b,0.2526462516879383,vendor_b,mid,90.4,tiktok,18.5,tiktok · mid,82.1,tiktok
CR01181,youtube,@creator1181_youtube,vendor_b,45940.0,vendor_b,0.8073791902481497,vendor_b,0.1115412533268812,vendor_b,0.2726506531816266,vendor_b,micro,29.1,youtube,58.8,youtube · micro,94.4,youtube
CR01184,instagram,@creator1184_instagram,vendor_b,78770.0,vendor_b,0.17443189031357115,vendor_b,0.09692243420136472,vendor_b,,"n/a (likes hidden, vendor_b)",micro,7.4,instagram,49.8,instagram · micro,,
CR01184,tiktok,,,169140.0,vendor_b,7.220799337826652,vendor_b,0.12176681257461201,vendor_b,0.07637281378600823,vendor_b,mid,87.4,tiktok,72.0,tiktok · mid,23.4,tiktok
CR01184,youtube,@creator1184_youtube,vendor_a,152454,vendor_a,4.621315281986698,vendor_a,-0.129311920317997,vendor_a,0.03920869013637805,vendor_a,mid,97.0,youtube,1.2,youtube · mid,25.6,youtube
CR01187,instagram,@creator1187_instagram,vendor_a,10563,vendor_a,1.068257123923128,vendor_a,,,0.0965391621129326,vendor_a,micro,80.3,instagram,,,35.2,instagram
CR01187,tiktok,@creator1187_tiktok,vendor_b,28430.0,vendor_b,2.7087583538515654,vendor_b,0.04177354342249908,vendor_b,0.04120488775220233,vendor_b,micro,42.2,tiktok,26.9,tiktok · micro,8.8,tiktok
CR01187,youtube,@creator1187_youtube,vendor_a,44651,vendor_a,0.5154867752122013,vendor_a,0.11335244981922453,vendor_a,0.22420723537293435,vendor_a,micro,13.8,youtube,59.4,youtube · micro,89.8,youtube
CR01189,instagram,https://www.instagram.com/creator1189_instagram/,vendor_b,1100.0,vendor_b,0.23636363636363636,vendor_b,0.0635673624288425,vendor_a,0.0,vendor_b,nano,11.3,instagram,29.6,instagram · nano,1.3,instagram
CR01189,youtube,@creator1189_youtube,vendor_a,192880,vendor_a,2.100616963915388,vendor_a,0.05426559972014518,vendor_a,0.05544701832728626,vendor_a,mid,78.1,youtube,35.4,youtube · mid,34.9,youtube
CR01191,instagram,@creator1191_instagram,vendor_b,350990.0,vendor_b,0.2317786831533662,vendor_b,0.1835379012678716,vendor_b,,,mid,11.0,instagram,90.0,instagram · mid,,
CR01191,tiktok,,,,,,,,,,,,,,,,,
CR01191,youtube,@creator1191_youtube,vendor_a,22258,vendor_a,9.11937280977626,vendor_a,0.08332522145429767,vendor_a,0.24812882739850306,vendor_a,micro,99.8,youtube,41.9,youtube · micro,92.3,youtube
CR01193,tiktok,@creator1193_tiktok,vendor_a,9139,vendor_a,1.7933034248823723,vendor_a,0.05082212257100149,vendor_a,0.16420664206642066,vendor_a,nano,23.6,tiktok,15.1,tiktok · nano,60.0,tiktok
CR01193,youtube,@creator1193_youtube,vendor_b,74070.0,vendor_b,1.9572836506007831,vendor_b,0.21966079367693067,vendor_b,0.013839285714285714,vendor_b,micro,76.2,youtube,94.5,youtube · micro,9.7,youtube
CR01194,instagram,,,,,,,,,,,,,,,,,
CR01194,tiktok,,,,,,,,,,,,,,,,,
CR01194,youtube,@creator1194_youtube,vendor_b,2980.0,vendor_b,3.790604026845638,vendor_b,0.16693037974683544,vendor_a,0.057391304347826085,vendor_b,nano,93.7,youtube,77.5,youtube · nano,35.7,youtube
CR01199,instagram,@creator1199_instagram,vendor_a,31160,vendor_a,1.3830551989730424,vendor_a,0.013300380475431693,vendor_a,0.1320043103448276,vendor_a,micro,87.1,instagram,11.7,instagram · micro,48.7,instagram
CR01199,tiktok,@creator1199_tiktok,vendor_b,6970.0,vendor_b,12.479196556671448,vendor_b,0.07894736842105263,vendor_b,0.06870772516909933,vendor_b,nano,97.2,tiktok,24.5,tiktok · nano,19.4,tiktok
CR01199,youtube,@creator1199_youtube,vendor_a,222676,vendor_a,1.3998365337979846,vendor_a,0.07823493237910313,vendor_a,0.20132476916900843,vendor_a,mid,56.1,youtube,47.8,youtube · mid,85.5,youtube
CR01200,instagram,@creator1200_instagram,vendor_a,3207,vendor_a,0.4583723105706268,vendor_a,0.09753593429158111,vendor_a,0.08888888888888889,vendor_a,nano,36.3,instagram,47.9,instagram · nano,31.2,instagram
CR01200,tiktok,https://www.tiktok.com/@creator1200_tiktok,vendor_b,46690.0,vendor_b,5.550139216106232,vendor_b,0.09369875849144998,vendor_b,,,micro,76.8,tiktok,54.5,tiktok · micro,,
CR01200,youtube,@creator1200_youtube,vendor_a,173865,vendor_a,0.7790239553676703,vendor_a,0.17147862412828893,vendor_a,,,mid,27.3,youtube,88.2,youtube · mid,,
CR01201,instagram,@creator1201_instagram,vendor_b,29520.0,vendor_b,0.8422425474254742,vendor_b,0.08330275229357798,vendor_b,0.1721311475409836,vendor_b,micro,71.1,instagram,45.0,instagram · micro,65.5,instagram
CR01201,tiktok,@creator1201_tiktok,vendor_b,193090.0,vendor_b,5.688751359469677,vendor_b,-0.010505278261760786,vendor_b,0.06848834019204389,vendor_b,mid,78.0,tiktok,9.6,tiktok · mid,19.2,tiktok
CR01201,youtube,@creator1201_youtube,vendor_b,74700.0,vendor_b,1.9378045515394913,vendor_b,0.07317930617467973,vendor_a,0.2037888285276501,vendor_b,micro,75.0,youtube,37.7,youtube · micro,85.8,youtube
CR01204,instagram,@creator1204_instagram,vendor_b,15950.0,vendor_b,0.40206896551724136,vendor_b,0.09924190213645762,vendor_b,0.28054298642533937,vendor_b,micro,29.5,instagram,52.2,instagram · micro,87.6,instagram
CR01204,tiktok,@creator1204_tiktok,vendor_a,57158,vendor_a,15.713618391126351,vendor_a,0.17623574926945715,vendor_a,0.26622174445340263,vendor_a,micro,98.2,tiktok,87.3,tiktok · micro,83.7,tiktok
CR01205,instagram,@creator1205_instagram,vendor_b,27550,vendor_b,0.5469328493647913,vendor_b,0.07281931464174454,vendor_b,,,micro,48.4,instagram,39.9,instagram · micro,,
CR01207,instagram,https://www.instagram.com/creator1207_instagram/,vendor_b,,,,,,,0.3767123287671233,vendor_b,,,,,,96.7,instagram
CR01208,tiktok,@creator1208_tiktok,vendor_b,126120.0,vendor_b,0.842570567713289,vendor_b,0.09204260109100355,vendor_b,0.21345811051693406,vendor_b,mid,4.7,tiktok,56.7,tiktok · mid,72.8,tiktok
CR01208,youtube,@creator1208_youtube,vendor_a,23165,vendor_a,,,0.13995374243393532,vendor_a,0.18677685950413223,vendor_a,micro,,,71.1,youtube · micro,81.7,youtube
CR01213,instagram,@creator1213_instagram,vendor_b,4190.0,vendor_b,0.17732696897374703,vendor_b,,,0.0,vendor_b,nano,7.6,instagram,,,1.3,instagram
CR01213,tiktok,https://www.tiktok.com/@creator1213_tiktok,vendor_b,65960.0,vendor_b,2.954093389933293,vendor_b,0.059598393574297186,vendor_b,0.15609483960948395,vendor_b,micro,45.6,tiktok,34.5,tiktok · micro,57.8,tiktok
CR01213,youtube,@creator1213_youtube,vendor_b,12140.0,vendor_b,0.6028006589785831,vendor_b,-0.04559748427672956,vendor_b,0.22602739726027396,vendor_a,micro,18.5,youtube,2.9,youtube · micro,90.0,youtube
CR01215,instagram,,,,,,,,,,,,,,,,,
CR01215,tiktok,@creator1215_tiktok,vendor_b,68320.0,vendor_b,10.52309718969555,vendor_b,0.22043586995355485,vendor_b,0.32981822104752145,vendor_b,micro,94.9,tiktok,96.7,tiktok · micro,93.2,tiktok
CR01215,youtube,@creator1215_youtube,vendor_a,42608,vendor_a,0.8325197146075854,vendor_a,0.020624236472081826,vendor_a,0.2397918334667734,vendor_a,micro,30.7,youtube,16.2,youtube · micro,91.6,youtube
CR01217,instagram,@creator1217_instagram,vendor_b,43060.0,vendor_b,0.7869716674407803,vendor_b,0.17521834061135372,vendor_b,,,micro,67.3,instagram,85.6,instagram · micro,,
CR01217,tiktok,@creator1217_tiktok,vendor_b,56740.0,vendor_b,1.7287099048290449,vendor_b,0.1444130697862041,vendor_b,0.015503875968992248,vendor_b,micro,22.2,tiktok,78.2,tiktok · micro,2.0,tiktok
CR01217,youtube,@creator1217_youtube,vendor_a,307636,vendor_a,0.9671007294334864,vendor_a,0.057637234375376024,vendor_a,0.05127103472968134,vendor_a,mid,37.2,youtube,36.6,youtube · mid,33.5,youtube
CR01218,instagram,,,,,,,,,,,,,,,,,
CR01218,youtube,@creator1218_youtube,vendor_b,21700.0,vendor_b,1.4719815668202765,vendor_b,0.14754098360655737,vendor_b,,,micro,58.7,youtube,76.3,youtube · micro,,
CR01219,tiktok,,,48650.0,vendor_b,1.64688591983556,vendor_b,-0.018163471241170535,vendor_b,0.05715263518138262,vendor_b,micro,19.6,tiktok,9.1,tiktok · micro,14.3,tiktok
CR01219,youtube,,,,,,,,,,,,,,,,,
CR01220,instagram,@creator1220_instagram,vendor_b,24200.0,vendor_b,0.9107851239669421,vendor_b,,,0.33504624871531347,vendor_b,micro,75.4,instagram,,,94.4,instagram
CR01220,tiktok,@creator1220_tiktok,vendor_b,40920.0,vendor_b,4.00405669599218,vendor_b,0.14750420639371845,vendor_b,0.1179975016815605,vendor_b,micro,64.2,tiktok,80.4,tiktok · micro,44.4,tiktok
CR01220,youtube,,,,,,,,,,,,,,,,,
CR01222,instagram,https://www.instagram.com/creator1222_instagram/,vendor_b,53700.0,vendor_b,0.5591433891992551,vendor_b,0.06042654028436019,vendor_b,,"n/a (likes hidden, vendor_b)",micro,49.1,instagram,33.0,instagram · micro,,
CR01222,tiktok,@creator1222_tiktok,vendor_b,17565,vendor_c,3.7730714489040706,vendor_c,0.08513004262679928,vendor_c,,,micro,60.1,tiktok,50.9,tiktok · micro,,
CR01222,youtube,@creator1222_youtube,vendor_b,30750.0,vendor_b,0.8213983739837398,vendor_b,0.056338028169014086,vendor_b,0.09271523178807947,vendor_b,micro,30.0,youtube,32.5,youtube · micro,55.2,youtube
CR01223,instagram,@creator1223_instagram,vendor_b,56720.0,vendor_b,0.09456981664315937,vendor_b,0.1711748915961181,vendor_b,0.4088397790055249,vendor_b,micro,1.5,instagram,83.5,instagram · micro,98.4,instagram
CR01223,tiktok,@creator1223_tiktok,vendor_b,45330.0,vendor_b,4.562982572247959,vendor_b,0.017280071813285457,vendor_b,0.10374407104652336,vendor_b,micro,69.5,tiktok,17.5,tiktok · micro,38.9,tiktok
CR01223,youtube,@creator1223_youtube,vendor_a,337181,vendor_a,1.4944169452015386,vendor_a,0.15778250867012328,vendor_a,0.27363544686751545,vendor_a,mid,59.4,youtube,85.7,youtube · mid,94.8,youtube
CR01224,instagram,@creator1224_instagram,vendor_b,44020.0,vendor_b,0.4516356201726488,vendor_b,0.015689893862482696,vendor_b,,"n/a (likes hidden, vendor_b)",micro,35.5,instagram,12.0,instagram · micro,,
CR01224,tiktok,@creator1224_tiktok,vendor_c,539450.0,vendor_b,3.6184817870052832,vendor_b,0.07670352480938884,vendor_b,0.10469292529324566,vendor_b,mid,58.5,tiktok,49.7,tiktok · mid,39.3,tiktok
CR01224,youtube,@creator1224_youtube,vendor_a,53822,vendor_a,1.6895135818066962,vendor_a,0.1632410469212648,vendor_a,0.09659163987138264,vendor_a,micro,68.4,youtube,83.4,youtube · micro,57.2,youtube
CR01227,instagram,@creator1227_instagram,vendor_b,234840.0,vendor_b,0.5608243910747743,vendor_b,0.18456494325346784,vendor_b,0.10747861438129923,vendor_b,mid,49.3,instagram,91.4,instagram · mid,38.5,instagram
CR01228,instagram,@creator1228_instagram,vendor_a,94730.0,vendor_b,0.5055948485168373,vendor_b,0.03421126426368127,vendor_a,0.10757291945410757,vendor_a,micro,41.8,instagram,20.3,instagram · micro,38.7,instagram
CR01228,tiktok,,,,,,,,,,,,,,,,,
CR01228,youtube,@creator1228_youtube,vendor_a,771,vendor_a,1.7730220492866406,vendor_a,0.04755434782608696,vendor_a,0.03076923076923077,vendor_a,nano,70.7,youtube,27.5,youtube · nano,19.9,youtube
CR01229,instagram,@creator1229_instagram,vendor_b,26300.0,vendor_b,2.5253992395437264,vendor_b,0.22041763341067286,vendor_b,,,micro,97.9,instagram,95.2,instagram · micro,,
CR01229,tiktok,https://www.tiktok.com/@creator1229_tiktok,vendor_b,,,,,,,0.11056105610561057,vendor_b,,,,,,41.5,tiktok
CR01229,youtube,@creator1229_youtube,vendor_a,11445,vendor_a,0.9341197029270424,vendor_a,-0.011145671332296526,vendor_a,0.036511156186612576,vendor_a,micro,35.3,youtube,7.5,youtube · micro,23.8,youtube
CR01230,instagram,,,,,,,,,,,,,,,,,
CR01231,youtube,@creator1231_youtube,vendor_a,641662,vendor_a,1.9294877988723036,vendor_a,0.05051169841963691,vendor_a,0.15468762998086683,vendor_a,mid,74.4,youtube,31.1,youtube · mid,74.6,youtube
CR01232,tiktok,@creator1232_tiktok,vendor_b,4500.0,vendor_b,2.5615555555555556,vendor_b,,,0.06329113924050633,vendor_b,nano,39.7,tiktok,,,17.0,tiktok
CR01232,youtube,,,,,,,,,,,,,,,,,
CR01233,instagram,@creator1233_instagram,vendor_b,34990.0,vendor_b,0.4636753358102315,vendor_b,0.19763640079013692,vendor_a,0.03048780487804878,vendor_b,micro,37.4,instagram,90.7,instagram · micro,8.4,instagram
CR01233,tiktok,@creator1233_tiktok,vendor_b,104540.0,vendor_b,6.443275301320069,vendor_b,-0.13774331903662157,vendor_b,,,mid,82.7,tiktok,1.3,tiktok · mid,,
CR01233,youtube,@creator1233_youtube,vendor_a,41579,vendor_a,1.4253830058442964,vendor_a,0.11141108230199674,vendor_a,,,micro,57.3,youtube,58.4,youtube · micro,,
CR01235,instagram,@creator1235_instagram,vendor_b,77050.0,vendor_b,0.8735885788449059,vendor_b,0.08643542019176537,vendor_b,,,micro,73.5,instagram,46.0,instagram · micro,,
CR01235,tiktok,@creator1235_tiktok,vendor_c,325830,vendor_c,3.1390817297363656,vendor_c,0.16968154421082485,vendor_c,,,mid,48.5,tiktok,93.0,tiktok · mid,,
CR01235,youtube,@creator1235_youtube,vendor_a,172603,vendor_a,0.7343846862453144,vendor_a,0.08391055067476341,vendor_a,0.27128191151085673,vendor_a,mid,24.0,youtube,49.7,youtube · mid,94.3,youtube
CR01236,instagram,https://www.instagram.com/creator1236_instagram/,vendor_b,15810.0,vendor_b,0.6022770398481974,vendor_b,0.14731494920174165,vendor_b,0.2205128205128205,vendor_b,micro,54.3,instagram,75.3,instagram · micro,76.9,instagram
CR01236,tiktok,@creator1236_tiktok,vendor_b,45610.0,vendor_b,3.476649857487393,vendor_b,0.05019571724614322,vendor_b,0.15343640379368584,vendor_b,micro,56.0,tiktok,30.5,tiktok · micro,57.2,tiktok
CR01236,youtube,@creator1236_youtube,vendor_b,24930.0,vendor_b,0.8253910950661854,vendor_b,0.22086190009794318,vendor_b,0.046632124352331605,vendor_b,micro,30.3,youtube,94.8,youtube · micro,30.5,youtube
CR01239,tiktok,@creator1239_tiktok,vendor_b,91120.0,vendor_b,4.718711589113258,vendor_b,0.22968960863697707,vendor_b,0.0760025873221216,vendor_b,micro,70.7,tiktok,97.1,tiktok · micro,23.2,tiktok
CR01239,youtube,@creator1239_youtube,vendor_b,48650.0,vendor_b,2.6470298047276466,vendor_b,-0.03164808917197452,vendor_b,0.27503049638735105,vendor_b,micro,86.2,youtube,4.5,youtube · micro,95.0,youtube
CR01240,instagram,@creator1240_instagram,vendor_b,49575,vendor_a,0.6750579929399899,vendor_a,0.20266369083719463,vendor_a,0.13314527503526094,vendor_b,micro,59.7,instagram,91.8,instagram · micro,49.7,instagram
CR01240,tiktok,,,,,,,,,,,,,,,,,
CR01240,youtube,@creator1240_youtube,vendor_a,42701,vendor_a,1.7061895505960047,vendor_a,-0.02066418971606807,vendor_a,0.012351778656126482,vendor_a,micro,68.6,youtube,5.5,youtube · micro,8.4,youtube
CR01241,instagram,@creator1241_instagram,vendor_a,16509,vendor_a,1.5145720609936055,vendor_c,-0.19432921770533404,vendor_a,,"n/a (likes hidden, vendor_a)",micro,89.6,instagram,0.3,instagram · micro,,
CR01241,tiktok,@creator1241_tiktok,vendor_b,595450.0,vendor_b,2.614029725417751,vendor_b,-0.0052955130132638405,vendor_b,0.0966574839302112,vendor_b,mid,40.5,tiktok,11.5,tiktok · mid,34.9,tiktok
CR01241,youtube,@creator1241_youtube,vendor_b,83350.0,vendor_b,0.4589322135572885,vendor_b,0.051602321473631085,vendor_b,0.20738137082601055,vendor_c,micro,10.8,youtube,28.6,youtube · micro,86.6,youtube
CR01243,instagram,@creator1243_instagram,vendor_a,172805,vendor_a,0.28055322473308064,vendor_a,0.2568001978239367,vendor_a,0.2596980255516841,vendor_a,mid,15.3,instagram,98.6,instagram · mid,84.1,instagram
CR01243,tiktok,@creator1243_tiktok,vendor_b,49830.0,vendor_b,1.983082480433474,vendor_b,0.08302542925450988,vendor_b,0.21053787047200878,vendor_b,micro,27.3,tiktok,49.1,tiktok · micro,71.1,tiktok
CR01243,youtube,@creator1243_youtube,vendor_b,270550.0,vendor_b,2.3613491036776937,vendor_b,0.1436361330684364,vendor_b,0.05301047120418848,vendor_b,mid,82.0,youtube,79.5,youtube · mid,34.1,youtube
CR01246,youtube,@creator1246_youtube,vendor_b,582380.0,vendor_b,0.5389848552491501,vendor_b,0.2206665269335569,vendor_b,0.07194915254237289,vendor_a,mid,15.5,youtube,96.9,youtube · mid,45.2,youtube
CR01248,instagram,@creator1248_instagram,vendor_b,39320.0,vendor_b,0.3938962360122075,vendor_b,0.01891681782845297,vendor_b,0.15249472944483486,vendor_b,micro,28.7,instagram,12.7,instagram · micro,59.0,instagram
CR01248,tiktok,@creator1248_tiktok,vendor_c,78717,vendor_c,7.821753877815466,vendor_c,0.04139545959676139,vendor_c,,,micro,89.4,tiktok,26.5,tiktok · micro,,
CR01248,youtube,@creator1248_youtube,vendor_a,90993,vendor_a,0.30450694009429297,vendor_a,0.23031679714436376,vendor_a,0.034303534303534305,vendor_a,micro,3.9,youtube,95.8,youtube · micro,22.6,youtube
CR01249,instagram,@creator1249_instagram,vendor_b,18840.0,vendor_b,0.6138004246284501,vendor_b,0.07167235494880546,vendor_b,0.12195121951219512,vendor_b,micro,55.4,instagram,38.5,instagram · micro,45.7,instagram
CR01249,tiktok,@creator1249_tiktok,vendor_b,9240.0,vendor_b,5.207467532467533,vendor_b,0.09869203329369798,vendor_b,0.15047446904654316,vendor_b,nano,74.1,tiktok,43.4,tiktok · nano,55.2,tiktok
CR01249,youtube,@creator1249_youtube,vendor_b,106910.0,vendor_b,3.4245346553175566,vendor_b,-0.020252932551319647,vendor_b,0.16547442725238712,vendor_b,mid,92.2,youtube,9.3,youtube · mid,77.8,youtube
CR01253,instagram,@creator1253_instagram,vendor_b,98700.0,vendor_b,0.12020263424518744,vendor_b,0.1677709417889257,vendor_b,0.3739495798319328,vendor_b,micro,3.0,instagram,81.4,instagram · micro,96.3,instagram
CR01253,tiktok,@creator1253_tiktok,vendor_b,330670.0,vendor_b,11.451773671636374,vendor_b,0.011068643938235744,vendor_b,0.13485853511935428,vendor_b,mid,96.5,tiktok,17.2,tiktok · mid,50.8,tiktok
CR01253,youtube,@creator1253_youtube,vendor_a,40693,vendor_a,2.2761162853562036,vendor_a,0.07055852253295099,vendor_a,0.11799519141853153,vendor_a,micro,80.8,youtube,36.0,youtube · micro,65.1,youtube
CR01254,instagram,@creator1254_instagram,vendor_b,50400.0,vendor_b,0.44628968253968254,vendor_b,0.07600341588385995,vendor_b,0.24954954954954955,vendor_b,micro,34.2,instagram,40.9,instagram · micro,82.1,instagram
CR01254,tiktok,@creator1254_tiktok,vendor_b,13960.0,vendor_b,6.096131805157593,vendor_b,0.01153818928293339,vendor_a,0.18722676297281884,vendor_b,micro,80.7,tiktok,16.0,tiktok · micro,66.0,tiktok
CR01254,youtube,@creator1254_youtube,vendor_a,187470.0,vendor_b,2.7954179335360325,vendor_b,0.14150885952627412,vendor_b,0.18834426862215362,vendor_b,mid,87.8,youtube,77.6,youtube · mid,82.1,youtube
CR01255,instagram,@creator1255_instagram,vendor_b,93860.0,vendor_b,0.8615597698700191,vendor_b,-0.1227217496962333,vendor_b,0.08426348058481371,vendor_b,micro,73.2,instagram,1.0,instagram · micro,28.4,instagram
CR01255,tiktok,@creator1255_tiktok,vendor_b,49050.0,vendor_b,0.8123343527013251,vendor_b,0.0012951744307499477,vendor_a,0.1302839116719243,vendor_b,micro,4.3,tiktok,12.7,tiktok · micro,49.2,tiktok
CR01255,youtube,https://youtube.com/@creator1255_youtube,vendor_b,4824440.0,vendor_b,3.62213396788021,vendor_b,0.10391253709691074,vendor_b,0.050640645601235525,vendor_b,macro,93.5,youtube,50.0,youtube · macro,33.2,youtube
CR01257,tiktok,@creator1257_tiktok,vendor_b,172540.0,vendor_b,2.8321142923380087,vendor_b,0.026473912784817658,vendor_b,0.37419313401201065,vendor_b,mid,44.0,tiktok,23.6,tiktok · mid,95.8,tiktok
CR01263,tiktok,https://www.tiktok.com/@creator1263_tiktok,vendor_b,43020.0,vendor_b,9.966643421664342,vendor_b,0.07442557442557443,vendor_b,0.2176536451853695,vendor_b,micro,94.1,tiktok,43.6,tiktok · micro,73.7,tiktok
CR01266,instagram,@creator1266_instagram,vendor_b,13310.0,vendor_b,0.22607062359128474,vendor_b,0.059713375796178345,vendor_b,0.12030075187969924,vendor_b,micro,10.6,instagram,31.6,instagram · micro,45.0,instagram
CR01266,tiktok,@creator1266_tiktok,vendor_b,77739,vendor_a,1.2381558805747437,vendor_a,0.21264448500163788,vendor_a,0.06766642282370154,vendor_b,micro,10.6,tiktok,96.0,tiktok · micro,18.5,tiktok
CR01266,youtube,@creator1266_youtube,vendor_b,27170.0,vendor_b,3.379757085020243,vendor_b,-0.06696428571428571,vendor_b,0.18227724385079003,vendor_b,micro,92.1,youtube,1.3,youtube · micro,80.8,youtube
CR01268,instagram,@creator1268_instagram,vendor_b,64560.0,vendor_b,1.7063816604708797,vendor_b,-0.018397445643910597,vendor_b,0.16371134020618558,vendor_b,micro,92.1,instagram,6.5,instagram · micro,64.1,instagram
CR01268,tiktok,https://www.tiktok.com/@creator1268_tiktok,vendor_b,21500.0,vendor_b,1.9303255813953488,vendor_b,-0.03974988834301027,vendor_b,0.153434800493624,vendor_b,micro,26.3,tiktok,5.5,tiktok · micro,57.0,tiktok
CR01268,youtube,@creator1268_youtube,vendor_a,90701,vendor_a,0.728404317482718,vendor_a,0.046727138438812724,vendor_a,0.12039460438896718,vendor_a,micro,23.6,youtube,26.6,youtube · micro,65.4,youtube
CR01269,tiktok,@creator1269_tiktok,vendor_b,279470.0,vendor_b,1.9554084517121695,vendor_b,0.09484447230275014,vendor_b,0.15265819324859914,vendor_b,mid,26.9,tiktok,59.2,tiktok · mid,56.3,tiktok
CR01270,instagram,,,,,,,,,,,,,,,,,
CR01270,tiktok,https://www.tiktok.com/@creator1270_tiktok,vendor_b,366330.0,vendor_b,0.5587994431250511,vendor_b,0.053126347563605,vendor_b,0.047170935080405006,vendor_b,mid,2.0,tiktok,37.6,tiktok · mid,11.3,tiktok
CR01270,youtube,@creator1270_youtube,vendor_b,31340.0,vendor_b,0.478174856413529,vendor_b,0.12035379955947137,vendor_a,0.08645533141210375,vendor_b,micro,11.8,youtube,63.3,youtube · micro,52.7,youtube
CR01274,instagram,@creator1274_instagram,vendor_b,25720.0,vendor_b,0.34513996889580095,vendor_b,0.1345390383767093,vendor_b,0.10689655172413794,vendor_b,micro,23.8,instagram,71.8,instagram · micro,37.1,instagram
CR01274,tiktok,@creator1274_tiktok,vendor_b,20290.0,vendor_b,4.6547067520946275,vendor_b,0.04966373512674599,vendor_b,0.051015868307874836,vendor_a,micro,70.1,tiktok,30.2,tiktok · micro,12.8,tiktok
CR01274,youtube,@creator1274_youtube,vendor_b,5730.0,vendor_b,3.98586387434555,vendor_b,0.06409065576815902,vendor_a,0.0078003120124804995,vendor_b,nano,94.2,youtube,33.8,youtube · nano,5.7,youtube
CR01276,instagram,@creator1276_instagram,vendor_b,46580.0,vendor_b,0.4546801202232718,vendor_b,0.09780815460758897,vendor_b,0.11501120238984316,vendor_b,micro,36.1,instagram,51.2,instagram · micro,42.2,instagram
CR01276,tiktok,https://www.tiktok.com/@creator1276_tiktok,vendor_b,15170.0,vendor_b,4.330191166776532,vendor_b,0.11462160176340926,vendor_b,0.1149155722326454,vendor_b,micro,68.6,tiktok,65.8,tiktok · micro,42.6,tiktok
CR01283,instagram,@creator1283_instagram,vendor_a,21947,vendor_a,0.4703148494099421,vendor_a,0.029215906959294692,vendor_a,0.23529411764705882,vendor_a,micro,38.4,instagram,17.2,instagram · micro,80.2,instagram
CR01283,tiktok,@creator1283_tiktok,vendor_b,2870.0,vendor_b,3.451219512195122,vendor_b,0.11914893617021277,vendor_a,0.05660377358490566,vendor_b,nano,55.2,tiktok,54.7,tiktok · nano,13.9,tiktok
CR01283,youtube,@creator1283_youtube,vendor_a,8179,vendor_a,0.9418021763051718,vendor_a,0.01489018488646234,vendor_a,,,nano,36.0,youtube,12.5,youtube · nano,,
CR01284,instagram,@creator1284_instagram,vendor_a,24914,vendor_a,0.17327606967969816,vendor_a,0.04685070801294172,vendor_a,0.1437125748502994,vendor_a,micro,7.2,instagram,26.1,instagram · micro,55.7,instagram
CR01284,tiktok,@creator1284_tiktok,vendor_b,23010.0,vendor_b,,,-0.022929936305732482,vendor_b,0.17746478873239438,vendor_b,micro,,,7.6,tiktok · micro,63.6,tiktok
CR01284,youtube,@creator1284_youtube,vendor_a,392717,vendor_a,0.6701976232248668,vendor_a,0.12334844605901114,vendor_a,0.22279260780287474,vendor_a,mid,21.0,youtube,71.4,youtube · mid,89.4,youtube
CR01285,youtube,@creator1285_youtube,vendor_a,54392,vendor_a,2.4816700985439035,vendor_a,0.09054455048520331,vendor_a,0.11129207383279044,vendor_a,micro,84.5,youtube,48.1,youtube · micro,62.7,youtube
CR01287,instagram,@creator1287_instagram,vendor_a,5229,vendor_a,0.14457831325301204,vendor_a,0.21519869858238438,vendor_a,0.028985507246376812,vendor_a,nano,4.9,instagram,94.4,instagram · nano,7.7,instagram
CR01287,tiktok,@creator1287_tiktok,vendor_a,12962,vendor_a,9.658463200123437,vendor_a,-0.03355204294661497,vendor_a,0.28413056867173064,vendor_a,micro,93.3,tiktok,6.2,tiktok · micro,86.5,tiktok
CR01287,youtube,@creator1287_youtube,vendor_a,109958,vendor_a,1.7535604503537714,vendor_a,0.09070168825758328,vendor_a,0.07508400103385887,vendor_a,mid,70.5,youtube,52.8,youtube · mid,46.8,youtube
CR01290,instagram,https://www.instagram.com/creator1290_instagram/,vendor_b,37440.0,vendor_b,2.8506410256410257,vendor_b,0.20930232558139536,vendor_b,0.23446601941747572,vendor_b,micro,99.1,instagram,92.8,instagram · micro,80.0,instagram
CR01290,tiktok,@creator1290_tiktok,vendor_b,122970.0,vendor_b,1.3640725380174026,vendor_b,0.05981211755580453,vendor_b,0.27597257415412135,vendor_b,mid,12.8,tiktok,41.4,tiktok · mid,85.4,tiktok
CR01290,youtube,@creator1290_youtube,vendor_c,3406,vendor_c,,,0.09377007064868337,vendor_c,0.19083969465648856,vendor_c,nano,,,43.8,youtube · nano,82.4,youtube
CR01291,instagram,@creator1291_instagram,vendor_b,23900.0,vendor_b,0.46188284518828454,vendor_b,0.02587228997289973,vendor_a,0.17832167832167833,vendor_a,micro,36.9,instagram,15.5,instagram · micro,67.6,instagram
CR01291,tiktok,@creator1291_tiktok,vendor_b,319390.0,vendor_b,2.5366198065061525,vendor_b,0.09665567916494987,vendor_b,0.04982604373757455,vendor_b,mid,38.9,tiktok,59.9,tiktok · mid,12.4,tiktok
CR01291,youtube,@creator1291_youtube,vendor_b,239710.0,vendor_b,0.9888823995661424,vendor_b,0.17747322919736713,vendor_b,0.009011328527291453,vendor_b,mid,38.1,youtube,91.3,youtube · mid,6.1,youtube
CR01292,instagram,https://www.instagram.com/creator1292_instagram/,vendor_b,99620.0,vendor_b,0.2506825938566553,vendor_b,-0.023333333333333334,vendor_b,,"n/a (likes hidden, vendor_b)",micro,12.9,instagram,5.5,instagram · micro,,
CR01292,tiktok,https://www.tiktok.com/@creator1292_tiktok,vendor_b,,,,,,,0.08022699454767998,vendor_b,,,,,,25.4,tiktok
CR01292,youtube,@creator1292_youtube,vendor_a,239667,vendor_a,1.5078004063972095,vendor_a,0.10891744205952981,vendor_a,0.06769110221138777,vendor_a,mid,60.3,youtube,64.0,youtube · mid,43.9,youtube
CR01295,tiktok,@creator1295_tiktok,vendor_b,20640,vendor_b,6.879893410852713,vendor_b,0.1072961373390558,vendor_b,,,micro,85.3,tiktok,63.3,tiktok · micro,,
CR01295,youtube,@creator1295_youtube,vendor_a,1354015,vendor_a,0.556186600591574,vendor_a,-0.0017391958265198242,vendor_a,0.18067602611106143,vendor_a,macro,16.0,youtube,14.3,youtube · macro,80.6,youtube
CR01296,instagram,@creator1296_instagram,vendor_a,1226483,vendor_a,1.0739936876418181,vendor_a,0.13484747123979987,vendor_a,0.09062045244079905,vendor_a,macro,80.5,instagram,82.4,instagram · macro,32.4,instagram
CR01296,tiktok,@creator1296_tiktok,vendor_b,28520.0,vendor_b,3.149438990182328,vendor_b,,,0.08424448825954473,vendor_b,micro,48.9,tiktok,,,28.7,tiktok
CR01296,youtube,@creator1296_youtube,vendor_a,,,,,,,0.1598984771573604,vendor_a,,,,,,76.0,youtube
CR01297,tiktok,https://www.tiktok.com/@creator1297_tiktok,vendor_b,262310.0,vendor_b,1.4378597842247722,vendor_b,0.1747503246898652,vendor_b,0.07462267856140942,vendor_b,mid,14.1,tiktok,94.3,tiktok · mid,22.1,tiktok
CR01298,instagram,@creator1298_instagram,vendor_b,22710.0,vendor_b,1.2695288419198592,vendor_b,0.07274444969296173,vendor_b,0.1271186440677966,vendor_b,micro,85.3,instagram,39.2,instagram · micro,46.4,instagram
CR01298,tiktok,@creator1298_tiktok,vendor_b,7920.0,vendor_b,3.3873737373737374,vendor_b,0.09695290858725762,vendor_b,0.12147078135259357,vendor_b,nano,53.4,tiktok,35.8,tiktok · nano,45.9,tiktok
CR01298,youtube,@creator1298_youtube,vendor_b,9230.0,vendor_b,2.3602383531960998,vendor_b,,,0.04337899543378995,vendor_b,nano,81.8,youtube,,,28.3,youtube
CR01300,instagram,@creator1300_instagram,vendor_b,18930.0,vendor_b,0.5149498151082937,vendor_b,-0.02472952086553323,vendor_b,0.023214285714285715,vendor_b,micro,42.9,instagram,4.8,instagram · micro,7.0,instagram
CR01300,tiktok,@creator1300_tiktok,vendor_b,201270.0,vendor_b,1.9855815571123367,vendor_b,-0.10494952639302708,vendor_b,0.2265691263782867,vendor_b,mid,27.5,tiktok,1.9,tiktok · mid,75.7,tiktok
CR01300,youtube,@creator1300_youtube,vendor_a,60435,vendor_a,2.174782824522214,vendor_a,0.006780169254347971,vendor_a,0.19518611074575826,vendor_a,micro,79.2,youtube,11.7,youtube · micro,83.7,youtube
CR01301,youtube,@creator1301_youtube,vendor_b,587840.0,vendor_b,1.3415300081654873,vendor_b,-0.008985619636866329,vendor_b,0.06632105165710053,vendor_b,mid,53.8,youtube,10.6,youtube · mid,42.8,youtube
CR01302,instagram,@creator1302_instagram,vendor_b,15820.0,vendor_b,0.7008849557522124,vendor_b,0.26458832933653076,vendor_b,0.2739463601532567,vendor_b,micro,61.2,instagram,99.0,instagram · micro,86.2,instagram
CR01302,tiktok,https://www.tiktok.com/@creator1302_tiktok,vendor_b,71380.0,vendor_b,3.2941159988792377,vendor_b,0.08348512446873102,vendor_b,0.09345490068381634,vendor_b,micro,52.3,tiktok,49.8,tiktok · micro,34.4,tiktok
CR01302,youtube,,,,,,,,,,,,,,,,,
CR01303,instagram,@creator1303_instagram,vendor_a,192297,vendor_a,0.8315626348824995,vendor_a,0.027403188579244314,vendor_a,,,mid,70.3,instagram,19.3,instagram · mid,,
CR01303,tiktok,@creator1303_tiktok,vendor_b,4900.0,vendor_b,5.146530612244898,vendor_b,,,0.13636363636363635,vendor_b,nano,73.1,tiktok,,,51.2,tiktok
CR01303,youtube,@creator1303_youtube,vendor_b,135110.0,vendor_b,0.5668196284508918,vendor_b,0.1015898899306971,vendor_b,0.04644313547802447,vendor_b,mid,16.2,youtube,59.6,youtube · mid,29.9,youtube
CR01305,youtube,@creator1305_youtube,vendor_b,35200.0,vendor_b,0.2727556818181818,vendor_b,0.08843537414965986,vendor_b,0.06422018348623854,vendor_a,micro,2.5,youtube,46.8,youtube · micro,40.7,youtube
CR01307,instagram,@creator1307_instagram,vendor_b,317500.0,vendor_b,0.14699527559055117,vendor_b,0.137055473982022,vendor_b,0.2570264765784114,vendor_b,mid,5.3,instagram,77.1,instagram · mid,83.0,instagram
CR01307,youtube,@creator1307_youtube,vendor_b,194060.0,vendor_b,1.4287952179738226,vendor_b,0.04389456697149005,vendor_b,0.05134474327628362,vendor_b,mid,57.5,youtube,28.0,youtube · mid,33.7,youtube
CR01309,instagram,@creator1309_instagram,vendor_b,59870.0,vendor_b,1.4220644730248873,vendor_b,0.13347216963271488,vendor_b,0.2824582824582825,vendor_b,micro,88.3,instagram,71.1,instagram · micro,87.9,instagram
CR01309,tiktok,https://www.tiktok.com/@creator1309_tiktok,vendor_b,74060.0,vendor_b,2.1467188765865513,vendor_b,0.18382352941176472,vendor_b,0.11829704257393565,vendor_b,micro,29.9,tiktok,89.1,tiktok · micro,44.6,tiktok
CR01312,tiktok,@creator1312_tiktok,vendor_b,4750.0,vendor_b,3.8985263157894736,vendor_b,0.15853658536585366,vendor_b,0.2205188679245283,vendor_b,nano,61.9,tiktok,69.8,tiktok · nano,74.2,tiktok
CR01312,youtube,@creator1312_youtube,vendor_a,29392,vendor_a,1.9210329341317365,vendor_a,0.23771423758790583,vendor_a,0.02070527337431252,vendor_a,micro,74.1,youtube,97.1,youtube · micro,14.2,youtube
CR01313,instagram,@creator1313_instagram,vendor_b,74780.0,vendor_b,0.29818133190692697,vendor_b,0.08188657407407407,vendor_b,0.052704576976421634,vendor_b,micro,17.8,instagram,44.3,instagram · micro,16.3,instagram
CR01313,tiktok,@creator1313_tiktok,vendor_b,2330.0,vendor_b,6.627896995708155,vendor_b,0.11690821256038647,vendor_a,0.2614475627769572,vendor_a,nano,84.1,tiktok,52.8,tiktok · nano,83.0,tiktok
CR01313,youtube,@creator1313_youtube,vendor_a,11429,vendor_a,0.6401259952751772,vendor_a,0.11644036338771124,vendor_a,0.02708803611738149,vendor_a,micro,19.9,youtube,60.7,youtube · micro,17.9,youtube
CR01314,instagram,@creator1314_instagram,vendor_b,260780.0,vendor_b,0.8142572283150549,vendor_b,0.06575667170705791,vendor_b,0.14311704063068525,vendor_a,mid,69.0,instagram,37.1,instagram · mid,55.2,instagram
CR01314,tiktok,@creator1314_tiktok,vendor_b,22160.0,vendor_b,10.97423285198556,vendor_b,0.0700144857556736,vendor_b,0.21903545820646303,vendor_b,micro,96.1,tiktok,41.1,tiktok · micro,74.0,tiktok
CR01314,youtube,@creator1314_youtube,vendor_b,41510.0,vendor_b,2.6865574560346905,vendor_b,0.1890575766256087,vendor_b,0.11508631473605203,vendor_b,micro,86.8,youtube,89.9,youtube · micro,64.2,youtube
CR01316,instagram,,,,,,,,,,,,,,,,,
CR01316,tiktok,@creator1316_tiktok,vendor_b,122400.0,vendor_b,2.189640522875817,vendor_b,-0.006574141709276844,vendor_b,0.243721955443596,vendor_a,mid,30.6,tiktok,10.8,tiktok · mid,80.8,tiktok
CR01321,instagram,@creator1321_instagram,vendor_b,40770.0,vendor_b,0.3432916360068678,vendor_b,0.13092926490984744,vendor_b,0.1037463976945245,vendor_b,micro,23.4,instagram,69.8,instagram · micro,36.8,instagram
CR01321,tiktok,https://www.tiktok.com/@creator1321_tiktok,vendor_b,264420.0,vendor_b,0.5144694047348914,vendor_b,0.03381944715955741,vendor_b,0.12054263565891472,vendor_b,mid,1.8,tiktok,26.1,tiktok · mid,45.3,tiktok
CR01322,instagram,@creator1322_instagram,vendor_b,34210.0,vendor_b,0.5933060508623209,vendor_b,0.03950167122455181,vendor_b,,"n/a (likes hidden, vendor_b)",micro,53.1,instagram,22.3,instagram · micro,,
CR01322,tiktok,https://www.tiktok.com/@creator1322_tiktok,vendor_b,27750.0,vendor_b,3.0524684684684686,vendor_b,0.1257606490872211,vendor_b,0.01625410080524903,vendor_b,micro,47.0,tiktok,71.3,tiktok · micro,2.4,tiktok
CR01322,youtube,@creator1322_youtube,vendor_b,6950.0,vendor_b,3.5897841726618704,vendor_b,0.16220735785953178,vendor_b,0.14279852277390234,vendor_b,nano,93.1,youtube,75.0,youtube · nano,72.0,youtube
CR01323,tiktok,@creator1323_tiktok,vendor_b,,,,,,,0.0851423143229075,vendor_b,,,,,,29.1,tiktok
CR01324,instagram,,,,,,,,,,,,,,,,,
CR01324,tiktok,@creator1324_tiktok,vendor_b,29040.0,vendor_b,3.623829201101928,vendor_b,0.0367725812209925,vendor_b,0.20501904548509972,vendor_b,micro,58.7,tiktok,24.7,tiktok · micro,70.4,tiktok
CR01324,youtube,@creator1324_youtube,vendor_a,96460,vendor_a,1.6529753265602323,vendor_a,0.14018912529550828,vendor_a,0.007433318758198513,vendor_a,micro,66.0,youtube,71.4,youtube · micro,5.2,youtube
CR01325,instagram,@creator1325_instagram,vendor_b,108470.0,vendor_b,0.9165206969669033,vendor_b,-0.033674832962138086,vendor_b,0.2731006160164271,vendor_b,mid,76.0,instagram,7.9,instagram · mid,86.0,instagram
CR01325,tiktok,https://www.tiktok.com/@creator1325_tiktok,vendor_b,73390.0,vendor_b,9.16575827769451,vendor_b,0.17687620269403465,vendor_b,0.4180834129258198,vendor_b,micro,91.9,tiktok,87.6,tiktok · micro,97.8,tiktok
CR01325,youtube,@creator1325_youtube,vendor_b,6250.0,vendor_b,2.32112,vendor_b,0.06372045220966084,vendor_a,0.016357688113413305,vendor_a,nano,81.1,youtube,32.5,youtube · nano,10.8,youtube
CR01327,youtube,https://youtube.com/@creator1327_youtube,vendor_b,51228,vendor_a,2.174943390333411,vendor_a,0.04310643236749404,vendor_a,0.11880904666475808,vendor_b,micro,79.4,youtube,25.0,youtube · micro,65.2,youtube
CR01329,tiktok,,,,,,,,,,,,,,,,,
CR01329,youtube,@creator1329_youtube,vendor_a,375181,vendor_a,4.475293258453919,vendor_a,0.021896160068856193,vendor_a,0.13841170118778837,vendor_a,mid,96.5,youtube,19.9,youtube · mid,70.6,youtube
CR01331,youtube,@creator1331_youtube,vendor_b,234530.0,vendor_b,0.633944484714109,vendor_b,0.17494113521366664,vendor_b,0.07300593276203032,vendor_b,mid,19.4,youtube,90.1,youtube · mid,45.7,youtube
CR01332,instagram,@creator1332_instagram,vendor_b,2350.0,vendor_b,2.145531914893617,vendor_b,0.05953446732318711,vendor_a,,"n/a (likes hidden, vendor_b)",nano,96.2,instagram,26.8,instagram · nano,,
CR01334,instagram,@creator1334_instagram,vendor_b,62980.0,vendor_b,0.20366783105747857,vendor_b,0.1996190476190476,vendor_b,0.3236994219653179,vendor_a,micro,8.9,instagram,91.1,instagram · micro,92.8,instagram
CR01334,tiktok,,,,,,,,,,,,,,,,,
CR01334,youtube,@creator1334_youtube,vendor_b,164740.0,vendor_b,1.6764355954837926,vendor_b,0.07022672643409342,vendor_b,0.1470657332143025,vendor_b,mid,67.4,youtube,42.2,youtube · mid,72.6,youtube
CR01337,tiktok,https://www.tiktok.com/@creator1337_tiktok,vendor_b,32330.0,vendor_b,3.546241880606248,vendor_b,0.13081497026932493,vendor_b,0.3057810977590127,vendor_b,micro,57.2,tiktok,72.7,tiktok · micro,89.6,tiktok
CR01337,youtube,@creator1337_youtube,vendor_a,38383,vendor_a,,,0.13798215185745205,vendor_a,0.06647398843930635,vendor_a,micro,,,69.5,youtube · micro,43.0,youtube
CR01341,instagram,@creator1341_instagram,vendor_b,7026670.0,vendor_b,0.6754135315875087,vendor_b,0.08037460485368823,vendor_b,0.05289496960191496,vendor_b,macro,60.1,instagram,29.4,instagram · macro,16.6,instagram
CR01341,youtube,@creator1341_youtube,vendor_a,12063,vendor_a,1.8437370471690293,vendor_a,0.18753691671588896,vendor_a,0.01297016861219196,vendor_a,micro,72.0,youtube,89.0,youtube · micro,9.0,youtube
CR01342,tiktok,@creator1342_tiktok,vendor_b,,,,,,,0.16592062071023575,vendor_b,,,,,,60.5,tiktok
CR01342,youtube,,,,,,,,,,,,,,,,,
CR01343,instagram,@creator1343_instagram,vendor_b,59960.0,vendor_b,7.781537691794529,vendor_b,0.11491260691706955,vendor_b,0.017974351206705038,vendor_b,micro,100.0,instagram,60.8,instagram · micro,4.9,instagram
CR01343,tiktok,@creator1343_tiktok,vendor_b,8880.0,vendor_b,1.3413288288288288,vendor_b,0.16688567674113008,vendor_b,0.17632850241545894,vendor_b,nano,12.0,tiktok,77.4,tiktok · nano,63.1,tiktok
CR01343,youtube,@creator1343_youtube,vendor_b,182920.0,vendor_b,0.7228843210146512,vendor_b,0.10519001872998611,vendor_b,0.16155157715260018,vendor_b,mid,23.3,youtube,62.1,youtube · mid,76.7,youtube
CR01345,tiktok,,,,,,,,,,,,,,,,,
CR01347,instagram,@creator1347_instagram,vendor_b,230730.0,vendor_b,0.32932677281373063,vendor_c,-0.07419147740951769,vendor_b,,,mid,21.6,instagram,2.1,instagram · mid,,
CR01347,tiktok,https://www.tiktok.com/@creator1347_tiktok,vendor_b,20030.0,vendor_b,3.569795307039441,vendor_b,0.18450620934358367,vendor_b,0.0930546190155091,vendor_b,micro,57.6,tiktok,89.8,tiktok · micro,34.2,tiktok
CR01347,youtube,@creator1347_youtube,vendor_a,1059491,vendor_a,1.1964820843216224,vendor_a,0.032104117248803014,vendor_a,0.13458722707893717,vendor_a,macro,47.3,youtube,35.7,youtube · macro,69.5,youtube
CR01349,instagram,@creator1349_instagram,vendor_b,8810.0,vendor_b,0.5466515323496027,vendor_b,0.07833537331701346,vendor_b,0.15315315315315314,vendor_b,nano,48.2,instagram,36.6,instagram · nano,59.2,instagram
CR01349,tiktok,https://www.tiktok.com/@creator1349_tiktok,vendor_b,472070.0,vendor_b,9.614156798779842,vendor_b,0.08886747787763608,vendor_a,0.1694038946844367,vendor_b,mid,93.1,tiktok,56.1,tiktok · mid,61.4,tiktok
CR01349,youtube,@creator1349_youtube,vendor_a,237354,vendor_a,0.49668427749269023,vendor_a,0.18200062746816595,vendor_a,0.1927539663746152,vendor_a,mid,13.1,youtube,93.8,youtube · mid,83.0,youtube
CR01350,instagram,@creator1350_instagram,vendor_b,50050.0,vendor_b,1.1714485514485515,vendor_b,-0.012625764450581969,vendor_b,0.2974607013301088,vendor_b,micro,82.8,instagram,7.6,instagram · micro,90.2,instagram
CR01350,tiktok,@creator1350_tiktok,vendor_b,118500.0,vendor_b,5.592751054852321,vendor_b,0.08288403545645619,vendor_b,0.08582089552238806,vendor_b,mid,77.4,tiktok,53.5,tiktok · mid,29.8,tiktok
CR01350,youtube,@creator1350_youtube,vendor_a,54567,vendor_a,0.7853647809115399,vendor_a,-0.04739708809049963,vendor_a,0.01151947339550192,vendor_a,micro,27.9,youtube,2.6,youtube · micro,7.9,youtube
CR01352,tiktok,https://www.tiktok.com/@creator1352_tiktok,vendor_b,106460.0,vendor_b,4.328498966748074,vendor_b,0.1229957805907173,vendor_b,,,mid,68.4,tiktok,72.6,tiktok · mid,,
CR01352,youtube,@creator1352_youtube,vendor_a,45000,vendor_a,0.8026444444444445,vendor_a,0.16189000774593337,vendor_a,0.020282186948853614,vendor_a,micro,28.7,youtube,82.5,youtube · micro,13.8,youtube
CR01354,instagram,@creator1354_instagram,vendor_b,138490.0,vendor_b,1.181789298866344,vendor_b,0.11712511091393078,vendor_b,0.38039306896150715,vendor_b,mid,83.4,instagram,67.9,instagram · mid,97.2,instagram
CR01354,tiktok,@creator1354_tiktok,vendor_a,7685,vendor_a,6.5590110605074825,vendor_a,0.09864188706218728,vendor_a,0.31712707182320443,vendor_a,nano,83.7,tiktok,41.5,tiktok · nano,91.6,tiktok
CR01354,youtube,@creator1354_youtube,vendor_a,58214,vendor_a,0.7506441749407359,vendor_a,0.1032692125461954,vendor_a,0.04129032258064516,vendor_a,micro,25.0,youtube,54.9,youtube · micro,26.5,youtube
CR01355,instagram,@creator1355_instagram,vendor_b,15640.0,vendor_b,0.8590153452685422,vendor_b,0.102184637068358,vendor_b,0.0812720848056537,vendor_b,micro,72.6,instagram,53.6,instagram · micro,26.3,instagram
CR01355,tiktok,@creator1355_tiktok,vendor_a,70279,vendor_a,9.270649838500832,vendor_a,0.07230698809887091,vendor_a,0.10362952859376559,vendor_a,micro,92.1,tiktok,42.5,tiktok · micro,38.4,tiktok
CR01355,youtube,@creator1355_youtube,vendor_a,397976,vendor_a,1.9475395501236255,vendor_a,0.15728040152491066,vendor_a,0.02457503471794962,vendor_a,mid,75.7,youtube,85.1,youtube · mid,16.1,youtube
CR01356,instagram,@creator1356_instagram,vendor_b,,,,,,,0.23178480072613253,vendor_b,,,,,,79.0,instagram
CR01356,tiktok,,,,,,,,,,,,,,,,,
CR01359,instagram,https://www.instagram.com/creator1359_instagram/,vendor_b,33210.0,vendor_b,1.5160493827160493,vendor_b,0.16813225466056983,vendor_b,0.15319662243667068,vendor_b,micro,89.8,instagram,81.8,instagram · micro,59.4,instagram
CR01362,instagram,@creator1362_instagram,vendor_b,13630.0,vendor_b,0.1396918561995598,vendor_b,0.12273476112026359,vendor_b,0.1125,vendor_b,micro,4.3,instagram,66.7,instagram · micro,40.6,instagram
CR01362,tiktok,@creator1362_tiktok,vendor_b,278840.0,vendor_b,7.16000932434371,vendor_b,0.10095945038891302,vendor_b,,,mid,86.6,tiktok,62.4,tiktok · mid,,
CR01362,youtube,@creator1362_youtube,vendor_a,3895,vendor_a,1.5409499358151477,vendor_a,0.1875,vendor_a,0.2602739726027397,vendor_a,nano,61.6,youtube,81.2,youtube · nano,93.5,youtube
CR01364,tiktok,@creator1364_tiktok,vendor_c,49681,vendor_c,,,0.20412516057102692,vendor_c,,,micro,,,95.3,tiktok · micro,,
CR01365,instagram,@creator1365_instagram,vendor_b,23860.0,vendor_b,0.7484911986588433,vendor_b,0.06233303650934995,vendor_b,0.0933572710951526,vendor_b,micro,65.4,instagram,34.7,instagram · micro,33.6,instagram
CR01365,tiktok,,,,,,,,,,,,,,,,,
CR01365,youtube,@creator1365_youtube,vendor_b,19180.0,vendor_b,0.8803441084462982,vendor_b,0.06911928651059086,vendor_b,0.08857509627727857,vendor_b,micro,33.5,youtube,35.4,youtube · micro,53.6,youtube
CR01367,instagram,@creator1367_instagram,vendor_b,74520,vendor_b,1.5794685990338164,vendor_b,0.23807941518524672,vendor_b,0.29618181818181816,vendor_b,micro,90.7,instagram,97.3,instagram · micro,89.7,instagram
CR01367,tiktok,@creator1367_tiktok,vendor_a,35052,vendor_a,1.458518772110008,vendor_a,0.007183495201425205,vendor_a,0.019770660340055358,vendor_a,micro,15.1,tiktok,14.2,tiktok · micro,3.3,tiktok
CR01367,youtube,@creator1367_youtube,vendor_a,178155,vendor_a,0.45439645252729366,vendor_a,0.161845074280348,vendor_a,0.25652498135719615,vendor_a,mid,10.2,youtube,86.3,youtube · mid,93.0,youtube
CR01371,tiktok,,,,,,,,,,,,,,,,,
CR01371,youtube,@creator1371_youtube,vendor_a,228201,vendor_a,2.8213022729961743,vendor_a,0.056505676031037615,vendor_a,0.14197240514267795,vendor_a,mid,88.4,youtube,36.0,youtube · mid,71.5,youtube
CR01373,instagram,@creator1373_instagram,vendor_b,19820.0,vendor_b,1.1731584258324925,vendor_b,-0.075990675990676,vendor_b,0.27044025157232704,vendor_b,micro,83.0,instagram,2.1,instagram · micro,85.5,instagram
CR01373,tiktok,@creator1373_tiktok,vendor_b,95980.0,vendor_b,3.8097937070222962,vendor_b,0.1540218828904653,vendor_b,0.12406234210424034,vendor_b,micro,60.7,tiktok,81.8,tiktok · micro,46.6,tiktok
CR01373,youtube,@creator1373_youtube,vendor_a,45026,vendor_a,4.062408386265713,vendor_a,0.08232975168866133,vendor_a,0.06347305389221557,vendor_a,micro,95.2,youtube,41.2,youtube · micro,40.5,youtube
CR01374,instagram,@creator1374_instagram,vendor_b,8910.0,vendor_b,1.6569023569023569,vendor_b,0.25316455696202533,vendor_b,0.10174880763116058,vendor_b,nano,91.5,instagram,98.6,instagram · nano,36.4,instagram
CR01374,tiktok,https://www.tiktok.com/@creator1374_tiktok,vendor_b,137380.0,vendor_b,0.431482020672587,vendor_b,0.12717426977354776,vendor_b,0.1304888152444076,vendor_b,mid,0.8,tiktok,73.9,tiktok · mid,49.4,tiktok
CR01374,youtube,https://youtube.com/@creator1374_youtube,vendor_b,278730.0,vendor_b,0.31617694543106234,vendor_b,0.014781374012451306,vendor_b,0.1031586635019171,vendor_b,mid,4.2,youtube,18.0,youtube · mid,60.2,youtube
CR01381,instagram,,,,,,,,,,,,,,,,,
CR01381,tiktok,https://www.tiktok.com/@creator1381_tiktok,vendor_b,1992390.0,vendor_b,8.999848423250468,vendor_b,0.07570579374463467,vendor_b,0.24094872411235474,vendor_b,macro,91.6,tiktok,25.0,tiktok · macro,79.5,tiktok
CR01381,youtube,@creator1381_youtube,vendor_a,538758,vendor_a,4.238244258089903,vendor_a,0.04168414865457976,vendor_a,0.07248454542326617,vendor_a,mid,95.6,youtube,26.7,youtube · mid,45.3,youtube
CR01383,instagram,@creator1383_instagram,vendor_b,263030.0,vendor_b,0.36013382503896896,vendor_b,,,0.1647196261682243,vendor_b,mid,24.8,instagram,,,64.3,instagram
CR01383,tiktok,@creator1383_tiktok,vendor_b,248910.0,vendor_b,4.201767707203407,vendor_b,0.20929893601515814,vendor_b,0.06640711020285923,vendor_b,mid,66.6,tiktok,98.1,tiktok · mid,18.3,tiktok
CR01383,youtube,https://youtube.com/@creator1383_youtube,vendor_b,2320.0,vendor_b,1.8715517241379311,vendor_b,0.1623115577889447,vendor_a,0.24113475177304963,vendor_b,nano,73.0,youtube,76.2,youtube · nano,91.9,youtube
CR01384,instagram,https://www.instagram.com/creator1384_instagram/,vendor_b,22370.0,vendor_b,0.33898077782744745,vendor_b,0.06220322886989554,vendor_b,,,micro,22.9,instagram,34.0,instagram · micro,,
CR01384,tiktok,@creator1384_tiktok,vendor_b,59220.0,vendor_b,1.0124282337048294,vendor_b,0.07868852459016394,vendor_b,0.5134502923976608,vendor_b,micro,7.3,tiktok,46.2,tiktok · micro,99.8,tiktok
CR01384,youtube,@creator1384_youtube,vendor_a,10380,vendor_a,2.853757225433526,vendor_a,0.22160762622101918,vendor_a,0.15781990521327013,vendor_a,micro,88.5,youtube,95.1,youtube · micro,75.6,youtube
CR01386,instagram,@creator1386_instagram,vendor_a,3737,vendor_a,0.6968156275086969,vendor_a,0.14631901840490796,vendor_a,0.2872340425531915,vendor_a,nano,60.7,instagram,81.7,instagram · nano,88.8,instagram
CR01387,instagram,@creator1387_instagram,vendor_b,143820.0,vendor_b,0.5100820470031985,vendor_b,0.11574864235841738,vendor_b,0.13640873015873015,vendor_b,mid,42.5,instagram,67.1,instagram · mid,51.0,instagram
CR01387,tiktok,https://www.tiktok.com/@creator1387_tiktok,vendor_b,124840.0,vendor_b,1.0346203140019226,vendor_b,-0.017394726485635576,vendor_b,0.23558897243107768,vendor_b,mid,7.5,tiktok,8.3,tiktok · mid,77.9,tiktok
CR01387,youtube,@creator1387_youtube,vendor_a,109895,vendor_a,0.6604941080121934,vendor_a,0.07784577963475156,vendor_a,0.09751327186364907,vendor_a,mid,20.3,youtube,46.6,youtube · mid,57.5,youtube
CR01388,youtube,@creator1388_youtube,vendor_a,1499353,vendor_a,1.7309879661427297,vendor_a,0.15988126973616013,vendor_a,,,macro,70.0,youtube,92.9,youtube · macro,,
CR01393,instagram,@creator1393_instagram,vendor_b,3130.0,vendor_b,0.7667731629392971,vendor_b,0.1417180137731062,vendor_c,,,nano,66.4,instagram,77.5,instagram · nano,,
CR01393,tiktok,,,,,,,,,,,,,,,,,
CR01393,youtube,@creator1393_youtube,vendor_a,53583,vendor_a,1.2607730063639586,vendor_a,0.02523725700290831,vendor_a,0.06319218241042346,vendor_a,micro,50.8,youtube,19.5,youtube · micro,40.1,youtube
CR01394,instagram,@creator1394_instagram,vendor_b,37770.0,vendor_b,1.0803547789250727,vendor_b,0.12243684992570579,vendor_b,0.11579892280071813,vendor_b,micro,80.7,instagram,66.3,instagram · micro,42.7,instagram
CR01395,instagram,@creator1395_instagram,vendor_b,272660.0,vendor_b,0.8412821829384581,vendor_b,0.11121979052043852,vendor_b,0.1924304103861811,vendor_b,mid,70.9,instagram,65.7,instagram · mid,70.9,instagram
CR01395,tiktok,@creator1395_tiktok,vendor_b,41480.0,vendor_b,0.6922854387656702,vendor_b,-0.012616043799095453,vendor_b,,,micro,3.1,tiktok,11.3,tiktok · micro,,
CR01396,instagram,@creator1396_instagram,vendor_b,430120.0,vendor_b,0.9724216497721566,vendor_b,0.02838015540944411,vendor_b,0.15906623235613462,vendor_b,mid,78.3,instagram,20.0,instagram · mid,61.3,instagram
CR01396,tiktok,@creator1396_tiktok,vendor_b,13740.0,vendor_b,0.9395924308588064,vendor_b,0.0717628705148206,vendor_b,0.06629834254143646,vendor_b,micro,6.1,tiktok,42.2,tiktok · micro,18.1,tiktok
CR01396,youtube,@creator1396_youtube,vendor_c,2672,vendor_c,1.9505988023952097,vendor_c,0.13895993179880647,vendor_c,,,nano,75.8,youtube,62.5,youtube · nano,,
CR01397,instagram,@creator1397_instagram,vendor_b,5900.0,vendor_b,1.7230508474576272,vendor_b,-0.02940220922677063,vendor_c,,,nano,92.6,instagram,2.8,instagram · nano,,
CR01398,tiktok,@creator1398_tiktok,vendor_b,23940.0,vendor_b,8.011278195488721,vendor_b,0.24882629107981222,vendor_b,,,micro,90.2,tiktok,98.2,tiktok · micro,,
CR01399,instagram,https://www.instagram.com/creator1399_instagram/,vendor_b,88040.0,vendor_b,0.07380736029077692,vendor_b,0.05362827146346263,vendor_a,0.14974619289340102,vendor_b,micro,0.8,instagram,30.9,instagram · micro,57.8,instagram
CR01399,youtube,@creator1399_youtube,vendor_b,34210.0,vendor_b,1.6315112540192926,vendor_b,0.11724363161332463,vendor_b,0.16666666666666666,vendor_b,micro,64.7,youtube,61.0,youtube · micro,78.0,youtube
CR01402,instagram,,,,,,,,,,,,,,,,,
CR01402,tiktok,@creator1402_tiktok,vendor_b,21010.0,vendor_b,2.0283674440742505,vendor_b,0.053132832080200504,vendor_b,0.10371150302711239,vendor_b,micro,28.3,tiktok,31.6,tiktok · micro,38.6,tiktok
CR01402,youtube,https://youtube.com/@creator1402_youtube,vendor_b,39670.0,vendor_b,4.0279808419460545,vendor_b,0.08625410733844469,vendor_b,0.12054329371816638,vendor_b,micro,94.7,youtube,44.8,youtube · micro,65.9,youtube
CR01406,instagram,https://www.instagram.com/creator1406_instagram/,vendor_b,207820.0,vendor_b,0.5295159272447311,vendor_b,0.030137801130167542,vendor_b,0.2441760138050043,vendor_b,mid,45.6,instagram,22.1,instagram · mid,81.1,instagram
CR01406,tiktok,https://www.tiktok.com/@creator1406_tiktok,vendor_b,23120.0,vendor_b,1.8725778546712804,vendor_b,0.13611793611793613,vendor_b,0.08902333621434745,vendor_b,micro,25.7,tiktok,75.6,tiktok · micro,32.5,tiktok
CR01406,youtube,@creator1406_youtube,vendor_b,15900.0,vendor_b,1.6561635220125785,vendor_b,0.2306501547987616,vendor_b,0.002150537634408602,vendor_b,micro,66.1,youtube,96.1,youtube · micro,2.9,youtube
CR01408,instagram,https://www.instagram.com/creator1408_instagram/,vendor_b,12340,vendor_a,0.3772285251215559,vendor_a,0.2529190780789928,vendor_a,0.12972972972972974,vendor_b,micro,26.3,instagram,98.3,instagram · micro,47.6,instagram
CR01408,youtube,@creator1408_youtube,vendor_a,17268,vendor_a,1.2139217048876534,vendor_a,0.13980198019801982,vendor_a,0.02622107969151671,vendor_a,micro,48.1,youtube,70.5,youtube · micro,16.8,youtube
CR01409,instagram,@creator1409_instagram,vendor_a,8257,vendor_a,0.4134673610270074,vendor_a,-0.02028951115329853,vendor_a,0.25735294117647056,vendor_a,nano,30.6,instagram,4.2,instagram · nano,83.2,instagram
CR01409,youtube,@creator1409_youtube,vendor_b,47640.0,vendor_b,1.055142737195634,vendor_b,0.022317596566523604,vendor_b,0.16115169746454663,vendor_b,micro,40.7,youtube,18.5,youtube · micro,76.3,youtube
CR01412,instagram,@creator1412_instagram,vendor_b,21250.0,vendor_b,0.06376470588235295,vendor_b,0.24123831775700935,vendor_b,0.425531914893617,vendor_b,micro,0.4,instagram,97.6,instagram · micro,99.1,instagram
CR01412,tiktok,,,,,,,,,,,,,,,,,
CR01412,youtube,@creator1412_youtube,vendor_b,12780.0,vendor_b,1.328169014084507,vendor_b,0.109375,vendor_b,0.0356359649122807,vendor_b,micro,53.3,youtube,57.8,youtube · micro,23.1,youtube
CR01415,instagram,@creator1415_instagram,vendor_b,91310.0,vendor_b,0.10584820939656117,vendor_b,0.1412323459567554,vendor_b,,,micro,2.1,instagram,74.2,instagram · micro,,
CR01415,tiktok,@creator1415_tiktok,vendor_a,186944,vendor_a,3.2076504193769257,vendor_a,0.088770078391632,vendor_a,,,mid,50.5,tiktok,55.4,tiktok · mid,,
CR01415,youtube,https://youtube.com/@creator1415_youtube,vendor_b,27380.0,vendor_b,1.6486486486486487,vendor_b,0.07372549019607844,vendor_b,0.05715339233038348,vendor_b,micro,65.6,youtube,38.0,youtube · micro,35.5,youtube
CR01419,instagram,@creator1419_instagram,vendor_a,45097,vendor_a,0.12437634432445617,vendor_a,-0.05818348892091139,vendor_a,0.31097560975609756,vendor_a,micro,3.6,instagram,2.4,instagram · micro,91.4,instagram
CR01419,tiktok,@creator1419_tiktok,vendor_b,69540.0,vendor_b,1.7241299971239574,vendor_b,0.10979891477816789,vendor_b,0.12646484375,vendor_b,micro,21.8,tiktok,64.7,tiktok · micro,47.9,tiktok
CR01419,youtube,,,,,,,,,,,,,,,,,
CR01421,instagram,https://www.instagram.com/creator1421_instagram/,vendor_b,253160.0,vendor_b,0.506000158002844,vendor_b,0.25388806339772163,vendor_b,0.07650495991303166,vendor_b,mid,42.2,instagram,97.9,instagram · mid,24.5,instagram
CR01421,tiktok,,,,,,,,,,,,,,,,,
CR01424,instagram,@creator1424_instagram,vendor_a,276412,vendor_a,0.7039672662547212,vendor_a,0.20607549425568214,vendor_a,0.1390471024319682,vendor_a,mid,61.8,instagram,95.0,instagram · mid,52.9,instagram
CR01424,tiktok,@creator1424_tiktok,vendor_b,25070.0,vendor_b,7.385600319106501,vendor_b,0.101493848857645,vendor_b,0.12457972040346842,vendor_b,micro,88.0,tiktok,58.5,tiktok · micro,47.0,tiktok
CR01424,youtube,@creator1424_youtube,vendor_a,40956,vendor_a,1.096957710713937,vendor_a,0.05483297705205141,vendor_a,0.09268292682926829,vendor_a,micro,42.2,youtube,30.2,youtube · micro,55.0,youtube
CR01427,instagram,@creator1427_instagram,vendor_c,311674,vendor_c,0.8852230214904034,vendor_c,-0.019618698314937198,vendor_c,,"n/a (likes hidden, vendor_c)",mid,74.1,instagram,9.3,instagram · mid,,
CR01427,tiktok,@creator1427_tiktok,vendor_b,14650.0,vendor_b,16.955085324232083,vendor_b,0.145426114151681,vendor_b,0.3242149874783279,vendor_b,micro,98.8,tiktok,78.9,tiktok · micro,92.1,tiktok
CR01427,youtube,https://youtube.com/@creator1427_youtube,vendor_b,39490.0,vendor_b,0.37867814636616864,vendor_b,0.18838399037014747,vendor_b,0.09429569266589057,vendor_b,micro,6.9,youtube,89.6,youtube · micro,56.1,youtube
CR01429,instagram,,,489320.0,vendor_b,0.38199950952342027,vendor_b,-0.004455657056824887,vendor_b,0.0,vendor_b,mid,26.8,instagram,11.4,instagram · mid,1.3,instagram
CR01429,tiktok,@creator1429_tiktok,vendor_b,209820.0,vendor_b,0.6616719092555524,vendor_b,,,0.10289581052841079,vendor_b,mid,2.6,tiktok,,,38.2,tiktok
CR01430,tiktok,@creator1430_tiktok,vendor_b,26800.0,vendor_b,2.0273880597014924,vendor_b,0.09971276159212146,vendor_b,0.30671296296296297,vendor_b,micro,28.1,tiktok,56.7,tiktok · micro,90.3,tiktok
CR01430,youtube,@creator1430_youtube,vendor_a,570982,vendor_a,1.0605623294604734,vendor_a,0.2547400342811937,vendor_a,0.06454991620780465,vendor_a,mid,40.9,youtube,98.8,youtube · mid,41.2,youtube
CR01432,instagram,@creator1432_instagram,vendor_b,38230.0,vendor_b,0.9137326706774784,vendor_b,0.08055398530243076,vendor_b,0.08602150537634409,vendor_b,micro,75.6,instagram,43.3,instagram · micro,29.6,instagram
CR01432,tiktok,,,,,,,,,,,,,,,,,
CR01432,youtube,@creator1432_youtube,vendor_a,10655,vendor_a,1.445987799155326,vendor_a,0.21563034797490016,vendor_a,0.07641440117560618,vendor_a,micro,58.2,youtube,93.8,youtube · micro,47.3,youtube
CR01436,instagram,@creator1436_instagram,vendor_b,122520.0,vendor_b,1.101477309826967,vendor_b,0.06762471267393097,vendor_a,0.28272998572726094,vendor_a,mid,80.9,instagram,38.6,instagram · mid,88.1,instagram
CR01436,tiktok,@creator1436_tiktok,vendor_b,99650.0,vendor_b,0.40830908178625186,vendor_b,0.1418585997479088,vendor_b,0.322964318389753,vendor_b,micro,0.6,tiktok,77.1,tiktok · micro,91.8,tiktok
CR01436,youtube,@creator1436_youtube,vendor_a,29093,vendor_a,0.8767744818341182,vendor_a,0.1807224025974026,vendor_a,0.05567765567765568,vendor_a,micro,33.2,youtube,87.7,youtube · micro,35.1,youtube
CR01437,instagram,@creator1437_instagram,vendor_b,102830.0,vendor_b,0.33400758533501895,vendor_b,0.04184397163120567,vendor_b,0.028716216216216218,vendor_b,mid,22.1,instagram,25.0,instagram · mid,7.5,instagram
CR01437,tiktok,@creator1437_tiktok,vendor_b,20900.0,vendor_b,,,0.28932757557063543,vendor_b,0.1505551042512862,vendor_b,micro,,,98.9,tiktok · micro,55.4,tiktok
CR01437,youtube,@creator1437_youtube,vendor_a,59650,vendor_a,1.0981559094719195,vendor_a,0.1501677528826501,vendor_a,0.13132911392405064,vendor_a,micro,42.5,youtube,77.9,youtube · micro,68.6,youtube
CR01438,tiktok,@creator1438_tiktok,vendor_b,27500.0,vendor_b,1.3322545454545454,vendor_b,0.15692048801009675,vendor_b,0.24013722126929674,vendor_b,micro,11.6,tiktok,82.5,tiktok · micro,79.2,tiktok
CR01438,youtube,@creator1438_youtube,vendor_b,28400,vendor_b,0.8263028169014085,vendor_b,0.1516626115166261,vendor_b,0.03712871287128713,vendor_b,micro,30.5,youtube,78.6,youtube · micro,24.4,youtube
CR01442,instagram,@creator1442_instagram,vendor_a,19679,vendor_a,2.1116926673103307,vendor_a,0.0016797312430011197,vendor_a,0.06254545454545454,vendor_a,micro,95.8,instagram,9.6,instagram · micro,21.0,instagram
CR01442,tiktok,,,,,,,,,,,,,,,,,
CR01447,instagram,@creator1447_instagram,vendor_b,20340.0,vendor_b,,,0.12313638873550524,vendor_b,0.18561484918793503,vendor_b,micro,,,67.0,instagram · micro,68.8,instagram
CR01447,tiktok,@creator1447_tiktok,vendor_a,116717,vendor_a,1.7837590068284825,vendor_a,0.13428701931019738,vendor_a,0.006372906045156591,vendor_a,mid,23.4,tiktok,77.7,tiktok · mid,0.7,tiktok
CR01447,youtube,@creator1447_youtube,vendor_a,1704557,vendor_a,4.7907292041275245,vendor_a,0.07753095940982736,vendor_a,0.14062949094221233,vendor_a,macro,97.7,youtube,42.9,youtube · macro,71.1,youtube
CR01448,instagram,https://www.instagram.com/creator1448_instagram/,vendor_b,90300.0,vendor_b,1.5464119601328903,vendor_b,0.09335270613875772,vendor_b,0.13692022263450834,vendor_b,micro,90.2,instagram,48.5,instagram · micro,51.7,instagram
CR01448,tiktok,https://www.tiktok.com/@creator1448_tiktok,vendor_b,257950.0,vendor_b,1.076367513083931,vendor_b,-0.08476440533636105,vendor_b,0.05301701121367,vendor_b,mid,7.7,tiktok,2.5,tiktok · mid,13.2,tiktok
CR01448,youtube,@creator1448_youtube,vendor_b,38470.0,vendor_b,1.4050168962828178,vendor_b,0.24056755885198322,vendor_b,0.09526938239159001,vendor_b,micro,56.4,youtube,97.4,youtube · micro,56.5,youtube
CR01449,instagram,@creator1449_instagram,vendor_a,226611,vendor_a,0.24682826517688902,vendor_a,-0.12655812770287458,vendor_a,0.0812710911136108,vendor_a,mid,12.3,instagram,0.7,instagram · mid,26.1,instagram
CR01449,tiktok,@creator1449_tiktok,vendor_b,49090.0,vendor_b,5.769627215318803,vendor_b,0.0072373651913314714,vendor_a,0.08368435832631284,vendor_b,micro,78.4,tiktok,14.5,tiktok · micro,28.5,tiktok
CR01449,youtube,@creator1449_youtube,vendor_a,18386,vendor_a,1.7425214837376264,vendor_a,0.08638619711652092,vendor_a,0.12945476698141944,vendor_a,micro,70.2,youtube,45.1,youtube · micro,68.1,youtube
CR01454,instagram,@creator1454_instagram,vendor_b,10450.0,vendor_b,0.7213397129186603,vendor_b,0.11884368308351177,vendor_b,0.05817174515235457,vendor_b,micro,62.9,instagram,63.2,instagram · micro,19.3,instagram
CR01454,tiktok,@creator1454_tiktok,vendor_b,57220.0,vendor_b,1.860625655365257,vendor_b,0.20260613703236655,vendor_b,0.08724296266719904,vendor_b,micro,25.5,tiktok,94.5,tiktok · micro,30.7,tiktok
CR01454,youtube,@creator1454_youtube,vendor_a,35637,vendor_a,2.4278979712096977,vendor_a,0.09844958850907747,vendor_a,0.025604551920341393,vendor_a,micro,83.2,youtube,52.3,youtube · micro,16.5,youtube
CR01455,instagram,@creator1455_instagram,vendor_b,24539,vendor_a,0.38261542850156893,vendor_a,0.035794183445190156,vendor_a,0.0472972972972973,vendor_b,micro,27.2,instagram,21.0,instagram · micro,14.7,instagram
CR01455,tiktok,@creator1455_tiktok,vendor_b,113880.0,vendor_b,3.040595363540569,vendor_b,0.04823269513991164,vendor_b,0.07558258381030253,vendor_b,mid,46.8,tiktok,34.4,tiktok · mid,22.7,tiktok
CR01455,youtube,@creator1455_youtube,vendor_b,79650.0,vendor_b,1.54676710608914,vendor_b,0.09801488833746898,vendor_b,0.1632,vendor_b,micro,61.7,youtube,51.3,youtube · micro,77.2,youtube
CR01458,instagram,@creator1458_instagram,vendor_b,54880.0,vendor_b,0.47549198250728864,vendor_b,0.1476369719782518,vendor_b,0.11378353376503238,vendor_b,micro,39.3,instagram,75.6,instagram · micro,41.3,instagram
CR01458,tiktok,@creator1458_tiktok,vendor_b,45890.0,vendor_b,6.469514055349749,vendor_b,0.06226851851851852,vendor_b,,,micro,83.1,tiktok,35.6,tiktok · micro,,
CR01458,youtube,@creator1458_youtube,vendor_a,6750.0,vendor_b,2.0672592592592594,vendor_b,0.1306532663316583,vendor_b,0.1486697965571205,vendor_b,nano,77.8,youtube,57.5,youtube · nano,73.1,youtube
CR01461,instagram,@creator1461_instagram,vendor_b,9480.0,vendor_b,0.4710970464135021,vendor_b,,,,,nano,38.6,instagram,,,,
CR01461,tiktok,https://www.tiktok.com/@creator1461_tiktok,vendor_b,98330.0,vendor_b,2.4503813688599614,vendor_b,0.10669667979741136,vendor_b,0.0928729930818431,vendor_b,micro,36.9,tiktok,62.5,tiktok · micro,34.0,tiktok
CR01461,youtube,,,53627,vendor_a,0.8449102131389039,vendor_a,0.004853095487932843,vendor_a,0.14217134416543575,vendor_a,micro,31.2,youtube,11.0,youtube · micro,71.7,youtube
CR01462,instagram,,,,,,,,,,,,,,,,,
CR01462,tiktok,@creator1462_tiktok,vendor_c,7093,vendor_c,2.1708726913858736,vendor_c,,,,,nano,30.5,tiktok,,,,
CR01462,youtube,@creator1462_youtube,vendor_a,3526,vendor_a,2.716392512762337,vendor_a,-0.20460184976314008,vendor_a,0.09925558312655088,vendor_a,nano,87.3,youtube,1.2,youtube · nano,58.8,youtube
CR01463,instagram,,,,,,,,,,,,,,,,,
CR01463,tiktok,,,,,,,,,,,,,,,,,
CR01463,youtube,@creator1463_youtube,vendor_a,19152,vendor_a,5.6913116123642435,vendor_a,0.07625737566732228,vendor_a,0.061232765612327655,vendor_a,micro,98.2,youtube,38.6,youtube · micro,39.2,youtube
CR01469,instagram,,,,,,,,,,,,,,,,,
CR01469,tiktok,@creator1469_tiktok,vendor_b,19260.0,vendor_b,5.897455867082035,vendor_b,0.07,vendor_b,0.1768481629039398,vendor_b,micro,79.4,tiktok,40.7,tiktok · micro,63.4,tiktok
CR01469,youtube,@creator1469_youtube,vendor_a,102186,vendor_a,1.5974203902687256,vendor_a,-0.1029863586088239,vendor_a,0.06726351749322652,vendor_a,mid,63.0,youtube,1.9,youtube · mid,43.4,youtube
CR01470,instagram,https://www.instagram.com/creator1470_instagram/,vendor_b,123330,vendor_a,0.15622314116597746,vendor_a,0.015747253290286447,vendor_a,0.023734177215189875,vendor_a,mid,5.9,instagram,17.9,instagram · mid,7.2,instagram
CR01470,tiktok,@creator1470_tiktok,vendor_b,55960.0,vendor_b,4.164563974267334,vendor_b,0.02191380569758948,vendor_b,,,micro,66.0,tiktok,19.3,tiktok · micro,,
CR01470,youtube,,,,,,,,,,,,,,,,,
CR01472,instagram,@creator1472_instagram,vendor_b,130290.0,vendor_b,0.10050205385668644,vendor_a,0.16768238035490232,vendor_b,0.20481927710843373,vendor_a,mid,1.9,instagram,83.6,instagram · mid,75.1,instagram
CR01472,tiktok,@creator1472_tiktok,vendor_b,49870.0,vendor_b,9.799639061560056,vendor_b,0.06219382321618743,vendor_b,0.012004091080368198,vendor_b,micro,93.7,tiktok,35.3,tiktok · micro,1.5,tiktok
CR01472,youtube,@creator1472_youtube,vendor_a,24682,vendor_a,1.6327283040272262,vendor_a,-0.026466295901865656,vendor_a,0.08555555555555555,vendor_a,micro,64.9,youtube,5.2,youtube · micro,51.8,youtube
CR01474,instagram,,,,,,,,,,,,,,,,,
CR01474,tiktok,@creator1474_tiktok,vendor_a,162058,vendor_a,2.472417282701255,vendor_a,0.03052308944537003,vendor_a,,,mid,37.5,tiktok,24.8,tiktok · mid,,
CR01474,youtube,@creator1474_youtube,vendor_a,77898,vendor_a,1.0902718940152507,vendor_a,0.18837528604118994,vendor_a,,,micro,41.6,youtube,89.3,youtube · micro,,
CR01475,instagram,@creator1475_instagram,vendor_c,28707,vendor_c,0.6743999721322326,vendor_c,-0.10706398332763072,vendor_c,,,micro,59.5,instagram,1.4,instagram · micro,,
CR01475,tiktok,,,10338,vendor_c,3.510350164441865,vendor_c,0.12186652197504069,vendor_c,,,micro,56.4,tiktok,70.2,tiktok · micro,,
CR01475,youtube,@creator1475_youtube,vendor_a,300194,vendor_a,1.7884334796831383,vendor_a,0.07612615519182099,vendor_a,0.06450344149459193,vendor_a,mid,71.1,youtube,46.0,youtube · mid,41.0,youtube
CR01477,instagram,@creator1477_instagram,vendor_c,12670,vendor_c,0.412707182320442,vendor_c,0.1864406779661017,vendor_c,,,micro,30.4,instagram,88.7,instagram · micro,,
CR01477,tiktok,@creator1477_tiktok,vendor_b,66250.0,vendor_b,2.50931320754717,vendor_b,0.007145028884159319,vendor_b,0.21607027724049,vendor_b,micro,38.5,tiktok,13.8,tiktok · micro,73.3,tiktok
CR01477,youtube,@creator1477_youtube,vendor_a,1401,vendor_a,0.8472519628836546,vendor_a,0.015217391304347827,vendor_a,0.0,vendor_a,nano,31.4,youtube,13.8,youtube · nano,0.9,youtube
CR01478,instagram,@creator1478_instagram,vendor_b,2790.0,vendor_b,0.8483870967741935,vendor_b,,,,"n/a (likes hidden, vendor_b)",nano,71.3,instagram,,,,
CR01479,tiktok,,,,,,,,,,,,,,,,,
CR01481,instagram,@creator1481_instagram,vendor_b,73960.0,vendor_b,0.6142509464575446,vendor_b,0.046850672328379334,vendor_b,0.20197652872143299,vendor_b,micro,55.6,instagram,25.8,instagram · micro,74.1,instagram
CR01481,tiktok,@creator1481_tiktok,vendor_b,142920.0,vendor_b,1.6723061852784775,vendor_b,0.05616316878510198,vendor_b,0.1832606108687029,vendor_b,mid,20.4,tiktok,40.1,tiktok · mid,65.1,tiktok
CR01481,youtube,@creator1481_youtube,vendor_a,130076,vendor_a,0.5883252867554353,vendor_a,0.1289947402225424,vendor_a,0.0826888756692445,vendor_a,mid,17.8,youtube,72.7,youtube · mid,50.7,youtube
CR01482,instagram,@creator1482_instagram,vendor_b,9560.0,vendor_b,0.5372384937238494,vendor_b,-0.0599803343166175,vendor_b,,"n/a (likes hidden, vendor_b)",nano,46.7,instagram,1.4,instagram · nano,,
CR01482,tiktok,https://www.tiktok.com/@creator1482_tiktok,vendor_b,25910.0,vendor_b,4.276842917792358,vendor_b,0.17028003613369466,vendor_b,0.046964350894269376,vendor_b,micro,68.0,tiktok,85.5,tiktok · micro,11.0,tiktok
CR01482,youtube,@creator1482_youtube,vendor_a,77035,vendor_a,0.8095411176737847,vendor_a,0.034248966220933354,vendor_a,0.049132947976878616,vendor_a,micro,29.5,youtube,21.8,youtube · micro,31.7,youtube
CR01483,instagram,https://www.instagram.com/creator1483_instagram/,vendor_b,150170.0,vendor_b,1.0454551508290604,vendor_b,0.173203125,vendor_b,,,mid,80.0,instagram,86.4,instagram · mid,,
CR01483,youtube,@creator1483_youtube,vendor_b,413050.0,vendor_b,0.34840818302868903,vendor_b,0.14701063563911027,vendor_b,0.19635826771653545,vendor_b,mid,5.5,youtube,82.6,youtube · mid,84.4,youtube
CR01484,instagram,@creator1484_instagram,vendor_b,126000.0,vendor_b,0.44461904761904764,vendor_b,0.12459835772938237,vendor_b,0.13532359991283505,vendor_b,mid,33.8,instagram,70.7,instagram · mid,50.6,instagram
CR01484,tiktok,,,,,,,,,,,,,,,,,
CR01484,youtube,@creator1484_youtube,vendor_b,220380.0,vendor_b,0.8906116707505218,vendor_b,0.0023195524628189385,vendor_b,0.04411279683377309,vendor_a,mid,33.9,youtube,13.0,youtube · mid,28.9,youtube
CR01485,instagram,@creator1485_instagram,vendor_b,7980.0,vendor_b,0.27268170426065164,vendor_b,0.07547169811320754,vendor_b,0.12745098039215685,vendor_b,nano,14.6,instagram,33.8,instagram · nano,46.6,instagram
CR01485,tiktok,@creator1485_tiktok,vendor_b,279740.0,vendor_b,2.972674626438836,vendor_b,0.14310232101994116,vendor_b,0.24336618650492797,vendor_b,mid,46.0,tiktok,82.8,tiktok · mid,80.6,tiktok
CR01485,youtube,@creator1485_youtube,vendor_a,15382,vendor_a,1.5228188792094657,vendor_a,0.2324164198053322,vendor_c,0.07194244604316546,vendor_a,micro,61.0,youtube,96.4,youtube · micro,45.0,youtube
CR01489,instagram,@creator1489_instagram,vendor_b,175580.0,vendor_b,0.13117667160268823,vendor_b,0.19158466236851035,vendor_b,0.19544846050870146,vendor_a,mid,4.2,instagram,93.6,instagram · mid,71.8,instagram
CR01489,tiktok,@creator1489_tiktok,vendor_a,26410.0,vendor_b,4.666603559257857,vendor_b,0.11812023708721422,vendor_b,0.33164956590370953,vendor_b,micro,70.3,tiktok,67.6,tiktok · micro,93.4,tiktok
CR01489,youtube,https://youtube.com/@creator1489_youtube,vendor_b,462620.0,vendor_b,3.2935260040638106,vendor_b,0.013517362252163436,vendor_b,0.0009008442796388243,vendor_b,mid,91.0,youtube,16.1,youtube · mid,2.2,youtube
CR01490,youtube,@creator1490_youtube,vendor_b,2420.0,vendor_b,0.8636363636363636,vendor_b,0.3081081081081081,vendor_b,0.08888888888888889,vendor_b,nano,32.1,youtube,100.0,youtube · nano,53.8,youtube
CR01492,instagram,@creator1492_instagram,vendor_b,311650.0,vendor_b,3.628171899492496,vendor_a,0.314757003037462,vendor_b,0.2887650680773567,vendor_a,mid,99.4,instagram,100.0,instagram · mid,89.3,instagram
CR01492,tiktok,@creator1492_tiktok,vendor_b,80670.0,vendor_b,2.221966034461386,vendor_b,-0.041810191234113316,vendor_b,0.04628554846198491,vendor_a,micro,31.0,tiktok,5.1,tiktok · micro,10.8,tiktok
CR01492,youtube,@creator1492_youtube,vendor_a,68474,vendor_a,2.2640710342611796,vendor_a,-0.005966465848878565,vendor_a,0.039220131489458174,vendor_a,micro,80.4,youtube,8.1,youtube · micro,25.8,youtube
CR01495,instagram,@creator1495_instagram,vendor_b,88780.0,vendor_b,0.6134700552697234,vendor_a,0.09849047265528335,vendor_b,0.07830342577487764,vendor_b,micro,55.2,instagram,51.9,instagram · micro,25.2,instagram
CR01495,tiktok,@creator1495_tiktok,vendor_b,93520.0,vendor_b,1.134570145423439,vendor_b,0.08718902580795164,vendor_b,0.12162675788673508,vendor_b,micro,8.4,tiktok,53.5,tiktok · micro,46.1,tiktok
CR01495,youtube,@creator1495_youtube,vendor_a,,,,,,,0.010641728474685586,vendor_a,,,,,,7.2,youtube
