id,creator_id,platform,field,code,severity,values,discrepancy,source_used,explanation,action,status,dependents,decision,manual_value,final_value,final_source,reviewer,note,reviewed_at
Q00001,CR01228,youtube,identity,IDENTITY_CONFLICT_RESOLVED,YELLOW,"{'vendor_c': 'creator1228_youtube', 'vendor_a': 'creator1228_youtube', 'vendor_b': 'creator330_youtube'}",,"vendor_c, vendor_a",2 vendors agree the account is @creator1228_youtube; vendor_b reported @creator330_youtube and was not used for this channel.,No action needed. Spot-check if the dropped vendor often disagrees.,auto,[],,,,,,,
Q00002,CR00407,youtube,identity,IDENTITY_MATCH_UNCERTAIN,RED,"{'vendor_c': 'creator407_youtube', 'vendor_b': 'creator327_youtube'}",,,"Vendors report different accounts for this creator-channel (vendor_c: @creator407_youtube; vendor_b: @creator327_youtube), with no majority. None of their data is used until reviewed.","Check the accounts on the platform. CONFIRM_MATCH if they're the same creator, SELECT_VENDOR_x to keep only the vendor with the right account, or REJECT_MATCH / EXCLUDE.",resolved,[],SELECT_VENDOR_C,,@creator407_youtube,vendor_c,Simulated reviewer,checked against the platform (sample answer key),2026-10-01 05:17:44
Q00003,CR01103,instagram,identity,IDENTITY_MATCH_UNCERTAIN,RED,"{'vendor_c': 'creator1248_instagram', 'vendor_b': 'creator1103_instagram'}",,,"Vendors report different accounts for this creator-channel (vendor_c: @creator1248_instagram; vendor_b: @creator1103_instagram), with no majority. None of their data is used until reviewed.","Check the accounts on the platform. CONFIRM_MATCH if they're the same creator, SELECT_VENDOR_x to keep only the vendor with the right account, or REJECT_MATCH / EXCLUDE.",resolved,[],SELECT_VENDOR_B,,@creator1103_instagram,vendor_b,Simulated reviewer,checked against the platform (sample answer key),2026-10-01 05:17:44
Q00004,CR01127,youtube,identity,IDENTITY_MATCH_UNCERTAIN,RED,"{'vendor_c': 'creator1262_youtube', 'vendor_a': 'creator1127_youtube'}",,,"Vendors report different accounts for this creator-channel (vendor_c: @creator1262_youtube; vendor_a: @creator1127_youtube), with no majority. None of their data is used until reviewed.","Check the accounts on the platform. CONFIRM_MATCH if they're the same creator, SELECT_VENDOR_x to keep only the vendor with the right account, or REJECT_MATCH / EXCLUDE.",resolved,[],SELECT_VENDOR_A,,@creator1127_youtube,vendor_a,Simulated reviewer,checked against the platform (sample answer key),2026-10-01 05:17:44
Q00005,CR01484,tiktok,identity,IDENTITY_MATCH_UNCERTAIN,RED,"{'vendor_c': 'creator1484_tiktok', 'vendor_b': 'creator606_tiktok'}",,,"Vendors report different accounts for this creator-channel (vendor_c: @creator1484_tiktok; vendor_b: @creator606_tiktok), with no majority. None of their data is used until reviewed.","Check the accounts on the platform. CONFIRM_MATCH if they're the same creator, SELECT_VENDOR_x to keep only the vendor with the right account, or REJECT_MATCH / EXCLUDE.",resolved,[],SELECT_VENDOR_C,,@creator1484_tiktok,vendor_c,Simulated reviewer,checked against the platform (sample answer key),2026-10-01 05:17:44
Q00006,CR00068,youtube,identity,IDENTITY_CONFLICT_RESOLVED,YELLOW,"{'vendor_c': 'creator1055_youtube', 'vendor_a': 'creator68_youtube', 'vendor_b': 'creator68_youtube'}",,"vendor_a, vendor_b",2 vendors agree the account is @creator68_youtube; vendor_c reported @creator1055_youtube and was not used for this channel.,No action needed. Spot-check if the dropped vendor often disagrees.,auto,[],,,,,,,
Q00007,CR00322,youtube,identity,IDENTITY_MATCH_UNCERTAIN,RED,"{'vendor_c': 'creator243_youtube', 'vendor_a': 'creator322_youtube'}",,,"Vendors report different accounts for this creator-channel (vendor_c: @creator243_youtube; vendor_a: @creator322_youtube), with no majority. None of their data is used until reviewed.","Check the accounts on the platform. CONFIRM_MATCH if they're the same creator, SELECT_VENDOR_x to keep only the vendor with the right account, or REJECT_MATCH / EXCLUDE.",resolved,[],SELECT_VENDOR_A,,@creator322_youtube,vendor_a,Simulated reviewer,checked against the platform (sample answer key),2026-10-01 05:17:44
Q00008,CR00811,instagram,identity,IDENTITY_MATCH_UNCERTAIN,RED,"{'vendor_c': 'creator1307_instagram', 'vendor_b': 'creator811_instagram'}",,,"Vendors report different accounts for this creator-channel (vendor_c: @creator1307_instagram; vendor_b: @creator811_instagram), with no majority. None of their data is used until reviewed.","Check the accounts on the platform. CONFIRM_MATCH if they're the same creator, SELECT_VENDOR_x to keep only the vendor with the right account, or REJECT_MATCH / EXCLUDE.",resolved,[],SELECT_VENDOR_B,,@creator811_instagram,vendor_b,Simulated reviewer,checked against the platform (sample answer key),2026-10-01 05:17:44
Q00009,CR01276,instagram,identity,IDENTITY_CONFLICT_RESOLVED,YELLOW,"{'vendor_c': 'creator332_instagram', 'vendor_a': 'creator1276_instagram', 'vendor_b': 'creator1276_instagram'}",,"vendor_a, vendor_b",2 vendors agree the account is @creator1276_instagram; vendor_c reported @creator332_instagram and was not used for this channel.,No action needed. Spot-check if the dropped vendor often disagrees.,auto,[],,,,,,,
Q00010,CR00390,youtube,identity,IDENTITY_CONFLICT_RESOLVED,YELLOW,"{'vendor_c': 'creator390_youtube', 'vendor_a': 'creator390_youtube', 'vendor_b': 'creator380_youtube'}",,"vendor_c, vendor_a",2 vendors agree the account is @creator390_youtube; vendor_b reported @creator380_youtube and was not used for this channel.,No action needed. Spot-check if the dropped vendor often disagrees.,auto,[],,,,,,,
Q00011,CR00393,instagram,identity,IDENTITY_MATCH_UNCERTAIN,RED,"{'vendor_c': 'creator194_instagram', 'vendor_b': 'creator393_instagram'}",,,"Vendors report different accounts for this creator-channel (vendor_c: @creator194_instagram; vendor_b: @creator393_instagram), with no majority. None of their data is used until reviewed.","Check the accounts on the platform. CONFIRM_MATCH if they're the same creator, SELECT_VENDOR_x to keep only the vendor with the right account, or REJECT_MATCH / EXCLUDE.",resolved,[],SELECT_VENDOR_B,,@creator393_instagram,vendor_b,Simulated reviewer,checked against the platform (sample answer key),2026-10-01 05:17:44
Q00012,CR01193,tiktok,identity,IDENTITY_MATCH_UNCERTAIN,RED,"{'vendor_a': 'creator1193_tiktok', 'vendor_b': 'creator99_tiktok'}",,,"Vendors report different accounts for this creator-channel (vendor_a: @creator1193_tiktok; vendor_b: @creator99_tiktok), with no majority. None of their data is used until reviewed.","Check the accounts on the platform. CONFIRM_MATCH if they're the same creator, SELECT_VENDOR_x to keep only the vendor with the right account, or REJECT_MATCH / EXCLUDE.",resolved,[],SELECT_VENDOR_A,,@creator1193_tiktok,vendor_a,Simulated reviewer,checked against the platform (sample answer key),2026-10-01 05:17:44
Q00013,CR00047,instagram,follower_count,CROSS_VENDOR_DISCREPANCY,RED,"{'vendor_c': 296963.0, 'vendor_b': 196210.0}",0.3393,vendor_b,"Vendors disagree by 34% (threshold 25%): vendor_b 196,210; vendor_c 296,963. No credible majority, so the value is held back rather than defaulting to the highest tier; reach_rate, growth_rate (computed from it) held back too.","Check the creator's profile. SELECT_VENDOR_x for the right value, MANUAL_VALUE to enter the correct figure, or EXCLUDE to leave it out this month.",resolved,"['reach_rate', 'growth_rate']",SELECT_VENDOR_C,,296963.0,vendor_c,Simulated reviewer,checked against the platform (sample answer key),2026-10-01 05:17:44
Q00014,CR00048,tiktok,follower_count,CROSS_VENDOR_DISCREPANCY,RED,"{'vendor_a': 28401.0, 'vendor_b': 16450.0}",0.4208,vendor_b,"Vendors disagree by 42% (threshold 25%): vendor_b 16,450; vendor_a 28,401. No credible majority, so the value is held back rather than defaulting to the highest tier; reach_rate, growth_rate (computed from it) held back too.","Check the creator's profile. SELECT_VENDOR_x for the right value, MANUAL_VALUE to enter the correct figure, or EXCLUDE to leave it out this month.",resolved,"['reach_rate', 'growth_rate']",SELECT_VENDOR_A,,28401.0,vendor_a,Simulated reviewer,checked against the platform (sample answer key),2026-10-01 05:17:44
Q00015,CR00162,tiktok,follower_count,CROSS_VENDOR_DISCREPANCY,RED,"{'vendor_c': 159653.0, 'vendor_b': 295980.0}",0.4606,vendor_b,"Vendors disagree by 46% (threshold 25%): vendor_b 295,980; vendor_c 159,653. No credible majority, so the value is held back rather than defaulting to the highest tier; reach_rate, growth_rate (computed from it) held back too.","Check the creator's profile. SELECT_VENDOR_x for the right value, MANUAL_VALUE to enter the correct figure, or EXCLUDE to leave it out this month.",resolved,"['reach_rate', 'growth_rate']",SELECT_VENDOR_C,,159653.0,vendor_c,Simulated reviewer,checked against the platform (sample answer key),2026-10-01 05:17:44
Q00016,CR00243,tiktok,follower_count,OUTLIER_SOURCE_EXCLUDED,YELLOW,"{'vendor_c': 47482.0, 'vendor_a': 87484.0, 'vendor_b': 47630.0}",0.4572,vendor_b,"vendor_c, vendor_b agree within 25%; vendor_a differ (vendor_b 47,630; vendor_a 87,484; vendor_c 47,482). Used vendor_b (highest tier among the agreeing vendors), not the outlier.",No action needed. Watch for repeat outliers from the same vendor.,auto,[],,,,,,,
Q00017,CR00254,instagram,follower_count,CROSS_VENDOR_DISCREPANCY,RED,"{'vendor_c': 17016.0, 'vendor_a': 10351.0}",0.3917,vendor_a,"Vendors disagree by 39% (threshold 25%): vendor_a 10,351; vendor_c 17,016. No credible majority, so the value is held back rather than defaulting to the highest tier; reach_rate, growth_rate (computed from it) held back too.","Check the creator's profile. SELECT_VENDOR_x for the right value, MANUAL_VALUE to enter the correct figure, or EXCLUDE to leave it out this month.",resolved,"['reach_rate', 'growth_rate']",SELECT_VENDOR_C,,17016.0,vendor_c,Simulated reviewer,checked against the platform (sample answer key),2026-10-01 05:17:44
Q00018,CR00254,youtube,follower_count,OUTLIER_SOURCE_EXCLUDED,YELLOW,"{'vendor_c': 15337.0, 'vendor_a': 8582.0, 'vendor_b': 14740.0}",0.4404,vendor_b,"vendor_c, vendor_b agree within 25%; vendor_a differ (vendor_b 14,740; vendor_a 8,582; vendor_c 15,337). Used vendor_b (highest tier among the agreeing vendors), not the outlier.",No action needed. Watch for repeat outliers from the same vendor.,auto,[],,,,,,,
Q00019,CR00277,instagram,follower_count,OUTLIER_SOURCE_EXCLUDED,YELLOW,"{'vendor_c': 84839.0, 'vendor_a': 84833.0, 'vendor_b': 44190.0}",0.4791,vendor_a,"vendor_c, vendor_a agree within 25%; vendor_b differ (vendor_b 44,190; vendor_a 84,833; vendor_c 84,839). Used vendor_a (highest tier among the agreeing vendors), not Tier 1 vendor_b, because it's the outlier.",No action needed. Watch for repeat outliers from the same vendor.,auto,[],,,,,,,
Q00020,CR00386,tiktok,follower_count,CROSS_VENDOR_DISCREPANCY,RED,"{'vendor_c': 46769.0, 'vendor_b': 27980.0}",0.4017,vendor_b,"Vendors disagree by 40% (threshold 25%): vendor_b 27,980; vendor_c 46,769. No credible majority, so the value is held back rather than defaulting to the highest tier; reach_rate, growth_rate (computed from it) held back too.","Check the creator's profile. SELECT_VENDOR_x for the right value, MANUAL_VALUE to enter the correct figure, or EXCLUDE to leave it out this month.",resolved,"['reach_rate', 'growth_rate']",SELECT_VENDOR_B,,27980.0,vendor_b,Simulated reviewer,checked against the platform (sample answer key),2026-10-01 05:17:44
Q00021,CR00438,instagram,follower_count,CROSS_VENDOR_DISCREPANCY,RED,"{'vendor_c': 5306.0, 'vendor_b': 10520.0}",0.4956,vendor_b,"Vendors disagree by 50% (threshold 25%): vendor_b 10,520; vendor_c 5,306. No credible majority, so the value is held back rather than defaulting to the highest tier; reach_rate, growth_rate (computed from it) held back too.","Check the creator's profile. SELECT_VENDOR_x for the right value, MANUAL_VALUE to enter the correct figure, or EXCLUDE to leave it out this month.",resolved,"['reach_rate', 'growth_rate']",SELECT_VENDOR_B,,10520.0,vendor_b,Simulated reviewer,checked against the platform (sample answer key),2026-10-01 05:17:44
Q00022,CR00463,tiktok,follower_count,CROSS_VENDOR_DISCREPANCY,RED,"{'vendor_c': 14812.0, 'vendor_b': 7710.0}",0.4795,vendor_b,"Vendors disagree by 48% (threshold 25%): vendor_b 7,710; vendor_c 14,812. No credible majority, so the value is held back rather than defaulting to the highest tier; reach_rate, growth_rate (computed from it) held back too.","Check the creator's profile. SELECT_VENDOR_x for the right value, MANUAL_VALUE to enter the correct figure, or EXCLUDE to leave it out this month.",resolved,"['reach_rate', 'growth_rate']",SELECT_VENDOR_C,,14812.0,vendor_c,Simulated reviewer,checked against the platform (sample answer key),2026-10-01 05:17:44
Q00023,CR00510,instagram,follower_count,OUTLIER_SOURCE_EXCLUDED,YELLOW,"{'vendor_c': 33883.0, 'vendor_a': 21372.0, 'vendor_b': 20980.0}",0.3808,vendor_b,"vendor_a, vendor_b agree within 25%; vendor_c differ (vendor_b 20,980; vendor_a 21,372; vendor_c 33,883). Used vendor_b (highest tier among the agreeing vendors), not the outlier.",No action needed. Watch for repeat outliers from the same vendor.,auto,[],,,,,,,
Q00024,CR00571,youtube,follower_count,OUTLIER_SOURCE_EXCLUDED,YELLOW,"{'vendor_c': 323221.0, 'vendor_a': 204422.0, 'vendor_b': 203530.0}",0.3703,vendor_b,"vendor_a, vendor_b agree within 25%; vendor_c differ (vendor_b 203,530; vendor_a 204,422; vendor_c 323,221). Used vendor_b (highest tier among the agreeing vendors), not the outlier.",No action needed. Watch for repeat outliers from the same vendor.,auto,[],,,,,,,
Q00025,CR00582,tiktok,follower_count,CROSS_VENDOR_DISCREPANCY,RED,"{'vendor_a': 19368.0, 'vendor_b': 11420.0}",0.4104,vendor_b,"Vendors disagree by 41% (threshold 25%): vendor_b 11,420; vendor_a 19,368. No credible majority, so the value is held back rather than defaulting to the highest tier; reach_rate, growth_rate (computed from it) held back too.","Check the creator's profile. SELECT_VENDOR_x for the right value, MANUAL_VALUE to enter the correct figure, or EXCLUDE to leave it out this month.",resolved,"['reach_rate', 'growth_rate']",SELECT_VENDOR_A,,19368.0,vendor_a,Simulated reviewer,checked against the platform (sample answer key),2026-10-01 05:17:44
Q00026,CR00610,youtube,follower_count,CROSS_VENDOR_DISCREPANCY,RED,"{'vendor_c': 31396.0, 'vendor_a': 55938.0}",0.4387,vendor_a,"Vendors disagree by 44% (threshold 25%): vendor_a 55,938; vendor_c 31,396. No credible majority, so the value is held back rather than defaulting to the highest tier; reach_rate, growth_rate (computed from it) held back too.","Check the creator's profile. SELECT_VENDOR_x for the right value, MANUAL_VALUE to enter the correct figure, or EXCLUDE to leave it out this month.",resolved,"['reach_rate', 'growth_rate']",SELECT_VENDOR_C,,31396.0,vendor_c,Simulated reviewer,checked against the platform (sample answer key),2026-10-01 05:17:44
Q00027,CR00616,youtube,follower_count,OUTLIER_SOURCE_EXCLUDED,YELLOW,"{'vendor_c': 11059.0, 'vendor_a': 10604.0, 'vendor_b': 6890.0}",0.377,vendor_a,"vendor_c, vendor_a agree within 25%; vendor_b differ (vendor_b 6,890; vendor_a 10,604; vendor_c 11,059). Used vendor_a (highest tier among the agreeing vendors), not Tier 1 vendor_b, because it's the outlier.",No action needed. Watch for repeat outliers from the same vendor.,auto,[],,,,,,,
Q00028,CR00638,tiktok,follower_count,CROSS_VENDOR_DISCREPANCY,RED,"{'vendor_c': 9417.0, 'vendor_b': 15800.0}",0.404,vendor_b,"Vendors disagree by 40% (threshold 25%): vendor_b 15,800; vendor_c 9,417. No credible majority, so the value is held back rather than defaulting to the highest tier; reach_rate, growth_rate (computed from it) held back too.","Check the creator's profile. SELECT_VENDOR_x for the right value, MANUAL_VALUE to enter the correct figure, or EXCLUDE to leave it out this month.",resolved,"['reach_rate', 'growth_rate']",SELECT_VENDOR_B,,15800.0,vendor_b,Simulated reviewer,checked against the platform (sample answer key),2026-10-01 05:17:44
Q00029,CR00799,instagram,follower_count,OUTLIER_SOURCE_EXCLUDED,YELLOW,"{'vendor_c': 496940.0, 'vendor_a': 271406.0, 'vendor_b': 277050.0}",0.4538,vendor_b,"vendor_a, vendor_b agree within 25%; vendor_c differ (vendor_b 277,050; vendor_a 271,406; vendor_c 496,940). Used vendor_b (highest tier among the agreeing vendors), not the outlier.",No action needed. Watch for repeat outliers from the same vendor.,auto,[],,,,,,,
Q00030,CR00819,youtube,follower_count,CROSS_VENDOR_DISCREPANCY,RED,"{'vendor_a': 44614.0, 'vendor_b': 77380.0}",0.4234,vendor_b,"Vendors disagree by 42% (threshold 25%): vendor_b 77,380; vendor_a 44,614. No credible majority, so the value is held back rather than defaulting to the highest tier; reach_rate, growth_rate (computed from it) held back too.","Check the creator's profile. SELECT_VENDOR_x for the right value, MANUAL_VALUE to enter the correct figure, or EXCLUDE to leave it out this month.",resolved,"['reach_rate', 'growth_rate']",SELECT_VENDOR_B,,77380.0,vendor_b,Simulated reviewer,checked against the platform (sample answer key),2026-10-01 05:17:44
Q00031,CR00855,tiktok,follower_count,CROSS_VENDOR_DISCREPANCY,RED,"{'vendor_c': 820317.0, 'vendor_b': 422370.0}",0.4851,vendor_b,"Vendors disagree by 49% (threshold 25%): vendor_b 422,370; vendor_c 820,317. No credible majority, so the value is held back rather than defaulting to the highest tier; reach_rate, growth_rate (computed from it) held back too.","Check the creator's profile. SELECT_VENDOR_x for the right value, MANUAL_VALUE to enter the correct figure, or EXCLUDE to leave it out this month.",resolved,"['reach_rate', 'growth_rate']",SELECT_VENDOR_B,,422370.0,vendor_b,Simulated reviewer,checked against the platform (sample answer key),2026-10-01 05:17:44
Q00032,CR00902,youtube,follower_count,OUTLIER_SOURCE_EXCLUDED,YELLOW,"{'vendor_c': 50756.0, 'vendor_a': 91348.0, 'vendor_b': 50170.0}",0.4508,vendor_b,"vendor_c, vendor_b agree within 25%; vendor_a differ (vendor_b 50,170; vendor_a 91,348; vendor_c 50,756). Used vendor_b (highest tier among the agreeing vendors), not the outlier.",No action needed. Watch for repeat outliers from the same vendor.,auto,[],,,,,,,
Q00033,CR01016,instagram,follower_count,OUTLIER_SOURCE_EXCLUDED,YELLOW,"{'vendor_c': 581.0, 'vendor_a': 897.0, 'vendor_b': 910.0}",0.3615,vendor_b,"vendor_a, vendor_b agree within 25%; vendor_c differ (vendor_b 910; vendor_a 897; vendor_c 581). Used vendor_b (highest tier among the agreeing vendors), not the outlier.",No action needed. Watch for repeat outliers from the same vendor.,auto,[],,,,,,,
Q00034,CR01039,youtube,follower_count,CROSS_VENDOR_DISCREPANCY,RED,"{'vendor_c': 3382.0, 'vendor_a': 5017.0}",0.3259,vendor_a,"Vendors disagree by 33% (threshold 25%): vendor_a 5,017; vendor_c 3,382. No credible majority, so the value is held back rather than defaulting to the highest tier; reach_rate, growth_rate (computed from it) held back too.","Check the creator's profile. SELECT_VENDOR_x for the right value, MANUAL_VALUE to enter the correct figure, or EXCLUDE to leave it out this month.",resolved,"['reach_rate', 'growth_rate']",SELECT_VENDOR_C,,3382.0,vendor_c,Simulated reviewer,checked against the platform (sample answer key),2026-10-01 05:17:44
Q00035,CR01051,youtube,follower_count,CROSS_VENDOR_DISCREPANCY,RED,"{'vendor_c': 1892156.0, 'vendor_a': 995565.0}",0.4738,vendor_a,"Vendors disagree by 47% (threshold 25%): vendor_a 995,565; vendor_c 1,892,156. No credible majority, so the value is held back rather than defaulting to the highest tier; reach_rate, growth_rate (computed from it) held back too.","Check the creator's profile. SELECT_VENDOR_x for the right value, MANUAL_VALUE to enter the correct figure, or EXCLUDE to leave it out this month.",resolved,"['reach_rate', 'growth_rate']",SELECT_VENDOR_A,,995565.0,vendor_a,Simulated reviewer,checked against the platform (sample answer key),2026-10-01 05:17:44
Q00036,CR01101,instagram,follower_count,CROSS_VENDOR_DISCREPANCY,RED,"{'vendor_c': 3604745.0, 'vendor_b': 2208170.0}",0.3874,vendor_b,"Vendors disagree by 39% (threshold 25%): vendor_b 2,208,170; vendor_c 3,604,745. No credible majority, so the value is held back rather than defaulting to the highest tier; reach_rate, growth_rate (computed from it) held back too.","Check the creator's profile. SELECT_VENDOR_x for the right value, MANUAL_VALUE to enter the correct figure, or EXCLUDE to leave it out this month.",resolved,"['reach_rate', 'growth_rate']",SELECT_VENDOR_C,,3604745.0,vendor_c,Simulated reviewer,checked against the platform (sample answer key),2026-10-01 05:17:44
Q00037,CR01205,instagram,follower_count,CROSS_VENDOR_DISCREPANCY,RED,"{'vendor_c': 47424.0, 'vendor_b': 27550.0}",0.4191,vendor_b,"Vendors disagree by 42% (threshold 25%): vendor_b 27,550; vendor_c 47,424. No credible majority, so the value is held back rather than defaulting to the highest tier; reach_rate, growth_rate (computed from it) held back too.","Check the creator's profile. SELECT_VENDOR_x for the right value, MANUAL_VALUE to enter the correct figure, or EXCLUDE to leave it out this month.",resolved,"['reach_rate', 'growth_rate']",SELECT_VENDOR_B,,27550.0,vendor_b,Simulated reviewer,checked against the platform (sample answer key),2026-10-01 05:17:44
Q00038,CR01222,tiktok,follower_count,CROSS_VENDOR_DISCREPANCY,RED,"{'vendor_c': 17565.0, 'vendor_b': 29540.0}",0.4054,vendor_b,"Vendors disagree by 41% (threshold 25%): vendor_b 29,540; vendor_c 17,565. No credible majority, so the value is held back rather than defaulting to the highest tier; reach_rate, growth_rate (computed from it) held back too.","Check the creator's profile. SELECT_VENDOR_x for the right value, MANUAL_VALUE to enter the correct figure, or EXCLUDE to leave it out this month.",resolved,"['reach_rate', 'growth_rate']",SELECT_VENDOR_C,,17565.0,vendor_c,Simulated reviewer,checked against the platform (sample answer key),2026-10-01 05:17:44
Q00039,CR01240,instagram,follower_count,CROSS_VENDOR_DISCREPANCY,RED,"{'vendor_a': 49575.0, 'vendor_b': 88970.0}",0.4428,vendor_b,"Vendors disagree by 44% (threshold 25%): vendor_b 88,970; vendor_a 49,575. No credible majority, so the value is held back rather than defaulting to the highest tier; reach_rate, growth_rate (computed from it) held back too.","Check the creator's profile. SELECT_VENDOR_x for the right value, MANUAL_VALUE to enter the correct figure, or EXCLUDE to leave it out this month.",resolved,"['reach_rate', 'growth_rate']",SELECT_VENDOR_A,,49575.0,vendor_a,Simulated reviewer,checked against the platform (sample answer key),2026-10-01 05:17:44
Q00040,CR01295,tiktok,follower_count,CROSS_VENDOR_DISCREPANCY,RED,"{'vendor_c': 11610.0, 'vendor_b': 20640.0}",0.4375,vendor_b,"Vendors disagree by 44% (threshold 25%): vendor_b 20,640; vendor_c 11,610. No credible majority, so the value is held back rather than defaulting to the highest tier; reach_rate, growth_rate (computed from it) held back too.","Check the creator's profile. SELECT_VENDOR_x for the right value, MANUAL_VALUE to enter the correct figure, or EXCLUDE to leave it out this month.",resolved,"['reach_rate', 'growth_rate']",SELECT_VENDOR_B,,20640.0,vendor_b,Simulated reviewer,checked against the platform (sample answer key),2026-10-01 05:17:44
Q00041,CR01327,youtube,follower_count,CROSS_VENDOR_DISCREPANCY,RED,"{'vendor_a': 51228.0, 'vendor_b': 30350.0}",0.4076,vendor_b,"Vendors disagree by 41% (threshold 25%): vendor_b 30,350; vendor_a 51,228. No credible majority, so the value is held back rather than defaulting to the highest tier; reach_rate, growth_rate (computed from it) held back too.","Check the creator's profile. SELECT_VENDOR_x for the right value, MANUAL_VALUE to enter the correct figure, or EXCLUDE to leave it out this month.",resolved,"['reach_rate', 'growth_rate']",SELECT_VENDOR_A,,51228.0,vendor_a,Simulated reviewer,checked against the platform (sample answer key),2026-10-01 05:17:44
Q00042,CR01367,instagram,follower_count,CROSS_VENDOR_DISCREPANCY,RED,"{'vendor_c': 133670.0, 'vendor_b': 74520.0}",0.4425,vendor_b,"Vendors disagree by 44% (threshold 25%): vendor_b 74,520; vendor_c 133,670. No credible majority, so the value is held back rather than defaulting to the highest tier; reach_rate, growth_rate (computed from it) held back too.","Check the creator's profile. SELECT_VENDOR_x for the right value, MANUAL_VALUE to enter the correct figure, or EXCLUDE to leave it out this month.",resolved,"['reach_rate', 'growth_rate']",SELECT_VENDOR_B,,74520.0,vendor_b,Simulated reviewer,checked against the platform (sample answer key),2026-10-01 05:17:44
Q00043,CR01408,instagram,follower_count,CROSS_VENDOR_DISCREPANCY,RED,"{'vendor_a': 12340.0, 'vendor_b': 23320.0}",0.4708,vendor_b,"Vendors disagree by 47% (threshold 25%): vendor_b 23,320; vendor_a 12,340. No credible majority, so the value is held back rather than defaulting to the highest tier; reach_rate, growth_rate (computed from it) held back too.","Check the creator's profile. SELECT_VENDOR_x for the right value, MANUAL_VALUE to enter the correct figure, or EXCLUDE to leave it out this month.",resolved,"['reach_rate', 'growth_rate']",SELECT_VENDOR_A,,12340.0,vendor_a,Simulated reviewer,checked against the platform (sample answer key),2026-10-01 05:17:44
Q00044,CR01438,youtube,follower_count,CROSS_VENDOR_DISCREPANCY,RED,"{'vendor_a': 16177.0, 'vendor_b': 28400.0}",0.4304,vendor_b,"Vendors disagree by 43% (threshold 25%): vendor_b 28,400; vendor_a 16,177. No credible majority, so the value is held back rather than defaulting to the highest tier; reach_rate, growth_rate (computed from it) held back too.","Check the creator's profile. SELECT_VENDOR_x for the right value, MANUAL_VALUE to enter the correct figure, or EXCLUDE to leave it out this month.",resolved,"['reach_rate', 'growth_rate']",SELECT_VENDOR_B,,28400.0,vendor_b,Simulated reviewer,checked against the platform (sample answer key),2026-10-01 05:17:44
Q00045,CR01490,youtube,follower_count,OUTLIER_SOURCE_EXCLUDED,YELLOW,"{'vendor_c': 4102.0, 'vendor_a': 2382.0, 'vendor_b': 2420.0}",0.4193,vendor_b,"vendor_a, vendor_b agree within 25%; vendor_c differ (vendor_b 2,420; vendor_a 2,382; vendor_c 4,102). Used vendor_b (highest tier among the agreeing vendors), not the outlier.",No action needed. Watch for repeat outliers from the same vendor.,auto,[],,,,,,,
Q00046,CR00004,tiktok,growth_rate,PRIMARY_SOURCE_MISSING,YELLOW,{'growth_rate': 'vendor_a'},,vendor_a,vendor_b's record lacks a valid value for growth_rate; filled from vendor_a (fallback).,No action needed. Tracked to monitor vendor coverage.,auto,[],,,,,,,
Q00047,CR00004,youtube,"handle, follower_count, reach_rate, growth_rate, meaningful_eng_rate",PRIMARY_SOURCE_MISSING,YELLOW,"{'handle': 'vendor_a', 'follower_count': 'vendor_a', 'reach_rate': 'vendor_a', 'growth_rate': 'vendor_a', 'meaningful_eng_rate': 'vendor_a'}",,vendor_a,vendor_b's record is stale; filled from vendor_a (fallback).,No action needed. Tracked to monitor vendor coverage.,auto,[],,,,,,,
Q00048,CR00005,instagram,meaningful_eng_rate,PRIMARY_SOURCE_MISSING,YELLOW,{'meaningful_eng_rate': 'vendor_a'},,vendor_a,vendor_b's record lacks a valid value for meaningful_eng_rate; filled from vendor_a (fallback).,No action needed. Tracked to monitor vendor coverage.,auto,[],,,,,,,
Q00049,CR00005,youtube,"handle, follower_count, reach_rate, growth_rate, meaningful_eng_rate",PRIMARY_SOURCE_MISSING,YELLOW,"{'handle': 'vendor_a', 'follower_count': 'vendor_a', 'reach_rate': 'vendor_a', 'growth_rate': 'vendor_a', 'meaningful_eng_rate': 'vendor_a'}",,vendor_a,vendor_b has no record for this channel; filled from vendor_a (fallback).,No action needed. Tracked to monitor vendor coverage.,auto,[],,,,,,,
Q00050,CR00007,youtube,"handle, follower_count, reach_rate, growth_rate, meaningful_eng_rate",PRIMARY_SOURCE_MISSING,YELLOW,"{'handle': 'vendor_a', 'follower_count': 'vendor_a', 'reach_rate': 'vendor_a', 'growth_rate': 'vendor_a', 'meaningful_eng_rate': 'vendor_a'}",,vendor_a,vendor_b has no record for this channel; filled from vendor_a (fallback).,No action needed. Tracked to monitor vendor coverage.,auto,[],,,,,,,
Q00051,CR00009,instagram,"reach_rate, meaningful_eng_rate",PRIMARY_SOURCE_MISSING,YELLOW,"{'reach_rate': 'vendor_a', 'meaningful_eng_rate': 'vendor_a'}",,vendor_a,"vendor_b's record lacks a valid value for reach_rate, meaningful_eng_rate; filled from vendor_a (fallback).",No action needed. Tracked to monitor vendor coverage.,auto,[],,,,,,,
Q00052,CR00009,youtube,"handle, follower_count, reach_rate, growth_rate, meaningful_eng_rate",PRIMARY_SOURCE_MISSING,YELLOW,"{'handle': 'vendor_a', 'follower_count': 'vendor_a', 'reach_rate': 'vendor_a', 'growth_rate': 'vendor_a', 'meaningful_eng_rate': 'vendor_a'}",,vendor_a,vendor_b has no record for this channel; filled from vendor_a (fallback).,No action needed. Tracked to monitor vendor coverage.,auto,[],,,,,,,
Q00053,CR00011,tiktok,"handle, follower_count, reach_rate, growth_rate, meaningful_eng_rate",PRIMARY_SOURCE_MISSING,YELLOW,"{'handle': 'vendor_a', 'follower_count': 'vendor_a', 'reach_rate': 'vendor_a', 'growth_rate': 'vendor_a', 'meaningful_eng_rate': 'vendor_a'}",,vendor_a,vendor_b has no record for this channel; filled from vendor_a (fallback).,No action needed. Tracked to monitor vendor coverage.,auto,[],,,,,,,
Q00054,CR00012,youtube,meaningful_eng_rate,PRIMARY_SOURCE_MISSING,YELLOW,{'meaningful_eng_rate': 'vendor_a'},,vendor_a,vendor_b's record lacks a valid value for meaningful_eng_rate; filled from vendor_a (fallback).,No action needed. Tracked to monitor vendor coverage.,auto,[],,,,,,,
Q00055,CR00020,youtube,"handle, follower_count, reach_rate, growth_rate, meaningful_eng_rate",PRIMARY_SOURCE_MISSING,YELLOW,"{'handle': 'vendor_a', 'follower_count': 'vendor_a', 'reach_rate': 'vendor_a', 'growth_rate': 'vendor_a', 'meaningful_eng_rate': 'vendor_c'}",,"vendor_a, vendor_c","vendor_b has no record for this channel; filled from vendor_a, vendor_c (fallback).",No action needed. Tracked to monitor vendor coverage.,auto,[],,,,,,,
Q00056,CR00025,youtube,"handle, meaningful_eng_rate",PRIMARY_SOURCE_MISSING,YELLOW,"{'handle': 'vendor_a', 'meaningful_eng_rate': 'vendor_a'}",,vendor_a,vendor_b has no record for this channel; filled from vendor_a (fallback).,No action needed. Tracked to monitor vendor coverage.,auto,[],,,,,,,
Q00057,CR00027,youtube,"handle, follower_count, reach_rate, growth_rate, meaningful_eng_rate",PRIMARY_SOURCE_MISSING,YELLOW,"{'handle': 'vendor_a', 'follower_count': 'vendor_a', 'reach_rate': 'vendor_a', 'growth_rate': 'vendor_a', 'meaningful_eng_rate': 'vendor_a'}",,vendor_a,vendor_b's record is stale; filled from vendor_a (fallback).,No action needed. Tracked to monitor vendor coverage.,auto,[],,,,,,,
Q00058,CR00030,tiktok,"growth_rate, meaningful_eng_rate",PRIMARY_SOURCE_MISSING,YELLOW,"{'growth_rate': 'vendor_a', 'meaningful_eng_rate': 'vendor_a'}",,vendor_a,"vendor_b's record lacks a valid value for growth_rate, meaningful_eng_rate; filled from vendor_a (fallback).",No action needed. Tracked to monitor vendor coverage.,auto,[],,,,,,,
Q00059,CR00031,youtube,"handle, follower_count, reach_rate, growth_rate",PRIMARY_SOURCE_MISSING,YELLOW,"{'handle': 'vendor_a', 'follower_count': 'vendor_a', 'reach_rate': 'vendor_a', 'growth_rate': 'vendor_a'}",,vendor_a,vendor_b has no record for this channel; filled from vendor_a (fallback).,No action needed. Tracked to monitor vendor coverage.,auto,[],,,,,,,
Q00060,CR00032,instagram,"handle, follower_count, reach_rate, growth_rate, meaningful_eng_rate",PRIMARY_SOURCE_MISSING,YELLOW,"{'handle': 'vendor_a', 'follower_count': 'vendor_a', 'reach_rate': 'vendor_a', 'growth_rate': 'vendor_a', 'meaningful_eng_rate': 'vendor_a'}",,vendor_a,vendor_b's record is stale; filled from vendor_a (fallback).,No action needed. Tracked to monitor vendor coverage.,auto,[],,,,,,,
Q00061,CR00032,youtube,"handle, follower_count, reach_rate, growth_rate, meaningful_eng_rate",PRIMARY_SOURCE_MISSING,YELLOW,"{'handle': 'vendor_a', 'follower_count': 'vendor_a', 'reach_rate': 'vendor_a', 'growth_rate': 'vendor_a', 'meaningful_eng_rate': 'vendor_a'}",,vendor_a,vendor_b has no record for this channel; filled from vendor_a (fallback).,No action needed. Tracked to monitor vendor coverage.,auto,[],,,,,,,
Q00062,CR00033,youtube,handle,PRIMARY_SOURCE_MISSING,YELLOW,{'handle': 'vendor_a'},,vendor_a,vendor_b's record lacks a valid value for handle; filled from vendor_a (fallback).,No action needed. Tracked to monitor vendor coverage.,auto,[],,,,,,,
Q00063,CR00034,tiktok,"handle, follower_count, reach_rate, growth_rate",PRIMARY_SOURCE_MISSING,YELLOW,"{'handle': 'vendor_c', 'follower_count': 'vendor_c', 'reach_rate': 'vendor_c', 'growth_rate': 'vendor_c'}",,vendor_c,vendor_b has no record for this channel; filled from vendor_c (fallback).,No action needed. Tracked to monitor vendor coverage.,auto,[],,,,,,,
Q00064,CR00038,youtube,"handle, follower_count, reach_rate, growth_rate, meaningful_eng_rate",PRIMARY_SOURCE_MISSING,YELLOW,"{'handle': 'vendor_a', 'follower_count': 'vendor_a', 'reach_rate': 'vendor_a', 'growth_rate': 'vendor_a', 'meaningful_eng_rate': 'vendor_a'}",,vendor_a,vendor_b has no record for this channel; filled from vendor_a (fallback).,No action needed. Tracked to monitor vendor coverage.,auto,[],,,,,,,
Q00065,CR00039,instagram,"handle, follower_count, reach_rate, growth_rate",PRIMARY_SOURCE_MISSING,YELLOW,"{'handle': 'vendor_c', 'follower_count': 'vendor_c', 'reach_rate': 'vendor_c', 'growth_rate': 'vendor_c'}",,vendor_c,vendor_b has no record for this channel; filled from vendor_c (fallback).,No action needed. Tracked to monitor vendor coverage.,auto,[],,,,,,,
Q00066,CR00040,instagram,"handle, follower_count, reach_rate, growth_rate, meaningful_eng_rate",PRIMARY_SOURCE_MISSING,YELLOW,"{'handle': 'vendor_a', 'follower_count': 'vendor_a', 'reach_rate': 'vendor_a', 'growth_rate': 'vendor_a', 'meaningful_eng_rate': 'vendor_a'}",,vendor_a,vendor_b has no record for this channel; filled from vendor_a (fallback).,No action needed. Tracked to monitor vendor coverage.,auto,[],,,,,,,
Q00067,CR00041,youtube,"handle, follower_count, reach_rate, growth_rate, meaningful_eng_rate",PRIMARY_SOURCE_MISSING,YELLOW,"{'handle': 'vendor_a', 'follower_count': 'vendor_a', 'reach_rate': 'vendor_a', 'growth_rate': 'vendor_a', 'meaningful_eng_rate': 'vendor_a'}",,vendor_a,vendor_b has no record for this channel; filled from vendor_a (fallback).,No action needed. Tracked to monitor vendor coverage.,auto,[],,,,,,,
Q00068,CR00046,youtube,"handle, follower_count, reach_rate, growth_rate, meaningful_eng_rate",PRIMARY_SOURCE_MISSING,YELLOW,"{'handle': 'vendor_a', 'follower_count': 'vendor_a', 'reach_rate': 'vendor_a', 'growth_rate': 'vendor_a', 'meaningful_eng_rate': 'vendor_a'}",,vendor_a,vendor_b has no record for this channel; filled from vendor_a (fallback).,No action needed. Tracked to monitor vendor coverage.,auto,[],,,,,,,
Q00069,CR00050,instagram,"handle, follower_count, reach_rate, growth_rate",PRIMARY_SOURCE_MISSING,YELLOW,"{'handle': 'vendor_c', 'follower_count': 'vendor_c', 'reach_rate': 'vendor_c', 'growth_rate': 'vendor_c'}",,vendor_c,vendor_b has no record for this channel; filled from vendor_c (fallback).,No action needed. Tracked to monitor vendor coverage.,auto,[],,,,,,,
Q00070,CR00056,youtube,"handle, follower_count, reach_rate, growth_rate, meaningful_eng_rate",PRIMARY_SOURCE_MISSING,YELLOW,"{'handle': 'vendor_a', 'follower_count': 'vendor_a', 'reach_rate': 'vendor_a', 'growth_rate': 'vendor_a', 'meaningful_eng_rate': 'vendor_a'}",,vendor_a,vendor_b has no record for this channel; filled from vendor_a (fallback).,No action needed. Tracked to monitor vendor coverage.,auto,[],,,,,,,
Q00071,CR00062,instagram,"growth_rate, meaningful_eng_rate",PRIMARY_SOURCE_MISSING,YELLOW,"{'growth_rate': 'vendor_a', 'meaningful_eng_rate': 'vendor_a'}",,vendor_a,"vendor_b's record lacks a valid value for growth_rate, meaningful_eng_rate; filled from vendor_a (fallback).",No action needed. Tracked to monitor vendor coverage.,auto,[],,,,,,,
Q00072,CR00062,tiktok,meaningful_eng_rate,PRIMARY_SOURCE_MISSING,YELLOW,{'meaningful_eng_rate': 'vendor_a'},,vendor_a,vendor_b's record lacks a valid value for meaningful_eng_rate; filled from vendor_a (fallback).,No action needed. Tracked to monitor vendor coverage.,auto,[],,,,,,,
Q00073,CR00062,youtube,"handle, follower_count, reach_rate, growth_rate, meaningful_eng_rate",PRIMARY_SOURCE_MISSING,YELLOW,"{'handle': 'vendor_a', 'follower_count': 'vendor_a', 'reach_rate': 'vendor_a', 'growth_rate': 'vendor_a', 'meaningful_eng_rate': 'vendor_a'}",,vendor_a,vendor_b has no record for this channel; filled from vendor_a (fallback).,No action needed. Tracked to monitor vendor coverage.,auto,[],,,,,,,
Q00074,CR00063,tiktok,"handle, follower_count, reach_rate, growth_rate, meaningful_eng_rate",PRIMARY_SOURCE_MISSING,YELLOW,"{'handle': 'vendor_a', 'follower_count': 'vendor_a', 'reach_rate': 'vendor_a', 'growth_rate': 'vendor_a', 'meaningful_eng_rate': 'vendor_a'}",,vendor_a,vendor_b has no record for this channel; filled from vendor_a (fallback).,No action needed. Tracked to monitor vendor coverage.,auto,[],,,,,,,
Q00075,CR00063,youtube,"handle, follower_count, reach_rate, growth_rate, meaningful_eng_rate",PRIMARY_SOURCE_MISSING,YELLOW,"{'handle': 'vendor_a', 'follower_count': 'vendor_a', 'reach_rate': 'vendor_a', 'growth_rate': 'vendor_a', 'meaningful_eng_rate': 'vendor_a'}",,vendor_a,vendor_b has no record for this channel; filled from vendor_a (fallback).,No action needed. Tracked to monitor vendor coverage.,auto,[],,,,,,,
Q00076,CR00065,youtube,"handle, follower_count, reach_rate, growth_rate, meaningful_eng_rate",PRIMARY_SOURCE_MISSING,YELLOW,"{'handle': 'vendor_a', 'follower_count': 'vendor_a', 'reach_rate': 'vendor_a', 'growth_rate': 'vendor_a', 'meaningful_eng_rate': 'vendor_a'}",,vendor_a,vendor_b's record is stale; filled from vendor_a (fallback).,No action needed. Tracked to monitor vendor coverage.,auto,[],,,,,,,
Q00077,CR00070,youtube,growth_rate,PRIMARY_SOURCE_MISSING,YELLOW,{'growth_rate': 'vendor_a'},,vendor_a,vendor_b's record lacks a valid value for growth_rate; filled from vendor_a (fallback).,No action needed. Tracked to monitor vendor coverage.,auto,[],,,,,,,
Q00078,CR00073,youtube,"handle, follower_count, reach_rate, growth_rate, meaningful_eng_rate",PRIMARY_SOURCE_MISSING,YELLOW,"{'handle': 'vendor_a', 'follower_count': 'vendor_a', 'reach_rate': 'vendor_a', 'growth_rate': 'vendor_a', 'meaningful_eng_rate': 'vendor_a'}",,vendor_a,vendor_b has no record for this channel; filled from vendor_a (fallback).,No action needed. Tracked to monitor vendor coverage.,auto,[],,,,,,,
Q00079,CR00077,tiktok,handle,PRIMARY_SOURCE_MISSING,YELLOW,{'handle': 'vendor_c'},,vendor_c,vendor_b's record lacks a valid value for handle; filled from vendor_c (fallback).,No action needed. Tracked to monitor vendor coverage.,auto,[],,,,,,,
Q00080,CR00077,youtube,"handle, follower_count, reach_rate, growth_rate, meaningful_eng_rate",PRIMARY_SOURCE_MISSING,YELLOW,"{'handle': 'vendor_a', 'follower_count': 'vendor_a', 'reach_rate': 'vendor_a', 'growth_rate': 'vendor_a', 'meaningful_eng_rate': 'vendor_a'}",,vendor_a,vendor_b has no record for this channel; filled from vendor_a (fallback).,No action needed. Tracked to monitor vendor coverage.,auto,[],,,,,,,
Q00081,CR00078,youtube,reach_rate,PRIMARY_SOURCE_MISSING,YELLOW,{'reach_rate': 'vendor_c'},,vendor_c,vendor_b's record lacks a valid value for reach_rate; filled from vendor_c (fallback).,No action needed. Tracked to monitor vendor coverage.,auto,[],,,,,,,
Q00082,CR00082,tiktok,"handle, follower_count, reach_rate, growth_rate",PRIMARY_SOURCE_MISSING,YELLOW,"{'handle': 'vendor_c', 'follower_count': 'vendor_c', 'reach_rate': 'vendor_c', 'growth_rate': 'vendor_c'}",,vendor_c,vendor_b's record is stale; filled from vendor_c (fallback).,No action needed. Tracked to monitor vendor coverage.,auto,[],,,,,,,
Q00083,CR00082,youtube,"handle, follower_count, reach_rate, growth_rate",PRIMARY_SOURCE_MISSING,YELLOW,"{'handle': 'vendor_a', 'follower_count': 'vendor_a', 'reach_rate': 'vendor_a', 'growth_rate': 'vendor_a'}",,vendor_a,vendor_b has no record for this channel; filled from vendor_a (fallback).,No action needed. Tracked to monitor vendor coverage.,auto,[],,,,,,,
Q00084,CR00083,youtube,"handle, follower_count, reach_rate, growth_rate",PRIMARY_SOURCE_MISSING,YELLOW,"{'handle': 'vendor_a', 'follower_count': 'vendor_a', 'reach_rate': 'vendor_a', 'growth_rate': 'vendor_a'}",,vendor_a,vendor_b has no record for this channel; filled from vendor_a (fallback).,No action needed. Tracked to monitor vendor coverage.,auto,[],,,,,,,
Q00085,CR00085,youtube,"handle, follower_count, reach_rate, growth_rate, meaningful_eng_rate",PRIMARY_SOURCE_MISSING,YELLOW,"{'handle': 'vendor_a', 'follower_count': 'vendor_a', 'reach_rate': 'vendor_a', 'growth_rate': 'vendor_a', 'meaningful_eng_rate': 'vendor_a'}",,vendor_a,vendor_b has no record for this channel; filled from vendor_a (fallback).,No action needed. Tracked to monitor vendor coverage.,auto,[],,,,,,,
Q00086,CR00086,youtube,"handle, follower_count, reach_rate, growth_rate, meaningful_eng_rate",PRIMARY_SOURCE_MISSING,YELLOW,"{'handle': 'vendor_a', 'follower_count': 'vendor_a', 'reach_rate': 'vendor_a', 'growth_rate': 'vendor_a', 'meaningful_eng_rate': 'vendor_a'}",,vendor_a,vendor_b has no record for this channel; filled from vendor_a (fallback).,No action needed. Tracked to monitor vendor coverage.,auto,[],,,,,,,
Q00087,CR00090,tiktok,growth_rate,PRIMARY_SOURCE_MISSING,YELLOW,{'growth_rate': 'vendor_c'},,vendor_c,vendor_b's record lacks a valid value for growth_rate; filled from vendor_c (fallback).,No action needed. Tracked to monitor vendor coverage.,auto,[],,,,,,,
Q00088,CR00097,tiktok,meaningful_eng_rate,PRIMARY_SOURCE_MISSING,YELLOW,{'meaningful_eng_rate': 'vendor_a'},,vendor_a,vendor_b's record lacks a valid value for meaningful_eng_rate; filled from vendor_a (fallback).,No action needed. Tracked to monitor vendor coverage.,auto,[],,,,,,,
Q00089,CR00099,youtube,growth_rate,PRIMARY_SOURCE_MISSING,YELLOW,{'growth_rate': 'vendor_c'},,vendor_c,vendor_b's record lacks a valid value for growth_rate; filled from vendor_c (fallback).,No action needed. Tracked to monitor vendor coverage.,auto,[],,,,,,,
Q00090,CR00100,instagram,"follower_count, reach_rate, growth_rate",PRIMARY_SOURCE_MISSING,YELLOW,"{'follower_count': 'vendor_a', 'reach_rate': 'vendor_a', 'growth_rate': 'vendor_a'}",,vendor_a,"vendor_b's record lacks a valid value for follower_count, reach_rate, growth_rate; filled from vendor_a (fallback).",No action needed. Tracked to monitor vendor coverage.,auto,[],,,,,,,
Q00091,CR00100,youtube,"handle, follower_count, reach_rate, growth_rate, meaningful_eng_rate",PRIMARY_SOURCE_MISSING,YELLOW,"{'handle': 'vendor_a', 'follower_count': 'vendor_a', 'reach_rate': 'vendor_a', 'growth_rate': 'vendor_a', 'meaningful_eng_rate': 'vendor_a'}",,vendor_a,vendor_b has no record for this channel; filled from vendor_a (fallback).,No action needed. Tracked to monitor vendor coverage.,auto,[],,,,,,,
Q00092,CR00103,tiktok,"reach_rate, growth_rate",PRIMARY_SOURCE_MISSING,YELLOW,"{'reach_rate': 'vendor_a', 'growth_rate': 'vendor_a'}",,vendor_a,"vendor_b's record lacks a valid value for reach_rate, growth_rate; filled from vendor_a (fallback).",No action needed. Tracked to monitor vendor coverage.,auto,[],,,,,,,
Q00093,CR00103,youtube,"handle, follower_count, reach_rate, growth_rate, meaningful_eng_rate",PRIMARY_SOURCE_MISSING,YELLOW,"{'handle': 'vendor_a', 'follower_count': 'vendor_a', 'reach_rate': 'vendor_a', 'growth_rate': 'vendor_a', 'meaningful_eng_rate': 'vendor_a'}",,vendor_a,vendor_b has no record for this channel; filled from vendor_a (fallback).,No action needed. Tracked to monitor vendor coverage.,auto,[],,,,,,,
Q00094,CR00108,instagram,"handle, follower_count, reach_rate, growth_rate, meaningful_eng_rate",PRIMARY_SOURCE_MISSING,YELLOW,"{'handle': 'vendor_a', 'follower_count': 'vendor_a', 'reach_rate': 'vendor_a', 'growth_rate': 'vendor_a', 'meaningful_eng_rate': 'vendor_a'}",,vendor_a,vendor_b has no record for this channel; filled from vendor_a (fallback).,No action needed. Tracked to monitor vendor coverage.,auto,[],,,,,,,
Q00095,CR00108,tiktok,"handle, follower_count, reach_rate, growth_rate",PRIMARY_SOURCE_MISSING,YELLOW,"{'handle': 'vendor_c', 'follower_count': 'vendor_c', 'reach_rate': 'vendor_c', 'growth_rate': 'vendor_c'}",,vendor_c,vendor_b has no record for this channel; filled from vendor_c (fallback).,No action needed. Tracked to monitor vendor coverage.,auto,[],,,,,,,
Q00096,CR00110,instagram,meaningful_eng_rate,PRIMARY_SOURCE_MISSING,YELLOW,{'meaningful_eng_rate': 'vendor_a'},,vendor_a,vendor_b's record lacks a valid value for meaningful_eng_rate; filled from vendor_a (fallback).,No action needed. Tracked to monitor vendor coverage.,auto,[],,,,,,,
Q00097,CR00110,youtube,growth_rate,PRIMARY_SOURCE_MISSING,YELLOW,{'growth_rate': 'vendor_a'},,vendor_a,vendor_b's record lacks a valid value for growth_rate; filled from vendor_a (fallback).,No action needed. Tracked to monitor vendor coverage.,auto,[],,,,,,,
Q00098,CR00112,tiktok,"handle, follower_count, reach_rate, growth_rate, meaningful_eng_rate",PRIMARY_SOURCE_MISSING,YELLOW,"{'handle': 'vendor_a', 'follower_count': 'vendor_a', 'reach_rate': 'vendor_a', 'growth_rate': 'vendor_a', 'meaningful_eng_rate': 'vendor_a'}",,vendor_a,vendor_b has no record for this channel; filled from vendor_a (fallback).,No action needed. Tracked to monitor vendor coverage.,auto,[],,,,,,,
Q00099,CR00116,instagram,meaningful_eng_rate,PRIMARY_SOURCE_MISSING,YELLOW,{'meaningful_eng_rate': 'vendor_a'},,vendor_a,vendor_b's record lacks a valid value for meaningful_eng_rate; filled from vendor_a (fallback).,No action needed. Tracked to monitor vendor coverage.,auto,[],,,,,,,
Q00100,CR00117,youtube,"follower_count, reach_rate, growth_rate, meaningful_eng_rate",PRIMARY_SOURCE_MISSING,YELLOW,"{'follower_count': 'vendor_a', 'reach_rate': 'vendor_a', 'growth_rate': 'vendor_a', 'meaningful_eng_rate': 'vendor_a'}",,vendor_a,"vendor_b's record lacks a valid value for follower_count, reach_rate, growth_rate, meaningful_eng_rate; filled from vendor_a (fallback).",No action needed. Tracked to monitor vendor coverage.,auto,[],,,,,,,
Q00101,CR00126,youtube,"handle, meaningful_eng_rate",PRIMARY_SOURCE_MISSING,YELLOW,"{'handle': 'vendor_a', 'meaningful_eng_rate': 'vendor_a'}",,vendor_a,"vendor_b's record lacks a valid value for handle, meaningful_eng_rate; filled from vendor_a (fallback).",No action needed. Tracked to monitor vendor coverage.,auto,[],,,,,,,
Q00102,CR00128,tiktok,handle,PRIMARY_SOURCE_MISSING,YELLOW,{'handle': 'vendor_c'},,vendor_c,vendor_b's record is stale; filled from vendor_c (fallback).,No action needed. Tracked to monitor vendor coverage.,auto,[],,,,,,,
Q00103,CR00128,youtube,"handle, follower_count, reach_rate, growth_rate, meaningful_eng_rate",PRIMARY_SOURCE_MISSING,YELLOW,"{'handle': 'vendor_a', 'follower_count': 'vendor_a', 'reach_rate': 'vendor_a', 'growth_rate': 'vendor_a', 'meaningful_eng_rate': 'vendor_a'}",,vendor_a,vendor_b has no record for this channel; filled from vendor_a (fallback).,No action needed. Tracked to monitor vendor coverage.,auto,[],,,,,,,
Q00104,CR00135,youtube,"follower_count, reach_rate, growth_rate",PRIMARY_SOURCE_MISSING,YELLOW,"{'follower_count': 'vendor_a', 'reach_rate': 'vendor_a', 'growth_rate': 'vendor_a'}",,vendor_a,"vendor_b's record lacks a valid value for follower_count, reach_rate, growth_rate; filled from vendor_a (fallback).",No action needed. Tracked to monitor vendor coverage.,auto,[],,,,,,,
Q00105,CR00136,instagram,reach_rate,PRIMARY_SOURCE_MISSING,YELLOW,{'reach_rate': 'vendor_a'},,vendor_a,vendor_b's record lacks a valid value for reach_rate; filled from vendor_a (fallback).,No action needed. Tracked to monitor vendor coverage.,auto,[],,,,,,,
Q00106,CR00136,youtube,"handle, meaningful_eng_rate",PRIMARY_SOURCE_MISSING,YELLOW,"{'handle': 'vendor_a', 'meaningful_eng_rate': 'vendor_a'}",,vendor_a,"vendor_b's record lacks a valid value for handle, meaningful_eng_rate; filled from vendor_a (fallback).",No action needed. Tracked to monitor vendor coverage.,auto,[],,,,,,,
Q00107,CR00140,youtube,"handle, follower_count, reach_rate, growth_rate, meaningful_eng_rate",PRIMARY_SOURCE_MISSING,YELLOW,"{'handle': 'vendor_a', 'follower_count': 'vendor_a', 'reach_rate': 'vendor_a', 'growth_rate': 'vendor_a', 'meaningful_eng_rate': 'vendor_a'}",,vendor_a,vendor_b has no record for this channel; filled from vendor_a (fallback).,No action needed. Tracked to monitor vendor coverage.,auto,[],,,,,,,
Q00108,CR00141,instagram,"handle, follower_count, reach_rate, growth_rate",PRIMARY_SOURCE_MISSING,YELLOW,"{'handle': 'vendor_c', 'follower_count': 'vendor_c', 'reach_rate': 'vendor_c', 'growth_rate': 'vendor_c'}",,vendor_c,vendor_b has no record for this channel; filled from vendor_c (fallback).,No action needed. Tracked to monitor vendor coverage.,auto,[],,,,,,,
Q00109,CR00143,tiktok,"handle, follower_count, reach_rate, growth_rate, meaningful_eng_rate",PRIMARY_SOURCE_MISSING,YELLOW,"{'handle': 'vendor_a', 'follower_count': 'vendor_a', 'reach_rate': 'vendor_a', 'growth_rate': 'vendor_a', 'meaningful_eng_rate': 'vendor_a'}",,vendor_a,vendor_b has no record for this channel; filled from vendor_a (fallback).,No action needed. Tracked to monitor vendor coverage.,auto,[],,,,,,,
Q00110,CR00146,instagram,handle,PRIMARY_SOURCE_MISSING,YELLOW,{'handle': 'vendor_a'},,vendor_a,vendor_b's record lacks a valid value for handle; filled from vendor_a (fallback).,No action needed. Tracked to monitor vendor coverage.,auto,[],,,,,,,
Q00111,CR00147,youtube,"handle, follower_count, reach_rate, growth_rate, meaningful_eng_rate",PRIMARY_SOURCE_MISSING,YELLOW,"{'handle': 'vendor_a', 'follower_count': 'vendor_a', 'reach_rate': 'vendor_a', 'growth_rate': 'vendor_a', 'meaningful_eng_rate': 'vendor_a'}",,vendor_a,vendor_b has no record for this channel; filled from vendor_a (fallback).,No action needed. Tracked to monitor vendor coverage.,auto,[],,,,,,,
Q00112,CR00150,instagram,growth_rate,PRIMARY_SOURCE_MISSING,YELLOW,{'growth_rate': 'vendor_a'},,vendor_a,vendor_b's record lacks a valid value for growth_rate; filled from vendor_a (fallback).,No action needed. Tracked to monitor vendor coverage.,auto,[],,,,,,,
Q00113,CR00153,tiktok,handle,PRIMARY_SOURCE_MISSING,YELLOW,{'handle': 'vendor_c'},,vendor_c,vendor_b's record lacks a valid value for handle; filled from vendor_c (fallback).,No action needed. Tracked to monitor vendor coverage.,auto,[],,,,,,,
Q00114,CR00153,youtube,"handle, follower_count, reach_rate, growth_rate, meaningful_eng_rate",PRIMARY_SOURCE_MISSING,YELLOW,"{'handle': 'vendor_a', 'follower_count': 'vendor_a', 'reach_rate': 'vendor_a', 'growth_rate': 'vendor_a', 'meaningful_eng_rate': 'vendor_a'}",,vendor_a,vendor_b has no record for this channel; filled from vendor_a (fallback).,No action needed. Tracked to monitor vendor coverage.,auto,[],,,,,,,
Q00115,CR00155,tiktok,"handle, follower_count, reach_rate, growth_rate",PRIMARY_SOURCE_MISSING,YELLOW,"{'handle': 'vendor_a', 'follower_count': 'vendor_a', 'reach_rate': 'vendor_a', 'growth_rate': 'vendor_a'}",,vendor_a,vendor_b has no record for this channel; filled from vendor_a (fallback).,No action needed. Tracked to monitor vendor coverage.,auto,[],,,,,,,
Q00116,CR00155,youtube,"handle, follower_count, reach_rate, growth_rate, meaningful_eng_rate",PRIMARY_SOURCE_MISSING,YELLOW,"{'handle': 'vendor_a', 'follower_count': 'vendor_a', 'reach_rate': 'vendor_a', 'growth_rate': 'vendor_a', 'meaningful_eng_rate': 'vendor_a'}",,vendor_a,vendor_b has no record for this channel; filled from vendor_a (fallback).,No action needed. Tracked to monitor vendor coverage.,auto,[],,,,,,,
Q00117,CR00158,youtube,"handle, follower_count, reach_rate, growth_rate, meaningful_eng_rate",PRIMARY_SOURCE_MISSING,YELLOW,"{'handle': 'vendor_a', 'follower_count': 'vendor_a', 'reach_rate': 'vendor_a', 'growth_rate': 'vendor_a', 'meaningful_eng_rate': 'vendor_a'}",,vendor_a,vendor_b has no record for this channel; filled from vendor_a (fallback).,No action needed. Tracked to monitor vendor coverage.,auto,[],,,,,,,
Q00118,CR00160,instagram,meaningful_eng_rate,PRIMARY_SOURCE_MISSING,YELLOW,{'meaningful_eng_rate': 'vendor_a'},,vendor_a,vendor_b's record lacks a valid value for meaningful_eng_rate; filled from vendor_a (fallback).,No action needed. Tracked to monitor vendor coverage.,auto,[],,,,,,,
Q00119,CR00165,instagram,"handle, follower_count, reach_rate, growth_rate",PRIMARY_SOURCE_MISSING,YELLOW,"{'handle': 'vendor_c', 'follower_count': 'vendor_c', 'reach_rate': 'vendor_c', 'growth_rate': 'vendor_c'}",,vendor_c,vendor_b has no record for this channel; filled from vendor_c (fallback).,No action needed. Tracked to monitor vendor coverage.,auto,[],,,,,,,
Q00120,CR00165,youtube,"handle, follower_count, reach_rate, growth_rate, meaningful_eng_rate",PRIMARY_SOURCE_MISSING,YELLOW,"{'handle': 'vendor_a', 'follower_count': 'vendor_a', 'reach_rate': 'vendor_a', 'growth_rate': 'vendor_a', 'meaningful_eng_rate': 'vendor_a'}",,vendor_a,vendor_b has no record for this channel; filled from vendor_a (fallback).,No action needed. Tracked to monitor vendor coverage.,auto,[],,,,,,,
Q00121,CR00173,instagram,"reach_rate, growth_rate",PRIMARY_SOURCE_MISSING,YELLOW,"{'reach_rate': 'vendor_a', 'growth_rate': 'vendor_a'}",,vendor_a,"vendor_b's record lacks a valid value for reach_rate, growth_rate; filled from vendor_a (fallback).",No action needed. Tracked to monitor vendor coverage.,auto,[],,,,,,,
Q00122,CR00173,youtube,"handle, follower_count, reach_rate, growth_rate, meaningful_eng_rate",PRIMARY_SOURCE_MISSING,YELLOW,"{'handle': 'vendor_a', 'follower_count': 'vendor_a', 'reach_rate': 'vendor_a', 'growth_rate': 'vendor_a', 'meaningful_eng_rate': 'vendor_a'}",,vendor_a,vendor_b has no record for this channel; filled from vendor_a (fallback).,No action needed. Tracked to monitor vendor coverage.,auto,[],,,,,,,
Q00123,CR00174,instagram,"handle, follower_count, reach_rate, growth_rate",PRIMARY_SOURCE_MISSING,YELLOW,"{'handle': 'vendor_c', 'follower_count': 'vendor_c', 'reach_rate': 'vendor_c', 'growth_rate': 'vendor_c'}",,vendor_c,vendor_b has no record for this channel; filled from vendor_c (fallback).,No action needed. Tracked to monitor vendor coverage.,auto,[],,,,,,,
Q00124,CR00175,instagram,"handle, follower_count, reach_rate, growth_rate",PRIMARY_SOURCE_MISSING,YELLOW,"{'handle': 'vendor_c', 'follower_count': 'vendor_c', 'reach_rate': 'vendor_c', 'growth_rate': 'vendor_c'}",,vendor_c,vendor_b has no record for this channel; filled from vendor_c (fallback).,No action needed. Tracked to monitor vendor coverage.,auto,[],,,,,,,
Q00125,CR00175,youtube,growth_rate,PRIMARY_SOURCE_MISSING,YELLOW,{'growth_rate': 'vendor_a'},,vendor_a,vendor_b's record lacks a valid value for growth_rate; filled from vendor_a (fallback).,No action needed. Tracked to monitor vendor coverage.,auto,[],,,,,,,
Q00126,CR00176,instagram,"handle, follower_count, reach_rate, growth_rate",PRIMARY_SOURCE_MISSING,YELLOW,"{'handle': 'vendor_a', 'follower_count': 'vendor_a', 'reach_rate': 'vendor_a', 'growth_rate': 'vendor_a'}",,vendor_a,vendor_b has no record for this channel; filled from vendor_a (fallback).,No action needed. Tracked to monitor vendor coverage.,auto,[],,,,,,,
Q00127,CR00177,instagram,"handle, follower_count, reach_rate, growth_rate, meaningful_eng_rate",PRIMARY_SOURCE_MISSING,YELLOW,"{'handle': 'vendor_a', 'follower_count': 'vendor_a', 'reach_rate': 'vendor_a', 'growth_rate': 'vendor_a', 'meaningful_eng_rate': 'vendor_a'}",,vendor_a,vendor_b's record is stale; filled from vendor_a (fallback).,No action needed. Tracked to monitor vendor coverage.,auto,[],,,,,,,
Q00128,CR00177,youtube,"handle, follower_count, reach_rate, growth_rate, meaningful_eng_rate",PRIMARY_SOURCE_MISSING,YELLOW,"{'handle': 'vendor_a', 'follower_count': 'vendor_a', 'reach_rate': 'vendor_a', 'growth_rate': 'vendor_a', 'meaningful_eng_rate': 'vendor_a'}",,vendor_a,vendor_b has no record for this channel; filled from vendor_a (fallback).,No action needed. Tracked to monitor vendor coverage.,auto,[],,,,,,,
Q00129,CR00179,instagram,reach_rate,PRIMARY_SOURCE_MISSING,YELLOW,{'reach_rate': 'vendor_a'},,vendor_a,vendor_b's record lacks a valid value for reach_rate; filled from vendor_a (fallback).,No action needed. Tracked to monitor vendor coverage.,auto,[],,,,,,,
Q00130,CR00179,youtube,"handle, follower_count, reach_rate, growth_rate, meaningful_eng_rate",PRIMARY_SOURCE_MISSING,YELLOW,"{'handle': 'vendor_a', 'follower_count': 'vendor_a', 'reach_rate': 'vendor_a', 'growth_rate': 'vendor_a', 'meaningful_eng_rate': 'vendor_a'}",,vendor_a,vendor_b has no record for this channel; filled from vendor_a (fallback).,No action needed. Tracked to monitor vendor coverage.,auto,[],,,,,,,
Q00131,CR00180,tiktok,"handle, follower_count, reach_rate, growth_rate, meaningful_eng_rate",PRIMARY_SOURCE_MISSING,YELLOW,"{'handle': 'vendor_a', 'follower_count': 'vendor_a', 'reach_rate': 'vendor_a', 'growth_rate': 'vendor_a', 'meaningful_eng_rate': 'vendor_a'}",,vendor_a,vendor_b's record is stale; filled from vendor_a (fallback).,No action needed. Tracked to monitor vendor coverage.,auto,[],,,,,,,
Q00132,CR00181,youtube,"handle, follower_count, reach_rate, growth_rate, meaningful_eng_rate",PRIMARY_SOURCE_MISSING,YELLOW,"{'handle': 'vendor_a', 'follower_count': 'vendor_a', 'reach_rate': 'vendor_a', 'growth_rate': 'vendor_a', 'meaningful_eng_rate': 'vendor_a'}",,vendor_a,vendor_b has no record for this channel; filled from vendor_a (fallback).,No action needed. Tracked to monitor vendor coverage.,auto,[],,,,,,,
Q00133,CR00182,youtube,"handle, follower_count, reach_rate, growth_rate, meaningful_eng_rate",PRIMARY_SOURCE_MISSING,YELLOW,"{'handle': 'vendor_a', 'follower_count': 'vendor_a', 'reach_rate': 'vendor_a', 'growth_rate': 'vendor_a', 'meaningful_eng_rate': 'vendor_a'}",,vendor_a,vendor_b's record is stale; filled from vendor_a (fallback).,No action needed. Tracked to monitor vendor coverage.,auto,[],,,,,,,
Q00134,CR00183,youtube,"handle, follower_count, reach_rate, growth_rate, meaningful_eng_rate",PRIMARY_SOURCE_MISSING,YELLOW,"{'handle': 'vendor_a', 'follower_count': 'vendor_a', 'reach_rate': 'vendor_a', 'growth_rate': 'vendor_a', 'meaningful_eng_rate': 'vendor_a'}",,vendor_a,vendor_b has no record for this channel; filled from vendor_a (fallback).,No action needed. Tracked to monitor vendor coverage.,auto,[],,,,,,,
Q00135,CR00184,instagram,"follower_count, reach_rate, growth_rate",PRIMARY_SOURCE_MISSING,YELLOW,"{'follower_count': 'vendor_a', 'reach_rate': 'vendor_a', 'growth_rate': 'vendor_a'}",,vendor_a,"vendor_b's record lacks a valid value for follower_count, reach_rate, growth_rate; filled from vendor_a (fallback).",No action needed. Tracked to monitor vendor coverage.,auto,[],,,,,,,
Q00136,CR00189,youtube,"handle, follower_count, reach_rate, growth_rate, meaningful_eng_rate",PRIMARY_SOURCE_MISSING,YELLOW,"{'handle': 'vendor_a', 'follower_count': 'vendor_a', 'reach_rate': 'vendor_a', 'growth_rate': 'vendor_a', 'meaningful_eng_rate': 'vendor_a'}",,vendor_a,vendor_b has no record for this channel; filled from vendor_a (fallback).,No action needed. Tracked to monitor vendor coverage.,auto,[],,,,,,,
Q00137,CR00192,instagram,meaningful_eng_rate,PRIMARY_SOURCE_MISSING,YELLOW,{'meaningful_eng_rate': 'vendor_a'},,vendor_a,vendor_b's record lacks a valid value for meaningful_eng_rate; filled from vendor_a (fallback).,No action needed. Tracked to monitor vendor coverage.,auto,[],,,,,,,
Q00138,CR00192,youtube,"handle, follower_count, reach_rate, growth_rate",PRIMARY_SOURCE_MISSING,YELLOW,"{'handle': 'vendor_c', 'follower_count': 'vendor_c', 'reach_rate': 'vendor_c', 'growth_rate': 'vendor_c'}",,vendor_c,vendor_b has no record for this channel; filled from vendor_c (fallback).,No action needed. Tracked to monitor vendor coverage.,auto,[],,,,,,,
Q00139,CR00194,youtube,"handle, follower_count, reach_rate, growth_rate, meaningful_eng_rate",PRIMARY_SOURCE_MISSING,YELLOW,"{'handle': 'vendor_a', 'follower_count': 'vendor_a', 'reach_rate': 'vendor_a', 'growth_rate': 'vendor_a', 'meaningful_eng_rate': 'vendor_a'}",,vendor_a,vendor_b has no record for this channel; filled from vendor_a (fallback).,No action needed. Tracked to monitor vendor coverage.,auto,[],,,,,,,
Q00140,CR00197,youtube,"handle, follower_count, reach_rate, growth_rate, meaningful_eng_rate",PRIMARY_SOURCE_MISSING,YELLOW,"{'handle': 'vendor_a', 'follower_count': 'vendor_a', 'reach_rate': 'vendor_a', 'growth_rate': 'vendor_a', 'meaningful_eng_rate': 'vendor_a'}",,vendor_a,vendor_b has no record for this channel; filled from vendor_a (fallback).,No action needed. Tracked to monitor vendor coverage.,auto,[],,,,,,,
Q00141,CR00198,youtube,"handle, follower_count, reach_rate, growth_rate, meaningful_eng_rate",PRIMARY_SOURCE_MISSING,YELLOW,"{'handle': 'vendor_a', 'follower_count': 'vendor_a', 'reach_rate': 'vendor_a', 'growth_rate': 'vendor_a', 'meaningful_eng_rate': 'vendor_a'}",,vendor_a,vendor_b has no record for this channel; filled from vendor_a (fallback).,No action needed. Tracked to monitor vendor coverage.,auto,[],,,,,,,
Q00142,CR00199,youtube,reach_rate,PRIMARY_SOURCE_MISSING,YELLOW,{'reach_rate': 'vendor_a'},,vendor_a,vendor_b's record lacks a valid value for reach_rate; filled from vendor_a (fallback).,No action needed. Tracked to monitor vendor coverage.,auto,[],,,,,,,
Q00143,CR00200,tiktok,"handle, follower_count, reach_rate, growth_rate",PRIMARY_SOURCE_MISSING,YELLOW,"{'handle': 'vendor_c', 'follower_count': 'vendor_c', 'reach_rate': 'vendor_c', 'growth_rate': 'vendor_c'}",,vendor_c,vendor_b's record is stale; filled from vendor_c (fallback).,No action needed. Tracked to monitor vendor coverage.,auto,[],,,,,,,
Q00144,CR00202,youtube,"handle, follower_count, reach_rate, growth_rate, meaningful_eng_rate",PRIMARY_SOURCE_MISSING,YELLOW,"{'handle': 'vendor_a', 'follower_count': 'vendor_a', 'reach_rate': 'vendor_a', 'growth_rate': 'vendor_a', 'meaningful_eng_rate': 'vendor_a'}",,vendor_a,vendor_b has no record for this channel; filled from vendor_a (fallback).,No action needed. Tracked to monitor vendor coverage.,auto,[],,,,,,,
Q00145,CR00208,tiktok,growth_rate,PRIMARY_SOURCE_MISSING,YELLOW,{'growth_rate': 'vendor_c'},,vendor_c,vendor_b's record lacks a valid value for growth_rate; filled from vendor_c (fallback).,No action needed. Tracked to monitor vendor coverage.,auto,[],,,,,,,
Q00146,CR00208,youtube,"handle, follower_count, reach_rate, growth_rate, meaningful_eng_rate",PRIMARY_SOURCE_MISSING,YELLOW,"{'handle': 'vendor_a', 'follower_count': 'vendor_a', 'reach_rate': 'vendor_a', 'growth_rate': 'vendor_a', 'meaningful_eng_rate': 'vendor_a'}",,vendor_a,vendor_b has no record for this channel; filled from vendor_a (fallback).,No action needed. Tracked to monitor vendor coverage.,auto,[],,,,,,,
Q00147,CR00212,youtube,"handle, follower_count, reach_rate, growth_rate, meaningful_eng_rate",PRIMARY_SOURCE_MISSING,YELLOW,"{'handle': 'vendor_a', 'follower_count': 'vendor_a', 'reach_rate': 'vendor_a', 'growth_rate': 'vendor_a', 'meaningful_eng_rate': 'vendor_a'}",,vendor_a,vendor_b has no record for this channel; filled from vendor_a (fallback).,No action needed. Tracked to monitor vendor coverage.,auto,[],,,,,,,
Q00148,CR00216,youtube,"handle, follower_count, reach_rate, growth_rate, meaningful_eng_rate",PRIMARY_SOURCE_MISSING,YELLOW,"{'handle': 'vendor_a', 'follower_count': 'vendor_a', 'reach_rate': 'vendor_a', 'growth_rate': 'vendor_a', 'meaningful_eng_rate': 'vendor_a'}",,vendor_a,vendor_b has no record for this channel; filled from vendor_a (fallback).,No action needed. Tracked to monitor vendor coverage.,auto,[],,,,,,,
Q00149,CR00223,tiktok,handle,PRIMARY_SOURCE_MISSING,YELLOW,{'handle': 'vendor_c'},,vendor_c,vendor_b has no record for this channel; filled from vendor_c (fallback).,No action needed. Tracked to monitor vendor coverage.,auto,[],,,,,,,
Q00150,CR00224,instagram,reach_rate,PRIMARY_SOURCE_MISSING,YELLOW,{'reach_rate': 'vendor_a'},,vendor_a,vendor_b's record lacks a valid value for reach_rate; filled from vendor_a (fallback).,No action needed. Tracked to monitor vendor coverage.,auto,[],,,,,,,
Q00151,CR00224,youtube,"handle, follower_count, reach_rate, growth_rate, meaningful_eng_rate",PRIMARY_SOURCE_MISSING,YELLOW,"{'handle': 'vendor_a', 'follower_count': 'vendor_a', 'reach_rate': 'vendor_a', 'growth_rate': 'vendor_a', 'meaningful_eng_rate': 'vendor_a'}",,vendor_a,vendor_b has no record for this channel; filled from vendor_a (fallback).,No action needed. Tracked to monitor vendor coverage.,auto,[],,,,,,,
Q00152,CR00227,instagram,growth_rate,PRIMARY_SOURCE_MISSING,YELLOW,{'growth_rate': 'vendor_a'},,vendor_a,vendor_b's record lacks a valid value for growth_rate; filled from vendor_a (fallback).,No action needed. Tracked to monitor vendor coverage.,auto,[],,,,,,,
Q00153,CR00227,tiktok,"follower_count, reach_rate, growth_rate",PRIMARY_SOURCE_MISSING,YELLOW,"{'follower_count': 'vendor_c', 'reach_rate': 'vendor_c', 'growth_rate': 'vendor_c'}",,vendor_c,"vendor_b's record lacks a valid value for follower_count, reach_rate, growth_rate; filled from vendor_c (fallback).",No action needed. Tracked to monitor vendor coverage.,auto,[],,,,,,,
Q00154,CR00228,youtube,"handle, follower_count, reach_rate, growth_rate, meaningful_eng_rate",PRIMARY_SOURCE_MISSING,YELLOW,"{'handle': 'vendor_a', 'follower_count': 'vendor_a', 'reach_rate': 'vendor_a', 'growth_rate': 'vendor_a', 'meaningful_eng_rate': 'vendor_a'}",,vendor_a,vendor_b has no record for this channel; filled from vendor_a (fallback).,No action needed. Tracked to monitor vendor coverage.,auto,[],,,,,,,
Q00155,CR00230,youtube,meaningful_eng_rate,PRIMARY_SOURCE_MISSING,YELLOW,{'meaningful_eng_rate': 'vendor_a'},,vendor_a,vendor_b's record lacks a valid value for meaningful_eng_rate; filled from vendor_a (fallback).,No action needed. Tracked to monitor vendor coverage.,auto,[],,,,,,,
Q00156,CR00231,youtube,"handle, follower_count, reach_rate, growth_rate, meaningful_eng_rate",PRIMARY_SOURCE_MISSING,YELLOW,"{'handle': 'vendor_a', 'follower_count': 'vendor_a', 'reach_rate': 'vendor_a', 'growth_rate': 'vendor_a', 'meaningful_eng_rate': 'vendor_a'}",,vendor_a,vendor_b has no record for this channel; filled from vendor_a (fallback).,No action needed. Tracked to monitor vendor coverage.,auto,[],,,,,,,
Q00157,CR00233,tiktok,meaningful_eng_rate,PRIMARY_SOURCE_MISSING,YELLOW,{'meaningful_eng_rate': 'vendor_a'},,vendor_a,vendor_b's record lacks a valid value for meaningful_eng_rate; filled from vendor_a (fallback).,No action needed. Tracked to monitor vendor coverage.,auto,[],,,,,,,
Q00158,CR00233,youtube,"handle, follower_count, reach_rate, growth_rate, meaningful_eng_rate",PRIMARY_SOURCE_MISSING,YELLOW,"{'handle': 'vendor_a', 'follower_count': 'vendor_a', 'reach_rate': 'vendor_a', 'growth_rate': 'vendor_a', 'meaningful_eng_rate': 'vendor_a'}",,vendor_a,vendor_b's record is stale; filled from vendor_a (fallback).,No action needed. Tracked to monitor vendor coverage.,auto,[],,,,,,,
Q00159,CR00234,youtube,meaningful_eng_rate,PRIMARY_SOURCE_MISSING,YELLOW,{'meaningful_eng_rate': 'vendor_c'},,vendor_c,vendor_b's record lacks a valid value for meaningful_eng_rate; filled from vendor_c (fallback).,No action needed. Tracked to monitor vendor coverage.,auto,[],,,,,,,
Q00160,CR00238,youtube,"handle, follower_count, reach_rate, growth_rate, meaningful_eng_rate",PRIMARY_SOURCE_MISSING,YELLOW,"{'handle': 'vendor_a', 'follower_count': 'vendor_a', 'reach_rate': 'vendor_a', 'growth_rate': 'vendor_a', 'meaningful_eng_rate': 'vendor_a'}",,vendor_a,vendor_b has no record for this channel; filled from vendor_a (fallback).,No action needed. Tracked to monitor vendor coverage.,auto,[],,,,,,,
Q00161,CR00247,tiktok,reach_rate,PRIMARY_SOURCE_MISSING,YELLOW,{'reach_rate': 'vendor_a'},,vendor_a,vendor_b's record lacks a valid value for reach_rate; filled from vendor_a (fallback).,No action needed. Tracked to monitor vendor coverage.,auto,[],,,,,,,
Q00162,CR00248,youtube,"handle, follower_count, reach_rate, growth_rate, meaningful_eng_rate",PRIMARY_SOURCE_MISSING,YELLOW,"{'handle': 'vendor_a', 'follower_count': 'vendor_a', 'reach_rate': 'vendor_a', 'growth_rate': 'vendor_a', 'meaningful_eng_rate': 'vendor_a'}",,vendor_a,vendor_b has no record for this channel; filled from vendor_a (fallback).,No action needed. Tracked to monitor vendor coverage.,auto,[],,,,,,,
Q00163,CR00254,instagram,"handle, meaningful_eng_rate",PRIMARY_SOURCE_MISSING,YELLOW,"{'handle': 'vendor_a', 'meaningful_eng_rate': 'vendor_a'}",,vendor_a,vendor_b has no record for this channel; filled from vendor_a (fallback).,No action needed. Tracked to monitor vendor coverage.,auto,[],,,,,,,
Q00164,CR00254,tiktok,"handle, follower_count, reach_rate, growth_rate, meaningful_eng_rate",PRIMARY_SOURCE_MISSING,YELLOW,"{'handle': 'vendor_a', 'follower_count': 'vendor_a', 'reach_rate': 'vendor_a', 'growth_rate': 'vendor_a', 'meaningful_eng_rate': 'vendor_a'}",,vendor_a,vendor_b has no record for this channel; filled from vendor_a (fallback).,No action needed. Tracked to monitor vendor coverage.,auto,[],,,,,,,
Q00165,CR00257,youtube,"handle, follower_count, reach_rate, growth_rate, meaningful_eng_rate",PRIMARY_SOURCE_MISSING,YELLOW,"{'handle': 'vendor_a', 'follower_count': 'vendor_a', 'reach_rate': 'vendor_a', 'growth_rate': 'vendor_a', 'meaningful_eng_rate': 'vendor_a'}",,vendor_a,vendor_b has no record for this channel; filled from vendor_a (fallback).,No action needed. Tracked to monitor vendor coverage.,auto,[],,,,,,,
Q00166,CR00260,youtube,handle,PRIMARY_SOURCE_MISSING,YELLOW,{'handle': 'vendor_c'},,vendor_c,vendor_b has no record for this channel; filled from vendor_c (fallback).,No action needed. Tracked to monitor vendor coverage.,auto,[],,,,,,,
Q00167,CR00261,instagram,"handle, follower_count, reach_rate, growth_rate, meaningful_eng_rate",PRIMARY_SOURCE_MISSING,YELLOW,"{'handle': 'vendor_a', 'follower_count': 'vendor_a', 'reach_rate': 'vendor_a', 'growth_rate': 'vendor_a', 'meaningful_eng_rate': 'vendor_a'}",,vendor_a,vendor_b's record is stale; filled from vendor_a (fallback).,No action needed. Tracked to monitor vendor coverage.,auto,[],,,,,,,
Q00168,CR00261,youtube,"reach_rate, meaningful_eng_rate",PRIMARY_SOURCE_MISSING,YELLOW,"{'reach_rate': 'vendor_a', 'meaningful_eng_rate': 'vendor_a'}",,vendor_a,"vendor_b's record lacks a valid value for reach_rate, meaningful_eng_rate; filled from vendor_a (fallback).",No action needed. Tracked to monitor vendor coverage.,auto,[],,,,,,,
Q00169,CR00266,youtube,"handle, follower_count, reach_rate, growth_rate, meaningful_eng_rate",PRIMARY_SOURCE_MISSING,YELLOW,"{'handle': 'vendor_a', 'follower_count': 'vendor_a', 'reach_rate': 'vendor_a', 'growth_rate': 'vendor_a', 'meaningful_eng_rate': 'vendor_a'}",,vendor_a,vendor_b has no record for this channel; filled from vendor_a (fallback).,No action needed. Tracked to monitor vendor coverage.,auto,[],,,,,,,
Q00170,CR00267,youtube,"handle, follower_count, reach_rate, growth_rate, meaningful_eng_rate",PRIMARY_SOURCE_MISSING,YELLOW,"{'handle': 'vendor_a', 'follower_count': 'vendor_a', 'reach_rate': 'vendor_a', 'growth_rate': 'vendor_a', 'meaningful_eng_rate': 'vendor_a'}",,vendor_a,vendor_b has no record for this channel; filled from vendor_a (fallback).,No action needed. Tracked to monitor vendor coverage.,auto,[],,,,,,,
Q00171,CR00268,youtube,"handle, follower_count, reach_rate, growth_rate, meaningful_eng_rate",PRIMARY_SOURCE_MISSING,YELLOW,"{'handle': 'vendor_a', 'follower_count': 'vendor_a', 'reach_rate': 'vendor_a', 'growth_rate': 'vendor_a', 'meaningful_eng_rate': 'vendor_a'}",,vendor_a,vendor_b's record is stale; filled from vendor_a (fallback).,No action needed. Tracked to monitor vendor coverage.,auto,[],,,,,,,
Q00172,CR00269,youtube,reach_rate,PRIMARY_SOURCE_MISSING,YELLOW,{'reach_rate': 'vendor_a'},,vendor_a,vendor_b's record lacks a valid value for reach_rate; filled from vendor_a (fallback).,No action needed. Tracked to monitor vendor coverage.,auto,[],,,,,,,
Q00173,CR00276,youtube,"handle, follower_count, reach_rate, growth_rate, meaningful_eng_rate",PRIMARY_SOURCE_MISSING,YELLOW,"{'handle': 'vendor_a', 'follower_count': 'vendor_a', 'reach_rate': 'vendor_a', 'growth_rate': 'vendor_a', 'meaningful_eng_rate': 'vendor_a'}",,vendor_a,vendor_b has no record for this channel; filled from vendor_a (fallback).,No action needed. Tracked to monitor vendor coverage.,auto,[],,,,,,,
Q00174,CR00277,instagram,"follower_count, reach_rate, growth_rate",PRIMARY_SOURCE_MISSING,YELLOW,"{'follower_count': 'vendor_a', 'reach_rate': 'vendor_a', 'growth_rate': 'vendor_a'}",,vendor_a,vendor_b's record lacks a valid value for ; filled from vendor_a (fallback).,No action needed. Tracked to monitor vendor coverage.,auto,[],,,,,,,
Q00175,CR00279,instagram,growth_rate,PRIMARY_SOURCE_MISSING,YELLOW,{'growth_rate': 'vendor_c'},,vendor_c,vendor_b's record lacks a valid value for growth_rate; filled from vendor_c (fallback).,No action needed. Tracked to monitor vendor coverage.,auto,[],,,,,,,
Q00176,CR00279,youtube,"handle, follower_count, reach_rate, growth_rate, meaningful_eng_rate",PRIMARY_SOURCE_MISSING,YELLOW,"{'handle': 'vendor_a', 'follower_count': 'vendor_a', 'reach_rate': 'vendor_a', 'growth_rate': 'vendor_a', 'meaningful_eng_rate': 'vendor_a'}",,vendor_a,vendor_b has no record for this channel; filled from vendor_a (fallback).,No action needed. Tracked to monitor vendor coverage.,auto,[],,,,,,,
Q00177,CR00282,instagram,"growth_rate, meaningful_eng_rate",PRIMARY_SOURCE_MISSING,YELLOW,"{'growth_rate': 'vendor_a', 'meaningful_eng_rate': 'vendor_a'}",,vendor_a,"vendor_b's record lacks a valid value for growth_rate, meaningful_eng_rate; filled from vendor_a (fallback).",No action needed. Tracked to monitor vendor coverage.,auto,[],,,,,,,
Q00178,CR00282,youtube,"handle, follower_count, reach_rate, growth_rate, meaningful_eng_rate",PRIMARY_SOURCE_MISSING,YELLOW,"{'handle': 'vendor_a', 'follower_count': 'vendor_a', 'reach_rate': 'vendor_a', 'growth_rate': 'vendor_a', 'meaningful_eng_rate': 'vendor_a'}",,vendor_a,vendor_b has no record for this channel; filled from vendor_a (fallback).,No action needed. Tracked to monitor vendor coverage.,auto,[],,,,,,,
Q00179,CR00283,instagram,growth_rate,PRIMARY_SOURCE_MISSING,YELLOW,{'growth_rate': 'vendor_c'},,vendor_c,vendor_b's record lacks a valid value for growth_rate; filled from vendor_c (fallback).,No action needed. Tracked to monitor vendor coverage.,auto,[],,,,,,,
Q00180,CR00283,tiktok,meaningful_eng_rate,PRIMARY_SOURCE_MISSING,YELLOW,{'meaningful_eng_rate': 'vendor_a'},,vendor_a,vendor_b's record lacks a valid value for meaningful_eng_rate; filled from vendor_a (fallback).,No action needed. Tracked to monitor vendor coverage.,auto,[],,,,,,,
Q00181,CR00283,youtube,"handle, meaningful_eng_rate",PRIMARY_SOURCE_MISSING,YELLOW,"{'handle': 'vendor_c', 'meaningful_eng_rate': 'vendor_c'}",,vendor_c,vendor_b has no record for this channel; filled from vendor_c (fallback).,No action needed. Tracked to monitor vendor coverage.,auto,[],,,,,,,
Q00182,CR00285,tiktok,"handle, follower_count, reach_rate, growth_rate",PRIMARY_SOURCE_MISSING,YELLOW,"{'handle': 'vendor_c', 'follower_count': 'vendor_c', 'reach_rate': 'vendor_c', 'growth_rate': 'vendor_c'}",,vendor_c,vendor_b has no record for this channel; filled from vendor_c (fallback).,No action needed. Tracked to monitor vendor coverage.,auto,[],,,,,,,
Q00183,CR00285,youtube,meaningful_eng_rate,PRIMARY_SOURCE_MISSING,YELLOW,{'meaningful_eng_rate': 'vendor_a'},,vendor_a,vendor_b's record lacks a valid value for meaningful_eng_rate; filled from vendor_a (fallback).,No action needed. Tracked to monitor vendor coverage.,auto,[],,,,,,,
Q00184,CR00287,youtube,"handle, follower_count, reach_rate, meaningful_eng_rate",PRIMARY_SOURCE_MISSING,YELLOW,"{'handle': 'vendor_c', 'follower_count': 'vendor_c', 'reach_rate': 'vendor_c', 'meaningful_eng_rate': 'vendor_c'}",,vendor_c,vendor_b has no record for this channel; filled from vendor_c (fallback).,No action needed. Tracked to monitor vendor coverage.,auto,[],,,,,,,
Q00185,CR00288,youtube,"handle, follower_count, reach_rate, growth_rate, meaningful_eng_rate",PRIMARY_SOURCE_MISSING,YELLOW,"{'handle': 'vendor_a', 'follower_count': 'vendor_a', 'reach_rate': 'vendor_a', 'growth_rate': 'vendor_a', 'meaningful_eng_rate': 'vendor_a'}",,vendor_a,vendor_b has no record for this channel; filled from vendor_a (fallback).,No action needed. Tracked to monitor vendor coverage.,auto,[],,,,,,,
Q00186,CR00289,instagram,"handle, follower_count, growth_rate, meaningful_eng_rate",PRIMARY_SOURCE_MISSING,YELLOW,"{'handle': 'vendor_a', 'follower_count': 'vendor_a', 'growth_rate': 'vendor_a', 'meaningful_eng_rate': 'vendor_a'}",,vendor_a,vendor_b's record is stale; filled from vendor_a (fallback).,No action needed. Tracked to monitor vendor coverage.,auto,[],,,,,,,
Q00187,CR00289,youtube,"handle, follower_count, reach_rate, growth_rate, meaningful_eng_rate",PRIMARY_SOURCE_MISSING,YELLOW,"{'handle': 'vendor_a', 'follower_count': 'vendor_a', 'reach_rate': 'vendor_a', 'growth_rate': 'vendor_a', 'meaningful_eng_rate': 'vendor_a'}",,vendor_a,vendor_b has no record for this channel; filled from vendor_a (fallback).,No action needed. Tracked to monitor vendor coverage.,auto,[],,,,,,,
Q00188,CR00291,instagram,"handle, follower_count, reach_rate, growth_rate, meaningful_eng_rate",PRIMARY_SOURCE_MISSING,YELLOW,"{'handle': 'vendor_a', 'follower_count': 'vendor_a', 'reach_rate': 'vendor_a', 'growth_rate': 'vendor_a', 'meaningful_eng_rate': 'vendor_a'}",,vendor_a,vendor_b's record is stale; filled from vendor_a (fallback).,No action needed. Tracked to monitor vendor coverage.,auto,[],,,,,,,
Q00189,CR00291,youtube,"handle, follower_count, reach_rate, growth_rate, meaningful_eng_rate",PRIMARY_SOURCE_MISSING,YELLOW,"{'handle': 'vendor_a', 'follower_count': 'vendor_a', 'reach_rate': 'vendor_a', 'growth_rate': 'vendor_a', 'meaningful_eng_rate': 'vendor_a'}",,vendor_a,vendor_b has no record for this channel; filled from vendor_a (fallback).,No action needed. Tracked to monitor vendor coverage.,auto,[],,,,,,,
Q00190,CR00292,youtube,"growth_rate, meaningful_eng_rate",PRIMARY_SOURCE_MISSING,YELLOW,"{'growth_rate': 'vendor_a', 'meaningful_eng_rate': 'vendor_a'}",,vendor_a,"vendor_b's record lacks a valid value for growth_rate, meaningful_eng_rate; filled from vendor_a (fallback).",No action needed. Tracked to monitor vendor coverage.,auto,[],,,,,,,
Q00191,CR00297,youtube,"handle, follower_count, reach_rate, growth_rate, meaningful_eng_rate",PRIMARY_SOURCE_MISSING,YELLOW,"{'handle': 'vendor_a', 'follower_count': 'vendor_a', 'reach_rate': 'vendor_a', 'growth_rate': 'vendor_a', 'meaningful_eng_rate': 'vendor_a'}",,vendor_a,vendor_b has no record for this channel; filled from vendor_a (fallback).,No action needed. Tracked to monitor vendor coverage.,auto,[],,,,,,,
Q00192,CR00298,youtube,reach_rate,PRIMARY_SOURCE_MISSING,YELLOW,{'reach_rate': 'vendor_a'},,vendor_a,vendor_b's record lacks a valid value for reach_rate; filled from vendor_a (fallback).,No action needed. Tracked to monitor vendor coverage.,auto,[],,,,,,,
Q00193,CR00300,youtube,"follower_count, reach_rate, growth_rate",PRIMARY_SOURCE_MISSING,YELLOW,"{'follower_count': 'vendor_a', 'reach_rate': 'vendor_a', 'growth_rate': 'vendor_a'}",,vendor_a,"vendor_b's record lacks a valid value for follower_count, reach_rate, growth_rate; filled from vendor_a (fallback).",No action needed. Tracked to monitor vendor coverage.,auto,[],,,,,,,
Q00194,CR00302,youtube,"handle, follower_count, reach_rate, growth_rate, meaningful_eng_rate",PRIMARY_SOURCE_MISSING,YELLOW,"{'handle': 'vendor_a', 'follower_count': 'vendor_a', 'reach_rate': 'vendor_a', 'growth_rate': 'vendor_a', 'meaningful_eng_rate': 'vendor_a'}",,vendor_a,vendor_b has no record for this channel; filled from vendor_a (fallback).,No action needed. Tracked to monitor vendor coverage.,auto,[],,,,,,,
Q00195,CR00305,youtube,"handle, follower_count, reach_rate, growth_rate, meaningful_eng_rate",PRIMARY_SOURCE_MISSING,YELLOW,"{'handle': 'vendor_a', 'follower_count': 'vendor_a', 'reach_rate': 'vendor_a', 'growth_rate': 'vendor_a', 'meaningful_eng_rate': 'vendor_a'}",,vendor_a,vendor_b has no record for this channel; filled from vendor_a (fallback).,No action needed. Tracked to monitor vendor coverage.,auto,[],,,,,,,
Q00196,CR00315,youtube,meaningful_eng_rate,PRIMARY_SOURCE_MISSING,YELLOW,{'meaningful_eng_rate': 'vendor_a'},,vendor_a,vendor_b's record lacks a valid value for meaningful_eng_rate; filled from vendor_a (fallback).,No action needed. Tracked to monitor vendor coverage.,auto,[],,,,,,,
Q00197,CR00318,youtube,"handle, follower_count, reach_rate, growth_rate, meaningful_eng_rate",PRIMARY_SOURCE_MISSING,YELLOW,"{'handle': 'vendor_c', 'follower_count': 'vendor_c', 'reach_rate': 'vendor_c', 'growth_rate': 'vendor_c', 'meaningful_eng_rate': 'vendor_c'}",,vendor_c,vendor_b has no record for this channel; filled from vendor_c (fallback).,No action needed. Tracked to monitor vendor coverage.,auto,[],,,,,,,
Q00198,CR00321,tiktok,growth_rate,PRIMARY_SOURCE_MISSING,YELLOW,{'growth_rate': 'vendor_a'},,vendor_a,vendor_b's record lacks a valid value for growth_rate; filled from vendor_a (fallback).,No action needed. Tracked to monitor vendor coverage.,auto,[],,,,,,,
Q00199,CR00321,youtube,"handle, follower_count, reach_rate, growth_rate, meaningful_eng_rate",PRIMARY_SOURCE_MISSING,YELLOW,"{'handle': 'vendor_a', 'follower_count': 'vendor_a', 'reach_rate': 'vendor_a', 'growth_rate': 'vendor_a', 'meaningful_eng_rate': 'vendor_a'}",,vendor_a,vendor_b has no record for this channel; filled from vendor_a (fallback).,No action needed. Tracked to monitor vendor coverage.,auto,[],,,,,,,
Q00200,CR00323,youtube,"handle, follower_count, reach_rate, growth_rate, meaningful_eng_rate",PRIMARY_SOURCE_MISSING,YELLOW,"{'handle': 'vendor_a', 'follower_count': 'vendor_a', 'reach_rate': 'vendor_a', 'growth_rate': 'vendor_a', 'meaningful_eng_rate': 'vendor_a'}",,vendor_a,vendor_b has no record for this channel; filled from vendor_a (fallback).,No action needed. Tracked to monitor vendor coverage.,auto,[],,,,,,,
Q00201,CR00324,youtube,"handle, follower_count, reach_rate, growth_rate, meaningful_eng_rate",PRIMARY_SOURCE_MISSING,YELLOW,"{'handle': 'vendor_a', 'follower_count': 'vendor_a', 'reach_rate': 'vendor_a', 'growth_rate': 'vendor_a', 'meaningful_eng_rate': 'vendor_a'}",,vendor_a,vendor_b has no record for this channel; filled from vendor_a (fallback).,No action needed. Tracked to monitor vendor coverage.,auto,[],,,,,,,
Q00202,CR00325,instagram,"handle, follower_count, reach_rate, growth_rate, meaningful_eng_rate",PRIMARY_SOURCE_MISSING,YELLOW,"{'handle': 'vendor_a', 'follower_count': 'vendor_a', 'reach_rate': 'vendor_a', 'growth_rate': 'vendor_a', 'meaningful_eng_rate': 'vendor_a'}",,vendor_a,vendor_b has no record for this channel; filled from vendor_a (fallback).,No action needed. Tracked to monitor vendor coverage.,auto,[],,,,,,,
Q00203,CR00327,youtube,"follower_count, reach_rate, growth_rate",PRIMARY_SOURCE_MISSING,YELLOW,"{'follower_count': 'vendor_a', 'reach_rate': 'vendor_a', 'growth_rate': 'vendor_a'}",,vendor_a,"vendor_b's record lacks a valid value for follower_count, reach_rate, growth_rate; filled from vendor_a (fallback).",No action needed. Tracked to monitor vendor coverage.,auto,[],,,,,,,
Q00204,CR00328,youtube,"handle, follower_count, reach_rate, growth_rate, meaningful_eng_rate",PRIMARY_SOURCE_MISSING,YELLOW,"{'handle': 'vendor_a', 'follower_count': 'vendor_a', 'reach_rate': 'vendor_a', 'growth_rate': 'vendor_a', 'meaningful_eng_rate': 'vendor_a'}",,vendor_a,vendor_b's record is stale; filled from vendor_a (fallback).,No action needed. Tracked to monitor vendor coverage.,auto,[],,,,,,,
Q00205,CR00330,instagram,growth_rate,PRIMARY_SOURCE_MISSING,YELLOW,{'growth_rate': 'vendor_c'},,vendor_c,vendor_b's record lacks a valid value for growth_rate; filled from vendor_c (fallback).,No action needed. Tracked to monitor vendor coverage.,auto,[],,,,,,,
Q00206,CR00339,youtube,"handle, follower_count, reach_rate, growth_rate, meaningful_eng_rate",PRIMARY_SOURCE_MISSING,YELLOW,"{'handle': 'vendor_a', 'follower_count': 'vendor_a', 'reach_rate': 'vendor_a', 'growth_rate': 'vendor_a', 'meaningful_eng_rate': 'vendor_a'}",,vendor_a,vendor_b has no record for this channel; filled from vendor_a (fallback).,No action needed. Tracked to monitor vendor coverage.,auto,[],,,,,,,
Q00207,CR00340,tiktok,"growth_rate, meaningful_eng_rate",PRIMARY_SOURCE_MISSING,YELLOW,"{'growth_rate': 'vendor_a', 'meaningful_eng_rate': 'vendor_a'}",,vendor_a,"vendor_b's record lacks a valid value for growth_rate, meaningful_eng_rate; filled from vendor_a (fallback).",No action needed. Tracked to monitor vendor coverage.,auto,[],,,,,,,
Q00208,CR00340,youtube,"handle, follower_count, reach_rate, growth_rate",PRIMARY_SOURCE_MISSING,YELLOW,"{'handle': 'vendor_a', 'follower_count': 'vendor_a', 'reach_rate': 'vendor_a', 'growth_rate': 'vendor_a'}",,vendor_a,vendor_b has no record for this channel; filled from vendor_a (fallback).,No action needed. Tracked to monitor vendor coverage.,auto,[],,,,,,,
Q00209,CR00347,instagram,"follower_count, reach_rate, growth_rate",PRIMARY_SOURCE_MISSING,YELLOW,"{'follower_count': 'vendor_a', 'reach_rate': 'vendor_a', 'growth_rate': 'vendor_a'}",,vendor_a,"vendor_b's record lacks a valid value for follower_count, reach_rate, growth_rate; filled from vendor_a (fallback).",No action needed. Tracked to monitor vendor coverage.,auto,[],,,,,,,
Q00210,CR00347,youtube,"handle, follower_count, reach_rate, growth_rate, meaningful_eng_rate",PRIMARY_SOURCE_MISSING,YELLOW,"{'handle': 'vendor_a', 'follower_count': 'vendor_a', 'reach_rate': 'vendor_a', 'growth_rate': 'vendor_a', 'meaningful_eng_rate': 'vendor_a'}",,vendor_a,vendor_b has no record for this channel; filled from vendor_a (fallback).,No action needed. Tracked to monitor vendor coverage.,auto,[],,,,,,,
Q00211,CR00350,youtube,"handle, follower_count, reach_rate, growth_rate, meaningful_eng_rate",PRIMARY_SOURCE_MISSING,YELLOW,"{'handle': 'vendor_a', 'follower_count': 'vendor_a', 'reach_rate': 'vendor_a', 'growth_rate': 'vendor_a', 'meaningful_eng_rate': 'vendor_a'}",,vendor_a,vendor_b has no record for this channel; filled from vendor_a (fallback).,No action needed. Tracked to monitor vendor coverage.,auto,[],,,,,,,
Q00212,CR00352,youtube,"handle, follower_count, reach_rate, growth_rate, meaningful_eng_rate",PRIMARY_SOURCE_MISSING,YELLOW,"{'handle': 'vendor_a', 'follower_count': 'vendor_a', 'reach_rate': 'vendor_a', 'growth_rate': 'vendor_a', 'meaningful_eng_rate': 'vendor_a'}",,vendor_a,vendor_b has no record for this channel; filled from vendor_a (fallback).,No action needed. Tracked to monitor vendor coverage.,auto,[],,,,,,,
Q00213,CR00353,instagram,meaningful_eng_rate,PRIMARY_SOURCE_MISSING,YELLOW,{'meaningful_eng_rate': 'vendor_a'},,vendor_a,vendor_b's record lacks a valid value for meaningful_eng_rate; filled from vendor_a (fallback).,No action needed. Tracked to monitor vendor coverage.,auto,[],,,,,,,
Q00214,CR00353,tiktok,meaningful_eng_rate,PRIMARY_SOURCE_MISSING,YELLOW,{'meaningful_eng_rate': 'vendor_a'},,vendor_a,vendor_b's record lacks a valid value for meaningful_eng_rate; filled from vendor_a (fallback).,No action needed. Tracked to monitor vendor coverage.,auto,[],,,,,,,
Q00215,CR00353,youtube,"handle, follower_count, reach_rate, growth_rate, meaningful_eng_rate",PRIMARY_SOURCE_MISSING,YELLOW,"{'handle': 'vendor_c', 'follower_count': 'vendor_c', 'reach_rate': 'vendor_c', 'growth_rate': 'vendor_c', 'meaningful_eng_rate': 'vendor_c'}",,vendor_c,vendor_b has no record for this channel; filled from vendor_c (fallback).,No action needed. Tracked to monitor vendor coverage.,auto,[],,,,,,,
Q00216,CR00354,youtube,"handle, follower_count, reach_rate, growth_rate, meaningful_eng_rate",PRIMARY_SOURCE_MISSING,YELLOW,"{'handle': 'vendor_a', 'follower_count': 'vendor_a', 'reach_rate': 'vendor_a', 'growth_rate': 'vendor_a', 'meaningful_eng_rate': 'vendor_a'}",,vendor_a,vendor_b has no record for this channel; filled from vendor_a (fallback).,No action needed. Tracked to monitor vendor coverage.,auto,[],,,,,,,
Q00217,CR00356,instagram,"follower_count, reach_rate, growth_rate",PRIMARY_SOURCE_MISSING,YELLOW,"{'follower_count': 'vendor_a', 'reach_rate': 'vendor_a', 'growth_rate': 'vendor_a'}",,vendor_a,"vendor_b's record lacks a valid value for follower_count, reach_rate, growth_rate; filled from vendor_a (fallback).",No action needed. Tracked to monitor vendor coverage.,auto,[],,,,,,,
Q00218,CR00356,youtube,"handle, follower_count, reach_rate, growth_rate, meaningful_eng_rate",PRIMARY_SOURCE_MISSING,YELLOW,"{'handle': 'vendor_a', 'follower_count': 'vendor_a', 'reach_rate': 'vendor_a', 'growth_rate': 'vendor_a', 'meaningful_eng_rate': 'vendor_a'}",,vendor_a,vendor_b has no record for this channel; filled from vendor_a (fallback).,No action needed. Tracked to monitor vendor coverage.,auto,[],,,,,,,
Q00219,CR00357,instagram,"handle, follower_count, reach_rate, growth_rate, meaningful_eng_rate",PRIMARY_SOURCE_MISSING,YELLOW,"{'handle': 'vendor_a', 'follower_count': 'vendor_a', 'reach_rate': 'vendor_a', 'growth_rate': 'vendor_a', 'meaningful_eng_rate': 'vendor_a'}",,vendor_a,vendor_b has no record for this channel; filled from vendor_a (fallback).,No action needed. Tracked to monitor vendor coverage.,auto,[],,,,,,,
Q00220,CR00357,youtube,"handle, follower_count, reach_rate, growth_rate, meaningful_eng_rate",PRIMARY_SOURCE_MISSING,YELLOW,"{'handle': 'vendor_a', 'follower_count': 'vendor_a', 'reach_rate': 'vendor_a', 'growth_rate': 'vendor_a', 'meaningful_eng_rate': 'vendor_a'}",,vendor_a,vendor_b has no record for this channel; filled from vendor_a (fallback).,No action needed. Tracked to monitor vendor coverage.,auto,[],,,,,,,
Q00221,CR00358,instagram,handle,PRIMARY_SOURCE_MISSING,YELLOW,{'handle': 'vendor_c'},,vendor_c,vendor_b's record lacks a valid value for handle; filled from vendor_c (fallback).,No action needed. Tracked to monitor vendor coverage.,auto,[],,,,,,,
Q00222,CR00360,youtube,"handle, follower_count, reach_rate, growth_rate, meaningful_eng_rate",PRIMARY_SOURCE_MISSING,YELLOW,"{'handle': 'vendor_a', 'follower_count': 'vendor_a', 'reach_rate': 'vendor_a', 'growth_rate': 'vendor_a', 'meaningful_eng_rate': 'vendor_a'}",,vendor_a,vendor_b has no record for this channel; filled from vendor_a (fallback).,No action needed. Tracked to monitor vendor coverage.,auto,[],,,,,,,
Q00223,CR00361,tiktok,"handle, follower_count, reach_rate, growth_rate, meaningful_eng_rate",PRIMARY_SOURCE_MISSING,YELLOW,"{'handle': 'vendor_a', 'follower_count': 'vendor_a', 'reach_rate': 'vendor_a', 'growth_rate': 'vendor_a', 'meaningful_eng_rate': 'vendor_a'}",,vendor_a,vendor_b's record is stale; filled from vendor_a (fallback).,No action needed. Tracked to monitor vendor coverage.,auto,[],,,,,,,
Q00224,CR00364,tiktok,"handle, follower_count, reach_rate, growth_rate",PRIMARY_SOURCE_MISSING,YELLOW,"{'handle': 'vendor_a', 'follower_count': 'vendor_a', 'reach_rate': 'vendor_a', 'growth_rate': 'vendor_a'}",,vendor_a,vendor_b's record is stale; filled from vendor_a (fallback).,No action needed. Tracked to monitor vendor coverage.,auto,[],,,,,,,
Q00225,CR00366,youtube,meaningful_eng_rate,PRIMARY_SOURCE_MISSING,YELLOW,{'meaningful_eng_rate': 'vendor_a'},,vendor_a,vendor_b's record lacks a valid value for meaningful_eng_rate; filled from vendor_a (fallback).,No action needed. Tracked to monitor vendor coverage.,auto,[],,,,,,,
Q00226,CR00368,tiktok,"follower_count, reach_rate, growth_rate",PRIMARY_SOURCE_MISSING,YELLOW,"{'follower_count': 'vendor_c', 'reach_rate': 'vendor_c', 'growth_rate': 'vendor_c'}",,vendor_c,"vendor_b's record lacks a valid value for follower_count, reach_rate, growth_rate; filled from vendor_c (fallback).",No action needed. Tracked to monitor vendor coverage.,auto,[],,,,,,,
Q00227,CR00368,youtube,"handle, follower_count, reach_rate, meaningful_eng_rate",PRIMARY_SOURCE_MISSING,YELLOW,"{'handle': 'vendor_a', 'follower_count': 'vendor_a', 'reach_rate': 'vendor_a', 'meaningful_eng_rate': 'vendor_a'}",,vendor_a,vendor_b has no record for this channel; filled from vendor_a (fallback).,No action needed. Tracked to monitor vendor coverage.,auto,[],,,,,,,
Q00228,CR00369,instagram,handle,PRIMARY_SOURCE_MISSING,YELLOW,{'handle': 'vendor_c'},,vendor_c,vendor_b's record is stale; filled from vendor_c (fallback).,No action needed. Tracked to monitor vendor coverage.,auto,[],,,,,,,
Q00229,CR00371,instagram,meaningful_eng_rate,PRIMARY_SOURCE_MISSING,YELLOW,{'meaningful_eng_rate': 'vendor_a'},,vendor_a,vendor_b's record lacks a valid value for meaningful_eng_rate; filled from vendor_a (fallback).,No action needed. Tracked to monitor vendor coverage.,auto,[],,,,,,,
Q00230,CR00373,instagram,meaningful_eng_rate,PRIMARY_SOURCE_MISSING,YELLOW,{'meaningful_eng_rate': 'vendor_a'},,vendor_a,vendor_b's record lacks a valid value for meaningful_eng_rate; filled from vendor_a (fallback).,No action needed. Tracked to monitor vendor coverage.,auto,[],,,,,,,
Q00231,CR00373,youtube,"handle, follower_count, reach_rate, growth_rate, meaningful_eng_rate",PRIMARY_SOURCE_MISSING,YELLOW,"{'handle': 'vendor_a', 'follower_count': 'vendor_a', 'reach_rate': 'vendor_a', 'growth_rate': 'vendor_a', 'meaningful_eng_rate': 'vendor_a'}",,vendor_a,vendor_b has no record for this channel; filled from vendor_a (fallback).,No action needed. Tracked to monitor vendor coverage.,auto,[],,,,,,,
Q00232,CR00374,instagram,"handle, follower_count, reach_rate, growth_rate, meaningful_eng_rate",PRIMARY_SOURCE_MISSING,YELLOW,"{'handle': 'vendor_a', 'follower_count': 'vendor_a', 'reach_rate': 'vendor_a', 'growth_rate': 'vendor_a', 'meaningful_eng_rate': 'vendor_a'}",,vendor_a,vendor_b has no record for this channel; filled from vendor_a (fallback).,No action needed. Tracked to monitor vendor coverage.,auto,[],,,,,,,
Q00233,CR00374,youtube,"handle, follower_count, reach_rate, growth_rate",PRIMARY_SOURCE_MISSING,YELLOW,"{'handle': 'vendor_a', 'follower_count': 'vendor_a', 'reach_rate': 'vendor_a', 'growth_rate': 'vendor_a'}",,vendor_a,vendor_b has no record for this channel; filled from vendor_a (fallback).,No action needed. Tracked to monitor vendor coverage.,auto,[],,,,,,,
Q00234,CR00377,instagram,"follower_count, reach_rate, growth_rate",PRIMARY_SOURCE_MISSING,YELLOW,"{'follower_count': 'vendor_a', 'reach_rate': 'vendor_a', 'growth_rate': 'vendor_a'}",,vendor_a,"vendor_b's record lacks a valid value for follower_count, reach_rate, growth_rate; filled from vendor_a (fallback).",No action needed. Tracked to monitor vendor coverage.,auto,[],,,,,,,
Q00235,CR00379,tiktok,"handle, follower_count, reach_rate, growth_rate, meaningful_eng_rate",PRIMARY_SOURCE_MISSING,YELLOW,"{'handle': 'vendor_a', 'follower_count': 'vendor_a', 'reach_rate': 'vendor_a', 'growth_rate': 'vendor_a', 'meaningful_eng_rate': 'vendor_a'}",,vendor_a,vendor_b's record is stale; filled from vendor_a (fallback).,No action needed. Tracked to monitor vendor coverage.,auto,[],,,,,,,
Q00236,CR00380,instagram,"handle, follower_count, reach_rate, growth_rate, meaningful_eng_rate",PRIMARY_SOURCE_MISSING,YELLOW,"{'handle': 'vendor_a', 'follower_count': 'vendor_a', 'reach_rate': 'vendor_a', 'growth_rate': 'vendor_a', 'meaningful_eng_rate': 'vendor_a'}",,vendor_a,vendor_b has no record for this channel; filled from vendor_a (fallback).,No action needed. Tracked to monitor vendor coverage.,auto,[],,,,,,,
Q00237,CR00381,instagram,"follower_count, reach_rate, growth_rate",PRIMARY_SOURCE_MISSING,YELLOW,"{'follower_count': 'vendor_a', 'reach_rate': 'vendor_a', 'growth_rate': 'vendor_a'}",,vendor_a,"vendor_b's record lacks a valid value for follower_count, reach_rate, growth_rate; filled from vendor_a (fallback).",No action needed. Tracked to monitor vendor coverage.,auto,[],,,,,,,
Q00238,CR00381,youtube,"handle, follower_count, reach_rate, growth_rate, meaningful_eng_rate",PRIMARY_SOURCE_MISSING,YELLOW,"{'handle': 'vendor_a', 'follower_count': 'vendor_a', 'reach_rate': 'vendor_a', 'growth_rate': 'vendor_a', 'meaningful_eng_rate': 'vendor_a'}",,vendor_a,vendor_b has no record for this channel; filled from vendor_a (fallback).,No action needed. Tracked to monitor vendor coverage.,auto,[],,,,,,,
Q00239,CR00383,youtube,"follower_count, reach_rate, growth_rate",PRIMARY_SOURCE_MISSING,YELLOW,"{'follower_count': 'vendor_a', 'reach_rate': 'vendor_a', 'growth_rate': 'vendor_a'}",,vendor_a,"vendor_b's record lacks a valid value for follower_count, reach_rate, growth_rate; filled from vendor_a (fallback).",No action needed. Tracked to monitor vendor coverage.,auto,[],,,,,,,
Q00240,CR00390,tiktok,reach_rate,PRIMARY_SOURCE_MISSING,YELLOW,{'reach_rate': 'vendor_c'},,vendor_c,vendor_b's record lacks a valid value for reach_rate; filled from vendor_c (fallback).,No action needed. Tracked to monitor vendor coverage.,auto,[],,,,,,,
Q00241,CR00390,youtube,"handle, follower_count, reach_rate, growth_rate, meaningful_eng_rate",PRIMARY_SOURCE_MISSING,YELLOW,"{'handle': 'vendor_a', 'follower_count': 'vendor_a', 'reach_rate': 'vendor_a', 'growth_rate': 'vendor_a', 'meaningful_eng_rate': 'vendor_a'}",,vendor_a,vendor_b's record was excluded by the identity check; filled from vendor_a (fallback).,No action needed. Tracked to monitor vendor coverage.,auto,[],,,,,,,
Q00242,CR00393,tiktok,"handle, follower_count, reach_rate, growth_rate, meaningful_eng_rate",PRIMARY_SOURCE_MISSING,YELLOW,"{'handle': 'vendor_a', 'follower_count': 'vendor_a', 'reach_rate': 'vendor_a', 'growth_rate': 'vendor_a', 'meaningful_eng_rate': 'vendor_a'}",,vendor_a,vendor_b has no record for this channel; filled from vendor_a (fallback).,No action needed. Tracked to monitor vendor coverage.,auto,[],,,,,,,
Q00243,CR00394,tiktok,meaningful_eng_rate,PRIMARY_SOURCE_MISSING,YELLOW,{'meaningful_eng_rate': 'vendor_a'},,vendor_a,vendor_b's record lacks a valid value for meaningful_eng_rate; filled from vendor_a (fallback).,No action needed. Tracked to monitor vendor coverage.,auto,[],,,,,,,
Q00244,CR00394,youtube,"handle, follower_count, reach_rate, growth_rate, meaningful_eng_rate",PRIMARY_SOURCE_MISSING,YELLOW,"{'handle': 'vendor_a', 'follower_count': 'vendor_a', 'reach_rate': 'vendor_a', 'growth_rate': 'vendor_a', 'meaningful_eng_rate': 'vendor_a'}",,vendor_a,vendor_b has no record for this channel; filled from vendor_a (fallback).,No action needed. Tracked to monitor vendor coverage.,auto,[],,,,,,,
Q00245,CR00395,tiktok,meaningful_eng_rate,PRIMARY_SOURCE_MISSING,YELLOW,{'meaningful_eng_rate': 'vendor_a'},,vendor_a,vendor_b's record lacks a valid value for meaningful_eng_rate; filled from vendor_a (fallback).,No action needed. Tracked to monitor vendor coverage.,auto,[],,,,,,,
Q00246,CR00395,youtube,"handle, follower_count, reach_rate, growth_rate, meaningful_eng_rate",PRIMARY_SOURCE_MISSING,YELLOW,"{'handle': 'vendor_a', 'follower_count': 'vendor_a', 'reach_rate': 'vendor_a', 'growth_rate': 'vendor_a', 'meaningful_eng_rate': 'vendor_a'}",,vendor_a,vendor_b has no record for this channel; filled from vendor_a (fallback).,No action needed. Tracked to monitor vendor coverage.,auto,[],,,,,,,
Q00247,CR00396,youtube,"follower_count, reach_rate, growth_rate",PRIMARY_SOURCE_MISSING,YELLOW,"{'follower_count': 'vendor_a', 'reach_rate': 'vendor_a', 'growth_rate': 'vendor_a'}",,vendor_a,"vendor_b's record lacks a valid value for follower_count, reach_rate, growth_rate; filled from vendor_a (fallback).",No action needed. Tracked to monitor vendor coverage.,auto,[],,,,,,,
Q00248,CR00400,tiktok,growth_rate,PRIMARY_SOURCE_MISSING,YELLOW,{'growth_rate': 'vendor_a'},,vendor_a,vendor_b's record lacks a valid value for growth_rate; filled from vendor_a (fallback).,No action needed. Tracked to monitor vendor coverage.,auto,[],,,,,,,
Q00249,CR00401,tiktok,"follower_count, reach_rate, growth_rate",PRIMARY_SOURCE_MISSING,YELLOW,"{'follower_count': 'vendor_c', 'reach_rate': 'vendor_c', 'growth_rate': 'vendor_c'}",,vendor_c,"vendor_b's record lacks a valid value for follower_count, reach_rate, growth_rate; filled from vendor_c (fallback).",No action needed. Tracked to monitor vendor coverage.,auto,[],,,,,,,
Q00250,CR00401,youtube,meaningful_eng_rate,PRIMARY_SOURCE_MISSING,YELLOW,{'meaningful_eng_rate': 'vendor_a'},,vendor_a,vendor_b's record lacks a valid value for meaningful_eng_rate; filled from vendor_a (fallback).,No action needed. Tracked to monitor vendor coverage.,auto,[],,,,,,,
Q00251,CR00403,youtube,reach_rate,PRIMARY_SOURCE_MISSING,YELLOW,{'reach_rate': 'vendor_a'},,vendor_a,vendor_b's record lacks a valid value for reach_rate; filled from vendor_a (fallback).,No action needed. Tracked to monitor vendor coverage.,auto,[],,,,,,,
Q00252,CR00404,instagram,"handle, follower_count, reach_rate, growth_rate, meaningful_eng_rate",PRIMARY_SOURCE_MISSING,YELLOW,"{'handle': 'vendor_a', 'follower_count': 'vendor_a', 'reach_rate': 'vendor_a', 'growth_rate': 'vendor_a', 'meaningful_eng_rate': 'vendor_a'}",,vendor_a,vendor_b has no record for this channel; filled from vendor_a (fallback).,No action needed. Tracked to monitor vendor coverage.,auto,[],,,,,,,
Q00253,CR00408,instagram,"handle, follower_count, reach_rate, growth_rate, meaningful_eng_rate",PRIMARY_SOURCE_MISSING,YELLOW,"{'handle': 'vendor_a', 'follower_count': 'vendor_a', 'reach_rate': 'vendor_a', 'growth_rate': 'vendor_a', 'meaningful_eng_rate': 'vendor_a'}",,vendor_a,vendor_b has no record for this channel; filled from vendor_a (fallback).,No action needed. Tracked to monitor vendor coverage.,auto,[],,,,,,,
Q00254,CR00412,instagram,"handle, follower_count, reach_rate, growth_rate",PRIMARY_SOURCE_MISSING,YELLOW,"{'handle': 'vendor_c', 'follower_count': 'vendor_c', 'reach_rate': 'vendor_c', 'growth_rate': 'vendor_c'}",,vendor_c,vendor_b has no record for this channel; filled from vendor_c (fallback).,No action needed. Tracked to monitor vendor coverage.,auto,[],,,,,,,
Q00255,CR00412,youtube,"handle, follower_count, reach_rate, growth_rate, meaningful_eng_rate",PRIMARY_SOURCE_MISSING,YELLOW,"{'handle': 'vendor_a', 'follower_count': 'vendor_a', 'reach_rate': 'vendor_a', 'growth_rate': 'vendor_a', 'meaningful_eng_rate': 'vendor_a'}",,vendor_a,vendor_b has no record for this channel; filled from vendor_a (fallback).,No action needed. Tracked to monitor vendor coverage.,auto,[],,,,,,,
Q00256,CR00416,youtube,growth_rate,PRIMARY_SOURCE_MISSING,YELLOW,{'growth_rate': 'vendor_a'},,vendor_a,vendor_b's record lacks a valid value for growth_rate; filled from vendor_a (fallback).,No action needed. Tracked to monitor vendor coverage.,auto,[],,,,,,,
Q00257,CR00419,instagram,handle,PRIMARY_SOURCE_MISSING,YELLOW,{'handle': 'vendor_a'},,vendor_a,vendor_b's record lacks a valid value for handle; filled from vendor_a (fallback).,No action needed. Tracked to monitor vendor coverage.,auto,[],,,,,,,
Q00258,CR00419,tiktok,"handle, follower_count, reach_rate, growth_rate",PRIMARY_SOURCE_MISSING,YELLOW,"{'handle': 'vendor_c', 'follower_count': 'vendor_c', 'reach_rate': 'vendor_c', 'growth_rate': 'vendor_c'}",,vendor_c,vendor_b has no record for this channel; filled from vendor_c (fallback).,No action needed. Tracked to monitor vendor coverage.,auto,[],,,,,,,
Q00259,CR00422,instagram,"follower_count, growth_rate",PRIMARY_SOURCE_MISSING,YELLOW,"{'follower_count': 'vendor_c', 'growth_rate': 'vendor_c'}",,vendor_c,vendor_b's record is stale; filled from vendor_c (fallback).,No action needed. Tracked to monitor vendor coverage.,auto,[],,,,,,,
Q00260,CR00422,youtube,"handle, follower_count, reach_rate, growth_rate, meaningful_eng_rate",PRIMARY_SOURCE_MISSING,YELLOW,"{'handle': 'vendor_a', 'follower_count': 'vendor_a', 'reach_rate': 'vendor_a', 'growth_rate': 'vendor_a', 'meaningful_eng_rate': 'vendor_a'}",,vendor_a,vendor_b has no record for this channel; filled from vendor_a (fallback).,No action needed. Tracked to monitor vendor coverage.,auto,[],,,,,,,
Q00261,CR00424,tiktok,"follower_count, reach_rate, growth_rate, meaningful_eng_rate",PRIMARY_SOURCE_MISSING,YELLOW,"{'follower_count': 'vendor_a', 'reach_rate': 'vendor_a', 'growth_rate': 'vendor_a', 'meaningful_eng_rate': 'vendor_a'}",,vendor_a,"vendor_b's record lacks a valid value for follower_count, reach_rate, growth_rate, meaningful_eng_rate; filled from vendor_a (fallback).",No action needed. Tracked to monitor vendor coverage.,auto,[],,,,,,,
Q00262,CR00425,youtube,"handle, follower_count, reach_rate, growth_rate, meaningful_eng_rate",PRIMARY_SOURCE_MISSING,YELLOW,"{'handle': 'vendor_a', 'follower_count': 'vendor_a', 'reach_rate': 'vendor_a', 'growth_rate': 'vendor_a', 'meaningful_eng_rate': 'vendor_a'}",,vendor_a,vendor_b has no record for this channel; filled from vendor_a (fallback).,No action needed. Tracked to monitor vendor coverage.,auto,[],,,,,,,
Q00263,CR00427,instagram,growth_rate,PRIMARY_SOURCE_MISSING,YELLOW,{'growth_rate': 'vendor_a'},,vendor_a,vendor_b's record lacks a valid value for growth_rate; filled from vendor_a (fallback).,No action needed. Tracked to monitor vendor coverage.,auto,[],,,,,,,
Q00264,CR00428,tiktok,"handle, follower_count, reach_rate, growth_rate",PRIMARY_SOURCE_MISSING,YELLOW,"{'handle': 'vendor_c', 'follower_count': 'vendor_c', 'reach_rate': 'vendor_c', 'growth_rate': 'vendor_c'}",,vendor_c,vendor_b has no record for this channel; filled from vendor_c (fallback).,No action needed. Tracked to monitor vendor coverage.,auto,[],,,,,,,
Q00265,CR00428,youtube,"handle, follower_count, reach_rate, growth_rate, meaningful_eng_rate",PRIMARY_SOURCE_MISSING,YELLOW,"{'handle': 'vendor_a', 'follower_count': 'vendor_a', 'reach_rate': 'vendor_a', 'growth_rate': 'vendor_a', 'meaningful_eng_rate': 'vendor_a'}",,vendor_a,vendor_b has no record for this channel; filled from vendor_a (fallback).,No action needed. Tracked to monitor vendor coverage.,auto,[],,,,,,,
Q00266,CR00430,youtube,"handle, follower_count, reach_rate, growth_rate",PRIMARY_SOURCE_MISSING,YELLOW,"{'handle': 'vendor_a', 'follower_count': 'vendor_a', 'reach_rate': 'vendor_a', 'growth_rate': 'vendor_a'}",,vendor_a,vendor_b has no record for this channel; filled from vendor_a (fallback).,No action needed. Tracked to monitor vendor coverage.,auto,[],,,,,,,
Q00267,CR00431,tiktok,handle,PRIMARY_SOURCE_MISSING,YELLOW,{'handle': 'vendor_a'},,vendor_a,vendor_b's record lacks a valid value for handle; filled from vendor_a (fallback).,No action needed. Tracked to monitor vendor coverage.,auto,[],,,,,,,
Q00268,CR00432,youtube,"handle, follower_count, reach_rate, growth_rate, meaningful_eng_rate",PRIMARY_SOURCE_MISSING,YELLOW,"{'handle': 'vendor_a', 'follower_count': 'vendor_a', 'reach_rate': 'vendor_a', 'growth_rate': 'vendor_a', 'meaningful_eng_rate': 'vendor_c'}",,"vendor_a, vendor_c","vendor_b has no record for this channel; filled from vendor_a, vendor_c (fallback).",No action needed. Tracked to monitor vendor coverage.,auto,[],,,,,,,
Q00269,CR00435,instagram,"follower_count, reach_rate, growth_rate",PRIMARY_SOURCE_MISSING,YELLOW,"{'follower_count': 'vendor_a', 'reach_rate': 'vendor_a', 'growth_rate': 'vendor_a'}",,vendor_a,"vendor_b's record lacks a valid value for follower_count, reach_rate, growth_rate; filled from vendor_a (fallback).",No action needed. Tracked to monitor vendor coverage.,auto,[],,,,,,,
Q00270,CR00437,youtube,"handle, follower_count, reach_rate, growth_rate, meaningful_eng_rate",PRIMARY_SOURCE_MISSING,YELLOW,"{'handle': 'vendor_a', 'follower_count': 'vendor_a', 'reach_rate': 'vendor_a', 'growth_rate': 'vendor_a', 'meaningful_eng_rate': 'vendor_a'}",,vendor_a,vendor_b has no record for this channel; filled from vendor_a (fallback).,No action needed. Tracked to monitor vendor coverage.,auto,[],,,,,,,
Q00271,CR00438,youtube,"handle, follower_count, reach_rate, growth_rate, meaningful_eng_rate",PRIMARY_SOURCE_MISSING,YELLOW,"{'handle': 'vendor_a', 'follower_count': 'vendor_a', 'reach_rate': 'vendor_a', 'growth_rate': 'vendor_a', 'meaningful_eng_rate': 'vendor_a'}",,vendor_a,vendor_b has no record for this channel; filled from vendor_a (fallback).,No action needed. Tracked to monitor vendor coverage.,auto,[],,,,,,,
Q00272,CR00439,youtube,"handle, follower_count, reach_rate, growth_rate, meaningful_eng_rate",PRIMARY_SOURCE_MISSING,YELLOW,"{'handle': 'vendor_a', 'follower_count': 'vendor_a', 'reach_rate': 'vendor_a', 'growth_rate': 'vendor_c', 'meaningful_eng_rate': 'vendor_a'}",,"vendor_a, vendor_c","vendor_b has no record for this channel; filled from vendor_a, vendor_c (fallback).",No action needed. Tracked to monitor vendor coverage.,auto,[],,,,,,,
Q00273,CR00442,youtube,growth_rate,PRIMARY_SOURCE_MISSING,YELLOW,{'growth_rate': 'vendor_c'},,vendor_c,vendor_b's record lacks a valid value for growth_rate; filled from vendor_c (fallback).,No action needed. Tracked to monitor vendor coverage.,auto,[],,,,,,,
Q00274,CR00443,instagram,"handle, follower_count, reach_rate, growth_rate",PRIMARY_SOURCE_MISSING,YELLOW,"{'handle': 'vendor_a', 'follower_count': 'vendor_a', 'reach_rate': 'vendor_a', 'growth_rate': 'vendor_a'}",,vendor_a,vendor_b's record is stale; filled from vendor_a (fallback).,No action needed. Tracked to monitor vendor coverage.,auto,[],,,,,,,
Q00275,CR00443,youtube,"handle, meaningful_eng_rate",PRIMARY_SOURCE_MISSING,YELLOW,"{'handle': 'vendor_a', 'meaningful_eng_rate': 'vendor_a'}",,vendor_a,vendor_b has no record for this channel; filled from vendor_a (fallback).,No action needed. Tracked to monitor vendor coverage.,auto,[],,,,,,,
Q00276,CR00444,youtube,"handle, follower_count, reach_rate, growth_rate, meaningful_eng_rate",PRIMARY_SOURCE_MISSING,YELLOW,"{'handle': 'vendor_a', 'follower_count': 'vendor_a', 'reach_rate': 'vendor_a', 'growth_rate': 'vendor_a', 'meaningful_eng_rate': 'vendor_a'}",,vendor_a,vendor_b has no record for this channel; filled from vendor_a (fallback).,No action needed. Tracked to monitor vendor coverage.,auto,[],,,,,,,
Q00277,CR00446,instagram,"reach_rate, growth_rate, meaningful_eng_rate",PRIMARY_SOURCE_MISSING,YELLOW,"{'reach_rate': 'vendor_a', 'growth_rate': 'vendor_a', 'meaningful_eng_rate': 'vendor_a'}",,vendor_a,"vendor_b's record lacks a valid value for reach_rate, growth_rate, meaningful_eng_rate; filled from vendor_a (fallback).",No action needed. Tracked to monitor vendor coverage.,auto,[],,,,,,,
Q00278,CR00448,youtube,"handle, meaningful_eng_rate",PRIMARY_SOURCE_MISSING,YELLOW,"{'handle': 'vendor_c', 'meaningful_eng_rate': 'vendor_c'}",,vendor_c,vendor_b has no record for this channel; filled from vendor_c (fallback).,No action needed. Tracked to monitor vendor coverage.,auto,[],,,,,,,
Q00279,CR00449,youtube,meaningful_eng_rate,PRIMARY_SOURCE_MISSING,YELLOW,{'meaningful_eng_rate': 'vendor_a'},,vendor_a,vendor_b's record lacks a valid value for meaningful_eng_rate; filled from vendor_a (fallback).,No action needed. Tracked to monitor vendor coverage.,auto,[],,,,,,,
Q00280,CR00457,tiktok,"follower_count, reach_rate, growth_rate",PRIMARY_SOURCE_MISSING,YELLOW,"{'follower_count': 'vendor_a', 'reach_rate': 'vendor_a', 'growth_rate': 'vendor_a'}",,vendor_a,"vendor_b's record lacks a valid value for follower_count, reach_rate, growth_rate; filled from vendor_a (fallback).",No action needed. Tracked to monitor vendor coverage.,auto,[],,,,,,,
Q00281,CR00460,instagram,handle,PRIMARY_SOURCE_MISSING,YELLOW,{'handle': 'vendor_c'},,vendor_c,vendor_b's record lacks a valid value for handle; filled from vendor_c (fallback).,No action needed. Tracked to monitor vendor coverage.,auto,[],,,,,,,
Q00282,CR00460,youtube,"handle, follower_count, reach_rate, growth_rate, meaningful_eng_rate",PRIMARY_SOURCE_MISSING,YELLOW,"{'handle': 'vendor_a', 'follower_count': 'vendor_a', 'reach_rate': 'vendor_a', 'growth_rate': 'vendor_a', 'meaningful_eng_rate': 'vendor_a'}",,vendor_a,vendor_b has no record for this channel; filled from vendor_a (fallback).,No action needed. Tracked to monitor vendor coverage.,auto,[],,,,,,,
Q00283,CR00461,youtube,"growth_rate, meaningful_eng_rate",PRIMARY_SOURCE_MISSING,YELLOW,"{'growth_rate': 'vendor_a', 'meaningful_eng_rate': 'vendor_a'}",,vendor_a,"vendor_b's record lacks a valid value for growth_rate, meaningful_eng_rate; filled from vendor_a (fallback).",No action needed. Tracked to monitor vendor coverage.,auto,[],,,,,,,
Q00284,CR00463,youtube,"handle, follower_count, reach_rate, growth_rate, meaningful_eng_rate",PRIMARY_SOURCE_MISSING,YELLOW,"{'handle': 'vendor_a', 'follower_count': 'vendor_a', 'reach_rate': 'vendor_a', 'growth_rate': 'vendor_a', 'meaningful_eng_rate': 'vendor_a'}",,vendor_a,vendor_b has no record for this channel; filled from vendor_a (fallback).,No action needed. Tracked to monitor vendor coverage.,auto,[],,,,,,,
Q00285,CR00465,tiktok,meaningful_eng_rate,PRIMARY_SOURCE_MISSING,YELLOW,{'meaningful_eng_rate': 'vendor_a'},,vendor_a,vendor_b's record lacks a valid value for meaningful_eng_rate; filled from vendor_a (fallback).,No action needed. Tracked to monitor vendor coverage.,auto,[],,,,,,,
Q00286,CR00465,youtube,"handle, follower_count, reach_rate, growth_rate, meaningful_eng_rate",PRIMARY_SOURCE_MISSING,YELLOW,"{'handle': 'vendor_a', 'follower_count': 'vendor_a', 'reach_rate': 'vendor_a', 'growth_rate': 'vendor_a', 'meaningful_eng_rate': 'vendor_a'}",,vendor_a,vendor_b has no record for this channel; filled from vendor_a (fallback).,No action needed. Tracked to monitor vendor coverage.,auto,[],,,,,,,
Q00287,CR00471,instagram,growth_rate,PRIMARY_SOURCE_MISSING,YELLOW,{'growth_rate': 'vendor_a'},,vendor_a,vendor_b's record lacks a valid value for growth_rate; filled from vendor_a (fallback).,No action needed. Tracked to monitor vendor coverage.,auto,[],,,,,,,
Q00288,CR00473,youtube,growth_rate,PRIMARY_SOURCE_MISSING,YELLOW,{'growth_rate': 'vendor_a'},,vendor_a,vendor_b's record lacks a valid value for growth_rate; filled from vendor_a (fallback).,No action needed. Tracked to monitor vendor coverage.,auto,[],,,,,,,
Q00289,CR00477,instagram,"handle, follower_count, reach_rate, growth_rate",PRIMARY_SOURCE_MISSING,YELLOW,"{'handle': 'vendor_c', 'follower_count': 'vendor_c', 'reach_rate': 'vendor_c', 'growth_rate': 'vendor_c'}",,vendor_c,vendor_b's record is stale; filled from vendor_c (fallback).,No action needed. Tracked to monitor vendor coverage.,auto,[],,,,,,,
Q00290,CR00477,youtube,"handle, follower_count, growth_rate, meaningful_eng_rate",PRIMARY_SOURCE_MISSING,YELLOW,"{'handle': 'vendor_c', 'follower_count': 'vendor_c', 'growth_rate': 'vendor_c', 'meaningful_eng_rate': 'vendor_c'}",,vendor_c,vendor_b has no record for this channel; filled from vendor_c (fallback).,No action needed. Tracked to monitor vendor coverage.,auto,[],,,,,,,
Q00291,CR00480,youtube,"handle, follower_count, reach_rate, growth_rate, meaningful_eng_rate",PRIMARY_SOURCE_MISSING,YELLOW,"{'handle': 'vendor_a', 'follower_count': 'vendor_a', 'reach_rate': 'vendor_a', 'growth_rate': 'vendor_a', 'meaningful_eng_rate': 'vendor_a'}",,vendor_a,vendor_b has no record for this channel; filled from vendor_a (fallback).,No action needed. Tracked to monitor vendor coverage.,auto,[],,,,,,,
Q00292,CR00483,youtube,"handle, follower_count, reach_rate, growth_rate, meaningful_eng_rate",PRIMARY_SOURCE_MISSING,YELLOW,"{'handle': 'vendor_a', 'follower_count': 'vendor_a', 'reach_rate': 'vendor_a', 'growth_rate': 'vendor_a', 'meaningful_eng_rate': 'vendor_a'}",,vendor_a,vendor_b has no record for this channel; filled from vendor_a (fallback).,No action needed. Tracked to monitor vendor coverage.,auto,[],,,,,,,
Q00293,CR00485,youtube,"handle, follower_count, reach_rate, growth_rate, meaningful_eng_rate",PRIMARY_SOURCE_MISSING,YELLOW,"{'handle': 'vendor_a', 'follower_count': 'vendor_a', 'reach_rate': 'vendor_a', 'growth_rate': 'vendor_a', 'meaningful_eng_rate': 'vendor_a'}",,vendor_a,vendor_b has no record for this channel; filled from vendor_a (fallback).,No action needed. Tracked to monitor vendor coverage.,auto,[],,,,,,,
Q00294,CR00488,youtube,"handle, meaningful_eng_rate",PRIMARY_SOURCE_MISSING,YELLOW,"{'handle': 'vendor_a', 'meaningful_eng_rate': 'vendor_a'}",,vendor_a,"vendor_b's record lacks a valid value for handle, meaningful_eng_rate; filled from vendor_a (fallback).",No action needed. Tracked to monitor vendor coverage.,auto,[],,,,,,,
Q00295,CR00489,youtube,"handle, follower_count, reach_rate, growth_rate, meaningful_eng_rate",PRIMARY_SOURCE_MISSING,YELLOW,"{'handle': 'vendor_a', 'follower_count': 'vendor_a', 'reach_rate': 'vendor_a', 'growth_rate': 'vendor_a', 'meaningful_eng_rate': 'vendor_a'}",,vendor_a,vendor_b has no record for this channel; filled from vendor_a (fallback).,No action needed. Tracked to monitor vendor coverage.,auto,[],,,,,,,
Q00296,CR00491,tiktok,meaningful_eng_rate,PRIMARY_SOURCE_MISSING,YELLOW,{'meaningful_eng_rate': 'vendor_a'},,vendor_a,vendor_b's record lacks a valid value for meaningful_eng_rate; filled from vendor_a (fallback).,No action needed. Tracked to monitor vendor coverage.,auto,[],,,,,,,
Q00297,CR00491,youtube,"handle, follower_count, reach_rate, growth_rate, meaningful_eng_rate",PRIMARY_SOURCE_MISSING,YELLOW,"{'handle': 'vendor_a', 'follower_count': 'vendor_a', 'reach_rate': 'vendor_a', 'growth_rate': 'vendor_a', 'meaningful_eng_rate': 'vendor_a'}",,vendor_a,vendor_b has no record for this channel; filled from vendor_a (fallback).,No action needed. Tracked to monitor vendor coverage.,auto,[],,,,,,,
Q00298,CR00494,tiktok,"handle, follower_count, reach_rate, growth_rate, meaningful_eng_rate",PRIMARY_SOURCE_MISSING,YELLOW,"{'handle': 'vendor_a', 'follower_count': 'vendor_a', 'reach_rate': 'vendor_a', 'growth_rate': 'vendor_a', 'meaningful_eng_rate': 'vendor_a'}",,vendor_a,vendor_b has no record for this channel; filled from vendor_a (fallback).,No action needed. Tracked to monitor vendor coverage.,auto,[],,,,,,,
Q00299,CR00502,youtube,"handle, follower_count, reach_rate, growth_rate, meaningful_eng_rate",PRIMARY_SOURCE_MISSING,YELLOW,"{'handle': 'vendor_a', 'follower_count': 'vendor_a', 'reach_rate': 'vendor_a', 'growth_rate': 'vendor_a', 'meaningful_eng_rate': 'vendor_a'}",,vendor_a,vendor_b has no record for this channel; filled from vendor_a (fallback).,No action needed. Tracked to monitor vendor coverage.,auto,[],,,,,,,
Q00300,CR00504,youtube,"handle, follower_count, reach_rate, growth_rate, meaningful_eng_rate",PRIMARY_SOURCE_MISSING,YELLOW,"{'handle': 'vendor_a', 'follower_count': 'vendor_a', 'reach_rate': 'vendor_a', 'growth_rate': 'vendor_a', 'meaningful_eng_rate': 'vendor_a'}",,vendor_a,vendor_b has no record for this channel; filled from vendor_a (fallback).,No action needed. Tracked to monitor vendor coverage.,auto,[],,,,,,,
Q00301,CR00505,tiktok,growth_rate,PRIMARY_SOURCE_MISSING,YELLOW,{'growth_rate': 'vendor_c'},,vendor_c,vendor_b's record lacks a valid value for growth_rate; filled from vendor_c (fallback).,No action needed. Tracked to monitor vendor coverage.,auto,[],,,,,,,
Q00302,CR00505,youtube,"handle, follower_count, reach_rate, growth_rate, meaningful_eng_rate",PRIMARY_SOURCE_MISSING,YELLOW,"{'handle': 'vendor_a', 'follower_count': 'vendor_a', 'reach_rate': 'vendor_a', 'growth_rate': 'vendor_a', 'meaningful_eng_rate': 'vendor_a'}",,vendor_a,vendor_b's record is stale; filled from vendor_a (fallback).,No action needed. Tracked to monitor vendor coverage.,auto,[],,,,,,,
Q00303,CR00509,youtube,"handle, follower_count, reach_rate, growth_rate, meaningful_eng_rate",PRIMARY_SOURCE_MISSING,YELLOW,"{'handle': 'vendor_a', 'follower_count': 'vendor_a', 'reach_rate': 'vendor_a', 'growth_rate': 'vendor_a', 'meaningful_eng_rate': 'vendor_a'}",,vendor_a,vendor_b has no record for this channel; filled from vendor_a (fallback).,No action needed. Tracked to monitor vendor coverage.,auto,[],,,,,,,
Q00304,CR00510,youtube,"handle, follower_count, reach_rate, growth_rate, meaningful_eng_rate",PRIMARY_SOURCE_MISSING,YELLOW,"{'handle': 'vendor_a', 'follower_count': 'vendor_a', 'reach_rate': 'vendor_a', 'growth_rate': 'vendor_a', 'meaningful_eng_rate': 'vendor_a'}",,vendor_a,vendor_b has no record for this channel; filled from vendor_a (fallback).,No action needed. Tracked to monitor vendor coverage.,auto,[],,,,,,,
Q00305,CR00511,instagram,"handle, follower_count, reach_rate, growth_rate, meaningful_eng_rate",PRIMARY_SOURCE_MISSING,YELLOW,"{'handle': 'vendor_a', 'follower_count': 'vendor_a', 'reach_rate': 'vendor_a', 'growth_rate': 'vendor_a', 'meaningful_eng_rate': 'vendor_a'}",,vendor_a,vendor_b has no record for this channel; filled from vendor_a (fallback).,No action needed. Tracked to monitor vendor coverage.,auto,[],,,,,,,
Q00306,CR00515,youtube,"handle, follower_count, reach_rate, growth_rate, meaningful_eng_rate",PRIMARY_SOURCE_MISSING,YELLOW,"{'handle': 'vendor_a', 'follower_count': 'vendor_a', 'reach_rate': 'vendor_a', 'growth_rate': 'vendor_a', 'meaningful_eng_rate': 'vendor_a'}",,vendor_a,vendor_b has no record for this channel; filled from vendor_a (fallback).,No action needed. Tracked to monitor vendor coverage.,auto,[],,,,,,,
Q00307,CR00517,tiktok,"follower_count, reach_rate, growth_rate",PRIMARY_SOURCE_MISSING,YELLOW,"{'follower_count': 'vendor_c', 'reach_rate': 'vendor_c', 'growth_rate': 'vendor_c'}",,vendor_c,vendor_b's record is stale; filled from vendor_c (fallback).,No action needed. Tracked to monitor vendor coverage.,auto,[],,,,,,,
Q00308,CR00518,youtube,"handle, follower_count, reach_rate, growth_rate, meaningful_eng_rate",PRIMARY_SOURCE_MISSING,YELLOW,"{'handle': 'vendor_a', 'follower_count': 'vendor_a', 'reach_rate': 'vendor_a', 'growth_rate': 'vendor_a', 'meaningful_eng_rate': 'vendor_a'}",,vendor_a,vendor_b's record is stale; filled from vendor_a (fallback).,No action needed. Tracked to monitor vendor coverage.,auto,[],,,,,,,
Q00309,CR00519,youtube,"handle, follower_count, reach_rate, growth_rate",PRIMARY_SOURCE_MISSING,YELLOW,"{'handle': 'vendor_c', 'follower_count': 'vendor_c', 'reach_rate': 'vendor_c', 'growth_rate': 'vendor_c'}",,vendor_c,vendor_b has no record for this channel; filled from vendor_c (fallback).,No action needed. Tracked to monitor vendor coverage.,auto,[],,,,,,,
Q00310,CR00520,youtube,"handle, follower_count, reach_rate, growth_rate, meaningful_eng_rate",PRIMARY_SOURCE_MISSING,YELLOW,"{'handle': 'vendor_a', 'follower_count': 'vendor_a', 'reach_rate': 'vendor_a', 'growth_rate': 'vendor_a', 'meaningful_eng_rate': 'vendor_a'}",,vendor_a,vendor_b has no record for this channel; filled from vendor_a (fallback).,No action needed. Tracked to monitor vendor coverage.,auto,[],,,,,,,
Q00311,CR00522,youtube,"handle, follower_count, reach_rate, growth_rate, meaningful_eng_rate",PRIMARY_SOURCE_MISSING,YELLOW,"{'handle': 'vendor_a', 'follower_count': 'vendor_a', 'reach_rate': 'vendor_a', 'growth_rate': 'vendor_a', 'meaningful_eng_rate': 'vendor_a'}",,vendor_a,vendor_b has no record for this channel; filled from vendor_a (fallback).,No action needed. Tracked to monitor vendor coverage.,auto,[],,,,,,,
Q00312,CR00523,instagram,"handle, follower_count, reach_rate, growth_rate, meaningful_eng_rate",PRIMARY_SOURCE_MISSING,YELLOW,"{'handle': 'vendor_a', 'follower_count': 'vendor_a', 'reach_rate': 'vendor_a', 'growth_rate': 'vendor_a', 'meaningful_eng_rate': 'vendor_a'}",,vendor_a,vendor_b's record is stale; filled from vendor_a (fallback).,No action needed. Tracked to monitor vendor coverage.,auto,[],,,,,,,
Q00313,CR00523,tiktok,"handle, follower_count, reach_rate, growth_rate, meaningful_eng_rate",PRIMARY_SOURCE_MISSING,YELLOW,"{'handle': 'vendor_a', 'follower_count': 'vendor_a', 'reach_rate': 'vendor_a', 'growth_rate': 'vendor_a', 'meaningful_eng_rate': 'vendor_a'}",,vendor_a,vendor_b's record is stale; filled from vendor_a (fallback).,No action needed. Tracked to monitor vendor coverage.,auto,[],,,,,,,
Q00314,CR00525,tiktok,"handle, follower_count, reach_rate, growth_rate",PRIMARY_SOURCE_MISSING,YELLOW,"{'handle': 'vendor_c', 'follower_count': 'vendor_c', 'reach_rate': 'vendor_c', 'growth_rate': 'vendor_c'}",,vendor_c,vendor_b has no record for this channel; filled from vendor_c (fallback).,No action needed. Tracked to monitor vendor coverage.,auto,[],,,,,,,
Q00315,CR00525,youtube,"handle, follower_count, reach_rate, growth_rate, meaningful_eng_rate",PRIMARY_SOURCE_MISSING,YELLOW,"{'handle': 'vendor_a', 'follower_count': 'vendor_a', 'reach_rate': 'vendor_a', 'growth_rate': 'vendor_a', 'meaningful_eng_rate': 'vendor_a'}",,vendor_a,vendor_b has no record for this channel; filled from vendor_a (fallback).,No action needed. Tracked to monitor vendor coverage.,auto,[],,,,,,,
Q00316,CR00527,youtube,"handle, follower_count, reach_rate, growth_rate",PRIMARY_SOURCE_MISSING,YELLOW,"{'handle': 'vendor_a', 'follower_count': 'vendor_a', 'reach_rate': 'vendor_a', 'growth_rate': 'vendor_a'}",,vendor_a,vendor_b has no record for this channel; filled from vendor_a (fallback).,No action needed. Tracked to monitor vendor coverage.,auto,[],,,,,,,
Q00317,CR00529,instagram,"handle, follower_count, reach_rate, growth_rate, meaningful_eng_rate",PRIMARY_SOURCE_MISSING,YELLOW,"{'handle': 'vendor_a', 'follower_count': 'vendor_a', 'reach_rate': 'vendor_a', 'growth_rate': 'vendor_a', 'meaningful_eng_rate': 'vendor_a'}",,vendor_a,vendor_b's record is stale; filled from vendor_a (fallback).,No action needed. Tracked to monitor vendor coverage.,auto,[],,,,,,,
Q00318,CR00530,instagram,growth_rate,PRIMARY_SOURCE_MISSING,YELLOW,{'growth_rate': 'vendor_a'},,vendor_a,vendor_b's record lacks a valid value for growth_rate; filled from vendor_a (fallback).,No action needed. Tracked to monitor vendor coverage.,auto,[],,,,,,,
Q00319,CR00530,youtube,"handle, follower_count, reach_rate, growth_rate, meaningful_eng_rate",PRIMARY_SOURCE_MISSING,YELLOW,"{'handle': 'vendor_a', 'follower_count': 'vendor_a', 'reach_rate': 'vendor_a', 'growth_rate': 'vendor_a', 'meaningful_eng_rate': 'vendor_a'}",,vendor_a,vendor_b has no record for this channel; filled from vendor_a (fallback).,No action needed. Tracked to monitor vendor coverage.,auto,[],,,,,,,
Q00320,CR00538,youtube,"handle, follower_count, growth_rate, meaningful_eng_rate",PRIMARY_SOURCE_MISSING,YELLOW,"{'handle': 'vendor_a', 'follower_count': 'vendor_a', 'growth_rate': 'vendor_a', 'meaningful_eng_rate': 'vendor_a'}",,vendor_a,vendor_b has no record for this channel; filled from vendor_a (fallback).,No action needed. Tracked to monitor vendor coverage.,auto,[],,,,,,,
Q00321,CR00539,instagram,"handle, follower_count, reach_rate, growth_rate, meaningful_eng_rate",PRIMARY_SOURCE_MISSING,YELLOW,"{'handle': 'vendor_a', 'follower_count': 'vendor_a', 'reach_rate': 'vendor_a', 'growth_rate': 'vendor_a', 'meaningful_eng_rate': 'vendor_a'}",,vendor_a,vendor_b has no record for this channel; filled from vendor_a (fallback).,No action needed. Tracked to monitor vendor coverage.,auto,[],,,,,,,
Q00322,CR00540,youtube,"handle, follower_count, reach_rate, growth_rate, meaningful_eng_rate",PRIMARY_SOURCE_MISSING,YELLOW,"{'handle': 'vendor_a', 'follower_count': 'vendor_a', 'reach_rate': 'vendor_a', 'growth_rate': 'vendor_a', 'meaningful_eng_rate': 'vendor_a'}",,vendor_a,vendor_b's record is stale; filled from vendor_a (fallback).,No action needed. Tracked to monitor vendor coverage.,auto,[],,,,,,,
Q00323,CR00541,instagram,"handle, follower_count, reach_rate, growth_rate",PRIMARY_SOURCE_MISSING,YELLOW,"{'handle': 'vendor_c', 'follower_count': 'vendor_c', 'reach_rate': 'vendor_c', 'growth_rate': 'vendor_c'}",,vendor_c,vendor_b's record is stale; filled from vendor_c (fallback).,No action needed. Tracked to monitor vendor coverage.,auto,[],,,,,,,
Q00324,CR00546,instagram,growth_rate,PRIMARY_SOURCE_MISSING,YELLOW,{'growth_rate': 'vendor_a'},,vendor_a,vendor_b's record lacks a valid value for growth_rate; filled from vendor_a (fallback).,No action needed. Tracked to monitor vendor coverage.,auto,[],,,,,,,
Q00325,CR00546,youtube,"handle, follower_count, reach_rate, growth_rate, meaningful_eng_rate",PRIMARY_SOURCE_MISSING,YELLOW,"{'handle': 'vendor_a', 'follower_count': 'vendor_a', 'reach_rate': 'vendor_a', 'growth_rate': 'vendor_a', 'meaningful_eng_rate': 'vendor_a'}",,vendor_a,vendor_b has no record for this channel; filled from vendor_a (fallback).,No action needed. Tracked to monitor vendor coverage.,auto,[],,,,,,,
Q00326,CR00550,instagram,"handle, follower_count, reach_rate, growth_rate",PRIMARY_SOURCE_MISSING,YELLOW,"{'handle': 'vendor_c', 'follower_count': 'vendor_c', 'reach_rate': 'vendor_c', 'growth_rate': 'vendor_c'}",,vendor_c,vendor_b's record is stale; filled from vendor_c (fallback).,No action needed. Tracked to monitor vendor coverage.,auto,[],,,,,,,
Q00327,CR00550,tiktok,handle,PRIMARY_SOURCE_MISSING,YELLOW,{'handle': 'vendor_a'},,vendor_a,vendor_b's record lacks a valid value for handle; filled from vendor_a (fallback).,No action needed. Tracked to monitor vendor coverage.,auto,[],,,,,,,
Q00328,CR00551,youtube,"handle, follower_count, reach_rate, growth_rate, meaningful_eng_rate",PRIMARY_SOURCE_MISSING,YELLOW,"{'handle': 'vendor_a', 'follower_count': 'vendor_a', 'reach_rate': 'vendor_a', 'growth_rate': 'vendor_a', 'meaningful_eng_rate': 'vendor_a'}",,vendor_a,vendor_b's record is stale; filled from vendor_a (fallback).,No action needed. Tracked to monitor vendor coverage.,auto,[],,,,,,,
Q00329,CR00552,instagram,"handle, follower_count, reach_rate, growth_rate, meaningful_eng_rate",PRIMARY_SOURCE_MISSING,YELLOW,"{'handle': 'vendor_a', 'follower_count': 'vendor_a', 'reach_rate': 'vendor_a', 'growth_rate': 'vendor_a', 'meaningful_eng_rate': 'vendor_a'}",,vendor_a,vendor_b has no record for this channel; filled from vendor_a (fallback).,No action needed. Tracked to monitor vendor coverage.,auto,[],,,,,,,
Q00330,CR00552,tiktok,"handle, follower_count, reach_rate, growth_rate, meaningful_eng_rate",PRIMARY_SOURCE_MISSING,YELLOW,"{'handle': 'vendor_a', 'follower_count': 'vendor_a', 'reach_rate': 'vendor_a', 'growth_rate': 'vendor_a', 'meaningful_eng_rate': 'vendor_a'}",,vendor_a,vendor_b has no record for this channel; filled from vendor_a (fallback).,No action needed. Tracked to monitor vendor coverage.,auto,[],,,,,,,
Q00331,CR00552,youtube,"handle, follower_count, reach_rate, growth_rate, meaningful_eng_rate",PRIMARY_SOURCE_MISSING,YELLOW,"{'handle': 'vendor_a', 'follower_count': 'vendor_a', 'reach_rate': 'vendor_a', 'growth_rate': 'vendor_a', 'meaningful_eng_rate': 'vendor_a'}",,vendor_a,vendor_b has no record for this channel; filled from vendor_a (fallback).,No action needed. Tracked to monitor vendor coverage.,auto,[],,,,,,,
Q00332,CR00553,instagram,"handle, follower_count, reach_rate, growth_rate, meaningful_eng_rate",PRIMARY_SOURCE_MISSING,YELLOW,"{'handle': 'vendor_a', 'follower_count': 'vendor_a', 'reach_rate': 'vendor_a', 'growth_rate': 'vendor_a', 'meaningful_eng_rate': 'vendor_a'}",,vendor_a,vendor_b has no record for this channel; filled from vendor_a (fallback).,No action needed. Tracked to monitor vendor coverage.,auto,[],,,,,,,
Q00333,CR00553,tiktok,"handle, follower_count, reach_rate, growth_rate, meaningful_eng_rate",PRIMARY_SOURCE_MISSING,YELLOW,"{'handle': 'vendor_a', 'follower_count': 'vendor_a', 'reach_rate': 'vendor_a', 'growth_rate': 'vendor_a', 'meaningful_eng_rate': 'vendor_a'}",,vendor_a,vendor_b has no record for this channel; filled from vendor_a (fallback).,No action needed. Tracked to monitor vendor coverage.,auto,[],,,,,,,
Q00334,CR00555,youtube,"handle, follower_count, reach_rate, growth_rate, meaningful_eng_rate",PRIMARY_SOURCE_MISSING,YELLOW,"{'handle': 'vendor_a', 'follower_count': 'vendor_a', 'reach_rate': 'vendor_a', 'growth_rate': 'vendor_a', 'meaningful_eng_rate': 'vendor_c'}",,"vendor_a, vendor_c","vendor_b has no record for this channel; filled from vendor_a, vendor_c (fallback).",No action needed. Tracked to monitor vendor coverage.,auto,[],,,,,,,
Q00335,CR00559,instagram,"handle, follower_count, reach_rate, growth_rate, meaningful_eng_rate",PRIMARY_SOURCE_MISSING,YELLOW,"{'handle': 'vendor_a', 'follower_count': 'vendor_a', 'reach_rate': 'vendor_a', 'growth_rate': 'vendor_a', 'meaningful_eng_rate': 'vendor_a'}",,vendor_a,vendor_b's record is stale; filled from vendor_a (fallback).,No action needed. Tracked to monitor vendor coverage.,auto,[],,,,,,,
Q00336,CR00566,instagram,"handle, follower_count, reach_rate, growth_rate, meaningful_eng_rate",PRIMARY_SOURCE_MISSING,YELLOW,"{'handle': 'vendor_a', 'follower_count': 'vendor_a', 'reach_rate': 'vendor_a', 'growth_rate': 'vendor_a', 'meaningful_eng_rate': 'vendor_a'}",,vendor_a,vendor_b's record is stale; filled from vendor_a (fallback).,No action needed. Tracked to monitor vendor coverage.,auto,[],,,,,,,
Q00337,CR00568,youtube,"handle, follower_count, reach_rate, growth_rate, meaningful_eng_rate",PRIMARY_SOURCE_MISSING,YELLOW,"{'handle': 'vendor_a', 'follower_count': 'vendor_a', 'reach_rate': 'vendor_a', 'growth_rate': 'vendor_a', 'meaningful_eng_rate': 'vendor_a'}",,vendor_a,vendor_b has no record for this channel; filled from vendor_a (fallback).,No action needed. Tracked to monitor vendor coverage.,auto,[],,,,,,,
Q00338,CR00570,instagram,"handle, follower_count, reach_rate, growth_rate, meaningful_eng_rate",PRIMARY_SOURCE_MISSING,YELLOW,"{'handle': 'vendor_a', 'follower_count': 'vendor_a', 'reach_rate': 'vendor_a', 'growth_rate': 'vendor_a', 'meaningful_eng_rate': 'vendor_a'}",,vendor_a,vendor_b's record is stale; filled from vendor_a (fallback).,No action needed. Tracked to monitor vendor coverage.,auto,[],,,,,,,
Q00339,CR00570,youtube,"handle, follower_count, reach_rate, growth_rate, meaningful_eng_rate",PRIMARY_SOURCE_MISSING,YELLOW,"{'handle': 'vendor_a', 'follower_count': 'vendor_a', 'reach_rate': 'vendor_a', 'growth_rate': 'vendor_a', 'meaningful_eng_rate': 'vendor_a'}",,vendor_a,vendor_b has no record for this channel; filled from vendor_a (fallback).,No action needed. Tracked to monitor vendor coverage.,auto,[],,,,,,,
Q00340,CR00574,youtube,"handle, follower_count, reach_rate, growth_rate",PRIMARY_SOURCE_MISSING,YELLOW,"{'handle': 'vendor_a', 'follower_count': 'vendor_a', 'reach_rate': 'vendor_a', 'growth_rate': 'vendor_a'}",,vendor_a,vendor_b has no record for this channel; filled from vendor_a (fallback).,No action needed. Tracked to monitor vendor coverage.,auto,[],,,,,,,
Q00341,CR00576,youtube,"handle, follower_count, reach_rate, growth_rate, meaningful_eng_rate",PRIMARY_SOURCE_MISSING,YELLOW,"{'handle': 'vendor_a', 'follower_count': 'vendor_a', 'reach_rate': 'vendor_a', 'growth_rate': 'vendor_a', 'meaningful_eng_rate': 'vendor_a'}",,vendor_a,vendor_b has no record for this channel; filled from vendor_a (fallback).,No action needed. Tracked to monitor vendor coverage.,auto,[],,,,,,,
Q00342,CR00577,youtube,"handle, follower_count, reach_rate, growth_rate, meaningful_eng_rate",PRIMARY_SOURCE_MISSING,YELLOW,"{'handle': 'vendor_a', 'follower_count': 'vendor_a', 'reach_rate': 'vendor_a', 'growth_rate': 'vendor_a', 'meaningful_eng_rate': 'vendor_a'}",,vendor_a,vendor_b has no record for this channel; filled from vendor_a (fallback).,No action needed. Tracked to monitor vendor coverage.,auto,[],,,,,,,
Q00343,CR00579,youtube,"handle, follower_count, reach_rate, growth_rate, meaningful_eng_rate",PRIMARY_SOURCE_MISSING,YELLOW,"{'handle': 'vendor_a', 'follower_count': 'vendor_a', 'reach_rate': 'vendor_a', 'growth_rate': 'vendor_a', 'meaningful_eng_rate': 'vendor_a'}",,vendor_a,vendor_b has no record for this channel; filled from vendor_a (fallback).,No action needed. Tracked to monitor vendor coverage.,auto,[],,,,,,,
Q00344,CR00584,tiktok,"follower_count, reach_rate, growth_rate, meaningful_eng_rate",PRIMARY_SOURCE_MISSING,YELLOW,"{'follower_count': 'vendor_a', 'reach_rate': 'vendor_a', 'growth_rate': 'vendor_a', 'meaningful_eng_rate': 'vendor_a'}",,vendor_a,"vendor_b's record lacks a valid value for follower_count, reach_rate, growth_rate, meaningful_eng_rate; filled from vendor_a (fallback).",No action needed. Tracked to monitor vendor coverage.,auto,[],,,,,,,
Q00345,CR00587,instagram,"follower_count, reach_rate, growth_rate, meaningful_eng_rate",PRIMARY_SOURCE_MISSING,YELLOW,"{'follower_count': 'vendor_a', 'reach_rate': 'vendor_a', 'growth_rate': 'vendor_a', 'meaningful_eng_rate': 'vendor_a'}",,vendor_a,"vendor_b's record lacks a valid value for follower_count, reach_rate, growth_rate, meaningful_eng_rate; filled from vendor_a (fallback).",No action needed. Tracked to monitor vendor coverage.,auto,[],,,,,,,
Q00346,CR00587,youtube,"handle, follower_count, reach_rate, growth_rate, meaningful_eng_rate",PRIMARY_SOURCE_MISSING,YELLOW,"{'handle': 'vendor_a', 'follower_count': 'vendor_a', 'reach_rate': 'vendor_a', 'growth_rate': 'vendor_a', 'meaningful_eng_rate': 'vendor_a'}",,vendor_a,vendor_b has no record for this channel; filled from vendor_a (fallback).,No action needed. Tracked to monitor vendor coverage.,auto,[],,,,,,,
Q00347,CR00588,youtube,meaningful_eng_rate,PRIMARY_SOURCE_MISSING,YELLOW,{'meaningful_eng_rate': 'vendor_a'},,vendor_a,vendor_b's record lacks a valid value for meaningful_eng_rate; filled from vendor_a (fallback).,No action needed. Tracked to monitor vendor coverage.,auto,[],,,,,,,
Q00348,CR00589,youtube,meaningful_eng_rate,PRIMARY_SOURCE_MISSING,YELLOW,{'meaningful_eng_rate': 'vendor_a'},,vendor_a,vendor_b's record lacks a valid value for meaningful_eng_rate; filled from vendor_a (fallback).,No action needed. Tracked to monitor vendor coverage.,auto,[],,,,,,,
Q00349,CR00598,tiktok,meaningful_eng_rate,PRIMARY_SOURCE_MISSING,YELLOW,{'meaningful_eng_rate': 'vendor_a'},,vendor_a,vendor_b's record lacks a valid value for meaningful_eng_rate; filled from vendor_a (fallback).,No action needed. Tracked to monitor vendor coverage.,auto,[],,,,,,,
Q00350,CR00599,instagram,"handle, follower_count",PRIMARY_SOURCE_MISSING,YELLOW,"{'handle': 'vendor_c', 'follower_count': 'vendor_c'}",,vendor_c,vendor_b's record is stale; filled from vendor_c (fallback).,No action needed. Tracked to monitor vendor coverage.,auto,[],,,,,,,
Q00351,CR00599,youtube,"handle, follower_count, reach_rate, growth_rate, meaningful_eng_rate",PRIMARY_SOURCE_MISSING,YELLOW,"{'handle': 'vendor_a', 'follower_count': 'vendor_a', 'reach_rate': 'vendor_a', 'growth_rate': 'vendor_a', 'meaningful_eng_rate': 'vendor_a'}",,vendor_a,vendor_b has no record for this channel; filled from vendor_a (fallback).,No action needed. Tracked to monitor vendor coverage.,auto,[],,,,,,,
Q00352,CR00601,youtube,"handle, follower_count, growth_rate, meaningful_eng_rate",PRIMARY_SOURCE_MISSING,YELLOW,"{'handle': 'vendor_c', 'follower_count': 'vendor_c', 'growth_rate': 'vendor_c', 'meaningful_eng_rate': 'vendor_c'}",,vendor_c,vendor_b has no record for this channel; filled from vendor_c (fallback).,No action needed. Tracked to monitor vendor coverage.,auto,[],,,,,,,
Q00353,CR00602,tiktok,"follower_count, reach_rate, growth_rate",PRIMARY_SOURCE_MISSING,YELLOW,"{'follower_count': 'vendor_c', 'reach_rate': 'vendor_c', 'growth_rate': 'vendor_c'}",,vendor_c,vendor_b has no record for this channel; filled from vendor_c (fallback).,No action needed. Tracked to monitor vendor coverage.,auto,[],,,,,,,
Q00354,CR00604,instagram,growth_rate,PRIMARY_SOURCE_MISSING,YELLOW,{'growth_rate': 'vendor_a'},,vendor_a,vendor_b's record lacks a valid value for growth_rate; filled from vendor_a (fallback).,No action needed. Tracked to monitor vendor coverage.,auto,[],,,,,,,
Q00355,CR00605,youtube,"handle, follower_count, reach_rate, growth_rate, meaningful_eng_rate",PRIMARY_SOURCE_MISSING,YELLOW,"{'handle': 'vendor_a', 'follower_count': 'vendor_a', 'reach_rate': 'vendor_a', 'growth_rate': 'vendor_a', 'meaningful_eng_rate': 'vendor_a'}",,vendor_a,vendor_b has no record for this channel; filled from vendor_a (fallback).,No action needed. Tracked to monitor vendor coverage.,auto,[],,,,,,,
Q00356,CR00610,tiktok,"handle, follower_count, reach_rate, growth_rate, meaningful_eng_rate",PRIMARY_SOURCE_MISSING,YELLOW,"{'handle': 'vendor_a', 'follower_count': 'vendor_a', 'reach_rate': 'vendor_a', 'growth_rate': 'vendor_a', 'meaningful_eng_rate': 'vendor_a'}",,vendor_a,vendor_b has no record for this channel; filled from vendor_a (fallback).,No action needed. Tracked to monitor vendor coverage.,auto,[],,,,,,,
Q00357,CR00610,youtube,"handle, meaningful_eng_rate",PRIMARY_SOURCE_MISSING,YELLOW,"{'handle': 'vendor_a', 'meaningful_eng_rate': 'vendor_a'}",,vendor_a,vendor_b has no record for this channel; filled from vendor_a (fallback).,No action needed. Tracked to monitor vendor coverage.,auto,[],,,,,,,
Q00358,CR00613,tiktok,"follower_count, reach_rate",PRIMARY_SOURCE_MISSING,YELLOW,"{'follower_count': 'vendor_c', 'reach_rate': 'vendor_c'}",,vendor_c,"vendor_b's record lacks a valid value for follower_count, reach_rate; filled from vendor_c (fallback).",No action needed. Tracked to monitor vendor coverage.,auto,[],,,,,,,
Q00359,CR00613,youtube,"follower_count, reach_rate, growth_rate, meaningful_eng_rate",PRIMARY_SOURCE_MISSING,YELLOW,"{'follower_count': 'vendor_a', 'reach_rate': 'vendor_a', 'growth_rate': 'vendor_a', 'meaningful_eng_rate': 'vendor_a'}",,vendor_a,vendor_b has no record for this channel; filled from vendor_a (fallback).,No action needed. Tracked to monitor vendor coverage.,auto,[],,,,,,,
Q00360,CR00615,tiktok,"handle, follower_count, growth_rate",PRIMARY_SOURCE_MISSING,YELLOW,"{'handle': 'vendor_c', 'follower_count': 'vendor_c', 'growth_rate': 'vendor_c'}",,vendor_c,vendor_b has no record for this channel; filled from vendor_c (fallback).,No action needed. Tracked to monitor vendor coverage.,auto,[],,,,,,,
Q00361,CR00615,youtube,"handle, follower_count, reach_rate, growth_rate, meaningful_eng_rate",PRIMARY_SOURCE_MISSING,YELLOW,"{'handle': 'vendor_a', 'follower_count': 'vendor_a', 'reach_rate': 'vendor_a', 'growth_rate': 'vendor_a', 'meaningful_eng_rate': 'vendor_a'}",,vendor_a,vendor_b has no record for this channel; filled from vendor_a (fallback).,No action needed. Tracked to monitor vendor coverage.,auto,[],,,,,,,
Q00362,CR00616,instagram,"handle, follower_count, reach_rate, growth_rate, meaningful_eng_rate",PRIMARY_SOURCE_MISSING,YELLOW,"{'handle': 'vendor_a', 'follower_count': 'vendor_a', 'reach_rate': 'vendor_a', 'growth_rate': 'vendor_a', 'meaningful_eng_rate': 'vendor_a'}",,vendor_a,vendor_b has no record for this channel; filled from vendor_a (fallback).,No action needed. Tracked to monitor vendor coverage.,auto,[],,,,,,,
Q00363,CR00616,youtube,"follower_count, reach_rate, growth_rate",PRIMARY_SOURCE_MISSING,YELLOW,"{'follower_count': 'vendor_a', 'reach_rate': 'vendor_a', 'growth_rate': 'vendor_a'}",,vendor_a,vendor_b's record lacks a valid value for ; filled from vendor_a (fallback).,No action needed. Tracked to monitor vendor coverage.,auto,[],,,,,,,
Q00364,CR00620,instagram,reach_rate,PRIMARY_SOURCE_MISSING,YELLOW,{'reach_rate': 'vendor_a'},,vendor_a,vendor_b's record lacks a valid value for reach_rate; filled from vendor_a (fallback).,No action needed. Tracked to monitor vendor coverage.,auto,[],,,,,,,
Q00365,CR00622,instagram,meaningful_eng_rate,PRIMARY_SOURCE_MISSING,YELLOW,{'meaningful_eng_rate': 'vendor_a'},,vendor_a,vendor_b's record lacks a valid value for meaningful_eng_rate; filled from vendor_a (fallback).,No action needed. Tracked to monitor vendor coverage.,auto,[],,,,,,,
Q00366,CR00622,youtube,"handle, follower_count, reach_rate, growth_rate, meaningful_eng_rate",PRIMARY_SOURCE_MISSING,YELLOW,"{'handle': 'vendor_a', 'follower_count': 'vendor_a', 'reach_rate': 'vendor_a', 'growth_rate': 'vendor_a', 'meaningful_eng_rate': 'vendor_a'}",,vendor_a,vendor_b has no record for this channel; filled from vendor_a (fallback).,No action needed. Tracked to monitor vendor coverage.,auto,[],,,,,,,
Q00367,CR00623,youtube,"handle, follower_count, reach_rate, growth_rate, meaningful_eng_rate",PRIMARY_SOURCE_MISSING,YELLOW,"{'handle': 'vendor_a', 'follower_count': 'vendor_a', 'reach_rate': 'vendor_a', 'growth_rate': 'vendor_a', 'meaningful_eng_rate': 'vendor_a'}",,vendor_a,vendor_b has no record for this channel; filled from vendor_a (fallback).,No action needed. Tracked to monitor vendor coverage.,auto,[],,,,,,,
Q00368,CR00625,youtube,"handle, follower_count, reach_rate, growth_rate, meaningful_eng_rate",PRIMARY_SOURCE_MISSING,YELLOW,"{'handle': 'vendor_a', 'follower_count': 'vendor_a', 'reach_rate': 'vendor_a', 'growth_rate': 'vendor_a', 'meaningful_eng_rate': 'vendor_a'}",,vendor_a,vendor_b has no record for this channel; filled from vendor_a (fallback).,No action needed. Tracked to monitor vendor coverage.,auto,[],,,,,,,
Q00369,CR00627,instagram,"handle, follower_count, reach_rate, growth_rate, meaningful_eng_rate",PRIMARY_SOURCE_MISSING,YELLOW,"{'handle': 'vendor_a', 'follower_count': 'vendor_a', 'reach_rate': 'vendor_a', 'growth_rate': 'vendor_a', 'meaningful_eng_rate': 'vendor_a'}",,vendor_a,vendor_b has no record for this channel; filled from vendor_a (fallback).,No action needed. Tracked to monitor vendor coverage.,auto,[],,,,,,,
Q00370,CR00627,youtube,"handle, follower_count, reach_rate, growth_rate, meaningful_eng_rate",PRIMARY_SOURCE_MISSING,YELLOW,"{'handle': 'vendor_a', 'follower_count': 'vendor_a', 'reach_rate': 'vendor_a', 'growth_rate': 'vendor_a', 'meaningful_eng_rate': 'vendor_a'}",,vendor_a,vendor_b has no record for this channel; filled from vendor_a (fallback).,No action needed. Tracked to monitor vendor coverage.,auto,[],,,,,,,
Q00371,CR00630,youtube,"handle, follower_count, reach_rate, growth_rate, meaningful_eng_rate",PRIMARY_SOURCE_MISSING,YELLOW,"{'handle': 'vendor_a', 'follower_count': 'vendor_a', 'reach_rate': 'vendor_a', 'growth_rate': 'vendor_a', 'meaningful_eng_rate': 'vendor_a'}",,vendor_a,vendor_b has no record for this channel; filled from vendor_a (fallback).,No action needed. Tracked to monitor vendor coverage.,auto,[],,,,,,,
Q00372,CR00639,youtube,"handle, follower_count, reach_rate, growth_rate, meaningful_eng_rate",PRIMARY_SOURCE_MISSING,YELLOW,"{'handle': 'vendor_a', 'follower_count': 'vendor_a', 'reach_rate': 'vendor_a', 'growth_rate': 'vendor_a', 'meaningful_eng_rate': 'vendor_a'}",,vendor_a,vendor_b has no record for this channel; filled from vendor_a (fallback).,No action needed. Tracked to monitor vendor coverage.,auto,[],,,,,,,
Q00373,CR00641,youtube,"handle, follower_count, reach_rate, growth_rate, meaningful_eng_rate",PRIMARY_SOURCE_MISSING,YELLOW,"{'handle': 'vendor_a', 'follower_count': 'vendor_a', 'reach_rate': 'vendor_a', 'growth_rate': 'vendor_a', 'meaningful_eng_rate': 'vendor_a'}",,vendor_a,vendor_b has no record for this channel; filled from vendor_a (fallback).,No action needed. Tracked to monitor vendor coverage.,auto,[],,,,,,,
Q00374,CR00655,youtube,"handle, follower_count, reach_rate, growth_rate",PRIMARY_SOURCE_MISSING,YELLOW,"{'handle': 'vendor_a', 'follower_count': 'vendor_a', 'reach_rate': 'vendor_a', 'growth_rate': 'vendor_a'}",,vendor_a,vendor_b has no record for this channel; filled from vendor_a (fallback).,No action needed. Tracked to monitor vendor coverage.,auto,[],,,,,,,
Q00375,CR00662,instagram,meaningful_eng_rate,PRIMARY_SOURCE_MISSING,YELLOW,{'meaningful_eng_rate': 'vendor_a'},,vendor_a,vendor_b's record lacks a valid value for meaningful_eng_rate; filled from vendor_a (fallback).,No action needed. Tracked to monitor vendor coverage.,auto,[],,,,,,,
Q00376,CR00663,tiktok,reach_rate,PRIMARY_SOURCE_MISSING,YELLOW,{'reach_rate': 'vendor_a'},,vendor_a,vendor_b's record lacks a valid value for reach_rate; filled from vendor_a (fallback).,No action needed. Tracked to monitor vendor coverage.,auto,[],,,,,,,
Q00377,CR00663,youtube,"handle, follower_count, reach_rate, growth_rate, meaningful_eng_rate",PRIMARY_SOURCE_MISSING,YELLOW,"{'handle': 'vendor_a', 'follower_count': 'vendor_a', 'reach_rate': 'vendor_a', 'growth_rate': 'vendor_a', 'meaningful_eng_rate': 'vendor_a'}",,vendor_a,vendor_b has no record for this channel; filled from vendor_a (fallback).,No action needed. Tracked to monitor vendor coverage.,auto,[],,,,,,,
Q00378,CR00669,instagram,"handle, meaningful_eng_rate",PRIMARY_SOURCE_MISSING,YELLOW,"{'handle': 'vendor_a', 'meaningful_eng_rate': 'vendor_a'}",,vendor_a,vendor_b has no record for this channel; filled from vendor_a (fallback).,No action needed. Tracked to monitor vendor coverage.,auto,[],,,,,,,
Q00379,CR00669,tiktok,"handle, follower_count, reach_rate, growth_rate, meaningful_eng_rate",PRIMARY_SOURCE_MISSING,YELLOW,"{'handle': 'vendor_a', 'follower_count': 'vendor_a', 'reach_rate': 'vendor_a', 'growth_rate': 'vendor_a', 'meaningful_eng_rate': 'vendor_a'}",,vendor_a,vendor_b has no record for this channel; filled from vendor_a (fallback).,No action needed. Tracked to monitor vendor coverage.,auto,[],,,,,,,
Q00380,CR00670,tiktok,"handle, growth_rate",PRIMARY_SOURCE_MISSING,YELLOW,"{'handle': 'vendor_a', 'growth_rate': 'vendor_a'}",,vendor_a,"vendor_b's record lacks a valid value for handle, growth_rate; filled from vendor_a (fallback).",No action needed. Tracked to monitor vendor coverage.,auto,[],,,,,,,
Q00381,CR00670,youtube,"handle, follower_count, reach_rate, growth_rate, meaningful_eng_rate",PRIMARY_SOURCE_MISSING,YELLOW,"{'handle': 'vendor_c', 'follower_count': 'vendor_a', 'reach_rate': 'vendor_a', 'growth_rate': 'vendor_a', 'meaningful_eng_rate': 'vendor_a'}",,"vendor_a, vendor_c","vendor_b has no record for this channel; filled from vendor_a, vendor_c (fallback).",No action needed. Tracked to monitor vendor coverage.,auto,[],,,,,,,
Q00382,CR00673,instagram,"handle, follower_count, reach_rate, growth_rate, meaningful_eng_rate",PRIMARY_SOURCE_MISSING,YELLOW,"{'handle': 'vendor_a', 'follower_count': 'vendor_a', 'reach_rate': 'vendor_a', 'growth_rate': 'vendor_a', 'meaningful_eng_rate': 'vendor_a'}",,vendor_a,vendor_b has no record for this channel; filled from vendor_a (fallback).,No action needed. Tracked to monitor vendor coverage.,auto,[],,,,,,,
Q00383,CR00673,youtube,"handle, follower_count, reach_rate, growth_rate, meaningful_eng_rate",PRIMARY_SOURCE_MISSING,YELLOW,"{'handle': 'vendor_a', 'follower_count': 'vendor_a', 'reach_rate': 'vendor_a', 'growth_rate': 'vendor_a', 'meaningful_eng_rate': 'vendor_a'}",,vendor_a,vendor_b has no record for this channel; filled from vendor_a (fallback).,No action needed. Tracked to monitor vendor coverage.,auto,[],,,,,,,
Q00384,CR00674,youtube,"handle, follower_count, reach_rate, growth_rate, meaningful_eng_rate",PRIMARY_SOURCE_MISSING,YELLOW,"{'handle': 'vendor_a', 'follower_count': 'vendor_a', 'reach_rate': 'vendor_a', 'growth_rate': 'vendor_a', 'meaningful_eng_rate': 'vendor_a'}",,vendor_a,vendor_b has no record for this channel; filled from vendor_a (fallback).,No action needed. Tracked to monitor vendor coverage.,auto,[],,,,,,,
Q00385,CR00681,youtube,"handle, follower_count, reach_rate, growth_rate, meaningful_eng_rate",PRIMARY_SOURCE_MISSING,YELLOW,"{'handle': 'vendor_a', 'follower_count': 'vendor_a', 'reach_rate': 'vendor_a', 'growth_rate': 'vendor_a', 'meaningful_eng_rate': 'vendor_a'}",,vendor_a,vendor_b has no record for this channel; filled from vendor_a (fallback).,No action needed. Tracked to monitor vendor coverage.,auto,[],,,,,,,
Q00386,CR00684,tiktok,reach_rate,PRIMARY_SOURCE_MISSING,YELLOW,{'reach_rate': 'vendor_a'},,vendor_a,vendor_b's record lacks a valid value for reach_rate; filled from vendor_a (fallback).,No action needed. Tracked to monitor vendor coverage.,auto,[],,,,,,,
Q00387,CR00684,youtube,"handle, follower_count, reach_rate, growth_rate, meaningful_eng_rate",PRIMARY_SOURCE_MISSING,YELLOW,"{'handle': 'vendor_a', 'follower_count': 'vendor_a', 'reach_rate': 'vendor_a', 'growth_rate': 'vendor_a', 'meaningful_eng_rate': 'vendor_a'}",,vendor_a,vendor_b has no record for this channel; filled from vendor_a (fallback).,No action needed. Tracked to monitor vendor coverage.,auto,[],,,,,,,
Q00388,CR00685,youtube,reach_rate,PRIMARY_SOURCE_MISSING,YELLOW,{'reach_rate': 'vendor_a'},,vendor_a,vendor_b's record lacks a valid value for reach_rate; filled from vendor_a (fallback).,No action needed. Tracked to monitor vendor coverage.,auto,[],,,,,,,
Q00389,CR00686,youtube,"handle, follower_count, reach_rate, growth_rate, meaningful_eng_rate",PRIMARY_SOURCE_MISSING,YELLOW,"{'handle': 'vendor_a', 'follower_count': 'vendor_a', 'reach_rate': 'vendor_a', 'growth_rate': 'vendor_a', 'meaningful_eng_rate': 'vendor_a'}",,vendor_a,vendor_b's record is stale; filled from vendor_a (fallback).,No action needed. Tracked to monitor vendor coverage.,auto,[],,,,,,,
Q00390,CR00687,youtube,"handle, follower_count, reach_rate, growth_rate, meaningful_eng_rate",PRIMARY_SOURCE_MISSING,YELLOW,"{'handle': 'vendor_a', 'follower_count': 'vendor_a', 'reach_rate': 'vendor_a', 'growth_rate': 'vendor_a', 'meaningful_eng_rate': 'vendor_a'}",,vendor_a,vendor_b has no record for this channel; filled from vendor_a (fallback).,No action needed. Tracked to monitor vendor coverage.,auto,[],,,,,,,
Q00391,CR00688,youtube,"handle, follower_count, reach_rate, growth_rate, meaningful_eng_rate",PRIMARY_SOURCE_MISSING,YELLOW,"{'handle': 'vendor_c', 'follower_count': 'vendor_c', 'reach_rate': 'vendor_c', 'growth_rate': 'vendor_c', 'meaningful_eng_rate': 'vendor_c'}",,vendor_c,vendor_b has no record for this channel; filled from vendor_c (fallback).,No action needed. Tracked to monitor vendor coverage.,auto,[],,,,,,,
Q00392,CR00690,youtube,"handle, follower_count, reach_rate, growth_rate, meaningful_eng_rate",PRIMARY_SOURCE_MISSING,YELLOW,"{'handle': 'vendor_a', 'follower_count': 'vendor_a', 'reach_rate': 'vendor_a', 'growth_rate': 'vendor_a', 'meaningful_eng_rate': 'vendor_a'}",,vendor_a,vendor_b has no record for this channel; filled from vendor_a (fallback).,No action needed. Tracked to monitor vendor coverage.,auto,[],,,,,,,
Q00393,CR00692,youtube,"handle, follower_count, reach_rate, growth_rate, meaningful_eng_rate",PRIMARY_SOURCE_MISSING,YELLOW,"{'handle': 'vendor_a', 'follower_count': 'vendor_a', 'reach_rate': 'vendor_a', 'growth_rate': 'vendor_a', 'meaningful_eng_rate': 'vendor_a'}",,vendor_a,vendor_b has no record for this channel; filled from vendor_a (fallback).,No action needed. Tracked to monitor vendor coverage.,auto,[],,,,,,,
Q00394,CR00694,tiktok,"handle, follower_count, reach_rate, growth_rate",PRIMARY_SOURCE_MISSING,YELLOW,"{'handle': 'vendor_c', 'follower_count': 'vendor_c', 'reach_rate': 'vendor_c', 'growth_rate': 'vendor_c'}",,vendor_c,vendor_b's record is stale; filled from vendor_c (fallback).,No action needed. Tracked to monitor vendor coverage.,auto,[],,,,,,,
Q00395,CR00694,youtube,growth_rate,PRIMARY_SOURCE_MISSING,YELLOW,{'growth_rate': 'vendor_c'},,vendor_c,vendor_b's record lacks a valid value for growth_rate; filled from vendor_c (fallback).,No action needed. Tracked to monitor vendor coverage.,auto,[],,,,,,,
Q00396,CR00696,youtube,"handle, follower_count, reach_rate, growth_rate, meaningful_eng_rate",PRIMARY_SOURCE_MISSING,YELLOW,"{'handle': 'vendor_a', 'follower_count': 'vendor_a', 'reach_rate': 'vendor_a', 'growth_rate': 'vendor_a', 'meaningful_eng_rate': 'vendor_a'}",,vendor_a,vendor_b has no record for this channel; filled from vendor_a (fallback).,No action needed. Tracked to monitor vendor coverage.,auto,[],,,,,,,
Q00397,CR00697,instagram,meaningful_eng_rate,PRIMARY_SOURCE_MISSING,YELLOW,{'meaningful_eng_rate': 'vendor_a'},,vendor_a,vendor_b's record lacks a valid value for meaningful_eng_rate; filled from vendor_a (fallback).,No action needed. Tracked to monitor vendor coverage.,auto,[],,,,,,,
Q00398,CR00697,youtube,"handle, follower_count, reach_rate, growth_rate, meaningful_eng_rate",PRIMARY_SOURCE_MISSING,YELLOW,"{'handle': 'vendor_a', 'follower_count': 'vendor_a', 'reach_rate': 'vendor_a', 'growth_rate': 'vendor_a', 'meaningful_eng_rate': 'vendor_a'}",,vendor_a,vendor_b has no record for this channel; filled from vendor_a (fallback).,No action needed. Tracked to monitor vendor coverage.,auto,[],,,,,,,
Q00399,CR00701,instagram,"handle, follower_count, growth_rate",PRIMARY_SOURCE_MISSING,YELLOW,"{'handle': 'vendor_c', 'follower_count': 'vendor_c', 'growth_rate': 'vendor_c'}",,vendor_c,vendor_b's record is stale; filled from vendor_c (fallback).,No action needed. Tracked to monitor vendor coverage.,auto,[],,,,,,,
Q00400,CR00701,youtube,"handle, follower_count, reach_rate, growth_rate, meaningful_eng_rate",PRIMARY_SOURCE_MISSING,YELLOW,"{'handle': 'vendor_a', 'follower_count': 'vendor_a', 'reach_rate': 'vendor_a', 'growth_rate': 'vendor_a', 'meaningful_eng_rate': 'vendor_a'}",,vendor_a,vendor_b has no record for this channel; filled from vendor_a (fallback).,No action needed. Tracked to monitor vendor coverage.,auto,[],,,,,,,
Q00401,CR00702,instagram,handle,PRIMARY_SOURCE_MISSING,YELLOW,{'handle': 'vendor_c'},,vendor_c,vendor_b's record lacks a valid value for handle; filled from vendor_c (fallback).,No action needed. Tracked to monitor vendor coverage.,auto,[],,,,,,,
Q00402,CR00702,tiktok,"growth_rate, meaningful_eng_rate",PRIMARY_SOURCE_MISSING,YELLOW,"{'growth_rate': 'vendor_a', 'meaningful_eng_rate': 'vendor_a'}",,vendor_a,"vendor_b's record lacks a valid value for growth_rate, meaningful_eng_rate; filled from vendor_a (fallback).",No action needed. Tracked to monitor vendor coverage.,auto,[],,,,,,,
Q00403,CR00703,youtube,"handle, follower_count, reach_rate, growth_rate, meaningful_eng_rate",PRIMARY_SOURCE_MISSING,YELLOW,"{'handle': 'vendor_a', 'follower_count': 'vendor_a', 'reach_rate': 'vendor_a', 'growth_rate': 'vendor_a', 'meaningful_eng_rate': 'vendor_a'}",,vendor_a,vendor_b has no record for this channel; filled from vendor_a (fallback).,No action needed. Tracked to monitor vendor coverage.,auto,[],,,,,,,
Q00404,CR00704,youtube,"handle, follower_count, reach_rate, growth_rate, meaningful_eng_rate",PRIMARY_SOURCE_MISSING,YELLOW,"{'handle': 'vendor_a', 'follower_count': 'vendor_a', 'reach_rate': 'vendor_a', 'growth_rate': 'vendor_a', 'meaningful_eng_rate': 'vendor_a'}",,vendor_a,vendor_b has no record for this channel; filled from vendor_a (fallback).,No action needed. Tracked to monitor vendor coverage.,auto,[],,,,,,,
Q00405,CR00707,tiktok,growth_rate,PRIMARY_SOURCE_MISSING,YELLOW,{'growth_rate': 'vendor_a'},,vendor_a,vendor_b's record lacks a valid value for growth_rate; filled from vendor_a (fallback).,No action needed. Tracked to monitor vendor coverage.,auto,[],,,,,,,
Q00406,CR00709,instagram,"reach_rate, growth_rate",PRIMARY_SOURCE_MISSING,YELLOW,"{'reach_rate': 'vendor_a', 'growth_rate': 'vendor_a'}",,vendor_a,"vendor_b's record lacks a valid value for reach_rate, growth_rate; filled from vendor_a (fallback).",No action needed. Tracked to monitor vendor coverage.,auto,[],,,,,,,
Q00407,CR00709,youtube,"handle, follower_count, reach_rate, growth_rate, meaningful_eng_rate",PRIMARY_SOURCE_MISSING,YELLOW,"{'handle': 'vendor_a', 'follower_count': 'vendor_a', 'reach_rate': 'vendor_a', 'growth_rate': 'vendor_a', 'meaningful_eng_rate': 'vendor_a'}",,vendor_a,vendor_b has no record for this channel; filled from vendor_a (fallback).,No action needed. Tracked to monitor vendor coverage.,auto,[],,,,,,,
Q00408,CR00711,youtube,"handle, follower_count, reach_rate, growth_rate, meaningful_eng_rate",PRIMARY_SOURCE_MISSING,YELLOW,"{'handle': 'vendor_a', 'follower_count': 'vendor_a', 'reach_rate': 'vendor_a', 'growth_rate': 'vendor_a', 'meaningful_eng_rate': 'vendor_a'}",,vendor_a,vendor_b has no record for this channel; filled from vendor_a (fallback).,No action needed. Tracked to monitor vendor coverage.,auto,[],,,,,,,
Q00409,CR00722,youtube,meaningful_eng_rate,PRIMARY_SOURCE_MISSING,YELLOW,{'meaningful_eng_rate': 'vendor_a'},,vendor_a,vendor_b's record lacks a valid value for meaningful_eng_rate; filled from vendor_a (fallback).,No action needed. Tracked to monitor vendor coverage.,auto,[],,,,,,,
Q00410,CR00724,youtube,"handle, follower_count, reach_rate, growth_rate, meaningful_eng_rate",PRIMARY_SOURCE_MISSING,YELLOW,"{'handle': 'vendor_a', 'follower_count': 'vendor_a', 'reach_rate': 'vendor_a', 'growth_rate': 'vendor_a', 'meaningful_eng_rate': 'vendor_a'}",,vendor_a,vendor_b's record is stale; filled from vendor_a (fallback).,No action needed. Tracked to monitor vendor coverage.,auto,[],,,,,,,
Q00411,CR00725,instagram,"handle, follower_count, reach_rate, growth_rate",PRIMARY_SOURCE_MISSING,YELLOW,"{'handle': 'vendor_a', 'follower_count': 'vendor_a', 'reach_rate': 'vendor_a', 'growth_rate': 'vendor_c'}",,"vendor_a, vendor_c","vendor_b's record is stale; filled from vendor_a, vendor_c (fallback).",No action needed. Tracked to monitor vendor coverage.,auto,[],,,,,,,
Q00412,CR00726,youtube,"handle, follower_count, reach_rate, growth_rate, meaningful_eng_rate",PRIMARY_SOURCE_MISSING,YELLOW,"{'handle': 'vendor_a', 'follower_count': 'vendor_a', 'reach_rate': 'vendor_a', 'growth_rate': 'vendor_a', 'meaningful_eng_rate': 'vendor_a'}",,vendor_a,vendor_b has no record for this channel; filled from vendor_a (fallback).,No action needed. Tracked to monitor vendor coverage.,auto,[],,,,,,,
Q00413,CR00727,youtube,"handle, follower_count, reach_rate, growth_rate, meaningful_eng_rate",PRIMARY_SOURCE_MISSING,YELLOW,"{'handle': 'vendor_a', 'follower_count': 'vendor_a', 'reach_rate': 'vendor_a', 'growth_rate': 'vendor_a', 'meaningful_eng_rate': 'vendor_a'}",,vendor_a,vendor_b has no record for this channel; filled from vendor_a (fallback).,No action needed. Tracked to monitor vendor coverage.,auto,[],,,,,,,
Q00414,CR00728,youtube,"handle, follower_count, reach_rate, growth_rate, meaningful_eng_rate",PRIMARY_SOURCE_MISSING,YELLOW,"{'handle': 'vendor_a', 'follower_count': 'vendor_a', 'reach_rate': 'vendor_a', 'growth_rate': 'vendor_a', 'meaningful_eng_rate': 'vendor_a'}",,vendor_a,vendor_b has no record for this channel; filled from vendor_a (fallback).,No action needed. Tracked to monitor vendor coverage.,auto,[],,,,,,,
Q00415,CR00729,instagram,"handle, follower_count, reach_rate, growth_rate, meaningful_eng_rate",PRIMARY_SOURCE_MISSING,YELLOW,"{'handle': 'vendor_a', 'follower_count': 'vendor_a', 'reach_rate': 'vendor_a', 'growth_rate': 'vendor_a', 'meaningful_eng_rate': 'vendor_a'}",,vendor_a,vendor_b has no record for this channel; filled from vendor_a (fallback).,No action needed. Tracked to monitor vendor coverage.,auto,[],,,,,,,
Q00416,CR00729,youtube,"handle, follower_count, reach_rate, growth_rate, meaningful_eng_rate",PRIMARY_SOURCE_MISSING,YELLOW,"{'handle': 'vendor_a', 'follower_count': 'vendor_a', 'reach_rate': 'vendor_a', 'growth_rate': 'vendor_a', 'meaningful_eng_rate': 'vendor_a'}",,vendor_a,vendor_b has no record for this channel; filled from vendor_a (fallback).,No action needed. Tracked to monitor vendor coverage.,auto,[],,,,,,,
Q00417,CR00731,youtube,"handle, follower_count, reach_rate, growth_rate, meaningful_eng_rate",PRIMARY_SOURCE_MISSING,YELLOW,"{'handle': 'vendor_a', 'follower_count': 'vendor_a', 'reach_rate': 'vendor_a', 'growth_rate': 'vendor_a', 'meaningful_eng_rate': 'vendor_a'}",,vendor_a,vendor_b has no record for this channel; filled from vendor_a (fallback).,No action needed. Tracked to monitor vendor coverage.,auto,[],,,,,,,
Q00418,CR00732,tiktok,"handle, follower_count, reach_rate, growth_rate, meaningful_eng_rate",PRIMARY_SOURCE_MISSING,YELLOW,"{'handle': 'vendor_a', 'follower_count': 'vendor_a', 'reach_rate': 'vendor_a', 'growth_rate': 'vendor_a', 'meaningful_eng_rate': 'vendor_a'}",,vendor_a,vendor_b has no record for this channel; filled from vendor_a (fallback).,No action needed. Tracked to monitor vendor coverage.,auto,[],,,,,,,
Q00419,CR00733,tiktok,meaningful_eng_rate,PRIMARY_SOURCE_MISSING,YELLOW,{'meaningful_eng_rate': 'vendor_a'},,vendor_a,vendor_b's record lacks a valid value for meaningful_eng_rate; filled from vendor_a (fallback).,No action needed. Tracked to monitor vendor coverage.,auto,[],,,,,,,
Q00420,CR00733,youtube,"handle, follower_count, reach_rate, growth_rate, meaningful_eng_rate",PRIMARY_SOURCE_MISSING,YELLOW,"{'handle': 'vendor_a', 'follower_count': 'vendor_a', 'reach_rate': 'vendor_a', 'growth_rate': 'vendor_a', 'meaningful_eng_rate': 'vendor_a'}",,vendor_a,vendor_b's record is stale; filled from vendor_a (fallback).,No action needed. Tracked to monitor vendor coverage.,auto,[],,,,,,,
Q00421,CR00734,instagram,"follower_count, reach_rate, growth_rate",PRIMARY_SOURCE_MISSING,YELLOW,"{'follower_count': 'vendor_c', 'reach_rate': 'vendor_c', 'growth_rate': 'vendor_c'}",,vendor_c,"vendor_b's record lacks a valid value for follower_count, reach_rate, growth_rate; filled from vendor_c (fallback).",No action needed. Tracked to monitor vendor coverage.,auto,[],,,,,,,
Q00422,CR00735,instagram,growth_rate,PRIMARY_SOURCE_MISSING,YELLOW,{'growth_rate': 'vendor_c'},,vendor_c,vendor_b's record lacks a valid value for growth_rate; filled from vendor_c (fallback).,No action needed. Tracked to monitor vendor coverage.,auto,[],,,,,,,
Q00423,CR00735,youtube,"handle, follower_count, reach_rate, growth_rate, meaningful_eng_rate",PRIMARY_SOURCE_MISSING,YELLOW,"{'handle': 'vendor_a', 'follower_count': 'vendor_a', 'reach_rate': 'vendor_a', 'growth_rate': 'vendor_a', 'meaningful_eng_rate': 'vendor_a'}",,vendor_a,vendor_b has no record for this channel; filled from vendor_a (fallback).,No action needed. Tracked to monitor vendor coverage.,auto,[],,,,,,,
Q00424,CR00739,tiktok,growth_rate,PRIMARY_SOURCE_MISSING,YELLOW,{'growth_rate': 'vendor_c'},,vendor_c,vendor_b's record lacks a valid value for growth_rate; filled from vendor_c (fallback).,No action needed. Tracked to monitor vendor coverage.,auto,[],,,,,,,
Q00425,CR00739,youtube,"handle, follower_count, reach_rate, growth_rate, meaningful_eng_rate",PRIMARY_SOURCE_MISSING,YELLOW,"{'handle': 'vendor_a', 'follower_count': 'vendor_a', 'reach_rate': 'vendor_a', 'growth_rate': 'vendor_a', 'meaningful_eng_rate': 'vendor_a'}",,vendor_a,vendor_b has no record for this channel; filled from vendor_a (fallback).,No action needed. Tracked to monitor vendor coverage.,auto,[],,,,,,,
Q00426,CR00745,youtube,"handle, follower_count, reach_rate, growth_rate, meaningful_eng_rate",PRIMARY_SOURCE_MISSING,YELLOW,"{'handle': 'vendor_a', 'follower_count': 'vendor_a', 'reach_rate': 'vendor_a', 'growth_rate': 'vendor_a', 'meaningful_eng_rate': 'vendor_a'}",,vendor_a,vendor_b has no record for this channel; filled from vendor_a (fallback).,No action needed. Tracked to monitor vendor coverage.,auto,[],,,,,,,
Q00427,CR00746,instagram,growth_rate,PRIMARY_SOURCE_MISSING,YELLOW,{'growth_rate': 'vendor_a'},,vendor_a,vendor_b's record lacks a valid value for growth_rate; filled from vendor_a (fallback).,No action needed. Tracked to monitor vendor coverage.,auto,[],,,,,,,
Q00428,CR00747,tiktok,"handle, follower_count, reach_rate, growth_rate, meaningful_eng_rate",PRIMARY_SOURCE_MISSING,YELLOW,"{'handle': 'vendor_a', 'follower_count': 'vendor_a', 'reach_rate': 'vendor_a', 'growth_rate': 'vendor_a', 'meaningful_eng_rate': 'vendor_a'}",,vendor_a,vendor_b's record is stale; filled from vendor_a (fallback).,No action needed. Tracked to monitor vendor coverage.,auto,[],,,,,,,
Q00429,CR00747,youtube,"handle, follower_count, reach_rate, growth_rate",PRIMARY_SOURCE_MISSING,YELLOW,"{'handle': 'vendor_c', 'follower_count': 'vendor_c', 'reach_rate': 'vendor_c', 'growth_rate': 'vendor_c'}",,vendor_c,vendor_b has no record for this channel; filled from vendor_c (fallback).,No action needed. Tracked to monitor vendor coverage.,auto,[],,,,,,,
Q00430,CR00748,youtube,"handle, follower_count, reach_rate, growth_rate, meaningful_eng_rate",PRIMARY_SOURCE_MISSING,YELLOW,"{'handle': 'vendor_a', 'follower_count': 'vendor_a', 'reach_rate': 'vendor_a', 'growth_rate': 'vendor_a', 'meaningful_eng_rate': 'vendor_a'}",,vendor_a,vendor_b has no record for this channel; filled from vendor_a (fallback).,No action needed. Tracked to monitor vendor coverage.,auto,[],,,,,,,
Q00431,CR00750,instagram,meaningful_eng_rate,PRIMARY_SOURCE_MISSING,YELLOW,{'meaningful_eng_rate': 'vendor_a'},,vendor_a,vendor_b's record lacks a valid value for meaningful_eng_rate; filled from vendor_a (fallback).,No action needed. Tracked to monitor vendor coverage.,auto,[],,,,,,,
Q00432,CR00751,instagram,"handle, follower_count, reach_rate, growth_rate, meaningful_eng_rate",PRIMARY_SOURCE_MISSING,YELLOW,"{'handle': 'vendor_a', 'follower_count': 'vendor_a', 'reach_rate': 'vendor_a', 'growth_rate': 'vendor_a', 'meaningful_eng_rate': 'vendor_a'}",,vendor_a,vendor_b's record is stale; filled from vendor_a (fallback).,No action needed. Tracked to monitor vendor coverage.,auto,[],,,,,,,
Q00433,CR00751,youtube,"handle, follower_count, reach_rate, growth_rate, meaningful_eng_rate",PRIMARY_SOURCE_MISSING,YELLOW,"{'handle': 'vendor_a', 'follower_count': 'vendor_a', 'reach_rate': 'vendor_a', 'growth_rate': 'vendor_a', 'meaningful_eng_rate': 'vendor_a'}",,vendor_a,vendor_b has no record for this channel; filled from vendor_a (fallback).,No action needed. Tracked to monitor vendor coverage.,auto,[],,,,,,,
Q00434,CR00752,youtube,"handle, follower_count, reach_rate, growth_rate, meaningful_eng_rate",PRIMARY_SOURCE_MISSING,YELLOW,"{'handle': 'vendor_a', 'follower_count': 'vendor_a', 'reach_rate': 'vendor_a', 'growth_rate': 'vendor_a', 'meaningful_eng_rate': 'vendor_a'}",,vendor_a,vendor_b has no record for this channel; filled from vendor_a (fallback).,No action needed. Tracked to monitor vendor coverage.,auto,[],,,,,,,
Q00435,CR00753,tiktok,"handle, follower_count, reach_rate, growth_rate",PRIMARY_SOURCE_MISSING,YELLOW,"{'handle': 'vendor_a', 'follower_count': 'vendor_a', 'reach_rate': 'vendor_a', 'growth_rate': 'vendor_a'}",,vendor_a,vendor_b's record is stale; filled from vendor_a (fallback).,No action needed. Tracked to monitor vendor coverage.,auto,[],,,,,,,
Q00436,CR00753,youtube,"handle, follower_count, reach_rate, growth_rate, meaningful_eng_rate",PRIMARY_SOURCE_MISSING,YELLOW,"{'handle': 'vendor_a', 'follower_count': 'vendor_a', 'reach_rate': 'vendor_a', 'growth_rate': 'vendor_a', 'meaningful_eng_rate': 'vendor_a'}",,vendor_a,vendor_b has no record for this channel; filled from vendor_a (fallback).,No action needed. Tracked to monitor vendor coverage.,auto,[],,,,,,,
Q00437,CR00754,tiktok,meaningful_eng_rate,PRIMARY_SOURCE_MISSING,YELLOW,{'meaningful_eng_rate': 'vendor_a'},,vendor_a,vendor_b's record lacks a valid value for meaningful_eng_rate; filled from vendor_a (fallback).,No action needed. Tracked to monitor vendor coverage.,auto,[],,,,,,,
Q00438,CR00754,youtube,"handle, follower_count, reach_rate, growth_rate, meaningful_eng_rate",PRIMARY_SOURCE_MISSING,YELLOW,"{'handle': 'vendor_a', 'follower_count': 'vendor_a', 'reach_rate': 'vendor_a', 'growth_rate': 'vendor_a', 'meaningful_eng_rate': 'vendor_a'}",,vendor_a,vendor_b's record is stale; filled from vendor_a (fallback).,No action needed. Tracked to monitor vendor coverage.,auto,[],,,,,,,
Q00439,CR00755,instagram,growth_rate,PRIMARY_SOURCE_MISSING,YELLOW,{'growth_rate': 'vendor_a'},,vendor_a,vendor_b's record lacks a valid value for growth_rate; filled from vendor_a (fallback).,No action needed. Tracked to monitor vendor coverage.,auto,[],,,,,,,
Q00440,CR00755,youtube,reach_rate,PRIMARY_SOURCE_MISSING,YELLOW,{'reach_rate': 'vendor_a'},,vendor_a,vendor_b's record lacks a valid value for reach_rate; filled from vendor_a (fallback).,No action needed. Tracked to monitor vendor coverage.,auto,[],,,,,,,
Q00441,CR00757,tiktok,"handle, follower_count, reach_rate, growth_rate, meaningful_eng_rate",PRIMARY_SOURCE_MISSING,YELLOW,"{'handle': 'vendor_a', 'follower_count': 'vendor_a', 'reach_rate': 'vendor_a', 'growth_rate': 'vendor_a', 'meaningful_eng_rate': 'vendor_a'}",,vendor_a,vendor_b has no record for this channel; filled from vendor_a (fallback).,No action needed. Tracked to monitor vendor coverage.,auto,[],,,,,,,
Q00442,CR00757,youtube,"growth_rate, meaningful_eng_rate",PRIMARY_SOURCE_MISSING,YELLOW,"{'growth_rate': 'vendor_a', 'meaningful_eng_rate': 'vendor_a'}",,vendor_a,"vendor_b's record lacks a valid value for growth_rate, meaningful_eng_rate; filled from vendor_a (fallback).",No action needed. Tracked to monitor vendor coverage.,auto,[],,,,,,,
Q00443,CR00759,instagram,growth_rate,PRIMARY_SOURCE_MISSING,YELLOW,{'growth_rate': 'vendor_a'},,vendor_a,vendor_b's record lacks a valid value for growth_rate; filled from vendor_a (fallback).,No action needed. Tracked to monitor vendor coverage.,auto,[],,,,,,,
Q00444,CR00760,youtube,"handle, follower_count, reach_rate, meaningful_eng_rate",PRIMARY_SOURCE_MISSING,YELLOW,"{'handle': 'vendor_a', 'follower_count': 'vendor_a', 'reach_rate': 'vendor_a', 'meaningful_eng_rate': 'vendor_a'}",,vendor_a,vendor_b has no record for this channel; filled from vendor_a (fallback).,No action needed. Tracked to monitor vendor coverage.,auto,[],,,,,,,
Q00445,CR00761,instagram,"handle, follower_count, reach_rate, growth_rate",PRIMARY_SOURCE_MISSING,YELLOW,"{'handle': 'vendor_c', 'follower_count': 'vendor_c', 'reach_rate': 'vendor_c', 'growth_rate': 'vendor_c'}",,vendor_c,vendor_b has no record for this channel; filled from vendor_c (fallback).,No action needed. Tracked to monitor vendor coverage.,auto,[],,,,,,,
Q00446,CR00761,youtube,"handle, follower_count, reach_rate, growth_rate, meaningful_eng_rate",PRIMARY_SOURCE_MISSING,YELLOW,"{'handle': 'vendor_a', 'follower_count': 'vendor_a', 'reach_rate': 'vendor_a', 'growth_rate': 'vendor_a', 'meaningful_eng_rate': 'vendor_a'}",,vendor_a,vendor_b has no record for this channel; filled from vendor_a (fallback).,No action needed. Tracked to monitor vendor coverage.,auto,[],,,,,,,
Q00447,CR00764,instagram,growth_rate,PRIMARY_SOURCE_MISSING,YELLOW,{'growth_rate': 'vendor_a'},,vendor_a,vendor_b's record lacks a valid value for growth_rate; filled from vendor_a (fallback).,No action needed. Tracked to monitor vendor coverage.,auto,[],,,,,,,
Q00448,CR00764,youtube,"handle, follower_count, reach_rate, growth_rate, meaningful_eng_rate",PRIMARY_SOURCE_MISSING,YELLOW,"{'handle': 'vendor_a', 'follower_count': 'vendor_a', 'reach_rate': 'vendor_a', 'growth_rate': 'vendor_a', 'meaningful_eng_rate': 'vendor_a'}",,vendor_a,vendor_b has no record for this channel; filled from vendor_a (fallback).,No action needed. Tracked to monitor vendor coverage.,auto,[],,,,,,,
Q00449,CR00766,youtube,"handle, follower_count, reach_rate, growth_rate, meaningful_eng_rate",PRIMARY_SOURCE_MISSING,YELLOW,"{'handle': 'vendor_a', 'follower_count': 'vendor_a', 'reach_rate': 'vendor_a', 'growth_rate': 'vendor_a', 'meaningful_eng_rate': 'vendor_a'}",,vendor_a,vendor_b's record is stale; filled from vendor_a (fallback).,No action needed. Tracked to monitor vendor coverage.,auto,[],,,,,,,
Q00450,CR00769,tiktok,meaningful_eng_rate,PRIMARY_SOURCE_MISSING,YELLOW,{'meaningful_eng_rate': 'vendor_a'},,vendor_a,vendor_b's record lacks a valid value for meaningful_eng_rate; filled from vendor_a (fallback).,No action needed. Tracked to monitor vendor coverage.,auto,[],,,,,,,
Q00451,CR00781,youtube,meaningful_eng_rate,PRIMARY_SOURCE_MISSING,YELLOW,{'meaningful_eng_rate': 'vendor_a'},,vendor_a,vendor_b's record lacks a valid value for meaningful_eng_rate; filled from vendor_a (fallback).,No action needed. Tracked to monitor vendor coverage.,auto,[],,,,,,,
Q00452,CR00786,youtube,"handle, follower_count, reach_rate, growth_rate, meaningful_eng_rate",PRIMARY_SOURCE_MISSING,YELLOW,"{'handle': 'vendor_a', 'follower_count': 'vendor_a', 'reach_rate': 'vendor_a', 'growth_rate': 'vendor_a', 'meaningful_eng_rate': 'vendor_a'}",,vendor_a,vendor_b has no record for this channel; filled from vendor_a (fallback).,No action needed. Tracked to monitor vendor coverage.,auto,[],,,,,,,
Q00453,CR00788,tiktok,"handle, follower_count, reach_rate, growth_rate",PRIMARY_SOURCE_MISSING,YELLOW,"{'handle': 'vendor_c', 'follower_count': 'vendor_c', 'reach_rate': 'vendor_c', 'growth_rate': 'vendor_c'}",,vendor_c,vendor_b's record is stale; filled from vendor_c (fallback).,No action needed. Tracked to monitor vendor coverage.,auto,[],,,,,,,
Q00454,CR00789,instagram,"reach_rate, growth_rate",PRIMARY_SOURCE_MISSING,YELLOW,"{'reach_rate': 'vendor_c', 'growth_rate': 'vendor_c'}",,vendor_c,"vendor_b's record lacks a valid value for reach_rate, growth_rate; filled from vendor_c (fallback).",No action needed. Tracked to monitor vendor coverage.,auto,[],,,,,,,
Q00455,CR00789,youtube,"handle, follower_count, reach_rate, growth_rate, meaningful_eng_rate",PRIMARY_SOURCE_MISSING,YELLOW,"{'handle': 'vendor_a', 'follower_count': 'vendor_a', 'reach_rate': 'vendor_a', 'growth_rate': 'vendor_a', 'meaningful_eng_rate': 'vendor_a'}",,vendor_a,vendor_b has no record for this channel; filled from vendor_a (fallback).,No action needed. Tracked to monitor vendor coverage.,auto,[],,,,,,,
Q00456,CR00791,youtube,"handle, follower_count, reach_rate, growth_rate, meaningful_eng_rate",PRIMARY_SOURCE_MISSING,YELLOW,"{'handle': 'vendor_a', 'follower_count': 'vendor_a', 'reach_rate': 'vendor_a', 'growth_rate': 'vendor_a', 'meaningful_eng_rate': 'vendor_a'}",,vendor_a,vendor_b has no record for this channel; filled from vendor_a (fallback).,No action needed. Tracked to monitor vendor coverage.,auto,[],,,,,,,
Q00457,CR00795,youtube,"handle, follower_count, reach_rate, growth_rate, meaningful_eng_rate",PRIMARY_SOURCE_MISSING,YELLOW,"{'handle': 'vendor_a', 'follower_count': 'vendor_a', 'reach_rate': 'vendor_a', 'growth_rate': 'vendor_a', 'meaningful_eng_rate': 'vendor_a'}",,vendor_a,vendor_b has no record for this channel; filled from vendor_a (fallback).,No action needed. Tracked to monitor vendor coverage.,auto,[],,,,,,,
Q00458,CR00796,youtube,"handle, follower_count, reach_rate, growth_rate",PRIMARY_SOURCE_MISSING,YELLOW,"{'handle': 'vendor_a', 'follower_count': 'vendor_a', 'reach_rate': 'vendor_a', 'growth_rate': 'vendor_a'}",,vendor_a,vendor_b's record is stale; filled from vendor_a (fallback).,No action needed. Tracked to monitor vendor coverage.,auto,[],,,,,,,
Q00459,CR00806,youtube,"handle, follower_count, reach_rate, growth_rate, meaningful_eng_rate",PRIMARY_SOURCE_MISSING,YELLOW,"{'handle': 'vendor_a', 'follower_count': 'vendor_a', 'reach_rate': 'vendor_a', 'growth_rate': 'vendor_a', 'meaningful_eng_rate': 'vendor_a'}",,vendor_a,vendor_b has no record for this channel; filled from vendor_a (fallback).,No action needed. Tracked to monitor vendor coverage.,auto,[],,,,,,,
Q00460,CR00808,instagram,meaningful_eng_rate,PRIMARY_SOURCE_MISSING,YELLOW,{'meaningful_eng_rate': 'vendor_a'},,vendor_a,vendor_b's record lacks a valid value for meaningful_eng_rate; filled from vendor_a (fallback).,No action needed. Tracked to monitor vendor coverage.,auto,[],,,,,,,
Q00461,CR00808,youtube,"handle, follower_count, reach_rate, growth_rate, meaningful_eng_rate",PRIMARY_SOURCE_MISSING,YELLOW,"{'handle': 'vendor_a', 'follower_count': 'vendor_a', 'reach_rate': 'vendor_a', 'growth_rate': 'vendor_a', 'meaningful_eng_rate': 'vendor_a'}",,vendor_a,vendor_b has no record for this channel; filled from vendor_a (fallback).,No action needed. Tracked to monitor vendor coverage.,auto,[],,,,,,,
Q00462,CR00810,tiktok,"handle, follower_count, growth_rate",PRIMARY_SOURCE_MISSING,YELLOW,"{'handle': 'vendor_c', 'follower_count': 'vendor_c', 'growth_rate': 'vendor_c'}",,vendor_c,vendor_b has no record for this channel; filled from vendor_c (fallback).,No action needed. Tracked to monitor vendor coverage.,auto,[],,,,,,,
Q00463,CR00811,youtube,"handle, follower_count, reach_rate, growth_rate, meaningful_eng_rate",PRIMARY_SOURCE_MISSING,YELLOW,"{'handle': 'vendor_a', 'follower_count': 'vendor_a', 'reach_rate': 'vendor_a', 'growth_rate': 'vendor_a', 'meaningful_eng_rate': 'vendor_a'}",,vendor_a,vendor_b has no record for this channel; filled from vendor_a (fallback).,No action needed. Tracked to monitor vendor coverage.,auto,[],,,,,,,
Q00464,CR00812,youtube,"follower_count, reach_rate, growth_rate, meaningful_eng_rate",PRIMARY_SOURCE_MISSING,YELLOW,"{'follower_count': 'vendor_a', 'reach_rate': 'vendor_a', 'growth_rate': 'vendor_a', 'meaningful_eng_rate': 'vendor_a'}",,vendor_a,vendor_b has no record for this channel; filled from vendor_a (fallback).,No action needed. Tracked to monitor vendor coverage.,auto,[],,,,,,,
Q00465,CR00817,tiktok,"handle, follower_count, reach_rate, growth_rate",PRIMARY_SOURCE_MISSING,YELLOW,"{'handle': 'vendor_c', 'follower_count': 'vendor_c', 'reach_rate': 'vendor_c', 'growth_rate': 'vendor_c'}",,vendor_c,vendor_b has no record for this channel; filled from vendor_c (fallback).,No action needed. Tracked to monitor vendor coverage.,auto,[],,,,,,,
Q00466,CR00819,instagram,"handle, follower_count, reach_rate",PRIMARY_SOURCE_MISSING,YELLOW,"{'handle': 'vendor_c', 'follower_count': 'vendor_c', 'reach_rate': 'vendor_c'}",,vendor_c,"vendor_b's record lacks a valid value for handle, follower_count, reach_rate; filled from vendor_c (fallback).",No action needed. Tracked to monitor vendor coverage.,auto,[],,,,,,,
Q00467,CR00822,youtube,growth_rate,PRIMARY_SOURCE_MISSING,YELLOW,{'growth_rate': 'vendor_a'},,vendor_a,vendor_b's record lacks a valid value for growth_rate; filled from vendor_a (fallback).,No action needed. Tracked to monitor vendor coverage.,auto,[],,,,,,,
Q00468,CR00823,instagram,"handle, follower_count, reach_rate, growth_rate",PRIMARY_SOURCE_MISSING,YELLOW,"{'handle': 'vendor_a', 'follower_count': 'vendor_a', 'reach_rate': 'vendor_a', 'growth_rate': 'vendor_a'}",,vendor_a,vendor_b has no record for this channel; filled from vendor_a (fallback).,No action needed. Tracked to monitor vendor coverage.,auto,[],,,,,,,
Q00469,CR00823,youtube,meaningful_eng_rate,PRIMARY_SOURCE_MISSING,YELLOW,{'meaningful_eng_rate': 'vendor_a'},,vendor_a,vendor_b's record lacks a valid value for meaningful_eng_rate; filled from vendor_a (fallback).,No action needed. Tracked to monitor vendor coverage.,auto,[],,,,,,,
Q00470,CR00826,tiktok,growth_rate,PRIMARY_SOURCE_MISSING,YELLOW,{'growth_rate': 'vendor_a'},,vendor_a,vendor_b's record lacks a valid value for growth_rate; filled from vendor_a (fallback).,No action needed. Tracked to monitor vendor coverage.,auto,[],,,,,,,
Q00471,CR00828,instagram,growth_rate,PRIMARY_SOURCE_MISSING,YELLOW,{'growth_rate': 'vendor_a'},,vendor_a,vendor_b's record lacks a valid value for growth_rate; filled from vendor_a (fallback).,No action needed. Tracked to monitor vendor coverage.,auto,[],,,,,,,
Q00472,CR00828,youtube,"handle, follower_count, reach_rate, growth_rate, meaningful_eng_rate",PRIMARY_SOURCE_MISSING,YELLOW,"{'handle': 'vendor_a', 'follower_count': 'vendor_a', 'reach_rate': 'vendor_a', 'growth_rate': 'vendor_a', 'meaningful_eng_rate': 'vendor_a'}",,vendor_a,vendor_b has no record for this channel; filled from vendor_a (fallback).,No action needed. Tracked to monitor vendor coverage.,auto,[],,,,,,,
Q00473,CR00831,youtube,"handle, follower_count, growth_rate, meaningful_eng_rate",PRIMARY_SOURCE_MISSING,YELLOW,"{'handle': 'vendor_a', 'follower_count': 'vendor_a', 'growth_rate': 'vendor_a', 'meaningful_eng_rate': 'vendor_a'}",,vendor_a,vendor_b has no record for this channel; filled from vendor_a (fallback).,No action needed. Tracked to monitor vendor coverage.,auto,[],,,,,,,
Q00474,CR00835,youtube,"handle, follower_count, reach_rate, growth_rate, meaningful_eng_rate",PRIMARY_SOURCE_MISSING,YELLOW,"{'handle': 'vendor_a', 'follower_count': 'vendor_a', 'reach_rate': 'vendor_a', 'growth_rate': 'vendor_a', 'meaningful_eng_rate': 'vendor_a'}",,vendor_a,vendor_b has no record for this channel; filled from vendor_a (fallback).,No action needed. Tracked to monitor vendor coverage.,auto,[],,,,,,,
Q00475,CR00836,youtube,"handle, follower_count, reach_rate, growth_rate, meaningful_eng_rate",PRIMARY_SOURCE_MISSING,YELLOW,"{'handle': 'vendor_a', 'follower_count': 'vendor_a', 'reach_rate': 'vendor_a', 'growth_rate': 'vendor_a', 'meaningful_eng_rate': 'vendor_a'}",,vendor_a,vendor_b's record is stale; filled from vendor_a (fallback).,No action needed. Tracked to monitor vendor coverage.,auto,[],,,,,,,
Q00476,CR00839,youtube,"handle, follower_count, reach_rate, growth_rate, meaningful_eng_rate",PRIMARY_SOURCE_MISSING,YELLOW,"{'handle': 'vendor_a', 'follower_count': 'vendor_a', 'reach_rate': 'vendor_a', 'growth_rate': 'vendor_a', 'meaningful_eng_rate': 'vendor_a'}",,vendor_a,vendor_b has no record for this channel; filled from vendor_a (fallback).,No action needed. Tracked to monitor vendor coverage.,auto,[],,,,,,,
Q00477,CR00843,instagram,meaningful_eng_rate,PRIMARY_SOURCE_MISSING,YELLOW,{'meaningful_eng_rate': 'vendor_a'},,vendor_a,vendor_b's record lacks a valid value for meaningful_eng_rate; filled from vendor_a (fallback).,No action needed. Tracked to monitor vendor coverage.,auto,[],,,,,,,
Q00478,CR00846,instagram,meaningful_eng_rate,PRIMARY_SOURCE_MISSING,YELLOW,{'meaningful_eng_rate': 'vendor_a'},,vendor_a,vendor_b's record lacks a valid value for meaningful_eng_rate; filled from vendor_a (fallback).,No action needed. Tracked to monitor vendor coverage.,auto,[],,,,,,,
Q00479,CR00847,tiktok,"reach_rate, growth_rate",PRIMARY_SOURCE_MISSING,YELLOW,"{'reach_rate': 'vendor_a', 'growth_rate': 'vendor_a'}",,vendor_a,"vendor_b's record lacks a valid value for reach_rate, growth_rate; filled from vendor_a (fallback).",No action needed. Tracked to monitor vendor coverage.,auto,[],,,,,,,
Q00480,CR00847,youtube,"handle, follower_count, reach_rate, growth_rate, meaningful_eng_rate",PRIMARY_SOURCE_MISSING,YELLOW,"{'handle': 'vendor_a', 'follower_count': 'vendor_a', 'reach_rate': 'vendor_a', 'growth_rate': 'vendor_a', 'meaningful_eng_rate': 'vendor_a'}",,vendor_a,vendor_b has no record for this channel; filled from vendor_a (fallback).,No action needed. Tracked to monitor vendor coverage.,auto,[],,,,,,,
Q00481,CR00848,instagram,"handle, follower_count, reach_rate, growth_rate, meaningful_eng_rate",PRIMARY_SOURCE_MISSING,YELLOW,"{'handle': 'vendor_a', 'follower_count': 'vendor_a', 'reach_rate': 'vendor_a', 'growth_rate': 'vendor_a', 'meaningful_eng_rate': 'vendor_a'}",,vendor_a,vendor_b has no record for this channel; filled from vendor_a (fallback).,No action needed. Tracked to monitor vendor coverage.,auto,[],,,,,,,
Q00482,CR00848,tiktok,meaningful_eng_rate,PRIMARY_SOURCE_MISSING,YELLOW,{'meaningful_eng_rate': 'vendor_a'},,vendor_a,vendor_b's record lacks a valid value for meaningful_eng_rate; filled from vendor_a (fallback).,No action needed. Tracked to monitor vendor coverage.,auto,[],,,,,,,
Q00483,CR00855,instagram,growth_rate,PRIMARY_SOURCE_MISSING,YELLOW,{'growth_rate': 'vendor_a'},,vendor_a,vendor_b's record lacks a valid value for growth_rate; filled from vendor_a (fallback).,No action needed. Tracked to monitor vendor coverage.,auto,[],,,,,,,
Q00484,CR00855,youtube,"handle, follower_count, reach_rate, growth_rate, meaningful_eng_rate",PRIMARY_SOURCE_MISSING,YELLOW,"{'handle': 'vendor_a', 'follower_count': 'vendor_a', 'reach_rate': 'vendor_a', 'growth_rate': 'vendor_a', 'meaningful_eng_rate': 'vendor_a'}",,vendor_a,vendor_b has no record for this channel; filled from vendor_a (fallback).,No action needed. Tracked to monitor vendor coverage.,auto,[],,,,,,,
Q00485,CR00857,youtube,growth_rate,PRIMARY_SOURCE_MISSING,YELLOW,{'growth_rate': 'vendor_a'},,vendor_a,vendor_b's record lacks a valid value for growth_rate; filled from vendor_a (fallback).,No action needed. Tracked to monitor vendor coverage.,auto,[],,,,,,,
Q00486,CR00859,tiktok,"handle, follower_count, reach_rate, growth_rate, meaningful_eng_rate",PRIMARY_SOURCE_MISSING,YELLOW,"{'handle': 'vendor_a', 'follower_count': 'vendor_a', 'reach_rate': 'vendor_a', 'growth_rate': 'vendor_a', 'meaningful_eng_rate': 'vendor_a'}",,vendor_a,vendor_b's record is stale; filled from vendor_a (fallback).,No action needed. Tracked to monitor vendor coverage.,auto,[],,,,,,,
Q00487,CR00860,instagram,"handle, follower_count, reach_rate, growth_rate, meaningful_eng_rate",PRIMARY_SOURCE_MISSING,YELLOW,"{'handle': 'vendor_a', 'follower_count': 'vendor_a', 'reach_rate': 'vendor_a', 'growth_rate': 'vendor_a', 'meaningful_eng_rate': 'vendor_a'}",,vendor_a,vendor_b has no record for this channel; filled from vendor_a (fallback).,No action needed. Tracked to monitor vendor coverage.,auto,[],,,,,,,
Q00488,CR00865,tiktok,"follower_count, reach_rate, growth_rate",PRIMARY_SOURCE_MISSING,YELLOW,"{'follower_count': 'vendor_c', 'reach_rate': 'vendor_c', 'growth_rate': 'vendor_c'}",,vendor_c,"vendor_b's record lacks a valid value for follower_count, reach_rate, growth_rate; filled from vendor_c (fallback).",No action needed. Tracked to monitor vendor coverage.,auto,[],,,,,,,
Q00489,CR00865,youtube,"handle, follower_count, reach_rate, meaningful_eng_rate",PRIMARY_SOURCE_MISSING,YELLOW,"{'handle': 'vendor_a', 'follower_count': 'vendor_a', 'reach_rate': 'vendor_a', 'meaningful_eng_rate': 'vendor_a'}",,vendor_a,vendor_b has no record for this channel; filled from vendor_a (fallback).,No action needed. Tracked to monitor vendor coverage.,auto,[],,,,,,,
Q00490,CR00871,tiktok,"handle, follower_count, reach_rate, growth_rate, meaningful_eng_rate",PRIMARY_SOURCE_MISSING,YELLOW,"{'handle': 'vendor_a', 'follower_count': 'vendor_a', 'reach_rate': 'vendor_a', 'growth_rate': 'vendor_a', 'meaningful_eng_rate': 'vendor_a'}",,vendor_a,vendor_b's record is stale; filled from vendor_a (fallback).,No action needed. Tracked to monitor vendor coverage.,auto,[],,,,,,,
Q00491,CR00873,instagram,"handle, follower_count, reach_rate, growth_rate, meaningful_eng_rate",PRIMARY_SOURCE_MISSING,YELLOW,"{'handle': 'vendor_a', 'follower_count': 'vendor_a', 'reach_rate': 'vendor_a', 'growth_rate': 'vendor_a', 'meaningful_eng_rate': 'vendor_a'}",,vendor_a,vendor_b has no record for this channel; filled from vendor_a (fallback).,No action needed. Tracked to monitor vendor coverage.,auto,[],,,,,,,
Q00492,CR00873,youtube,"handle, follower_count, reach_rate, growth_rate, meaningful_eng_rate",PRIMARY_SOURCE_MISSING,YELLOW,"{'handle': 'vendor_c', 'follower_count': 'vendor_c', 'reach_rate': 'vendor_c', 'growth_rate': 'vendor_c', 'meaningful_eng_rate': 'vendor_c'}",,vendor_c,vendor_b has no record for this channel; filled from vendor_c (fallback).,No action needed. Tracked to monitor vendor coverage.,auto,[],,,,,,,
Q00493,CR00874,tiktok,"follower_count, reach_rate, growth_rate",PRIMARY_SOURCE_MISSING,YELLOW,"{'follower_count': 'vendor_c', 'reach_rate': 'vendor_c', 'growth_rate': 'vendor_c'}",,vendor_c,vendor_b's record is stale; filled from vendor_c (fallback).,No action needed. Tracked to monitor vendor coverage.,auto,[],,,,,,,
Q00494,CR00875,tiktok,"handle, follower_count, reach_rate, growth_rate",PRIMARY_SOURCE_MISSING,YELLOW,"{'handle': 'vendor_c', 'follower_count': 'vendor_c', 'reach_rate': 'vendor_c', 'growth_rate': 'vendor_c'}",,vendor_c,vendor_b's record is stale; filled from vendor_c (fallback).,No action needed. Tracked to monitor vendor coverage.,auto,[],,,,,,,
Q00495,CR00875,youtube,"handle, follower_count, reach_rate, growth_rate, meaningful_eng_rate",PRIMARY_SOURCE_MISSING,YELLOW,"{'handle': 'vendor_a', 'follower_count': 'vendor_a', 'reach_rate': 'vendor_a', 'growth_rate': 'vendor_a', 'meaningful_eng_rate': 'vendor_a'}",,vendor_a,vendor_b has no record for this channel; filled from vendor_a (fallback).,No action needed. Tracked to monitor vendor coverage.,auto,[],,,,,,,
Q00496,CR00876,youtube,meaningful_eng_rate,PRIMARY_SOURCE_MISSING,YELLOW,{'meaningful_eng_rate': 'vendor_a'},,vendor_a,vendor_b's record lacks a valid value for meaningful_eng_rate; filled from vendor_a (fallback).,No action needed. Tracked to monitor vendor coverage.,auto,[],,,,,,,
Q00497,CR00878,youtube,growth_rate,PRIMARY_SOURCE_MISSING,YELLOW,{'growth_rate': 'vendor_a'},,vendor_a,vendor_b's record lacks a valid value for growth_rate; filled from vendor_a (fallback).,No action needed. Tracked to monitor vendor coverage.,auto,[],,,,,,,
Q00498,CR00880,tiktok,"reach_rate, growth_rate",PRIMARY_SOURCE_MISSING,YELLOW,"{'reach_rate': 'vendor_a', 'growth_rate': 'vendor_a'}",,vendor_a,"vendor_b's record lacks a valid value for reach_rate, growth_rate; filled from vendor_a (fallback).",No action needed. Tracked to monitor vendor coverage.,auto,[],,,,,,,
Q00499,CR00880,youtube,"handle, follower_count, reach_rate, growth_rate, meaningful_eng_rate",PRIMARY_SOURCE_MISSING,YELLOW,"{'handle': 'vendor_a', 'follower_count': 'vendor_a', 'reach_rate': 'vendor_a', 'growth_rate': 'vendor_a', 'meaningful_eng_rate': 'vendor_a'}",,vendor_a,vendor_b has no record for this channel; filled from vendor_a (fallback).,No action needed. Tracked to monitor vendor coverage.,auto,[],,,,,,,
Q00500,CR00881,tiktok,"handle, follower_count, reach_rate, growth_rate",PRIMARY_SOURCE_MISSING,YELLOW,"{'handle': 'vendor_a', 'follower_count': 'vendor_a', 'reach_rate': 'vendor_a', 'growth_rate': 'vendor_a'}",,vendor_a,vendor_b has no record for this channel; filled from vendor_a (fallback).,No action needed. Tracked to monitor vendor coverage.,auto,[],,,,,,,
Q00501,CR00882,instagram,"growth_rate, meaningful_eng_rate",PRIMARY_SOURCE_MISSING,YELLOW,"{'growth_rate': 'vendor_a', 'meaningful_eng_rate': 'vendor_a'}",,vendor_a,"vendor_b's record lacks a valid value for growth_rate, meaningful_eng_rate; filled from vendor_a (fallback).",No action needed. Tracked to monitor vendor coverage.,auto,[],,,,,,,
Q00502,CR00882,youtube,"handle, follower_count, reach_rate, growth_rate, meaningful_eng_rate",PRIMARY_SOURCE_MISSING,YELLOW,"{'handle': 'vendor_a', 'follower_count': 'vendor_a', 'reach_rate': 'vendor_a', 'growth_rate': 'vendor_a', 'meaningful_eng_rate': 'vendor_a'}",,vendor_a,vendor_b has no record for this channel; filled from vendor_a (fallback).,No action needed. Tracked to monitor vendor coverage.,auto,[],,,,,,,
Q00503,CR00883,youtube,"handle, follower_count, reach_rate, growth_rate, meaningful_eng_rate",PRIMARY_SOURCE_MISSING,YELLOW,"{'handle': 'vendor_a', 'follower_count': 'vendor_a', 'reach_rate': 'vendor_a', 'growth_rate': 'vendor_a', 'meaningful_eng_rate': 'vendor_a'}",,vendor_a,vendor_b has no record for this channel; filled from vendor_a (fallback).,No action needed. Tracked to monitor vendor coverage.,auto,[],,,,,,,
Q00504,CR00889,tiktok,"handle, follower_count, reach_rate, growth_rate, meaningful_eng_rate",PRIMARY_SOURCE_MISSING,YELLOW,"{'handle': 'vendor_a', 'follower_count': 'vendor_a', 'reach_rate': 'vendor_a', 'growth_rate': 'vendor_a', 'meaningful_eng_rate': 'vendor_a'}",,vendor_a,vendor_b has no record for this channel; filled from vendor_a (fallback).,No action needed. Tracked to monitor vendor coverage.,auto,[],,,,,,,
Q00505,CR00889,youtube,"handle, follower_count, reach_rate, growth_rate, meaningful_eng_rate",PRIMARY_SOURCE_MISSING,YELLOW,"{'handle': 'vendor_a', 'follower_count': 'vendor_a', 'reach_rate': 'vendor_a', 'growth_rate': 'vendor_a', 'meaningful_eng_rate': 'vendor_a'}",,vendor_a,vendor_b has no record for this channel; filled from vendor_a (fallback).,No action needed. Tracked to monitor vendor coverage.,auto,[],,,,,,,
Q00506,CR00891,youtube,"handle, follower_count, reach_rate, growth_rate, meaningful_eng_rate",PRIMARY_SOURCE_MISSING,YELLOW,"{'handle': 'vendor_a', 'follower_count': 'vendor_a', 'reach_rate': 'vendor_a', 'growth_rate': 'vendor_a', 'meaningful_eng_rate': 'vendor_a'}",,vendor_a,vendor_b has no record for this channel; filled from vendor_a (fallback).,No action needed. Tracked to monitor vendor coverage.,auto,[],,,,,,,
Q00507,CR00892,instagram,"handle, follower_count, reach_rate, growth_rate",PRIMARY_SOURCE_MISSING,YELLOW,"{'handle': 'vendor_c', 'follower_count': 'vendor_c', 'reach_rate': 'vendor_c', 'growth_rate': 'vendor_c'}",,vendor_c,vendor_b has no record for this channel; filled from vendor_c (fallback).,No action needed. Tracked to monitor vendor coverage.,auto,[],,,,,,,
Q00508,CR00895,tiktok,reach_rate,PRIMARY_SOURCE_MISSING,YELLOW,{'reach_rate': 'vendor_a'},,vendor_a,vendor_b's record lacks a valid value for reach_rate; filled from vendor_a (fallback).,No action needed. Tracked to monitor vendor coverage.,auto,[],,,,,,,
Q00509,CR00895,youtube,"handle, meaningful_eng_rate",PRIMARY_SOURCE_MISSING,YELLOW,"{'handle': 'vendor_a', 'meaningful_eng_rate': 'vendor_a'}",,vendor_a,vendor_b has no record for this channel; filled from vendor_a (fallback).,No action needed. Tracked to monitor vendor coverage.,auto,[],,,,,,,
Q00510,CR00897,youtube,"follower_count, reach_rate, growth_rate",PRIMARY_SOURCE_MISSING,YELLOW,"{'follower_count': 'vendor_a', 'reach_rate': 'vendor_a', 'growth_rate': 'vendor_a'}",,vendor_a,"vendor_b's record lacks a valid value for follower_count, reach_rate, growth_rate; filled from vendor_a (fallback).",No action needed. Tracked to monitor vendor coverage.,auto,[],,,,,,,
Q00511,CR00899,instagram,"follower_count, reach_rate, meaningful_eng_rate",PRIMARY_SOURCE_MISSING,YELLOW,"{'follower_count': 'vendor_a', 'reach_rate': 'vendor_a', 'meaningful_eng_rate': 'vendor_a'}",,vendor_a,"vendor_b's record lacks a valid value for follower_count, reach_rate, meaningful_eng_rate; filled from vendor_a (fallback).",No action needed. Tracked to monitor vendor coverage.,auto,[],,,,,,,
Q00512,CR00901,instagram,"handle, follower_count, reach_rate, growth_rate, meaningful_eng_rate",PRIMARY_SOURCE_MISSING,YELLOW,"{'handle': 'vendor_a', 'follower_count': 'vendor_a', 'reach_rate': 'vendor_a', 'growth_rate': 'vendor_a', 'meaningful_eng_rate': 'vendor_a'}",,vendor_a,vendor_b's record is stale; filled from vendor_a (fallback).,No action needed. Tracked to monitor vendor coverage.,auto,[],,,,,,,
Q00513,CR00901,tiktok,growth_rate,PRIMARY_SOURCE_MISSING,YELLOW,{'growth_rate': 'vendor_a'},,vendor_a,vendor_b's record lacks a valid value for growth_rate; filled from vendor_a (fallback).,No action needed. Tracked to monitor vendor coverage.,auto,[],,,,,,,
Q00514,CR00901,youtube,"follower_count, reach_rate, growth_rate, meaningful_eng_rate",PRIMARY_SOURCE_MISSING,YELLOW,"{'follower_count': 'vendor_a', 'reach_rate': 'vendor_a', 'growth_rate': 'vendor_a', 'meaningful_eng_rate': 'vendor_a'}",,vendor_a,vendor_b has no record for this channel; filled from vendor_a (fallback).,No action needed. Tracked to monitor vendor coverage.,auto,[],,,,,,,
Q00515,CR00902,instagram,"growth_rate, meaningful_eng_rate",PRIMARY_SOURCE_MISSING,YELLOW,"{'growth_rate': 'vendor_a', 'meaningful_eng_rate': 'vendor_a'}",,vendor_a,"vendor_b's record lacks a valid value for growth_rate, meaningful_eng_rate; filled from vendor_a (fallback).",No action needed. Tracked to monitor vendor coverage.,auto,[],,,,,,,
Q00516,CR00908,youtube,meaningful_eng_rate,PRIMARY_SOURCE_MISSING,YELLOW,{'meaningful_eng_rate': 'vendor_a'},,vendor_a,vendor_b's record lacks a valid value for meaningful_eng_rate; filled from vendor_a (fallback).,No action needed. Tracked to monitor vendor coverage.,auto,[],,,,,,,
Q00517,CR00909,instagram,growth_rate,PRIMARY_SOURCE_MISSING,YELLOW,{'growth_rate': 'vendor_a'},,vendor_a,vendor_b's record lacks a valid value for growth_rate; filled from vendor_a (fallback).,No action needed. Tracked to monitor vendor coverage.,auto,[],,,,,,,
Q00518,CR00911,instagram,"handle, follower_count, reach_rate, growth_rate, meaningful_eng_rate",PRIMARY_SOURCE_MISSING,YELLOW,"{'handle': 'vendor_a', 'follower_count': 'vendor_a', 'reach_rate': 'vendor_a', 'growth_rate': 'vendor_a', 'meaningful_eng_rate': 'vendor_a'}",,vendor_a,vendor_b's record is stale; filled from vendor_a (fallback).,No action needed. Tracked to monitor vendor coverage.,auto,[],,,,,,,
Q00519,CR00911,youtube,"handle, follower_count, reach_rate, growth_rate, meaningful_eng_rate",PRIMARY_SOURCE_MISSING,YELLOW,"{'handle': 'vendor_a', 'follower_count': 'vendor_a', 'reach_rate': 'vendor_a', 'growth_rate': 'vendor_a', 'meaningful_eng_rate': 'vendor_a'}",,vendor_a,vendor_b has no record for this channel; filled from vendor_a (fallback).,No action needed. Tracked to monitor vendor coverage.,auto,[],,,,,,,
Q00520,CR00914,instagram,"handle, follower_count, reach_rate, growth_rate, meaningful_eng_rate",PRIMARY_SOURCE_MISSING,YELLOW,"{'handle': 'vendor_a', 'follower_count': 'vendor_a', 'reach_rate': 'vendor_a', 'growth_rate': 'vendor_a', 'meaningful_eng_rate': 'vendor_a'}",,vendor_a,vendor_b's record is stale; filled from vendor_a (fallback).,No action needed. Tracked to monitor vendor coverage.,auto,[],,,,,,,
Q00521,CR00914,youtube,"follower_count, reach_rate, growth_rate",PRIMARY_SOURCE_MISSING,YELLOW,"{'follower_count': 'vendor_a', 'reach_rate': 'vendor_a', 'growth_rate': 'vendor_a'}",,vendor_a,"vendor_b's record lacks a valid value for follower_count, reach_rate, growth_rate; filled from vendor_a (fallback).",No action needed. Tracked to monitor vendor coverage.,auto,[],,,,,,,
Q00522,CR00916,youtube,"handle, follower_count, reach_rate, growth_rate, meaningful_eng_rate",PRIMARY_SOURCE_MISSING,YELLOW,"{'handle': 'vendor_a', 'follower_count': 'vendor_a', 'reach_rate': 'vendor_a', 'growth_rate': 'vendor_a', 'meaningful_eng_rate': 'vendor_a'}",,vendor_a,vendor_b has no record for this channel; filled from vendor_a (fallback).,No action needed. Tracked to monitor vendor coverage.,auto,[],,,,,,,
Q00523,CR00919,instagram,growth_rate,PRIMARY_SOURCE_MISSING,YELLOW,{'growth_rate': 'vendor_a'},,vendor_a,vendor_b's record lacks a valid value for growth_rate; filled from vendor_a (fallback).,No action needed. Tracked to monitor vendor coverage.,auto,[],,,,,,,
Q00524,CR00919,youtube,"handle, follower_count, reach_rate, growth_rate, meaningful_eng_rate",PRIMARY_SOURCE_MISSING,YELLOW,"{'handle': 'vendor_a', 'follower_count': 'vendor_a', 'reach_rate': 'vendor_a', 'growth_rate': 'vendor_a', 'meaningful_eng_rate': 'vendor_a'}",,vendor_a,vendor_b has no record for this channel; filled from vendor_a (fallback).,No action needed. Tracked to monitor vendor coverage.,auto,[],,,,,,,
Q00525,CR00927,youtube,reach_rate,PRIMARY_SOURCE_MISSING,YELLOW,{'reach_rate': 'vendor_a'},,vendor_a,vendor_b's record lacks a valid value for reach_rate; filled from vendor_a (fallback).,No action needed. Tracked to monitor vendor coverage.,auto,[],,,,,,,
Q00526,CR00928,instagram,meaningful_eng_rate,PRIMARY_SOURCE_MISSING,YELLOW,{'meaningful_eng_rate': 'vendor_a'},,vendor_a,vendor_b's record lacks a valid value for meaningful_eng_rate; filled from vendor_a (fallback).,No action needed. Tracked to monitor vendor coverage.,auto,[],,,,,,,
Q00527,CR00934,youtube,"handle, follower_count, reach_rate, growth_rate, meaningful_eng_rate",PRIMARY_SOURCE_MISSING,YELLOW,"{'handle': 'vendor_a', 'follower_count': 'vendor_a', 'reach_rate': 'vendor_a', 'growth_rate': 'vendor_a', 'meaningful_eng_rate': 'vendor_a'}",,vendor_a,vendor_b has no record for this channel; filled from vendor_a (fallback).,No action needed. Tracked to monitor vendor coverage.,auto,[],,,,,,,
Q00528,CR00935,tiktok,growth_rate,PRIMARY_SOURCE_MISSING,YELLOW,{'growth_rate': 'vendor_a'},,vendor_a,vendor_b's record lacks a valid value for growth_rate; filled from vendor_a (fallback).,No action needed. Tracked to monitor vendor coverage.,auto,[],,,,,,,
Q00529,CR00935,youtube,"handle, follower_count, reach_rate, growth_rate, meaningful_eng_rate",PRIMARY_SOURCE_MISSING,YELLOW,"{'handle': 'vendor_a', 'follower_count': 'vendor_a', 'reach_rate': 'vendor_a', 'growth_rate': 'vendor_a', 'meaningful_eng_rate': 'vendor_a'}",,vendor_a,vendor_b has no record for this channel; filled from vendor_a (fallback).,No action needed. Tracked to monitor vendor coverage.,auto,[],,,,,,,
Q00530,CR00936,tiktok,reach_rate,PRIMARY_SOURCE_MISSING,YELLOW,{'reach_rate': 'vendor_a'},,vendor_a,vendor_b's record lacks a valid value for reach_rate; filled from vendor_a (fallback).,No action needed. Tracked to monitor vendor coverage.,auto,[],,,,,,,
Q00531,CR00937,youtube,"handle, follower_count, reach_rate, growth_rate, meaningful_eng_rate",PRIMARY_SOURCE_MISSING,YELLOW,"{'handle': 'vendor_a', 'follower_count': 'vendor_a', 'reach_rate': 'vendor_a', 'growth_rate': 'vendor_a', 'meaningful_eng_rate': 'vendor_a'}",,vendor_a,vendor_b has no record for this channel; filled from vendor_a (fallback).,No action needed. Tracked to monitor vendor coverage.,auto,[],,,,,,,
Q00532,CR00939,tiktok,meaningful_eng_rate,PRIMARY_SOURCE_MISSING,YELLOW,{'meaningful_eng_rate': 'vendor_a'},,vendor_a,vendor_b's record lacks a valid value for meaningful_eng_rate; filled from vendor_a (fallback).,No action needed. Tracked to monitor vendor coverage.,auto,[],,,,,,,
Q00533,CR00940,youtube,meaningful_eng_rate,PRIMARY_SOURCE_MISSING,YELLOW,{'meaningful_eng_rate': 'vendor_a'},,vendor_a,vendor_b's record lacks a valid value for meaningful_eng_rate; filled from vendor_a (fallback).,No action needed. Tracked to monitor vendor coverage.,auto,[],,,,,,,
Q00534,CR00942,youtube,"handle, follower_count, reach_rate, growth_rate, meaningful_eng_rate",PRIMARY_SOURCE_MISSING,YELLOW,"{'handle': 'vendor_a', 'follower_count': 'vendor_a', 'reach_rate': 'vendor_a', 'growth_rate': 'vendor_a', 'meaningful_eng_rate': 'vendor_a'}",,vendor_a,vendor_b has no record for this channel; filled from vendor_a (fallback).,No action needed. Tracked to monitor vendor coverage.,auto,[],,,,,,,
Q00535,CR00949,instagram,"handle, follower_count, reach_rate, growth_rate",PRIMARY_SOURCE_MISSING,YELLOW,"{'handle': 'vendor_c', 'follower_count': 'vendor_c', 'reach_rate': 'vendor_c', 'growth_rate': 'vendor_c'}",,vendor_c,vendor_b has no record for this channel; filled from vendor_c (fallback).,No action needed. Tracked to monitor vendor coverage.,auto,[],,,,,,,
Q00536,CR00950,youtube,"handle, follower_count, reach_rate, growth_rate, meaningful_eng_rate",PRIMARY_SOURCE_MISSING,YELLOW,"{'handle': 'vendor_a', 'follower_count': 'vendor_a', 'reach_rate': 'vendor_a', 'growth_rate': 'vendor_a', 'meaningful_eng_rate': 'vendor_c'}",,"vendor_a, vendor_c","vendor_b has no record for this channel; filled from vendor_a, vendor_c (fallback).",No action needed. Tracked to monitor vendor coverage.,auto,[],,,,,,,
Q00537,CR00952,instagram,"handle, follower_count, reach_rate, growth_rate",PRIMARY_SOURCE_MISSING,YELLOW,"{'handle': 'vendor_c', 'follower_count': 'vendor_c', 'reach_rate': 'vendor_c', 'growth_rate': 'vendor_c'}",,vendor_c,vendor_b's record is stale; filled from vendor_c (fallback).,No action needed. Tracked to monitor vendor coverage.,auto,[],,,,,,,
Q00538,CR00952,youtube,growth_rate,PRIMARY_SOURCE_MISSING,YELLOW,{'growth_rate': 'vendor_a'},,vendor_a,vendor_b's record lacks a valid value for growth_rate; filled from vendor_a (fallback).,No action needed. Tracked to monitor vendor coverage.,auto,[],,,,,,,
Q00539,CR00953,tiktok,handle,PRIMARY_SOURCE_MISSING,YELLOW,{'handle': 'vendor_c'},,vendor_c,vendor_b's record lacks a valid value for handle; filled from vendor_c (fallback).,No action needed. Tracked to monitor vendor coverage.,auto,[],,,,,,,
Q00540,CR00956,instagram,meaningful_eng_rate,PRIMARY_SOURCE_MISSING,YELLOW,{'meaningful_eng_rate': 'vendor_a'},,vendor_a,vendor_b's record lacks a valid value for meaningful_eng_rate; filled from vendor_a (fallback).,No action needed. Tracked to monitor vendor coverage.,auto,[],,,,,,,
Q00541,CR00956,youtube,"handle, follower_count, reach_rate, growth_rate, meaningful_eng_rate",PRIMARY_SOURCE_MISSING,YELLOW,"{'handle': 'vendor_a', 'follower_count': 'vendor_a', 'reach_rate': 'vendor_a', 'growth_rate': 'vendor_a', 'meaningful_eng_rate': 'vendor_a'}",,vendor_a,vendor_b has no record for this channel; filled from vendor_a (fallback).,No action needed. Tracked to monitor vendor coverage.,auto,[],,,,,,,
Q00542,CR00959,instagram,"handle, follower_count, reach_rate, growth_rate, meaningful_eng_rate",PRIMARY_SOURCE_MISSING,YELLOW,"{'handle': 'vendor_a', 'follower_count': 'vendor_a', 'reach_rate': 'vendor_a', 'growth_rate': 'vendor_a', 'meaningful_eng_rate': 'vendor_a'}",,vendor_a,vendor_b has no record for this channel; filled from vendor_a (fallback).,No action needed. Tracked to monitor vendor coverage.,auto,[],,,,,,,
Q00543,CR00962,youtube,"handle, follower_count, reach_rate, growth_rate, meaningful_eng_rate",PRIMARY_SOURCE_MISSING,YELLOW,"{'handle': 'vendor_a', 'follower_count': 'vendor_a', 'reach_rate': 'vendor_a', 'growth_rate': 'vendor_a', 'meaningful_eng_rate': 'vendor_a'}",,vendor_a,vendor_b has no record for this channel; filled from vendor_a (fallback).,No action needed. Tracked to monitor vendor coverage.,auto,[],,,,,,,
Q00544,CR00969,tiktok,"handle, follower_count, reach_rate, growth_rate, meaningful_eng_rate",PRIMARY_SOURCE_MISSING,YELLOW,"{'handle': 'vendor_a', 'follower_count': 'vendor_a', 'reach_rate': 'vendor_a', 'growth_rate': 'vendor_a', 'meaningful_eng_rate': 'vendor_a'}",,vendor_a,vendor_b's record is stale; filled from vendor_a (fallback).,No action needed. Tracked to monitor vendor coverage.,auto,[],,,,,,,
Q00545,CR00969,youtube,"handle, follower_count, reach_rate, growth_rate",PRIMARY_SOURCE_MISSING,YELLOW,"{'handle': 'vendor_a', 'follower_count': 'vendor_a', 'reach_rate': 'vendor_a', 'growth_rate': 'vendor_a'}",,vendor_a,vendor_b's record is stale; filled from vendor_a (fallback).,No action needed. Tracked to monitor vendor coverage.,auto,[],,,,,,,
Q00546,CR00971,tiktok,meaningful_eng_rate,PRIMARY_SOURCE_MISSING,YELLOW,{'meaningful_eng_rate': 'vendor_a'},,vendor_a,vendor_b's record lacks a valid value for meaningful_eng_rate; filled from vendor_a (fallback).,No action needed. Tracked to monitor vendor coverage.,auto,[],,,,,,,
Q00547,CR00975,instagram,"handle, follower_count, reach_rate, growth_rate",PRIMARY_SOURCE_MISSING,YELLOW,"{'handle': 'vendor_a', 'follower_count': 'vendor_a', 'reach_rate': 'vendor_a', 'growth_rate': 'vendor_a'}",,vendor_a,vendor_b has no record for this channel; filled from vendor_a (fallback).,No action needed. Tracked to monitor vendor coverage.,auto,[],,,,,,,
Q00548,CR00975,youtube,"follower_count, reach_rate, growth_rate",PRIMARY_SOURCE_MISSING,YELLOW,"{'follower_count': 'vendor_a', 'reach_rate': 'vendor_a', 'growth_rate': 'vendor_a'}",,vendor_a,"vendor_b's record lacks a valid value for follower_count, reach_rate, growth_rate; filled from vendor_a (fallback).",No action needed. Tracked to monitor vendor coverage.,auto,[],,,,,,,
Q00549,CR00976,tiktok,growth_rate,PRIMARY_SOURCE_MISSING,YELLOW,{'growth_rate': 'vendor_c'},,vendor_c,vendor_b's record lacks a valid value for growth_rate; filled from vendor_c (fallback).,No action needed. Tracked to monitor vendor coverage.,auto,[],,,,,,,
Q00550,CR00976,youtube,"reach_rate, growth_rate",PRIMARY_SOURCE_MISSING,YELLOW,"{'reach_rate': 'vendor_a', 'growth_rate': 'vendor_a'}",,vendor_a,"vendor_b's record lacks a valid value for reach_rate, growth_rate; filled from vendor_a (fallback).",No action needed. Tracked to monitor vendor coverage.,auto,[],,,,,,,
Q00551,CR00977,instagram,growth_rate,PRIMARY_SOURCE_MISSING,YELLOW,{'growth_rate': 'vendor_a'},,vendor_a,vendor_b's record lacks a valid value for growth_rate; filled from vendor_a (fallback).,No action needed. Tracked to monitor vendor coverage.,auto,[],,,,,,,
Q00552,CR00977,youtube,"handle, follower_count, reach_rate, growth_rate, meaningful_eng_rate",PRIMARY_SOURCE_MISSING,YELLOW,"{'handle': 'vendor_a', 'follower_count': 'vendor_a', 'reach_rate': 'vendor_a', 'growth_rate': 'vendor_a', 'meaningful_eng_rate': 'vendor_a'}",,vendor_a,vendor_b has no record for this channel; filled from vendor_a (fallback).,No action needed. Tracked to monitor vendor coverage.,auto,[],,,,,,,
Q00553,CR00979,instagram,growth_rate,PRIMARY_SOURCE_MISSING,YELLOW,{'growth_rate': 'vendor_c'},,vendor_c,vendor_b's record lacks a valid value for growth_rate; filled from vendor_c (fallback).,No action needed. Tracked to monitor vendor coverage.,auto,[],,,,,,,
Q00554,CR00979,youtube,"handle, follower_count, reach_rate, growth_rate, meaningful_eng_rate",PRIMARY_SOURCE_MISSING,YELLOW,"{'handle': 'vendor_a', 'follower_count': 'vendor_a', 'reach_rate': 'vendor_a', 'growth_rate': 'vendor_a', 'meaningful_eng_rate': 'vendor_a'}",,vendor_a,vendor_b's record is stale; filled from vendor_a (fallback).,No action needed. Tracked to monitor vendor coverage.,auto,[],,,,,,,
Q00555,CR00983,youtube,"handle, follower_count, reach_rate, growth_rate, meaningful_eng_rate",PRIMARY_SOURCE_MISSING,YELLOW,"{'handle': 'vendor_a', 'follower_count': 'vendor_a', 'reach_rate': 'vendor_a', 'growth_rate': 'vendor_a', 'meaningful_eng_rate': 'vendor_a'}",,vendor_a,vendor_b has no record for this channel; filled from vendor_a (fallback).,No action needed. Tracked to monitor vendor coverage.,auto,[],,,,,,,
Q00556,CR00986,youtube,"handle, follower_count, reach_rate, growth_rate",PRIMARY_SOURCE_MISSING,YELLOW,"{'handle': 'vendor_a', 'follower_count': 'vendor_a', 'reach_rate': 'vendor_a', 'growth_rate': 'vendor_a'}",,vendor_a,vendor_b has no record for this channel; filled from vendor_a (fallback).,No action needed. Tracked to monitor vendor coverage.,auto,[],,,,,,,
Q00557,CR00990,instagram,"handle, follower_count, reach_rate, growth_rate, meaningful_eng_rate",PRIMARY_SOURCE_MISSING,YELLOW,"{'handle': 'vendor_a', 'follower_count': 'vendor_a', 'reach_rate': 'vendor_a', 'growth_rate': 'vendor_a', 'meaningful_eng_rate': 'vendor_a'}",,vendor_a,vendor_b's record is stale; filled from vendor_a (fallback).,No action needed. Tracked to monitor vendor coverage.,auto,[],,,,,,,
Q00558,CR00990,youtube,"handle, follower_count, reach_rate, growth_rate, meaningful_eng_rate",PRIMARY_SOURCE_MISSING,YELLOW,"{'handle': 'vendor_a', 'follower_count': 'vendor_a', 'reach_rate': 'vendor_a', 'growth_rate': 'vendor_a', 'meaningful_eng_rate': 'vendor_a'}",,vendor_a,vendor_b has no record for this channel; filled from vendor_a (fallback).,No action needed. Tracked to monitor vendor coverage.,auto,[],,,,,,,
Q00559,CR00992,tiktok,"reach_rate, meaningful_eng_rate",PRIMARY_SOURCE_MISSING,YELLOW,"{'reach_rate': 'vendor_a', 'meaningful_eng_rate': 'vendor_a'}",,vendor_a,"vendor_b's record lacks a valid value for reach_rate, meaningful_eng_rate; filled from vendor_a (fallback).",No action needed. Tracked to monitor vendor coverage.,auto,[],,,,,,,
Q00560,CR00995,instagram,"handle, follower_count, reach_rate, growth_rate, meaningful_eng_rate",PRIMARY_SOURCE_MISSING,YELLOW,"{'handle': 'vendor_a', 'follower_count': 'vendor_a', 'reach_rate': 'vendor_a', 'growth_rate': 'vendor_a', 'meaningful_eng_rate': 'vendor_a'}",,vendor_a,vendor_b has no record for this channel; filled from vendor_a (fallback).,No action needed. Tracked to monitor vendor coverage.,auto,[],,,,,,,
Q00561,CR00995,youtube,"handle, follower_count, reach_rate, growth_rate, meaningful_eng_rate",PRIMARY_SOURCE_MISSING,YELLOW,"{'handle': 'vendor_a', 'follower_count': 'vendor_a', 'reach_rate': 'vendor_a', 'growth_rate': 'vendor_a', 'meaningful_eng_rate': 'vendor_a'}",,vendor_a,vendor_b has no record for this channel; filled from vendor_a (fallback).,No action needed. Tracked to monitor vendor coverage.,auto,[],,,,,,,
Q00562,CR00998,instagram,"handle, follower_count, reach_rate, growth_rate",PRIMARY_SOURCE_MISSING,YELLOW,"{'handle': 'vendor_a', 'follower_count': 'vendor_a', 'reach_rate': 'vendor_a', 'growth_rate': 'vendor_a'}",,vendor_a,vendor_b's record is stale; filled from vendor_a (fallback).,No action needed. Tracked to monitor vendor coverage.,auto,[],,,,,,,
Q00563,CR00999,instagram,"handle, follower_count, reach_rate, growth_rate, meaningful_eng_rate",PRIMARY_SOURCE_MISSING,YELLOW,"{'handle': 'vendor_a', 'follower_count': 'vendor_a', 'reach_rate': 'vendor_a', 'growth_rate': 'vendor_a', 'meaningful_eng_rate': 'vendor_a'}",,vendor_a,vendor_b's record is stale; filled from vendor_a (fallback).,No action needed. Tracked to monitor vendor coverage.,auto,[],,,,,,,
Q00564,CR01000,youtube,"handle, follower_count, reach_rate, growth_rate, meaningful_eng_rate",PRIMARY_SOURCE_MISSING,YELLOW,"{'handle': 'vendor_a', 'follower_count': 'vendor_a', 'reach_rate': 'vendor_a', 'growth_rate': 'vendor_a', 'meaningful_eng_rate': 'vendor_a'}",,vendor_a,vendor_b has no record for this channel; filled from vendor_a (fallback).,No action needed. Tracked to monitor vendor coverage.,auto,[],,,,,,,
Q00565,CR01002,tiktok,handle,PRIMARY_SOURCE_MISSING,YELLOW,{'handle': 'vendor_a'},,vendor_a,vendor_b's record lacks a valid value for handle; filled from vendor_a (fallback).,No action needed. Tracked to monitor vendor coverage.,auto,[],,,,,,,
Q00566,CR01004,instagram,meaningful_eng_rate,PRIMARY_SOURCE_MISSING,YELLOW,{'meaningful_eng_rate': 'vendor_a'},,vendor_a,vendor_b's record lacks a valid value for meaningful_eng_rate; filled from vendor_a (fallback).,No action needed. Tracked to monitor vendor coverage.,auto,[],,,,,,,
Q00567,CR01004,tiktok,"handle, follower_count, reach_rate, growth_rate, meaningful_eng_rate",PRIMARY_SOURCE_MISSING,YELLOW,"{'handle': 'vendor_a', 'follower_count': 'vendor_a', 'reach_rate': 'vendor_a', 'growth_rate': 'vendor_a', 'meaningful_eng_rate': 'vendor_a'}",,vendor_a,vendor_b's record is stale; filled from vendor_a (fallback).,No action needed. Tracked to monitor vendor coverage.,auto,[],,,,,,,
Q00568,CR01005,youtube,reach_rate,PRIMARY_SOURCE_MISSING,YELLOW,{'reach_rate': 'vendor_a'},,vendor_a,vendor_b's record lacks a valid value for reach_rate; filled from vendor_a (fallback).,No action needed. Tracked to monitor vendor coverage.,auto,[],,,,,,,
Q00569,CR01008,instagram,"handle, follower_count, reach_rate, growth_rate, meaningful_eng_rate",PRIMARY_SOURCE_MISSING,YELLOW,"{'handle': 'vendor_a', 'follower_count': 'vendor_a', 'reach_rate': 'vendor_a', 'growth_rate': 'vendor_a', 'meaningful_eng_rate': 'vendor_a'}",,vendor_a,vendor_b has no record for this channel; filled from vendor_a (fallback).,No action needed. Tracked to monitor vendor coverage.,auto,[],,,,,,,
Q00570,CR01008,youtube,"handle, follower_count, reach_rate, growth_rate, meaningful_eng_rate",PRIMARY_SOURCE_MISSING,YELLOW,"{'handle': 'vendor_a', 'follower_count': 'vendor_a', 'reach_rate': 'vendor_a', 'growth_rate': 'vendor_a', 'meaningful_eng_rate': 'vendor_a'}",,vendor_a,vendor_b has no record for this channel; filled from vendor_a (fallback).,No action needed. Tracked to monitor vendor coverage.,auto,[],,,,,,,
Q00571,CR01013,tiktok,meaningful_eng_rate,PRIMARY_SOURCE_MISSING,YELLOW,{'meaningful_eng_rate': 'vendor_a'},,vendor_a,vendor_b's record lacks a valid value for meaningful_eng_rate; filled from vendor_a (fallback).,No action needed. Tracked to monitor vendor coverage.,auto,[],,,,,,,
Q00572,CR01016,instagram,growth_rate,PRIMARY_SOURCE_MISSING,YELLOW,{'growth_rate': 'vendor_a'},,vendor_a,vendor_b's record lacks a valid value for growth_rate; filled from vendor_a (fallback).,No action needed. Tracked to monitor vendor coverage.,auto,[],,,,,,,
Q00573,CR01016,youtube,"handle, follower_count, reach_rate, growth_rate, meaningful_eng_rate",PRIMARY_SOURCE_MISSING,YELLOW,"{'handle': 'vendor_a', 'follower_count': 'vendor_a', 'reach_rate': 'vendor_a', 'growth_rate': 'vendor_a', 'meaningful_eng_rate': 'vendor_a'}",,vendor_a,vendor_b has no record for this channel; filled from vendor_a (fallback).,No action needed. Tracked to monitor vendor coverage.,auto,[],,,,,,,
Q00574,CR01017,instagram,reach_rate,PRIMARY_SOURCE_MISSING,YELLOW,{'reach_rate': 'vendor_a'},,vendor_a,vendor_b's record lacks a valid value for reach_rate; filled from vendor_a (fallback).,No action needed. Tracked to monitor vendor coverage.,auto,[],,,,,,,
Q00575,CR01017,youtube,"handle, follower_count, reach_rate, growth_rate, meaningful_eng_rate",PRIMARY_SOURCE_MISSING,YELLOW,"{'handle': 'vendor_a', 'follower_count': 'vendor_a', 'reach_rate': 'vendor_a', 'growth_rate': 'vendor_a', 'meaningful_eng_rate': 'vendor_a'}",,vendor_a,vendor_b has no record for this channel; filled from vendor_a (fallback).,No action needed. Tracked to monitor vendor coverage.,auto,[],,,,,,,
Q00576,CR01030,youtube,"handle, follower_count, reach_rate, growth_rate, meaningful_eng_rate",PRIMARY_SOURCE_MISSING,YELLOW,"{'handle': 'vendor_a', 'follower_count': 'vendor_a', 'reach_rate': 'vendor_a', 'growth_rate': 'vendor_a', 'meaningful_eng_rate': 'vendor_a'}",,vendor_a,vendor_b has no record for this channel; filled from vendor_a (fallback).,No action needed. Tracked to monitor vendor coverage.,auto,[],,,,,,,
Q00577,CR01031,youtube,growth_rate,PRIMARY_SOURCE_MISSING,YELLOW,{'growth_rate': 'vendor_a'},,vendor_a,vendor_b's record lacks a valid value for growth_rate; filled from vendor_a (fallback).,No action needed. Tracked to monitor vendor coverage.,auto,[],,,,,,,
Q00578,CR01034,instagram,growth_rate,PRIMARY_SOURCE_MISSING,YELLOW,{'growth_rate': 'vendor_a'},,vendor_a,vendor_b's record lacks a valid value for growth_rate; filled from vendor_a (fallback).,No action needed. Tracked to monitor vendor coverage.,auto,[],,,,,,,
Q00579,CR01035,tiktok,"handle, follower_count, reach_rate, growth_rate, meaningful_eng_rate",PRIMARY_SOURCE_MISSING,YELLOW,"{'handle': 'vendor_a', 'follower_count': 'vendor_a', 'reach_rate': 'vendor_a', 'growth_rate': 'vendor_a', 'meaningful_eng_rate': 'vendor_a'}",,vendor_a,vendor_b's record is stale; filled from vendor_a (fallback).,No action needed. Tracked to monitor vendor coverage.,auto,[],,,,,,,
Q00580,CR01035,youtube,"handle, follower_count, reach_rate, growth_rate, meaningful_eng_rate",PRIMARY_SOURCE_MISSING,YELLOW,"{'handle': 'vendor_a', 'follower_count': 'vendor_a', 'reach_rate': 'vendor_a', 'growth_rate': 'vendor_a', 'meaningful_eng_rate': 'vendor_a'}",,vendor_a,vendor_b has no record for this channel; filled from vendor_a (fallback).,No action needed. Tracked to monitor vendor coverage.,auto,[],,,,,,,
Q00581,CR01037,instagram,growth_rate,PRIMARY_SOURCE_MISSING,YELLOW,{'growth_rate': 'vendor_a'},,vendor_a,vendor_b's record lacks a valid value for growth_rate; filled from vendor_a (fallback).,No action needed. Tracked to monitor vendor coverage.,auto,[],,,,,,,
Q00582,CR01037,youtube,"handle, follower_count, reach_rate, growth_rate, meaningful_eng_rate",PRIMARY_SOURCE_MISSING,YELLOW,"{'handle': 'vendor_a', 'follower_count': 'vendor_a', 'reach_rate': 'vendor_a', 'growth_rate': 'vendor_a', 'meaningful_eng_rate': 'vendor_a'}",,vendor_a,vendor_b has no record for this channel; filled from vendor_a (fallback).,No action needed. Tracked to monitor vendor coverage.,auto,[],,,,,,,
Q00583,CR01039,youtube,"handle, meaningful_eng_rate",PRIMARY_SOURCE_MISSING,YELLOW,"{'handle': 'vendor_a', 'meaningful_eng_rate': 'vendor_a'}",,vendor_a,vendor_b has no record for this channel; filled from vendor_a (fallback).,No action needed. Tracked to monitor vendor coverage.,auto,[],,,,,,,
Q00584,CR01046,youtube,growth_rate,PRIMARY_SOURCE_MISSING,YELLOW,{'growth_rate': 'vendor_a'},,vendor_a,vendor_b's record lacks a valid value for growth_rate; filled from vendor_a (fallback).,No action needed. Tracked to monitor vendor coverage.,auto,[],,,,,,,
Q00585,CR01047,instagram,reach_rate,PRIMARY_SOURCE_MISSING,YELLOW,{'reach_rate': 'vendor_a'},,vendor_a,vendor_b's record lacks a valid value for reach_rate; filled from vendor_a (fallback).,No action needed. Tracked to monitor vendor coverage.,auto,[],,,,,,,
Q00586,CR01047,youtube,meaningful_eng_rate,PRIMARY_SOURCE_MISSING,YELLOW,{'meaningful_eng_rate': 'vendor_a'},,vendor_a,vendor_b's record lacks a valid value for meaningful_eng_rate; filled from vendor_a (fallback).,No action needed. Tracked to monitor vendor coverage.,auto,[],,,,,,,
Q00587,CR01051,instagram,"handle, follower_count, reach_rate, growth_rate, meaningful_eng_rate",PRIMARY_SOURCE_MISSING,YELLOW,"{'handle': 'vendor_a', 'follower_count': 'vendor_a', 'reach_rate': 'vendor_a', 'growth_rate': 'vendor_a', 'meaningful_eng_rate': 'vendor_a'}",,vendor_a,vendor_b has no record for this channel; filled from vendor_a (fallback).,No action needed. Tracked to monitor vendor coverage.,auto,[],,,,,,,
Q00588,CR01051,youtube,"handle, meaningful_eng_rate",PRIMARY_SOURCE_MISSING,YELLOW,"{'handle': 'vendor_a', 'meaningful_eng_rate': 'vendor_a'}",,vendor_a,vendor_b's record is stale; filled from vendor_a (fallback).,No action needed. Tracked to monitor vendor coverage.,auto,[],,,,,,,
Q00589,CR01053,youtube,"handle, follower_count, reach_rate, growth_rate, meaningful_eng_rate",PRIMARY_SOURCE_MISSING,YELLOW,"{'handle': 'vendor_a', 'follower_count': 'vendor_a', 'reach_rate': 'vendor_a', 'growth_rate': 'vendor_a', 'meaningful_eng_rate': 'vendor_a'}",,vendor_a,vendor_b has no record for this channel; filled from vendor_a (fallback).,No action needed. Tracked to monitor vendor coverage.,auto,[],,,,,,,
Q00590,CR01054,tiktok,handle,PRIMARY_SOURCE_MISSING,YELLOW,{'handle': 'vendor_a'},,vendor_a,vendor_b's record lacks a valid value for handle; filled from vendor_a (fallback).,No action needed. Tracked to monitor vendor coverage.,auto,[],,,,,,,
Q00591,CR01054,youtube,"handle, follower_count, reach_rate, growth_rate",PRIMARY_SOURCE_MISSING,YELLOW,"{'handle': 'vendor_c', 'follower_count': 'vendor_c', 'reach_rate': 'vendor_c', 'growth_rate': 'vendor_c'}",,vendor_c,vendor_b's record is stale; filled from vendor_c (fallback).,No action needed. Tracked to monitor vendor coverage.,auto,[],,,,,,,
Q00592,CR01055,youtube,growth_rate,PRIMARY_SOURCE_MISSING,YELLOW,{'growth_rate': 'vendor_a'},,vendor_a,vendor_b's record lacks a valid value for growth_rate; filled from vendor_a (fallback).,No action needed. Tracked to monitor vendor coverage.,auto,[],,,,,,,
Q00593,CR01056,instagram,"follower_count, reach_rate, growth_rate",PRIMARY_SOURCE_MISSING,YELLOW,"{'follower_count': 'vendor_c', 'reach_rate': 'vendor_c', 'growth_rate': 'vendor_c'}",,vendor_c,"vendor_b's record lacks a valid value for follower_count, reach_rate, growth_rate; filled from vendor_c (fallback).",No action needed. Tracked to monitor vendor coverage.,auto,[],,,,,,,
Q00594,CR01061,youtube,reach_rate,PRIMARY_SOURCE_MISSING,YELLOW,{'reach_rate': 'vendor_a'},,vendor_a,vendor_b's record lacks a valid value for reach_rate; filled from vendor_a (fallback).,No action needed. Tracked to monitor vendor coverage.,auto,[],,,,,,,
Q00595,CR01064,instagram,"follower_count, reach_rate, growth_rate",PRIMARY_SOURCE_MISSING,YELLOW,"{'follower_count': 'vendor_c', 'reach_rate': 'vendor_c', 'growth_rate': 'vendor_c'}",,vendor_c,"vendor_b's record lacks a valid value for follower_count, reach_rate, growth_rate; filled from vendor_c (fallback).",No action needed. Tracked to monitor vendor coverage.,auto,[],,,,,,,
Q00596,CR01064,tiktok,"handle, follower_count, reach_rate, growth_rate, meaningful_eng_rate",PRIMARY_SOURCE_MISSING,YELLOW,"{'handle': 'vendor_a', 'follower_count': 'vendor_a', 'reach_rate': 'vendor_a', 'growth_rate': 'vendor_a', 'meaningful_eng_rate': 'vendor_a'}",,vendor_a,vendor_b has no record for this channel; filled from vendor_a (fallback).,No action needed. Tracked to monitor vendor coverage.,auto,[],,,,,,,
Q00597,CR01064,youtube,"handle, follower_count, reach_rate, growth_rate, meaningful_eng_rate",PRIMARY_SOURCE_MISSING,YELLOW,"{'handle': 'vendor_a', 'follower_count': 'vendor_a', 'reach_rate': 'vendor_a', 'growth_rate': 'vendor_a', 'meaningful_eng_rate': 'vendor_a'}",,vendor_a,vendor_b has no record for this channel; filled from vendor_a (fallback).,No action needed. Tracked to monitor vendor coverage.,auto,[],,,,,,,
Q00598,CR01071,tiktok,"handle, follower_count, reach_rate, growth_rate, meaningful_eng_rate",PRIMARY_SOURCE_MISSING,YELLOW,"{'handle': 'vendor_a', 'follower_count': 'vendor_a', 'reach_rate': 'vendor_a', 'growth_rate': 'vendor_a', 'meaningful_eng_rate': 'vendor_a'}",,vendor_a,vendor_b has no record for this channel; filled from vendor_a (fallback).,No action needed. Tracked to monitor vendor coverage.,auto,[],,,,,,,
Q00599,CR01071,youtube,"handle, follower_count, reach_rate, growth_rate",PRIMARY_SOURCE_MISSING,YELLOW,"{'handle': 'vendor_a', 'follower_count': 'vendor_a', 'reach_rate': 'vendor_a', 'growth_rate': 'vendor_a'}",,vendor_a,vendor_b has no record for this channel; filled from vendor_a (fallback).,No action needed. Tracked to monitor vendor coverage.,auto,[],,,,,,,
Q00600,CR01077,youtube,"handle, follower_count, reach_rate",PRIMARY_SOURCE_MISSING,YELLOW,"{'handle': 'vendor_c', 'follower_count': 'vendor_c', 'reach_rate': 'vendor_c'}",,vendor_c,vendor_b has no record for this channel; filled from vendor_c (fallback).,No action needed. Tracked to monitor vendor coverage.,auto,[],,,,,,,
Q00601,CR01078,youtube,"handle, follower_count, reach_rate, growth_rate, meaningful_eng_rate",PRIMARY_SOURCE_MISSING,YELLOW,"{'handle': 'vendor_a', 'follower_count': 'vendor_a', 'reach_rate': 'vendor_a', 'growth_rate': 'vendor_a', 'meaningful_eng_rate': 'vendor_a'}",,vendor_a,vendor_b's record is stale; filled from vendor_a (fallback).,No action needed. Tracked to monitor vendor coverage.,auto,[],,,,,,,
Q00602,CR01084,youtube,"handle, follower_count, reach_rate, growth_rate, meaningful_eng_rate",PRIMARY_SOURCE_MISSING,YELLOW,"{'handle': 'vendor_a', 'follower_count': 'vendor_a', 'reach_rate': 'vendor_a', 'growth_rate': 'vendor_a', 'meaningful_eng_rate': 'vendor_a'}",,vendor_a,vendor_b has no record for this channel; filled from vendor_a (fallback).,No action needed. Tracked to monitor vendor coverage.,auto,[],,,,,,,
Q00603,CR01085,instagram,growth_rate,PRIMARY_SOURCE_MISSING,YELLOW,{'growth_rate': 'vendor_a'},,vendor_a,vendor_b's record lacks a valid value for growth_rate; filled from vendor_a (fallback).,No action needed. Tracked to monitor vendor coverage.,auto,[],,,,,,,
Q00604,CR01085,youtube,"handle, follower_count, reach_rate, growth_rate, meaningful_eng_rate",PRIMARY_SOURCE_MISSING,YELLOW,"{'handle': 'vendor_a', 'follower_count': 'vendor_a', 'reach_rate': 'vendor_a', 'growth_rate': 'vendor_a', 'meaningful_eng_rate': 'vendor_a'}",,vendor_a,vendor_b has no record for this channel; filled from vendor_a (fallback).,No action needed. Tracked to monitor vendor coverage.,auto,[],,,,,,,
Q00605,CR01086,instagram,"growth_rate, meaningful_eng_rate",PRIMARY_SOURCE_MISSING,YELLOW,"{'growth_rate': 'vendor_a', 'meaningful_eng_rate': 'vendor_a'}",,vendor_a,"vendor_b's record lacks a valid value for growth_rate, meaningful_eng_rate; filled from vendor_a (fallback).",No action needed. Tracked to monitor vendor coverage.,auto,[],,,,,,,
Q00606,CR01091,youtube,"handle, follower_count, reach_rate, growth_rate, meaningful_eng_rate",PRIMARY_SOURCE_MISSING,YELLOW,"{'handle': 'vendor_a', 'follower_count': 'vendor_a', 'reach_rate': 'vendor_a', 'growth_rate': 'vendor_a', 'meaningful_eng_rate': 'vendor_a'}",,vendor_a,vendor_b's record is stale; filled from vendor_a (fallback).,No action needed. Tracked to monitor vendor coverage.,auto,[],,,,,,,
Q00607,CR01092,youtube,"handle, follower_count, reach_rate, growth_rate, meaningful_eng_rate",PRIMARY_SOURCE_MISSING,YELLOW,"{'handle': 'vendor_a', 'follower_count': 'vendor_a', 'reach_rate': 'vendor_a', 'growth_rate': 'vendor_a', 'meaningful_eng_rate': 'vendor_a'}",,vendor_a,vendor_b has no record for this channel; filled from vendor_a (fallback).,No action needed. Tracked to monitor vendor coverage.,auto,[],,,,,,,
Q00608,CR01093,youtube,"handle, follower_count, reach_rate, growth_rate, meaningful_eng_rate",PRIMARY_SOURCE_MISSING,YELLOW,"{'handle': 'vendor_a', 'follower_count': 'vendor_a', 'reach_rate': 'vendor_a', 'growth_rate': 'vendor_a', 'meaningful_eng_rate': 'vendor_a'}",,vendor_a,vendor_b has no record for this channel; filled from vendor_a (fallback).,No action needed. Tracked to monitor vendor coverage.,auto,[],,,,,,,
Q00609,CR01096,youtube,"handle, follower_count, reach_rate, growth_rate, meaningful_eng_rate",PRIMARY_SOURCE_MISSING,YELLOW,"{'handle': 'vendor_a', 'follower_count': 'vendor_a', 'reach_rate': 'vendor_a', 'growth_rate': 'vendor_a', 'meaningful_eng_rate': 'vendor_a'}",,vendor_a,vendor_b has no record for this channel; filled from vendor_a (fallback).,No action needed. Tracked to monitor vendor coverage.,auto,[],,,,,,,
Q00610,CR01100,tiktok,"handle, follower_count, reach_rate, growth_rate, meaningful_eng_rate",PRIMARY_SOURCE_MISSING,YELLOW,"{'handle': 'vendor_a', 'follower_count': 'vendor_a', 'reach_rate': 'vendor_a', 'growth_rate': 'vendor_a', 'meaningful_eng_rate': 'vendor_a'}",,vendor_a,vendor_b has no record for this channel; filled from vendor_a (fallback).,No action needed. Tracked to monitor vendor coverage.,auto,[],,,,,,,
Q00611,CR01102,youtube,"handle, follower_count, reach_rate, growth_rate, meaningful_eng_rate",PRIMARY_SOURCE_MISSING,YELLOW,"{'handle': 'vendor_a', 'follower_count': 'vendor_a', 'reach_rate': 'vendor_a', 'growth_rate': 'vendor_a', 'meaningful_eng_rate': 'vendor_a'}",,vendor_a,vendor_b has no record for this channel; filled from vendor_a (fallback).,No action needed. Tracked to monitor vendor coverage.,auto,[],,,,,,,
Q00612,CR01103,youtube,growth_rate,PRIMARY_SOURCE_MISSING,YELLOW,{'growth_rate': 'vendor_a'},,vendor_a,vendor_b's record lacks a valid value for growth_rate; filled from vendor_a (fallback).,No action needed. Tracked to monitor vendor coverage.,auto,[],,,,,,,
Q00613,CR01105,youtube,"handle, follower_count, reach_rate, growth_rate, meaningful_eng_rate",PRIMARY_SOURCE_MISSING,YELLOW,"{'handle': 'vendor_a', 'follower_count': 'vendor_a', 'reach_rate': 'vendor_a', 'growth_rate': 'vendor_a', 'meaningful_eng_rate': 'vendor_a'}",,vendor_a,vendor_b has no record for this channel; filled from vendor_a (fallback).,No action needed. Tracked to monitor vendor coverage.,auto,[],,,,,,,
Q00614,CR01106,instagram,"reach_rate, meaningful_eng_rate",PRIMARY_SOURCE_MISSING,YELLOW,"{'reach_rate': 'vendor_a', 'meaningful_eng_rate': 'vendor_a'}",,vendor_a,"vendor_b's record lacks a valid value for reach_rate, meaningful_eng_rate; filled from vendor_a (fallback).",No action needed. Tracked to monitor vendor coverage.,auto,[],,,,,,,
Q00615,CR01106,youtube,"handle, follower_count, reach_rate, growth_rate, meaningful_eng_rate",PRIMARY_SOURCE_MISSING,YELLOW,"{'handle': 'vendor_a', 'follower_count': 'vendor_a', 'reach_rate': 'vendor_a', 'growth_rate': 'vendor_a', 'meaningful_eng_rate': 'vendor_a'}",,vendor_a,vendor_b has no record for this channel; filled from vendor_a (fallback).,No action needed. Tracked to monitor vendor coverage.,auto,[],,,,,,,
Q00616,CR01108,youtube,"handle, follower_count, reach_rate, growth_rate, meaningful_eng_rate",PRIMARY_SOURCE_MISSING,YELLOW,"{'handle': 'vendor_a', 'follower_count': 'vendor_a', 'reach_rate': 'vendor_a', 'growth_rate': 'vendor_a', 'meaningful_eng_rate': 'vendor_a'}",,vendor_a,vendor_b has no record for this channel; filled from vendor_a (fallback).,No action needed. Tracked to monitor vendor coverage.,auto,[],,,,,,,
Q00617,CR01109,tiktok,growth_rate,PRIMARY_SOURCE_MISSING,YELLOW,{'growth_rate': 'vendor_c'},,vendor_c,vendor_b's record lacks a valid value for growth_rate; filled from vendor_c (fallback).,No action needed. Tracked to monitor vendor coverage.,auto,[],,,,,,,
Q00618,CR01111,youtube,"handle, follower_count, reach_rate, growth_rate, meaningful_eng_rate",PRIMARY_SOURCE_MISSING,YELLOW,"{'handle': 'vendor_a', 'follower_count': 'vendor_a', 'reach_rate': 'vendor_a', 'growth_rate': 'vendor_a', 'meaningful_eng_rate': 'vendor_a'}",,vendor_a,vendor_b has no record for this channel; filled from vendor_a (fallback).,No action needed. Tracked to monitor vendor coverage.,auto,[],,,,,,,
Q00619,CR01112,youtube,"handle, follower_count, reach_rate, growth_rate, meaningful_eng_rate",PRIMARY_SOURCE_MISSING,YELLOW,"{'handle': 'vendor_a', 'follower_count': 'vendor_a', 'reach_rate': 'vendor_a', 'growth_rate': 'vendor_a', 'meaningful_eng_rate': 'vendor_a'}",,vendor_a,vendor_b has no record for this channel; filled from vendor_a (fallback).,No action needed. Tracked to monitor vendor coverage.,auto,[],,,,,,,
Q00620,CR01119,youtube,"handle, follower_count, reach_rate, growth_rate, meaningful_eng_rate",PRIMARY_SOURCE_MISSING,YELLOW,"{'handle': 'vendor_a', 'follower_count': 'vendor_a', 'reach_rate': 'vendor_a', 'growth_rate': 'vendor_a', 'meaningful_eng_rate': 'vendor_a'}",,vendor_a,vendor_b has no record for this channel; filled from vendor_a (fallback).,No action needed. Tracked to monitor vendor coverage.,auto,[],,,,,,,
Q00621,CR01121,youtube,"handle, follower_count, reach_rate, growth_rate, meaningful_eng_rate",PRIMARY_SOURCE_MISSING,YELLOW,"{'handle': 'vendor_a', 'follower_count': 'vendor_a', 'reach_rate': 'vendor_a', 'growth_rate': 'vendor_a', 'meaningful_eng_rate': 'vendor_a'}",,vendor_a,vendor_b has no record for this channel; filled from vendor_a (fallback).,No action needed. Tracked to monitor vendor coverage.,auto,[],,,,,,,
Q00622,CR01123,instagram,meaningful_eng_rate,PRIMARY_SOURCE_MISSING,YELLOW,{'meaningful_eng_rate': 'vendor_a'},,vendor_a,vendor_b's record lacks a valid value for meaningful_eng_rate; filled from vendor_a (fallback).,No action needed. Tracked to monitor vendor coverage.,auto,[],,,,,,,
Q00623,CR01130,youtube,"handle, follower_count, reach_rate, growth_rate, meaningful_eng_rate",PRIMARY_SOURCE_MISSING,YELLOW,"{'handle': 'vendor_a', 'follower_count': 'vendor_a', 'reach_rate': 'vendor_a', 'growth_rate': 'vendor_a', 'meaningful_eng_rate': 'vendor_a'}",,vendor_a,vendor_b has no record for this channel; filled from vendor_a (fallback).,No action needed. Tracked to monitor vendor coverage.,auto,[],,,,,,,
Q00624,CR01134,youtube,meaningful_eng_rate,PRIMARY_SOURCE_MISSING,YELLOW,{'meaningful_eng_rate': 'vendor_a'},,vendor_a,vendor_b's record lacks a valid value for meaningful_eng_rate; filled from vendor_a (fallback).,No action needed. Tracked to monitor vendor coverage.,auto,[],,,,,,,
Q00625,CR01136,youtube,"handle, follower_count, reach_rate, growth_rate, meaningful_eng_rate",PRIMARY_SOURCE_MISSING,YELLOW,"{'handle': 'vendor_a', 'follower_count': 'vendor_a', 'reach_rate': 'vendor_a', 'growth_rate': 'vendor_a', 'meaningful_eng_rate': 'vendor_a'}",,vendor_a,vendor_b's record is stale; filled from vendor_a (fallback).,No action needed. Tracked to monitor vendor coverage.,auto,[],,,,,,,
Q00626,CR01138,youtube,"handle, follower_count, reach_rate, growth_rate, meaningful_eng_rate",PRIMARY_SOURCE_MISSING,YELLOW,"{'handle': 'vendor_a', 'follower_count': 'vendor_a', 'reach_rate': 'vendor_a', 'growth_rate': 'vendor_a', 'meaningful_eng_rate': 'vendor_a'}",,vendor_a,vendor_b has no record for this channel; filled from vendor_a (fallback).,No action needed. Tracked to monitor vendor coverage.,auto,[],,,,,,,
Q00627,CR01144,tiktok,"handle, follower_count, reach_rate, growth_rate, meaningful_eng_rate",PRIMARY_SOURCE_MISSING,YELLOW,"{'handle': 'vendor_a', 'follower_count': 'vendor_a', 'reach_rate': 'vendor_a', 'growth_rate': 'vendor_a', 'meaningful_eng_rate': 'vendor_a'}",,vendor_a,vendor_b has no record for this channel; filled from vendor_a (fallback).,No action needed. Tracked to monitor vendor coverage.,auto,[],,,,,,,
Q00628,CR01144,youtube,meaningful_eng_rate,PRIMARY_SOURCE_MISSING,YELLOW,{'meaningful_eng_rate': 'vendor_a'},,vendor_a,vendor_b's record lacks a valid value for meaningful_eng_rate; filled from vendor_a (fallback).,No action needed. Tracked to monitor vendor coverage.,auto,[],,,,,,,
Q00629,CR01145,instagram,"handle, follower_count, reach_rate, growth_rate, meaningful_eng_rate",PRIMARY_SOURCE_MISSING,YELLOW,"{'handle': 'vendor_a', 'follower_count': 'vendor_a', 'reach_rate': 'vendor_a', 'growth_rate': 'vendor_a', 'meaningful_eng_rate': 'vendor_a'}",,vendor_a,vendor_b has no record for this channel; filled from vendor_a (fallback).,No action needed. Tracked to monitor vendor coverage.,auto,[],,,,,,,
Q00630,CR01145,youtube,meaningful_eng_rate,PRIMARY_SOURCE_MISSING,YELLOW,{'meaningful_eng_rate': 'vendor_a'},,vendor_a,vendor_b's record lacks a valid value for meaningful_eng_rate; filled from vendor_a (fallback).,No action needed. Tracked to monitor vendor coverage.,auto,[],,,,,,,
Q00631,CR01147,instagram,"handle, follower_count, reach_rate, growth_rate, meaningful_eng_rate",PRIMARY_SOURCE_MISSING,YELLOW,"{'handle': 'vendor_a', 'follower_count': 'vendor_a', 'reach_rate': 'vendor_a', 'growth_rate': 'vendor_a', 'meaningful_eng_rate': 'vendor_a'}",,vendor_a,vendor_b's record is stale; filled from vendor_a (fallback).,No action needed. Tracked to monitor vendor coverage.,auto,[],,,,,,,
Q00632,CR01147,youtube,"handle, follower_count, reach_rate, growth_rate, meaningful_eng_rate",PRIMARY_SOURCE_MISSING,YELLOW,"{'handle': 'vendor_a', 'follower_count': 'vendor_a', 'reach_rate': 'vendor_a', 'growth_rate': 'vendor_a', 'meaningful_eng_rate': 'vendor_a'}",,vendor_a,vendor_b has no record for this channel; filled from vendor_a (fallback).,No action needed. Tracked to monitor vendor coverage.,auto,[],,,,,,,
Q00633,CR01148,instagram,growth_rate,PRIMARY_SOURCE_MISSING,YELLOW,{'growth_rate': 'vendor_c'},,vendor_c,vendor_b's record lacks a valid value for growth_rate; filled from vendor_c (fallback).,No action needed. Tracked to monitor vendor coverage.,auto,[],,,,,,,
Q00634,CR01151,instagram,"handle, follower_count, reach_rate, growth_rate",PRIMARY_SOURCE_MISSING,YELLOW,"{'handle': 'vendor_a', 'follower_count': 'vendor_a', 'reach_rate': 'vendor_a', 'growth_rate': 'vendor_a'}",,vendor_a,vendor_b's record is stale; filled from vendor_a (fallback).,No action needed. Tracked to monitor vendor coverage.,auto,[],,,,,,,
Q00635,CR01152,tiktok,"handle, follower_count, reach_rate, growth_rate",PRIMARY_SOURCE_MISSING,YELLOW,"{'handle': 'vendor_c', 'follower_count': 'vendor_c', 'reach_rate': 'vendor_c', 'growth_rate': 'vendor_c'}",,vendor_c,vendor_b's record is stale; filled from vendor_c (fallback).,No action needed. Tracked to monitor vendor coverage.,auto,[],,,,,,,
Q00636,CR01156,youtube,"handle, follower_count, reach_rate, growth_rate, meaningful_eng_rate",PRIMARY_SOURCE_MISSING,YELLOW,"{'handle': 'vendor_a', 'follower_count': 'vendor_a', 'reach_rate': 'vendor_a', 'growth_rate': 'vendor_a', 'meaningful_eng_rate': 'vendor_a'}",,vendor_a,vendor_b has no record for this channel; filled from vendor_a (fallback).,No action needed. Tracked to monitor vendor coverage.,auto,[],,,,,,,
Q00637,CR01160,instagram,handle,PRIMARY_SOURCE_MISSING,YELLOW,{'handle': 'vendor_c'},,vendor_c,vendor_b has no record for this channel; filled from vendor_c (fallback).,No action needed. Tracked to monitor vendor coverage.,auto,[],,,,,,,
Q00638,CR01160,youtube,"handle, meaningful_eng_rate",PRIMARY_SOURCE_MISSING,YELLOW,"{'handle': 'vendor_a', 'meaningful_eng_rate': 'vendor_a'}",,vendor_a,vendor_b has no record for this channel; filled from vendor_a (fallback).,No action needed. Tracked to monitor vendor coverage.,auto,[],,,,,,,
Q00639,CR01161,youtube,"handle, follower_count, reach_rate, growth_rate, meaningful_eng_rate",PRIMARY_SOURCE_MISSING,YELLOW,"{'handle': 'vendor_a', 'follower_count': 'vendor_a', 'reach_rate': 'vendor_a', 'growth_rate': 'vendor_a', 'meaningful_eng_rate': 'vendor_a'}",,vendor_a,vendor_b has no record for this channel; filled from vendor_a (fallback).,No action needed. Tracked to monitor vendor coverage.,auto,[],,,,,,,
Q00640,CR01165,youtube,"handle, follower_count, reach_rate, growth_rate, meaningful_eng_rate",PRIMARY_SOURCE_MISSING,YELLOW,"{'handle': 'vendor_a', 'follower_count': 'vendor_a', 'reach_rate': 'vendor_a', 'growth_rate': 'vendor_a', 'meaningful_eng_rate': 'vendor_a'}",,vendor_a,vendor_b has no record for this channel; filled from vendor_a (fallback).,No action needed. Tracked to monitor vendor coverage.,auto,[],,,,,,,
Q00641,CR01168,youtube,handle,PRIMARY_SOURCE_MISSING,YELLOW,{'handle': 'vendor_a'},,vendor_a,vendor_b's record lacks a valid value for handle; filled from vendor_a (fallback).,No action needed. Tracked to monitor vendor coverage.,auto,[],,,,,,,
Q00642,CR01172,youtube,"handle, follower_count, reach_rate, growth_rate, meaningful_eng_rate",PRIMARY_SOURCE_MISSING,YELLOW,"{'handle': 'vendor_a', 'follower_count': 'vendor_a', 'reach_rate': 'vendor_a', 'growth_rate': 'vendor_a', 'meaningful_eng_rate': 'vendor_a'}",,vendor_a,vendor_b has no record for this channel; filled from vendor_a (fallback).,No action needed. Tracked to monitor vendor coverage.,auto,[],,,,,,,
Q00643,CR01174,youtube,meaningful_eng_rate,PRIMARY_SOURCE_MISSING,YELLOW,{'meaningful_eng_rate': 'vendor_c'},,vendor_c,vendor_b's record lacks a valid value for meaningful_eng_rate; filled from vendor_c (fallback).,No action needed. Tracked to monitor vendor coverage.,auto,[],,,,,,,
Q00644,CR01175,instagram,"handle, follower_count, reach_rate, growth_rate, meaningful_eng_rate",PRIMARY_SOURCE_MISSING,YELLOW,"{'handle': 'vendor_a', 'follower_count': 'vendor_a', 'reach_rate': 'vendor_a', 'growth_rate': 'vendor_a', 'meaningful_eng_rate': 'vendor_a'}",,vendor_a,vendor_b's record is stale; filled from vendor_a (fallback).,No action needed. Tracked to monitor vendor coverage.,auto,[],,,,,,,
Q00645,CR01181,instagram,"handle, follower_count, reach_rate, growth_rate, meaningful_eng_rate",PRIMARY_SOURCE_MISSING,YELLOW,"{'handle': 'vendor_a', 'follower_count': 'vendor_a', 'reach_rate': 'vendor_a', 'growth_rate': 'vendor_a', 'meaningful_eng_rate': 'vendor_a'}",,vendor_a,vendor_b's record is stale; filled from vendor_a (fallback).,No action needed. Tracked to monitor vendor coverage.,auto,[],,,,,,,
Q00646,CR01184,youtube,"handle, follower_count, reach_rate, growth_rate, meaningful_eng_rate",PRIMARY_SOURCE_MISSING,YELLOW,"{'handle': 'vendor_a', 'follower_count': 'vendor_a', 'reach_rate': 'vendor_a', 'growth_rate': 'vendor_a', 'meaningful_eng_rate': 'vendor_a'}",,vendor_a,vendor_b has no record for this channel; filled from vendor_a (fallback).,No action needed. Tracked to monitor vendor coverage.,auto,[],,,,,,,
Q00647,CR01187,instagram,"handle, follower_count, reach_rate, meaningful_eng_rate",PRIMARY_SOURCE_MISSING,YELLOW,"{'handle': 'vendor_a', 'follower_count': 'vendor_a', 'reach_rate': 'vendor_a', 'meaningful_eng_rate': 'vendor_a'}",,vendor_a,vendor_b has no record for this channel; filled from vendor_a (fallback).,No action needed. Tracked to monitor vendor coverage.,auto,[],,,,,,,
Q00648,CR01187,youtube,"handle, follower_count, reach_rate, growth_rate, meaningful_eng_rate",PRIMARY_SOURCE_MISSING,YELLOW,"{'handle': 'vendor_a', 'follower_count': 'vendor_a', 'reach_rate': 'vendor_a', 'growth_rate': 'vendor_a', 'meaningful_eng_rate': 'vendor_a'}",,vendor_a,vendor_b has no record for this channel; filled from vendor_a (fallback).,No action needed. Tracked to monitor vendor coverage.,auto,[],,,,,,,
Q00649,CR01189,instagram,growth_rate,PRIMARY_SOURCE_MISSING,YELLOW,{'growth_rate': 'vendor_a'},,vendor_a,vendor_b's record lacks a valid value for growth_rate; filled from vendor_a (fallback).,No action needed. Tracked to monitor vendor coverage.,auto,[],,,,,,,
Q00650,CR01189,youtube,"handle, follower_count, reach_rate, growth_rate, meaningful_eng_rate",PRIMARY_SOURCE_MISSING,YELLOW,"{'handle': 'vendor_a', 'follower_count': 'vendor_a', 'reach_rate': 'vendor_a', 'growth_rate': 'vendor_a', 'meaningful_eng_rate': 'vendor_a'}",,vendor_a,vendor_b has no record for this channel; filled from vendor_a (fallback).,No action needed. Tracked to monitor vendor coverage.,auto,[],,,,,,,
Q00651,CR01191,youtube,"handle, follower_count, reach_rate, growth_rate, meaningful_eng_rate",PRIMARY_SOURCE_MISSING,YELLOW,"{'handle': 'vendor_a', 'follower_count': 'vendor_a', 'reach_rate': 'vendor_a', 'growth_rate': 'vendor_a', 'meaningful_eng_rate': 'vendor_a'}",,vendor_a,vendor_b has no record for this channel; filled from vendor_a (fallback).,No action needed. Tracked to monitor vendor coverage.,auto,[],,,,,,,
Q00652,CR01194,youtube,growth_rate,PRIMARY_SOURCE_MISSING,YELLOW,{'growth_rate': 'vendor_a'},,vendor_a,vendor_b's record lacks a valid value for growth_rate; filled from vendor_a (fallback).,No action needed. Tracked to monitor vendor coverage.,auto,[],,,,,,,
Q00653,CR01199,instagram,"handle, follower_count, reach_rate, growth_rate, meaningful_eng_rate",PRIMARY_SOURCE_MISSING,YELLOW,"{'handle': 'vendor_a', 'follower_count': 'vendor_a', 'reach_rate': 'vendor_a', 'growth_rate': 'vendor_a', 'meaningful_eng_rate': 'vendor_a'}",,vendor_a,vendor_b's record is stale; filled from vendor_a (fallback).,No action needed. Tracked to monitor vendor coverage.,auto,[],,,,,,,
Q00654,CR01199,youtube,"handle, follower_count, reach_rate, growth_rate, meaningful_eng_rate",PRIMARY_SOURCE_MISSING,YELLOW,"{'handle': 'vendor_a', 'follower_count': 'vendor_a', 'reach_rate': 'vendor_a', 'growth_rate': 'vendor_a', 'meaningful_eng_rate': 'vendor_a'}",,vendor_a,vendor_b has no record for this channel; filled from vendor_a (fallback).,No action needed. Tracked to monitor vendor coverage.,auto,[],,,,,,,
Q00655,CR01200,instagram,"handle, follower_count, reach_rate, growth_rate, meaningful_eng_rate",PRIMARY_SOURCE_MISSING,YELLOW,"{'handle': 'vendor_a', 'follower_count': 'vendor_a', 'reach_rate': 'vendor_a', 'growth_rate': 'vendor_a', 'meaningful_eng_rate': 'vendor_a'}",,vendor_a,vendor_b's record is stale; filled from vendor_a (fallback).,No action needed. Tracked to monitor vendor coverage.,auto,[],,,,,,,
Q00656,CR01200,youtube,"handle, follower_count, reach_rate, growth_rate",PRIMARY_SOURCE_MISSING,YELLOW,"{'handle': 'vendor_a', 'follower_count': 'vendor_a', 'reach_rate': 'vendor_a', 'growth_rate': 'vendor_a'}",,vendor_a,vendor_b has no record for this channel; filled from vendor_a (fallback).,No action needed. Tracked to monitor vendor coverage.,auto,[],,,,,,,
Q00657,CR01201,youtube,growth_rate,PRIMARY_SOURCE_MISSING,YELLOW,{'growth_rate': 'vendor_a'},,vendor_a,vendor_b's record lacks a valid value for growth_rate; filled from vendor_a (fallback).,No action needed. Tracked to monitor vendor coverage.,auto,[],,,,,,,
Q00658,CR01204,tiktok,"handle, follower_count, reach_rate, growth_rate, meaningful_eng_rate",PRIMARY_SOURCE_MISSING,YELLOW,"{'handle': 'vendor_a', 'follower_count': 'vendor_a', 'reach_rate': 'vendor_a', 'growth_rate': 'vendor_a', 'meaningful_eng_rate': 'vendor_a'}",,vendor_a,vendor_b's record is stale; filled from vendor_a (fallback).,No action needed. Tracked to monitor vendor coverage.,auto,[],,,,,,,
Q00659,CR01208,youtube,"handle, follower_count, growth_rate, meaningful_eng_rate",PRIMARY_SOURCE_MISSING,YELLOW,"{'handle': 'vendor_a', 'follower_count': 'vendor_a', 'growth_rate': 'vendor_a', 'meaningful_eng_rate': 'vendor_a'}",,vendor_a,vendor_b has no record for this channel; filled from vendor_a (fallback).,No action needed. Tracked to monitor vendor coverage.,auto,[],,,,,,,
Q00660,CR01213,youtube,meaningful_eng_rate,PRIMARY_SOURCE_MISSING,YELLOW,{'meaningful_eng_rate': 'vendor_a'},,vendor_a,vendor_b's record lacks a valid value for meaningful_eng_rate; filled from vendor_a (fallback).,No action needed. Tracked to monitor vendor coverage.,auto,[],,,,,,,
Q00661,CR01215,youtube,"handle, follower_count, reach_rate, growth_rate, meaningful_eng_rate",PRIMARY_SOURCE_MISSING,YELLOW,"{'handle': 'vendor_a', 'follower_count': 'vendor_a', 'reach_rate': 'vendor_a', 'growth_rate': 'vendor_a', 'meaningful_eng_rate': 'vendor_a'}",,vendor_a,vendor_b has no record for this channel; filled from vendor_a (fallback).,No action needed. Tracked to monitor vendor coverage.,auto,[],,,,,,,
Q00662,CR01217,youtube,"handle, follower_count, reach_rate, growth_rate, meaningful_eng_rate",PRIMARY_SOURCE_MISSING,YELLOW,"{'handle': 'vendor_a', 'follower_count': 'vendor_a', 'reach_rate': 'vendor_a', 'growth_rate': 'vendor_a', 'meaningful_eng_rate': 'vendor_a'}",,vendor_a,vendor_b has no record for this channel; filled from vendor_a (fallback).,No action needed. Tracked to monitor vendor coverage.,auto,[],,,,,,,
Q00663,CR01223,youtube,"handle, follower_count, reach_rate, growth_rate, meaningful_eng_rate",PRIMARY_SOURCE_MISSING,YELLOW,"{'handle': 'vendor_a', 'follower_count': 'vendor_a', 'reach_rate': 'vendor_a', 'growth_rate': 'vendor_a', 'meaningful_eng_rate': 'vendor_a'}",,vendor_a,vendor_b has no record for this channel; filled from vendor_a (fallback).,No action needed. Tracked to monitor vendor coverage.,auto,[],,,,,,,
Q00664,CR01224,tiktok,handle,PRIMARY_SOURCE_MISSING,YELLOW,{'handle': 'vendor_c'},,vendor_c,vendor_b's record lacks a valid value for handle; filled from vendor_c (fallback).,No action needed. Tracked to monitor vendor coverage.,auto,[],,,,,,,
Q00665,CR01224,youtube,"handle, follower_count, reach_rate, growth_rate, meaningful_eng_rate",PRIMARY_SOURCE_MISSING,YELLOW,"{'handle': 'vendor_a', 'follower_count': 'vendor_a', 'reach_rate': 'vendor_a', 'growth_rate': 'vendor_a', 'meaningful_eng_rate': 'vendor_a'}",,vendor_a,vendor_b has no record for this channel; filled from vendor_a (fallback).,No action needed. Tracked to monitor vendor coverage.,auto,[],,,,,,,
Q00666,CR01228,instagram,"handle, growth_rate, meaningful_eng_rate",PRIMARY_SOURCE_MISSING,YELLOW,"{'handle': 'vendor_a', 'growth_rate': 'vendor_a', 'meaningful_eng_rate': 'vendor_a'}",,vendor_a,"vendor_b's record lacks a valid value for handle, growth_rate, meaningful_eng_rate; filled from vendor_a (fallback).",No action needed. Tracked to monitor vendor coverage.,auto,[],,,,,,,
Q00667,CR01228,youtube,"handle, follower_count, reach_rate, growth_rate, meaningful_eng_rate",PRIMARY_SOURCE_MISSING,YELLOW,"{'handle': 'vendor_a', 'follower_count': 'vendor_a', 'reach_rate': 'vendor_a', 'growth_rate': 'vendor_a', 'meaningful_eng_rate': 'vendor_a'}",,vendor_a,vendor_b's record was excluded by the identity check; filled from vendor_a (fallback).,No action needed. Tracked to monitor vendor coverage.,auto,[],,,,,,,
Q00668,CR01229,youtube,"handle, follower_count, reach_rate, growth_rate, meaningful_eng_rate",PRIMARY_SOURCE_MISSING,YELLOW,"{'handle': 'vendor_a', 'follower_count': 'vendor_a', 'reach_rate': 'vendor_a', 'growth_rate': 'vendor_a', 'meaningful_eng_rate': 'vendor_a'}",,vendor_a,vendor_b has no record for this channel; filled from vendor_a (fallback).,No action needed. Tracked to monitor vendor coverage.,auto,[],,,,,,,
Q00669,CR01231,youtube,"handle, follower_count, reach_rate, growth_rate, meaningful_eng_rate",PRIMARY_SOURCE_MISSING,YELLOW,"{'handle': 'vendor_a', 'follower_count': 'vendor_a', 'reach_rate': 'vendor_a', 'growth_rate': 'vendor_a', 'meaningful_eng_rate': 'vendor_a'}",,vendor_a,vendor_b has no record for this channel; filled from vendor_a (fallback).,No action needed. Tracked to monitor vendor coverage.,auto,[],,,,,,,
Q00670,CR01233,instagram,growth_rate,PRIMARY_SOURCE_MISSING,YELLOW,{'growth_rate': 'vendor_a'},,vendor_a,vendor_b's record lacks a valid value for growth_rate; filled from vendor_a (fallback).,No action needed. Tracked to monitor vendor coverage.,auto,[],,,,,,,
Q00671,CR01233,youtube,"handle, follower_count, reach_rate, growth_rate",PRIMARY_SOURCE_MISSING,YELLOW,"{'handle': 'vendor_a', 'follower_count': 'vendor_a', 'reach_rate': 'vendor_a', 'growth_rate': 'vendor_a'}",,vendor_a,vendor_b has no record for this channel; filled from vendor_a (fallback).,No action needed. Tracked to monitor vendor coverage.,auto,[],,,,,,,
Q00672,CR01235,tiktok,"handle, follower_count, reach_rate, growth_rate",PRIMARY_SOURCE_MISSING,YELLOW,"{'handle': 'vendor_c', 'follower_count': 'vendor_c', 'reach_rate': 'vendor_c', 'growth_rate': 'vendor_c'}",,vendor_c,vendor_b has no record for this channel; filled from vendor_c (fallback).,No action needed. Tracked to monitor vendor coverage.,auto,[],,,,,,,
Q00673,CR01235,youtube,"handle, follower_count, reach_rate, growth_rate, meaningful_eng_rate",PRIMARY_SOURCE_MISSING,YELLOW,"{'handle': 'vendor_a', 'follower_count': 'vendor_a', 'reach_rate': 'vendor_a', 'growth_rate': 'vendor_a', 'meaningful_eng_rate': 'vendor_a'}",,vendor_a,vendor_b has no record for this channel; filled from vendor_a (fallback).,No action needed. Tracked to monitor vendor coverage.,auto,[],,,,,,,
Q00674,CR01240,youtube,"handle, follower_count, reach_rate, growth_rate, meaningful_eng_rate",PRIMARY_SOURCE_MISSING,YELLOW,"{'handle': 'vendor_a', 'follower_count': 'vendor_a', 'reach_rate': 'vendor_a', 'growth_rate': 'vendor_a', 'meaningful_eng_rate': 'vendor_a'}",,vendor_a,vendor_b has no record for this channel; filled from vendor_a (fallback).,No action needed. Tracked to monitor vendor coverage.,auto,[],,,,,,,
Q00675,CR01241,instagram,"handle, follower_count, reach_rate, growth_rate",PRIMARY_SOURCE_MISSING,YELLOW,"{'handle': 'vendor_a', 'follower_count': 'vendor_a', 'reach_rate': 'vendor_c', 'growth_rate': 'vendor_a'}",,"vendor_a, vendor_c","vendor_b's record is stale; filled from vendor_a, vendor_c (fallback).",No action needed. Tracked to monitor vendor coverage.,auto,[],,,,,,,
Q00676,CR01241,youtube,meaningful_eng_rate,PRIMARY_SOURCE_MISSING,YELLOW,{'meaningful_eng_rate': 'vendor_c'},,vendor_c,vendor_b's record lacks a valid value for meaningful_eng_rate; filled from vendor_c (fallback).,No action needed. Tracked to monitor vendor coverage.,auto,[],,,,,,,
Q00677,CR01243,instagram,"handle, follower_count, reach_rate, growth_rate, meaningful_eng_rate",PRIMARY_SOURCE_MISSING,YELLOW,"{'handle': 'vendor_a', 'follower_count': 'vendor_a', 'reach_rate': 'vendor_a', 'growth_rate': 'vendor_a', 'meaningful_eng_rate': 'vendor_a'}",,vendor_a,vendor_b has no record for this channel; filled from vendor_a (fallback).,No action needed. Tracked to monitor vendor coverage.,auto,[],,,,,,,
Q00678,CR01246,youtube,meaningful_eng_rate,PRIMARY_SOURCE_MISSING,YELLOW,{'meaningful_eng_rate': 'vendor_a'},,vendor_a,vendor_b's record lacks a valid value for meaningful_eng_rate; filled from vendor_a (fallback).,No action needed. Tracked to monitor vendor coverage.,auto,[],,,,,,,
Q00679,CR01248,tiktok,"handle, follower_count, reach_rate, growth_rate",PRIMARY_SOURCE_MISSING,YELLOW,"{'handle': 'vendor_c', 'follower_count': 'vendor_c', 'reach_rate': 'vendor_c', 'growth_rate': 'vendor_c'}",,vendor_c,vendor_b's record is stale; filled from vendor_c (fallback).,No action needed. Tracked to monitor vendor coverage.,auto,[],,,,,,,
Q00680,CR01248,youtube,"handle, follower_count, reach_rate, growth_rate, meaningful_eng_rate",PRIMARY_SOURCE_MISSING,YELLOW,"{'handle': 'vendor_a', 'follower_count': 'vendor_a', 'reach_rate': 'vendor_a', 'growth_rate': 'vendor_a', 'meaningful_eng_rate': 'vendor_a'}",,vendor_a,vendor_b has no record for this channel; filled from vendor_a (fallback).,No action needed. Tracked to monitor vendor coverage.,auto,[],,,,,,,
Q00681,CR01253,youtube,"handle, follower_count, reach_rate, growth_rate, meaningful_eng_rate",PRIMARY_SOURCE_MISSING,YELLOW,"{'handle': 'vendor_a', 'follower_count': 'vendor_a', 'reach_rate': 'vendor_a', 'growth_rate': 'vendor_a', 'meaningful_eng_rate': 'vendor_a'}",,vendor_a,vendor_b has no record for this channel; filled from vendor_a (fallback).,No action needed. Tracked to monitor vendor coverage.,auto,[],,,,,,,
Q00682,CR01254,tiktok,growth_rate,PRIMARY_SOURCE_MISSING,YELLOW,{'growth_rate': 'vendor_a'},,vendor_a,vendor_b's record lacks a valid value for growth_rate; filled from vendor_a (fallback).,No action needed. Tracked to monitor vendor coverage.,auto,[],,,,,,,
Q00683,CR01254,youtube,handle,PRIMARY_SOURCE_MISSING,YELLOW,{'handle': 'vendor_a'},,vendor_a,vendor_b's record lacks a valid value for handle; filled from vendor_a (fallback).,No action needed. Tracked to monitor vendor coverage.,auto,[],,,,,,,
Q00684,CR01255,tiktok,growth_rate,PRIMARY_SOURCE_MISSING,YELLOW,{'growth_rate': 'vendor_a'},,vendor_a,vendor_b's record lacks a valid value for growth_rate; filled from vendor_a (fallback).,No action needed. Tracked to monitor vendor coverage.,auto,[],,,,,,,
Q00685,CR01266,tiktok,"follower_count, reach_rate, growth_rate",PRIMARY_SOURCE_MISSING,YELLOW,"{'follower_count': 'vendor_a', 'reach_rate': 'vendor_a', 'growth_rate': 'vendor_a'}",,vendor_a,"vendor_b's record lacks a valid value for follower_count, reach_rate, growth_rate; filled from vendor_a (fallback).",No action needed. Tracked to monitor vendor coverage.,auto,[],,,,,,,
Q00686,CR01268,youtube,"handle, follower_count, reach_rate, growth_rate, meaningful_eng_rate",PRIMARY_SOURCE_MISSING,YELLOW,"{'handle': 'vendor_a', 'follower_count': 'vendor_a', 'reach_rate': 'vendor_a', 'growth_rate': 'vendor_a', 'meaningful_eng_rate': 'vendor_a'}",,vendor_a,vendor_b has no record for this channel; filled from vendor_a (fallback).,No action needed. Tracked to monitor vendor coverage.,auto,[],,,,,,,
Q00687,CR01270,youtube,growth_rate,PRIMARY_SOURCE_MISSING,YELLOW,{'growth_rate': 'vendor_a'},,vendor_a,vendor_b's record lacks a valid value for growth_rate; filled from vendor_a (fallback).,No action needed. Tracked to monitor vendor coverage.,auto,[],,,,,,,
Q00688,CR01274,tiktok,meaningful_eng_rate,PRIMARY_SOURCE_MISSING,YELLOW,{'meaningful_eng_rate': 'vendor_a'},,vendor_a,vendor_b's record lacks a valid value for meaningful_eng_rate; filled from vendor_a (fallback).,No action needed. Tracked to monitor vendor coverage.,auto,[],,,,,,,
Q00689,CR01274,youtube,growth_rate,PRIMARY_SOURCE_MISSING,YELLOW,{'growth_rate': 'vendor_a'},,vendor_a,vendor_b's record lacks a valid value for growth_rate; filled from vendor_a (fallback).,No action needed. Tracked to monitor vendor coverage.,auto,[],,,,,,,
Q00690,CR01283,instagram,"handle, follower_count, reach_rate, growth_rate, meaningful_eng_rate",PRIMARY_SOURCE_MISSING,YELLOW,"{'handle': 'vendor_a', 'follower_count': 'vendor_a', 'reach_rate': 'vendor_a', 'growth_rate': 'vendor_a', 'meaningful_eng_rate': 'vendor_a'}",,vendor_a,vendor_b's record is stale; filled from vendor_a (fallback).,No action needed. Tracked to monitor vendor coverage.,auto,[],,,,,,,
Q00691,CR01283,tiktok,growth_rate,PRIMARY_SOURCE_MISSING,YELLOW,{'growth_rate': 'vendor_a'},,vendor_a,vendor_b's record lacks a valid value for growth_rate; filled from vendor_a (fallback).,No action needed. Tracked to monitor vendor coverage.,auto,[],,,,,,,
Q00692,CR01283,youtube,"handle, follower_count, reach_rate, growth_rate",PRIMARY_SOURCE_MISSING,YELLOW,"{'handle': 'vendor_a', 'follower_count': 'vendor_a', 'reach_rate': 'vendor_a', 'growth_rate': 'vendor_a'}",,vendor_a,vendor_b has no record for this channel; filled from vendor_a (fallback).,No action needed. Tracked to monitor vendor coverage.,auto,[],,,,,,,
Q00693,CR01284,instagram,"handle, follower_count, reach_rate, growth_rate, meaningful_eng_rate",PRIMARY_SOURCE_MISSING,YELLOW,"{'handle': 'vendor_a', 'follower_count': 'vendor_a', 'reach_rate': 'vendor_a', 'growth_rate': 'vendor_a', 'meaningful_eng_rate': 'vendor_a'}",,vendor_a,vendor_b has no record for this channel; filled from vendor_a (fallback).,No action needed. Tracked to monitor vendor coverage.,auto,[],,,,,,,
Q00694,CR01284,youtube,"handle, follower_count, reach_rate, growth_rate, meaningful_eng_rate",PRIMARY_SOURCE_MISSING,YELLOW,"{'handle': 'vendor_a', 'follower_count': 'vendor_a', 'reach_rate': 'vendor_a', 'growth_rate': 'vendor_a', 'meaningful_eng_rate': 'vendor_a'}",,vendor_a,vendor_b has no record for this channel; filled from vendor_a (fallback).,No action needed. Tracked to monitor vendor coverage.,auto,[],,,,,,,
Q00695,CR01285,youtube,"handle, follower_count, reach_rate, growth_rate, meaningful_eng_rate",PRIMARY_SOURCE_MISSING,YELLOW,"{'handle': 'vendor_a', 'follower_count': 'vendor_a', 'reach_rate': 'vendor_a', 'growth_rate': 'vendor_a', 'meaningful_eng_rate': 'vendor_a'}",,vendor_a,vendor_b's record is stale; filled from vendor_a (fallback).,No action needed. Tracked to monitor vendor coverage.,auto,[],,,,,,,
Q00696,CR01287,instagram,"handle, follower_count, reach_rate, growth_rate, meaningful_eng_rate",PRIMARY_SOURCE_MISSING,YELLOW,"{'handle': 'vendor_a', 'follower_count': 'vendor_a', 'reach_rate': 'vendor_a', 'growth_rate': 'vendor_a', 'meaningful_eng_rate': 'vendor_a'}",,vendor_a,vendor_b's record is stale; filled from vendor_a (fallback).,No action needed. Tracked to monitor vendor coverage.,auto,[],,,,,,,
Q00697,CR01287,tiktok,"handle, follower_count, reach_rate, growth_rate, meaningful_eng_rate",PRIMARY_SOURCE_MISSING,YELLOW,"{'handle': 'vendor_a', 'follower_count': 'vendor_a', 'reach_rate': 'vendor_a', 'growth_rate': 'vendor_a', 'meaningful_eng_rate': 'vendor_a'}",,vendor_a,vendor_b has no record for this channel; filled from vendor_a (fallback).,No action needed. Tracked to monitor vendor coverage.,auto,[],,,,,,,
Q00698,CR01287,youtube,"handle, follower_count, reach_rate, growth_rate, meaningful_eng_rate",PRIMARY_SOURCE_MISSING,YELLOW,"{'handle': 'vendor_a', 'follower_count': 'vendor_a', 'reach_rate': 'vendor_a', 'growth_rate': 'vendor_a', 'meaningful_eng_rate': 'vendor_a'}",,vendor_a,vendor_b has no record for this channel; filled from vendor_a (fallback).,No action needed. Tracked to monitor vendor coverage.,auto,[],,,,,,,
Q00699,CR01290,youtube,"handle, follower_count, growth_rate, meaningful_eng_rate",PRIMARY_SOURCE_MISSING,YELLOW,"{'handle': 'vendor_c', 'follower_count': 'vendor_c', 'growth_rate': 'vendor_c', 'meaningful_eng_rate': 'vendor_c'}",,vendor_c,vendor_b has no record for this channel; filled from vendor_c (fallback).,No action needed. Tracked to monitor vendor coverage.,auto,[],,,,,,,
Q00700,CR01291,instagram,"growth_rate, meaningful_eng_rate",PRIMARY_SOURCE_MISSING,YELLOW,"{'growth_rate': 'vendor_a', 'meaningful_eng_rate': 'vendor_a'}",,vendor_a,"vendor_b's record lacks a valid value for growth_rate, meaningful_eng_rate; filled from vendor_a (fallback).",No action needed. Tracked to monitor vendor coverage.,auto,[],,,,,,,
Q00701,CR01292,youtube,"handle, follower_count, reach_rate, growth_rate, meaningful_eng_rate",PRIMARY_SOURCE_MISSING,YELLOW,"{'handle': 'vendor_a', 'follower_count': 'vendor_a', 'reach_rate': 'vendor_a', 'growth_rate': 'vendor_a', 'meaningful_eng_rate': 'vendor_a'}",,vendor_a,vendor_b has no record for this channel; filled from vendor_a (fallback).,No action needed. Tracked to monitor vendor coverage.,auto,[],,,,,,,
Q00702,CR01295,youtube,"handle, follower_count, reach_rate, growth_rate, meaningful_eng_rate",PRIMARY_SOURCE_MISSING,YELLOW,"{'handle': 'vendor_a', 'follower_count': 'vendor_a', 'reach_rate': 'vendor_a', 'growth_rate': 'vendor_a', 'meaningful_eng_rate': 'vendor_a'}",,vendor_a,vendor_b's record is stale; filled from vendor_a (fallback).,No action needed. Tracked to monitor vendor coverage.,auto,[],,,,,,,
Q00703,CR01296,instagram,"handle, follower_count, reach_rate, growth_rate, meaningful_eng_rate",PRIMARY_SOURCE_MISSING,YELLOW,"{'handle': 'vendor_a', 'follower_count': 'vendor_a', 'reach_rate': 'vendor_a', 'growth_rate': 'vendor_a', 'meaningful_eng_rate': 'vendor_a'}",,vendor_a,vendor_b has no record for this channel; filled from vendor_a (fallback).,No action needed. Tracked to monitor vendor coverage.,auto,[],,,,,,,
Q00704,CR01296,youtube,"handle, meaningful_eng_rate",PRIMARY_SOURCE_MISSING,YELLOW,"{'handle': 'vendor_a', 'meaningful_eng_rate': 'vendor_a'}",,vendor_a,vendor_b has no record for this channel; filled from vendor_a (fallback).,No action needed. Tracked to monitor vendor coverage.,auto,[],,,,,,,
Q00705,CR01300,youtube,"handle, follower_count, reach_rate, growth_rate, meaningful_eng_rate",PRIMARY_SOURCE_MISSING,YELLOW,"{'handle': 'vendor_a', 'follower_count': 'vendor_a', 'reach_rate': 'vendor_a', 'growth_rate': 'vendor_a', 'meaningful_eng_rate': 'vendor_a'}",,vendor_a,vendor_b has no record for this channel; filled from vendor_a (fallback).,No action needed. Tracked to monitor vendor coverage.,auto,[],,,,,,,
Q00706,CR01303,instagram,"handle, follower_count, reach_rate, growth_rate",PRIMARY_SOURCE_MISSING,YELLOW,"{'handle': 'vendor_a', 'follower_count': 'vendor_a', 'reach_rate': 'vendor_a', 'growth_rate': 'vendor_a'}",,vendor_a,vendor_b has no record for this channel; filled from vendor_a (fallback).,No action needed. Tracked to monitor vendor coverage.,auto,[],,,,,,,
Q00707,CR01305,youtube,meaningful_eng_rate,PRIMARY_SOURCE_MISSING,YELLOW,{'meaningful_eng_rate': 'vendor_a'},,vendor_a,vendor_b's record lacks a valid value for meaningful_eng_rate; filled from vendor_a (fallback).,No action needed. Tracked to monitor vendor coverage.,auto,[],,,,,,,
Q00708,CR01312,youtube,"handle, follower_count, reach_rate, growth_rate, meaningful_eng_rate",PRIMARY_SOURCE_MISSING,YELLOW,"{'handle': 'vendor_a', 'follower_count': 'vendor_a', 'reach_rate': 'vendor_a', 'growth_rate': 'vendor_a', 'meaningful_eng_rate': 'vendor_a'}",,vendor_a,vendor_b has no record for this channel; filled from vendor_a (fallback).,No action needed. Tracked to monitor vendor coverage.,auto,[],,,,,,,
Q00709,CR01313,tiktok,"growth_rate, meaningful_eng_rate",PRIMARY_SOURCE_MISSING,YELLOW,"{'growth_rate': 'vendor_a', 'meaningful_eng_rate': 'vendor_a'}",,vendor_a,"vendor_b's record lacks a valid value for growth_rate, meaningful_eng_rate; filled from vendor_a (fallback).",No action needed. Tracked to monitor vendor coverage.,auto,[],,,,,,,
Q00710,CR01313,youtube,"handle, follower_count, reach_rate, growth_rate, meaningful_eng_rate",PRIMARY_SOURCE_MISSING,YELLOW,"{'handle': 'vendor_a', 'follower_count': 'vendor_a', 'reach_rate': 'vendor_a', 'growth_rate': 'vendor_a', 'meaningful_eng_rate': 'vendor_a'}",,vendor_a,vendor_b has no record for this channel; filled from vendor_a (fallback).,No action needed. Tracked to monitor vendor coverage.,auto,[],,,,,,,
Q00711,CR01314,instagram,meaningful_eng_rate,PRIMARY_SOURCE_MISSING,YELLOW,{'meaningful_eng_rate': 'vendor_a'},,vendor_a,vendor_b's record lacks a valid value for meaningful_eng_rate; filled from vendor_a (fallback).,No action needed. Tracked to monitor vendor coverage.,auto,[],,,,,,,
Q00712,CR01316,tiktok,meaningful_eng_rate,PRIMARY_SOURCE_MISSING,YELLOW,{'meaningful_eng_rate': 'vendor_a'},,vendor_a,vendor_b's record lacks a valid value for meaningful_eng_rate; filled from vendor_a (fallback).,No action needed. Tracked to monitor vendor coverage.,auto,[],,,,,,,
Q00713,CR01324,youtube,"handle, follower_count, reach_rate, growth_rate, meaningful_eng_rate",PRIMARY_SOURCE_MISSING,YELLOW,"{'handle': 'vendor_a', 'follower_count': 'vendor_a', 'reach_rate': 'vendor_a', 'growth_rate': 'vendor_a', 'meaningful_eng_rate': 'vendor_a'}",,vendor_a,vendor_b has no record for this channel; filled from vendor_a (fallback).,No action needed. Tracked to monitor vendor coverage.,auto,[],,,,,,,
Q00714,CR01325,youtube,"growth_rate, meaningful_eng_rate",PRIMARY_SOURCE_MISSING,YELLOW,"{'growth_rate': 'vendor_a', 'meaningful_eng_rate': 'vendor_a'}",,vendor_a,"vendor_b's record lacks a valid value for growth_rate, meaningful_eng_rate; filled from vendor_a (fallback).",No action needed. Tracked to monitor vendor coverage.,auto,[],,,,,,,
Q00715,CR01329,youtube,"handle, follower_count, reach_rate, growth_rate, meaningful_eng_rate",PRIMARY_SOURCE_MISSING,YELLOW,"{'handle': 'vendor_a', 'follower_count': 'vendor_a', 'reach_rate': 'vendor_a', 'growth_rate': 'vendor_a', 'meaningful_eng_rate': 'vendor_a'}",,vendor_a,vendor_b has no record for this channel; filled from vendor_a (fallback).,No action needed. Tracked to monitor vendor coverage.,auto,[],,,,,,,
Q00716,CR01332,instagram,growth_rate,PRIMARY_SOURCE_MISSING,YELLOW,{'growth_rate': 'vendor_a'},,vendor_a,vendor_b's record lacks a valid value for growth_rate; filled from vendor_a (fallback).,No action needed. Tracked to monitor vendor coverage.,auto,[],,,,,,,
Q00717,CR01334,instagram,meaningful_eng_rate,PRIMARY_SOURCE_MISSING,YELLOW,{'meaningful_eng_rate': 'vendor_a'},,vendor_a,vendor_b's record lacks a valid value for meaningful_eng_rate; filled from vendor_a (fallback).,No action needed. Tracked to monitor vendor coverage.,auto,[],,,,,,,
Q00718,CR01337,youtube,"handle, follower_count, growth_rate, meaningful_eng_rate",PRIMARY_SOURCE_MISSING,YELLOW,"{'handle': 'vendor_a', 'follower_count': 'vendor_a', 'growth_rate': 'vendor_a', 'meaningful_eng_rate': 'vendor_a'}",,vendor_a,vendor_b has no record for this channel; filled from vendor_a (fallback).,No action needed. Tracked to monitor vendor coverage.,auto,[],,,,,,,
Q00719,CR01341,youtube,"handle, follower_count, reach_rate, growth_rate, meaningful_eng_rate",PRIMARY_SOURCE_MISSING,YELLOW,"{'handle': 'vendor_a', 'follower_count': 'vendor_a', 'reach_rate': 'vendor_a', 'growth_rate': 'vendor_a', 'meaningful_eng_rate': 'vendor_a'}",,vendor_a,vendor_b has no record for this channel; filled from vendor_a (fallback).,No action needed. Tracked to monitor vendor coverage.,auto,[],,,,,,,
Q00720,CR01347,instagram,reach_rate,PRIMARY_SOURCE_MISSING,YELLOW,{'reach_rate': 'vendor_c'},,vendor_c,vendor_b's record lacks a valid value for reach_rate; filled from vendor_c (fallback).,No action needed. Tracked to monitor vendor coverage.,auto,[],,,,,,,
Q00721,CR01347,youtube,"handle, follower_count, reach_rate, growth_rate, meaningful_eng_rate",PRIMARY_SOURCE_MISSING,YELLOW,"{'handle': 'vendor_a', 'follower_count': 'vendor_a', 'reach_rate': 'vendor_a', 'growth_rate': 'vendor_a', 'meaningful_eng_rate': 'vendor_a'}",,vendor_a,vendor_b's record is stale; filled from vendor_a (fallback).,No action needed. Tracked to monitor vendor coverage.,auto,[],,,,,,,
Q00722,CR01349,tiktok,growth_rate,PRIMARY_SOURCE_MISSING,YELLOW,{'growth_rate': 'vendor_a'},,vendor_a,vendor_b's record lacks a valid value for growth_rate; filled from vendor_a (fallback).,No action needed. Tracked to monitor vendor coverage.,auto,[],,,,,,,
Q00723,CR01349,youtube,"handle, follower_count, reach_rate, growth_rate, meaningful_eng_rate",PRIMARY_SOURCE_MISSING,YELLOW,"{'handle': 'vendor_a', 'follower_count': 'vendor_a', 'reach_rate': 'vendor_a', 'growth_rate': 'vendor_a', 'meaningful_eng_rate': 'vendor_a'}",,vendor_a,vendor_b has no record for this channel; filled from vendor_a (fallback).,No action needed. Tracked to monitor vendor coverage.,auto,[],,,,,,,
Q00724,CR01350,youtube,"handle, follower_count, reach_rate, growth_rate, meaningful_eng_rate",PRIMARY_SOURCE_MISSING,YELLOW,"{'handle': 'vendor_a', 'follower_count': 'vendor_a', 'reach_rate': 'vendor_a', 'growth_rate': 'vendor_a', 'meaningful_eng_rate': 'vendor_a'}",,vendor_a,vendor_b has no record for this channel; filled from vendor_a (fallback).,No action needed. Tracked to monitor vendor coverage.,auto,[],,,,,,,
Q00725,CR01352,youtube,"handle, follower_count, reach_rate, growth_rate, meaningful_eng_rate",PRIMARY_SOURCE_MISSING,YELLOW,"{'handle': 'vendor_a', 'follower_count': 'vendor_a', 'reach_rate': 'vendor_a', 'growth_rate': 'vendor_a', 'meaningful_eng_rate': 'vendor_a'}",,vendor_a,vendor_b's record is stale; filled from vendor_a (fallback).,No action needed. Tracked to monitor vendor coverage.,auto,[],,,,,,,
Q00726,CR01354,tiktok,"handle, follower_count, reach_rate, growth_rate, meaningful_eng_rate",PRIMARY_SOURCE_MISSING,YELLOW,"{'handle': 'vendor_a', 'follower_count': 'vendor_a', 'reach_rate': 'vendor_a', 'growth_rate': 'vendor_a', 'meaningful_eng_rate': 'vendor_a'}",,vendor_a,vendor_b's record is stale; filled from vendor_a (fallback).,No action needed. Tracked to monitor vendor coverage.,auto,[],,,,,,,
Q00727,CR01354,youtube,"handle, follower_count, reach_rate, growth_rate, meaningful_eng_rate",PRIMARY_SOURCE_MISSING,YELLOW,"{'handle': 'vendor_a', 'follower_count': 'vendor_a', 'reach_rate': 'vendor_a', 'growth_rate': 'vendor_a', 'meaningful_eng_rate': 'vendor_a'}",,vendor_a,vendor_b has no record for this channel; filled from vendor_a (fallback).,No action needed. Tracked to monitor vendor coverage.,auto,[],,,,,,,
Q00728,CR01355,tiktok,"handle, follower_count, reach_rate, growth_rate, meaningful_eng_rate",PRIMARY_SOURCE_MISSING,YELLOW,"{'handle': 'vendor_a', 'follower_count': 'vendor_a', 'reach_rate': 'vendor_a', 'growth_rate': 'vendor_a', 'meaningful_eng_rate': 'vendor_a'}",,vendor_a,vendor_b's record is stale; filled from vendor_a (fallback).,No action needed. Tracked to monitor vendor coverage.,auto,[],,,,,,,
Q00729,CR01355,youtube,"handle, follower_count, reach_rate, growth_rate, meaningful_eng_rate",PRIMARY_SOURCE_MISSING,YELLOW,"{'handle': 'vendor_a', 'follower_count': 'vendor_a', 'reach_rate': 'vendor_a', 'growth_rate': 'vendor_a', 'meaningful_eng_rate': 'vendor_a'}",,vendor_a,vendor_b has no record for this channel; filled from vendor_a (fallback).,No action needed. Tracked to monitor vendor coverage.,auto,[],,,,,,,
Q00730,CR01362,youtube,"handle, follower_count, reach_rate, growth_rate, meaningful_eng_rate",PRIMARY_SOURCE_MISSING,YELLOW,"{'handle': 'vendor_a', 'follower_count': 'vendor_a', 'reach_rate': 'vendor_a', 'growth_rate': 'vendor_a', 'meaningful_eng_rate': 'vendor_a'}",,vendor_a,vendor_b has no record for this channel; filled from vendor_a (fallback).,No action needed. Tracked to monitor vendor coverage.,auto,[],,,,,,,
Q00731,CR01364,tiktok,"handle, follower_count, growth_rate",PRIMARY_SOURCE_MISSING,YELLOW,"{'handle': 'vendor_c', 'follower_count': 'vendor_c', 'growth_rate': 'vendor_c'}",,vendor_c,vendor_b's record is stale; filled from vendor_c (fallback).,No action needed. Tracked to monitor vendor coverage.,auto,[],,,,,,,
Q00732,CR01367,tiktok,"handle, follower_count, reach_rate, growth_rate, meaningful_eng_rate",PRIMARY_SOURCE_MISSING,YELLOW,"{'handle': 'vendor_a', 'follower_count': 'vendor_a', 'reach_rate': 'vendor_a', 'growth_rate': 'vendor_a', 'meaningful_eng_rate': 'vendor_a'}",,vendor_a,vendor_b's record is stale; filled from vendor_a (fallback).,No action needed. Tracked to monitor vendor coverage.,auto,[],,,,,,,
Q00733,CR01367,youtube,"handle, follower_count, reach_rate, growth_rate, meaningful_eng_rate",PRIMARY_SOURCE_MISSING,YELLOW,"{'handle': 'vendor_a', 'follower_count': 'vendor_a', 'reach_rate': 'vendor_a', 'growth_rate': 'vendor_a', 'meaningful_eng_rate': 'vendor_a'}",,vendor_a,vendor_b has no record for this channel; filled from vendor_a (fallback).,No action needed. Tracked to monitor vendor coverage.,auto,[],,,,,,,
Q00734,CR01371,youtube,"handle, follower_count, reach_rate, growth_rate, meaningful_eng_rate",PRIMARY_SOURCE_MISSING,YELLOW,"{'handle': 'vendor_a', 'follower_count': 'vendor_a', 'reach_rate': 'vendor_a', 'growth_rate': 'vendor_a', 'meaningful_eng_rate': 'vendor_a'}",,vendor_a,vendor_b's record is stale; filled from vendor_a (fallback).,No action needed. Tracked to monitor vendor coverage.,auto,[],,,,,,,
Q00735,CR01373,youtube,"handle, follower_count, reach_rate, growth_rate, meaningful_eng_rate",PRIMARY_SOURCE_MISSING,YELLOW,"{'handle': 'vendor_a', 'follower_count': 'vendor_a', 'reach_rate': 'vendor_a', 'growth_rate': 'vendor_a', 'meaningful_eng_rate': 'vendor_a'}",,vendor_a,vendor_b has no record for this channel; filled from vendor_a (fallback).,No action needed. Tracked to monitor vendor coverage.,auto,[],,,,,,,
Q00736,CR01381,youtube,"handle, follower_count, reach_rate, growth_rate, meaningful_eng_rate",PRIMARY_SOURCE_MISSING,YELLOW,"{'handle': 'vendor_a', 'follower_count': 'vendor_a', 'reach_rate': 'vendor_a', 'growth_rate': 'vendor_a', 'meaningful_eng_rate': 'vendor_a'}",,vendor_a,vendor_b has no record for this channel; filled from vendor_a (fallback).,No action needed. Tracked to monitor vendor coverage.,auto,[],,,,,,,
Q00737,CR01383,youtube,growth_rate,PRIMARY_SOURCE_MISSING,YELLOW,{'growth_rate': 'vendor_a'},,vendor_a,vendor_b's record lacks a valid value for growth_rate; filled from vendor_a (fallback).,No action needed. Tracked to monitor vendor coverage.,auto,[],,,,,,,
Q00738,CR01384,youtube,"handle, follower_count, reach_rate, growth_rate, meaningful_eng_rate",PRIMARY_SOURCE_MISSING,YELLOW,"{'handle': 'vendor_a', 'follower_count': 'vendor_a', 'reach_rate': 'vendor_a', 'growth_rate': 'vendor_a', 'meaningful_eng_rate': 'vendor_a'}",,vendor_a,vendor_b has no record for this channel; filled from vendor_a (fallback).,No action needed. Tracked to monitor vendor coverage.,auto,[],,,,,,,
Q00739,CR01386,instagram,"handle, follower_count, reach_rate, growth_rate, meaningful_eng_rate",PRIMARY_SOURCE_MISSING,YELLOW,"{'handle': 'vendor_a', 'follower_count': 'vendor_a', 'reach_rate': 'vendor_a', 'growth_rate': 'vendor_a', 'meaningful_eng_rate': 'vendor_a'}",,vendor_a,vendor_b's record is stale; filled from vendor_a (fallback).,No action needed. Tracked to monitor vendor coverage.,auto,[],,,,,,,
Q00740,CR01387,youtube,"handle, follower_count, reach_rate, growth_rate, meaningful_eng_rate",PRIMARY_SOURCE_MISSING,YELLOW,"{'handle': 'vendor_a', 'follower_count': 'vendor_a', 'reach_rate': 'vendor_a', 'growth_rate': 'vendor_a', 'meaningful_eng_rate': 'vendor_a'}",,vendor_a,vendor_b has no record for this channel; filled from vendor_a (fallback).,No action needed. Tracked to monitor vendor coverage.,auto,[],,,,,,,
Q00741,CR01388,youtube,"handle, follower_count, reach_rate, growth_rate",PRIMARY_SOURCE_MISSING,YELLOW,"{'handle': 'vendor_a', 'follower_count': 'vendor_a', 'reach_rate': 'vendor_a', 'growth_rate': 'vendor_a'}",,vendor_a,vendor_b has no record for this channel; filled from vendor_a (fallback).,No action needed. Tracked to monitor vendor coverage.,auto,[],,,,,,,
Q00742,CR01393,instagram,growth_rate,PRIMARY_SOURCE_MISSING,YELLOW,{'growth_rate': 'vendor_c'},,vendor_c,vendor_b's record lacks a valid value for growth_rate; filled from vendor_c (fallback).,No action needed. Tracked to monitor vendor coverage.,auto,[],,,,,,,
Q00743,CR01393,youtube,"handle, follower_count, reach_rate, growth_rate, meaningful_eng_rate",PRIMARY_SOURCE_MISSING,YELLOW,"{'handle': 'vendor_a', 'follower_count': 'vendor_a', 'reach_rate': 'vendor_a', 'growth_rate': 'vendor_a', 'meaningful_eng_rate': 'vendor_a'}",,vendor_a,vendor_b has no record for this channel; filled from vendor_a (fallback).,No action needed. Tracked to monitor vendor coverage.,auto,[],,,,,,,
Q00744,CR01396,youtube,"handle, follower_count, reach_rate, growth_rate",PRIMARY_SOURCE_MISSING,YELLOW,"{'handle': 'vendor_c', 'follower_count': 'vendor_c', 'reach_rate': 'vendor_c', 'growth_rate': 'vendor_c'}",,vendor_c,vendor_b's record is stale; filled from vendor_c (fallback).,No action needed. Tracked to monitor vendor coverage.,auto,[],,,,,,,
Q00745,CR01397,instagram,growth_rate,PRIMARY_SOURCE_MISSING,YELLOW,{'growth_rate': 'vendor_c'},,vendor_c,vendor_b's record lacks a valid value for growth_rate; filled from vendor_c (fallback).,No action needed. Tracked to monitor vendor coverage.,auto,[],,,,,,,
Q00746,CR01399,instagram,growth_rate,PRIMARY_SOURCE_MISSING,YELLOW,{'growth_rate': 'vendor_a'},,vendor_a,vendor_b's record lacks a valid value for growth_rate; filled from vendor_a (fallback).,No action needed. Tracked to monitor vendor coverage.,auto,[],,,,,,,
Q00747,CR01408,youtube,"handle, follower_count, reach_rate, growth_rate, meaningful_eng_rate",PRIMARY_SOURCE_MISSING,YELLOW,"{'handle': 'vendor_a', 'follower_count': 'vendor_a', 'reach_rate': 'vendor_a', 'growth_rate': 'vendor_a', 'meaningful_eng_rate': 'vendor_a'}",,vendor_a,vendor_b has no record for this channel; filled from vendor_a (fallback).,No action needed. Tracked to monitor vendor coverage.,auto,[],,,,,,,
Q00748,CR01409,instagram,"handle, follower_count, reach_rate, growth_rate, meaningful_eng_rate",PRIMARY_SOURCE_MISSING,YELLOW,"{'handle': 'vendor_a', 'follower_count': 'vendor_a', 'reach_rate': 'vendor_a', 'growth_rate': 'vendor_a', 'meaningful_eng_rate': 'vendor_a'}",,vendor_a,vendor_b's record is stale; filled from vendor_a (fallback).,No action needed. Tracked to monitor vendor coverage.,auto,[],,,,,,,
Q00749,CR01415,tiktok,"handle, follower_count, reach_rate, growth_rate",PRIMARY_SOURCE_MISSING,YELLOW,"{'handle': 'vendor_a', 'follower_count': 'vendor_a', 'reach_rate': 'vendor_a', 'growth_rate': 'vendor_a'}",,vendor_a,vendor_b has no record for this channel; filled from vendor_a (fallback).,No action needed. Tracked to monitor vendor coverage.,auto,[],,,,,,,
Q00750,CR01419,instagram,"handle, follower_count, reach_rate, growth_rate, meaningful_eng_rate",PRIMARY_SOURCE_MISSING,YELLOW,"{'handle': 'vendor_a', 'follower_count': 'vendor_a', 'reach_rate': 'vendor_a', 'growth_rate': 'vendor_a', 'meaningful_eng_rate': 'vendor_a'}",,vendor_a,vendor_b's record is stale; filled from vendor_a (fallback).,No action needed. Tracked to monitor vendor coverage.,auto,[],,,,,,,
Q00751,CR01424,instagram,"handle, follower_count, reach_rate, growth_rate, meaningful_eng_rate",PRIMARY_SOURCE_MISSING,YELLOW,"{'handle': 'vendor_a', 'follower_count': 'vendor_a', 'reach_rate': 'vendor_a', 'growth_rate': 'vendor_a', 'meaningful_eng_rate': 'vendor_a'}",,vendor_a,vendor_b's record is stale; filled from vendor_a (fallback).,No action needed. Tracked to monitor vendor coverage.,auto,[],,,,,,,
Q00752,CR01424,youtube,"handle, follower_count, reach_rate, growth_rate, meaningful_eng_rate",PRIMARY_SOURCE_MISSING,YELLOW,"{'handle': 'vendor_a', 'follower_count': 'vendor_a', 'reach_rate': 'vendor_a', 'growth_rate': 'vendor_a', 'meaningful_eng_rate': 'vendor_a'}",,vendor_a,vendor_b has no record for this channel; filled from vendor_a (fallback).,No action needed. Tracked to monitor vendor coverage.,auto,[],,,,,,,
Q00753,CR01427,instagram,"handle, follower_count, reach_rate, growth_rate",PRIMARY_SOURCE_MISSING,YELLOW,"{'handle': 'vendor_c', 'follower_count': 'vendor_c', 'reach_rate': 'vendor_c', 'growth_rate': 'vendor_c'}",,vendor_c,vendor_b's record is stale; filled from vendor_c (fallback).,No action needed. Tracked to monitor vendor coverage.,auto,[],,,,,,,
Q00754,CR01430,youtube,"handle, follower_count, reach_rate, growth_rate, meaningful_eng_rate",PRIMARY_SOURCE_MISSING,YELLOW,"{'handle': 'vendor_a', 'follower_count': 'vendor_a', 'reach_rate': 'vendor_a', 'growth_rate': 'vendor_a', 'meaningful_eng_rate': 'vendor_a'}",,vendor_a,vendor_b has no record for this channel; filled from vendor_a (fallback).,No action needed. Tracked to monitor vendor coverage.,auto,[],,,,,,,
Q00755,CR01432,youtube,"handle, follower_count, reach_rate, growth_rate, meaningful_eng_rate",PRIMARY_SOURCE_MISSING,YELLOW,"{'handle': 'vendor_a', 'follower_count': 'vendor_a', 'reach_rate': 'vendor_a', 'growth_rate': 'vendor_a', 'meaningful_eng_rate': 'vendor_a'}",,vendor_a,vendor_b has no record for this channel; filled from vendor_a (fallback).,No action needed. Tracked to monitor vendor coverage.,auto,[],,,,,,,
Q00756,CR01436,instagram,"growth_rate, meaningful_eng_rate",PRIMARY_SOURCE_MISSING,YELLOW,"{'growth_rate': 'vendor_a', 'meaningful_eng_rate': 'vendor_a'}",,vendor_a,"vendor_b's record lacks a valid value for growth_rate, meaningful_eng_rate; filled from vendor_a (fallback).",No action needed. Tracked to monitor vendor coverage.,auto,[],,,,,,,
Q00757,CR01436,youtube,"handle, follower_count, reach_rate, growth_rate, meaningful_eng_rate",PRIMARY_SOURCE_MISSING,YELLOW,"{'handle': 'vendor_a', 'follower_count': 'vendor_a', 'reach_rate': 'vendor_a', 'growth_rate': 'vendor_a', 'meaningful_eng_rate': 'vendor_a'}",,vendor_a,vendor_b has no record for this channel; filled from vendor_a (fallback).,No action needed. Tracked to monitor vendor coverage.,auto,[],,,,,,,
Q00758,CR01437,youtube,"handle, follower_count, reach_rate, growth_rate, meaningful_eng_rate",PRIMARY_SOURCE_MISSING,YELLOW,"{'handle': 'vendor_a', 'follower_count': 'vendor_a', 'reach_rate': 'vendor_a', 'growth_rate': 'vendor_a', 'meaningful_eng_rate': 'vendor_a'}",,vendor_a,vendor_b has no record for this channel; filled from vendor_a (fallback).,No action needed. Tracked to monitor vendor coverage.,auto,[],,,,,,,
Q00759,CR01442,instagram,"handle, follower_count, reach_rate, growth_rate, meaningful_eng_rate",PRIMARY_SOURCE_MISSING,YELLOW,"{'handle': 'vendor_a', 'follower_count': 'vendor_a', 'reach_rate': 'vendor_a', 'growth_rate': 'vendor_a', 'meaningful_eng_rate': 'vendor_a'}",,vendor_a,vendor_b has no record for this channel; filled from vendor_a (fallback).,No action needed. Tracked to monitor vendor coverage.,auto,[],,,,,,,
Q00760,CR01447,tiktok,"handle, follower_count, reach_rate, growth_rate, meaningful_eng_rate",PRIMARY_SOURCE_MISSING,YELLOW,"{'handle': 'vendor_a', 'follower_count': 'vendor_a', 'reach_rate': 'vendor_a', 'growth_rate': 'vendor_a', 'meaningful_eng_rate': 'vendor_a'}",,vendor_a,vendor_b's record is stale; filled from vendor_a (fallback).,No action needed. Tracked to monitor vendor coverage.,auto,[],,,,,,,
Q00761,CR01447,youtube,"handle, follower_count, reach_rate, growth_rate, meaningful_eng_rate",PRIMARY_SOURCE_MISSING,YELLOW,"{'handle': 'vendor_a', 'follower_count': 'vendor_a', 'reach_rate': 'vendor_a', 'growth_rate': 'vendor_a', 'meaningful_eng_rate': 'vendor_a'}",,vendor_a,vendor_b has no record for this channel; filled from vendor_a (fallback).,No action needed. Tracked to monitor vendor coverage.,auto,[],,,,,,,
Q00762,CR01449,instagram,"handle, follower_count, reach_rate, growth_rate, meaningful_eng_rate",PRIMARY_SOURCE_MISSING,YELLOW,"{'handle': 'vendor_a', 'follower_count': 'vendor_a', 'reach_rate': 'vendor_a', 'growth_rate': 'vendor_a', 'meaningful_eng_rate': 'vendor_a'}",,vendor_a,vendor_b has no record for this channel; filled from vendor_a (fallback).,No action needed. Tracked to monitor vendor coverage.,auto,[],,,,,,,
Q00763,CR01449,tiktok,growth_rate,PRIMARY_SOURCE_MISSING,YELLOW,{'growth_rate': 'vendor_a'},,vendor_a,vendor_b's record lacks a valid value for growth_rate; filled from vendor_a (fallback).,No action needed. Tracked to monitor vendor coverage.,auto,[],,,,,,,
Q00764,CR01449,youtube,"handle, follower_count, reach_rate, growth_rate, meaningful_eng_rate",PRIMARY_SOURCE_MISSING,YELLOW,"{'handle': 'vendor_a', 'follower_count': 'vendor_a', 'reach_rate': 'vendor_a', 'growth_rate': 'vendor_a', 'meaningful_eng_rate': 'vendor_a'}",,vendor_a,vendor_b has no record for this channel; filled from vendor_a (fallback).,No action needed. Tracked to monitor vendor coverage.,auto,[],,,,,,,
Q00765,CR01454,youtube,"handle, follower_count, reach_rate, growth_rate, meaningful_eng_rate",PRIMARY_SOURCE_MISSING,YELLOW,"{'handle': 'vendor_a', 'follower_count': 'vendor_a', 'reach_rate': 'vendor_a', 'growth_rate': 'vendor_a', 'meaningful_eng_rate': 'vendor_a'}",,vendor_a,vendor_b has no record for this channel; filled from vendor_a (fallback).,No action needed. Tracked to monitor vendor coverage.,auto,[],,,,,,,
Q00766,CR01455,instagram,"follower_count, reach_rate, growth_rate",PRIMARY_SOURCE_MISSING,YELLOW,"{'follower_count': 'vendor_a', 'reach_rate': 'vendor_a', 'growth_rate': 'vendor_a'}",,vendor_a,"vendor_b's record lacks a valid value for follower_count, reach_rate, growth_rate; filled from vendor_a (fallback).",No action needed. Tracked to monitor vendor coverage.,auto,[],,,,,,,
Q00767,CR01458,youtube,handle,PRIMARY_SOURCE_MISSING,YELLOW,{'handle': 'vendor_a'},,vendor_a,vendor_b's record lacks a valid value for handle; filled from vendor_a (fallback).,No action needed. Tracked to monitor vendor coverage.,auto,[],,,,,,,
Q00768,CR01461,youtube,"follower_count, reach_rate, growth_rate, meaningful_eng_rate",PRIMARY_SOURCE_MISSING,YELLOW,"{'follower_count': 'vendor_a', 'reach_rate': 'vendor_a', 'growth_rate': 'vendor_a', 'meaningful_eng_rate': 'vendor_a'}",,vendor_a,vendor_b has no record for this channel; filled from vendor_a (fallback).,No action needed. Tracked to monitor vendor coverage.,auto,[],,,,,,,
Q00769,CR01462,tiktok,"handle, follower_count, reach_rate",PRIMARY_SOURCE_MISSING,YELLOW,"{'handle': 'vendor_c', 'follower_count': 'vendor_c', 'reach_rate': 'vendor_c'}",,vendor_c,vendor_b has no record for this channel; filled from vendor_c (fallback).,No action needed. Tracked to monitor vendor coverage.,auto,[],,,,,,,
Q00770,CR01462,youtube,"handle, follower_count, reach_rate, growth_rate, meaningful_eng_rate",PRIMARY_SOURCE_MISSING,YELLOW,"{'handle': 'vendor_a', 'follower_count': 'vendor_a', 'reach_rate': 'vendor_a', 'growth_rate': 'vendor_a', 'meaningful_eng_rate': 'vendor_a'}",,vendor_a,vendor_b has no record for this channel; filled from vendor_a (fallback).,No action needed. Tracked to monitor vendor coverage.,auto,[],,,,,,,
Q00771,CR01463,youtube,"handle, follower_count, reach_rate, growth_rate, meaningful_eng_rate",PRIMARY_SOURCE_MISSING,YELLOW,"{'handle': 'vendor_a', 'follower_count': 'vendor_a', 'reach_rate': 'vendor_a', 'growth_rate': 'vendor_a', 'meaningful_eng_rate': 'vendor_a'}",,vendor_a,vendor_b has no record for this channel; filled from vendor_a (fallback).,No action needed. Tracked to monitor vendor coverage.,auto,[],,,,,,,
Q00772,CR01469,youtube,"handle, follower_count, reach_rate, growth_rate, meaningful_eng_rate",PRIMARY_SOURCE_MISSING,YELLOW,"{'handle': 'vendor_a', 'follower_count': 'vendor_a', 'reach_rate': 'vendor_a', 'growth_rate': 'vendor_a', 'meaningful_eng_rate': 'vendor_a'}",,vendor_a,vendor_b has no record for this channel; filled from vendor_a (fallback).,No action needed. Tracked to monitor vendor coverage.,auto,[],,,,,,,
Q00773,CR01470,instagram,"follower_count, reach_rate, growth_rate, meaningful_eng_rate",PRIMARY_SOURCE_MISSING,YELLOW,"{'follower_count': 'vendor_a', 'reach_rate': 'vendor_a', 'growth_rate': 'vendor_a', 'meaningful_eng_rate': 'vendor_a'}",,vendor_a,"vendor_b's record lacks a valid value for follower_count, reach_rate, growth_rate, meaningful_eng_rate; filled from vendor_a (fallback).",No action needed. Tracked to monitor vendor coverage.,auto,[],,,,,,,
Q00774,CR01472,instagram,"reach_rate, meaningful_eng_rate",PRIMARY_SOURCE_MISSING,YELLOW,"{'reach_rate': 'vendor_a', 'meaningful_eng_rate': 'vendor_a'}",,vendor_a,"vendor_b's record lacks a valid value for reach_rate, meaningful_eng_rate; filled from vendor_a (fallback).",No action needed. Tracked to monitor vendor coverage.,auto,[],,,,,,,
Q00775,CR01472,youtube,"handle, follower_count, reach_rate, growth_rate, meaningful_eng_rate",PRIMARY_SOURCE_MISSING,YELLOW,"{'handle': 'vendor_a', 'follower_count': 'vendor_a', 'reach_rate': 'vendor_a', 'growth_rate': 'vendor_a', 'meaningful_eng_rate': 'vendor_a'}",,vendor_a,vendor_b has no record for this channel; filled from vendor_a (fallback).,No action needed. Tracked to monitor vendor coverage.,auto,[],,,,,,,
Q00776,CR01474,tiktok,"handle, follower_count, reach_rate, growth_rate",PRIMARY_SOURCE_MISSING,YELLOW,"{'handle': 'vendor_a', 'follower_count': 'vendor_a', 'reach_rate': 'vendor_a', 'growth_rate': 'vendor_a'}",,vendor_a,vendor_b's record is stale; filled from vendor_a (fallback).,No action needed. Tracked to monitor vendor coverage.,auto,[],,,,,,,
Q00777,CR01474,youtube,"handle, follower_count, reach_rate, growth_rate",PRIMARY_SOURCE_MISSING,YELLOW,"{'handle': 'vendor_a', 'follower_count': 'vendor_a', 'reach_rate': 'vendor_a', 'growth_rate': 'vendor_a'}",,vendor_a,vendor_b has no record for this channel; filled from vendor_a (fallback).,No action needed. Tracked to monitor vendor coverage.,auto,[],,,,,,,
Q00778,CR01475,instagram,"handle, follower_count, reach_rate, growth_rate",PRIMARY_SOURCE_MISSING,YELLOW,"{'handle': 'vendor_c', 'follower_count': 'vendor_c', 'reach_rate': 'vendor_c', 'growth_rate': 'vendor_c'}",,vendor_c,vendor_b's record is stale; filled from vendor_c (fallback).,No action needed. Tracked to monitor vendor coverage.,auto,[],,,,,,,
Q00779,CR01475,tiktok,"follower_count, reach_rate, growth_rate",PRIMARY_SOURCE_MISSING,YELLOW,"{'follower_count': 'vendor_c', 'reach_rate': 'vendor_c', 'growth_rate': 'vendor_c'}",,vendor_c,vendor_b has no record for this channel; filled from vendor_c (fallback).,No action needed. Tracked to monitor vendor coverage.,auto,[],,,,,,,
Q00780,CR01475,youtube,"handle, follower_count, reach_rate, growth_rate, meaningful_eng_rate",PRIMARY_SOURCE_MISSING,YELLOW,"{'handle': 'vendor_a', 'follower_count': 'vendor_a', 'reach_rate': 'vendor_a', 'growth_rate': 'vendor_a', 'meaningful_eng_rate': 'vendor_a'}",,vendor_a,vendor_b has no record for this channel; filled from vendor_a (fallback).,No action needed. Tracked to monitor vendor coverage.,auto,[],,,,,,,
Q00781,CR01477,instagram,"handle, follower_count, reach_rate, growth_rate",PRIMARY_SOURCE_MISSING,YELLOW,"{'handle': 'vendor_c', 'follower_count': 'vendor_c', 'reach_rate': 'vendor_c', 'growth_rate': 'vendor_c'}",,vendor_c,vendor_b's record is stale; filled from vendor_c (fallback).,No action needed. Tracked to monitor vendor coverage.,auto,[],,,,,,,
Q00782,CR01477,youtube,"handle, follower_count, reach_rate, growth_rate, meaningful_eng_rate",PRIMARY_SOURCE_MISSING,YELLOW,"{'handle': 'vendor_a', 'follower_count': 'vendor_a', 'reach_rate': 'vendor_a', 'growth_rate': 'vendor_a', 'meaningful_eng_rate': 'vendor_a'}",,vendor_a,vendor_b's record is stale; filled from vendor_a (fallback).,No action needed. Tracked to monitor vendor coverage.,auto,[],,,,,,,
Q00783,CR01481,youtube,"handle, follower_count, reach_rate, growth_rate, meaningful_eng_rate",PRIMARY_SOURCE_MISSING,YELLOW,"{'handle': 'vendor_a', 'follower_count': 'vendor_a', 'reach_rate': 'vendor_a', 'growth_rate': 'vendor_a', 'meaningful_eng_rate': 'vendor_a'}",,vendor_a,vendor_b has no record for this channel; filled from vendor_a (fallback).,No action needed. Tracked to monitor vendor coverage.,auto,[],,,,,,,
Q00784,CR01482,youtube,"handle, follower_count, reach_rate, growth_rate, meaningful_eng_rate",PRIMARY_SOURCE_MISSING,YELLOW,"{'handle': 'vendor_a', 'follower_count': 'vendor_a', 'reach_rate': 'vendor_a', 'growth_rate': 'vendor_a', 'meaningful_eng_rate': 'vendor_a'}",,vendor_a,vendor_b has no record for this channel; filled from vendor_a (fallback).,No action needed. Tracked to monitor vendor coverage.,auto,[],,,,,,,
Q00785,CR01484,youtube,meaningful_eng_rate,PRIMARY_SOURCE_MISSING,YELLOW,{'meaningful_eng_rate': 'vendor_a'},,vendor_a,vendor_b's record lacks a valid value for meaningful_eng_rate; filled from vendor_a (fallback).,No action needed. Tracked to monitor vendor coverage.,auto,[],,,,,,,
Q00786,CR01485,youtube,"handle, follower_count, reach_rate, growth_rate, meaningful_eng_rate",PRIMARY_SOURCE_MISSING,YELLOW,"{'handle': 'vendor_a', 'follower_count': 'vendor_a', 'reach_rate': 'vendor_a', 'growth_rate': 'vendor_c', 'meaningful_eng_rate': 'vendor_a'}",,"vendor_a, vendor_c","vendor_b has no record for this channel; filled from vendor_a, vendor_c (fallback).",No action needed. Tracked to monitor vendor coverage.,auto,[],,,,,,,
Q00787,CR01489,instagram,meaningful_eng_rate,PRIMARY_SOURCE_MISSING,YELLOW,{'meaningful_eng_rate': 'vendor_a'},,vendor_a,vendor_b's record lacks a valid value for meaningful_eng_rate; filled from vendor_a (fallback).,No action needed. Tracked to monitor vendor coverage.,auto,[],,,,,,,
Q00788,CR01489,tiktok,handle,PRIMARY_SOURCE_MISSING,YELLOW,{'handle': 'vendor_a'},,vendor_a,vendor_b's record lacks a valid value for handle; filled from vendor_a (fallback).,No action needed. Tracked to monitor vendor coverage.,auto,[],,,,,,,
Q00789,CR01492,instagram,"reach_rate, meaningful_eng_rate",PRIMARY_SOURCE_MISSING,YELLOW,"{'reach_rate': 'vendor_a', 'meaningful_eng_rate': 'vendor_a'}",,vendor_a,"vendor_b's record lacks a valid value for reach_rate, meaningful_eng_rate; filled from vendor_a (fallback).",No action needed. Tracked to monitor vendor coverage.,auto,[],,,,,,,
Q00790,CR01492,tiktok,meaningful_eng_rate,PRIMARY_SOURCE_MISSING,YELLOW,{'meaningful_eng_rate': 'vendor_a'},,vendor_a,vendor_b's record lacks a valid value for meaningful_eng_rate; filled from vendor_a (fallback).,No action needed. Tracked to monitor vendor coverage.,auto,[],,,,,,,
Q00791,CR01492,youtube,"handle, follower_count, reach_rate, growth_rate, meaningful_eng_rate",PRIMARY_SOURCE_MISSING,YELLOW,"{'handle': 'vendor_a', 'follower_count': 'vendor_a', 'reach_rate': 'vendor_a', 'growth_rate': 'vendor_a', 'meaningful_eng_rate': 'vendor_a'}",,vendor_a,vendor_b has no record for this channel; filled from vendor_a (fallback).,No action needed. Tracked to monitor vendor coverage.,auto,[],,,,,,,
Q00792,CR01495,instagram,reach_rate,PRIMARY_SOURCE_MISSING,YELLOW,{'reach_rate': 'vendor_a'},,vendor_a,vendor_b's record lacks a valid value for reach_rate; filled from vendor_a (fallback).,No action needed. Tracked to monitor vendor coverage.,auto,[],,,,,,,
Q00793,CR01495,youtube,"handle, meaningful_eng_rate",PRIMARY_SOURCE_MISSING,YELLOW,"{'handle': 'vendor_a', 'meaningful_eng_rate': 'vendor_a'}",,vendor_a,vendor_b has no record for this channel; filled from vendor_a (fallback).,No action needed. Tracked to monitor vendor coverage.,auto,[],,,,,,,
