creator_id,platform,handle,handle__source,follower_count,follower_count__source,reach_rate,reach_rate__source,growth_rate,growth_rate__source,meaningful_eng_rate,meaningful_eng_rate__source,size_band,reach_rate__pct,reach_rate__peers,growth_rate__pct,growth_rate__peers,meaningful_eng_rate__pct,meaningful_eng_rate__peers
CR00000,instagram,@creator0_instagram,vendor_b,83280.0,vendor_b,0.316954851104707,vendor_b,0.07430340557275542,vendor_b,,,micro,19.2,instagram,41.2,instagram · micro,,
CR00000,tiktok,@creator0_tiktok,vendor_c,50271,vendor_c,2.6050008951482964,vendor_c,,,,,micro,41.1,tiktok,,,,
CR00000,youtube,@creator0_youtube,vendor_a,60988,vendor_a,0.18390503049780285,vendor_a,0.12073211069866588,vendor_a,0.0,vendor_a,micro,0.3,youtube,64.7,youtube · micro,0.8,youtube
CR00002,instagram,,,,,,,,,,,,,,,,,
CR00002,tiktok,@creator2_tiktok,vendor_a,30968,vendor_a,2.5378132265564455,vendor_a,0.08636778222128674,vendor_a,0.1008668242710796,vendor_a,micro,39.7,tiktok,50.2,tiktok · micro,32.0,tiktok
CR00002,youtube,@creator2_youtube,vendor_a,425823,vendor_a,1.225441087024421,vendor_a,0.003979864901505417,vendor_a,0.10070032194895284,vendor_a,mid,50.2,youtube,16.7,youtube · mid,55.2,youtube
CR00003,instagram,https://www.instagram.com/creator3_instagram/,vendor_b,29580.0,vendor_b,0.7942866801893171,vendor_b,0.1733439111463705,vendor_b,,"n/a (likes hidden, vendor_b)",micro,64.6,instagram,86.5,instagram · micro,,
CR00003,tiktok,https://www.tiktok.com/@creator3_tiktok,vendor_b,19350.0,vendor_b,5.576124031007752,vendor_b,0.10697940503432495,vendor_b,0.14156079854809436,vendor_b,micro,78.9,tiktok,60.7,tiktok · micro,49.8,tiktok
CR00003,youtube,@creator3_youtube,vendor_a,72522,vendor_a,2.1322908910399603,vendor_a,0.02670026615323631,vendor_a,0.0138308137664844,vendor_a,micro,77.5,youtube,18.3,youtube · micro,9.5,youtube
CR00004,instagram,@creator4_instagram,vendor_a,30410,vendor_a,0.6826701742847747,vendor_a,0.08657591024404188,vendor_a,0.1943820224719101,vendor_a,micro,55.1,instagram,51.5,instagram · micro,68.8,instagram
CR00004,tiktok,@creator4_tiktok,vendor_b,251220.0,vendor_b,2.581227609266778,vendor_b,0.06494277236116999,vendor_b,0.3660303956565419,vendor_b,mid,40.7,tiktok,41.7,tiktok · mid,96.1,tiktok
CR00004,youtube,,,,,,,,,,,,,,,,,
CR00005,instagram,@creator5_instagram,vendor_b,38970.0,vendor_b,0.3054144213497562,vendor_b,0.04814416352877891,vendor_b,0.07514450867052024,vendor_b,micro,18.1,instagram,29.9,instagram · micro,25.1,instagram
CR00005,tiktok,@creator5_tiktok,vendor_b,290280.0,vendor_b,4.3833436681824445,vendor_b,0.12133503302816086,vendor_b,0.29756157559730634,vendor_b,mid,69.5,tiktok,75.0,tiktok · mid,89.7,tiktok
CR00005,youtube,,,15810,vendor_a,0.6387096774193548,vendor_a,0.20696236353920147,vendor_a,0.039473684210526314,vendor_a,micro,16.8,youtube,93.8,youtube · micro,22.8,youtube
CR00007,instagram,,,,,,,,,,,,,,,,,
CR00007,youtube,@creator7_youtube,vendor_a,5029,vendor_a,0.8973951083714456,vendor_a,0.09827473247433938,vendor_a,0.09259259259259259,vendor_a,nano,32.7,youtube,46.7,youtube · nano,50.8,youtube
CR00009,instagram,https://www.instagram.com/creator9_instagram/,vendor_b,103620.0,vendor_b,1.5446149392009265,vendor_b,0.09211635750421585,vendor_b,0.1395157981124333,vendor_b,mid,91.6,instagram,52.7,instagram · mid,48.8,instagram
CR00009,tiktok,@creator9_tiktok,vendor_a,8399,vendor_a,7.945469698773664,vendor_a,0.0715743812196989,vendor_a,0.14737392213221845,vendor_b,nano,90.2,tiktok,22.8,tiktok · nano,52.5,tiktok
CR00009,youtube,@creator9_youtube,vendor_a,54681,vendor_a,1.93127411715221,vendor_a,0.03745233080994934,vendor_a,0.005878401074907625,vendor_a,micro,74.6,youtube,22.2,youtube · micro,5.8,youtube
CR00011,tiktok,,,477680.0,vendor_b,,,0.1607134178937649,vendor_b,0.15734863487872172,vendor_b,mid,,,87.8,tiktok · mid,55.3,tiktok
CR00012,instagram,@creator12_instagram,vendor_a,181628,vendor_a,0.5183562005858128,vendor_a,0.036417378998664734,vendor_a,0.08105147864184009,vendor_a,mid,39.7,instagram,21.2,instagram · mid,27.3,instagram
CR00012,tiktok,@creator12_tiktok,vendor_a,77767,vendor_a,0.9985598004294881,vendor_a,0.00385965818144266,vendor_a,0.39959704499664206,vendor_a,micro,5.9,tiktok,10.9,tiktok · micro,98.6,tiktok
CR00012,youtube,@creator12_youtube,vendor_a,6155,vendor_a,0.8924451665312754,vendor_a,0.2019136887326694,vendor_a,0.01875,vendor_a,nano,31.8,youtube,87.8,youtube · nano,12.5,youtube
CR00013,instagram,@creator13_instagram,vendor_a,177465,vendor_a,0.6553799340715071,vendor_a,0.18250874562718641,vendor_a,0.2158002735978112,vendor_a,mid,53.8,instagram,91.8,instagram · mid,75.1,instagram
CR00013,tiktok,@creator13_tiktok,vendor_c,31620,vendor_c,,,0.07503484853636147,vendor_c,,,micro,,,42.7,tiktok · micro,,
CR00015,instagram,@creator15_instagram,vendor_b,220740.0,vendor_b,0.2400788257678717,vendor_b,0.1444421401907922,vendor_b,0.16768390619980725,vendor_b,mid,11.7,instagram,76.7,instagram · mid,58.3,instagram
CR00015,tiktok,@creator15_tiktok,vendor_b,7200.0,vendor_b,7.0993055555555555,vendor_b,,,0.07644628099173553,vendor_b,nano,87.9,tiktok,,,19.6,tiktok
CR00015,youtube,@creator15_youtube,vendor_a,30585,vendor_a,5.957168546673206,vendor_a,0.052405202670153465,vendor_a,0.13161358252171623,vendor_a,micro,98.8,youtube,27.5,youtube · micro,69.7,youtube
CR00020,youtube,@creator20_youtube,vendor_a,5168,vendor_a,,,0.05555555555555555,vendor_a,0.0,vendor_a,nano,,,22.2,youtube · nano,0.8,youtube
CR00025,instagram,@creator25_instagram,vendor_b,44650.0,vendor_b,0.9058678611422173,vendor_b,0.09035409035409035,vendor_b,,"n/a (likes hidden, vendor_b)",micro,70.9,instagram,52.9,instagram · micro,,
CR00025,tiktok,,,,,,,,,,,,,,,,,
CR00025,youtube,@creator25_youtube,vendor_a,77361,vendor_a,0.800816949108724,vendor_a,-0.07498325999617371,vendor_a,0.010255061793321063,vendor_a,micro,26.6,youtube,1.3,youtube · micro,7.1,youtube
CR00027,youtube,@creator27_youtube,vendor_b,12770.0,vendor_b,1.592873923257635,vendor_b,,,0.0046022353714661405,vendor_b,micro,65.2,youtube,,,4.9,youtube
CR00029,instagram,@creator29_instagram,vendor_a,2193478,vendor_a,0.5808045487577264,vendor_a,0.15274269852230934,vendor_a,0.1293764500779929,vendor_a,macro,45.4,instagram,92.9,instagram · macro,45.4,instagram
CR00029,tiktok,https://www.tiktok.com/@creator29_tiktok,vendor_b,92190.0,vendor_b,0.6157283870267924,vendor_b,0.03654148864402968,vendor_b,,,micro,1.2,tiktok,21.3,tiktok · micro,,
CR00029,youtube,@creator29_youtube,vendor_a,12542,vendor_a,0.6672779461011002,vendor_a,0.05112303050620181,vendor_a,0.05656108597285068,vendor_a,micro,19.0,youtube,26.8,youtube · micro,30.9,youtube
CR00030,instagram,,,,,,,,,,,,,,,,,
CR00030,tiktok,@creator30_tiktok,vendor_a,12840,vendor_a,1.8156542056074767,vendor_a,0.04782111963440509,vendor_a,,,micro,23.1,tiktok,24.0,tiktok · micro,,
CR00030,youtube,@creator30_youtube,vendor_a,876473,vendor_a,1.7637462876780003,vendor_a,0.20572852182621568,vendor_a,0.09183068532131847,vendor_a,mid,70.2,youtube,95.1,youtube · mid,50.3,youtube
CR00031,instagram,@creator31_instagram,vendor_a,9246,vendor_a,1.4383517196625568,vendor_a,0.09757834757834757,vendor_a,0.16036308623298035,vendor_a,nano,89.4,instagram,45.2,instagram · nano,56.3,instagram
CR00031,tiktok,@creator31_tiktok,vendor_b,32160.0,vendor_b,1.2711753731343283,vendor_b,0.08502024291497975,vendor_b,0.39661294728216334,vendor_b,micro,10.0,tiktok,48.7,tiktok · micro,98.4,tiktok
CR00031,youtube,@creator31_youtube,vendor_a,22319,vendor_a,0.358304583538689,vendor_a,0.09385414624583414,vendor_a,0.0650887573964497,vendor_a,micro,5.0,youtube,49.3,youtube · micro,36.5,youtube
CR00032,instagram,,,,,,,,,,,,,,,,,
CR00032,tiktok,@creator32_tiktok,vendor_b,131200.0,vendor_b,5.517667682926829,vendor_b,0.12908777969018934,vendor_b,,,mid,78.1,tiktok,78.2,tiktok · mid,,
CR00032,youtube,@creator32_youtube,vendor_a,2534,vendor_a,1.5556432517758485,vendor_a,0.1322609472743521,vendor_a,0.08888888888888889,vendor_a,nano,64.0,youtube,61.1,youtube · nano,49.0,youtube
CR00033,instagram,@creator33_instagram,vendor_a,56795,vendor_a,0.9355224931772163,vendor_a,0.07848163761345942,vendor_a,,"n/a (likes hidden, vendor_a)",micro,72.6,instagram,44.2,instagram · micro,,
CR00033,youtube,@creator33_youtube,vendor_a,8725,vendor_a,1.2934097421203439,vendor_a,0.03844322780290407,vendor_a,0.059602649006622516,vendor_a,nano,53.3,youtube,17.8,youtube · nano,33.3,youtube
CR00034,instagram,@creator34_instagram,vendor_a,49610,vendor_a,1.5288651481556137,vendor_a,0.10036597537983809,vendor_a,0.1589707437433909,vendor_a,micro,91.4,instagram,56.9,instagram · micro,55.9,instagram
CR00034,tiktok,,,,,,,,,,,,,,,,,
CR00034,youtube,@creator34_youtube,vendor_a,111723,vendor_a,0.535556689311959,vendor_a,0.04350628123102788,vendor_a,0.00031017369727047146,vendor_a,mid,11.9,youtube,30.2,youtube · mid,1.8,youtube
CR00036,instagram,,,99440.0,vendor_b,0.11012670957361223,vendor_b,0.045636172450052574,vendor_b,0.2011904761904762,vendor_b,micro,1.7,instagram,27.7,instagram · micro,71.5,instagram
CR00036,tiktok,@creator36_tiktok,vendor_b,78330.0,vendor_b,8.388918677390528,vendor_b,0.11422475106685633,vendor_b,0.026919016739556628,vendor_b,micro,91.0,tiktok,65.2,tiktok · micro,4.3,tiktok
CR00036,youtube,@creator36_youtube,vendor_a,59221,vendor_a,3.0765100217828136,vendor_a,0.12512586681865678,vendor_a,0.14782490113186963,vendor_a,micro,89.1,youtube,68.0,youtube · micro,75.1,youtube
CR00038,instagram,@creator38_instagram,vendor_a,30194,vendor_a,1.6057661159701977,vendor_b,0.1728558110627719,vendor_a,0.24991036213696666,vendor_a,micro,92.0,instagram,86.1,instagram · micro,80.0,instagram
CR00038,tiktok,@creator38_tiktok,vendor_b,52000.0,vendor_b,1.8866153846153846,vendor_b,0.03256552819698173,vendor_b,0.2990307867730901,vendor_b,micro,24.5,tiktok,20.2,tiktok · micro,90.2,tiktok
CR00038,youtube,@creator38_youtube,vendor_a,129034,vendor_a,1.9361563618891144,vendor_a,0.037826447145120685,vendor_a,0.10988681957003413,vendor_a,mid,74.7,youtube,28.4,youtube · mid,59.4,youtube
CR00039,instagram,,,,,,,,,,,,,,,,,
CR00039,tiktok,,,,,,,,,,,,,,,,,
CR00040,instagram,https://www.instagram.com/creator40_instagram/,vendor_b,6200.0,vendor_b,0.5564516129032258,vendor_b,0.15671641791044777,vendor_b,0.07058823529411765,vendor_b,nano,43.2,instagram,82.3,instagram · nano,22.9,instagram
CR00040,tiktok,@creator40_tiktok,vendor_a,16425,vendor_a,5.524992389649924,vendor_a,0.05967741935483871,vendor_a,0.1878207321245296,vendor_a,micro,78.3,tiktok,33.7,tiktok · micro,66.0,tiktok
CR00040,youtube,@creator40_youtube,vendor_a,207205,vendor_a,1.1037426703023576,vendor_a,0.04210568668178823,vendor_a,0.024749260408398876,vendor_a,mid,43.4,youtube,29.6,youtube · mid,15.3,youtube
CR00041,instagram,https://www.instagram.com/creator41_instagram/,vendor_b,19360.0,vendor_b,1.5834194214876034,vendor_b,0.11009174311926606,vendor_b,,"n/a (likes hidden, vendor_b)",micro,91.8,instagram,61.7,instagram · micro,,
CR00041,youtube,@creator41_youtube,vendor_a,172311,vendor_a,5.673996436675546,vendor_a,0.07746227872163479,vendor_a,,,mid,98.4,youtube,46.9,youtube · mid,,
CR00046,tiktok,@creator46_tiktok,vendor_b,11790.0,vendor_b,2.827905004240882,vendor_b,0.1347449470644851,vendor_b,0.21553884711779447,vendor_b,micro,46.0,tiktok,75.3,tiktok · micro,73.7,tiktok
CR00046,youtube,@creator46_youtube,vendor_a,4215,vendor_a,1.669988137603796,vendor_a,0.020334059549745823,vendor_a,0.1273100616016427,vendor_a,nano,68.0,youtube,15.6,youtube · nano,67.5,youtube
CR00047,instagram,@creator47_instagram,vendor_b,285040.0,vendor_b,1.491874824586023,vendor_b,0.13209945190245453,vendor_b,0.10043509789702683,vendor_b,mid,90.9,instagram,70.5,instagram · mid,35.6,instagram
CR00047,youtube,@creator47_youtube,vendor_a,552046,vendor_a,0.8691431511142187,vendor_a,-0.053573234812573395,vendor_a,0.052869440459110476,vendor_a,mid,30.3,youtube,5.6,youtube · mid,29.5,youtube
CR00048,instagram,@creator48_instagram,vendor_a,684428,vendor_a,0.20988328940370646,vendor_a,0.08633329894370947,vendor_a,0.2551663917725817,vendor_a,mid,8.8,instagram,51.4,instagram · mid,82.0,instagram
CR00048,tiktok,@creator48_tiktok,vendor_a,27632,vendor_a,2.1855457440648522,vendor_a,0.03204601479046836,vendor_a,0.45691382765531063,vendor_a,micro,31.1,tiktok,19.9,tiktok · micro,99.3,tiktok
CR00048,youtube,,,,,,,,,,,,,,,,,
CR00050,instagram,@creator50_instagram,vendor_c,16719,vendor_c,0.6163646151085591,vendor_c,,,,,micro,49.5,instagram,,,,
CR00050,youtube,@creator50_youtube,vendor_a,302200,vendor_b,4.04801455989411,vendor_b,0.10513805083196197,vendor_b,0.12619482332724735,vendor_a,mid,95.8,youtube,60.5,youtube · mid,67.4,youtube
CR00053,youtube,@creator53_youtube,vendor_a,979501,vendor_a,0.7579788075765109,vendor_a,-0.01935851395172586,vendor_a,0.27561235356762515,vendor_a,mid,23.9,youtube,10.5,youtube · mid,94.2,youtube
CR00054,tiktok,@creator54_tiktok,vendor_a,8570,vendor_a,2.912135355892649,vendor_a,0.14648829431438126,vendor_a,0.24491392801251957,vendor_a,nano,47.4,tiktok,63.2,tiktok · nano,80.1,tiktok
CR00056,instagram,https://www.instagram.com/creator56_instagram/,vendor_b,12980.0,vendor_b,0.21756548536209552,vendor_b,,,0.0,vendor_b,micro,9.5,instagram,,,0.9,instagram
CR00056,youtube,@creator56_youtube,vendor_a,,,,,,,0.011996572407883462,vendor_a,,,,,,8.3,youtube
CR00060,instagram,@creator60_instagram,vendor_b,27760.0,vendor_b,1.4413544668587897,vendor_b,0.04126031507876969,vendor_b,0.5448491970231101,vendor_b,micro,89.6,instagram,24.8,instagram · micro,99.8,instagram
CR00060,tiktok,@creator60_tiktok,vendor_b,416033,vendor_c,2.237240795802256,vendor_c,-0.011119271899237244,vendor_c,0.24231361103741045,vendor_b,mid,32.5,tiktok,12.2,tiktok · mid,79.5,tiktok
CR00060,youtube,@creator60_youtube,vendor_a,17855,vendor_a,0.5858863063567629,vendor_a,0.10632629035256212,vendor_a,0.07544581618655692,vendor_a,micro,14.5,youtube,56.2,youtube · micro,40.7,youtube
CR00062,instagram,@creator62_instagram,vendor_b,2450.0,vendor_b,0.35428571428571426,vendor_b,,,0.20833333333333334,vendor_b,nano,22.0,instagram,,,73.2,instagram
CR00062,tiktok,@creator62_tiktok,vendor_a,34242,vendor_a,1.0052274983937854,vendor_a,0.22964771788702554,vendor_a,0.06537753222836096,vendor_a,micro,6.3,tiktok,97.8,tiktok · micro,15.5,tiktok
CR00062,youtube,,,,,,,,,,,,,,,,,
CR00063,instagram,@creator63_instagram,vendor_b,10460.0,vendor_b,0.3941682600382409,vendor_b,0.06300813008130081,vendor_b,0.12626262626262627,vendor_b,micro,26.6,instagram,35.0,instagram · micro,44.4,instagram
CR00063,tiktok,@creator63_tiktok,vendor_a,81163,vendor_a,1.762231558715178,vendor_a,0.0645165521221342,vendor_a,0.09393183707398171,vendor_a,micro,22.3,tiktok,35.6,tiktok · micro,28.1,tiktok
CR00063,youtube,@creator63_youtube,vendor_a,22624,vendor_a,0.9968175388967468,vendor_a,0.22338182014816418,vendor_a,0.08783783783783784,vendor_a,micro,37.2,youtube,96.7,youtube · micro,48.3,youtube
CR00065,instagram,@creator65_instagram,vendor_a,89513,vendor_a,0.26420743355713694,vendor_a,0.005967499044750624,vendor_a,0.09177592371871275,vendor_a,micro,14.9,instagram,12.0,instagram · micro,31.2,instagram
CR00065,tiktok,@creator65_tiktok,vendor_b,24730.0,vendor_b,1.2443995147594016,vendor_b,0.18268770923003347,vendor_b,0.1911170928667564,vendor_b,micro,9.6,tiktok,91.4,tiktok · micro,66.7,tiktok
CR00065,youtube,@creator65_youtube,vendor_a,5801,vendor_a,1.1634200999827615,vendor_a,-0.024222035323801513,vendor_a,0.2965779467680608,vendor_a,nano,47.1,youtube,5.6,youtube · nano,95.1,youtube
CR00068,instagram,@creator68_instagram,vendor_b,100550.0,vendor_b,0.5858378915962208,vendor_b,-0.020457866536775452,vendor_b,0.17494949494949494,vendor_b,mid,46.2,instagram,8.9,instagram · mid,61.2,instagram
CR00068,tiktok,@creator68_tiktok,vendor_b,13290.0,vendor_b,1.4077501881113619,vendor_b,0.05980861244019139,vendor_b,,,micro,12.7,tiktok,34.1,tiktok · micro,,
CR00068,youtube,@creator68_youtube,vendor_a,76373,vendor_a,3.4261322718761864,vendor_a,0.11089615848957803,vendor_a,0.21256506476213533,vendor_a,micro,92.2,youtube,58.2,youtube · micro,88.2,youtube
CR00070,instagram,@creator70_instagram,vendor_b,,,,,,,0.17813765182186234,vendor_b,,,,,,62.7,instagram
CR00070,tiktok,@creator70_tiktok,vendor_b,11190.0,vendor_b,0.8993744414655943,vendor_b,0.119,vendor_b,0.23895809739524349,vendor_b,micro,3.9,tiktok,68.2,tiktok · micro,78.3,tiktok
CR00070,youtube,@creator70_youtube,vendor_a,6340,vendor_a,1.5905362776025236,vendor_a,0.06968112029694618,vendor_a,0.15343915343915343,vendor_a,nano,64.7,youtube,26.7,youtube · nano,76.5,youtube
CR00072,instagram,,,,,,,,,,,,,,,,,
CR00072,tiktok,@creator72_tiktok,vendor_b,1510.0,vendor_b,3.6913907284768213,vendor_b,,,,,nano,60.7,tiktok,,,,
CR00072,youtube,@creator72_youtube,vendor_a,34407,vendor_a,1.3310372889237656,vendor_a,0.034765871703106674,vendor_a,0.2132564841498559,vendor_a,micro,54.8,youtube,20.6,youtube · micro,88.7,youtube
CR00073,tiktok,@creator73_tiktok,vendor_b,403736,vendor_c,14.897432976004122,vendor_c,0.08995586031883158,vendor_c,0.3071817877194302,vendor_b,mid,98.0,tiktok,57.1,tiktok · mid,91.3,tiktok
CR00073,youtube,@creator73_youtube,vendor_a,20938,vendor_a,1.0815264113095806,vendor_a,0.09605821075223787,vendor_a,0.014227642276422764,vendor_a,micro,41.7,youtube,51.0,youtube · micro,9.7,youtube
CR00076,youtube,@creator76_youtube,vendor_a,33547,vendor_a,2.483858467225087,vendor_a,-0.001042225001488893,vendor_a,0.1492262343404569,vendor_b,micro,83.6,youtube,10.5,youtube · micro,76.0,youtube
CR00077,instagram,@creator77_instagram,vendor_a,22191,vendor_a,0.255824433328827,vendor_a,0.08481619084865076,vendor_a,0.045454545454545456,vendor_a,micro,13.6,instagram,49.3,instagram · micro,10.7,instagram
CR00077,tiktok,@creator77_tiktok,vendor_a,30331,vendor_a,1.3134087237479806,vendor_a,0.047847716437504316,vendor_a,0.09277566539923954,vendor_a,micro,11.0,tiktok,24.3,tiktok · micro,27.2,tiktok
CR00077,youtube,@creator77_youtube,vendor_a,8214,vendor_a,1.1757974190406624,vendor_a,0.06233833419555096,vendor_a,0.10909090909090909,vendor_a,nano,48.1,youtube,24.4,youtube · nano,58.7,youtube
CR00079,instagram,@creator79_instagram,vendor_b,636010.0,vendor_b,1.1337840599990565,vendor_b,0.07876927252065065,vendor_b,,,mid,82.3,instagram,47.3,instagram · mid,,
CR00079,tiktok,@creator79_tiktok,vendor_a,15774,vendor_a,2.3391023202738683,vendor_a,0.05363703159441587,vendor_a,0.3339749759384023,vendor_a,micro,35.0,tiktok,28.8,tiktok · micro,94.1,tiktok
CR00082,instagram,@creator82_instagram,vendor_a,42644,vendor_a,0.7530250445549198,vendor_a,0.036281013827124495,vendor_a,0.3255093002657219,vendor_a,micro,60.1,instagram,22.6,instagram · micro,93.2,instagram
CR00082,tiktok,@creator82_tiktok,vendor_b,44960.0,vendor_b,3.1590302491103204,vendor_b,0.10061199510403916,vendor_b,0.14549356223175966,vendor_b,micro,52.4,tiktok,58.8,tiktok · micro,52.1,tiktok
CR00082,youtube,@creator82_youtube,vendor_a,109597,vendor_a,4.667235417027839,vendor_a,-0.0420345086796147,vendor_a,0.08295390486102078,vendor_a,mid,97.4,youtube,7.4,youtube · mid,45.3,youtube
CR00083,instagram,@creator83_instagram,vendor_b,17040.0,vendor_b,0.5313967136150235,vendor_b,0.030852994555353903,vendor_b,0.2288329519450801,vendor_b,micro,41.5,instagram,20.8,instagram · micro,76.6,instagram
CR00083,tiktok,@creator83_tiktok,vendor_b,4690.0,vendor_b,2.393390191897655,vendor_b,0.20256410256410257,vendor_b,0.2836676217765043,vendor_b,nano,36.6,tiktok,87.7,tiktok · nano,87.0,tiktok
CR00083,youtube,@creator83_youtube,vendor_a,55492,vendor_a,1.5312297268074677,vendor_a,0.07162582314659251,vendor_a,0.2274481427882296,vendor_a,micro,62.8,youtube,37.6,youtube · micro,89.8,youtube
CR00084,instagram,@creator84_instagram,vendor_b,174920.0,vendor_b,1.8601417790990167,vendor_b,0.13392972902891223,vendor_b,0.06940905229947822,vendor_b,mid,94.4,instagram,73.3,instagram · mid,22.0,instagram
CR00084,tiktok,@creator84_tiktok,vendor_b,104880.0,vendor_b,7.536737223493517,vendor_b,,,0.14817602961011261,vendor_b,mid,89.0,tiktok,,,53.2,tiktok
CR00084,youtube,@creator84_youtube,vendor_b,5980.0,vendor_b,0.8055183946488295,vendor_b,0.11567164179104478,vendor_b,,,nano,27.2,youtube,56.7,youtube · nano,,
CR00085,youtube,@creator85_youtube,vendor_b,5900.0,vendor_b,6.462542372881356,vendor_b,0.138996138996139,vendor_b,0.08874079270431427,vendor_b,nano,99.3,youtube,65.6,youtube · nano,48.9,youtube
CR00086,instagram,@creator86_instagram,vendor_b,16780.0,vendor_b,2.4088796185935637,vendor_b,,,,,micro,97.8,instagram,,,,
CR00086,tiktok,@creator86_tiktok,vendor_b,220420.0,vendor_b,2.4258824063152162,vendor_b,0.023733221866146487,vendor_b,0.09608355091383812,vendor_b,mid,37.8,tiktok,23.7,tiktok · mid,29.9,tiktok
CR00086,youtube,@creator86_youtube,vendor_b,86199,vendor_a,0.8175500875880231,vendor_a,0.09346576854283213,vendor_a,0.11781024597743665,vendor_a,micro,27.9,youtube,49.0,youtube · micro,62.8,youtube
CR00087,youtube,@creator87_youtube,vendor_a,15476,vendor_a,1.3327733264409407,vendor_a,0.11990737390549244,vendor_a,0.3474114441416894,vendor_a,micro,55.0,youtube,63.7,youtube · micro,97.4,youtube
CR00089,instagram,@creator89_instagram,vendor_c,,,,,,,,,,,,,,,
CR00090,instagram,@creator90_instagram,vendor_a,40031,vendor_a,0.2619719717219155,vendor_a,0.0003748500599760096,vendor_a,0.14052287581699346,vendor_a,micro,14.3,instagram,10.6,instagram · micro,49.3,instagram
CR00090,tiktok,@creator90_tiktok,vendor_b,17920.0,vendor_b,9.106584821428571,vendor_b,,,,,micro,92.6,tiktok,,,,
CR00090,youtube,@creator90_youtube,vendor_a,28457,vendor_a,1.1621042274308606,vendor_a,0.023522641441571054,vendor_a,0.09167204648160103,vendor_a,micro,46.7,youtube,18.0,youtube · micro,50.1,youtube
CR00092,tiktok,@creator92_tiktok,vendor_a,430694,vendor_a,1.7338783451824265,vendor_a,-0.04097991975025496,vendor_a,0.028150134048257374,vendor_a,mid,20.9,tiktok,7.7,tiktok · mid,4.8,tiktok
CR00092,youtube,@creator92_youtube,vendor_a,3461477,vendor_a,0.9473005309583163,vendor_a,0.14532809574827826,vendor_a,0.24839615656655484,vendor_a,macro,35.5,youtube,92.3,youtube · macro,91.7,youtube
CR00094,youtube,@creator94_youtube,vendor_a,34737,vendor_a,0.7172755275354809,vendor_a,0.09732752084912813,vendor_a,0.08471615720524017,vendor_a,micro,21.5,youtube,52.0,youtube · micro,46.4,youtube
CR00096,instagram,@creator96_instagram,vendor_a,118212,vendor_a,0.8391364666869692,vendor_a,0.06448388578220818,vendor_a,0.29578059071729956,vendor_a,mid,67.4,instagram,34.9,instagram · mid,90.0,instagram
CR00096,youtube,@creator96_youtube,vendor_c,8069,vendor_c,1.4532160118973851,vendor_c,0.20343027591349738,vendor_c,0.09717514124293786,vendor_c,nano,59.9,youtube,88.9,youtube · nano,53.3,youtube
CR00097,instagram,@creator97_instagram,vendor_b,,,,,,,0.20724292889241344,vendor_b,,,,,,72.9,instagram
CR00097,tiktok,@creator97_tiktok,vendor_b,1141080.0,vendor_b,0.9695902127808742,vendor_b,0.06889736119828015,vendor_b,0.047949244085945426,vendor_b,macro,5.1,tiktok,77.8,tiktok · macro,9.4,tiktok
CR00097,youtube,@creator97_youtube,vendor_a,49796,vendor_a,,,0.18497013540204174,vendor_a,0.07511045655375552,vendor_a,micro,,,88.6,youtube · micro,40.6,youtube
CR00099,instagram,@creator99_instagram,vendor_b,15830.0,vendor_b,0.4276058117498421,vendor_b,0.04765056254136334,vendor_b,0.2633333333333333,vendor_b,micro,29.8,instagram,29.6,instagram · micro,84.1,instagram
CR00099,tiktok,,,22078,vendor_a,5.697662831778241,vendor_a,0.08003130809118482,vendor_a,0.036646406864497674,vendor_a,micro,79.5,tiktok,46.4,tiktok · micro,6.8,tiktok
CR00099,youtube,@creator99_youtube,vendor_a,51809,vendor_a,1.3754173985214924,vendor_a,0.030881270270808045,vendor_a,0.01160728679671127,vendor_a,micro,56.4,youtube,19.0,youtube · micro,7.9,youtube
CR00100,instagram,@creator100_instagram,vendor_b,4990.0,vendor_b,1.0168336673346694,vendor_b,0.15242494226327943,vendor_b,,,nano,78.4,instagram,77.4,instagram · nano,,
CR00100,tiktok,@creator100_tiktok,vendor_c,7966,vendor_c,3.1723575194576954,vendor_c,0.20259661835748793,vendor_c,,,nano,52.6,tiktok,89.5,tiktok · nano,,
CR00100,youtube,@creator100_youtube,vendor_a,29029,vendor_a,1.6003996003996004,vendor_a,0.19662805556700605,vendor_a,0.03954802259887006,vendor_a,micro,65.7,youtube,91.8,youtube · micro,22.9,youtube
CR00102,instagram,@creator102_instagram,vendor_b,124870.0,vendor_b,0.6308080403619765,vendor_b,0.011830483753342516,vendor_b,0.22713996854639407,vendor_b,mid,51.4,instagram,14.4,instagram · mid,76.3,instagram
CR00102,tiktok,@creator102_tiktok,vendor_b,301450.0,vendor_b,1.0773196218278323,vendor_b,0.02582862587626761,vendor_b,0.08247257586676275,vendor_b,mid,6.5,tiktok,25.0,tiktok · mid,23.1,tiktok
CR00102,youtube,@creator102_youtube,vendor_a,102402,vendor_a,3.438585183883127,vendor_a,0.1060203486488238,vendor_a,0.13585425405371565,vendor_a,mid,92.6,youtube,62.3,youtube · mid,70.7,youtube
CR00103,instagram,https://www.instagram.com/creator103_instagram/,vendor_b,144840.0,vendor_b,0.45617232808616404,vendor_b,-0.014492753623188406,vendor_b,0.06983511154219205,vendor_b,mid,31.8,instagram,9.6,instagram · mid,22.4,instagram
CR00103,tiktok,https://www.tiktok.com/@creator103_tiktok,vendor_b,2890.0,vendor_b,5.700692041522491,vendor_b,,,0.15315315315315314,vendor_b,nano,79.6,tiktok,,,54.6,tiktok
CR00103,youtube,@creator103_youtube,vendor_a,98606,vendor_a,2.2230797314565036,vendor_a,0.09212741449583554,vendor_a,0.03277981453525987,vendor_a,micro,79.2,youtube,48.0,youtube · micro,19.0,youtube
CR00107,tiktok,@creator107_tiktok,vendor_b,11810.0,vendor_b,3.2422523285351397,vendor_b,0.07853881278538813,vendor_b,0.21923696937130574,vendor_b,micro,53.8,tiktok,45.3,tiktok · micro,74.4,tiktok
CR00108,instagram,@creator108_instagram,vendor_a,235640,vendor_a,0.4253225258869462,vendor_a,0.0742599760201686,vendor_a,0.14361140443505807,vendor_b,mid,29.4,instagram,44.5,instagram · mid,50.7,instagram
CR00108,tiktok,,,,,,,,,,,,,,,,,
CR00108,youtube,,,,,,,,,,,,,,,,,
CR00110,instagram,@creator110_instagram,vendor_a,70183,vendor_a,0.1445079292706211,vendor_a,0.08297071258834059,vendor_a,0.08275862068965517,vendor_a,micro,3.9,instagram,47.1,instagram · micro,29.0,instagram
CR00110,tiktok,@creator110_tiktok,vendor_a,213729,vendor_a,2.3415119146208516,vendor_a,0.13151179534962518,vendor_a,0.06430718428516997,vendor_a,mid,35.4,tiktok,79.5,tiktok · mid,14.6,tiktok
CR00110,youtube,@creator110_youtube,vendor_a,227522,vendor_a,1.099159641704978,vendor_a,0.05740085792230366,vendor_a,0.14546318289786223,vendor_a,mid,42.9,youtube,35.8,youtube · mid,73.9,youtube
CR00112,tiktok,@creator112_tiktok,vendor_b,4920.0,vendor_b,2.334756097560976,vendor_b,0.11564625850340136,vendor_b,,,nano,34.6,tiktok,47.4,tiktok · nano,,
CR00116,instagram,@creator116_instagram,vendor_b,4360.0,vendor_b,0.6621559633027523,vendor_b,0.14435695538057744,vendor_b,0.4563106796116505,vendor_b,nano,54.2,instagram,74.2,instagram · nano,98.8,instagram
CR00117,instagram,,,,,,,,,,,,,,,,,
CR00117,tiktok,@creator117_tiktok,vendor_a,41164,vendor_a,1.9173792634340685,vendor_a,0.02103383272150015,vendor_a,0.5480009035464197,vendor_a,micro,25.2,tiktok,16.5,tiktok · micro,100.0,tiktok
CR00117,youtube,,,,,,,,,,,,,,,,,
CR00125,instagram,@creator125_instagram,vendor_a,2082999,vendor_a,0.9410604613828427,vendor_a,0.0364772494876078,vendor_a,,"n/a (likes hidden, vendor_a)",macro,73.4,instagram,28.6,instagram · macro,,
CR00125,tiktok,https://www.tiktok.com/@creator125_tiktok,vendor_b,17230.0,vendor_b,15.465699361578642,vendor_b,0.10661528580603725,vendor_b,0.012730670404111188,vendor_b,micro,98.2,tiktok,60.3,tiktok · micro,0.9,tiktok
CR00125,youtube,@creator125_youtube,vendor_a,189505,vendor_a,1.650753278277618,vendor_a,0.10630137306183449,vendor_a,0.1115916955017301,vendor_a,mid,67.3,youtube,63.0,youtube · mid,60.1,youtube
CR00126,instagram,@creator126_instagram,vendor_a,67787,vendor_a,0.39110743947954624,vendor_a,0.003642232125671814,vendor_a,0.17462803445575567,vendor_a,micro,25.7,instagram,11.7,instagram · micro,61.0,instagram
CR00126,youtube,,,,,,,,,,,,,,,,,
CR00127,tiktok,,,,,,,,,,,,,,,,,
CR00128,instagram,@creator128_instagram,vendor_a,18358,vendor_a,0.3829937901732215,vendor_a,0.013190573431204812,vendor_a,0.5673249551166966,vendor_a,micro,25.5,instagram,15.0,instagram · micro,100.0,instagram
CR00128,tiktok,@creator128_tiktok,vendor_c,416405,vendor_c,0.538533398974556,vendor_c,0.09794651661929346,vendor_c,,,mid,1.0,tiktok,62.8,tiktok · mid,,
CR00128,youtube,@creator128_youtube,vendor_a,423617,vendor_a,2.3885892209236173,vendor_a,0.10989640272788796,vendor_b,0.07850306484568233,vendor_a,mid,82.0,youtube,64.8,youtube · mid,42.9,youtube
CR00130,instagram,@creator130_instagram,vendor_c,90716,vendor_c,0.9375744080426827,vendor_c,0.08449693955623565,vendor_c,,,micro,73.0,instagram,48.9,instagram · micro,,
CR00130,tiktok,@creator130_tiktok,vendor_b,1330930.0,vendor_b,2.5438362648674233,vendor_b,0.01830910482019893,vendor_b,0.30801243543852264,vendor_b,macro,39.9,tiktok,22.2,tiktok · macro,91.6,tiktok
CR00130,youtube,@creator130_youtube,vendor_a,14055,vendor_a,1.9299181785841337,vendor_a,,,0.1603563474387528,vendor_a,micro,74.4,youtube,,,78.7,youtube
CR00131,instagram,,,,,,,,,,"n/a (likes hidden, vendor_b)",,,,,,,
CR00131,tiktok,@creator131_tiktok,vendor_b,56650,vendor_a,7.025578111209179,vendor_a,0.0169826224328594,vendor_a,0.022551993859424687,vendor_a,micro,87.5,tiktok,14.6,tiktok · micro,3.4,tiktok
CR00131,youtube,@creator131_youtube,vendor_a,35710,vendor_a,1.642397087650518,vendor_a,0.11059277228338621,vendor_a,0.10703363914373089,vendor_a,micro,67.0,youtube,57.8,youtube · micro,57.5,youtube
CR00135,youtube,@creator135_youtube,vendor_b,344980.0,vendor_b,1.0351614586352833,vendor_b,0.07617918642375843,vendor_b,0.11212249506068303,vendor_b,mid,38.9,youtube,45.7,youtube · mid,60.5,youtube
CR00136,instagram,@creator136_instagram,vendor_a,90684,vendor_a,0.20736844426800757,vendor_a,0.0024097450976057304,vendor_a,0.27111111111111114,vendor_a,micro,8.6,instagram,11.3,instagram · micro,86.8,instagram
CR00136,tiktok,@creator136_tiktok,vendor_b,80560.0,vendor_b,4.469587884806356,vendor_b,0.017942886024766236,vendor_b,0.2388370423546303,vendor_b,micro,70.5,tiktok,15.7,tiktok · micro,78.1,tiktok
CR00136,youtube,@creator136_youtube,vendor_a,182920,vendor_a,0.9335993877104746,vendor_a,0.16397604851384973,vendor_a,0.19181385648178323,vendor_a,mid,34.9,youtube,88.9,youtube · mid,84.5,youtube
CR00138,instagram,@creator138_instagram,vendor_b,4470.0,vendor_b,0.26308724832214764,vendor_b,,,0.0,vendor_b,nano,14.7,instagram,,,0.9,instagram
CR00138,tiktok,https://www.tiktok.com/@creator138_tiktok,vendor_b,19140.0,vendor_b,0.9649947753396029,vendor_b,0.11085316308763785,vendor_b,0.116751269035533,vendor_b,micro,4.9,tiktok,62.9,tiktok · micro,38.6,tiktok
CR00138,youtube,@creator138_youtube,vendor_b,68420.0,vendor_b,0.23175971938029816,vendor_b,0.02088928678006565,vendor_b,0.09284332688588008,vendor_b,micro,1.2,youtube,17.0,youtube · micro,51.1,youtube
CR00139,instagram,@creator139_instagram,vendor_b,101300.0,vendor_b,0.26928923988153997,vendor_b,0.1331096196868009,vendor_b,0.08843537414965986,vendor_b,mid,15.3,instagram,72.6,instagram · mid,30.7,instagram
CR00140,tiktok,@creator140_tiktok,vendor_b,,,,,,,0.30987879437949156,vendor_b,,,,,,92.0,tiktok
CR00140,youtube,,,,,,,,,,,,,,,,,
CR00141,instagram,@creator141_instagram,vendor_a,54032,vendor_a,0.32447438554930413,vendor_a,0.0848492149540216,vendor_a,0.0959409594095941,vendor_a,micro,19.7,instagram,49.6,instagram · micro,32.9,instagram
CR00143,instagram,@creator143_instagram,vendor_b,197400.0,vendor_b,1.8651063829787233,vendor_b,0.21141454433875423,vendor_b,0.06522245515956208,vendor_b,mid,94.6,instagram,95.9,instagram · mid,20.7,instagram
CR00143,tiktok,@creator143_tiktok,vendor_a,52822,vendor_a,7.727651357388967,vendor_a,0.00855386260358193,vendor_a,0.07711143569035141,vendor_a,micro,89.4,tiktok,12.4,tiktok · micro,20.3,tiktok
CR00143,youtube,@creator143_youtube,vendor_a,32358,vendor_a,1.0709870820199023,vendor_a,0.05417820491936798,vendor_a,0.08872727272727272,vendor_a,micro,41.2,youtube,28.4,youtube · micro,48.7,youtube
CR00146,instagram,@creator146_instagram,vendor_c,1587651,vendor_c,0.7011320498018772,vendor_c,0.059408655963486406,vendor_c,,,macro,55.9,instagram,35.7,instagram · macro,,
CR00146,tiktok,@creator146_tiktok,vendor_b,252250.0,vendor_b,4.55202378592666,vendor_b,0.03123339193001104,vendor_b,,,mid,71.4,tiktok,28.8,tiktok · mid,,
CR00147,youtube,https://youtube.com/@creator147_youtube,vendor_b,94830.0,vendor_b,2.30906886006538,vendor_b,-0.01933815925542916,vendor_b,0.010881308843957401,vendor_b,micro,80.3,youtube,6.9,youtube · micro,7.6,youtube
CR00148,instagram,@creator148_instagram,vendor_a,24748,vendor_a,0.2568288346533053,vendor_a,0.04700258069975039,vendor_a,0.0,vendor_a,micro,14.0,instagram,28.5,instagram · micro,0.9,instagram
CR00148,youtube,@creator148_youtube,vendor_a,92223,vendor_a,1.1759322511737853,vendor_a,0.1002505368647101,vendor_a,0.015701970443349755,vendor_a,micro,48.3,youtube,54.2,youtube · micro,10.6,youtube
CR00149,instagram,@creator149_instagram,vendor_a,55488,vendor_a,0.6041486447520185,vendor_a,0.10114901470500684,vendor_a,0.11305732484076433,vendor_a,micro,48.6,instagram,57.3,instagram · micro,41.0,instagram
CR00149,tiktok,https://www.tiktok.com/@creator149_tiktok,vendor_b,293230.0,vendor_b,1.9190328411144835,vendor_b,0.17306076729207506,vendor_b,0.15413943355119825,vendor_b,mid,25.4,tiktok,89.7,tiktok · mid,55.0,tiktok
CR00150,instagram,,,,,,,,,,,,,,,,,
CR00151,instagram,@creator151_instagram,vendor_b,22980.0,vendor_b,0.4048302872062663,vendor_b,0.18270715388574368,vendor_b,0.10126582278481013,vendor_b,micro,27.6,instagram,89.1,instagram · micro,36.1,instagram
CR00151,tiktok,,,,,,,,,,,,,,,,,
CR00151,youtube,@creator151_youtube,vendor_a,6147,vendor_a,1.5361965186269726,vendor_a,0.1704112718964204,vendor_a,0.05812574139976275,vendor_a,nano,63.1,youtube,76.7,youtube · nano,31.9,youtube
CR00152,instagram,@creator152_instagram,vendor_b,39670.0,vendor_b,0.1706075119737837,vendor_b,0.1934416365824308,vendor_b,0.1201923076923077,vendor_b,micro,5.8,instagram,91.2,instagram · micro,42.9,instagram
CR00152,tiktok,@creator152_tiktok,vendor_a,10432,vendor_a,1.7489455521472392,vendor_a,0.2923686818632309,vendor_a,0.07907845579078455,vendor_a,micro,21.5,tiktok,100.0,tiktok · micro,21.7,tiktok
CR00152,youtube,@creator152_youtube,vendor_a,22117,vendor_a,0.7006827327395216,vendor_a,0.23077351140790206,vendor_a,0.043243243243243246,vendor_a,micro,20.4,youtube,97.1,youtube · micro,25.7,youtube
CR00153,instagram,@creator153_instagram,vendor_a,348313,vendor_a,0.48857206018724536,vendor_a,0.05312281741412517,vendor_a,0.08117099135063206,vendor_a,mid,35.6,instagram,32.2,instagram · mid,27.8,instagram
CR00153,tiktok,https://www.tiktok.com/@creator153_tiktok,vendor_b,1151930.0,vendor_b,3.446776279808669,vendor_b,,,0.08635426781759632,vendor_b,macro,57.7,tiktok,,,24.4,tiktok
CR00153,youtube,@creator153_youtube,vendor_a,14513,vendor_a,2.931234066009784,vendor_a,0.0820906650760513,vendor_a,0.05919796308084023,vendor_a,micro,87.4,youtube,42.2,youtube · micro,33.2,youtube
CR00155,instagram,@creator155_instagram,vendor_b,130410.0,vendor_b,0.5021930833525037,vendor_b,0.10996680568559027,vendor_b,0.08207407407407408,vendor_b,mid,37.8,instagram,60.3,instagram · mid,28.5,instagram
CR00155,tiktok,@creator155_tiktok,vendor_b,108200.0,vendor_b,9.3656561922366,vendor_b,0.2006213936972925,vendor_b,0.10694902274165086,vendor_b,mid,93.2,tiktok,97.4,tiktok · mid,34.7,tiktok
CR00155,youtube,@creator155_youtube,vendor_a,242096,vendor_a,2.5070963584693677,vendor_a,-0.014784579760630613,vendor_a,0.015814371050723388,vendor_a,mid,83.9,youtube,12.3,youtube · mid,10.8,youtube
CR00158,instagram,@creator158_instagram,vendor_b,30360.0,vendor_b,0.5979907773386034,vendor_b,0.0516106685140284,vendor_b,0.2594458438287154,vendor_b,micro,47.5,instagram,31.0,instagram · micro,83.4,instagram
CR00158,tiktok,https://www.tiktok.com/@creator158_tiktok,vendor_b,203130.0,vendor_b,2.3510461280953083,vendor_b,0.07852819369225868,vendor_b,0.17397040806710018,vendor_b,mid,35.6,tiktok,48.1,tiktok · mid,61.2,tiktok
CR00158,youtube,@creator158_youtube,vendor_a,34809,vendor_a,7.565572122152317,vendor_a,0.019804880907040107,vendor_a,0.00578304807523804,vendor_a,micro,100.0,youtube,16.3,youtube · micro,5.6,youtube
CR00160,instagram,@creator160_instagram,vendor_a,108089,vendor_a,1.3376014210511709,vendor_a,0.13235556021161804,vendor_a,0.16210045662100456,vendor_a,mid,87.2,instagram,71.2,instagram · mid,56.8,instagram
CR00160,tiktok,,,,,,,,,,,,,,,,,
CR00160,youtube,,,,,,,,,,,,,,,,,
CR00161,instagram,,,,,,,,,,,,,,,,,
CR00161,tiktok,@creator161_tiktok,vendor_b,5460.0,vendor_b,2.001098901098901,vendor_b,0.2465753424657534,vendor_b,0.26011560693641617,vendor_b,nano,27.0,tiktok,98.2,tiktok · nano,83.8,tiktok
CR00162,tiktok,@creator162_tiktok,vendor_b,160010.0,vendor_b,4.072776701456159,vendor_b,0.0751192635893301,vendor_b,0.24571530587955248,vendor_b,mid,65.0,tiktok,46.2,tiktok · mid,81.3,tiktok
CR00172,instagram,@creator172_instagram,vendor_b,14150.0,vendor_b,0.1348409893992933,vendor_b,-0.04713804713804714,vendor_b,0.08139534883720931,vendor_b,micro,3.0,instagram,4.7,instagram · micro,28.3,instagram
CR00172,tiktok,@creator172_tiktok,vendor_a,72916,vendor_a,2.7050578748148553,vendor_a,0.19299738219895288,vendor_a,0.018651892890120036,vendor_a,micro,42.9,tiktok,93.3,tiktok · micro,2.7,tiktok
CR00172,youtube,@creator172_youtube,vendor_a,44179,vendor_a,1.5868399013105774,vendor_a,0.1513343062649849,vendor_a,0.019061234214915415,vendor_a,micro,64.5,youtube,81.7,youtube · micro,12.9,youtube
CR00173,instagram,https://www.instagram.com/creator173_instagram/,vendor_b,7740.0,vendor_b,0.5228682170542636,vendor_b,0.12663755458515283,vendor_b,0.18974358974358974,vendor_b,nano,40.4,instagram,62.9,instagram · nano,67.6,instagram
CR00173,tiktok,@creator173_tiktok,vendor_a,152009,vendor_a,3.303778065772421,vendor_a,0.19979320578392373,vendor_a,0.24743969918376083,vendor_a,mid,55.4,tiktok,96.8,tiktok · mid,81.7,tiktok
CR00173,youtube,@creator173_youtube,vendor_a,12610,vendor_a,0.6470261697065821,vendor_a,0.24199743918053776,vendor_a,0.059084194977843424,vendor_a,micro,17.5,youtube,98.4,youtube · micro,32.8,youtube
CR00174,instagram,@creator174_instagram,vendor_b,3100.0,vendor_b,0.6512903225806451,vendor_b,,,,,nano,53.1,instagram,,,,
CR00174,tiktok,@creator174_tiktok,vendor_b,59320.0,vendor_b,0.7156945380984491,vendor_b,-0.023860457462563767,vendor_b,0.09004392386530015,vendor_b,micro,2.3,tiktok,6.4,tiktok · micro,26.0,tiktok
CR00175,instagram,@creator175_instagram,vendor_b,44740.0,vendor_b,0.3984801072865445,vendor_b,0.20625505527096252,vendor_b,0.12223206377325066,vendor_b,micro,27.2,instagram,92.7,instagram · micro,43.4,instagram
CR00175,tiktok,,,,,,,,,,,,,,,,,
CR00175,youtube,@creator175_youtube,vendor_a,13763,vendor_a,0.8895589624355155,vendor_a,0.11985353946297803,vendor_a,0.272,vendor_a,micro,31.1,youtube,63.4,youtube · micro,93.8,youtube
CR00176,instagram,,,,,,,,,,,,,,,,,
CR00177,instagram,@creator177_instagram,vendor_b,192460.0,vendor_b,2.0704510028057777,vendor_b,0.10285943498939888,vendor_b,,,mid,96.1,instagram,56.8,instagram · mid,,
CR00177,tiktok,@creator177_tiktok,vendor_c,,,,,,,,,,,,,,,
CR00177,youtube,@creator177_youtube,vendor_a,1463024,vendor_a,1.5071987882632136,vendor_a,0.09815118809302381,vendor_a,0.08599806910271789,vendor_a,macro,61.6,youtube,69.2,youtube · macro,47.1,youtube
CR00178,instagram,@creator178_instagram,vendor_a,30270,vendor_a,0.7345226296663363,vendor_a,0.12019835689438235,vendor_a,0.13198757763975155,vendor_a,micro,59.0,instagram,66.1,instagram · micro,46.3,instagram
CR00179,instagram,@creator179_instagram,vendor_a,24646,vendor_a,0.13823744218128703,vendor_a,0.0961572673901441,vendor_a,0.1935483870967742,vendor_a,micro,3.2,instagram,56.2,instagram · micro,68.5,instagram
CR00179,tiktok,@creator179_tiktok,vendor_b,27130.0,vendor_b,3.696719498709915,vendor_b,0.0556420233463035,vendor_b,0.2915896487985213,vendor_b,micro,60.9,tiktok,31.1,tiktok · micro,88.1,tiktok
CR00179,youtube,@creator179_youtube,vendor_a,41477,vendor_a,0.3682522843985823,vendor_a,0.05066241102414064,vendor_a,0.2518518518518518,vendor_a,micro,5.7,youtube,26.1,youtube · micro,91.9,youtube
CR00180,instagram,@creator180_instagram,vendor_a,49793,vendor_a,0.9747755708633744,vendor_a,0.02975968896058237,vendor_a,0.059948320413436694,vendor_a,micro,75.4,instagram,20.4,instagram · micro,18.0,instagram
CR00180,tiktok,https://www.tiktok.com/@creator180_tiktok,vendor_b,30530.0,vendor_b,2.426629544710121,vendor_b,0.08032554847841472,vendor_b,,,micro,38.0,tiktok,46.8,tiktok · micro,,
CR00180,youtube,@creator180_youtube,vendor_a,4057,vendor_a,,,0.17970340215178832,vendor_a,,,nano,,,82.2,youtube · nano,,
CR00181,instagram,https://www.instagram.com/creator181_instagram/,vendor_b,7900.0,vendor_b,0.5221518987341772,vendor_b,,,0.18095238095238095,vendor_b,nano,40.0,instagram,,,64.6,instagram
CR00181,tiktok,@creator181_tiktok,vendor_a,35174,vendor_a,6.2913231364075735,vendor_a,0.07565749235474006,vendor_a,0.23319186955550592,vendor_a,micro,84.3,tiktok,43.1,tiktok · micro,77.6,tiktok
CR00181,youtube,@creator181_youtube,vendor_a,235894,vendor_a,0.9220370166261117,vendor_a,,,0.09870034330554193,vendor_a,mid,33.9,youtube,,,54.5,youtube
CR00182,tiktok,@creator182_tiktok,vendor_b,123820.0,vendor_b,16.449911161363268,vendor_b,0.045865360250021116,vendor_b,0.1059129149884411,vendor_b,mid,98.6,tiktok,32.7,tiktok · mid,34.0,tiktok
CR00182,youtube,@creator182_youtube,vendor_a,46006,vendor_a,3.0283441290266486,vendor_a,0.15003499650034996,vendor_a,0.1706733644300921,vendor_a,micro,88.8,youtube,80.7,youtube · micro,81.0,youtube
CR00183,instagram,https://www.instagram.com/creator183_instagram/,vendor_b,160210.0,vendor_b,0.32352537294800576,vendor_b,0.16873358622702073,vendor_b,0.05339195979899498,vendor_b,mid,19.6,instagram,87.7,instagram · mid,14.9,instagram
CR00183,tiktok,@creator183_tiktok,vendor_c,136981,vendor_c,,,0.11692663954142579,vendor_c,,,mid,,,73.1,tiktok · mid,,
CR00183,youtube,@creator183_youtube,vendor_a,14573,vendor_a,0.5330405544500103,vendor_a,0.02865814922001835,vendor_a,0.3549107142857143,vendor_a,micro,11.6,youtube,18.6,youtube · micro,97.5,youtube
CR00184,instagram,@creator184_instagram,vendor_b,169990.0,vendor_b,0.3810224130831225,vendor_b,-0.049963672944726985,vendor_b,0.2683461117196057,vendor_b,mid,25.3,instagram,5.5,instagram · mid,86.1,instagram
CR00184,tiktok,@creator184_tiktok,vendor_c,38687,vendor_c,1.4136273166696822,vendor_c,0.06958805640033176,vendor_c,,,micro,12.9,tiktok,39.7,tiktok · micro,,
CR00184,youtube,@creator184_youtube,vendor_a,280263,vendor_a,1.1876844249865306,vendor_a,0.022104652848238874,vendor_b,0.013504697286012526,vendor_b,mid,48.8,youtube,21.0,youtube · mid,8.8,youtube
CR00185,tiktok,@creator185_tiktok,vendor_b,109690.0,vendor_b,4.480809554198195,vendor_b,0.17541791684526362,vendor_b,0.2460907279334193,vendor_b,mid,70.8,tiktok,91.0,tiktok · mid,81.5,tiktok
CR00186,instagram,,,,,,,,,,,,,,,,,
CR00186,tiktok,,,,,,,,,,,,,,,,,
CR00186,youtube,@creator186_youtube,vendor_a,17373,vendor_a,1.142289759972371,vendor_a,0.17290035106670268,vendor_a,0.01740391588107324,vendor_a,micro,45.5,youtube,85.3,youtube · micro,11.5,youtube
CR00189,instagram,@creator189_instagram,vendor_a,40140,vendor_a,2.1336821126058796,vendor_a,0.10822749861954721,vendor_a,0.33772652388797364,vendor_b,micro,96.8,instagram,60.2,instagram · micro,94.6,instagram
CR00189,youtube,@creator189_youtube,vendor_a,171483,vendor_a,0.8790842240921841,vendor_a,0.16041738565541322,vendor_a,0.0788630904723779,vendor_a,mid,30.8,youtube,87.7,youtube · mid,43.4,youtube
CR00192,instagram,@creator192_instagram,vendor_b,84930.0,vendor_b,0.7117037560343813,vendor_b,-0.025696914075943558,vendor_b,0.27125047223271626,vendor_b,micro,57.0,instagram,6.6,instagram · micro,87.1,instagram
CR00192,tiktok,@creator192_tiktok,vendor_b,11810.0,vendor_b,4.426672311600338,vendor_b,0.06877828054298643,vendor_b,0.14388681260010677,vendor_b,micro,70.1,tiktok,38.6,tiktok · micro,51.1,tiktok
CR00192,youtube,@creator192_youtube,vendor_a,15885,vendor_a,1.5937047529115518,vendor_a,0.1202397743300423,vendor_a,0.05906108026249369,vendor_a,micro,65.4,youtube,64.1,youtube · micro,32.6,youtube
CR00193,youtube,@creator193_youtube,vendor_a,34144,vendor_a,1.909852389878163,vendor_a,-0.024094663732243404,vendor_a,0.1221227621483376,vendor_a,micro,74.0,youtube,5.2,youtube · micro,65.1,youtube
CR00194,instagram,@creator194_instagram,vendor_b,24120.0,vendor_b,0.7754560530679934,vendor_b,,,0.3601637107776262,vendor_b,micro,63.1,instagram,,,96.1,instagram
CR00194,tiktok,@creator194_tiktok,vendor_b,45940.0,vendor_b,2.787636047017849,vendor_b,0.15311244979919678,vendor_b,0.34527474577852413,vendor_b,micro,44.8,tiktok,85.8,tiktok · micro,95.0,tiktok
CR00194,youtube,,,,,,,,,,,,,,,,,
CR00197,instagram,,,,,,,,,,,,,,,,,
CR00197,tiktok,@creator197_tiktok,vendor_b,14030.0,vendor_b,1.2174625801853172,vendor_b,,,0.27736686390532544,vendor_b,micro,8.8,tiktok,,,85.4,tiktok
CR00197,youtube,@creator197_youtube,vendor_a,75394,vendor_a,0.44998275724858744,vendor_a,0.11218634291699243,vendor_a,0.0027958993476234857,vendor_a,micro,8.5,youtube,58.8,youtube · micro,3.5,youtube
CR00198,youtube,@creator198_youtube,vendor_a,382979,vendor_a,0.11640063815509466,vendor_a,0.05297033650158229,vendor_a,0.006664734859461026,vendor_a,mid,0.2,youtube,34.0,youtube · mid,6.0,youtube
CR00199,instagram,@creator199_instagram,vendor_a,680285,vendor_a,0.6022887466282514,vendor_a,0.10954082622899483,vendor_a,,,mid,48.4,instagram,59.6,instagram · mid,,
CR00199,youtube,@creator199_youtube,vendor_a,57928,vendor_a,0.513879298439442,vendor_a,0.15245200437680295,vendor_a,0.012024048096192385,vendor_a,micro,11.1,youtube,82.7,youtube · micro,8.5,youtube
CR00200,instagram,,,,,,,,,,,,,,,,,
CR00200,tiktok,@creator200_tiktok,vendor_a,2554,vendor_a,11.027016444792482,vendor_a,0.28020050125313284,vendor_a,0.17979973878972572,vendor_a,nano,95.5,tiktok,100.0,tiktok · nano,62.8,tiktok
CR00200,youtube,@creator200_youtube,vendor_a,22162,vendor_a,0.4939987365761213,vendor_a,-0.02029088015560762,vendor_a,0.10893246187363835,vendor_a,micro,9.3,youtube,6.2,youtube · micro,58.4,youtube
CR00202,instagram,@creator202_instagram,vendor_b,39860.0,vendor_b,0.48715504264927245,vendor_b,0.06577540106951872,vendor_b,0.3012202954399486,vendor_b,micro,34.8,instagram,37.2,instagram · micro,90.5,instagram
CR00202,tiktok,,,,,,,,,,,,,,,,,
CR00202,youtube,@creator202_youtube,vendor_a,13093,vendor_a,3.9253035973420913,vendor_a,0.07761316872427984,vendor_a,0.01457451810061119,vendor_a,micro,95.3,youtube,40.5,youtube · micro,9.9,youtube
CR00208,instagram,@creator208_instagram,vendor_a,8923,vendor_a,0.495573237700325,vendor_a,0.14368110740835682,vendor_a,0.044585987261146494,vendor_a,nano,36.9,instagram,72.6,instagram · nano,10.2,instagram
CR00208,tiktok,,,,,,,,,,,,,,,,,
CR00208,youtube,@creator208_youtube,vendor_b,29140.0,vendor_b,0.3028140013726836,vendor_b,,,0.17370892018779344,vendor_b,micro,2.2,youtube,,,81.5,youtube
CR00212,instagram,,,,,,,,,,,,,,,,,
CR00212,tiktok,@creator212_tiktok,vendor_b,114960.0,vendor_b,3.25098295059151,vendor_b,0.1100811123986095,vendor_b,0.03801877324517386,vendor_b,mid,54.2,tiktok,69.9,tiktok · mid,7.3,tiktok
CR00212,youtube,,,,,,,,,,,,,,,,,
CR00213,instagram,@creator213_instagram,vendor_a,3380,vendor_a,0.5097633136094675,vendor_a,0.05394449641409417,vendor_a,0.03571428571428571,vendor_a,nano,38.4,instagram,24.2,instagram · nano,7.8,instagram
CR00215,instagram,@creator215_instagram,vendor_a,3358,vendor_a,1.086360929124479,vendor_a,0.02097902097902098,vendor_a,0.1780821917808219,vendor_b,nano,80.4,instagram,12.9,instagram · nano,62.4,instagram
CR00215,tiktok,@creator215_tiktok,vendor_a,44516,vendor_a,1.7042860993799982,vendor_a,0.13744027390959962,vendor_a,,,micro,19.6,tiktok,76.8,tiktok · micro,,
CR00215,youtube,@creator215_youtube,vendor_a,102277,vendor_a,0.6529327219218397,vendor_a,0.12283725627964166,vendor_a,0.3009819593514501,vendor_a,mid,17.8,youtube,72.8,youtube · mid,95.6,youtube
CR00216,youtube,,,,,,,,,,,,,,,,,
CR00217,instagram,@creator217_instagram,vendor_b,36410.0,vendor_b,0.25017852238396043,vendor_b,0.10904660371611331,vendor_b,,"n/a (likes hidden, vendor_b)",micro,13.2,instagram,60.9,instagram · micro,,
CR00219,youtube,@creator219_youtube,vendor_a,25136,vendor_a,1.9656667727562063,vendor_a,0.06648563791420935,vendor_a,0.030389908256880736,vendor_a,micro,75.3,youtube,35.0,youtube · micro,18.0,youtube
CR00223,instagram,,,,,,,,,,,,,,,,,
CR00223,tiktok,https://www.tiktok.com/@creator223_tiktok,vendor_b,615380.0,vendor_b,2.233239624297182,vendor_b,0.10277225238786446,vendor_b,0.11861952186796783,vendor_b,mid,32.3,tiktok,63.5,tiktok · mid,40.6,tiktok
CR00223,youtube,@creator223_youtube,vendor_a,100661,vendor_a,1.4612511300304984,vendor_a,0.010926656824641218,vendor_a,0.07810876342223762,vendor_a,mid,60.0,youtube,18.5,youtube · mid,42.5,youtube
CR00224,instagram,@creator224_instagram,vendor_b,15250.0,vendor_b,0.3749685534591195,vendor_c,0.17669753086419754,vendor_b,0.15013404825737264,vendor_b,micro,25.0,instagram,87.2,instagram · micro,53.4,instagram
CR00224,tiktok,https://www.tiktok.com/@creator224_tiktok,vendor_b,81090.0,vendor_b,3.315871254162042,vendor_b,0.07990411506192568,vendor_b,0.21500861326442722,vendor_b,micro,56.0,tiktok,46.1,tiktok · micro,73.5,tiktok
CR00224,youtube,@creator224_youtube,vendor_a,85242,vendor_a,3.3762112573613945,vendor_a,0.12228454064302077,vendor_a,0.03871686344397416,vendor_a,micro,91.7,youtube,65.7,youtube · micro,22.4,youtube
CR00227,instagram,@creator227_instagram,vendor_a,26960,vendor_a,0.21394658753709198,vendor_a,0.012544129797941861,vendor_a,0.14468085106382977,vendor_a,micro,9.3,instagram,13.9,instagram · micro,51.7,instagram
CR00227,tiktok,@creator227_tiktok,vendor_b,1731150.0,vendor_b,1.405175172573145,vendor_b,0.06537552617975038,vendor_b,0.20777834668666662,vendor_b,macro,12.5,tiktok,66.7,tiktok · macro,72.4,tiktok
CR00227,youtube,@creator227_youtube,vendor_a,50060,vendor_a,0.8089292848581702,vendor_a,-0.05852704430903483,vendor_a,0.003795066413662239,vendor_a,micro,27.5,youtube,2.0,youtube · micro,4.2,youtube
CR00228,tiktok,@creator228_tiktok,vendor_a,16543,vendor_a,2.1971830985915495,vendor_a,0.07568762598348397,vendor_a,0.4046511627906977,vendor_a,micro,31.3,tiktok,43.4,tiktok · micro,98.9,tiktok
CR00228,youtube,@creator228_youtube,vendor_a,26268,vendor_a,0.3635602253692706,vendor_a,0.04678409181477644,vendor_a,0.09807073954983923,vendor_a,micro,5.4,youtube,25.8,youtube · micro,54.1,youtube
CR00230,instagram,@creator230_instagram,vendor_a,19922,vendor_a,1.3419837365726333,vendor_a,0.20374622356495467,vendor_a,0.08063300678221552,vendor_a,micro,87.3,instagram,92.3,instagram · micro,26.8,instagram
CR00230,tiktok,,,,,,,,,,,,,,,,,
CR00230,youtube,@creator230_youtube,vendor_c,37279,vendor_c,1.377316988116634,vendor_c,0.19033782489303275,vendor_c,0.34384384384384387,vendor_c,micro,57.1,youtube,90.5,youtube · micro,97.2,youtube
CR00231,instagram,@creator231_instagram,vendor_b,196650.0,vendor_b,0.5376913297737096,vendor_b,0.14934497816593886,vendor_c,0.2506292700467458,vendor_b,mid,41.9,instagram,79.5,instagram · mid,80.5,instagram
CR00231,tiktok,,,99328,vendor_c,1.9205057989690721,vendor_c,0.09573083287369001,vendor_c,,,micro,25.6,tiktok,56.2,tiktok · micro,,
CR00231,youtube,@creator231_youtube,vendor_a,140561,vendor_a,1.0432196697519227,vendor_a,0.15107318631103978,vendor_a,0.15588123334602208,vendor_a,mid,40.0,youtube,86.4,youtube · mid,77.6,youtube
CR00233,instagram,@creator233_instagram,vendor_a,72840,vendor_a,0.3024025260845689,vendor_a,0.15516366404465873,vendor_a,0.07115384615384615,vendor_a,micro,17.7,instagram,81.8,instagram · micro,23.4,instagram
CR00233,tiktok,@creator233_tiktok,vendor_b,95280.0,vendor_b,4.879324097397145,vendor_b,0.0850700375811411,vendor_b,0.012586215576700397,vendor_b,micro,74.0,tiktok,49.1,tiktok · micro,0.7,tiktok
CR00233,youtube,,,21597,vendor_c,2.3919062832800853,vendor_c,0.06741461968071961,vendor_c,0.017179023508137433,vendor_c,micro,82.2,youtube,35.6,youtube · micro,11.3,youtube
CR00234,youtube,@creator234_youtube,vendor_a,10602,vendor_a,2.8087153367289193,vendor_a,0.2205848491825927,vendor_a,0.1111934766493699,vendor_a,micro,86.2,youtube,96.1,youtube · micro,59.8,youtube
CR00235,instagram,https://www.instagram.com/creator235_instagram/,vendor_b,108050.0,vendor_b,0.21775104118463673,vendor_b,-0.0328499820981024,vendor_b,,,mid,9.7,instagram,6.2,instagram · mid,,
CR00235,tiktok,@creator235_tiktok,vendor_c,,,,,,,,,,,,,,,
CR00235,youtube,@creator235_youtube,vendor_a,327548,vendor_a,2.0773810250711344,vendor_a,0.11736211554730781,vendor_a,0.13290969899665553,vendor_a,mid,76.6,youtube,70.4,youtube · mid,70.0,youtube
CR00238,youtube,@creator238_youtube,vendor_a,41809,vendor_a,3.7660073189983017,vendor_a,0.11836614594478921,vendor_a,0.1424524484014569,vendor_a,micro,94.3,youtube,62.4,youtube · micro,72.7,youtube
CR00243,instagram,@creator243_instagram,vendor_a,45641,vendor_a,0.2625271137792774,vendor_a,0.014064166370423035,vendor_a,0.1641659311562224,vendor_a,micro,14.5,instagram,15.3,instagram · micro,57.6,instagram
CR00243,tiktok,@creator243_tiktok,vendor_a,47266,vendor_a,1.4161130622434732,vendor_a,-0.035663279879218183,vendor_a,0.18263266712611992,vendor_a,micro,13.1,tiktok,4.1,tiktok · micro,63.7,tiktok
CR00243,youtube,@creator243_youtube,vendor_a,91407,vendor_a,4.8048180117496475,vendor_a,0.09852299631049526,vendor_a,0.14888481220430627,vendor_a,micro,97.8,youtube,52.9,youtube · micro,75.7,youtube
CR00244,tiktok,@creator244_tiktok,vendor_a,95900,vendor_a,1.5718561001042752,vendor_a,0.15066652268336872,vendor_a,0.15877020839173908,vendor_a,micro,16.4,tiktok,85.0,tiktok · micro,56.2,tiktok
CR00244,youtube,@creator244_youtube,vendor_a,93463,vendor_a,3.4562447171608017,vendor_a,0.09514547180202243,vendor_a,0.011324807185394904,vendor_a,micro,92.7,youtube,50.0,youtube · micro,7.8,youtube
CR00246,instagram,@creator246_instagram,vendor_b,,,,,,,0.04949511670253269,vendor_b,,,,,,12.9,instagram
CR00247,instagram,https://www.instagram.com/creator247_instagram/,vendor_b,111440.0,vendor_b,0.8767049533381192,vendor_b,0.12793522267206478,vendor_b,,,mid,69.1,instagram,69.2,instagram · mid,,
CR00247,tiktok,@creator247_tiktok,vendor_a,8406,vendor_a,1.1117059243397573,vendor_a,0.07014640356460852,vendor_a,0.3156089193825043,vendor_a,nano,7.2,tiktok,21.1,tiktok · nano,92.7,tiktok
CR00248,instagram,@creator248_instagram,vendor_a,91349,vendor_a,1.2674906129240604,vendor_a,-0.004750231519311435,vendor_a,0.14532984977139124,vendor_a,micro,85.8,instagram,9.9,instagram · micro,52.0,instagram
CR00248,tiktok,@creator248_tiktok,vendor_a,60360,vendor_a,1.7264247846255798,vendor_a,0.177090036857193,vendor_a,0.11615917512485903,vendor_a,micro,20.5,tiktok,89.9,tiktok · micro,37.9,tiktok
CR00248,youtube,@creator248_youtube,vendor_b,146590.0,vendor_b,3.876294426632103,vendor_b,0.06906359393232206,vendor_b,0.042288158246458166,vendor_b,mid,95.0,youtube,42.0,youtube · mid,24.9,youtube
CR00249,instagram,@creator249_instagram,vendor_a,30284,vendor_a,0.36101571787082287,vendor_a,0.02276258020938872,vendor_a,0.10558069381598793,vendor_a,micro,22.7,instagram,17.9,instagram · micro,37.8,instagram
CR00249,youtube,@creator249_youtube,vendor_a,737153,vendor_a,2.6509923991355935,vendor_a,0.050451087212094355,vendor_a,0.12481093745366115,vendor_a,mid,84.8,youtube,32.1,youtube · mid,66.8,youtube
CR00250,tiktok,@creator250_tiktok,vendor_b,,,,,,,0.17758369723435224,vendor_b,,,,,,62.1,tiktok
CR00251,tiktok,@creator251_tiktok,vendor_a,44331,vendor_a,2.6870587173761025,vendor_a,0.04960223506013827,vendor_a,0.10697622750499888,vendor_a,micro,42.3,tiktok,26.6,tiktok · micro,34.9,tiktok
CR00252,instagram,@creator252_instagram,vendor_a,40703,vendor_a,0.4885389283345208,vendor_a,0.07959789931568617,vendor_a,0.1629260182876143,vendor_a,micro,35.4,instagram,45.3,instagram · micro,57.3,instagram
CR00254,instagram,@creator254_instagram,vendor_b,16110.0,vendor_b,0.24587212911235257,vendor_b,0.026114649681528664,vendor_b,0.03676470588235294,vendor_b,micro,12.3,instagram,19.0,instagram · micro,8.5,instagram
CR00254,tiktok,,,,,,,,,,,,,,,,,
CR00254,youtube,@creator254_youtube,vendor_a,14618,vendor_a,2.0173758380079354,vendor_a,0.06514135820460507,vendor_a,0.07874865156418555,vendor_a,micro,76.3,youtube,33.7,youtube · micro,43.2,youtube
CR00257,instagram,@creator257_instagram,vendor_c,13267,vendor_c,1.0115323735584534,vendor_c,0.14995232729479066,vendor_c,,,micro,78.0,instagram,79.2,instagram · micro,,
CR00257,tiktok,@creator257_tiktok,vendor_a,22531,vendor_a,1.106342372730904,vendor_a,0.0535889642272621,vendor_a,0.1716514954486346,vendor_a,micro,7.0,tiktok,28.5,tiktok · micro,60.0,tiktok
CR00257,youtube,@creator257_youtube,vendor_a,10426,vendor_a,1.0730865144830233,vendor_a,0.0855893377759267,vendor_a,0.12310437109723461,vendor_a,micro,41.3,youtube,43.5,youtube · micro,65.6,youtube
CR00259,instagram,@creator259_instagram,vendor_b,87350.0,vendor_b,1.2447510017172296,vendor_b,0.06876300012235409,vendor_b,,"n/a (likes hidden, vendor_b)",micro,85.7,instagram,39.1,instagram · micro,,
CR00259,tiktok,@creator259_tiktok,vendor_b,2940.0,vendor_b,5.045238095238095,vendor_b,,,0.15868263473053892,vendor_b,nano,74.8,tiktok,,,55.5,tiktok
CR00260,instagram,@creator260_instagram,vendor_a,19577,vendor_a,0.36726771211115083,vendor_a,0.03702722746053607,vendor_a,0.16826923076923078,vendor_a,micro,24.0,instagram,23.4,instagram · micro,58.8,instagram
CR00260,tiktok,@creator260_tiktok,vendor_b,14280.0,vendor_b,5.997619047619048,vendor_b,,,,,micro,82.4,tiktok,,,,
CR00260,youtube,@creator260_youtube,vendor_b,33540.0,vendor_b,3.0167561121049493,vendor_b,,,0.004821708903341556,vendor_b,micro,88.6,youtube,,,5.1,youtube
CR00261,instagram,https://www.instagram.com/creator261_instagram/,vendor_b,96410.0,vendor_b,0.7675967223317083,vendor_b,0.22270133164235892,vendor_b,0.055667001003009024,vendor_b,micro,61.3,instagram,95.6,instagram · micro,15.6,instagram
CR00261,tiktok,@creator261_tiktok,vendor_a,62295,vendor_a,11.145565454691388,vendor_a,-0.033631695701410114,vendor_a,0.3847655071122467,vendor_a,micro,95.7,tiktok,4.5,tiktok · micro,97.7,tiktok
CR00261,youtube,@creator261_youtube,vendor_a,207278,vendor_a,1.1779783672169744,vendor_a,0.12493962237526933,vendor_a,0.07859217495301554,vendor_a,mid,48.4,youtube,76.5,youtube · mid,43.0,youtube
CR00266,instagram,@creator266_instagram,vendor_b,14440.0,vendor_b,0.9636426592797784,vendor_b,0.11678267594740913,vendor_b,0.1661807580174927,vendor_b,micro,74.9,instagram,63.9,instagram · micro,58.0,instagram
CR00266,youtube,@creator266_youtube,vendor_a,10112,vendor_a,0.3660007911392405,vendor_a,0.13515940727436013,vendor_a,0.08273381294964029,vendor_a,micro,5.5,youtube,73.2,youtube · micro,45.1,youtube
CR00267,youtube,@creator267_youtube,vendor_a,2889469,vendor_a,0.9123794025822738,vendor_a,-0.05443743414206334,vendor_a,0.0068535398533342475,vendor_a,macro,33.6,youtube,7.7,youtube · macro,6.2,youtube
CR00268,instagram,,,,,,,,,,,,,,,,,
CR00268,tiktok,@creator268_tiktok,vendor_a,175144,vendor_a,1.4625736536792582,vendor_a,0.16986500838270557,vendor_a,0.03241930876892316,vendor_a,mid,15.3,tiktok,88.5,tiktok · mid,6.2,tiktok
CR00268,youtube,,,,,,,,,,,,,,,,,
CR00269,instagram,@creator269_instagram,vendor_b,17360.0,vendor_b,0.9205069124423964,vendor_b,0.07292954264524104,vendor_b,0.12121212121212122,vendor_b,micro,71.7,instagram,40.9,instagram · micro,43.2,instagram
CR00269,tiktok,@creator269_tiktok,vendor_a,19515,vendor_a,2.4728670253651037,vendor_a,0.05589221945676875,vendor_a,0.3132343161161605,vendor_a,micro,38.9,tiktok,31.8,tiktok · micro,92.5,tiktok
CR00269,youtube,@creator269_youtube,vendor_a,334186,vendor_a,2.1687024591095976,vendor_a,-0.0033372601064702288,vendor_a,0.12776582355568186,vendor_a,mid,78.0,youtube,14.8,youtube · mid,67.9,youtube
CR00271,instagram,@creator271_instagram,vendor_a,211057,vendor_a,0.5677139350981014,vendor_a,0.11298198616267296,vendor_a,0.20201628538193098,vendor_a,mid,43.6,instagram,62.3,instagram · mid,72.2,instagram
CR00271,tiktok,https://www.tiktok.com/@creator271_tiktok,vendor_b,9970.0,vendor_b,2.065596790371113,vendor_b,0.20702179176755447,vendor_b,,,nano,28.2,tiktok,91.2,tiktok · nano,,
CR00271,youtube,@creator271_youtube,vendor_a,9778,vendor_a,0.8427081202699939,vendor_a,0.13975987877374985,vendor_a,0.07456140350877193,vendor_a,nano,28.5,youtube,66.7,youtube · nano,40.2,youtube
CR00272,instagram,https://www.instagram.com/creator272_instagram/,vendor_b,85990.0,vendor_b,0.4570647749738342,vendor_b,0.09569317023445464,vendor_b,,"n/a (likes hidden, vendor_b)",micro,32.2,instagram,55.5,instagram · micro,,
CR00276,instagram,,,,,,,,,,,,,,,,,
CR00276,youtube,@creator276_youtube,vendor_a,9416,vendor_a,0.9745114698385726,vendor_a,0.014436543848308555,vendor_a,0.2130952380952381,vendor_a,nano,36.7,youtube,13.3,youtube · nano,88.4,youtube
CR00277,instagram,@creator277_instagram,vendor_b,82090.0,vendor_b,1.5227920574978682,vendor_b,,,,"n/a (likes hidden, vendor_b)",micro,91.2,instagram,,,,
CR00277,tiktok,@creator277_tiktok,vendor_b,24550.0,vendor_b,2.695641547861507,vendor_b,0.12100456621004566,vendor_b,0.10768251948465087,vendor_b,micro,42.7,tiktok,69.3,tiktok · micro,35.4,tiktok
CR00277,youtube,@creator277_youtube,vendor_a,192744,vendor_a,1.3625482505291993,vendor_a,0.24761473234513562,vendor_a,0.09258454855724481,vendor_a,mid,55.9,youtube,99.4,youtube · mid,50.6,youtube
CR00279,instagram,https://www.instagram.com/creator279_instagram/,vendor_b,29180.0,vendor_b,0.24715558601782042,vendor_b,,,0.0049504950495049506,vendor_b,micro,12.5,instagram,,,2.2,instagram
CR00279,tiktok,,,,,,,,,,,,,,,,,
CR00279,youtube,@creator279_youtube,vendor_a,227072,vendor_a,0.6139638528748591,vendor_a,0.13448077739751693,vendor_a,0.0036796916067986683,vendor_a,mid,15.4,youtube,80.2,youtube · mid,3.9,youtube
CR00281,instagram,@creator281_instagram,vendor_a,62734,vendor_a,0.23260114132687218,vendor_a,0.05073276944979482,vendor_a,0.27938671209540034,vendor_a,micro,11.2,instagram,30.7,instagram · micro,87.3,instagram
CR00281,tiktok,@creator281_tiktok,vendor_b,20290.0,vendor_b,,,,,,,micro,,,,,,
CR00281,youtube,@creator281_youtube,vendor_a,93152,vendor_a,3.1308613878392304,vendor_a,0.07644129100847037,vendor_a,0.1353280615516136,vendor_a,micro,89.8,youtube,39.9,youtube · micro,70.5,youtube
CR00282,instagram,@creator282_instagram,vendor_b,2920.0,vendor_b,0.2554794520547945,vendor_b,,,,,nano,13.4,instagram,,,,
CR00282,tiktok,@creator282_tiktok,vendor_b,54760.0,vendor_b,1.958564645726808,vendor_b,0.13940907199334165,vendor_b,0.12255504110365681,vendor_b,micro,26.2,tiktok,78.3,tiktok · micro,42.9,tiktok
CR00282,youtube,@creator282_youtube,vendor_a,234743,vendor_a,1.1218396288707224,vendor_a,0.17939970658574328,vendor_a,0.30004418912947417,vendor_a,mid,44.5,youtube,91.4,youtube · mid,95.4,youtube
CR00283,instagram,@creator283_instagram,vendor_b,1910.0,vendor_b,0.8298429319371727,vendor_b,,,,"n/a (likes hidden, vendor_b)",nano,66.5,instagram,,,,
CR00283,tiktok,@creator283_tiktok,vendor_b,38030.0,vendor_b,4.086878779910597,vendor_b,0.1441034897713598,vendor_b,0.18275132275132275,vendor_b,micro,65.4,tiktok,80.1,tiktok · micro,63.9,tiktok
CR00283,youtube,@creator283_youtube,vendor_a,43809,vendor_a,2.2581661302472096,vendor_a,0.1276738139977863,vendor_a,0.3333980582524272,vendor_a,micro,79.4,youtube,69.9,youtube · micro,96.8,youtube
CR00284,youtube,@creator284_youtube,vendor_a,90197,vendor_a,0.37848265463374614,vendor_a,0.19739008071367883,vendor_a,0.10753197536712458,vendor_a,micro,6.1,youtube,92.2,youtube · micro,58.0,youtube
CR00285,instagram,@creator285_instagram,vendor_b,120810.0,vendor_b,1.2445079049747538,vendor_b,0.03247585676437911,vendor_b,,"n/a (likes hidden, vendor_b)",mid,85.5,instagram,20.5,instagram · mid,,
CR00285,tiktok,@creator285_tiktok,vendor_b,29000.0,vendor_b,1.437758620689655,vendor_b,0.11667308432807084,vendor_b,0.14341675734494017,vendor_b,micro,14.1,tiktok,66.7,tiktok · micro,50.5,tiktok
CR00285,youtube,@creator285_youtube,vendor_a,11759,vendor_a,0.8675057402840377,vendor_a,0.08397861356932153,vendor_a,0.004166666666666667,vendor_a,micro,29.9,youtube,42.8,youtube · micro,4.6,youtube
CR00286,instagram,@creator286_instagram,vendor_b,10510.0,vendor_b,0.8134157944814463,vendor_b,0.13254310344827586,vendor_b,0.12875536480686695,vendor_b,micro,65.5,instagram,73.4,instagram · micro,44.9,instagram
CR00286,tiktok,@creator286_tiktok,vendor_b,80250.0,vendor_b,6.465844236760125,vendor_b,0.16490056611990128,vendor_b,0.06123727953684085,vendor_b,micro,85.1,tiktok,87.6,tiktok · micro,13.0,tiktok
CR00286,youtube,@creator286_youtube,vendor_b,10460.0,vendor_b,0.3626195028680688,vendor_b,0.08958333333333333,vendor_b,0.03468208092485549,vendor_b,micro,5.2,youtube,46.4,youtube · micro,19.8,youtube
CR00287,instagram,,,,,,,,,,,,,,,,,
CR00287,tiktok,@creator287_tiktok,vendor_b,39730.0,vendor_b,3.280056837618083,vendor_c,0.12199943518780006,vendor_b,,,micro,54.6,tiktok,70.4,tiktok · micro,,
CR00287,youtube,@creator287_youtube,vendor_a,37132,vendor_a,0.5062210492297748,vendor_a,0.08646165549931241,vendor_a,0.012218963831867057,vendor_a,micro,10.0,youtube,44.8,youtube · micro,8.6,youtube
CR00288,youtube,@creator288_youtube,vendor_a,39504,vendor_a,1.4047185095180235,vendor_a,0.12862122164447745,vendor_a,0.10336680448907265,vendor_a,micro,58.0,youtube,70.3,youtube · micro,55.7,youtube
CR00289,instagram,@creator289_instagram,vendor_b,9560.0,vendor_b,0.42405857740585773,vendor_b,0.15598548972188633,vendor_b,0.15384615384615385,vendor_b,nano,29.1,instagram,80.6,instagram · nano,54.5,instagram
CR00289,tiktok,@creator289_tiktok,vendor_b,56920.0,vendor_b,1.876791988756149,vendor_b,0.017336907953529938,vendor_b,0.13636363636363635,vendor_b,micro,24.3,tiktok,15.0,tiktok · micro,47.9,tiktok
CR00289,youtube,@creator289_youtube,vendor_a,113592,vendor_a,1.508512923445313,vendor_a,0.07962818636303154,vendor_a,0.05451944473879411,vendor_a,mid,61.9,youtube,48.8,youtube · mid,29.6,youtube
CR00291,instagram,@creator291_instagram,vendor_b,52480.0,vendor_b,0.8702172256097561,vendor_b,-0.026525690966425524,vendor_b,0.14309978768577494,vendor_b,micro,68.7,instagram,6.2,instagram · micro,50.2,instagram
CR00291,tiktok,@creator291_tiktok,vendor_b,49640.0,vendor_b,2.929955680902498,vendor_b,0.09508052062651666,vendor_b,0.0775022143489814,vendor_b,micro,47.7,tiktok,55.1,tiktok · micro,20.8,tiktok
CR00291,youtube,@creator291_youtube,vendor_a,51918,vendor_a,0.302207326938634,vendor_a,0.08103943697164036,vendor_a,0.14418604651162792,vendor_a,micro,2.1,youtube,41.5,youtube · micro,73.0,youtube
CR00292,instagram,,,,,,,,,,,,,,,,,
CR00292,youtube,@creator292_youtube,vendor_b,1290.0,vendor_b,0.20852713178294574,vendor_b,,,0.0,vendor_b,nano,0.5,youtube,,,0.8,youtube
CR00293,instagram,@creator293_instagram,vendor_a,242533,vendor_a,1.009499738179959,vendor_a,0.038916589561701104,vendor_a,0.09438103599648814,vendor_a,mid,77.7,instagram,22.6,instagram · mid,32.4,instagram
CR00293,tiktok,@creator293_tiktok,vendor_c,114386,vendor_c,2.1581924361372895,vendor_c,,,,,mid,30.3,tiktok,,,,
CR00293,youtube,@creator293_youtube,vendor_c,458360,vendor_c,1.3417575704686273,vendor_c,0.010801346088536636,vendor_c,0.06235711470240442,vendor_c,mid,55.2,youtube,17.9,youtube · mid,35.3,youtube
CR00296,instagram,@creator296_instagram,vendor_a,105298,vendor_a,0.39684514425725087,vendor_a,0.12432998056676704,vendor_a,0.053177257525083614,vendor_a,mid,27.0,instagram,67.1,instagram · mid,14.6,instagram
CR00296,tiktok,,,,,,,,,,,,,,,,,
CR00296,youtube,@creator296_youtube,vendor_a,118389,vendor_a,2.2888950831580637,vendor_a,0.0544367947130757,vendor_a,0.01185458377239199,vendor_a,mid,79.9,youtube,34.6,youtube · mid,8.1,youtube
CR00297,instagram,@creator297_instagram,vendor_b,51750.0,vendor_b,0.5951884057971014,vendor_b,0.0107421875,vendor_b,,"n/a (likes hidden, vendor_b)",micro,47.3,instagram,13.1,instagram · micro,,
CR00297,tiktok,@creator297_tiktok,vendor_a,14421,vendor_a,4.183135704874835,vendor_a,0.23203759077317385,vendor_a,0.2902208201892745,vendor_a,micro,66.7,tiktok,98.1,tiktok · micro,87.9,tiktok
CR00297,youtube,@creator297_youtube,vendor_a,14843,vendor_a,2.100788250353702,vendor_a,0.1334860633829706,vendor_a,0.07385398981324279,vendor_a,micro,77.2,youtube,71.9,youtube · micro,39.7,youtube
CR00298,instagram,https://www.instagram.com/creator298_instagram/,vendor_b,24600.0,vendor_b,1.8472357723577235,vendor_b,0.08227012758468984,vendor_b,0.17679558011049723,vendor_b,micro,94.2,instagram,46.4,instagram · micro,62.0,instagram
CR00298,tiktok,@creator298_tiktok,vendor_b,14920.0,vendor_b,3.1039544235924934,vendor_b,0.15034695451040864,vendor_b,0.061467283542630535,vendor_b,micro,51.5,tiktok,84.6,tiktok · micro,13.5,tiktok
CR00298,youtube,,,212080,vendor_a,0.32167106752168995,vendor_a,0.10559679706397532,vendor_a,0.28202406227883936,vendor_a,mid,4.0,youtube,61.1,youtube · mid,94.5,youtube
CR00300,instagram,@creator300_instagram,vendor_c,16896,vendor_c,0.6159446022727273,vendor_c,,,,,micro,49.2,instagram,,,,
CR00300,tiktok,@creator300_tiktok,vendor_b,570340.0,vendor_b,3.1186976189641267,vendor_b,0.11730595933079967,vendor_b,,,mid,51.7,tiktok,73.7,tiktok · mid,,
CR00300,youtube,@creator300_youtube,vendor_a,14048,vendor_a,1.1025768792710706,vendor_a,0.11909503704293795,vendor_a,0.07099391480730223,vendor_a,micro,43.1,youtube,63.1,youtube · micro,38.4,youtube
CR00302,instagram,@creator302_instagram,vendor_b,180230.0,vendor_b,0.9192531764966987,vendor_b,0.16254918402889762,vendor_b,0.2103794156127344,vendor_b,mid,71.3,instagram,86.3,instagram · mid,73.7,instagram
CR00302,tiktok,@creator302_tiktok,vendor_b,6420.0,vendor_b,1.7549844236760124,vendor_b,,,0.39490445859872614,vendor_b,nano,22.1,tiktok,,,98.2,tiktok
CR00302,youtube,@creator302_youtube,vendor_a,400013,vendor_a,0.883106299045281,vendor_a,-0.02711583268881852,vendor_a,0.24702317830631723,vendor_a,mid,31.0,youtube,8.6,youtube · mid,91.5,youtube
CR00303,instagram,@creator303_instagram,vendor_a,107622,vendor_a,0.33403021687015666,vendor_a,0.07328991852243376,vendor_a,,"n/a (likes hidden, vendor_a)",mid,20.5,instagram,41.1,instagram · mid,,
CR00303,tiktok,,,,,,,,,,,,,,,,,
CR00304,instagram,https://www.instagram.com/creator304_instagram/,vendor_b,89380.0,vendor_b,0.9559633027522936,vendor_b,0.027474422347396252,vendor_b,0.3678332092330603,vendor_b,micro,74.7,instagram,19.3,instagram · micro,96.8,instagram
CR00304,youtube,@creator304_youtube,vendor_a,42728,vendor_a,1.5078402920801348,vendor_a,0.18016848501588179,vendor_a,,,micro,61.8,youtube,87.3,youtube · micro,,
CR00305,tiktok,https://www.tiktok.com/@creator305_tiktok,vendor_b,36760.0,vendor_b,,,-0.11570844358912677,vendor_b,0.05937972768532526,vendor_b,micro,,,0.4,tiktok · micro,12.1,tiktok
CR00305,youtube,@creator305_youtube,vendor_a,32704,vendor_a,3.4097052348336594,vendor_a,0.011912497292614252,vendor_a,0.04374482187241094,vendor_a,micro,92.0,youtube,13.4,youtube · micro,26.3,youtube
CR00311,youtube,@creator311_youtube,vendor_a,582806,vendor_a,2.937032219984008,vendor_a,0.19201513524569208,vendor_a,0.13672848483895567,vendor_a,mid,87.5,youtube,92.6,youtube · mid,71.3,youtube
CR00313,tiktok,@creator313_tiktok,vendor_b,162470.0,vendor_b,2.260429617775589,vendor_b,0.1550547419308972,vendor_b,0.10974132402194826,vendor_b,mid,32.7,tiktok,87.2,tiktok · mid,36.3,tiktok
CR00315,instagram,@creator315_instagram,vendor_b,961310.0,vendor_b,0.905176269881724,vendor_b,0.024042865969277967,vendor_b,,,mid,70.6,instagram,17.8,instagram · mid,,
CR00315,tiktok,@creator315_tiktok,vendor_b,6780.0,vendor_b,5.107374631268437,vendor_b,0.24403669724770644,vendor_b,0.19206008583690987,vendor_b,nano,75.5,tiktok,96.5,tiktok · nano,67.1,tiktok
CR00315,youtube,@creator315_youtube,vendor_a,317143,vendor_a,1.1549647950609032,vendor_a,0.0864559138900879,vendor_a,0.11540188594521779,vendor_a,mid,46.4,youtube,53.7,youtube · mid,61.7,youtube
CR00317,instagram,,,,,,,,,,,,,,,,,
CR00317,tiktok,@creator317_tiktok,vendor_a,28600,vendor_a,0.7573076923076923,vendor_a,0.10539945116530747,vendor_a,0.10819672131147541,vendor_a,micro,2.7,tiktok,59.9,tiktok · micro,35.8,tiktok
CR00317,youtube,@creator317_youtube,vendor_a,15918,vendor_a,0.7215102399798969,vendor_a,0.017254601226993866,vendor_a,0.04013377926421405,vendor_a,micro,21.8,youtube,14.7,youtube · micro,23.6,youtube
CR00318,youtube,@creator318_youtube,vendor_a,14702,vendor_a,3.177458849136172,vendor_a,0.1565449968533669,vendor_a,0.04449415858811832,vendor_a,micro,90.3,youtube,83.0,youtube · micro,27.2,youtube
CR00321,tiktok,@creator321_tiktok,vendor_a,3786,vendor_a,2.3608029582673007,vendor_a,0.12244292914319597,vendor_a,0.11363636363636363,vendor_a,nano,35.8,tiktok,54.4,tiktok · nano,37.0,tiktok
CR00321,youtube,@creator321_youtube,vendor_a,28478,vendor_a,2.544595828358733,vendor_a,0.08952482974978958,vendor_a,0.07345617529880479,vendor_a,micro,84.3,youtube,46.1,youtube · micro,39.5,youtube
CR00322,instagram,@creator322_instagram,vendor_a,36936,vendor_a,0.7749620965995235,vendor_a,0.1623867069486405,vendor_a,0.16567544604927784,vendor_a,micro,62.9,instagram,83.9,instagram · micro,57.8,instagram
CR00322,tiktok,@creator322_tiktok,vendor_a,244090,vendor_a,2.9918841410954977,vendor_a,-0.043350800114442034,vendor_a,0.17224567380088376,vendor_a,mid,49.3,tiktok,7.1,tiktok · mid,60.5,tiktok
CR00322,youtube,@creator322_youtube,vendor_a,188048,vendor_a,3.7921860376074195,vendor_a,0.13618677042801555,vendor_a,0.1034865573664988,vendor_a,mid,94.5,youtube,82.1,youtube · mid,55.9,youtube
CR00323,instagram,@creator323_instagram,vendor_b,18220.0,vendor_b,0.5782107574094402,vendor_b,,,,,micro,45.1,instagram,,,,
CR00323,tiktok,@creator323_tiktok,vendor_b,35310.0,vendor_b,5.265137354856981,vendor_b,0.2226454293628809,vendor_b,,,micro,76.9,tiktok,97.0,tiktok · micro,,
CR00323,youtube,@creator323_youtube,vendor_a,88324,vendor_a,1.1027127394592635,vendor_a,0.03496601827982189,vendor_a,0.00878499106611078,vendor_a,micro,43.3,youtube,21.2,youtube · micro,6.5,youtube
CR00324,instagram,@creator324_instagram,vendor_a,4808,vendor_a,0.9432196339434277,vendor_a,0.058098591549295774,vendor_a,0.13926940639269406,vendor_a,nano,73.7,instagram,27.4,instagram · nano,48.3,instagram
CR00324,youtube,,,,,,,,,,,,,,,,,
CR00325,instagram,https://www.instagram.com/creator325_instagram/,vendor_b,10080.0,vendor_b,0.4137896825396825,vendor_b,0.08387096774193549,vendor_b,,,micro,28.5,instagram,48.2,instagram · micro,,
CR00325,tiktok,@creator325_tiktok,vendor_b,84810.0,vendor_b,2.4191251031717957,vendor_b,0.027128497032820637,vendor_b,0.030684428112080844,vendor_b,micro,37.4,tiktok,18.7,tiktok · micro,5.7,tiktok
CR00327,instagram,https://www.instagram.com/creator327_instagram/,vendor_b,25410.0,vendor_b,3.3633215269578907,vendor_b,0.17367205542725173,vendor_b,0.16182466870540266,vendor_b,micro,99.3,instagram,86.9,instagram · micro,56.6,instagram
CR00327,tiktok,@creator327_tiktok,vendor_b,13910.0,vendor_b,3.6547807332854063,vendor_b,0.13273615635179153,vendor_b,0.05979827089337176,vendor_b,micro,60.5,tiktok,73.8,tiktok · micro,12.3,tiktok
CR00327,youtube,@creator327_youtube,vendor_a,55940,vendor_a,1.0700572041473007,vendor_a,-0.021086709248403186,vendor_a,0.1044955044955045,vendor_a,micro,41.0,youtube,5.9,youtube · micro,56.8,youtube
CR00328,instagram,@creator328_instagram,vendor_b,113970.0,vendor_b,0.4261998771606563,vendor_b,0.0884347244771273,vendor_b,0.00212378640776699,vendor_b,mid,29.6,instagram,52.1,instagram · mid,1.7,instagram
CR00328,tiktok,@creator328_tiktok,vendor_a,60888,vendor_a,2.685356720536066,vendor_a,-0.11493567846500473,vendor_a,0.24856615145329056,vendor_a,micro,41.9,tiktok,0.7,tiktok · micro,82.2,tiktok
CR00328,youtube,@creator328_youtube,vendor_a,68814,vendor_a,3.7174412183567296,vendor_a,0.20262146102761272,vendor_a,0.1510842516885887,vendor_a,micro,94.1,youtube,92.8,youtube · micro,76.4,youtube
CR00330,instagram,@creator330_instagram,vendor_a,5668,vendor_a,0.18295695130557516,vendor_a,0.1025092394475783,vendor_a,0.056818181818181816,vendor_a,nano,6.9,instagram,46.8,instagram · nano,16.5,instagram
CR00330,tiktok,@creator330_tiktok,vendor_c,58933,vendor_c,2.57324419255765,vendor_c,0.14528635559787784,vendor_c,,,micro,40.5,tiktok,82.0,tiktok · micro,,
CR00330,youtube,@creator330_youtube,vendor_b,79370.0,vendor_b,1.15116542774348,vendor_b,0.13523993504675513,vendor_c,0.1446236559139785,vendor_b,micro,45.8,youtube,73.9,youtube · micro,73.4,youtube
CR00336,instagram,@creator336_instagram,vendor_b,42750.0,vendor_b,1.0124444444444445,vendor_b,-0.029511918274687854,vendor_b,0.3462041884816754,vendor_b,micro,78.2,instagram,5.8,instagram · micro,95.4,instagram
CR00338,tiktok,@creator338_tiktok,vendor_b,16370.0,vendor_b,5.16163714111179,vendor_b,,,,,micro,75.7,tiktok,,,,
CR00339,tiktok,@creator339_tiktok,vendor_b,326810.0,vendor_b,3.0368501575839173,vendor_b,0.00970123891618006,vendor_b,0.13821540491505854,vendor_b,mid,50.1,tiktok,16.7,tiktok · mid,48.4,tiktok
CR00339,youtube,@creator339_youtube,vendor_a,15735,vendor_a,0.5982205274864951,vendor_a,0.06735856735856736,vendor_a,0.0018115942028985507,vendor_a,micro,14.9,youtube,35.3,youtube · micro,2.3,youtube
CR00340,instagram,@creator340_instagram,vendor_c,113780.0,vendor_b,0.44373352082967127,vendor_b,0.06286781877627277,vendor_b,,,mid,30.9,instagram,34.2,instagram · mid,,
CR00340,tiktok,@creator340_tiktok,vendor_b,1230.0,vendor_b,1.6951219512195121,vendor_b,,,0.07407407407407407,vendor_b,nano,19.2,tiktok,,,18.5,tiktok
CR00340,youtube,@creator340_youtube,vendor_a,18558,vendor_a,1.414161008729389,vendor_a,0.03919811849031247,vendor_a,0.3683168316831683,vendor_a,micro,58.1,youtube,22.9,youtube · micro,97.7,youtube
CR00342,instagram,@creator342_instagram,vendor_a,61100,vendor_a,0.5684124386252046,vendor_a,0.04637621591998904,vendor_a,0.14025974025974025,vendor_a,micro,43.8,instagram,28.1,instagram · micro,49.0,instagram
CR00343,tiktok,,,,,,,,,,,,,,,,,
CR00345,instagram,@creator345_instagram,vendor_b,19450.0,vendor_b,0.45069408740359895,vendor_b,0.2125935162094763,vendor_b,,,micro,31.3,instagram,94.5,instagram · micro,,
CR00345,tiktok,@creator345_tiktok,vendor_a,30241,vendor_a,4.370887206110909,vendor_a,0.11356188091468129,vendor_a,0.1307698969429289,vendor_a,micro,69.1,tiktok,64.8,tiktok · micro,45.0,tiktok
CR00346,instagram,@creator346_instagram,vendor_a,320026,vendor_a,0.7781086536718892,vendor_a,0.12670929037164302,vendor_a,0.2562280187573271,vendor_a,mid,63.5,instagram,67.8,instagram · mid,82.4,instagram
CR00346,tiktok,@creator346_tiktok,vendor_b,10430.0,vendor_b,1.2029721955896453,vendor_b,0.03507419541337445,vendor_c,0.09916201117318436,vendor_b,micro,8.4,tiktok,21.0,tiktok · micro,31.3,tiktok
CR00346,youtube,@creator346_youtube,vendor_a,79707,vendor_a,0.6632792602908151,vendor_a,0.058104340900039825,vendor_a,0.17906238984843145,vendor_a,micro,18.7,youtube,30.1,youtube · micro,82.9,youtube
CR00347,instagram,https://www.instagram.com/creator347_instagram/,vendor_b,4580.0,vendor_b,0.8087336244541484,vendor_b,,,0.33876221498371334,vendor_b,nano,65.2,instagram,,,94.9,instagram
CR00347,youtube,@creator347_youtube,vendor_a,39177,vendor_a,3.0730020164892666,vendor_a,-0.01565326633165829,vendor_a,0.05208017005769815,vendor_a,micro,88.9,youtube,8.2,youtube · micro,28.9,youtube
CR00348,youtube,@creator348_youtube,vendor_a,19370,vendor_a,1.0388229220443985,vendor_a,0.21655570908177366,vendor_a,0.11620553359683794,vendor_a,micro,39.3,youtube,95.4,youtube · micro,61.9,youtube
CR00350,youtube,,,39470.0,vendor_b,1.016214846719027,vendor_b,-0.05799522673031026,vendor_b,,,micro,38.2,youtube,2.3,youtube · micro,,
CR00351,instagram,@creator351_instagram,vendor_a,17248,vendor_a,1.2836270871985158,vendor_a,0.14894750865973888,vendor_a,0.2802013422818792,vendor_a,micro,86.4,instagram,78.8,instagram · micro,87.6,instagram
CR00351,tiktok,@creator351_tiktok,vendor_b,61760.0,vendor_b,3.209844559585492,vendor_b,0.11884057971014493,vendor_b,0.13263104454880062,vendor_b,micro,53.2,tiktok,67.8,tiktok · micro,45.9,tiktok
CR00351,youtube,@creator351_youtube,vendor_a,5440,vendor_a,0.9479779411764706,vendor_a,0.07467404188067957,vendor_a,0.1864406779661017,vendor_a,nano,35.8,youtube,28.9,youtube · nano,83.6,youtube
CR00352,instagram,https://www.instagram.com/creator352_instagram/,vendor_b,52390.0,vendor_b,0.6745753006298912,vendor_b,,,0.04600141542816702,vendor_b,micro,54.6,instagram,,,11.2,instagram
CR00352,tiktok,@creator352_tiktok,vendor_a,27230,vendor_b,,EXCLUDED: Q00015 (no consistent source),0.07289204097714735,vendor_b,0.16981757877280265,vendor_a,micro,,,41.6,tiktok · micro,59.6,tiktok
CR00352,youtube,@creator352_youtube,vendor_a,4069259,vendor_a,0.5717010123604195,vendor_b,0.03674675358921098,vendor_a,0.032175087350753466,vendor_b,macro,13.5,youtube,38.5,youtube · macro,18.9,youtube
CR00353,instagram,@creator353_instagram,vendor_a,113101,vendor_a,0.3748684803847888,vendor_a,0.07404277140469498,vendor_a,0.17374963862387974,vendor_a,mid,24.8,instagram,43.8,instagram · mid,60.7,instagram
CR00353,tiktok,@creator353_tiktok,vendor_b,70930.0,vendor_b,2.2246722120400393,vendor_b,0.04910516195829019,vendor_b,0.25196747114375656,vendor_b,micro,32.1,tiktok,25.1,tiktok · micro,83.1,tiktok
CR00353,youtube,@creator353_youtube,vendor_a,90323,vendor_a,0.509482634544911,vendor_a,0.08996234976106579,vendor_a,0.08137347130761995,vendor_a,micro,10.6,youtube,46.7,youtube · micro,44.4,youtube
CR00354,instagram,@creator354_instagram,vendor_b,32010.0,vendor_b,0.9838175570134333,vendor_b,-0.07271147161066048,vendor_b,0.060477453580901855,vendor_b,micro,76.0,instagram,1.8,instagram · micro,18.3,instagram
CR00354,tiktok,,,,,,,,,,,,,,,,,
CR00354,youtube,@creator354_youtube,vendor_a,44697,vendor_a,0.8983153231760521,vendor_a,0.01827087367581729,vendor_a,0.11137440758293839,vendor_a,micro,32.9,youtube,15.7,youtube · micro,60.0,youtube
CR00356,instagram,https://www.instagram.com/creator356_instagram/,vendor_b,149040.0,vendor_b,0.48621175523349436,vendor_b,0.15427509293680297,vendor_b,0.2560305708144256,vendor_b,mid,34.6,instagram,80.8,instagram · mid,82.2,instagram
CR00356,tiktok,,,,,,,,,,,,,,,,,
CR00356,youtube,@creator356_youtube,vendor_b,,,,,,,0.02349368707048106,vendor_b,,,,,,14.3,youtube
CR00357,instagram,@creator357_instagram,vendor_c,,,,,,,,,,,,,,,
CR00357,tiktok,@creator357_tiktok,vendor_a,105603,vendor_a,4.383208810355766,vendor_a,0.14592805599262113,vendor_a,0.2712874758927006,vendor_a,mid,69.3,tiktok,83.3,tiktok · mid,84.9,tiktok
CR00357,youtube,@creator357_youtube,vendor_a,282238,vendor_a,4.242210474847469,vendor_a,,,0.04118091959418929,vendor_a,mid,97.1,youtube,,,24.2,youtube
CR00358,instagram,,,,,,,,,,,,,,,,,
CR00358,tiktok,,,,,,,,,,,,,,,,,
CR00359,tiktok,@creator359_tiktok,vendor_c,,,,,,,,,,,,,,,
CR00360,instagram,https://www.instagram.com/creator360_instagram/,vendor_b,500240.0,vendor_b,0.5913161682392452,vendor_b,0.10635850934424416,vendor_b,0.25761730652041437,vendor_b,mid,46.9,instagram,58.2,instagram · mid,82.7,instagram
CR00360,tiktok,@creator360_tiktok,vendor_a,220310,vendor_a,0.1578548409059961,vendor_a,0.021457516158047495,vendor_a,0.20290994887927644,vendor_a,mid,0.2,tiktok,21.8,tiktok · mid,70.8,tiktok
CR00360,youtube,@creator360_youtube,vendor_a,6438,vendor_a,1.175520347934141,vendor_a,0.15979102864348765,vendor_a,0.12474437627811862,vendor_a,nano,47.8,youtube,73.3,youtube · nano,66.7,youtube
CR00366,instagram,@creator366_instagram,vendor_b,137250.0,vendor_b,1.0388415300546447,vendor_b,0.023108460678345134,vendor_b,0.15913596994678075,vendor_b,mid,79.3,instagram,17.1,instagram · mid,56.1,instagram
CR00366,tiktok,,,,,,,,,,,,,,,,,
CR00366,youtube,,,,,,,,,,,,,,,,,
CR00368,instagram,@creator368_instagram,vendor_a,17657,vendor_a,3.8541088520133657,vendor_a,0.18950417677175962,vendor_a,0.18153846153846154,vendor_a,micro,99.6,instagram,90.5,instagram · micro,64.9,instagram
CR00368,tiktok,@creator368_tiktok,vendor_a,35805,vendor_a,10.094651584974166,vendor_a,0.034049558135505115,vendor_a,0.14907378888546663,vendor_a,micro,94.1,tiktok,20.6,tiktok · micro,53.7,tiktok
CR00368,youtube,@creator368_youtube,vendor_a,515305,vendor_a,0.33873919329329233,vendor_a,0.08233705240871743,vendor_a,0.13808463251670378,vendor_a,mid,4.3,youtube,50.0,youtube · mid,71.6,youtube
CR00369,instagram,@creator369_instagram,vendor_b,289240.0,vendor_b,0.1716014382519707,vendor_b,-0.03004694835680751,vendor_b,0.030352480417754568,vendor_b,mid,6.1,instagram,6.8,instagram · mid,6.6,instagram
CR00369,tiktok,,,,,,,,,,,,,,,,,
CR00369,youtube,@creator369_youtube,vendor_a,75558,vendor_a,1.1519097911538156,vendor_a,0.16765828555533233,vendor_a,0.021235521235521235,vendor_a,micro,46.0,youtube,85.0,youtube · micro,13.6,youtube
CR00371,instagram,@creator371_instagram,vendor_a,937397,vendor_a,0.767927569642318,vendor_a,0.13406139000996875,vendor_a,0.2014550493677464,vendor_b,mid,61.5,instagram,74.0,instagram · mid,71.7,instagram
CR00373,instagram,@creator373_instagram,vendor_a,18827,vendor_a,2.648217984809051,vendor_a,0.07996328801697929,vendor_a,0.11282132656299587,vendor_a,micro,98.5,instagram,45.6,instagram · micro,40.7,instagram
CR00373,tiktok,,,,,,,,,,,,,,,,,
CR00373,youtube,@creator373_youtube,vendor_a,9229,vendor_c,,,,,0.25280112044817926,vendor_a,nano,,,,,92.2,youtube
CR00374,instagram,@creator374_instagram,vendor_a,7525,vendor_a,1.2427906976744185,vendor_a,0.04224376731301939,vendor_a,0.07396449704142012,vendor_a,nano,85.3,instagram,19.4,instagram · nano,24.4,instagram
CR00374,tiktok,,,,,,,,,,,,,,,,,
CR00374,youtube,@creator374_youtube,vendor_a,22014,vendor_a,2.0893976560370673,vendor_a,0.13790964540473483,vendor_a,0.10895248096613284,vendor_a,micro,76.8,youtube,74.5,youtube · micro,58.6,youtube
CR00377,instagram,,,,,,,,,0.0747800586510264,vendor_b,,,,,,24.6,instagram
CR00377,tiktok,@creator377_tiktok,vendor_b,40050.0,vendor_b,3.124669163545568,vendor_b,0.0757453666398066,vendor_b,0.057644730331519047,vendor_b,micro,51.9,tiktok,43.8,tiktok · micro,11.4,tiktok
CR00377,youtube,@creator377_youtube,vendor_a,255273,vendor_a,0.3080819358098976,vendor_a,0.24329339567504382,vendor_a,,,mid,3.1,youtube,98.1,youtube · mid,,
CR00379,instagram,,,,,,,,,,,,,,,,,
CR00379,tiktok,@creator379_tiktok,vendor_b,104840.0,vendor_b,2.9721671117893935,vendor_b,0.184498926674952,vendor_b,0.2512377756864029,vendor_b,mid,48.5,tiktok,94.2,tiktok · mid,82.9,tiktok
CR00380,instagram,@creator380_instagram,vendor_a,8120,vendor_a,0.1399014778325123,vendor_a,0.017288900025056377,vendor_a,0.3763440860215054,vendor_a,nano,3.5,instagram,9.7,instagram · nano,97.3,instagram
CR00380,tiktok,@creator380_tiktok,vendor_a,59262,vendor_a,6.957932570618609,vendor_a,-0.05555555555555555,vendor_a,0.3501192855761171,vendor_a,micro,87.3,tiktok,3.0,tiktok · micro,95.2,tiktok
CR00380,youtube,@creator380_youtube,vendor_c,57980,vendor_a,0.4113487409451535,vendor_a,0.09015699915389677,vendor_a,0.26229508196721313,vendor_a,micro,7.4,youtube,47.1,youtube · micro,93.3,youtube
CR00381,instagram,@creator381_instagram,vendor_b,3910.0,vendor_b,0.5982097186700768,vendor_b,0.08870315448908062,vendor_c,0.06220095693779904,vendor_b,nano,47.7,instagram,40.3,instagram · nano,19.5,instagram
CR00381,tiktok,@creator381_tiktok,vendor_b,11820.0,vendor_b,4.405245346869712,vendor_b,0.17846460618145563,vendor_b,0.3188531711555169,vendor_b,micro,69.9,tiktok,90.3,tiktok · micro,92.9,tiktok
CR00381,youtube,@creator381_youtube,vendor_a,34143,vendor_a,3.8168877954485545,vendor_a,0.1148734693877551,vendor_a,,,micro,94.6,youtube,60.5,youtube · micro,,
CR00382,tiktok,,,,,,,,,,,,,,,,,
CR00383,instagram,@creator383_instagram,vendor_a,6132,vendor_a,1.1090998043052838,vendor_a,,,0.22062350119904076,vendor_a,nano,81.2,instagram,,,75.6,instagram
CR00383,tiktok,@creator383_tiktok,vendor_a,1422420.0,vendor_b,4.163819406363802,vendor_b,0.14468506313222762,vendor_b,0.015170319082922368,vendor_a,macro,66.1,tiktok,100.0,tiktok · macro,2.1,tiktok
CR00383,youtube,@creator383_youtube,vendor_a,1473,vendor_a,1.3754243041412084,vendor_a,-0.04412719013627515,vendor_a,0.09154929577464789,vendor_a,nano,56.6,youtube,4.4,youtube · nano,49.9,youtube
CR00386,instagram,@creator386_instagram,vendor_a,237257,vendor_a,0.5122925772474574,vendor_a,0.040998100152251075,vendor_a,,,mid,38.5,instagram,26.7,instagram · mid,,
CR00386,tiktok,@creator386_tiktok,vendor_b,26890.0,vendor_b,2.7084789884715508,vendor_b,0.06875993640699524,vendor_b,0.28278114792347175,vendor_b,micro,43.1,tiktok,38.2,tiktok · micro,86.8,tiktok
CR00390,instagram,@creator390_instagram,vendor_a,132019,vendor_a,0.24920655360213304,vendor_a,0.10420709267313483,vendor_a,0.09772226304188097,vendor_a,mid,13.0,instagram,57.5,instagram · mid,34.1,instagram
CR00390,tiktok,@creator390_tiktok,vendor_a,243796,vendor_a,3.45124612380843,vendor_a,-0.029254249570961562,vendor_a,0.26195392432081294,vendor_a,mid,57.9,tiktok,9.0,tiktok · mid,84.0,tiktok
CR00390,youtube,@creator390_youtube,vendor_a,45610,vendor_a,6.743521157640868,vendor_a,0.1387980325085516,vendor_a,0.10420740906297145,vendor_a,micro,99.5,youtube,75.8,youtube · micro,56.6,youtube
CR00391,tiktok,@creator391_tiktok,vendor_a,55530,vendor_a,2.9906356924185125,vendor_a,0.0869692876857126,vendor_a,0.07561547479484174,vendor_a,micro,49.1,tiktok,50.6,tiktok · micro,18.7,tiktok
CR00391,youtube,@creator391_youtube,vendor_a,4078,vendor_a,3.268268759195684,vendor_a,0.11481683980317113,vendor_a,0.386780905752754,vendor_a,nano,90.8,youtube,55.6,youtube · nano,98.2,youtube
CR00393,instagram,@creator393_instagram,vendor_b,27620.0,vendor_b,0.7710716871832006,vendor_b,0.04462934947049924,vendor_b,0.1805094130675526,vendor_b,micro,61.8,instagram,26.6,instagram · micro,64.1,instagram
CR00393,tiktok,@creator393_tiktok,vendor_b,7110.0,vendor_b,2.439099859353024,vendor_b,0.08384146341463415,vendor_b,,,nano,38.2,tiktok,24.6,tiktok · nano,,
CR00393,youtube,@creator393_youtube,vendor_a,39803,vendor_a,0.8006431676004321,vendor_a,0.0860300136425648,vendor_a,0.1985773562537048,vendor_a,micro,26.5,youtube,44.1,youtube · micro,85.9,youtube
CR00394,instagram,@creator394_instagram,vendor_c,23172,vendor_c,0.8908596582081822,vendor_c,0.06557527821208498,vendor_c,,,micro,70.0,instagram,36.9,instagram · micro,,
CR00394,tiktok,@creator394_tiktok,vendor_a,4240,vendor_a,4.1773584905660375,vendor_a,0.11315305854555001,vendor_a,0.3433641975308642,vendor_a,nano,66.3,tiktok,45.6,tiktok · nano,94.7,tiktok
CR00394,youtube,@creator394_youtube,vendor_a,46179,vendor_a,1.1390242317936725,vendor_a,-0.014153964390931216,vendor_a,0.19248466257668712,vendor_a,micro,45.3,youtube,8.5,youtube · micro,84.8,youtube
CR00395,instagram,@creator395_instagram,vendor_b,55190,vendor_b,0.705671317267621,vendor_b,0.0834314880251276,vendor_b,,,micro,56.4,instagram,47.4,instagram · micro,,
CR00395,tiktok,,,,,,,,,,,,,,,,,
CR00395,youtube,@creator395_youtube,vendor_a,11886,vendor_a,1.3445229681978799,vendor_a,0.14630147555212653,vendor_a,0.07952622673434856,vendor_a,micro,55.4,youtube,78.4,youtube · micro,43.7,youtube
CR00396,instagram,@creator396_instagram,vendor_b,46610.0,vendor_b,0.3997425445183437,vendor_b,0.014363438520130577,vendor_b,0.17123287671232876,vendor_b,micro,27.4,instagram,15.7,instagram · micro,60.2,instagram
CR00396,tiktok,@creator396_tiktok,vendor_a,5312,vendor_a,2.29480421686747,vendor_a,0.05459598967639468,vendor_a,0.10324483775811209,vendor_a,nano,33.7,tiktok,12.3,tiktok · nano,32.9,tiktok
CR00396,youtube,@creator396_youtube,vendor_a,144614,vendor_a,0.30558590454589457,vendor_a,-0.0070379499996566855,vendor_a,0.32974910394265233,vendor_a,mid,2.8,youtube,13.6,youtube · mid,96.6,youtube
CR00399,instagram,@creator399_instagram,vendor_a,36860,vendor_a,1.239781718963165,vendor_b,0.0442517989687801,vendor_a,0.11601357605677261,vendor_a,micro,85.1,instagram,25.9,instagram · micro,42.0,instagram
CR00399,tiktok,@creator399_tiktok,vendor_b,369400.0,vendor_b,4.134063345966432,vendor_b,-0.09113276252337368,vendor_b,0.01451346299414518,vendor_b,mid,65.8,tiktok,3.2,tiktok · mid,1.8,tiktok
CR00399,youtube,@creator399_youtube,vendor_a,11477964,vendor_a,,,0.013583993199658393,vendor_a,0.12872706139989118,vendor_a,macro,,,23.1,youtube · macro,69.0,youtube
CR00400,instagram,@creator400_instagram,vendor_b,2810.0,vendor_b,0.4067615658362989,vendor_b,,,0.05714285714285714,vendor_b,nano,27.9,instagram,,,16.8,instagram
CR00400,tiktok,,,,,,,,,,,,,,,,,
CR00401,instagram,,,,,,,,,0.09616065109695683,vendor_b,,,,,,33.2,instagram
CR00401,tiktok,@creator401_tiktok,vendor_b,116330.0,vendor_b,12.283013839938107,vendor_b,-0.015903899839269098,vendor_b,0.37127533278885905,vendor_b,mid,96.9,tiktok,11.5,tiktok · mid,96.3,tiktok
CR00401,youtube,@creator401_youtube,vendor_a,167688,vendor_a,1.2093232670197032,vendor_a,0.11257961783439491,vendor_a,0.07233328246604609,vendor_a,mid,49.7,youtube,67.3,youtube · mid,39.0,youtube
CR00403,instagram,@creator403_instagram,vendor_b,487740.0,vendor_b,1.398810841841965,vendor_b,0.1318048916322458,vendor_b,,"n/a (likes hidden, vendor_b)",mid,88.6,instagram,69.9,instagram · mid,,
CR00403,tiktok,@creator403_tiktok,vendor_b,27445,vendor_c,,,,,0.13298791018998274,vendor_b,micro,,,,,46.1,tiktok
CR00403,youtube,@creator403_youtube,vendor_a,294057,vendor_a,2.9494723812050045,vendor_a,0.05695297111555217,vendor_a,0.05911784068466096,vendor_a,mid,87.9,youtube,35.2,youtube · mid,33.0,youtube
CR00404,instagram,@creator404_instagram,vendor_a,1166213,vendor_a,1.445779630307671,vendor_a,0.024132983002146245,vendor_a,0.19606596031832213,vendor_b,macro,89.8,instagram,21.4,instagram · macro,69.3,instagram
CR00404,tiktok,@creator404_tiktok,vendor_b,297680.0,vendor_b,4.539223327062618,vendor_b,0.052244609402615765,vendor_b,,,mid,71.0,tiktok,33.3,tiktok · mid,,
CR00405,tiktok,,,,,,,,,,,,,,,,,
CR00407,instagram,@creator407_instagram,vendor_b,28470.0,vendor_b,0.36631541974007725,vendor_b,,,0.2892857142857143,vendor_b,micro,23.6,instagram,,,89.5,instagram
CR00407,tiktok,@creator407_tiktok,vendor_b,28290.0,vendor_b,2.09915164369035,vendor_b,0.11202830188679246,vendor_b,0.02540106951871658,vendor_b,micro,29.2,tiktok,64.4,tiktok · micro,3.9,tiktok
CR00407,youtube,@creator407_youtube,vendor_c,324572,vendor_c,,,0.0936856612382021,vendor_c,,,mid,,,58.0,youtube · mid,,
CR00412,instagram,@creator412_instagram,vendor_c,87355,vendor_c,0.676217732242001,vendor_c,0.13817589576547232,vendor_c,,,micro,54.9,instagram,75.9,instagram · micro,,
CR00412,tiktok,,,,,,,,,,,,,,,,,
CR00412,youtube,,,,,,,,,,,,,,,,,
CR00416,instagram,,,,,,,,,,,,,,,,,
CR00416,tiktok,@creator416_tiktok,vendor_a,18285,vendor_a,2.9606234618539786,vendor_a,0.2019325576809308,vendor_a,0.03420195439739414,vendor_a,micro,48.1,tiktok,94.4,tiktok · micro,6.4,tiktok
CR00416,youtube,@creator416_youtube,vendor_a,26341,vendor_a,1.1373144527542614,vendor_a,-0.04284156976744186,vendor_a,0.205229793977813,vendor_a,micro,45.2,youtube,3.6,youtube · micro,86.6,youtube
CR00417,instagram,https://www.instagram.com/creator417_instagram/,vendor_b,153930.0,vendor_b,1.0572987721691678,vendor_b,0.14378065091395453,vendor_b,,"n/a (likes hidden, vendor_b)",mid,79.9,instagram,76.0,instagram · mid,,
CR00417,tiktok,,,,,,,,,,,,,,,,,
CR00417,youtube,@creator417_youtube,vendor_a,8718,vendor_a,0.682381280110117,vendor_a,0.1174057933863112,vendor_a,0.06862745098039216,vendor_c,nano,19.4,youtube,57.8,youtube · nano,37.9,youtube
CR00419,instagram,,,,,,,,,,,,,,,,,
CR00419,tiktok,,,,,,,,,,,,,,,,,
CR00422,instagram,@creator422_instagram,vendor_b,70030.0,vendor_b,0.43501356561473653,vendor_b,0.2392496903202973,vendor_b,0.13768115942028986,vendor_b,micro,30.4,instagram,97.1,instagram · micro,47.8,instagram
CR00422,tiktok,@creator422_tiktok,vendor_b,2840.0,vendor_b,3.057042253521127,vendor_b,,,0.08604651162790698,vendor_b,nano,50.5,tiktok,,,24.0,tiktok
CR00422,youtube,@creator422_youtube,vendor_a,3670,vendor_b,1.0967302452316077,vendor_b,0.16507936507936508,vendor_b,0.07589285714285714,vendor_a,nano,42.7,youtube,75.6,youtube · nano,41.3,youtube
CR00423,youtube,@creator423_youtube,vendor_a,36207,vendor_a,4.050956997265722,vendor_a,0.1159500693481276,vendor_a,,,micro,96.0,youtube,61.1,youtube · micro,,
CR00424,instagram,@creator424_instagram,vendor_b,22270.0,vendor_b,0.301347103726987,vendor_b,0.1408811475409836,vendor_b,0.20152091254752852,vendor_b,micro,17.3,instagram,77.4,instagram · micro,72.0,instagram
CR00424,tiktok,@creator424_tiktok,vendor_b,59540.0,vendor_b,2.5302317769566676,vendor_b,0.1330161750713606,vendor_b,0.20783216783216782,vendor_b,micro,39.5,tiktok,74.2,tiktok · micro,72.6,tiktok
CR00424,youtube,@creator424_youtube,vendor_a,10914,vendor_a,2.410573575224482,vendor_a,0.10993593003152649,vendor_a,0.023696682464454975,vendor_a,micro,82.5,youtube,57.5,youtube · micro,14.5,youtube
CR00425,youtube,@creator425_youtube,vendor_a,14213,vendor_a,0.8680785196650953,vendor_a,0.08820151596355562,vendor_a,0.38386648122392214,vendor_a,micro,30.1,youtube,45.4,youtube · micro,98.1,youtube
CR00427,instagram,@creator427_instagram,vendor_a,31675,vendor_a,0.5043725335438043,vendor_a,0.08412910291953316,vendor_a,0.11375661375661375,vendor_a,micro,38.0,instagram,48.5,instagram · micro,41.2,instagram
CR00430,instagram,@creator430_instagram,vendor_a,68009,vendor_a,0.2724345307238748,vendor_a,0.09580587467573272,vendor_a,0.16797642436149313,vendor_a,micro,15.6,instagram,55.8,instagram · micro,58.5,instagram
CR00430,tiktok,@creator430_tiktok,vendor_b,68159,vendor_c,4.9686174973224375,vendor_c,0.06685136488855498,vendor_c,0.06190517019634743,vendor_b,micro,74.4,tiktok,37.1,tiktok · micro,13.9,tiktok
CR00430,youtube,@creator430_youtube,vendor_a,154851,vendor_a,0.7965721887491847,vendor_a,0.22154994241358092,vendor_a,0.17315057448095142,vendor_a,mid,26.0,youtube,96.9,youtube · mid,81.3,youtube
CR00431,instagram,@creator431_instagram,vendor_a,14418,vendor_a,2.6661118046885837,vendor_a,0.15159744408945686,vendor_a,0.1113423517169615,vendor_a,micro,98.7,instagram,79.9,instagram · micro,40.5,instagram
CR00431,tiktok,@creator431_tiktok,vendor_b,34640.0,vendor_b,3.1023383371824482,vendor_b,0.12467532467532468,vendor_b,,,micro,51.3,tiktok,71.2,tiktok · micro,,
CR00432,instagram,@creator432_instagram,vendor_b,9960.0,vendor_b,0.5910642570281125,vendor_b,0.0641025641025641,vendor_b,0.06561085972850679,vendor_b,nano,46.7,instagram,29.0,instagram · nano,21.0,instagram
CR00432,tiktok,@creator432_tiktok,vendor_a,175658,vendor_a,1.2362773115941204,vendor_a,0.06323428827378322,vendor_a,0.11461782317717506,vendor_a,mid,9.2,tiktok,41.0,tiktok · mid,37.4,tiktok
CR00432,youtube,@creator432_youtube,vendor_a,3846,vendor_a,0.8000520020800832,vendor_a,0.004439801514755811,vendor_a,0.14754098360655737,vendor_a,nano,26.3,youtube,11.1,youtube · nano,74.8,youtube
CR00433,tiktok,@creator433_tiktok,vendor_b,206440.0,vendor_b,2.838287153652393,vendor_b,0.10324925181701582,vendor_b,0.0554702977203605,vendor_b,mid,46.2,tiktok,65.4,tiktok · mid,10.7,tiktok
CR00433,youtube,@creator433_youtube,vendor_a,26545,vendor_a,0.7288001506875118,vendor_a,-0.0010161071804907422,vendor_a,0.0,vendor_a,micro,22.3,youtube,11.1,youtube · micro,0.8,youtube
CR00435,instagram,@creator435_instagram,vendor_a,12416,vendor_a,1.2173807989690721,vendor_a,0.08616918904732744,vendor_a,0.2857142857142857,vendor_a,micro,84.0,instagram,51.1,instagram · micro,88.5,instagram
CR00437,instagram,@creator437_instagram,vendor_b,16620.0,vendor_b,0.8144404332129964,vendor_b,0.12525389302640488,vendor_b,0.12994350282485875,vendor_b,micro,65.7,instagram,69.3,instagram · micro,45.9,instagram
CR00437,tiktok,@creator437_tiktok,vendor_b,41970.0,vendor_b,3.174362639980939,vendor_b,0.11622340425531914,vendor_b,0.19704521181915272,vendor_b,micro,53.0,tiktok,66.3,tiktok · micro,68.7,tiktok
CR00437,youtube,@creator437_youtube,vendor_b,31890.0,vendor_b,2.099090624020069,vendor_b,0.09287183002056203,vendor_b,,,micro,77.0,youtube,48.7,youtube · micro,,
CR00438,instagram,@creator438_instagram,vendor_a,9787,vendor_a,0.713190967610095,vendor_a,0.12701520036849379,vendor_a,0.2588996763754045,vendor_a,nano,57.5,instagram,64.5,instagram · nano,83.2,instagram
CR00438,tiktok,@creator438_tiktok,vendor_a,8153,vendor_a,4.034588495032503,vendor_a,0.1014590651175358,vendor_a,0.1438771867190289,vendor_a,nano,64.0,tiktok,36.8,tiktok · nano,50.7,tiktok
CR00438,youtube,@creator438_youtube,vendor_a,83045,vendor_a,3.6977903546270094,vendor_a,0.11627125478862826,vendor_a,0.07888087754976274,vendor_a,micro,93.9,youtube,61.8,youtube · micro,43.6,youtube
CR00439,tiktok,@creator439_tiktok,vendor_a,965879,vendor_a,12.44168265383138,vendor_a,0.19249768199288117,vendor_a,0.16545888840033748,vendor_a,mid,97.1,tiktok,96.2,tiktok · mid,58.2,tiktok
CR00439,youtube,@creator439_youtube,vendor_a,3060,vendor_a,2.205228758169935,vendor_a,0.17376294591484465,vendor_a,0.1,vendor_a,nano,78.5,youtube,78.9,youtube · nano,54.9,youtube
CR00441,youtube,@creator441_youtube,vendor_a,3218,vendor_a,2.3856432566811683,vendor_a,-0.0563049853372434,vendor_a,0.023809523809523808,vendor_a,nano,81.7,youtube,3.3,youtube · nano,14.6,youtube
CR00442,instagram,@creator442_instagram,vendor_b,211440.0,vendor_b,0.5473656829360575,vendor_b,0.06508160386862785,vendor_b,0.10832719233603537,vendor_b,mid,42.8,instagram,35.6,instagram · mid,39.3,instagram
CR00442,tiktok,@creator442_tiktok,vendor_b,7820.0,vendor_b,9.099360613810742,vendor_b,0.18305597579425115,vendor_b,0.24844499733428113,vendor_b,nano,92.4,tiktok,75.4,tiktok · nano,82.0,tiktok
CR00442,youtube,@creator442_youtube,vendor_a,98181,vendor_a,0.7945325470304845,vendor_a,0.059869379824040586,vendor_a,0.10933115060804491,vendor_a,micro,25.8,youtube,31.7,youtube · micro,59.1,youtube
CR00443,instagram,@creator443_instagram,vendor_a,13846,vendor_a,0.654485049833887,vendor_a,0.04003605498385037,vendor_a,,"n/a (likes hidden, vendor_a)",micro,53.6,instagram,24.5,instagram · micro,,
CR00443,tiktok,@creator443_tiktok,vendor_a,84047,vendor_a,3.3336823444025367,vendor_a,-0.021913185150704062,vendor_a,0.371670243656104,vendor_a,micro,56.4,tiktok,7.1,tiktok · micro,96.6,tiktok
CR00443,youtube,@creator443_youtube,vendor_a,696683,vendor_a,1.9798861175025084,vendor_a,0.20040560122541884,vendor_a,0.0018758315222331485,vendor_a,mid,76.0,youtube,93.8,youtube · mid,2.6,youtube
CR00444,instagram,@creator444_instagram,vendor_b,4180.0,vendor_b,0.24545454545454545,vendor_b,0.11239669421487604,vendor_c,0.05172413793103448,vendor_b,nano,11.9,instagram,51.6,instagram · nano,13.7,instagram
CR00444,youtube,@creator444_youtube,vendor_a,45160,vendor_a,3.0922276350752878,vendor_a,-0.005242521696991057,vendor_a,0.0054806778144399085,vendor_a,micro,89.4,youtube,10.1,youtube · micro,5.5,youtube
CR00445,instagram,@creator445_instagram,vendor_b,192340.0,vendor_b,0.7316990745554747,vendor_b,0.15547278625495614,vendor_b,0.011781727986771393,vendor_b,mid,58.7,instagram,82.9,instagram · mid,2.9,instagram
CR00446,instagram,https://www.instagram.com/creator446_instagram/,vendor_b,1640.0,vendor_b,0.6378048780487805,vendor_b,0.017587939698492462,vendor_c,0.1896551724137931,vendor_b,nano,52.0,instagram,11.3,instagram · nano,67.3,instagram
CR00446,tiktok,https://www.tiktok.com/@creator446_tiktok,vendor_b,52680.0,vendor_b,4.589920273348519,vendor_b,0.11444891051406812,vendor_b,,,micro,72.0,tiktok,65.5,tiktok · micro,,
CR00446,youtube,@creator446_youtube,vendor_a,28511,vendor_a,1.3256287047104627,vendor_a,0.12964063552438687,vendor_a,0.16524701873935263,vendor_a,micro,54.5,youtube,70.6,youtube · micro,79.2,youtube
CR00448,instagram,@creator448_instagram,vendor_b,8420.0,vendor_b,1.1808788598574822,vendor_b,,,0.1534090909090909,vendor_b,nano,82.9,instagram,,,53.7,instagram
CR00448,youtube,@creator448_youtube,vendor_a,64255,vendor_a,1.7087074935802662,vendor_a,-0.04705760218306935,vendor_a,0.4234955185659411,vendor_a,micro,68.9,youtube,2.9,youtube · micro,99.3,youtube
CR00449,instagram,@creator449_instagram,vendor_b,385500.0,vendor_b,0.438609597924773,vendor_b,0.06905158069883527,vendor_b,0.09297590770274856,vendor_b,mid,30.7,instagram,37.7,instagram · mid,31.7,instagram
CR00449,tiktok,@creator449_tiktok,vendor_b,166880.0,vendor_b,1.7431447746883988,vendor_b,0.18413396721776767,vendor_b,0.24476461718880885,vendor_b,mid,21.3,tiktok,93.6,tiktok · mid,79.9,tiktok
CR00449,youtube,@creator449_youtube,vendor_a,115374,vendor_a,2.398677344982405,vendor_a,0.06567279982265573,vendor_a,0.07798693814829043,vendor_a,mid,82.4,youtube,39.5,youtube · mid,42.3,youtube
CR00452,instagram,@creator452_instagram,vendor_a,294634,vendor_a,0.22888397129998575,vendor_a,0.04006212824540657,vendor_a,,"n/a (likes hidden, vendor_a)",mid,10.8,instagram,24.7,instagram · mid,,
CR00452,youtube,,,,,,,,,,,,,,,,,
CR00457,instagram,@creator457_instagram,vendor_b,19600.0,vendor_b,0.6160204081632653,vendor_b,0.3119143239625167,vendor_b,,"n/a (likes hidden, vendor_b)",micro,49.3,instagram,100.0,instagram · micro,,
CR00457,tiktok,@creator457_tiktok,vendor_c,17897,vendor_c,,,-0.012361348711439766,vendor_c,,,micro,,,7.9,tiktok · micro,,
CR00458,instagram,@creator458_instagram,vendor_c,49363,vendor_c,0.817697465713186,vendor_c,0.08138363126533474,vendor_c,,,micro,65.9,instagram,46.0,instagram · micro,,
CR00458,tiktok,,,,,,,,,,,,,,,,,
CR00458,youtube,@creator458_youtube,vendor_a,58233,vendor_a,1.8952655710679511,vendor_a,-0.01830779345572245,vendor_a,0.14839946894822245,vendor_a,micro,73.4,youtube,7.2,youtube · micro,75.3,youtube
CR00460,instagram,@creator460_instagram,vendor_a,,,,,,,0.13515037593984963,vendor_a,,,,,,47.3,instagram
CR00460,tiktok,https://www.tiktok.com/@creator460_tiktok,vendor_b,197430.0,vendor_b,0.7055969204274933,vendor_b,0.1511282140983033,vendor_b,0.2957702267911795,vendor_b,mid,2.2,tiktok,85.3,tiktok · mid,89.0,tiktok
CR00460,youtube,@creator460_youtube,vendor_a,92034,vendor_a,1.4459004281026577,vendor_a,0.1895769514133933,vendor_a,0.07455239213384209,vendor_a,micro,59.2,youtube,89.9,youtube · micro,40.0,youtube
CR00461,instagram,@creator461_instagram,vendor_a,48775,vendor_a,1.2770271655561252,vendor_a,0.08761093520046381,vendor_a,0.26397869912514266,vendor_a,micro,86.2,instagram,52.2,instagram · micro,84.6,instagram
CR00461,tiktok,@creator461_tiktok,vendor_b,22730.0,vendor_b,3.2840739111306645,vendor_b,0.0577012563983248,vendor_b,0.03173816017852715,vendor_b,micro,54.8,tiktok,33.0,tiktok · micro,5.9,tiktok
CR00461,youtube,@creator461_youtube,vendor_a,17096,vendor_a,1.053287318671034,vendor_a,0.02218236173393124,vendor_a,0.03162055335968379,vendor_a,micro,40.1,youtube,17.3,youtube · micro,18.3,youtube
CR00463,instagram,@creator463_instagram,vendor_b,23620.0,vendor_b,0.6011007620660457,vendor_b,0.11572980632971186,vendor_b,0.19783873649210307,vendor_b,micro,48.2,instagram,63.5,instagram · micro,70.2,instagram
CR00463,tiktok,@creator463_tiktok,vendor_a,14236,vendor_a,2.3901376791233493,vendor_a,0.002323452791663733,vendor_a,0.12276119402985075,vendor_b,micro,36.4,tiktok,10.5,tiktok · micro,43.2,tiktok
CR00463,youtube,@creator463_youtube,vendor_a,92437,vendor_a,0.3094107337970726,vendor_a,0.07516138412329165,vendor_a,0.12359113874854255,vendor_a,micro,3.3,youtube,38.6,youtube · micro,66.1,youtube
CR00465,instagram,@creator465_instagram,vendor_b,168180.0,vendor_b,1.1250802711380663,vendor_b,0.04033156006433255,vendor_b,0.0992282852607958,vendor_b,mid,82.1,instagram,26.0,instagram · mid,34.9,instagram
CR00465,tiktok,@creator465_tiktok,vendor_b,,,,,,,0.187038789025544,vendor_b,,,,,,65.1,tiktok
CR00465,youtube,@creator465_youtube,vendor_a,9045,vendor_a,2.8621337755666114,vendor_a,0.09054738365083193,vendor_a,0.2054794520547945,vendor_a,nano,86.3,youtube,42.2,youtube · nano,86.9,youtube
CR00471,instagram,@creator471_instagram,vendor_b,453754,vendor_a,0.82438061152078,vendor_a,0.10163076332931126,vendor_a,0.18964272825694695,vendor_a,mid,66.3,instagram,55.5,instagram · mid,67.1,instagram
CR00473,instagram,@creator473_instagram,vendor_a,32196,vendor_a,1.2375139768915393,vendor_a,0.17808920926488345,vendor_a,0.04656745079212674,vendor_a,micro,84.5,instagram,88.3,instagram · micro,11.5,instagram
CR00473,tiktok,,,,,,,,,,,,,,,,,
CR00473,youtube,@creator473_youtube,vendor_a,44466,vendor_a,0.6849278100121441,vendor_a,0.12646298829609362,vendor_a,0.12335216572504708,vendor_a,micro,19.6,youtube,69.0,youtube · micro,65.8,youtube
CR00475,instagram,@creator475_instagram,vendor_b,34380.0,vendor_b,0.3123618382780686,vendor_b,0.07069448769853628,vendor_b,,"n/a (likes hidden, vendor_b)",micro,18.6,instagram,40.1,instagram · micro,,
CR00476,instagram,@creator476_instagram,vendor_b,1620.0,vendor_b,0.3493827160493827,vendor_b,,,0.0,vendor_b,nano,21.2,instagram,,,0.9,instagram
CR00476,tiktok,@creator476_tiktok,vendor_a,7352,vendor_a,1.8358269858541894,vendor_a,0.1906072874493927,vendor_a,0.2931258106355383,vendor_a,nano,23.3,tiktok,80.7,tiktok · nano,88.4,tiktok
CR00477,instagram,https://www.instagram.com/creator477_instagram/,vendor_b,126310.0,vendor_b,0.4666138864697965,vendor_b,0.30823407560849303,vendor_b,0.17910941897036914,vendor_b,mid,32.8,instagram,100.0,instagram · mid,63.2,instagram
CR00477,tiktok,@creator477_tiktok,vendor_a,130259,vendor_a,3.917817578823728,vendor_a,0.011586819604401749,vendor_a,0.14199209441843513,vendor_a,mid,63.0,tiktok,17.3,tiktok · mid,50.0,tiktok
CR00477,youtube,@creator477_youtube,vendor_a,3812,vendor_a,1.078436516264428,vendor_a,0.10428736964078796,vendor_a,0.08712121212121213,vendor_a,nano,41.5,youtube,50.0,youtube · nano,47.6,youtube
CR00480,youtube,@creator480_youtube,vendor_a,649708,vendor_a,4.084922765303798,vendor_a,0.10226677004355063,vendor_a,0.06616008450608239,vendor_a,mid,96.4,youtube,59.3,youtube · mid,36.7,youtube
CR00481,instagram,@creator481_instagram,vendor_b,1177410.0,vendor_b,0.8949312473989519,vendor_b,0.08607139562770962,vendor_b,0.029770024170196474,vendor_b,macro,70.2,instagram,57.1,instagram · macro,6.1,instagram
CR00483,tiktok,@creator483_tiktok,vendor_a,259778,vendor_a,3.138957109531985,vendor_a,0.13023124279405687,vendor_a,0.06097817562785716,vendor_a,mid,52.1,tiktok,78.8,tiktok · mid,12.6,tiktok
CR00483,youtube,@creator483_youtube,vendor_b,70500.0,vendor_b,5.4491205673758865,vendor_b,0.03920990566037736,vendor_b,0.15399203489474683,vendor_b,micro,98.3,youtube,23.2,youtube · micro,77.2,youtube
CR00485,instagram,@creator485_instagram,vendor_a,195912,vendor_a,0.36318857446200337,vendor_a,0.15478064048381107,vendor_a,0.32087733549959385,vendor_a,mid,23.3,instagram,81.5,instagram · mid,92.4,instagram
CR00485,tiktok,@creator485_tiktok,vendor_a,243891,vendor_a,1.9777974587008131,vendor_a,0.14601815652958425,vendor_a,0.11643874806889054,vendor_a,mid,26.6,tiktok,84.0,tiktok · mid,38.4,tiktok
CR00485,youtube,@creator485_youtube,vendor_a,874106,vendor_a,1.7236056038970102,vendor_a,-0.14218055988992978,vendor_a,0.11462859890160691,vendor_a,mid,69.0,youtube,0.6,youtube · mid,61.2,youtube
CR00488,instagram,@creator488_instagram,vendor_b,69280.0,vendor_b,0.8568995381062355,vendor_b,0.22597770306140505,vendor_b,0.027144160583941607,vendor_b,micro,68.2,instagram,96.4,instagram · micro,5.6,instagram
CR00488,tiktok,@creator488_tiktok,vendor_a,7180,vendor_a,11.630640668523677,vendor_a,-0.11390842897692213,vendor_a,0.22306927411335764,vendor_a,nano,96.1,tiktok,1.8,tiktok · nano,75.6,tiktok
CR00488,youtube,@creator488_youtube,vendor_a,67308,vendor_a,1.0843287573542522,vendor_a,0.05642490543531147,vendor_a,0.013613380007779074,vendor_a,micro,41.9,youtube,29.4,youtube · micro,9.2,youtube
CR00489,instagram,@creator489_instagram,vendor_a,164540,vendor_a,1.956970949313237,vendor_a,0.06806704142703209,vendor_a,0.20062601577078193,vendor_a,mid,95.3,instagram,37.0,instagram · mid,71.0,instagram
CR00489,tiktok,@creator489_tiktok,vendor_a,22713,vendor_a,4.666578611367939,vendor_a,0.08064516129032258,vendor_a,0.12410911771934136,vendor_a,micro,73.0,tiktok,47.2,tiktok · micro,43.6,tiktok
CR00489,youtube,@creator489_youtube,vendor_a,92682,vendor_a,1.218445868669213,vendor_a,0.01977223964350553,vendor_a,0.3422141748577341,vendor_a,micro,50.0,youtube,16.0,youtube · micro,97.0,youtube
CR00491,instagram,,,,,,,,,,,,,,,,,
CR00491,tiktok,,,,,,,,,,,,,,,,,
CR00491,youtube,@creator491_youtube,vendor_a,14115,vendor_a,1.0191285866099893,vendor_a,0.15036674816625917,vendor_a,0.003125,vendor_a,micro,38.4,youtube,81.4,youtube · micro,3.7,youtube
CR00494,instagram,@creator494_instagram,vendor_a,146780,vendor_a,0.43259980923831587,vendor_a,0.08092583455457283,vendor_a,0.24175824175824176,vendor_a,mid,30.2,instagram,48.6,instagram · mid,78.3,instagram
CR00494,tiktok,@creator494_tiktok,vendor_b,25270.0,vendor_b,3.533161851998417,vendor_b,0.08222698072805139,vendor_b,,,micro,58.7,tiktok,47.6,tiktok · micro,,
CR00494,youtube,@creator494_youtube,vendor_a,7345,vendor_a,1.8925799863852961,vendor_a,0.2455485840257758,vendor_a,0.05150976909413854,vendor_a,nano,73.2,youtube,94.4,youtube · nano,28.6,youtube
CR00495,instagram,@creator495_instagram,vendor_a,3965,vendor_a,0.47717528373266077,vendor_a,0.08422203992343451,vendor_a,0.01282051282051282,vendor_a,nano,33.9,instagram,37.1,instagram · nano,3.2,instagram
CR00495,tiktok,@creator495_tiktok,vendor_b,297950.0,vendor_b,2.1417754656821613,vendor_b,0.1498977268341631,vendor_b,0.0684759916492693,vendor_b,mid,29.7,tiktok,84.6,tiktok · mid,16.4,tiktok
CR00495,youtube,@creator495_youtube,vendor_a,45787,vendor_a,1.8616419507720532,vendor_a,-0.023064777673465903,vendor_a,,,micro,72.7,youtube,5.6,youtube · micro,,
CR00497,instagram,@creator497_instagram,vendor_a,18826,vendor_a,1.6455433974290874,vendor_a,0.07835949135067018,vendor_a,0.007845188284518828,vendor_a,micro,92.6,instagram,43.8,instagram · micro,2.7,instagram
CR00501,instagram,@creator501_instagram,vendor_a,116957,vendor_a,0.3604658122215857,vendor_a,0.07571395723154749,vendor_a,0.06761768901569187,vendor_a,mid,22.3,instagram,45.9,instagram · mid,21.5,instagram
CR00501,tiktok,@creator501_tiktok,vendor_b,120820.0,vendor_b,2.785606687634498,vendor_b,0.06891975581703973,vendor_b,0.2533561839474436,vendor_b,mid,44.6,tiktok,42.9,tiktok · mid,83.3,tiktok
CR00501,youtube,@creator501_youtube,vendor_a,10560,vendor_a,1.3737689393939394,vendor_a,0.0330659362160047,vendor_a,0.08333333333333333,vendor_a,micro,56.1,youtube,19.9,youtube · micro,45.7,youtube
CR00502,tiktok,@creator502_tiktok,vendor_a,9591,vendor_a,3.2970493170680846,vendor_a,0.10279406691962746,vendor_a,0.3297420829252367,vendor_a,nano,55.0,tiktok,38.6,tiktok · nano,93.4,tiktok
CR00502,youtube,,,,,,,,,,,,,,,,,
CR00504,instagram,,,,,,,,,,,,,,,,,
CR00504,tiktok,@creator504_tiktok,vendor_b,218820.0,vendor_b,5.434763732748378,vendor_b,0.18038623368216636,vendor_b,0.24861677344205008,vendor_b,mid,77.7,tiktok,92.9,tiktok · mid,82.4,tiktok
CR00504,youtube,@creator504_youtube,vendor_a,23017,vendor_a,2.2077594821219098,vendor_a,0.009074967119684349,vendor_a,0.02755210173083716,vendor_a,micro,78.7,youtube,12.7,youtube · micro,16.9,youtube
CR00505,instagram,@creator505_instagram,vendor_a,60106,vendor_a,1.6534788540245566,vendor_a,0.06912130914265387,vendor_a,,"n/a (likes hidden, vendor_a)",micro,92.7,instagram,39.8,instagram · micro,,
CR00505,tiktok,@creator505_tiktok,vendor_a,5804,vendor_a,4.319090282563749,vendor_a,0.10869149952244508,vendor_a,0.16740412979351033,vendor_a,nano,68.9,tiktok,42.1,tiktok · nano,58.9,tiktok
CR00505,youtube,@creator505_youtube,vendor_a,9216,vendor_a,0.5615234375,vendor_a,0.09453681710213777,vendor_a,0.18717948717948718,vendor_a,nano,13.0,youtube,43.3,youtube · nano,83.8,youtube
CR00508,instagram,https://www.instagram.com/creator508_instagram/,vendor_b,81160.0,vendor_b,0.39385165105963527,vendor_b,0.07810839532412327,vendor_b,,"n/a (likes hidden, vendor_b)",micro,26.4,instagram,43.4,instagram · micro,,
CR00508,tiktok,@creator508_tiktok,vendor_b,11760.0,vendor_b,,,0.11048158640226628,vendor_b,0.38310708898944196,vendor_b,micro,,,62.5,tiktok · micro,97.5,tiktok
CR00508,youtube,,,,,,,,,,,,,,,,,
CR00509,instagram,@creator509_instagram,vendor_b,266630.0,vendor_b,0.6342009526309867,vendor_b,0.03916907007560995,vendor_b,0.09741028000525831,vendor_b,mid,51.8,instagram,23.3,instagram · mid,33.9,instagram
CR00509,tiktok,@creator509_tiktok,vendor_b,6890.0,vendor_b,1.2007256894049347,vendor_b,0.08503937007874016,vendor_b,0.38661710037174724,vendor_b,nano,8.2,tiktok,26.3,tiktok · nano,97.9,tiktok
CR00509,youtube,@creator509_youtube,vendor_a,45481,vendor_a,2.353466282623513,vendor_a,0.13839106928313977,vendor_a,0.0838274044795784,vendor_a,micro,81.0,youtube,75.5,youtube · micro,46.0,youtube
CR00510,instagram,@creator510_instagram,vendor_a,19394,vendor_a,0.26967103227802414,vendor_a,0.2955243820975284,vendor_a,0.033854166666666664,vendor_a,micro,15.5,instagram,99.6,instagram · micro,7.6,instagram
CR00510,tiktok,@creator510_tiktok,vendor_b,11280.0,vendor_b,0.963386524822695,vendor_b,,,0.07085346215780998,vendor_b,micro,4.7,tiktok,,,17.4,tiktok
CR00510,youtube,@creator510_youtube,vendor_a,107460,vendor_a,1.4296575469942303,vendor_a,0.2425419730817261,vendor_a,0.12574218234595594,vendor_b,mid,58.7,youtube,97.5,youtube · mid,67.0,youtube
CR00511,instagram,@creator511_instagram,vendor_b,20410.0,vendor_b,0.3933855952964233,vendor_b,0.10743353228431904,vendor_b,0.05641025641025641,vendor_b,micro,26.1,instagram,59.1,instagram · micro,16.1,instagram
CR00511,tiktok,@creator511_tiktok,vendor_b,55630.0,vendor_b,2.0857810533884593,vendor_b,0.011086877499091239,vendor_b,0.2047106325706595,vendor_b,micro,28.8,tiktok,13.1,tiktok · micro,71.7,tiktok
CR00511,youtube,@creator511_youtube,vendor_a,8145,vendor_a,3.402209944751381,vendor_a,0.14799154334038056,vendor_a,0.0598834128245893,vendor_a,nano,91.9,youtube,72.2,youtube · nano,33.5,youtube
CR00512,tiktok,@creator512_tiktok,vendor_b,3830.0,vendor_b,1.231592689295039,vendor_b,0.12979351032448377,vendor_b,,,nano,9.0,tiktok,57.9,tiktok · nano,,
CR00512,youtube,@creator512_youtube,vendor_a,95336,vendor_a,1.98330116640094,vendor_a,0.04213989790229665,vendor_a,0.2520093770931011,vendor_a,micro,76.1,youtube,24.5,youtube · micro,92.1,youtube
CR00515,youtube,@creator515_youtube,vendor_a,60457,vendor_a,1.5434771821294473,vendor_a,0.13491646330016896,vendor_a,0.37470943747094376,vendor_a,micro,63.5,youtube,72.9,youtube · micro,97.9,youtube
CR00517,instagram,@creator517_instagram,vendor_b,2870.0,vendor_b,0.34843205574912894,vendor_b,0.22127659574468084,vendor_b,0.13333333333333333,vendor_b,nano,21.0,instagram,98.4,instagram · nano,47.1,instagram
CR00517,tiktok,@creator517_tiktok,vendor_a,102286,vendor_a,5.566362943120271,vendor_a,0.044192860132507124,vendor_a,0.07562427464340533,vendor_a,mid,78.7,tiktok,32.1,tiktok · mid,18.9,tiktok
CR00518,youtube,@creator518_youtube,vendor_a,642547,vendor_a,1.8749881331637996,vendor_a,0.03308857222328516,vendor_a,0.04273218297404522,vendor_a,mid,73.0,youtube,25.9,youtube · mid,25.2,youtube
CR00519,instagram,@creator519_instagram,vendor_b,74670.0,vendor_b,1.0786259541984733,vendor_b,-0.021875818705789887,vendor_b,0.003341501447983961,vendor_b,micro,80.3,instagram,7.7,instagram · micro,2.0,instagram
CR00519,tiktok,,,,,,,,,,,,,,,,,
CR00519,youtube,@creator519_youtube,vendor_a,55268,vendor_a,1.0954982991966418,vendor_a,0.038950297014813146,vendor_a,0.07827150428047289,vendor_a,micro,42.6,youtube,22.5,youtube · micro,42.7,youtube
CR00520,youtube,@creator520_youtube,vendor_a,13384,vendor_a,0.6031829049611477,vendor_a,-0.011375387797311272,vendor_a,0.04116222760290557,vendor_a,micro,15.2,youtube,9.5,youtube · micro,24.0,youtube
CR00522,instagram,@creator522_instagram,vendor_a,39877,vendor_a,0.5014920881711262,vendor_a,0.17188785705889267,vendor_a,0.10316529894490035,vendor_a,micro,37.4,instagram,85.8,instagram · micro,36.8,instagram
CR00522,tiktok,@creator522_tiktok,vendor_a,835251,vendor_a,13.292585103160606,vendor_a,0.07713447109891441,vendor_a,0.10742829958572282,vendor_a,mid,97.7,tiktok,46.8,tiktok · mid,35.2,tiktok
CR00522,youtube,@creator522_youtube,vendor_a,308206,vendor_a,1.1670733210904396,vendor_a,0.06778686252771618,vendor_a,0.12839931153184164,vendor_a,mid,47.4,youtube,40.7,youtube · mid,68.4,youtube
CR00523,instagram,@creator523_instagram,vendor_a,221420,vendor_a,0.5851368440068648,vendor_a,0.11755472444720359,vendor_a,0.03633916554508748,vendor_a,mid,46.0,instagram,64.4,instagram · mid,8.3,instagram
CR00523,tiktok,@creator523_tiktok,vendor_c,,,,,,,,,,,,,,,
CR00523,youtube,https://youtube.com/@creator523_youtube,vendor_b,33650.0,vendor_b,1.946924219910847,vendor_b,-0.11096433289299867,vendor_b,0.2348860257680872,vendor_b,micro,75.1,youtube,0.3,youtube · micro,89.9,youtube
CR00525,instagram,@creator525_instagram,vendor_b,179630.0,vendor_b,0.7124311083894672,vendor_b,-0.06578947368421052,vendor_b,,"n/a (likes hidden, vendor_b)",mid,57.4,instagram,4.1,instagram · mid,,
CR00525,tiktok,@creator525_tiktok,vendor_b,21710.0,vendor_b,,,0.09979736575481256,vendor_b,0.3015582034830431,vendor_b,micro,,,58.1,tiktok · micro,90.6,tiktok
CR00525,youtube,@creator525_youtube,vendor_a,9063,vendor_a,1.5927397109125014,vendor_a,0.10767538499144463,vendor_a,0.11924119241192412,vendor_b,nano,65.1,youtube,52.2,youtube · nano,63.7,youtube
CR00526,instagram,@creator526_instagram,vendor_c,52596,vendor_c,0.7717126777701726,vendor_c,,,,,micro,62.2,instagram,,,,
CR00526,tiktok,,,,,,,,,,,,,,,,,
CR00526,youtube,@creator526_youtube,vendor_a,18840,vendor_a,0.3125265392781316,vendor_a,0.06254582369860696,vendor_a,0.21323529411764705,vendor_a,micro,3.5,youtube,32.4,youtube · micro,88.5,youtube
CR00527,instagram,https://www.instagram.com/creator527_instagram/,vendor_b,66260.0,vendor_b,0.24898883187443405,vendor_b,0.07530022719896137,vendor_b,0.1279317697228145,vendor_b,micro,12.8,instagram,42.0,instagram · micro,44.6,instagram
CR00527,tiktok,@creator527_tiktok,vendor_a,166743,vendor_a,3.087134092585596,vendor_a,0.034957265487769305,vendor_a,0.11856352261790183,vendor_a,mid,51.1,tiktok,29.5,tiktok · mid,40.4,tiktok
CR00527,youtube,@creator527_youtube,vendor_a,117877,vendor_a,0.6865715958159777,vendor_a,0.13894122534952705,vendor_a,0.32231404958677684,vendor_a,mid,19.7,youtube,83.3,youtube · mid,96.3,youtube
CR00528,instagram,@creator528_instagram,vendor_a,34987,vendor_a,0.9970560493897733,vendor_a,0.10438762626262627,vendor_a,0.0721415607985481,vendor_a,micro,77.1,instagram,58.4,instagram · micro,23.9,instagram
CR00529,instagram,@creator529_instagram,vendor_a,125013,vendor_a,0.9870173501955797,vendor_a,0.09303850592802435,vendor_a,0.19145802650957292,vendor_a,mid,76.4,instagram,53.4,instagram · mid,68.0,instagram
CR00529,tiktok,,,,,,,,,,,,,,,,,
CR00529,youtube,,,,,,,,,,,,,,,,,
CR00530,instagram,,,,,,,,,,,,,,,,,
CR00530,tiktok,@creator530_tiktok,vendor_b,17950.0,vendor_b,2.4428969359331476,vendor_b,0.1039360393603936,vendor_b,0.0357981220657277,vendor_b,micro,38.7,tiktok,59.6,tiktok · micro,6.6,tiktok
CR00530,youtube,@creator530_youtube,vendor_b,21377,vendor_a,1.9199139261823455,vendor_a,0.1739799000494261,vendor_a,0.06233183856502242,vendor_a,micro,74.2,youtube,85.6,youtube · micro,35.1,youtube
CR00533,instagram,@creator533_instagram,vendor_a,211331,vendor_a,0.9214313091784925,vendor_a,0.09359669640454554,vendor_a,,"n/a (likes hidden, vendor_a)",mid,71.9,instagram,54.1,instagram · mid,,
CR00533,tiktok,@creator533_tiktok,vendor_b,135200.0,vendor_b,2.733957100591716,vendor_b,0.08760357171587162,vendor_b,0.0792809642560266,vendor_b,mid,43.6,tiktok,53.8,tiktok · mid,21.9,tiktok
CR00535,instagram,@creator535_instagram,vendor_a,151206,vendor_a,0.6491872015660755,vendor_a,0.12023529934729621,vendor_a,0.10494540783558125,vendor_a,mid,52.9,instagram,65.1,instagram · mid,37.1,instagram
CR00535,tiktok,@creator535_tiktok,vendor_b,190030.0,vendor_b,3.3442088091353996,vendor_b,0.08063690645436451,vendor_b,,,mid,56.6,tiktok,49.4,tiktok · mid,,
CR00535,youtube,@creator535_youtube,vendor_a,706370,vendor_a,1.4680748049888868,vendor_a,0.24685360850946653,vendor_a,0.038730729215927365,vendor_a,mid,60.6,youtube,98.8,youtube · mid,22.6,youtube
CR00538,tiktok,@creator538_tiktok,vendor_b,397210.0,vendor_b,1.6795448251554592,vendor_b,0.10293219303604154,vendor_b,0.2039036877049836,vendor_b,mid,19.0,tiktok,64.1,tiktok · mid,71.2,tiktok
CR00538,youtube,@creator538_youtube,vendor_a,45260,vendor_a,0.709191338930623,vendor_a,0.014320611371327402,vendor_a,0.4091580502215657,vendor_a,micro,20.8,youtube,14.4,youtube · micro,98.9,youtube
CR00539,instagram,https://www.instagram.com/creator539_instagram/,vendor_b,33720.0,vendor_b,0.48736654804270463,vendor_b,0.0687797147385103,vendor_b,,,micro,35.0,instagram,39.4,instagram · micro,,
CR00539,tiktok,,,,,,,,,,,,,,,,,
CR00540,instagram,@creator540_instagram,vendor_b,26650.0,vendor_b,2.467354596622889,vendor_b,-0.035119478638667635,vendor_b,0.08428874734607218,vendor_b,micro,98.0,instagram,5.1,instagram · micro,29.5,instagram
CR00540,tiktok,@creator540_tiktok,vendor_a,52995,vendor_a,0.9569393338994244,vendor_a,0.08953536184210527,vendor_a,0.12115232833464877,vendor_a,micro,4.5,tiktok,52.1,tiktok · micro,42.2,tiktok
CR00540,youtube,@creator540_youtube,vendor_a,62016,vendor_a,0.9712009803921569,vendor_a,-0.011571196327818686,vendor_a,0.039878397711015735,vendor_a,micro,36.2,youtube,9.2,youtube · micro,23.5,youtube
CR00541,instagram,@creator541_instagram,vendor_b,22920.0,vendor_b,,,0.07454289732770746,vendor_b,,,micro,,,41.6,instagram · micro,,
CR00541,tiktok,@creator541_tiktok,vendor_b,19200.0,vendor_b,10.171927083333333,vendor_b,0.24271844660194175,vendor_b,0.3415912031047865,vendor_b,micro,94.3,tiktok,98.9,tiktok · micro,94.5,tiktok
CR00542,instagram,https://www.instagram.com/creator542_instagram/,vendor_b,442622,vendor_a,1.38908820618948,vendor_a,-0.02369183193158683,vendor_a,0.1693749019432055,vendor_a,mid,88.3,instagram,8.2,instagram · mid,60.0,instagram
CR00542,tiktok,@creator542_tiktok,vendor_b,2066060.0,vendor_b,5.022444653107848,vendor_b,-0.004399597145321633,vendor_b,,,macro,74.6,tiktok,11.1,tiktok · macro,,
CR00542,youtube,@creator542_youtube,vendor_a,8054,vendor_a,0.8584554258753414,vendor_a,0.09787350054525627,vendor_a,0.002320185614849188,vendor_a,nano,29.4,youtube,45.6,youtube · nano,3.2,youtube
CR00544,instagram,@creator544_instagram,vendor_a,142867,vendor_a,0.3655217789972492,vendor_a,0.2117333740447656,vendor_a,0.09720534629404617,vendor_a,mid,23.5,instagram,96.6,instagram · mid,33.7,instagram
CR00546,instagram,@creator546_instagram,vendor_a,81652,vendor_a,1.3956792240239064,vendor_a,0.14472374490039114,vendor_a,0.045774647887323945,vendor_a,micro,88.5,instagram,77.7,instagram · micro,11.0,instagram
CR00546,tiktok,@creator546_tiktok,vendor_b,126970.0,vendor_b,1.4379617232417106,vendor_b,0.05605921982866173,vendor_b,0.05302201143135109,vendor_b,mid,14.3,tiktok,35.9,tiktok · mid,10.0,tiktok
CR00546,youtube,@creator546_youtube,vendor_a,56947,vendor_a,1.8453474283105344,vendor_a,0.149910142761949,vendor_a,0.03472953062513155,vendor_a,micro,72.0,youtube,80.4,youtube · micro,19.9,youtube
CR00550,instagram,@creator550_instagram,vendor_b,42490.0,vendor_b,0.8110143563191339,vendor_b,0.015778149653358834,vendor_b,,,micro,65.4,instagram,16.1,instagram · micro,,
CR00550,tiktok,,,,,,,,,,,,,,,,,
CR00550,youtube,@creator550_youtube,vendor_a,158334,vendor_a,1.6250205262293633,vendor_a,0.20050041701417848,vendor_a,0.038120567375886524,vendor_a,mid,66.4,youtube,94.4,youtube · mid,21.9,youtube
CR00551,instagram,@creator551_instagram,vendor_b,30140.0,vendor_b,,,0.2222222222222222,vendor_b,0.18518518518518517,vendor_b,micro,,,95.3,instagram · micro,65.4,instagram
CR00551,tiktok,@creator551_tiktok,vendor_a,56525,vendor_a,2.400548429898275,vendor_a,0.0768102413655154,vendor_a,0.03836869521026553,vendor_a,micro,37.0,tiktok,44.6,tiktok · micro,7.8,tiktok
CR00551,youtube,@creator551_youtube,vendor_a,497816,vendor_a,1.2480494801292044,vendor_a,-0.07415108446193504,vendor_a,0.1796632184441249,vendor_a,mid,51.2,youtube,3.1,youtube · mid,83.1,youtube
CR00552,instagram,,,,,,,,,,,,,,,,,
CR00552,tiktok,@creator552_tiktok,vendor_b,19580.0,vendor_b,,,0.045940170940170943,vendor_b,0.2887756526595002,vendor_b,micro,,,23.2,tiktok · micro,87.7,tiktok
CR00552,youtube,@creator552_youtube,vendor_a,726,vendor_a,1.2672176308539944,vendor_a,0.14511041009463724,vendor_a,0.15384615384615385,vendor_a,nano,51.7,youtube,71.1,youtube · nano,77.1,youtube
CR00553,instagram,@creator553_instagram,vendor_b,1336600.0,vendor_b,0.7021449947628311,vendor_b,0.07547473447055036,vendor_b,,,macro,56.1,instagram,42.9,instagram · macro,,
CR00553,tiktok,@creator553_tiktok,vendor_a,84069,vendor_a,5.498114643923444,vendor_a,0.1336623649824022,vendor_a,0.2933930571108623,vendor_a,micro,77.9,tiktok,74.5,tiktok · micro,88.6,tiktok
CR00553,youtube,@creator553_youtube,vendor_a,27188,vendor_a,1.903376489627777,vendor_a,-0.01649544204890754,vendor_a,0.2895972325179145,vendor_a,micro,73.5,youtube,7.8,youtube · micro,94.9,youtube
CR00557,instagram,@creator557_instagram,vendor_b,11490.0,vendor_b,0.3052219321148825,vendor_b,0.06388888888888888,vendor_b,,,micro,17.9,instagram,36.1,instagram · micro,,
CR00557,tiktok,@creator557_tiktok,vendor_b,77820.0,vendor_b,2.9182215368799795,vendor_b,0.12855408419685463,vendor_c,0.14317089910775566,vendor_b,micro,47.6,tiktok,73.0,tiktok · micro,50.2,tiktok
CR00557,youtube,@creator557_youtube,vendor_a,994844,vendor_a,1.7653109432232592,vendor_a,0.01599083320227209,vendor_a,0.1445479995747546,vendor_a,mid,70.4,youtube,20.4,youtube · mid,73.2,youtube
CR00559,instagram,@creator559_instagram,vendor_b,7170.0,vendor_b,0.7820083682008369,vendor_b,0.07496251874062969,vendor_b,0.1436950146627566,vendor_b,nano,63.9,instagram,33.9,instagram · nano,51.0,instagram
CR00559,tiktok,https://www.tiktok.com/@creator559_tiktok,vendor_b,11700.0,vendor_b,1.7071794871794872,vendor_b,0.04932735426008968,vendor_b,0.096,vendor_b,micro,19.8,tiktok,25.8,tiktok · micro,29.3,tiktok
CR00566,instagram,@creator566_instagram,vendor_b,9040.0,vendor_b,,,0.21668909825033647,vendor_b,0.4444444444444444,vendor_b,nano,,,96.8,instagram · nano,98.3,instagram
CR00566,tiktok,@creator566_tiktok,vendor_a,835804,vendor_a,4.234021373432049,vendor_a,0.061798188167828866,vendor_a,0.22366558898356084,vendor_a,mid,67.3,tiktok,39.7,tiktok · mid,76.3,tiktok
CR00566,youtube,@creator566_youtube,vendor_a,26006,vendor_a,1.3813350765208028,vendor_a,0.08620833681396708,vendor_a,0.07418397626112759,vendor_a,micro,57.3,youtube,44.4,youtube · micro,39.9,youtube
CR00568,youtube,@creator568_youtube,vendor_a,46577,vendor_a,0.8784378555939627,vendor_a,0.18973664716851005,vendor_a,0.08768536428110896,vendor_a,micro,30.6,youtube,90.2,youtube · micro,48.1,youtube
CR00569,instagram,@creator569_instagram,vendor_a,63741,vendor_a,0.4507930531369134,vendor_a,-0.03034866739686017,vendor_a,0.013395157135497167,vendor_a,micro,31.5,instagram,5.5,instagram · micro,3.4,instagram
CR00569,tiktok,@creator569_tiktok,vendor_b,21870.0,vendor_b,1.662368541380887,vendor_b,0.08751864743908504,vendor_b,0.1961367013372957,vendor_b,micro,18.8,tiktok,50.9,tiktok · micro,68.5,tiktok
CR00569,youtube,@creator569_youtube,vendor_a,76038,vendor_a,1.7896841053157633,vendor_a,0.0012245704127987359,vendor_a,0.1698766175142943,vendor_a,micro,70.8,youtube,11.4,youtube · micro,80.6,youtube
CR00570,instagram,,,,,,,,,,,,,,,,,
CR00570,tiktok,@creator570_tiktok,vendor_b,17550.0,vendor_b,9.695327635327635,vendor_b,0.07273838630806846,vendor_b,,,micro,93.3,tiktok,41.2,tiktok · micro,,
CR00570,youtube,@creator570_youtube,vendor_a,8788,vendor_a,1.1368912152935822,vendor_a,0.22310368823938762,vendor_a,0.0975609756097561,vendor_a,nano,45.0,youtube,90.0,youtube · nano,53.8,youtube
CR00571,tiktok,@creator571_tiktok,vendor_b,1630.0,vendor_b,,,,,0.056768558951965066,vendor_b,nano,,,,,11.2,tiktok
CR00571,youtube,@creator571_youtube,vendor_a,198680,vendor_a,0.5516106301590498,vendor_a,0.08555848782380164,vendor_a,0.1633267845448592,vendor_a,mid,12.6,youtube,52.5,youtube · mid,78.8,youtube
CR00573,tiktok,,,,,,,,,,,,,,,,,
CR00574,instagram,@creator574_instagram,vendor_a,6781,vendor_a,0.9237575578823183,vendor_a,0.05344104396457977,vendor_a,0.052941176470588235,vendor_a,nano,72.1,instagram,22.6,instagram · nano,14.4,instagram
CR00574,tiktok,@creator574_tiktok,vendor_b,102260.0,vendor_b,2.170193624095443,vendor_b,,,0.18280389665396019,vendor_b,mid,30.7,tiktok,,,64.2,tiktok
CR00574,youtube,@creator574_youtube,vendor_a,137467,vendor_a,2.1270195756072368,vendor_a,0.0866870617623576,vendor_a,0.030321406913280776,vendor_a,mid,77.3,youtube,54.3,youtube · mid,17.8,youtube
CR00576,instagram,@creator576_instagram,vendor_a,534563,vendor_a,2.2126709106316746,vendor_a,0.07876802863998418,vendor_a,0.10528758714762049,vendor_b,mid,97.2,instagram,46.6,instagram · mid,37.6,instagram
CR00576,tiktok,@creator576_tiktok,vendor_b,2143770.0,vendor_b,1.4348334942647765,vendor_b,,,0.09448868120619193,vendor_b,macro,13.9,tiktok,,,28.8,tiktok
CR00576,youtube,@creator576_youtube,vendor_a,218628,vendor_a,4.093231425069067,vendor_a,0.07436546352490234,vendor_a,0.02470529002239622,vendor_a,mid,96.5,youtube,44.4,youtube · mid,15.2,youtube
CR00577,instagram,@creator577_instagram,vendor_b,258390.0,vendor_b,0.5913657649289833,vendor_b,0.09515130965499703,vendor_b,,,mid,47.1,instagram,54.8,instagram · mid,,
CR00577,youtube,,,,,,,,,,,,,,,,,
CR00579,instagram,,,,,,,,,,,,,,,,,
CR00579,youtube,@creator579_youtube,vendor_a,8204,vendor_a,0.7325694783032667,vendor_a,0.06600831600831601,vendor_a,,,nano,22.7,youtube,25.6,youtube · nano,,
CR00581,instagram,,,,,,,,,,,,,,,,,
CR00581,tiktok,https://www.tiktok.com/@creator581_tiktok,vendor_b,250130.0,vendor_b,1.7920121536800864,vendor_b,-0.01747977060256108,vendor_b,,,mid,22.7,tiktok,10.3,tiktok · mid,,
CR00581,youtube,@creator581_youtube,vendor_a,83655,vendor_a,7.296061203753512,vendor_a,0.06617131641665498,vendor_a,0.11737003218126162,vendor_a,micro,99.7,youtube,34.3,youtube · micro,62.3,youtube
CR00582,tiktok,@creator582_tiktok,vendor_c,17013,vendor_c,5.9198847939810735,vendor_c,,,,,micro,81.6,tiktok,,,,
CR00584,instagram,@creator584_instagram,vendor_a,227796,vendor_a,0.6875888953273982,vendor_a,0.07967353284104159,vendor_a,0.13269736842105262,vendor_a,mid,55.3,instagram,47.9,instagram · mid,46.6,instagram
CR00584,tiktok,,,,,,,,,,,,,,,,,
CR00584,youtube,,,20505,vendor_a,1.452475006096074,vendor_a,0.1040219673719916,vendor_a,0.057803468208092484,vendor_a,micro,59.7,youtube,55.2,youtube · micro,31.0,youtube
CR00587,instagram,,,,,,,,,,,,,,,,,
CR00587,tiktok,@creator587_tiktok,vendor_b,276130.0,vendor_b,2.084797015898309,vendor_b,0.115541550519129,vendor_b,0.21021981627296588,vendor_b,mid,28.4,tiktok,72.4,tiktok · mid,73.1,tiktok
CR00587,youtube,@creator587_youtube,vendor_b,112010.0,vendor_b,0.6603517543076511,vendor_b,0.091502631066069,vendor_b,0.017955801104972375,vendor_b,mid,18.5,youtube,56.8,youtube · mid,12.2,youtube
CR00588,instagram,@creator588_instagram,vendor_b,7520.0,vendor_b,3.059308510638298,vendor_b,,,,,nano,99.1,instagram,,,,
CR00588,tiktok,@creator588_tiktok,vendor_b,37550.0,vendor_b,3.22878828229028,vendor_b,,,0.0647021140294683,vendor_b,micro,53.6,tiktok,,,15.3,tiktok
CR00588,youtube,@creator588_youtube,vendor_a,116836,vendor_a,0.3543770755589031,vendor_a,0.06856656819616057,vendor_a,0.11369509043927649,vendor_a,mid,4.8,youtube,41.4,youtube · mid,61.0,youtube
CR00589,tiktok,@creator589_tiktok,vendor_b,12220.0,vendor_b,7.3738952536824875,vendor_b,,,,,micro,88.5,tiktok,,,,
CR00589,youtube,@creator589_youtube,vendor_a,97668,vendor_a,1.7897366588852028,vendor_a,0.07135570352006845,vendor_a,0.072023752514127,vendor_a,micro,70.9,youtube,37.3,youtube · micro,38.8,youtube
CR00591,instagram,@creator591_instagram,vendor_b,75720.0,vendor_b,1.8876386687797146,vendor_b,0.01828940290478752,vendor_b,,,micro,94.8,instagram,16.4,instagram · micro,,
CR00591,tiktok,https://www.tiktok.com/@creator591_tiktok,vendor_b,71140.0,vendor_b,1.2397104301377566,vendor_b,0.13878661757643668,vendor_b,0.11774397972116603,vendor_b,micro,9.4,tiktok,77.5,tiktok · micro,39.5,tiktok
CR00592,tiktok,,,,,,,,,,,,,,,,,
CR00593,instagram,@creator593_instagram,vendor_c,52603,vendor_c,1.4699541851225215,vendor_c,0.13476141168349295,vendor_c,,,micro,90.5,instagram,74.5,instagram · micro,,
CR00593,tiktok,@creator593_tiktok,vendor_a,207729,vendor_a,11.956669506905632,vendor_a,-0.004275696118799162,vendor_a,0.04558368044430204,vendor_a,mid,96.3,tiktok,13.5,tiktok · mid,9.1,tiktok
CR00593,youtube,@creator593_youtube,vendor_a,7116,vendor_a,4.066891512085442,vendor_a,0.2565777856259933,vendor_a,0.0985576923076923,vendor_a,nano,96.2,youtube,97.8,youtube · nano,54.3,youtube
CR00594,instagram,@creator594_instagram,vendor_b,138030.0,vendor_b,1.4102151706150836,vendor_b,0.017695200176952003,vendor_b,0.1416314508899987,vendor_b,mid,88.8,instagram,15.8,instagram · mid,49.5,instagram
CR00595,instagram,@creator595_instagram,vendor_b,22760.0,vendor_b,0.6150702987697715,vendor_b,0.15240506329113923,vendor_b,,"n/a (likes hidden, vendor_b)",micro,49.0,instagram,80.7,instagram · micro,,
CR00598,tiktok,https://www.tiktok.com/@creator598_tiktok,vendor_b,75130.0,vendor_b,2.334659922800479,vendor_b,0.17134393514187715,vendor_b,0.1946522582432807,vendor_b,micro,34.4,tiktok,89.5,tiktok · micro,68.3,tiktok
CR00601,instagram,,,,,,,,,,,,,,,,,
CR00601,tiktok,@creator601_tiktok,vendor_a,20763,vendor_a,2.1460771564802776,vendor_a,0.0935952807331718,vendor_a,0.18780727630285152,vendor_a,micro,29.9,tiktok,53.9,tiktok · micro,65.8,tiktok
CR00601,youtube,@creator601_youtube,vendor_a,295437,vendor_a,2.70976214895223,vendor_a,0.03003245904268486,vendor_a,0.06824756728324713,vendor_a,mid,85.1,youtube,24.1,youtube · mid,37.7,youtube
CR00602,tiktok,@creator602_tiktok,vendor_b,2370.0,vendor_b,0.8371308016877637,vendor_b,,,0.11764705882352941,vendor_b,nano,3.1,tiktok,,,39.3,tiktok
CR00604,instagram,,,,,,,,,,,,,,,,,
CR00604,tiktok,@creator604_tiktok,vendor_b,27620.0,vendor_b,7.085409123823316,vendor_b,,,0.08857395925597875,vendor_b,micro,87.7,tiktok,,,25.3,tiktok
CR00605,instagram,@creator605_instagram,vendor_b,38730.0,vendor_b,0.8786728634133747,vendor_b,0.1252178965717606,vendor_b,0.05129274395329441,vendor_b,micro,69.5,instagram,69.0,instagram · micro,13.4,instagram
CR00605,tiktok,@creator605_tiktok,vendor_b,109030.0,vendor_b,2.711721544529029,vendor_b,0.03699828799695644,vendor_b,0.1834050297816016,vendor_b,mid,43.2,tiktok,30.8,tiktok · mid,64.4,tiktok
CR00605,youtube,@creator605_youtube,vendor_a,18449,vendor_a,0.7812889587511518,vendor_a,0.09030199160806099,vendor_a,0.13052415210688592,vendor_a,micro,24.6,youtube,47.4,youtube · micro,69.3,youtube
CR00609,instagram,@creator609_instagram,vendor_b,34690.0,vendor_b,0.10305563562986451,vendor_b,0.07666045934202359,vendor_b,0.18791946308724833,vendor_b,micro,1.5,instagram,42.7,instagram · micro,66.6,instagram
CR00609,tiktok,@creator609_tiktok,vendor_a,121638,vendor_a,,,-0.04480026385431472,vendor_a,0.26588525601480567,vendor_a,mid,,,5.8,tiktok · mid,84.5,tiktok
CR00609,youtube,@creator609_youtube,vendor_a,497461,vendor_a,1.8474051232156892,vendor_a,-0.016475086695374005,vendor_a,0.05788165680473373,vendor_a,mid,72.1,youtube,11.7,youtube · mid,31.6,youtube
CR00610,instagram,@creator610_instagram,vendor_a,789980.0,vendor_b,0.5768905541912454,vendor_b,0.15502595218948753,vendor_b,0.13936901291128698,vendor_a,mid,44.7,instagram,82.2,instagram · mid,48.5,instagram
CR00610,tiktok,@creator610_tiktok,vendor_a,121259,vendor_a,1.1715748934099737,vendor_a,0.08137585388909697,vendor_a,0.08506877737646969,vendor_a,mid,7.8,tiktok,50.0,tiktok · mid,23.5,tiktok
CR00610,youtube,@creator610_youtube,vendor_a,29722,vendor_a,0.920059215396003,vendor_a,0.18655435346720428,vendor_a,0.12589413447782546,vendor_a,micro,33.7,youtube,89.5,youtube · micro,67.2,youtube
CR00613,instagram,@creator613_instagram,vendor_c,17176,vendor_c,0.8336632510479739,vendor_c,0.11983309427565524,vendor_c,,,micro,66.9,instagram,65.7,instagram · micro,,
CR00613,tiktok,,,,,,,,,,,,,,,,,
CR00613,youtube,@creator613_youtube,vendor_a,44677,vendor_a,0.7433578798934575,vendor_a,0.16074305014289425,vendor_a,0.11000621504039776,vendor_a,micro,23.0,youtube,84.0,youtube · micro,59.6,youtube
CR00615,instagram,@creator615_instagram,vendor_a,10626,vendor_a,0.9868247694334651,vendor_a,0.03921760391198044,vendor_a,,"n/a (likes hidden, vendor_a)",micro,76.2,instagram,24.1,instagram · micro,,
CR00615,tiktok,,,71950.0,vendor_b,10.294218207088255,vendor_b,0.16745091676131754,vendor_b,0.1989704800924467,vendor_b,micro,94.9,tiktok,88.8,tiktok · micro,69.6,tiktok
CR00615,youtube,,,,,,,,,,,,,,,,,
CR00616,instagram,,,,,,,,,,,,,,,,,
CR00616,tiktok,https://www.tiktok.com/@creator616_tiktok,vendor_b,67380.0,vendor_b,2.0848026120510537,vendor_b,-0.06325594327818712,vendor_b,0.02404317958783121,vendor_b,micro,28.6,tiktok,2.6,tiktok · micro,3.7,tiktok
CR00616,youtube,@creator616_youtube,vendor_a,10112,vendor_a,3.4838805379746836,vendor_a,0.1458356940509915,vendor_a,0.11472081218274112,vendor_a,micro,93.1,youtube,78.1,youtube · micro,61.4,youtube
CR00618,instagram,@creator618_instagram,vendor_b,187490.0,vendor_b,0.31169662381993707,vendor_b,0.1427439507527275,vendor_b,0.11067903081064911,vendor_b,mid,18.4,instagram,75.3,instagram · mid,40.0,instagram
CR00618,tiktok,@creator618_tiktok,vendor_b,657310.0,vendor_b,0.7494500311877197,vendor_b,,,0.22391135434613696,vendor_b,mid,2.5,tiktok,,,76.5,tiktok
CR00618,youtube,@creator618_youtube,vendor_a,473822,vendor_a,1.0069329832721992,vendor_a,0.1860672357255501,vendor_a,0.06345411072282509,vendor_a,mid,37.5,youtube,92.0,youtube · mid,35.8,youtube
CR00620,instagram,@creator620_instagram,vendor_a,791855,vendor_a,2.107488113354086,vendor_a,0.1366432167151599,vendor_a,0.2135881627620222,vendor_a,mid,96.5,instagram,74.7,instagram · mid,74.1,instagram
CR00620,tiktok,@creator620_tiktok,vendor_b,33880.0,vendor_b,7.417916174734357,vendor_b,0.05808869456589631,vendor_b,,,micro,88.6,tiktok,33.3,tiktok · micro,,
CR00620,youtube,@creator620_youtube,vendor_a,5437,vendor_a,1.7531727055361412,vendor_a,0.23232094288304625,vendor_a,0.06481481481481481,vendor_a,nano,70.1,youtube,92.2,youtube · nano,36.3,youtube
CR00621,instagram,@creator621_instagram,vendor_a,3902,vendor_a,0.36058431573552024,vendor_a,0.16027356526910497,vendor_a,0.06172839506172839,vendor_a,nano,22.5,instagram,85.5,instagram · nano,19.0,instagram
CR00621,tiktok,@creator621_tiktok,vendor_c,14334,vendor_c,5.335286730849728,vendor_c,,,,,micro,77.3,tiktok,,,,
CR00621,youtube,@creator621_youtube,vendor_a,101592,vendor_a,2.7858788093550673,vendor_a,0.026264748666558913,vendor_a,0.18992123967471344,vendor_a,mid,85.5,youtube,22.2,youtube · mid,84.3,youtube
CR00622,instagram,https://www.instagram.com/creator622_instagram/,vendor_b,191990.0,vendor_b,1.2239439554143445,vendor_b,0.004236844858248771,vendor_b,0.1025089605734767,vendor_b,mid,84.4,instagram,11.6,instagram · mid,36.6,instagram
CR00622,tiktok,,,,,,,,,,,,,,,,,
CR00622,youtube,@creator622_youtube,vendor_c,84022,vendor_c,,,0.0748899805547027,vendor_c,0.10753380553766903,vendor_c,micro,,,38.2,youtube · micro,58.2,youtube
CR00623,youtube,@creator623_youtube,vendor_a,,,,,,,0.17982686253934943,vendor_a,,,,,,83.2,youtube
CR00624,tiktok,@creator624_tiktok,vendor_b,11930.0,vendor_b,4.592204526404023,vendor_b,0.06613047363717604,vendor_b,0.014112903225806451,vendor_b,micro,72.2,tiktok,36.7,tiktok · micro,1.4,tiktok
CR00625,instagram,@creator625_instagram,vendor_a,2071,vendor_a,0.21390632544664415,vendor_a,,,0.0,vendor_a,nano,9.1,instagram,,,0.9,instagram
CR00625,tiktok,@creator625_tiktok,vendor_b,101020.0,vendor_b,4.247465848346862,vendor_b,0.09732782967629806,vendor_b,,,mid,67.9,tiktok,62.2,tiktok · mid,,
CR00625,youtube,@creator625_youtube,vendor_a,38390,vendor_a,2.3717374316228184,vendor_a,0.007532215311130357,vendor_a,0.022913561847988078,vendor_a,micro,81.3,youtube,12.4,youtube · micro,14.1,youtube
CR00627,instagram,@creator627_instagram,vendor_b,46520.0,vendor_b,0.6176268271711092,vendor_b,0.05823475887170155,vendor_b,,,micro,49.7,instagram,33.9,instagram · micro,,
CR00627,tiktok,@creator627_tiktok,vendor_a,200582,vendor_a,19.151713513675205,vendor_a,0.020461945461945463,vendor_a,0.2825202746920483,vendor_a,mid,99.4,tiktok,20.5,tiktok · mid,86.5,tiktok
CR00627,youtube,@creator627_youtube,vendor_a,297270,vendor_a,1.7402765162983147,vendor_a,0.04476825102273207,vendor_a,0.00012097749818533752,vendor_a,mid,69.9,youtube,30.9,youtube · mid,1.6,youtube
CR00628,instagram,@creator628_instagram,vendor_a,3475,vendor_a,0.7159712230215828,vendor_a,0.12605314322747893,vendor_a,0.06190476190476191,vendor_a,nano,57.7,instagram,61.3,instagram · nano,19.3,instagram
CR00630,youtube,@creator630_youtube,vendor_a,542814,vendor_a,1.3262130306145383,vendor_a,0.005686018397576633,vendor_a,0.03823311061618411,vendor_a,mid,54.7,youtube,17.3,youtube · mid,22.0,youtube
CR00631,tiktok,@creator631_tiktok,vendor_b,3090.0,vendor_b,2.6954692556634305,vendor_b,,,0.09950248756218906,vendor_b,nano,42.5,tiktok,,,31.5,tiktok
CR00633,tiktok,@creator633_tiktok,vendor_b,605110.0,vendor_b,0.7896845201698864,vendor_b,0.07205371695840125,vendor_b,0.23977222655323188,vendor_b,mid,2.9,tiktok,43.6,tiktok · mid,78.5,tiktok
CR00634,tiktok,@creator634_tiktok,vendor_b,81040.0,vendor_b,2.0475937808489633,vendor_b,0.11548520302821748,vendor_b,0.0877959089864399,vendor_b,micro,28.0,tiktok,65.9,tiktok · micro,24.9,tiktok
CR00635,instagram,@creator635_instagram,vendor_b,651080.0,vendor_b,0.1960312096823739,vendor_b,-0.13712808958982176,vendor_b,0.15367538233843117,vendor_b,mid,7.8,instagram,0.7,instagram · mid,53.9,instagram
CR00635,youtube,@creator635_youtube,vendor_a,7233,vendor_a,2.478086547767178,vendor_a,0.07473997028231798,vendor_a,0.12338858195211787,vendor_a,nano,83.4,youtube,30.0,youtube · nano,66.0,youtube
CR00638,tiktok,@creator638_tiktok,vendor_b,15950.0,vendor_b,2.2847648902821316,vendor_b,0.0726294552790854,vendor_b,0.1409660107334526,vendor_b,micro,33.3,tiktok,40.4,tiktok · micro,49.3,tiktok
CR00639,tiktok,@creator639_tiktok,vendor_a,44511,vendor_a,1.4837006582642494,vendor_a,0.14424164524421593,vendor_a,0.06348814229249011,vendor_a,micro,15.9,tiktok,80.5,tiktok · micro,14.2,tiktok
CR00639,youtube,@creator639_youtube,vendor_a,41056,vendor_a,0.7144631722525331,vendor_a,0.08553449142011052,vendor_a,0.028379387602688575,vendor_a,micro,21.3,youtube,43.1,youtube · micro,17.3,youtube
CR00641,instagram,@creator641_instagram,vendor_c,18506,vendor_c,2.29828163838755,vendor_c,0.022148577740955536,vendor_c,,,micro,97.6,instagram,17.5,instagram · micro,,
CR00641,tiktok,https://www.tiktok.com/@creator641_tiktok,vendor_b,95130.0,vendor_b,2.784841795437822,vendor_b,0.2410958904109589,vendor_b,0.16712369013808637,vendor_b,micro,44.4,tiktok,98.5,tiktok · micro,58.7,tiktok
CR00641,youtube,@creator641_youtube,vendor_a,290801,vendor_a,1.7330167365311673,vendor_a,0.07039241452165623,vendor_a,0.2648323845667299,vendor_a,mid,69.6,youtube,42.6,youtube · mid,93.7,youtube
CR00648,instagram,@creator648_instagram,vendor_b,28420.0,vendor_b,0.29887403237156934,vendor_b,0.09856977193660611,vendor_b,0.23372781065088757,vendor_b,micro,17.1,instagram,56.6,instagram · micro,77.6,instagram
CR00648,tiktok,,,,,,,,,,,,,,,,,
CR00648,youtube,@creator648_youtube,vendor_a,22719,vendor_a,1.1478058013116774,vendor_a,0.05965485074626865,vendor_a,0.05557684936757378,vendor_a,micro,45.7,youtube,31.4,youtube · micro,30.2,youtube
CR00655,instagram,@creator655_instagram,vendor_b,133650.0,vendor_b,0.3290684624017957,vendor_b,0.04520215844216783,vendor_b,0.054297597042513863,vendor_b,mid,20.1,instagram,29.5,instagram · mid,15.4,instagram
CR00655,youtube,@creator655_youtube,vendor_b,29480.0,vendor_b,1.8296132971506105,vendor_b,,,0.14342105263157895,vendor_b,micro,71.6,youtube,,,72.8,youtube
CR00657,tiktok,@creator657_tiktok,vendor_b,462190.0,vendor_b,1.4460568164607628,vendor_b,0.09347496924387243,vendor_b,0.09061889561198723,vendor_b,mid,14.9,tiktok,59.0,tiktok · mid,26.7,tiktok
CR00661,tiktok,https://www.tiktok.com/@creator661_tiktok,vendor_b,7890.0,vendor_b,5.917363751584284,vendor_b,0.21947449768160743,vendor_b,0.08204873197414221,vendor_b,nano,81.2,tiktok,94.7,tiktok · nano,22.8,tiktok
CR00662,instagram,https://www.instagram.com/creator662_instagram/,vendor_b,43710.0,vendor_b,0.8331274307938686,vendor_b,0.1216320246343341,vendor_b,0.05865921787709497,vendor_b,micro,66.7,instagram,67.2,instagram · micro,17.6,instagram
CR00662,youtube,@creator662_youtube,vendor_a,98752,vendor_a,2.3117709008425145,vendor_a,0.18574018707299209,vendor_a,0.09047035943239934,vendor_a,micro,80.4,youtube,89.2,youtube · micro,49.4,youtube
CR00663,instagram,https://www.instagram.com/creator663_instagram/,vendor_b,329010.0,vendor_b,1.7028023464332391,vendor_b,0.04328386605783866,vendor_b,,,mid,92.9,instagram,27.4,instagram · mid,,
CR00663,tiktok,@creator663_tiktok,vendor_b,20680.0,vendor_b,0.3918762088974855,vendor_b,0.06433350488934637,vendor_b,0.23429951690821257,vendor_b,micro,0.6,tiktok,35.2,tiktok · micro,77.9,tiktok
CR00663,youtube,@creator663_youtube,vendor_a,718260,vendor_a,1.2820496756049342,vendor_a,0.12976061834362804,vendor_a,0.22262107839501594,vendor_a,mid,52.4,youtube,79.0,youtube · mid,89.4,youtube
CR00665,instagram,@creator665_instagram,vendor_b,23570.0,vendor_b,0.23865082732286805,vendor_b,0.16165598817151305,vendor_b,0.08068459657701711,vendor_b,micro,11.5,instagram,83.6,instagram · micro,27.1,instagram
CR00665,tiktok,,,,,,,,,,,,,,,,,
CR00665,youtube,@creator665_youtube,vendor_a,11232,vendor_a,1.013621794871795,vendor_a,0.09816190848650763,vendor_a,0.055636896046852125,vendor_a,micro,37.9,youtube,52.3,youtube · micro,30.3,youtube
CR00668,youtube,@creator668_youtube,vendor_a,124303,vendor_a,1.6568465765106233,vendor_a,0.060008868725802876,vendor_a,0.26081460674157303,vendor_a,mid,67.5,youtube,37.7,youtube · mid,93.1,youtube
CR00669,instagram,@creator669_instagram,vendor_a,21215,vendor_a,0.576431769974075,vendor_a,0.1809073197884776,vendor_a,,,micro,44.5,instagram,88.7,instagram · micro,,
CR00669,tiktok,https://www.tiktok.com/@creator669_tiktok,vendor_b,44510.0,vendor_b,0.8824309144012581,vendor_b,0.056491811061001665,vendor_b,0.1055753262158956,vendor_b,micro,3.7,tiktok,32.2,tiktok · micro,33.8,tiktok
CR00670,instagram,@creator670_instagram,vendor_b,5010.0,vendor_b,1.1137724550898203,vendor_b,,,0.07947019867549669,vendor_b,nano,81.6,instagram,,,26.1,instagram
CR00670,tiktok,@creator670_tiktok,vendor_b,270480.0,vendor_b,5.928290446613428,vendor_b,0.11249125981984946,vendor_b,0.145181171689807,vendor_b,mid,81.8,tiktok,71.2,tiktok · mid,51.6,tiktok
CR00670,youtube,@creator670_youtube,vendor_a,58581,vendor_a,1.0403543811133302,vendor_a,0.07733191113726644,vendor_a,0.10967130214917825,vendor_a,micro,39.8,youtube,40.2,youtube · micro,59.3,youtube
CR00673,instagram,@creator673_instagram,vendor_a,8098,vendor_a,0.7419115831069399,vendor_a,-0.01532101167315175,vendor_a,0.08906882591093117,vendor_a,nano,59.6,instagram,6.5,instagram · nano,31.0,instagram
CR00673,tiktok,@creator673_tiktok,vendor_b,407880.0,vendor_b,1.8152446798077866,vendor_b,0.03538609940600091,vendor_b,0.3054479845097694,vendor_b,mid,22.9,tiktok,30.1,tiktok · mid,91.1,tiktok
CR00673,youtube,@creator673_youtube,vendor_a,82408,vendor_a,1.1528735074264636,vendor_a,-0.0010303904573721408,vendor_a,0.09001475651746188,vendor_b,micro,46.2,youtube,10.8,youtube · micro,49.2,youtube
CR00674,instagram,@creator674_instagram,vendor_b,100250.0,vendor_b,0.9661945137157107,vendor_b,,,0.08324059648341865,vendor_b,mid,75.0,instagram,,,29.3,instagram
CR00674,tiktok,@creator674_tiktok,vendor_b,15360.0,vendor_b,3.140755208333333,vendor_b,,,,,micro,52.3,tiktok,,,,
CR00674,youtube,@creator674_youtube,vendor_a,58905,vendor_a,1.856599609540786,vendor_a,0.05211924196688517,vendor_a,0.03956796064592022,vendor_a,micro,72.5,youtube,27.1,youtube · micro,23.1,youtube
CR00676,instagram,@creator676_instagram,vendor_b,195960.0,vendor_b,1.5162329046744234,vendor_b,0.1829047446577327,vendor_b,0.10938010676544285,vendor_b,mid,91.1,instagram,92.5,instagram · mid,39.8,instagram
CR00676,tiktok,@creator676_tiktok,vendor_a,632632,vendor_a,1.620169387574451,vendor_a,0.12269518397711422,vendor_a,0.045126518680917146,vendor_a,mid,18.0,tiktok,76.3,tiktok · mid,8.7,tiktok
CR00676,youtube,@creator676_youtube,vendor_a,,,,,,,,,,,,,,,
CR00680,tiktok,@creator680_tiktok,vendor_b,75120.0,vendor_b,2.98582268370607,vendor_b,0.17872273654479837,vendor_b,0.1723123201674078,vendor_b,micro,48.9,tiktok,90.6,tiktok · micro,60.7,tiktok
CR00681,instagram,@creator681_instagram,vendor_b,2418250.0,vendor_b,1.3853625555670424,vendor_b,0.020496438337665845,vendor_b,,,macro,88.1,instagram,14.3,instagram · macro,,
CR00681,tiktok,@creator681_tiktok,vendor_b,39580.0,vendor_b,4.234613441131885,vendor_b,-0.08885819521178637,vendor_b,0.12249027237354086,vendor_b,micro,67.5,tiktok,1.5,tiktok · micro,42.7,tiktok
CR00681,youtube,@creator681_youtube,vendor_a,272556,vendor_a,1.4451305419803637,vendor_a,0.06141300538191334,vendor_a,0.16833569016767194,vendor_a,mid,59.0,youtube,38.3,youtube · mid,80.2,youtube
CR00682,instagram,@creator682_instagram,vendor_b,109650.0,vendor_b,4.368736890104879,vendor_b,0.10234241479843169,vendor_b,,,mid,99.8,instagram,56.2,instagram · mid,,
CR00682,youtube,@creator682_youtube,vendor_a,29019,vendor_a,1.1621351528309039,vendor_a,0.05076583263931636,vendor_a,0.10916289592760181,vendor_a,micro,46.9,youtube,26.5,youtube · micro,58.9,youtube
CR00684,instagram,@creator684_instagram,vendor_a,101740,vendor_a,0.7739138981718104,vendor_a,0.06965252588971245,vendor_a,0.1688247011952191,vendor_a,mid,62.6,instagram,38.4,instagram · mid,59.3,instagram
CR00684,tiktok,@creator684_tiktok,vendor_a,199535,vendor_a,4.474182474252637,vendor_a,0.029555176025633748,vendor_a,0.2982426447772982,vendor_a,mid,70.6,tiktok,27.6,tiktok · mid,90.0,tiktok
CR00684,youtube,@creator684_youtube,vendor_a,11552,vendor_a,1.422351108033241,vendor_a,0.1764945513799776,vendor_a,0.10355029585798817,vendor_a,micro,58.3,youtube,86.6,youtube · micro,56.1,youtube
CR00685,instagram,https://www.instagram.com/creator685_instagram/,vendor_b,570300.0,vendor_b,0.7224776433456076,vendor_b,0.1222622350788122,vendor_b,0.1572083186464575,vendor_b,mid,58.1,instagram,66.4,instagram · mid,55.4,instagram
CR00685,tiktok,@creator685_tiktok,vendor_a,73661,vendor_a,0.9292026988501378,vendor_a,-0.022726669673892853,vendor_a,0.04373490743225114,vendor_a,micro,4.3,tiktok,6.7,tiktok · micro,8.4,tiktok
CR00685,youtube,@creator685_youtube,vendor_a,265652,vendor_a,0.8961460858566846,vendor_a,0.10840276879555724,vendor_a,0.09488427143608627,vendor_a,mid,32.4,youtube,64.2,youtube · mid,52.2,youtube
CR00686,instagram,@creator686_instagram,vendor_a,186517,vendor_a,1.1732067318260533,vendor_a,0.1658842723107408,vendor_a,0.34718381112984825,vendor_a,mid,82.7,instagram,87.0,instagram · mid,95.6,instagram
CR00686,tiktok,https://www.tiktok.com/@creator686_tiktok,vendor_b,105990.0,vendor_b,2.756892159637702,vendor_b,0.13943238013330467,vendor_b,,,mid,44.0,tiktok,81.4,tiktok · mid,,
CR00686,youtube,,,,,,,,,,,,,,,,,
CR00687,instagram,@creator687_instagram,vendor_a,124040,vendor_b,0.5201064172847468,vendor_b,0.1755117513267627,vendor_b,0.15372589890568003,vendor_a,mid,39.9,instagram,90.4,instagram · mid,54.1,instagram
CR00687,tiktok,@creator687_tiktok,vendor_a,11841,vendor_a,5.837513723503083,vendor_a,0.04945493219888328,vendor_a,0.2781954887218045,vendor_a,micro,80.4,tiktok,26.2,tiktok · micro,85.8,tiktok
CR00687,youtube,@creator687_youtube,vendor_a,53303,vendor_a,1.227998424103709,vendor_a,0.09839680184635674,vendor_a,0.017639902676399026,vendor_a,micro,50.5,youtube,52.6,youtube · micro,11.8,youtube
CR00688,instagram,@creator688_instagram,vendor_a,18117,vendor_a,1.346194182259756,vendor_a,0.06314183439938971,vendor_a,,"n/a (likes hidden, vendor_a)",micro,87.5,instagram,35.4,instagram · micro,,
CR00688,tiktok,@creator688_tiktok,vendor_b,422550.0,vendor_b,3.000257957638149,vendor_b,0.0805523590333717,vendor_b,0.119336990994745,vendor_b,mid,49.5,tiktok,48.7,tiktok · mid,41.3,tiktok
CR00688,youtube,@creator688_youtube,vendor_a,46781,vendor_a,3.8745430837305745,vendor_a,0.36858580539465213,vendor_a,0.061549939382635456,vendor_a,micro,94.8,youtube,100.0,youtube · micro,34.7,youtube
CR00689,instagram,,,,,,,,,,,,,,,,,
CR00689,tiktok,@creator689_tiktok,vendor_c,49093,vendor_c,3.5842788177540585,vendor_c,,,,,micro,59.3,tiktok,,,,
CR00689,youtube,@creator689_youtube,vendor_a,420846,vendor_a,1.8693536352965219,vendor_a,0.24952791534542346,vendor_a,0.04169744175115826,vendor_b,mid,72.8,youtube,100.0,youtube · mid,24.5,youtube
CR00690,instagram,@creator690_instagram,vendor_a,8223,vendor_a,0.5850662775142892,vendor_a,0.2939417781274587,vendor_a,,"n/a (likes hidden, vendor_a)",nano,45.8,instagram,100.0,instagram · nano,,
CR00690,tiktok,https://www.tiktok.com/@creator690_tiktok,vendor_b,4470.0,vendor_b,5.2145413870246085,vendor_b,0.1175,vendor_b,0.09034907597535935,vendor_b,nano,76.1,tiktok,50.9,tiktok · nano,26.5,tiktok
CR00690,youtube,@creator690_youtube,vendor_a,5634,vendor_a,0.8074192403265885,vendor_a,,,0.10714285714285714,vendor_a,nano,27.3,youtube,,,57.8,youtube
CR00691,instagram,@creator691_instagram,vendor_b,19050.0,vendor_b,0.4647244094488189,vendor_b,0.21106166560712014,vendor_b,,"n/a (likes hidden, vendor_b)",micro,32.6,instagram,93.4,instagram · micro,,
CR00692,instagram,@creator692_instagram,vendor_a,,,,,,,0.306136210384356,vendor_a,,,,,,91.0,instagram
CR00692,tiktok,@creator692_tiktok,vendor_b,88150.0,vendor_b,1.5833238797504254,vendor_b,0.008119853613906679,vendor_b,0.16382898221717745,vendor_b,micro,16.6,tiktok,12.0,tiktok · micro,57.5,tiktok
CR00692,youtube,@creator692_youtube,vendor_a,13351,vendor_a,0.9345367388210621,vendor_a,0.05333333333333334,vendor_a,0.09415584415584416,vendor_a,micro,35.1,youtube,27.8,youtube · micro,51.7,youtube
CR00694,instagram,,,21130.0,vendor_b,1.1993374349266446,vendor_b,0.12095490716180371,vendor_b,0.06587712805329386,vendor_b,micro,83.2,instagram,66.4,instagram · micro,21.2,instagram
CR00694,tiktok,@creator694_tiktok,vendor_b,11380.0,vendor_b,5.963444639718805,vendor_b,0.16122448979591836,vendor_b,0.2202696196437169,vendor_b,micro,82.0,tiktok,86.9,tiktok · micro,75.3,tiktok
CR00694,youtube,@creator694_youtube,vendor_a,2279,vendor_a,3.488372093023256,vendor_a,0.24263904034896402,vendor_a,0.09611451942740286,vendor_a,nano,93.3,youtube,93.3,youtube · nano,52.9,youtube
CR00696,instagram,https://www.instagram.com/creator696_instagram/,vendor_b,35230.0,vendor_b,0.8739710474027818,vendor_b,0.12412252712188895,vendor_b,0.26348547717842324,vendor_b,micro,68.9,instagram,68.2,instagram · micro,84.4,instagram
CR00696,tiktok,@creator696_tiktok,vendor_b,50241,vendor_a,6.2582154017635,vendor_a,0.12115058466482193,vendor_a,0.1066923875945986,vendor_a,micro,84.0,tiktok,70.0,tiktok · micro,34.5,tiktok
CR00696,youtube,@creator696_youtube,vendor_b,165190.0,vendor_b,0.49066529450935287,vendor_b,0.12213844168195095,vendor_b,0.12831858407079647,vendor_b,mid,9.2,youtube,71.6,youtube · mid,68.3,youtube
CR00697,instagram,@creator697_instagram,vendor_b,37500.0,vendor_b,0.16522666666666666,vendor_b,0.13395827033565164,vendor_b,0.1486146095717884,vendor_b,micro,5.6,instagram,74.1,instagram · micro,52.7,instagram
CR00697,tiktok,@creator697_tiktok,vendor_a,156440.0,vendor_b,1.4745845052416262,vendor_b,0.05860062254702937,vendor_b,0.09890859481582538,vendor_a,mid,15.7,tiktok,36.5,tiktok · mid,30.8,tiktok
CR00697,youtube,@creator697_youtube,vendor_a,213218,vendor_a,0.3021649204100967,vendor_a,0.002727640402938327,vendor_a,0.017050298380221655,vendor_a,mid,1.9,youtube,15.4,youtube · mid,11.1,youtube
CR00698,instagram,@creator698_instagram,vendor_b,8300.0,vendor_b,0.5527710843373494,vendor_b,0.1111111111111111,vendor_b,0.1693548387096774,vendor_b,nano,43.0,instagram,49.2,instagram · nano,59.8,instagram
CR00698,tiktok,@creator698_tiktok,vendor_a,189697,vendor_a,1.112637521942888,vendor_a,0.06281760372020058,vendor_a,0.09665653495440729,vendor_a,mid,7.6,tiktok,40.4,tiktok · mid,30.1,tiktok
CR00699,tiktok,@creator699_tiktok,vendor_a,29106,vendor_a,16.747371675943103,vendor_a,0.024173968119919773,vendor_a,0.2030350978135788,vendor_a,micro,98.8,tiktok,16.9,tiktok · micro,71.0,tiktok
CR00701,instagram,@creator701_instagram,vendor_b,95820.0,vendor_b,0.5806303485702359,vendor_b,0.030987734021949646,vendor_b,0.05896061524120252,vendor_b,micro,45.3,instagram,21.2,instagram · micro,17.8,instagram
CR00701,tiktok,@creator701_tiktok,vendor_b,62820.0,vendor_b,0.6806590257879657,vendor_b,0.18327368619325674,vendor_b,0.06164931945556445,vendor_b,micro,2.0,tiktok,91.8,tiktok · micro,13.7,tiktok
CR00701,youtube,@creator701_youtube,vendor_a,114792,vendor_a,1.2933131228657049,vendor_a,0.0847957361154424,vendor_a,0.2644009832211179,vendor_a,mid,52.9,youtube,51.9,youtube · mid,93.5,youtube
CR00702,instagram,@creator702_instagram,vendor_b,23130.0,vendor_b,1.2098140942498918,vendor_b,0.0848968105065666,vendor_b,0.265625,vendor_b,micro,83.8,instagram,50.0,instagram · micro,85.4,instagram
CR00702,tiktok,@creator702_tiktok,vendor_a,2014,vendor_a,4.385799404170804,vendor_a,0.05500261917234154,vendor_a,0.10471204188481675,vendor_a,nano,69.7,tiktok,14.0,tiktok · nano,33.3,tiktok
CR00702,youtube,@creator702_youtube,vendor_b,8020.0,vendor_b,0.971571072319202,vendor_b,,,0.03665987780040733,vendor_b,nano,36.5,youtube,,,21.0,youtube
CR00703,instagram,@creator703_instagram,vendor_b,499050.0,vendor_b,0.5769341749323715,vendor_b,0.21642373129235118,vendor_b,0.043772424397744744,vendor_b,mid,44.9,instagram,97.9,instagram · mid,10.0,instagram
CR00703,tiktok,@creator703_tiktok,vendor_a,11655,vendor_a,4.898670098670099,vendor_a,0.007869249394673124,vendor_a,0.09447033631439727,vendor_b,micro,74.2,tiktok,11.6,tiktok · micro,28.5,tiktok
CR00703,youtube,@creator703_youtube,vendor_a,156339,vendor_a,0.511427091128893,vendor_a,0.12501619101075084,vendor_a,0.07615750757247945,vendor_a,mid,10.9,youtube,77.2,youtube · mid,41.6,youtube
CR00704,youtube,@creator704_youtube,vendor_a,23106,vendor_a,0.3052886696096252,vendor_a,0.1502389486260454,vendor_a,0.1664050235478807,vendor_a,micro,2.6,youtube,81.0,youtube · micro,79.5,youtube
CR00707,instagram,@creator707_instagram,vendor_b,22130.0,vendor_b,0.47410754631721647,vendor_b,0.049312470365101946,vendor_b,,,micro,33.3,instagram,30.3,instagram · micro,,
CR00707,tiktok,@creator707_tiktok,vendor_b,30160.0,vendor_b,2.0879641909814324,vendor_b,0.06685532366466218,vendor_b,0.06362098138747885,vendor_b,micro,29.0,tiktok,37.5,tiktok · micro,14.4,tiktok
CR00707,youtube,@creator707_youtube,vendor_a,419115,vendor_c,1.698063777244909,vendor_c,0.0034380469212002517,vendor_c,0.10636020608083593,vendor_a,mid,68.3,youtube,16.0,youtube · mid,57.3,youtube
CR00709,instagram,@creator709_instagram,vendor_c,4488,vendor_c,,,,,,,nano,,,,,,
CR00709,tiktok,,,,,,,,,,,,,,,,,
CR00709,youtube,@creator709_youtube,vendor_c,830956,vendor_c,0.8927933608999754,vendor_c,0.08883161264369473,vendor_c,0.16613857938718662,vendor_c,mid,32.0,youtube,55.6,youtube · mid,79.4,youtube
CR00711,youtube,@creator711_youtube,vendor_a,29518,vendor_a,7.444135781557016,vendor_a,0.19375581348323695,vendor_a,0.09083374772086855,vendor_c,micro,99.8,youtube,91.2,youtube · micro,49.6,youtube
CR00718,youtube,@creator718_youtube,vendor_a,118156,vendor_a,0.4467822201157791,vendor_a,0.12371134020618557,vendor_a,0.19769357495881384,vendor_a,mid,8.3,youtube,74.1,youtube · mid,85.5,youtube
CR00721,instagram,@creator721_instagram,vendor_b,76810.0,vendor_b,1.159966150240854,vendor_b,0.10645347162201095,vendor_b,0.1260851591566763,vendor_b,micro,82.5,instagram,58.8,instagram · micro,44.1,instagram
CR00721,tiktok,@creator721_tiktok,vendor_b,76450.0,vendor_b,4.0633335133092165,vendor_c,-0.002947391087843021,vendor_c,,,micro,64.8,tiktok,9.0,tiktok · micro,,
CR00721,youtube,@creator721_youtube,vendor_a,740459,vendor_a,1.1757423436003884,vendor_a,0.0777570931405441,vendor_a,0.05840711013124806,vendor_a,mid,47.9,youtube,47.5,youtube · mid,32.3,youtube
CR00722,instagram,@creator722_instagram,vendor_a,87218,vendor_a,0.23090417115732992,vendor_a,0.15203148940666772,vendor_a,0.11895161290322581,vendor_a,micro,11.0,instagram,80.3,instagram · micro,42.2,instagram
CR00722,tiktok,@creator722_tiktok,vendor_b,,,,,,,0.2012534818941504,vendor_b,,,,,,70.3,tiktok
CR00722,youtube,@creator722_youtube,vendor_a,172345,vendor_a,1.3852215033798485,vendor_a,0.2168764871601155,vendor_a,0.03174758708539513,vendor_a,mid,57.4,youtube,95.7,youtube · mid,18.7,youtube
CR00724,instagram,@creator724_instagram,vendor_a,69760.0,vendor_b,1.2380017201834863,vendor_b,0.07787391841779975,vendor_b,,"n/a (likes hidden, vendor_a)",micro,84.7,instagram,43.1,instagram · micro,,
CR00724,tiktok,@creator724_tiktok,vendor_b,75000.0,vendor_b,2.7725733333333333,vendor_b,-0.05171323808319636,vendor_b,0.18220362015546013,vendor_b,micro,44.2,tiktok,3.7,tiktok · micro,63.5,tiktok
CR00724,youtube,,,,,,,,,,,,,,,,,
CR00725,instagram,https://www.instagram.com/creator725_instagram/,vendor_b,304960.0,vendor_b,0.335778462749213,vendor_b,0.009734454671876034,vendor_b,0.269417202119265,vendor_b,mid,20.7,instagram,13.7,instagram · mid,86.3,instagram
CR00725,tiktok,@creator725_tiktok,vendor_a,11843,vendor_a,0.644093557375665,vendor_a,-0.10341433870845636,vendor_a,0.0958904109589041,vendor_a,micro,1.6,tiktok,1.1,tiktok · micro,29.0,tiktok
CR00725,youtube,@creator725_youtube,vendor_a,16158,vendor_a,1.3065973511573215,vendor_a,0.1232533889468196,vendor_a,0.039647577092511016,vendor_a,micro,53.8,youtube,66.7,youtube · micro,23.3,youtube
CR00726,instagram,@creator726_instagram,vendor_c,92645,vendor_c,0.5845431485779049,vendor_c,,,,,micro,45.6,instagram,,,,
CR00726,tiktok,@creator726_tiktok,vendor_b,55540.0,vendor_b,5.22596326971552,vendor_b,0.04931040997543926,vendor_b,0.27268119614799796,vendor_b,micro,76.3,tiktok,25.5,tiktok · micro,85.2,tiktok
CR00726,youtube,https://youtube.com/@creator726_youtube,vendor_b,37640.0,vendor_b,1.5942614240170032,vendor_b,0.02310410437618918,vendor_b,0.027981058975462762,vendor_b,micro,65.6,youtube,17.6,youtube · micro,17.1,youtube
CR00727,instagram,@creator727_instagram,vendor_a,25394,vendor_a,2.0070095298101913,vendor_a,0.20140038794530918,vendor_a,0.314247311827957,vendor_a,micro,95.7,instagram,92.0,instagram · micro,92.0,instagram
CR00727,tiktok,@creator727_tiktok,vendor_b,129190.0,vendor_b,3.1732022602368604,vendor_b,0.08883270122208176,vendor_b,,,mid,52.8,tiktok,56.4,tiktok · mid,,
CR00727,youtube,@creator727_youtube,vendor_a,30955,vendor_a,1.1167501211435955,vendor_a,0.15232848155455458,vendor_a,0.23764320785597381,vendor_a,micro,44.1,youtube,82.0,youtube · micro,90.5,youtube
CR00728,instagram,@creator728_instagram,vendor_b,118010.0,vendor_b,0.3093975086857046,vendor_b,0.0737943585077343,vendor_b,0.12513631406761178,vendor_b,mid,18.2,instagram,41.8,instagram · mid,43.9,instagram
CR00728,tiktok,,,56790.0,vendor_b,1.861049480542349,vendor_b,0.13421210305572198,vendor_b,0.1106367180248747,vendor_b,micro,23.9,tiktok,74.9,tiktok · micro,36.8,tiktok
CR00728,youtube,@creator728_youtube,vendor_a,154580,vendor_a,0.5705330573165999,vendor_a,0.16898830860444364,vendor_a,0.1045336413514294,vendor_b,mid,13.3,youtube,89.5,youtube · mid,57.0,youtube
CR00729,instagram,,,,,,,,,,,,,,,,,
CR00729,tiktok,@creator729_tiktok,vendor_a,413239,vendor_a,6.314907353855759,vendor_a,0.025582543909503114,vendor_a,0.12101893809849522,vendor_a,mid,84.5,tiktok,24.4,tiktok · mid,42.0,tiktok
CR00729,youtube,@creator729_youtube,vendor_b,194640.0,vendor_b,0.623314837648993,vendor_b,0.035759897828863345,vendor_b,0.06045930323386971,vendor_b,mid,16.1,youtube,27.8,youtube · mid,33.9,youtube
CR00730,instagram,@creator730_instagram,vendor_a,4332,vendor_a,0.6191135734072022,vendor_a,0.034383954154727794,vendor_a,0.2138364779874214,vendor_a,nano,49.9,instagram,14.5,instagram · nano,74.4,instagram
CR00730,tiktok,,,,,,,,,,,,,,,,,
CR00730,youtube,@creator730_youtube,vendor_a,96352,vendor_a,0.5418984556625706,vendor_a,0.1399635597832517,vendor_a,0.07548291233283803,vendor_a,micro,12.3,youtube,76.8,youtube · micro,41.1,youtube
CR00731,tiktok,@creator731_tiktok,vendor_a,68267,vendor_a,3.6180145604757787,vendor_a,0.1913129973474801,vendor_a,0.18041931140603962,vendor_a,micro,59.7,tiktok,92.9,tiktok · micro,63.2,tiktok
CR00731,youtube,@creator731_youtube,vendor_c,69419,vendor_c,1.6272490240424091,vendor_c,-0.06377784970599341,vendor_c,,,micro,66.6,youtube,1.6,youtube · micro,,
CR00732,tiktok,@creator732_tiktok,vendor_b,59630.0,vendor_b,4.02917994298172,vendor_b,0.11146318732525629,vendor_b,,,micro,63.8,tiktok,64.0,tiktok · micro,,
CR00733,instagram,,,,,,,,,,,,,,,,,
CR00733,tiktok,@creator733_tiktok,vendor_a,67503,vendor_a,3.434839933040013,vendor_a,0.14435139350376347,vendor_a,,,micro,57.3,tiktok,81.3,tiktok · micro,,
CR00733,youtube,@creator733_youtube,vendor_a,8257,vendor_a,1.4996972265956159,vendor_a,0.08830894951891394,vendor_a,0.09294320137693632,vendor_a,nano,61.2,youtube,40.0,youtube · nano,51.3,youtube
CR00734,instagram,@creator734_instagram,vendor_b,9850.0,vendor_b,0.20263959390862943,vendor_b,0.05800214822771214,vendor_b,,,nano,8.2,instagram,25.8,instagram · nano,,
CR00734,youtube,@creator734_youtube,vendor_a,101478,vendor_a,2.8013855219850607,vendor_a,0.09036403489921348,vendor_a,0.42727000299670365,vendor_a,mid,86.0,youtube,56.2,youtube · mid,99.5,youtube
CR00735,instagram,https://www.instagram.com/creator735_instagram/,vendor_b,2840.0,vendor_b,1.0658450704225353,vendor_b,,,0.05238095238095238,vendor_b,nano,80.1,instagram,,,14.1,instagram
CR00735,youtube,@creator735_youtube,vendor_a,2942,vendor_a,0.8239292997960571,vendor_a,0.07607900512070227,vendor_a,0.31666666666666665,vendor_a,nano,28.0,youtube,32.2,youtube · nano,95.9,youtube
CR00739,instagram,@creator739_instagram,vendor_b,1696830.0,vendor_b,,,0.11223780807551127,vendor_b,,,macro,,,71.4,instagram · macro,,
CR00739,tiktok,,,,,,,,,,,,,,,,,
CR00739,youtube,@creator739_youtube,vendor_a,18362,vendor_a,1.5422067312928875,vendor_a,0.17886492039034413,vendor_a,0.17386162034299232,vendor_a,micro,63.3,youtube,86.9,youtube · micro,81.7,youtube
CR00741,instagram,@creator741_instagram,vendor_b,22790.0,vendor_b,0.9870996050899518,vendor_b,0.26611111111111113,vendor_b,0.06861499364675985,vendor_b,micro,76.5,instagram,98.9,instagram · micro,21.7,instagram
CR00741,youtube,@creator741_youtube,vendor_a,320864,vendor_a,0.3493380372992919,vendor_a,-0.01850939846749155,vendor_a,0.23750941501380868,vendor_a,mid,4.7,youtube,11.1,youtube · mid,90.3,youtube
CR00745,instagram,@creator745_instagram,vendor_a,19844,vendor_a,0.6274944567627494,vendor_a,0.12634805312748326,vendor_a,0.33473242392444913,vendor_a,micro,51.0,instagram,70.1,instagram · micro,94.1,instagram
CR00745,tiktok,@creator745_tiktok,vendor_a,31310,vendor_a,1.6406898754391568,vendor_a,0.07273786274711344,vendor_a,0.0686055182699478,vendor_a,micro,18.4,tiktok,40.8,tiktok · micro,16.7,tiktok
CR00745,youtube,@creator745_youtube,vendor_a,287770,vendor_a,0.2285471035896723,vendor_a,0.10382735843990457,vendor_a,0.02384341637010676,vendor_a,mid,1.0,youtube,59.9,youtube · mid,14.8,youtube
CR00746,instagram,@creator746_instagram,vendor_b,4580.0,vendor_b,0.3537117903930131,vendor_b,0.03950390445567294,vendor_c,0.08108108108108109,vendor_b,nano,21.8,instagram,16.1,instagram · nano,27.6,instagram
CR00746,tiktok,,,,,,,,,,,,,,,,,
CR00746,youtube,@creator746_youtube,vendor_a,62045,vendor_a,1.8527520348134419,vendor_a,0.007174975244712108,vendor_a,0.20530517212705804,vendor_a,micro,72.3,youtube,12.1,youtube · micro,86.8,youtube
CR00747,instagram,@creator747_instagram,vendor_a,611870,vendor_a,0.7716443035285273,vendor_a,0.06641964162778578,vendor_a,0.081282316442606,vendor_a,mid,62.0,instagram,36.3,instagram · mid,28.0,instagram
CR00747,tiktok,,,,,,,,,,,,,,,,,
CR00747,youtube,@creator747_youtube,vendor_b,14460,vendor_a,3.1699861687413553,vendor_a,0.06331347893227443,vendor_a,0.14906347554630592,vendor_a,micro,90.0,youtube,33.0,youtube · micro,75.8,youtube
CR00748,tiktok,,,,,,,,,,,,,,,,,
CR00748,youtube,@creator748_youtube,vendor_a,41779,vendor_a,0.5074558988965748,vendor_a,0.046699235876237005,vendor_a,0.10416666666666667,vendor_a,micro,10.2,youtube,25.2,youtube · micro,56.4,youtube
CR00750,instagram,@creator750_instagram,vendor_a,13760,vendor_a,1.1886627906976743,vendor_a,0.15368491657583633,vendor_a,0.2422145328719723,vendor_a,micro,83.1,instagram,81.4,instagram · micro,78.5,instagram
CR00750,tiktok,,,,,,,,,,,,,,,,,
CR00751,instagram,@creator751_instagram,vendor_b,6160.0,vendor_b,0.6207792207792208,vendor_b,0.08641975308641975,vendor_b,,,nano,50.3,instagram,38.7,instagram · nano,,
CR00751,tiktok,,,,,,,,,,,,,,,,,
CR00751,youtube,@creator751_youtube,vendor_a,403660,vendor_a,2.3760689689342516,vendor_a,0.10722220698356968,vendor_a,0.03782391048292108,vendor_a,mid,81.5,youtube,63.6,youtube · mid,21.5,youtube
CR00752,instagram,@creator752_instagram,vendor_b,190240.0,vendor_b,0.3291894449116905,vendor_b,0.07383156468728833,vendor_b,,"n/a (likes hidden, vendor_b)",mid,20.3,instagram,42.5,instagram · mid,,
CR00752,tiktok,@creator752_tiktok,vendor_c,26973,vendor_c,5.189115040966893,vendor_c,0.08995029700569766,vendor_c,,,micro,75.9,tiktok,52.4,tiktok · micro,,
CR00752,youtube,@creator752_youtube,vendor_a,18580,vendor_a,5.319860064585576,vendor_a,0.055322049301374535,vendor_a,0.020872567482736974,vendor_a,micro,98.1,youtube,29.1,youtube · micro,13.2,youtube
CR00753,instagram,@creator753_instagram,vendor_b,214720.0,vendor_b,0.4066738077496274,vendor_b,0.15770744594813177,vendor_b,0.24827933523585696,vendor_b,mid,27.7,instagram,84.9,instagram · mid,79.5,instagram
CR00753,tiktok,@creator753_tiktok,vendor_a,25119,vendor_a,3.3286356940961026,vendor_a,0.013721296258928931,vendor_a,0.20170376477054136,vendor_a,micro,56.2,tiktok,13.9,tiktok · micro,70.5,tiktok
CR00753,youtube,@creator753_youtube,vendor_a,276390,vendor_a,1.040128079887116,vendor_a,-0.12582115374275313,vendor_a,0.168102658111824,vendor_a,mid,39.6,youtube,1.9,youtube · mid,80.1,youtube
CR00754,instagram,@creator754_instagram,vendor_a,14251,vendor_a,0.7560171216055014,vendor_a,0.222946880631597,vendor_a,,"n/a (likes hidden, vendor_a)",micro,60.5,instagram,96.0,instagram · micro,,
CR00754,tiktok,@creator754_tiktok,vendor_c,2199016,vendor_c,,,0.06286005391111771,vendor_c,,,macro,,,55.6,tiktok · macro,,
CR00754,youtube,@creator754_youtube,vendor_a,23038,vendor_a,0.8669589374077611,vendor_a,0.031983515499014514,vendor_a,0.11846001974333663,vendor_a,micro,29.8,youtube,19.6,youtube · micro,63.3,youtube
CR00755,instagram,@creator755_instagram,vendor_b,5300.0,vendor_b,0.5169811320754717,vendor_b,,,,"n/a (likes hidden, vendor_b)",nano,39.1,instagram,,,,
CR00755,tiktok,@creator755_tiktok,vendor_a,5881,vendor_a,23.472478632478634,vendor_b,0.1292242703533026,vendor_a,0.19777594728171335,vendor_a,nano,100.0,tiktok,56.1,tiktok · nano,68.9,tiktok
CR00755,youtube,,,,,,,,,,,,,,,,,
CR00757,instagram,@creator757_instagram,vendor_a,172406,vendor_a,0.4283319606046193,vendor_a,0.037353036739310945,vendor_a,0.28681107759802577,vendor_a,mid,30.0,instagram,21.9,instagram · mid,89.0,instagram
CR00757,tiktok,@creator757_tiktok,vendor_c,4004,vendor_c,3.0669330669330668,vendor_c,,,,,nano,50.9,tiktok,,,,
CR00757,youtube,,,5393,vendor_c,0.8535138142035973,vendor_c,0.05393785421145202,vendor_c,,,nano,28.9,youtube,21.1,youtube · nano,,
CR00759,instagram,@creator759_instagram,vendor_b,20090.0,vendor_b,0.7443006470881035,vendor_b,0.14018161180476732,vendor_b,,"n/a (likes hidden, vendor_b)",micro,60.0,instagram,76.6,instagram · micro,,
CR00759,tiktok,@creator759_tiktok,vendor_a,81628,vendor_a,3.308435830842358,vendor_a,0.04644574065765015,vendor_a,0.1874007087865086,vendor_a,micro,55.6,tiktok,23.6,tiktok · micro,65.3,tiktok
CR00759,youtube,@creator759_youtube,vendor_a,7210,vendor_a,1.0234396671289876,vendor_a,0.13275726630007856,vendor_a,0.04849884526558892,vendor_a,nano,38.6,youtube,62.2,youtube · nano,27.9,youtube
CR00760,instagram,https://www.instagram.com/creator760_instagram/,vendor_b,20960.0,vendor_b,0.5433683206106871,vendor_b,0.16057585825027684,vendor_b,,,micro,42.5,instagram,82.8,instagram · micro,,
CR00760,youtube,@creator760_youtube,vendor_a,358113,vendor_a,2.7916076769064513,vendor_a,0.07444322099243626,vendor_a,0.025770510199991985,vendor_a,mid,85.8,youtube,45.1,youtube · mid,15.9,youtube
CR00761,instagram,@creator761_instagram,vendor_a,3230,vendor_a,0.12445820433436533,vendor_a,0.09454422229752626,vendor_a,0.3333333333333333,vendor_a,nano,2.4,instagram,41.9,instagram · nano,93.9,instagram
CR00761,youtube,@creator761_youtube,vendor_b,18560.0,vendor_b,0.5804956896551724,vendor_b,0.13239780353874314,vendor_b,0.03553921568627451,vendor_b,micro,13.8,youtube,71.2,youtube · micro,20.6,youtube
CR00764,instagram,,,,,,,,,,,,,,,,,
CR00764,tiktok,@creator764_tiktok,vendor_a,186595,vendor_a,1.1119429781076664,vendor_a,0.08657927990356787,vendor_a,0.08837668752057952,vendor_a,mid,7.4,tiktok,53.2,tiktok · mid,25.1,tiktok
CR00764,youtube,@creator764_youtube,vendor_a,274540.0,vendor_b,0.8968856997158884,vendor_b,0.013885811359775464,vendor_b,0.1447415649676956,vendor_a,mid,32.5,youtube,19.8,youtube · mid,73.5,youtube
CR00766,instagram,@creator766_instagram,vendor_b,96070.0,vendor_b,1.0375455397106277,vendor_b,0.0828449053201082,vendor_b,,"n/a (likes hidden, vendor_b)",micro,79.0,instagram,46.7,instagram · micro,,
CR00766,tiktok,@creator766_tiktok,vendor_b,174450.0,vendor_b,2.7220521639438235,vendor_b,0.10551330798479087,vendor_b,0.336259396707584,vendor_b,mid,43.4,tiktok,66.7,tiktok · mid,94.3,tiktok
CR00766,youtube,@creator766_youtube,vendor_a,397278,vendor_a,1.5466600214459396,vendor_a,0.15687890391811418,vendor_a,0.10285629717330176,vendor_a,mid,63.8,youtube,87.0,youtube · mid,55.6,youtube
CR00769,instagram,@creator769_instagram,vendor_b,22060.0,vendor_b,1.6128739800543972,vendor_b,0.028917910447761194,vendor_b,0.14325068870523416,vendor_b,micro,92.2,instagram,20.1,instagram · micro,50.5,instagram
CR00769,tiktok,@creator769_tiktok,vendor_a,4708,vendor_a,23.03016142735769,vendor_a,0.1949238578680203,vendor_a,0.24216250799744082,vendor_a,nano,99.8,tiktok,86.0,tiktok · nano,79.2,tiktok
CR00769,youtube,@creator769_youtube,vendor_b,177430.0,vendor_b,0.5621597249619569,vendor_b,-0.05400938366389422,vendor_b,0.285459940652819,vendor_b,mid,13.1,youtube,4.9,youtube · mid,94.7,youtube
CR00770,youtube,@creator770_youtube,vendor_b,364970.0,vendor_b,3.3704331862892842,vendor_b,-0.023778954688920988,vendor_b,0.10499511784189466,vendor_b,mid,91.5,youtube,9.9,youtube · mid,57.1,youtube
CR00771,instagram,@creator771_instagram,vendor_c,97057,vendor_c,0.7088824093058718,vendor_c,0.05719669738361327,vendor_c,,,micro,56.8,instagram,33.6,instagram · micro,,
CR00771,tiktok,@creator771_tiktok,vendor_b,58693,vendor_c,2.033854122297378,vendor_c,0.0651120587968424,vendor_c,,,micro,27.6,tiktok,36.0,tiktok · micro,,
CR00771,youtube,@creator771_youtube,vendor_c,460129,vendor_c,0.3694963803628982,vendor_c,0.12291769368560286,vendor_c,,,mid,5.9,youtube,73.5,youtube · mid,,
CR00772,tiktok,@creator772_tiktok,vendor_c,35070,vendor_c,2.4248075278015397,vendor_c,0.10026981238627095,vendor_c,0.13617141246123485,vendor_b,micro,37.6,tiktok,58.4,tiktok · micro,47.7,tiktok
CR00779,instagram,https://www.instagram.com/creator779_instagram/,vendor_b,171990.0,vendor_b,0.35197976626548055,vendor_b,0.13240716355017118,vendor_b,0.1929371231696813,vendor_b,mid,21.6,instagram,71.9,instagram · mid,68.3,instagram
CR00779,tiktok,@creator779_tiktok,vendor_b,30090.0,vendor_b,5.848886673313393,vendor_b,0.15199081163859113,vendor_b,0.21770623742454728,vendor_b,micro,80.6,tiktok,85.4,tiktok · micro,74.2,tiktok
CR00779,youtube,@creator779_youtube,vendor_a,28467,vendor_a,3.961534408262198,vendor_a,0.05343596195833179,vendor_a,0.15378955114054452,vendor_a,micro,95.7,youtube,28.1,youtube · micro,76.7,youtube
CR00781,instagram,@creator781_instagram,vendor_a,11860,vendor_a,0.6000843170320405,vendor_a,0.06405885519468868,vendor_a,0.017142857142857144,vendor_a,micro,47.9,instagram,36.5,instagram · micro,3.7,instagram
CR00781,tiktok,@creator781_tiktok,vendor_a,129810,vendor_a,5.4318927663508205,vendor_a,0.07417705178491633,vendor_a,0.2043443045431117,vendor_a,mid,77.5,tiktok,45.5,tiktok · mid,71.5,tiktok
CR00781,youtube,@creator781_youtube,vendor_a,29114,vendor_a,1.3473930068008517,vendor_a,0.13597877404502712,vendor_a,0.003815469996531391,vendor_a,micro,55.5,youtube,74.2,youtube · micro,4.4,youtube
CR00785,instagram,@creator785_instagram,vendor_b,,,,,,,0.25227963525835867,vendor_b,,,,,,81.0,instagram
CR00786,instagram,@creator786_instagram,vendor_b,45800.0,vendor_b,0.9329257641921397,vendor_b,0.2648439657553162,vendor_b,0.3256325632563256,vendor_b,micro,72.4,instagram,98.5,instagram · micro,93.4,instagram
CR00786,tiktok,@creator786_tiktok,vendor_b,89080.0,vendor_b,4.2243825774584645,vendor_b,-0.01296398891966759,vendor_b,,,micro,67.1,tiktok,7.5,tiktok · micro,,
CR00786,youtube,@creator786_youtube,vendor_a,6282,vendor_a,1.4840815027061445,vendor_a,0.1337303735787764,vendor_a,0.12173913043478261,vendor_a,nano,61.1,youtube,63.3,youtube · nano,64.7,youtube
CR00788,tiktok,@creator788_tiktok,vendor_a,715570,vendor_a,1.8563648559889319,vendor_a,-0.016943191606573954,vendor_a,0.24975636664521467,vendor_a,mid,23.7,tiktok,10.9,tiktok · mid,82.6,tiktok
CR00788,youtube,@creator788_youtube,vendor_a,54131,vendor_a,2.2689174311926608,vendor_b,-0.03611175412667605,vendor_a,0.12132389592263981,vendor_a,micro,79.6,youtube,3.9,youtube · micro,64.6,youtube
CR00789,instagram,@creator789_instagram,vendor_b,3060.0,vendor_b,1.8411764705882352,vendor_b,0.13978899773926148,vendor_c,0.1983640081799591,vendor_b,nano,94.0,instagram,71.0,instagram · nano,70.5,instagram
CR00789,tiktok,@creator231_tiktok,vendor_b,99580.0,vendor_b,1.9244828278770838,vendor_b,0.09536904630953691,vendor_b,0.3550077408598309,vendor_b,micro,25.8,tiktok,55.4,tiktok · micro,95.4,tiktok
CR00789,youtube,,,,,,,,,,,,,,,,,
CR00791,instagram,@creator791_instagram,vendor_b,19120.0,vendor_b,0.9419456066945606,vendor_b,0.056937534549474846,vendor_b,0.2864385297845374,vendor_b,micro,73.6,instagram,33.2,instagram · micro,88.8,instagram
CR00791,tiktok,@creator791_tiktok,vendor_b,14280.0,vendor_b,16.0718487394958,vendor_b,0.06726457399103139,vendor_b,0.2964904921700224,vendor_b,micro,98.4,tiktok,37.8,tiktok · micro,89.3,tiktok
CR00791,youtube,@creator791_youtube,vendor_a,12743,vendor_a,0.8899788118967276,vendor_a,0.1000517955801105,vendor_a,0.1402002861230329,vendor_a,micro,31.3,youtube,53.9,youtube · micro,72.1,youtube
CR00795,instagram,@creator795_instagram,vendor_b,75497,vendor_c,0.7328900486112031,vendor_c,0.05569538831557457,vendor_c,,,micro,58.8,instagram,32.8,instagram · micro,,
CR00795,tiktok,@creator795_tiktok,vendor_a,140197,vendor_a,1.783361983494654,vendor_a,0.188482829361749,vendor_a,0.2813288277568892,vendor_a,mid,22.5,tiktok,94.9,tiktok · mid,86.3,tiktok
CR00795,youtube,,,235861,vendor_a,0.581490793306227,vendor_a,0.11104777965678539,vendor_a,0.32814625850340134,vendor_a,mid,14.0,youtube,66.7,youtube · mid,96.5,youtube
CR00799,instagram,@creator799_instagram,vendor_b,267990.0,vendor_b,0.6986454718459644,vendor_b,0.10657362292509703,vendor_b,0.11955937667920473,vendor_b,mid,55.7,instagram,58.9,instagram · mid,42.7,instagram
CR00799,tiktok,,,,,,,,,,,,,,,,,
CR00799,youtube,,,,,,,,,,,,,,,,,
CR00805,tiktok,@creator805_tiktok,vendor_b,27410.0,vendor_b,4.5749361546880705,vendor_b,0.1658868566567418,vendor_b,0.15954830053667263,vendor_b,micro,71.8,tiktok,88.4,tiktok · micro,56.4,tiktok
CR00806,youtube,@creator806_youtube,vendor_a,65155,vendor_a,1.1899623973601412,vendor_a,-0.010614389406869743,vendor_a,0.04250821982151245,vendor_a,micro,49.0,youtube,9.8,youtube · micro,25.0,youtube
CR00808,instagram,@creator808_instagram,vendor_c,193938,vendor_c,0.8358960080025575,vendor_c,0.15735513516739272,vendor_c,,,mid,67.0,instagram,84.2,instagram · mid,,
CR00808,tiktok,https://www.tiktok.com/@creator808_tiktok,vendor_b,190990.0,vendor_b,1.3364783496518142,vendor_b,0.17590198251446867,vendor_b,0.14900164603163243,vendor_b,mid,11.4,tiktok,91.7,tiktok · mid,53.4,tiktok
CR00808,youtube,@creator808_youtube,vendor_a,159091,vendor_a,1.5134482780295555,vendor_a,0.031665023863872176,vendor_a,0.12863070539419086,vendor_a,mid,62.5,youtube,24.7,youtube · mid,68.8,youtube
CR00809,instagram,@creator809_instagram,vendor_a,49926,vendor_a,0.14968152866242038,vendor_a,0.11278027905318058,vendor_a,0.2825112107623318,vendor_a,micro,4.1,instagram,62.4,instagram · micro,88.0,instagram
CR00809,tiktok,@creator809_tiktok,vendor_a,19122,vendor_a,1.9142872084509988,vendor_a,0.055764134275618375,vendor_a,0.0788623141564318,vendor_a,micro,25.0,tiktok,31.5,tiktok · micro,21.5,tiktok
CR00809,youtube,@creator809_youtube,vendor_a,19318,vendor_a,1.6592297339269075,vendor_a,0.13083182110870456,vendor_a,0.09253731343283582,vendor_a,micro,67.6,youtube,70.9,youtube · micro,50.4,youtube
CR00810,tiktok,@creator810_tiktok,vendor_a,58872,vendor_a,8.371772659328713,vendor_a,-0.007535528245587417,vendor_a,0.2659119071758477,vendor_a,micro,90.8,tiktok,8.2,tiktok · micro,84.7,tiktok
CR00810,youtube,@creator810_youtube,vendor_a,27168,vendor_a,0.8923365724381626,vendor_a,-0.0295063227834536,vendor_a,0.09154315605928509,vendor_a,micro,31.7,youtube,4.6,youtube · micro,49.7,youtube
CR00811,instagram,,,,,,,,,,,,,,,,,
CR00811,tiktok,@creator811_tiktok,vendor_b,33880.0,vendor_b,10.277390791027155,vendor_b,0.010120481927710843,vendor_c,0.31092971483091275,vendor_b,micro,94.7,tiktok,12.7,tiktok · micro,92.2,tiktok
CR00811,youtube,@creator811_youtube,vendor_a,28553,vendor_a,3.3571953910272128,vendor_a,0.013200383236932685,vendor_a,0.07589644637401512,vendor_a,micro,91.3,youtube,14.1,youtube · micro,41.4,youtube
CR00813,instagram,,,,,,,,,,,,,,,,,
CR00813,tiktok,,,,,,,,,,,,,,,,,
CR00813,youtube,,,,,,,,,,,,,,,,,
CR00817,instagram,@creator817_instagram,vendor_b,20040.0,vendor_b,0.47764471057884234,vendor_b,0.083829096809086,vendor_b,0.04874213836477988,vendor_b,micro,34.1,instagram,47.8,instagram · micro,12.7,instagram
CR00817,tiktok,@creator817_tiktok,vendor_a,15816,vendor_a,2.414137582195245,vendor_a,0.07299864314789688,vendor_a,0.07366296670030273,vendor_a,micro,37.2,tiktok,41.9,tiktok · micro,18.3,tiktok
CR00817,youtube,https://youtube.com/@creator817_youtube,vendor_b,328010.0,vendor_b,1.0056918996372062,vendor_b,0.12251462988946306,vendor_b,0.01796816287490606,vendor_b,mid,37.4,youtube,72.2,youtube · mid,12.3,youtube
CR00819,instagram,@creator819_instagram,vendor_a,52697,vendor_a,0.2280774996679128,vendor_a,0.1330007955107394,vendor_a,0.022961203483768806,vendor_a,micro,10.4,instagram,73.7,instagram · micro,4.6,instagram
CR00819,youtube,@creator819_youtube,vendor_a,72040,vendor_a,0.6911438089950028,vendor_a,0.05874226592007995,vendor_a,0.4489051094890511,vendor_a,micro,20.2,youtube,30.7,youtube · micro,99.6,youtube
CR00822,instagram,@creator822_instagram,vendor_a,90511,vendor_a,0.27752427881693936,vendor_a,0.1318826986806728,vendor_a,0.11916193801833261,vendor_a,micro,15.8,instagram,73.0,instagram · micro,42.4,instagram
CR00822,tiktok,@creator822_tiktok,vendor_a,37751,vendor_a,2.874228497258351,vendor_a,0.12037394272147203,vendor_a,0.07661056297156123,vendor_a,micro,47.0,tiktok,68.9,tiktok · micro,20.1,tiktok
CR00822,youtube,@creator822_youtube,vendor_a,747,vendor_c,,,0.19903691813804172,vendor_c,0.11764705882352941,vendor_a,nano,,,86.7,youtube · nano,62.4,youtube
CR00823,instagram,@creator823_instagram,vendor_b,48440.0,vendor_b,0.1120148637489678,vendor_b,0.1278230500582072,vendor_b,,"n/a (likes hidden, vendor_b)",micro,1.9,instagram,71.2,instagram · micro,,
CR00823,tiktok,@creator823_tiktok,vendor_a,123350,vendor_a,2.6847426023510335,vendor_a,-0.040578064355550024,vendor_a,0.20621624600462912,vendor_a,mid,41.7,tiktok,8.3,tiktok · mid,72.1,tiktok
CR00823,youtube,@creator823_youtube,vendor_a,36526,vendor_a,1.473087663582106,vendor_a,0.04095300521530964,vendor_a,0.0018106570098292809,vendor_a,micro,60.9,youtube,24.2,youtube · micro,2.1,youtube
CR00826,instagram,,,,,,,,,,,,,,,,,
CR00826,tiktok,@creator826_tiktok,vendor_a,11309,vendor_a,3.898222654522946,vendor_a,0.08251172585431224,vendor_a,0.11485642946317104,vendor_a,micro,62.6,tiktok,47.9,tiktok · micro,37.7,tiktok
CR00826,youtube,@creator826_youtube,vendor_a,37563,vendor_a,1.198067247024998,vendor_a,0.1638059239063081,vendor_a,0.10199757869249394,vendor_a,micro,49.5,youtube,84.3,youtube · micro,55.4,youtube
CR00827,youtube,@creator827_youtube,vendor_a,893585,vendor_a,0.6882120895046359,vendor_a,0.11655974869486768,vendor_a,0.11845614455665099,vendor_a,mid,20.1,youtube,69.8,youtube · mid,63.1,youtube
CR00828,instagram,https://www.instagram.com/creator828_instagram/,vendor_b,960.0,vendor_b,1.3791666666666667,vendor_b,,,0.018867924528301886,vendor_b,nano,87.9,instagram,,,3.9,instagram
CR00828,tiktok,@creator828_tiktok,vendor_a,115046,vendor_a,6.493028875406359,vendor_a,0.01931493984016444,vendor_a,0.1189540059347181,vendor_a,mid,85.5,tiktok,19.9,tiktok · mid,40.9,tiktok
CR00828,youtube,@creator828_youtube,vendor_a,2273,vendor_a,0.9938407391113067,vendor_a,0.1752843846949328,vendor_a,0.06164383561643835,vendor_a,nano,37.0,youtube,80.0,youtube · nano,34.9,youtube
CR00829,tiktok,@creator829_tiktok,vendor_b,298150.0,vendor_b,3.8716484990776454,vendor_b,0.05238078429988352,vendor_b,0.19425868921676162,vendor_b,mid,62.2,tiktok,34.0,tiktok · mid,68.0,tiktok
CR00830,instagram,@creator830_instagram,vendor_b,86380.0,vendor_b,0.640252373234545,vendor_b,0.06641975308641976,vendor_b,0.05718585402558315,vendor_b,micro,52.1,instagram,37.6,instagram · micro,17.1,instagram
CR00830,tiktok,@creator830_tiktok,vendor_a,151039,vendor_a,5.630141883884295,vendor_a,0.006624679262887801,vendor_a,0.22660189398597957,vendor_a,mid,79.1,tiktok,16.0,tiktok · mid,76.9,tiktok
CR00830,youtube,@creator830_youtube,vendor_a,25471,vendor_a,2.791292057634172,vendor_a,0.1743199631166436,vendor_a,0.010392609699769052,vendor_a,micro,85.6,youtube,85.9,youtube · micro,7.2,youtube
CR00831,instagram,@creator831_instagram,vendor_c,,,,,,,,,,,,,,,
CR00831,tiktok,@creator831_tiktok,vendor_c,,,,,,,,,,,,,,,
CR00831,youtube,@creator831_youtube,vendor_a,47089,vendor_a,0.5349232304784557,vendor_a,0.10935990764953943,vendor_a,0.08169440242057488,vendor_b,micro,11.8,youtube,57.2,youtube · micro,44.6,youtube
CR00832,instagram,@creator832_instagram,vendor_a,119474,vendor_a,0.3934663608818655,vendor_a,0.15162322640345466,vendor_a,0.24968017057569297,vendor_a,mid,26.3,instagram,80.1,instagram · mid,79.8,instagram
CR00832,tiktok,,,45300.0,vendor_b,4.107770419426049,vendor_b,0.025582974869821147,vendor_b,0.1985543050599323,vendor_b,micro,65.6,tiktok,18.0,tiktok · micro,69.4,tiktok
CR00832,youtube,@creator832_youtube,vendor_a,14948,vendor_a,1.4462135402729461,vendor_a,0.2060674519928998,vendor_a,0.034408602150537634,vendor_a,micro,59.3,youtube,93.5,youtube · micro,19.6,youtube
CR00834,instagram,@creator834_instagram,vendor_a,39816,vendor_a,0.15508840667068516,vendor_a,0.12694234524921458,vendor_a,0.2444933920704846,vendor_a,micro,4.8,instagram,70.4,instagram · micro,79.0,instagram
CR00834,tiktok,@creator834_tiktok,vendor_a,733332,vendor_a,6.134773881407057,vendor_a,0.11142399437416359,vendor_a,0.08157264581200342,vendor_a,mid,83.2,tiktok,70.5,tiktok · mid,22.6,tiktok
CR00834,youtube,@creator834_youtube,vendor_a,999094,vendor_a,1.590927380206467,vendor_a,-0.05865293566182533,vendor_a,0.07137306883627388,vendor_a,mid,64.9,youtube,4.3,youtube · mid,38.6,youtube
CR00835,instagram,@creator835_instagram,vendor_a,852512,vendor_a,0.413004157126234,vendor_a,0.16905617012990395,vendor_a,0.07962753950338601,vendor_a,mid,28.3,instagram,88.4,instagram · mid,26.3,instagram
CR00835,tiktok,@creator835_tiktok,vendor_b,63580.0,vendor_b,8.806165460836741,vendor_b,-0.03300380228136882,vendor_b,,,micro,92.2,tiktok,4.9,tiktok · micro,,
CR00835,youtube,@creator835_youtube,vendor_a,63877,vendor_a,1.0555755592779874,vendor_a,0.04623775673993514,vendor_a,0.01059190031152648,vendor_a,micro,40.5,youtube,24.8,youtube · micro,7.4,youtube
CR00836,youtube,@creator836_youtube,vendor_a,36197,vendor_a,0.9081968118904882,vendor_a,0.13837783438689186,vendor_a,0.128538283062645,vendor_a,micro,33.2,youtube,75.2,youtube · micro,68.6,youtube
CR00837,tiktok,@creator837_tiktok,vendor_b,314490.0,vendor_b,2.1047569080097936,vendor_b,0.06045994065281899,vendor_b,0.10402068735402069,vendor_b,mid,29.4,tiktok,38.5,tiktok · mid,33.1,tiktok
CR00839,instagram,https://www.instagram.com/creator839_instagram/,vendor_b,19280.0,vendor_b,0.5384854771784232,vendor_b,0.012915129151291513,vendor_c,,,micro,42.1,instagram,14.6,instagram · micro,,
CR00839,tiktok,@creator839_tiktok,vendor_b,5892,vendor_c,4.240495587236931,vendor_c,0.2078720787207872,vendor_c,0.06618819776714513,vendor_b,nano,67.7,tiktok,93.0,tiktok · nano,15.8,tiktok
CR00839,youtube,@creator839_youtube,vendor_a,4984,vendor_a,1.5437399678972712,vendor_a,-0.005983246908655764,vendor_a,0.259825327510917,vendor_a,nano,63.7,youtube,8.9,youtube · nano,92.9,youtube
CR00843,instagram,@creator843_instagram,vendor_a,135948,vendor_a,0.1302851090122694,vendor_a,0.04801917991967252,vendor_a,0.08037383177570094,vendor_a,mid,2.6,instagram,30.8,instagram · mid,26.6,instagram
CR00843,tiktok,@creator843_tiktok,vendor_b,137430,vendor_b,2.37272065778942,vendor_b,0.18873799844304126,vendor_b,0.24518036664695447,vendor_b,mid,36.2,tiktok,95.5,tiktok · mid,80.4,tiktok
CR00843,youtube,@creator843_youtube,vendor_a,,,,,,,0.03292743953294412,vendor_a,,,,,,19.2,youtube
CR00844,instagram,@creator844_instagram,vendor_a,246743,vendor_a,0.18753926149880645,vendor_a,0.04357995085413151,vendor_a,0.32162661737523107,vendor_a,mid,7.3,instagram,28.1,instagram · mid,92.9,instagram
CR00844,youtube,@creator844_youtube,vendor_c,122657,vendor_c,0.6023137692916017,vendor_c,0.14924855707967918,vendor_c,,,mid,15.1,youtube,85.8,youtube · mid,,
CR00846,instagram,https://www.instagram.com/creator846_instagram/,vendor_b,,,,,,,0.023333333333333334,vendor_b,,,,,,5.1,instagram
CR00846,tiktok,@creator846_tiktok,vendor_b,111940.0,vendor_b,1.6112024298731464,vendor_b,0.10974521661544562,vendor_b,0.30977341900574906,vendor_b,mid,17.4,tiktok,68.6,tiktok · mid,91.8,tiktok
CR00847,instagram,@creator847_instagram,vendor_b,64280.0,vendor_b,0.9885345364032359,vendor_b,0.20736288504883546,vendor_b,,"n/a (likes hidden, vendor_b)",micro,76.7,instagram,93.1,instagram · micro,,
CR00847,tiktok,,,,,,,,,,,,,,,,,
CR00847,youtube,@creator847_youtube,vendor_a,188440,vendor_b,0.7406654638081087,vendor_b,,EXCLUDED: Q00026 (no consistent source),0.2078223400729201,vendor_a,mid,22.8,youtube,,,87.3,youtube
CR00848,instagram,@creator848_instagram,vendor_b,6600.0,vendor_b,0.5065151515151515,vendor_b,0.1111111111111111,vendor_b,,,nano,38.2,instagram,49.2,instagram · nano,,
CR00848,tiktok,,,,,,,,,,,,,,,,,
CR00848,youtube,@creator848_youtube,vendor_a,206094,vendor_a,1.055955049637544,vendor_a,0.051821986322343576,vendor_a,0.0019812680115273776,vendor_a,mid,40.7,youtube,32.7,youtube · mid,2.8,youtube
CR00851,instagram,,,25060.0,vendor_b,0.4567438148443735,vendor_b,,,0.24579831932773108,vendor_b,micro,32.0,instagram,,,79.3,instagram
CR00851,tiktok,@creator851_tiktok,vendor_a,86406,vendor_a,8.514096243316436,vendor_a,0.1232353170579518,vendor_a,0.2155440581532163,vendor_a,micro,91.8,tiktok,70.8,tiktok · micro,74.0,tiktok
CR00851,youtube,@creator851_youtube,vendor_a,69781,vendor_a,1.4423840300368296,vendor_a,0.12350668169376912,vendor_a,0.060782122905027935,vendor_a,micro,58.8,youtube,67.0,youtube · micro,34.4,youtube
CR00855,instagram,@creator855_instagram,vendor_b,6080.0,vendor_b,0.2338815789473684,vendor_b,,,0.3,vendor_b,nano,11.4,instagram,,,90.2,instagram
CR00855,tiktok,@creator855_tiktok,vendor_a,406757,vendor_a,5.876461867896557,vendor_a,0.14359415546989876,vendor_a,0.13318338581496475,vendor_a,mid,80.8,tiktok,82.7,tiktok · mid,46.3,tiktok
CR00855,youtube,@creator855_youtube,vendor_a,22986,vendor_a,0.5846602279648482,vendor_a,0.10276338514680483,vendor_a,0.0020408163265306124,vendor_a,micro,14.4,youtube,54.6,youtube · micro,3.0,youtube
CR00856,instagram,@creator856_instagram,vendor_a,156902,vendor_a,0.2559797550612347,vendor_b,0.07478165564955304,vendor_a,0.09234567901234568,vendor_b,mid,13.8,instagram,45.2,instagram · mid,31.5,instagram
CR00856,youtube,@creator856_youtube,vendor_a,184117,vendor_a,1.7087015321779087,vendor_a,,,0.23909574468085107,vendor_a,mid,68.7,youtube,,,90.7,youtube
CR00857,instagram,https://www.instagram.com/creator857_instagram/,vendor_b,23100.0,vendor_b,0.6318181818181818,vendor_b,0.11540318686624819,vendor_b,0.25384615384615383,vendor_b,micro,51.6,instagram,63.1,instagram · micro,81.5,instagram
CR00857,tiktok,,,43020.0,vendor_b,3.3138307763830777,vendor_b,0.05544651619234544,vendor_b,,,micro,55.8,tiktok,30.7,tiktok · micro,,
CR00857,youtube,@creator857_youtube,vendor_a,632,vendor_a,0.21835443037974683,vendor_a,-0.009404388714733543,vendor_a,0.0,vendor_a,nano,0.7,youtube,7.8,youtube · nano,0.8,youtube
CR00858,instagram,@creator858_instagram,vendor_b,14460.0,vendor_b,0.9957123098201937,vendor_b,0.15865384615384615,vendor_b,0.035856573705179286,vendor_b,micro,76.9,instagram,82.5,instagram · micro,8.0,instagram
CR00858,tiktok,,,,,,,,,,,,,,,,,
CR00858,youtube,@creator858_youtube,vendor_a,97745,vendor_a,0.7873241598035705,vendor_a,0.11130691831049969,vendor_a,0.17810061877858488,vendor_a,micro,25.3,youtube,58.5,youtube · micro,82.4,youtube
CR00859,instagram,@creator859_instagram,vendor_a,6208,vendor_a,0.5339884020618557,vendor_a,0.12341657618530583,vendor_a,0.1864406779661017,vendor_a,nano,41.7,instagram,59.7,instagram · nano,66.3,instagram
CR00859,tiktok,@creator859_tiktok,vendor_b,36000.0,vendor_b,4.457861111111111,vendor_b,,,0.15868794326241134,vendor_b,micro,70.3,tiktok,,,55.7,tiktok
CR00859,youtube,@creator859_youtube,vendor_a,23348,vendor_a,1.678173719376392,vendor_a,0.1484505656665027,vendor_a,0.08609271523178808,vendor_a,micro,68.2,youtube,79.7,youtube · micro,47.3,youtube
CR00864,instagram,,,,,,,,,,,,,,,,,
CR00864,tiktok,@creator864_tiktok,vendor_a,148862,vendor_a,1.8940629576386183,vendor_a,0.05996866989461692,vendor_a,0.1190800265242732,vendor_a,mid,24.7,tiktok,37.2,tiktok · mid,41.1,tiktok
CR00864,youtube,@creator864_youtube,vendor_a,58624,vendor_a,0.40696643013100436,vendor_a,0.10305379419346342,vendor_a,0.02544704264099037,vendor_a,micro,7.1,youtube,54.9,youtube · micro,15.7,youtube
CR00865,instagram,,,,,,,,,,,,,,,,,
CR00865,tiktok,@creator865_tiktok,vendor_b,1560.0,vendor_b,2.3294871794871796,vendor_b,,,0.125,vendor_b,nano,34.2,tiktok,,,43.8,tiktok
CR00865,youtube,@creator865_youtube,vendor_a,3107,vendor_a,1.4493080141615706,vendor_a,0.1314639475600874,vendor_a,0.11713665943600868,vendor_a,nano,59.5,youtube,60.0,youtube · nano,62.1,youtube
CR00869,youtube,@creator869_youtube,vendor_b,9660.0,vendor_b,0.6182194616977226,vendor_b,0.09897610921501707,vendor_b,0.16958041958041958,vendor_c,nano,15.7,youtube,48.9,youtube · nano,80.4,youtube
CR00872,instagram,@creator872_instagram,vendor_a,46192,vendor_a,0.2931027017665397,vendor_a,0.23435412324301214,vendor_a,0.0962566844919786,vendor_a,micro,16.9,instagram,96.7,instagram · micro,33.4,instagram
CR00873,instagram,https://www.instagram.com/creator873_instagram/,vendor_b,79670.0,vendor_b,0.5151248901719593,vendor_b,0.05831562167906482,vendor_b,0.5316831683168317,vendor_b,micro,38.9,instagram,34.3,instagram · micro,99.5,instagram
CR00873,tiktok,@creator873_tiktok,vendor_a,431251,vendor_a,7.758739110170179,vendor_a,0.1081927698459198,vendor_a,0.08730626383829726,vendor_a,mid,89.8,tiktok,67.9,tiktok · mid,24.7,tiktok
CR00873,youtube,@creator873_youtube,vendor_a,11023,vendor_a,0.6403882790528894,vendor_a,0.19958646207421918,vendor_a,0.04326923076923077,vendor_a,micro,17.1,youtube,92.5,youtube · micro,25.9,youtube
CR00874,instagram,@creator874_instagram,vendor_a,93064,vendor_a,0.5141622969139517,vendor_a,-0.024772603428763047,vendor_a,0.14796203238414293,vendor_a,micro,38.7,instagram,7.3,instagram · micro,52.2,instagram
CR00874,tiktok,https://www.tiktok.com/@creator874_tiktok,vendor_b,4110.0,vendor_b,2.956447688564477,vendor_b,,,0.09817351598173515,vendor_b,nano,47.9,tiktok,,,30.6,tiktok
CR00874,youtube,@creator874_youtube,vendor_a,47216,vendor_a,1.190846323280244,vendor_a,0.12138700866880418,vendor_a,0.23604368932038836,vendor_a,micro,49.3,youtube,65.4,youtube · micro,90.1,youtube
CR00875,instagram,@creator875_instagram,vendor_a,275847,vendor_a,0.3684179998332409,vendor_a,0.1209966148256818,vendor_a,0.07020939644553932,vendor_a,mid,24.4,instagram,65.8,instagram · mid,22.7,instagram
CR00875,tiktok,@creator875_tiktok,vendor_a,42904,vendor_a,1.8431381689352975,vendor_a,0.1185442031441458,vendor_a,0.0780224024719969,vendor_a,micro,23.5,tiktok,67.4,tiktok · micro,21.0,tiktok
CR00875,youtube,@creator875_youtube,vendor_a,20395,vendor_a,0.31664623682275067,vendor_a,0.12313453383996917,vendor_a,0.17435897435897435,vendor_a,micro,3.8,youtube,66.0,youtube · micro,82.0,youtube
CR00876,instagram,@creator876_instagram,vendor_a,100533,vendor_a,0.6747535635065103,vendor_a,0.08506022535940941,vendor_a,0.20875512995896034,vendor_a,mid,54.7,instagram,50.0,instagram · mid,73.4,instagram
CR00876,tiktok,@creator876_tiktok,vendor_c,18170.0,vendor_b,3.259933957072097,vendor_b,0.13775829680651222,vendor_b,0.010641532380662816,vendor_b,micro,54.4,tiktok,77.2,tiktok · micro,0.2,tiktok
CR00876,youtube,@creator876_youtube,vendor_a,72634,vendor_a,0.8143156097695294,vendor_a,0.07132953774447624,vendor_a,0.013548387096774193,vendor_a,micro,27.7,youtube,36.9,youtube · micro,9.0,youtube
CR00878,instagram,@creator878_instagram,vendor_a,31868,vendor_a,0.20057738169951048,vendor_a,0.009279493269992082,vendor_a,0.0472972972972973,vendor_a,micro,8.0,instagram,12.8,instagram · micro,12.0,instagram
CR00878,tiktok,,,,,,,,,,,,,,,,,
CR00878,youtube,@creator878_youtube,vendor_a,10388,vendor_a,0.939834424335772,vendor_a,0.02023178157532901,vendor_a,0.05248359887535145,vendor_a,micro,35.3,youtube,16.7,youtube · micro,29.1,youtube
CR00880,instagram,@creator880_instagram,vendor_b,39120.0,vendor_b,1.2876278118609408,vendor_b,0.09121338912133892,vendor_b,0.269811320754717,vendor_b,micro,86.6,instagram,53.3,instagram · micro,86.6,instagram
CR00880,tiktok,@creator880_tiktok,vendor_b,155610.0,vendor_b,1.4451384872437505,vendor_b,0.021398096488349196,vendor_b,0.22338874307378245,vendor_b,mid,14.7,tiktok,21.2,tiktok · mid,75.8,tiktok
CR00880,youtube,@creator880_youtube,vendor_a,8323,vendor_a,0.5274540430133365,vendor_a,-0.020823529411764706,vendor_a,0.017699115044247787,vendor_a,nano,11.4,youtube,6.7,youtube · nano,12.0,youtube
CR00881,instagram,@creator881_instagram,vendor_b,41600.0,vendor_b,0.5283653846153846,vendor_b,-0.17656373713380838,vendor_b,0.175,vendor_b,micro,41.2,instagram,0.4,instagram · micro,61.5,instagram
CR00881,tiktok,@creator881_tiktok,vendor_b,6000.0,vendor_b,3.9343333333333335,vendor_b,,,0.030405405405405407,vendor_b,nano,63.2,tiktok,,,5.5,tiktok
CR00881,youtube,@creator881_youtube,vendor_b,509600.0,vendor_b,0.5381102825745683,vendor_b,0.1241259126905345,vendor_b,0.037992125984251966,vendor_b,mid,12.1,youtube,75.3,youtube · mid,21.7,youtube
CR00882,instagram,,,,,,,,,,,,,,,,,
CR00882,tiktok,@creator882_tiktok,vendor_b,105400.0,vendor_b,2.157988614800759,vendor_b,0.10994102780117944,vendor_b,0.10206297502714441,vendor_b,mid,30.1,tiktok,69.2,tiktok · mid,32.4,tiktok
CR00882,youtube,@creator882_youtube,vendor_a,74636,vendor_a,0.4570716544294978,vendor_a,0.13490663584940088,vendor_a,0.025893958076448828,vendor_a,micro,8.7,youtube,72.5,youtube · micro,16.2,youtube
CR00883,instagram,@creator883_instagram,vendor_b,3478350.0,vendor_b,0.15314790058504751,vendor_b,0.08594932954527716,vendor_b,0.04309142987503485,vendor_b,macro,4.7,instagram,50.0,instagram · macro,9.8,instagram
CR00883,tiktok,@creator883_tiktok,vendor_a,746735,vendor_a,6.7354094826143145,vendor_a,0.016581467691323317,vendor_a,0.4573023036422279,vendor_a,mid,86.7,tiktok,19.2,tiktok · mid,99.5,tiktok
CR00883,youtube,@creator883_youtube,vendor_c,200620,vendor_c,,,0.07939138294667068,vendor_c,0.024269759450171822,vendor_c,mid,,,48.1,youtube · mid,15.0,youtube
CR00887,instagram,@creator887_instagram,vendor_a,11725,vendor_a,0.5884008528784648,vendor_a,0.16250247868332343,vendor_a,0.08250825082508251,vendor_a,micro,46.6,instagram,84.3,instagram · micro,28.8,instagram
CR00887,tiktok,@creator887_tiktok,vendor_a,363221,vendor_a,3.4182770269340153,vendor_a,0.03821626921175014,vendor_a,,,mid,57.1,tiktok,31.4,tiktok · mid,,
CR00887,youtube,@creator887_youtube,vendor_a,27262,vendor_a,0.6587924583669577,vendor_a,0.07793286149223044,vendor_a,0.0952712100139082,vendor_a,micro,18.3,youtube,40.8,youtube · micro,52.6,youtube
CR00889,instagram,@creator889_instagram,vendor_b,8990.0,vendor_b,0.5760845383759733,vendor_b,0.11262376237623763,vendor_b,,,nano,44.3,instagram,54.8,instagram · nano,,
CR00889,tiktok,@creator889_tiktok,vendor_b,64920.0,vendor_b,13.977726432532348,vendor_b,-0.03162291169451074,vendor_b,0.36030372506964475,vendor_b,micro,97.8,tiktok,5.2,tiktok · micro,95.7,tiktok
CR00889,youtube,@creator889_youtube,vendor_a,39087,vendor_a,0.9529511090643948,vendor_a,0.06949954852655485,vendor_a,0.014842300556586271,vendor_a,micro,36.0,youtube,36.6,youtube · micro,10.2,youtube
CR00891,instagram,https://www.instagram.com/creator891_instagram/,vendor_b,122130.0,vendor_b,0.4967166134446901,vendor_b,0.11310608822457163,vendor_b,0.10083727702948671,vendor_b,mid,37.1,instagram,63.7,instagram · mid,35.9,instagram
CR00891,tiktok,@creator891_tiktok,vendor_b,92920.0,vendor_b,1.6017757210503658,vendor_b,0.07833352674944877,vendor_b,0.24095671081241352,vendor_b,micro,17.0,tiktok,44.9,tiktok · micro,78.8,tiktok
CR00891,youtube,@creator891_youtube,vendor_a,1784,vendor_a,2.420964125560538,vendor_a,0.07211538461538461,vendor_a,0.21693121693121692,vendor_a,nano,82.7,youtube,27.8,youtube · nano,89.1,youtube
CR00895,tiktok,@creator895_tiktok,vendor_c,51950.0,vendor_b,0.8491241578440808,vendor_b,0.1271425471902799,vendor_b,0.1250965250965251,vendor_b,micro,3.5,tiktok,71.9,tiktok · micro,44.1,tiktok
CR00895,youtube,@creator895_youtube,vendor_a,1212,vendor_a,0.7037953795379538,vendor_a,0.11294765840220386,vendor_a,0.05263157894736842,vendor_a,nano,20.6,youtube,54.4,youtube · nano,29.3,youtube
CR00897,instagram,@creator897_instagram,vendor_b,5430.0,vendor_b,1.3279926335174954,vendor_b,0.14799154334038056,vendor_b,,,nano,87.0,instagram,75.8,instagram · nano,,
CR00897,tiktok,@creator897_tiktok,vendor_b,,,,,,,0.01688963953953509,vendor_b,,,,,,2.5,tiktok
CR00897,youtube,@creator897_youtube,vendor_a,3893,vendor_a,0.5037246339583868,vendor_a,-0.06034274680183442,vendor_a,0.0945945945945946,vendor_a,nano,9.9,youtube,2.2,youtube · nano,52.0,youtube
CR00899,instagram,@creator899_instagram,vendor_b,246890.0,vendor_b,0.4070436226659646,vendor_b,0.02721031828583316,vendor_b,0.3072100313479624,vendor_b,mid,28.1,instagram,18.5,instagram · mid,91.5,instagram
CR00899,tiktok,@creator899_tiktok,vendor_b,30680.0,vendor_b,2.82506518904824,vendor_b,0.14477611940298507,vendor_b,0.144878324844369,vendor_b,micro,45.8,tiktok,81.6,tiktok · micro,51.4,tiktok
CR00899,youtube,@creator899_youtube,vendor_a,195833,vendor_a,0.415164961982914,vendor_a,0.07697595635627709,vendor_a,0.036834094368340946,vendor_a,mid,7.6,youtube,46.3,youtube · mid,21.2,youtube
CR00901,instagram,,,,,,,,,,,,,,,,,
CR00901,tiktok,https://www.tiktok.com/@creator901_tiktok,vendor_b,610.0,vendor_b,,,,,0.1875,vendor_b,nano,,,,,65.5,tiktok
CR00901,youtube,@creator901_youtube,vendor_b,981480.0,vendor_b,1.523376940946326,vendor_b,0.029193406316849125,vendor_b,0.15844453102172007,vendor_b,mid,62.6,youtube,22.8,youtube · mid,78.0,youtube
CR00902,instagram,@creator902_instagram,vendor_c,892,vendor_c,0.9473094170403588,vendor_c,0.06571087216248507,vendor_c,,,nano,74.3,instagram,30.6,instagram · nano,,
CR00902,youtube,@creator902_youtube,vendor_a,50020,vendor_a,2.3645741703318675,vendor_a,0.037113829566659755,vendor_a,0.05119064594324825,vendor_a,micro,81.1,youtube,21.9,youtube · micro,28.2,youtube
CR00911,instagram,@creator911_instagram,vendor_a,115702,vendor_a,0.2569186358057769,vendor_a,0.03933598627417515,vendor_a,0.08549740311626049,vendor_a,mid,14.2,instagram,24.0,instagram · mid,29.8,instagram
CR00911,tiktok,@creator911_tiktok,vendor_a,7226,vendor_a,2.2197619706615,vendor_a,0.14226999683844452,vendor_a,0.07845744680851063,vendor_a,nano,31.9,tiktok,59.6,tiktok · nano,21.2,tiktok
CR00911,youtube,,,71014,vendor_a,1.1597290675078153,vendor_a,0.2837180715486542,vendor_a,0.08502114400178054,vendor_a,micro,46.5,youtube,99.3,youtube · micro,46.6,youtube
CR00914,instagram,@creator914_instagram,vendor_b,57740.0,vendor_b,0.6267405611361274,vendor_b,0.10232913325696831,vendor_b,0.18435415403274713,vendor_b,micro,50.8,instagram,58.0,instagram · micro,65.1,instagram
CR00914,tiktok,,,,,,,,,,,,,,,,,
CR00914,youtube,@creator914_youtube,vendor_a,19318,vendor_a,1.0932808779376748,vendor_a,0.1469453185299531,vendor_a,0.14845173041894352,vendor_a,micro,42.2,youtube,78.8,youtube · micro,75.5,youtube
CR00915,instagram,@creator915_instagram,vendor_a,2154,vendor_a,0.7618384401114207,vendor_a,0.13787638668779714,vendor_a,0.050505050505050504,vendor_a,nano,61.1,instagram,69.4,instagram · nano,13.2,instagram
CR00916,instagram,@creator916_instagram,vendor_b,2750.0,vendor_b,0.6538181818181819,vendor_b,,,0.23026315789473684,vendor_b,nano,53.4,instagram,,,76.8,instagram
CR00916,tiktok,,,,,,,,,,,,,,,,,
CR00916,youtube,@creator916_youtube,vendor_a,31943,vendor_a,1.5100953871152167,vendor_c,0.12669747098867765,vendor_a,0.27721866422689845,vendor_a,micro,62.1,youtube,69.3,youtube · micro,94.4,youtube
CR00919,instagram,,,,,,,,,,,,,,,,,
CR00919,tiktok,@creator919_tiktok,vendor_b,107810.0,vendor_b,5.702819775531027,vendor_b,0.08811061768268066,vendor_b,,,mid,79.8,tiktok,55.1,tiktok · mid,,
CR00919,youtube,@creator919_youtube,vendor_a,28888,vendor_a,1.0149196898366104,vendor_a,0.09213262258515746,vendor_a,0.1767002928734136,vendor_a,micro,38.1,youtube,48.4,youtube · micro,82.2,youtube
CR00923,instagram,https://www.instagram.com/creator923_instagram/,vendor_b,82960.0,vendor_b,0.5241200578592092,vendor_b,0.15302293259207783,vendor_b,,"n/a (likes hidden, vendor_b)",micro,41.0,instagram,81.0,instagram · micro,,
CR00923,tiktok,@creator923_tiktok,vendor_c,24460,vendor_c,5.103802125919869,vendor_c,0.16476190476190475,vendor_c,,,micro,75.1,tiktok,87.3,tiktok · micro,,
CR00923,youtube,@creator923_youtube,vendor_b,23680.0,vendor_b,1.2587837837837839,vendor_b,0.06045678459471563,vendor_b,0.058402860548271755,vendor_b,micro,51.4,youtube,32.0,youtube · micro,32.1,youtube
CR00924,instagram,@creator924_instagram,vendor_b,96290.0,vendor_b,0.08435974659881608,vendor_b,0.011449579831932772,vendor_b,0.14908256880733944,vendor_b,micro,1.1,instagram,13.5,instagram · micro,52.9,instagram
CR00924,tiktok,@creator924_tiktok,vendor_b,56980.0,vendor_b,1.195981045981046,vendor_b,0.14119767674744643,vendor_b,0.13825109916951636,vendor_b,micro,8.0,tiktok,79.4,tiktok · micro,48.6,tiktok
CR00926,instagram,@creator926_instagram,vendor_b,42830,vendor_b,0.7746439411627364,vendor_b,,EXCLUDED: Q00027 (no consistent source),0.022999080036798528,vendor_b,micro,62.8,instagram,,,4.9,instagram
CR00927,instagram,,,,,,,,,,,,,,,,,
CR00927,tiktok,https://www.tiktok.com/@creator927_tiktok,vendor_b,1065950.0,vendor_b,2.340062854730522,vendor_b,0.13029785699895025,vendor_b,0.1933881500358366,vendor_b,macro,35.2,tiktok,88.9,tiktok · macro,67.8,tiktok
CR00927,youtube,@creator927_youtube,vendor_a,9719,vendor_a,0.30754192818191173,vendor_a,0.040355384286020125,vendor_a,0.25925925925925924,vendor_c,nano,2.9,youtube,18.9,youtube · nano,92.6,youtube
CR00928,instagram,@creator928_instagram,vendor_b,307440.0,vendor_b,0.5238843351548269,vendor_b,0.05363446314130025,vendor_b,0.08680824678344443,vendor_b,mid,40.8,instagram,32.9,instagram · mid,30.0,instagram
CR00928,tiktok,@creator928_tiktok,vendor_a,208992,vendor_a,6.915169001684275,vendor_a,-0.1066770962902171,vendor_a,0.037444248521937555,vendor_a,mid,86.9,tiktok,1.3,tiktok · mid,7.1,tiktok
CR00928,youtube,@creator928_youtube,vendor_a,17780,vendor_a,1.0855455568053993,vendor_a,0.2411867364746946,vendor_a,0.08854667949951876,vendor_a,micro,42.0,youtube,98.0,youtube · micro,48.5,youtube
CR00931,youtube,@creator931_youtube,vendor_a,7959,vendor_a,1.4269380575449178,vendor_a,0.08788955713504647,vendor_a,0.12179487179487179,vendor_a,nano,58.5,youtube,38.9,youtube · nano,64.9,youtube
CR00934,tiktok,https://www.tiktok.com/@creator934_tiktok,vendor_b,132490.0,vendor_b,6.4780662691523885,vendor_b,0.1513861128009038,vendor_b,0.07058433668397217,vendor_b,mid,85.3,tiktok,85.9,tiktok · mid,17.1,tiktok
CR00934,youtube,@creator934_youtube,vendor_a,25311,vendor_a,0.7718778396744499,vendor_a,0.1492462767889575,vendor_a,0.06311360448807854,vendor_a,micro,24.4,youtube,80.1,youtube · micro,35.4,youtube
CR00935,instagram,@creator935_instagram,vendor_a,145735,vendor_a,0.796349538545991,vendor_a,-0.00234806062514547,vendor_a,0.026661796932067203,vendor_a,mid,64.8,instagram,11.0,instagram · mid,5.4,instagram
CR00935,tiktok,,,,,,,,,,,,,,,,,
CR00935,youtube,@creator935_youtube,vendor_a,71687,vendor_a,0.68707018008844,vendor_a,0.10430402366134697,vendor_a,0.4786219624730852,vendor_a,micro,19.9,youtube,55.9,youtube · micro,99.8,youtube
CR00936,tiktok,https://www.tiktok.com/@creator936_tiktok,vendor_b,815663,vendor_c,2.7994257432297407,vendor_c,0.12893126590810633,vendor_c,0.1257696063861407,vendor_b,mid,45.0,tiktok,77.6,tiktok · mid,44.5,tiktok
CR00937,instagram,https://www.instagram.com/creator937_instagram/,vendor_b,192160.0,vendor_b,1.1078528309741882,vendor_b,0.2181299524564184,vendor_b,0.04485330139894399,vendor_b,mid,81.0,instagram,98.6,instagram · mid,10.5,instagram
CR00937,tiktok,@creator937_tiktok,vendor_a,16473,vendor_a,1.984580829235719,vendor_a,0.26433341008519456,vendor_a,0.2291154791154791,vendor_a,micro,26.8,tiktok,99.6,tiktok · micro,77.4,tiktok
CR00937,youtube,https://youtube.com/@creator937_youtube,vendor_b,126110.0,vendor_b,2.219371976845611,vendor_b,0.11031871808416975,vendor_b,,,mid,79.1,youtube,65.4,youtube · mid,,
CR00939,tiktok,@creator939_tiktok,vendor_b,484130.0,vendor_b,6.183163613079132,vendor_b,0.002900171938764941,vendor_b,0.101190374386427,vendor_b,mid,83.4,tiktok,15.4,tiktok · mid,32.2,tiktok
CR00940,youtube,@creator940_youtube,vendor_a,20989,vendor_c,0.7512982991090571,vendor_c,0.09505921636145458,vendor_c,0.09264705882352942,vendor_a,micro,23.7,youtube,49.7,youtube · micro,51.0,youtube
CR00942,instagram,@creator942_instagram,vendor_a,81381,vendor_a,0.21200280163674567,vendor_a,-0.056976986720433845,vendor_a,0.1961089494163424,vendor_a,micro,8.9,instagram,2.9,instagram · micro,69.5,instagram
CR00942,tiktok,@creator942_tiktok,vendor_b,158860.0,vendor_b,3.435723278358303,vendor_b,0.2045799211404307,vendor_b,,,mid,57.5,tiktok,98.1,tiktok · mid,,
CR00942,youtube,@creator942_youtube,vendor_c,40743,vendor_c,1.9711361460864443,vendor_c,0.0648980658651333,vendor_c,0.0545389307499103,vendor_c,micro,75.8,youtube,33.3,youtube · micro,29.8,youtube
CR00943,youtube,@creator943_youtube,vendor_a,21991,vendor_a,3.5091628393433676,vendor_a,0.1381326984784184,vendor_a,0.1362862010221465,vendor_a,micro,93.4,youtube,74.8,youtube · micro,71.1,youtube
CR00949,instagram,@creator949_instagram,vendor_b,37770.0,vendor_b,0.9374635954461212,vendor_b,0.11811722912966252,vendor_b,0.26792051100070974,vendor_b,micro,72.8,instagram,65.0,instagram · micro,85.9,instagram
CR00949,tiktok,@creator949_tiktok,vendor_a,390997,vendor_a,6.956702992606082,vendor_a,0.030729688406179154,vendor_a,,,mid,87.1,tiktok,28.2,tiktok · mid,,
CR00952,instagram,@creator952_instagram,vendor_b,6980.0,vendor_b,1.1239255014326648,vendor_b,0.20344827586206896,vendor_b,0.105,vendor_b,nano,81.9,instagram,95.2,instagram · nano,37.3,instagram
CR00952,youtube,@creator952_youtube,vendor_c,2093,vendor_c,0.7138079311992356,vendor_c,0.2631261315630658,vendor_c,0.07547169811320754,vendor_c,nano,21.1,youtube,98.9,youtube · nano,40.9,youtube
CR00953,instagram,@creator953_instagram,vendor_a,83307,vendor_a,0.49443624185242535,vendor_a,0.0373566438791139,vendor_a,0.135661133371494,vendor_a,micro,36.7,instagram,23.7,instagram · micro,47.6,instagram
CR00953,tiktok,@creator953_tiktok,vendor_a,65331,vendor_a,2.264376788966953,vendor_a,-0.0016809034091777326,vendor_a,0.13905351614329942,vendor_a,micro,33.1,tiktok,9.4,tiktok · micro,48.9,tiktok
CR00955,instagram,@creator955_instagram,vendor_a,82258,vendor_a,0.5177004060395342,vendor_a,-0.048534480764337105,vendor_a,,,micro,39.3,instagram,3.6,instagram · micro,,
CR00955,tiktok,,,,,,,,,,,,,,,,,
CR00955,youtube,@creator955_youtube,vendor_a,5142,vendor_a,2.555036950602878,vendor_a,0.18451969592259848,vendor_a,0.12101210121012101,vendor_a,nano,84.4,youtube,84.4,youtube · nano,64.4,youtube
CR00956,instagram,@creator956_instagram,vendor_b,71400.0,vendor_b,0.07987394957983193,vendor_b,0.1078355314197052,vendor_b,0.2,vendor_b,micro,0.7,instagram,59.5,instagram · micro,70.7,instagram
CR00956,tiktok,@creator956_tiktok,vendor_b,517680.0,vendor_b,22.422591176016073,vendor_b,0.23028661058035077,vendor_b,,,mid,99.6,tiktok,100.0,tiktok · mid,,
CR00956,youtube,@creator956_youtube,vendor_a,10166,vendor_a,1.2781821758803855,vendor_a,0.11310631774882295,vendor_a,0.3968253968253968,vendor_a,micro,52.2,youtube,59.5,youtube · micro,98.4,youtube
CR00959,instagram,@creator959_instagram,vendor_b,1003810.0,vendor_b,0.1388569550014445,vendor_b,,,0.32114587259705996,vendor_b,macro,3.4,instagram,,,92.7,instagram
CR00959,tiktok,@creator959_tiktok,vendor_a,498887,vendor_a,2.439378055551658,vendor_a,0.10319046839826457,vendor_a,0.07093088531519334,vendor_a,mid,38.4,tiktok,64.7,tiktok · mid,17.6,tiktok
CR00962,instagram,@creator962_instagram,vendor_a,45050.0,vendor_b,0.16483906770255272,vendor_b,0.002131202131202131,vendor_c,0.11568627450980393,vendor_b,micro,5.4,instagram,10.9,instagram · micro,41.7,instagram
CR00962,tiktok,@creator962_tiktok,vendor_b,20280.0,vendor_b,2.613067061143984,vendor_b,0.04106776180698152,vendor_b,,,micro,41.3,tiktok,22.1,tiktok · micro,,
CR00962,youtube,@creator962_youtube,vendor_a,27975,vendor_a,0.8917247542448615,vendor_a,0.058616514039203815,vendor_a,0.043072132848988066,vendor_a,micro,31.5,youtube,30.4,youtube · micro,25.4,youtube
CR00966,instagram,,,,,,,,,,,,,,,,,
CR00967,instagram,@creator967_instagram,vendor_c,16151,vendor_c,0.728933192991146,vendor_c,0.21399579073962718,vendor_c,,,micro,58.5,instagram,94.9,instagram · micro,,
CR00967,youtube,@creator967_youtube,vendor_a,11930,vendor_a,0.7447611064543168,vendor_a,0.19085645837492513,vendor_a,0.20089285714285715,vendor_a,micro,23.4,youtube,90.8,youtube · micro,86.2,youtube
CR00969,tiktok,@creator969_tiktok,vendor_b,29890.0,vendor_b,2.87152893944463,vendor_b,0.08809610484164543,vendor_b,0.40956569543705335,vendor_b,micro,46.8,tiktok,51.3,tiktok · micro,99.1,tiktok
CR00969,youtube,@creator969_youtube,vendor_a,1182209,vendor_a,2.607214122037643,vendor_a,0.12561102637196486,vendor_a,,,macro,84.6,youtube,76.9,youtube · macro,,
CR00970,instagram,@creator970_instagram,vendor_b,66600.0,vendor_b,0.7970870870870871,vendor_b,-0.04748283752860412,vendor_b,0.1786476868327402,vendor_b,micro,65.0,instagram,4.4,instagram · micro,62.9,instagram
CR00971,tiktok,@creator971_tiktok,vendor_b,36240.0,vendor_b,0.6291803102689355,vendor_c,0.1493815413891532,vendor_b,0.19291338582677164,vendor_b,micro,1.4,tiktok,84.3,tiktok · micro,67.6,tiktok
CR00971,youtube,@creator971_youtube,vendor_a,201964,vendor_a,3.2908241072666415,vendor_a,-0.006063111478572413,vendor_a,0.2721228121638799,vendor_a,mid,91.0,youtube,14.2,youtube · mid,94.0,youtube
CR00975,instagram,@creator975_instagram,vendor_b,88050.0,vendor_b,0.18030664395229984,vendor_b,0.09392471114424152,vendor_b,0.07096171802054155,vendor_b,micro,6.7,instagram,54.4,instagram · micro,23.2,instagram
CR00975,tiktok,,,,,,,,,,,,,,,,,
CR00975,youtube,@creator975_youtube,vendor_a,19464,vendor_a,1.503236744759556,vendor_a,0.19653285793323907,vendor_a,0.0027739251040221915,vendor_a,micro,61.4,youtube,91.5,youtube · micro,3.4,youtube
CR00976,instagram,@creator976_instagram,vendor_b,17770.0,vendor_b,0.8879009566685425,vendor_b,0.16067929457870672,vendor_b,0.14307004470938897,vendor_b,micro,69.8,instagram,83.2,instagram · micro,50.0,instagram
CR00976,tiktok,@creator976_tiktok,vendor_b,4310.0,vendor_b,1.7276102088167054,vendor_b,0.11658031088082901,vendor_b,0.14388489208633093,vendor_b,nano,20.7,tiktok,49.1,tiktok · nano,50.9,tiktok
CR00976,youtube,@creator976_youtube,vendor_a,47325,vendor_a,0.9313681986265188,vendor_a,0.11455217729210335,vendor_a,0.24433249370277077,vendor_a,micro,34.4,youtube,60.1,youtube · micro,91.0,youtube
CR00977,instagram,@creator977_instagram,vendor_a,2926,vendor_a,0.5403280929596719,vendor_a,0.07061836809366996,vendor_a,0.06382978723404255,vendor_a,nano,42.3,instagram,32.3,instagram · nano,20.0,instagram
CR00977,tiktok,@creator977_tiktok,vendor_b,28230.0,vendor_b,10.931207934821112,vendor_b,0.1406060606060606,vendor_b,0.294451871657754,vendor_b,micro,95.3,tiktok,78.7,tiktok · micro,88.8,tiktok
CR00977,youtube,@creator977_youtube,vendor_a,19655,vendor_a,1.190638514372933,vendor_a,0.07621967913267262,vendor_a,0.06796769851951548,vendor_a,micro,49.1,youtube,39.5,youtube · micro,37.6,youtube
CR00978,tiktok,@creator978_tiktok,vendor_a,39167,vendor_a,1.3824648300865525,vendor_a,0.20114695780176645,vendor_a,0.028995512599240592,vendor_a,micro,11.9,tiktok,94.0,tiktok · micro,5.0,tiktok
CR00979,instagram,@creator979_instagram,vendor_a,12380,vendor_a,1.9449919224555734,vendor_a,0.04402091415078428,vendor_a,0.07520143240823635,vendor_a,micro,95.2,instagram,25.5,instagram · micro,25.4,instagram
CR00979,tiktok,@creator979_tiktok,vendor_a,4624,vendor_a,2.8019031141868513,vendor_a,0.10569105691056911,vendor_a,0.11616161616161616,vendor_a,nano,45.2,tiktok,40.4,tiktok · nano,38.1,tiktok
CR00979,youtube,@creator979_youtube,vendor_a,372726,vendor_a,0.5970256971609171,vendor_a,0.1148512837692326,vendor_a,0.05170810341620683,vendor_a,mid,14.7,youtube,68.5,youtube · mid,28.7,youtube
CR00983,instagram,https://www.instagram.com/creator983_instagram/,vendor_b,29960.0,vendor_b,0.35196929238985314,vendor_b,0.10228108903605593,vendor_b,,,micro,21.4,instagram,57.7,instagram · micro,,
CR00983,tiktok,@creator983_tiktok,vendor_a,15140,vendor_a,2.2106340819022456,vendor_a,0.2293950466910272,vendor_a,0.057951482479784364,vendor_a,micro,31.7,tiktok,97.4,tiktok · micro,11.6,tiktok
CR00983,youtube,@creator983_youtube,vendor_a,421308,vendor_a,,,-0.02432540086889665,vendor_a,0.07737573557030174,vendor_a,mid,,,9.3,youtube · mid,42.0,youtube
CR00985,tiktok,,,,,,,,,,,,,,,,,
CR00985,youtube,@creator985_youtube,vendor_a,127305,vendor_a,0.7858842936255449,vendor_a,,,0.12359790620660185,vendor_a,mid,24.9,youtube,,,66.3,youtube
CR00986,instagram,@creator986_instagram,vendor_b,751000.0,vendor_b,0.6197376830892144,vendor_b,0.07129611138055976,vendor_b,0.10569912585410543,vendor_b,mid,50.1,instagram,40.4,instagram · mid,38.0,instagram
CR00986,youtube,@creator986_youtube,vendor_a,1996,vendor_a,0.655811623246493,vendor_a,0.004024144869215292,vendor_a,0.14516129032258066,vendor_a,nano,18.0,youtube,10.0,youtube · nano,73.7,youtube
CR00987,instagram,https://www.instagram.com/creator987_instagram/,vendor_b,643630.0,vendor_b,1.7845858645495083,vendor_b,0.19456198960653304,vendor_b,0.13302360958362028,vendor_b,mid,93.7,instagram,94.5,instagram · mid,46.8,instagram
CR00987,tiktok,@creator987_tiktok,vendor_a,25010,vendor_a,1.622391043582567,vendor_a,0.11811516452074391,vendor_a,0.025404157043879907,vendor_a,micro,18.2,tiktok,67.0,tiktok · micro,4.1,tiktok
CR00987,youtube,@creator987_youtube,vendor_a,22550,vendor_a,1.9060753880266075,vendor_a,0.13424878024244252,vendor_a,0.11779141104294479,vendor_a,micro,73.7,youtube,72.2,youtube · micro,62.6,youtube
CR00990,instagram,@creator990_instagram,vendor_a,14014,vendor_a,0.9197944912230627,vendor_a,0.12815971663178233,vendor_a,0.06976744186046512,vendor_a,micro,71.5,instagram,71.5,instagram · micro,22.2,instagram
CR00990,tiktok,,,,,,,,,,,,,,,,,
CR00990,youtube,@creator990_youtube,vendor_a,7343,vendor_a,1.3194879477052976,vendor_a,0.2460546410996097,vendor_a,0.0672782874617737,vendor_a,nano,54.2,youtube,95.6,youtube · nano,36.9,youtube
CR00991,instagram,@creator991_instagram,vendor_a,35913,vendor_a,0.37359730459722107,vendor_a,0.08999028772611388,vendor_a,,,micro,24.6,instagram,52.6,instagram · micro,,
CR00991,tiktok,@creator991_tiktok,vendor_b,950.0,vendor_b,1.7073684210526316,vendor_b,0.16056670602125148,vendor_c,0.37349397590361444,vendor_b,nano,20.0,tiktok,66.7,tiktok · nano,97.0,tiktok
CR00991,youtube,@creator991_youtube,vendor_a,1012231,vendor_a,3.430271351104639,vendor_a,0.006800319078888476,vendor_a,0.09390843738176315,vendor_a,macro,92.4,youtube,15.4,youtube · macro,51.5,youtube
CR00992,instagram,@creator992_instagram,vendor_c,61935,vendor_c,1.453039476870913,vendor_c,,,,,micro,89.9,instagram,,,,
CR00992,tiktok,@creator992_tiktok,vendor_a,7251,vendor_a,3.0045510964004967,vendor_a,0.09548270131439794,vendor_a,0.09031657355679702,vendor_a,nano,49.7,tiktok,35.1,tiktok · nano,26.3,tiktok
CR00995,instagram,@creator995_instagram,vendor_b,11970.0,vendor_b,1.3652464494569758,vendor_b,0.18867924528301888,vendor_b,0.00783132530120482,vendor_b,micro,87.7,instagram,90.1,instagram · micro,2.4,instagram
CR00995,tiktok,@creator995_tiktok,vendor_b,31940.0,vendor_b,2.5686912961803383,vendor_b,0.17990395271518286,vendor_b,0.24540486835568803,vendor_b,micro,40.3,tiktok,91.0,tiktok · micro,80.6,tiktok
CR00995,youtube,@creator995_youtube,vendor_a,7527,vendor_a,1.9699747575395243,vendor_a,0.1361509433962264,vendor_a,0.1386696730552424,vendor_a,nano,75.6,youtube,64.4,youtube · nano,71.8,youtube
CR00998,instagram,,,,,,,,,,,,,,,,,
CR00998,tiktok,,,,,,,,,,,,,,,,,
CR00999,instagram,@creator999_instagram,vendor_b,2040.0,vendor_b,0.48823529411764705,vendor_b,,,0.14814814814814814,vendor_b,nano,35.2,instagram,,,52.4,instagram
CR01000,tiktok,@creator1000_tiktok,vendor_b,76290.0,vendor_b,6.68645956219688,vendor_b,-0.006381870278718416,vendor_b,0.3319505042557757,vendor_b,micro,86.3,tiktok,8.6,tiktok · micro,93.6,tiktok
CR01000,youtube,,,,,,,,,,,,,,,,,
CR01001,instagram,,,,,,,,,,,,,,,,,
CR01001,tiktok,@creator1001_tiktok,vendor_b,468240.0,vendor_b,1.715748334187596,vendor_b,0.09088367541877315,vendor_b,0.13759871503145496,vendor_b,mid,20.4,tiktok,58.3,tiktok · mid,48.2,tiktok
CR01001,youtube,@creator1001_youtube,vendor_a,9034,vendor_a,0.4967899048040735,vendor_a,0.0976913730255164,vendor_a,0.14736842105263157,vendor_a,nano,9.7,youtube,44.4,youtube · nano,74.4,youtube
CR01003,instagram,,,,,,,,,,,,,,,,,
CR01003,tiktok,@creator1003_tiktok,vendor_a,61913,vendor_a,4.272576034112383,vendor_a,0.10877701964576729,vendor_a,0.20078470449025348,vendor_a,micro,68.3,tiktok,61.8,tiktok · micro,70.1,tiktok
CR01003,youtube,,,9201,vendor_c,0.5509183784371264,vendor_c,0.18219195682898626,vendor_c,0.08446866485013624,vendor_c,nano,12.5,youtube,83.3,youtube · nano,46.2,youtube
CR01004,instagram,@creator1004_instagram,vendor_a,171998,vendor_a,0.2802416307166362,vendor_a,0.029607547350525586,vendor_a,0.31819418003807454,vendor_a,mid,16.0,instagram,19.2,instagram · mid,92.2,instagram
CR01004,tiktok,,,,,,,,,,,,,,,,,
CR01004,youtube,@creator1004_youtube,vendor_a,20814,vendor_a,1.350341116556164,vendor_a,0.0408040804080408,vendor_a,0.05651340996168582,vendor_c,micro,55.7,youtube,23.9,youtube · micro,30.7,youtube
CR01005,instagram,https://www.instagram.com/creator1005_instagram/,vendor_b,66730.0,vendor_b,,,0.11105561105561106,vendor_b,0.05608667941363926,vendor_b,micro,,,62.0,instagram · micro,15.9,instagram
CR01005,tiktok,https://www.tiktok.com/@creator1005_tiktok,vendor_b,10420.0,vendor_b,1.619193857965451,vendor_b,0.09338929695697797,vendor_b,0.13556851311953352,vendor_b,micro,17.8,tiktok,53.6,tiktok · micro,47.3,tiktok
CR01005,youtube,@creator1005_youtube,vendor_a,31463,vendor_a,0.30289546451387345,vendor_a,0.09185868961687951,vendor_a,0.038535645472061654,vendor_a,micro,2.4,youtube,47.7,youtube · micro,22.2,youtube
CR01006,tiktok,@creator1006_tiktok,vendor_b,331720.0,vendor_b,4.655432292294706,vendor_b,0.22383324109942815,vendor_b,0.022131827548371556,vendor_b,mid,72.8,tiktok,99.4,tiktok · mid,3.2,tiktok
CR01008,instagram,@creator1008_instagram,vendor_a,61814,vendor_a,1.0096256511469894,vendor_a,0.045426870518197805,vendor_a,0.10691699604743082,vendor_a,micro,77.8,instagram,27.4,instagram · micro,38.8,instagram
CR01008,tiktok,@creator1008_tiktok,vendor_a,200703,vendor_a,4.049236932183375,vendor_a,0.07304280879593245,vendor_a,0.10823226147592452,vendor_a,mid,64.4,tiktok,44.9,tiktok · mid,36.1,tiktok
CR01008,youtube,,,,,,,,,,,,,,,,,
CR01009,instagram,@creator1009_instagram,vendor_b,367880.0,vendor_b,0.6525863740302923,vendor_c,0.12687618697543343,vendor_b,0.14417332469589,vendor_b,mid,53.3,instagram,68.5,instagram · mid,51.2,instagram
CR01009,youtube,@creator1009_youtube,vendor_a,1455954,vendor_a,1.470645363795834,vendor_a,0.017390520499739007,vendor_a,0.123781026371289,vendor_a,macro,60.7,youtube,30.8,youtube · macro,66.5,youtube
CR01011,instagram,,,5810.0,vendor_b,0.7371772805507745,vendor_b,0.07792207792207792,vendor_b,0.09375,vendor_b,nano,59.4,instagram,35.5,instagram · nano,32.2,instagram
CR01011,tiktok,https://www.tiktok.com/@creator1011_tiktok,vendor_b,2740.0,vendor_b,1.205109489051095,vendor_b,0.18197725284339458,vendor_c,0.16666666666666666,vendor_b,nano,8.6,tiktok,73.7,tiktok · nano,58.4,tiktok
CR01011,youtube,@creator1011_youtube,vendor_a,23808,vendor_a,2.887642809139785,vendor_a,0.2037008948885181,vendor_a,0.06074194863432532,vendor_a,micro,86.7,youtube,93.1,youtube · micro,34.2,youtube
CR01013,instagram,@creator1013_instagram,vendor_c,21491,vendor_c,0.6405937369131264,vendor_c,0.07924471450811028,vendor_c,,,micro,52.3,instagram,44.9,instagram · micro,,
CR01013,tiktok,@creator1013_tiktok,vendor_b,17000.0,vendor_b,,,0.19634060520760027,vendor_b,0.13542600896860987,vendor_b,micro,,,93.6,tiktok · micro,47.0,tiktok
CR01016,instagram,@creator1016_instagram,vendor_b,820.0,vendor_b,1.273170731707317,vendor_b,,,0.10666666666666667,vendor_b,nano,86.0,instagram,,,38.5,instagram
CR01016,tiktok,@creator1016_tiktok,vendor_b,147770.0,vendor_b,3.6483995398254043,vendor_b,0.08280208104345277,vendor_b,,,mid,60.3,tiktok,51.3,tiktok · mid,,
CR01016,youtube,@creator1016_youtube,vendor_a,117712,vendor_a,0.33197974717955686,vendor_a,0.04040091567159562,vendor_a,0.004830917874396135,vendor_a,mid,4.2,youtube,29.0,youtube · mid,5.3,youtube
CR01017,instagram,@creator1017_instagram,vendor_b,27380.0,vendor_b,0.9055880204528853,vendor_b,0.14083333333333334,vendor_b,0.041740674955595025,vendor_b,micro,70.8,instagram,77.0,instagram · micro,9.5,instagram
CR01017,tiktok,@creator1017_tiktok,vendor_a,365652,vendor_a,5.748695480949099,vendor_a,0.1187766191804964,vendor_a,0.11722773221438108,vendor_a,mid,80.0,tiktok,74.4,tiktok · mid,38.8,tiktok
CR01017,youtube,@creator1017_youtube,vendor_a,24733,vendor_a,0.38106982573889137,vendor_a,0.23733053179248587,vendor_a,,,micro,6.2,youtube,97.7,youtube · micro,,
CR01023,instagram,,,,,,,,,,,,,,,,,
CR01023,tiktok,@creator1023_tiktok,vendor_b,49860.0,vendor_b,2.8650421179302046,vendor_b,0.14101957817081245,vendor_c,,,micro,46.6,tiktok,79.0,tiktok · micro,,
CR01023,youtube,@creator1023_youtube,vendor_a,206291,vendor_a,0.7244135711204076,vendor_a,-0.13596116472322745,vendor_a,0.13208369659982563,vendor_a,mid,22.0,youtube,1.2,youtube · mid,69.8,youtube
CR01025,instagram,@creator1025_instagram,vendor_b,342270.0,vendor_b,0.9024951062027055,vendor_b,0.21626807860417185,vendor_b,,,mid,70.4,instagram,97.3,instagram · mid,,
CR01025,tiktok,,,,,,,,,,,,,,,,,
CR01025,youtube,@creator1025_youtube,vendor_a,88382,vendor_a,5.759249620963544,vendor_a,0.012800091674783704,vendor_a,0.13613899613899613,vendor_a,micro,98.6,youtube,13.7,youtube · micro,70.9,youtube
CR01029,instagram,@creator1029_instagram,vendor_a,8460,vendor_a,1.3095744680851065,vendor_a,0.11653688795037614,vendor_a,0.41947565543071164,vendor_a,nano,86.8,instagram,56.5,instagram · nano,97.8,instagram
CR01030,tiktok,@creator1030_tiktok,vendor_b,41890.0,vendor_b,8.103938887562665,vendor_b,0.06916794282797345,vendor_b,0.3001824817518248,vendor_b,micro,90.4,tiktok,39.0,tiktok · micro,90.4,tiktok
CR01030,youtube,@creator1030_youtube,vendor_a,18455,vendor_a,0.3970197778379843,vendor_a,0.11510574018126889,vendor_a,0.043785310734463276,vendor_a,micro,6.9,youtube,60.8,youtube · micro,26.5,youtube
CR01031,instagram,@creator1031_instagram,vendor_b,206680.0,vendor_b,0.425261273466228,vendor_b,0.11303785879691959,vendor_b,,,mid,29.2,instagram,63.0,instagram · mid,,
CR01031,tiktok,https://www.tiktok.com/@creator1031_tiktok,vendor_b,1013450.0,vendor_b,5.665857220385811,vendor_b,0.05816818760832794,vendor_b,,,macro,79.3,tiktok,44.4,tiktok · macro,,
CR01031,youtube,@creator1031_youtube,vendor_a,36396,vendor_a,3.4681008902077153,vendor_a,0.12378423441504308,vendor_a,0.009274287039183864,vendor_a,micro,92.9,youtube,67.3,youtube · micro,6.7,youtube
CR01034,instagram,@creator1034_instagram,vendor_a,643,vendor_a,0.07931570762052877,vendor_a,0.1690909090909091,vendor_a,,,nano,0.6,instagram,87.1,instagram · nano,,
CR01034,tiktok,@creator1034_tiktok,vendor_a,925883,vendor_a,6.024943756392546,vendor_a,0.08547877304296038,vendor_a,0.16106590847221802,vendor_a,mid,82.6,tiktok,51.9,tiktok · mid,56.6,tiktok
CR01035,instagram,@creator1035_instagram,vendor_b,94870.0,vendor_b,0.26436175819542534,vendor_b,,,0.18076923076923077,vendor_b,micro,15.1,instagram,,,64.4,instagram
CR01035,tiktok,,,,,,,,,,,,,,,,,
CR01035,youtube,@creator1035_youtube,vendor_a,10656,vendor_a,1.55884009009009,vendor_a,0.09516957862281604,vendor_a,0.08532423208191127,vendor_a,micro,64.2,youtube,50.3,youtube · micro,46.9,youtube
CR01037,instagram,@creator1037_instagram,vendor_b,131530.0,vendor_b,0.7901239261005094,vendor_b,-0.023896103896103898,vendor_b,0.1013488880787459,vendor_b,mid,64.4,instagram,7.5,instagram · mid,36.3,instagram
CR01037,tiktok,@creator1037_tiktok,vendor_a,50714,vendor_a,5.547008715542059,vendor_a,0.06586801176965111,vendor_a,0.13251510211909098,vendor_a,micro,78.5,tiktok,36.3,tiktok · micro,45.7,tiktok
CR01037,youtube,@creator1037_youtube,vendor_a,147376,vendor_a,1.3157909021821734,vendor_a,0.12420095503989503,vendor_a,0.061440841909773274,vendor_a,mid,54.0,youtube,75.9,youtube · mid,34.6,youtube
CR01039,instagram,https://www.instagram.com/creator1039_instagram/,vendor_b,20500.0,vendor_b,0.8464878048780488,vendor_b,0.06659729448491156,vendor_b,0.14300306435137897,vendor_b,micro,68.0,instagram,38.0,instagram · micro,49.8,instagram
CR01039,tiktok,@creator1039_tiktok,vendor_b,2890.0,vendor_b,1.696885813148789,vendor_b,0.1636880584890333,vendor_c,0.09302325581395349,vendor_b,nano,19.4,tiktok,70.2,tiktok · nano,27.4,tiktok
CR01039,youtube,@creator1039_youtube,vendor_a,3152,vendor_a,6.034898477157361,vendor_a,0.17218296764596505,vendor_a,0.11946902654867257,vendor_a,nano,99.0,youtube,77.8,youtube · nano,63.8,youtube
CR01045,instagram,@creator1045_instagram,vendor_b,11720.0,vendor_b,0.7169795221843004,vendor_b,0.12584053794428435,vendor_b,0.21937842778793418,vendor_b,micro,57.9,instagram,69.7,instagram · micro,75.4,instagram
CR01045,tiktok,@creator1045_tiktok,vendor_a,21005,vendor_a,1.4442751725779577,vendor_a,0.05114347195115849,vendor_a,0.11813186813186813,vendor_a,micro,14.5,tiktok,27.7,tiktok · micro,39.7,tiktok
CR01045,youtube,@creator1045_youtube,vendor_a,31778,vendor_a,2.711057964629618,vendor_a,0.11435284216432304,vendor_a,0.20610955056179775,vendor_a,micro,85.3,youtube,59.8,youtube · micro,87.1,youtube
CR01046,instagram,@creator1046_instagram,vendor_a,13260,vendor_a,0.2803921568627451,vendor_a,0.25307125307125306,vendor_a,0.4864864864864865,vendor_a,micro,16.2,instagram,97.8,instagram · micro,99.3,instagram
CR01046,tiktok,@creator1046_tiktok,vendor_b,26000.0,vendor_b,,,0.09381573411863693,vendor_b,0.17722810149177612,vendor_b,micro,,,54.3,tiktok · micro,61.9,tiktok
CR01046,youtube,,,,,,,,,,,,,,,,,
CR01047,instagram,@creator1047_instagram,vendor_a,23478,vendor_a,0.14392196950336486,vendor_a,0.15076953239878443,vendor_a,0.16216216216216217,vendor_a,micro,3.7,instagram,79.6,instagram · micro,57.1,instagram
CR01047,tiktok,@creator1047_tiktok,vendor_a,301,vendor_a,9.700996677740864,vendor_a,0.18972332015810275,vendor_a,0.28688524590163933,vendor_a,nano,93.5,tiktok,78.9,tiktok · nano,87.4,tiktok
CR01047,youtube,@creator1047_youtube,vendor_a,1050659,vendor_a,0.9332771146489965,vendor_a,0.12642094643636337,vendor_a,0.12809151695802787,vendor_a,macro,34.8,youtube,84.6,youtube · macro,68.1,youtube
CR01049,instagram,@creator1049_instagram,vendor_a,136138,vendor_a,0.15297712615140518,vendor_a,0.14706278858144317,vendor_a,0.01972872996300863,vendor_a,mid,4.5,instagram,77.4,instagram · mid,4.1,instagram
CR01049,tiktok,@creator1049_tiktok,vendor_b,74470.0,vendor_b,7.337693030750638,vendor_b,0.04533969679955081,vendor_b,0.33335344515506216,vendor_b,micro,88.3,tiktok,22.8,tiktok · micro,93.8,tiktok
CR01049,youtube,@creator1049_youtube,vendor_a,7203,vendor_a,0.9118422879355824,vendor_a,0.08511599879481771,vendor_a,0.12262773722627737,vendor_a,nano,33.4,youtube,36.7,youtube · nano,65.3,youtube
CR01050,tiktok,@creator1050_tiktok,vendor_a,549391,vendor_a,0.8465337073231997,vendor_a,0.02368831962554828,vendor_a,0.22847491734943223,vendor_a,mid,3.3,tiktok,23.1,tiktok · mid,77.2,tiktok
CR01051,instagram,,,37258,vendor_c,0.9812120886789414,vendor_c,0.1583037990424672,vendor_c,,,micro,75.8,instagram,82.1,instagram · micro,,
CR01051,tiktok,,,,,,,,,,,,,,,,,
CR01051,youtube,,,,,,,,,,,,,,,,,
CR01053,youtube,@creator1053_youtube,vendor_a,7511,vendor_a,1.1749434163227266,vendor_a,0.2532955114300017,vendor_a,0.0774487471526196,vendor_a,nano,47.6,youtube,96.7,youtube · nano,42.2,youtube
CR01054,tiktok,@creator1054_tiktok,vendor_b,11013,vendor_a,10.428584400254245,vendor_a,0.14706801374856784,vendor_a,0.29691126584538474,vendor_a,micro,95.1,tiktok,82.4,tiktok · micro,89.5,tiktok
CR01054,youtube,@creator1054_youtube,vendor_a,53147,vendor_a,0.42152896682785485,vendor_a,0.28813107443224506,vendor_a,0.17267080745341615,vendor_a,micro,7.8,youtube,99.7,youtube · micro,81.1,youtube
CR01055,instagram,@creator1055_instagram,vendor_b,21760.0,vendor_b,0.07614889705882352,vendor_b,0.21158129175946547,vendor_b,0.2112676056338028,vendor_b,micro,0.4,instagram,94.2,instagram · micro,73.9,instagram
CR01055,tiktok,,,,,,,,,,,,,,,,,
CR01055,youtube,@creator1055_youtube,vendor_a,15702,vendor_a,1.0381480066233602,vendor_a,0.07570048640131534,vendor_a,0.1951219512195122,vendor_a,micro,39.1,youtube,39.2,youtube · micro,85.0,youtube
CR01056,instagram,@creator1056_instagram,vendor_a,848476,vendor_a,1.0379987177009131,vendor_a,0.006507787755489389,vendor_a,0.11100497712533307,vendor_a,mid,79.1,instagram,13.0,instagram · mid,40.2,instagram
CR01056,tiktok,@creator1056_tiktok,vendor_a,902225,vendor_a,5.89562470558896,vendor_a,-0.05083998649204514,vendor_a,0.10593773447216141,vendor_a,mid,81.0,tiktok,5.1,tiktok · mid,34.2,tiktok
CR01056,youtube,@creator1056_youtube,vendor_a,37836,vendor_a,2.1551961095253196,vendor_a,0.11844866830234414,vendor_a,0.21107724923810786,vendor_a,micro,77.9,youtube,62.7,youtube · micro,87.7,youtube
CR01057,tiktok,@creator1057_tiktok,vendor_b,118320.0,vendor_b,4.647912440838405,vendor_b,0.052669039145907474,vendor_b,0.15161013093372427,vendor_b,mid,72.6,tiktok,34.6,tiktok · mid,54.1,tiktok
CR01059,instagram,@creator1059_instagram,vendor_a,153156,vendor_a,0.7264814959910157,vendor_a,0.11124332482006037,vendor_a,,"n/a (likes hidden, vendor_a)",mid,58.3,instagram,61.0,instagram · mid,,
CR01059,tiktok,https://www.tiktok.com/@creator1059_tiktok,vendor_b,4670.0,vendor_b,6.555674518201285,vendor_b,,,0.19239209948792976,vendor_b,nano,85.7,tiktok,,,67.4,tiktok
CR01059,youtube,@creator1059_youtube,vendor_a,36069,vendor_a,1.2696498378108625,vendor_a,0.24590673575129535,vendor_a,0.022598870056497175,vendor_a,micro,51.9,youtube,98.7,youtube · micro,13.9,youtube
CR01061,instagram,@creator1061_instagram,vendor_b,24240.0,vendor_b,0.6003300330033003,vendor_b,0.12430426716141002,vendor_b,,"n/a (likes hidden, vendor_b)",micro,48.0,instagram,68.6,instagram · micro,,
CR01061,tiktok,@creator1061_tiktok,vendor_b,7570.0,vendor_b,4.796433289299868,vendor_b,0.14350453172205438,vendor_b,0.08883953359244864,vendor_b,nano,73.4,tiktok,61.4,tiktok · nano,25.8,tiktok
CR01061,youtube,@creator1061_youtube,vendor_a,14165,vendor_a,1.4654429932933286,vendor_a,0.17610428429093325,vendor_a,0.05128205128205128,vendor_a,micro,60.4,youtube,86.3,youtube · micro,28.4,youtube
CR01064,instagram,,,4320.0,vendor_b,1.486574074074074,vendor_b,,,,"n/a (likes hidden, vendor_b)",nano,90.7,instagram,,,,
CR01064,tiktok,@creator1064_tiktok,vendor_b,2030.0,vendor_b,6.592610837438424,vendor_b,,,,,nano,85.9,tiktok,,,,
CR01064,youtube,,,,,,,,,,,,,,,,,
CR01065,instagram,@creator1065_instagram,vendor_b,176000.0,vendor_b,1.0482784090909092,vendor_b,0.1584282235239913,vendor_b,,,mid,79.7,instagram,85.6,instagram · mid,,
CR01065,tiktok,@creator1065_tiktok,vendor_b,5870.0,vendor_b,2.9824531516183987,vendor_b,0.06549604916593503,vendor_c,0.09329221279876639,vendor_b,nano,48.7,tiktok,15.8,tiktok · nano,27.6,tiktok
CR01065,youtube,@creator1065_youtube,vendor_a,363826,vendor_a,1.113386618878255,vendor_a,0.08222926866994663,vendor_a,0.02636743320082524,vendor_a,mid,43.9,youtube,49.4,youtube · mid,16.4,youtube
CR01071,instagram,@creator1071_instagram,vendor_b,57760.0,vendor_b,0.1153393351800554,vendor_b,0.02538611752174685,vendor_b,0.23319615912208505,vendor_b,micro,2.0,instagram,18.6,instagram · micro,77.3,instagram
CR01071,tiktok,,,,,,,,,,,,,,,,,
CR01071,youtube,@creator1071_youtube,vendor_a,782349,vendor_a,0.7437307390947007,vendor_a,0.061514602204577405,vendor_a,0.0011718933108329818,vendor_a,mid,23.2,youtube,38.9,youtube · mid,1.9,youtube
CR01073,instagram,@creator1073_instagram,vendor_b,3370.0,vendor_b,2.120178041543027,vendor_b,,,0.13866666666666666,vendor_b,nano,96.6,instagram,,,48.0,instagram
CR01073,tiktok,@creator1073_tiktok,vendor_a,65508,vendor_a,4.755999267265067,vendor_a,0.1574669587956746,vendor_a,0.11846597206827754,vendor_a,micro,73.2,tiktok,86.5,tiktok · micro,40.2,tiktok
CR01073,youtube,@creator1073_youtube,vendor_a,8619,vendor_a,1.6224620025525003,vendor_a,0.18981225842076202,vendor_a,0.0,vendor_a,nano,66.3,youtube,85.6,youtube · nano,0.8,youtube
CR01077,instagram,@creator1077_instagram,vendor_a,9690,vendor_a,1.1997936016511868,vendor_a,0.1811311555338859,vendor_a,0.19743589743589743,vendor_a,nano,83.6,instagram,90.3,instagram · nano,70.0,instagram
CR01077,tiktok,@creator1077_tiktok,vendor_b,4660.0,vendor_b,5.232832618025751,vendor_b,0.1477832512315271,vendor_b,0.17715877437325905,vendor_b,nano,76.5,tiktok,64.9,tiktok · nano,61.6,tiktok
CR01077,youtube,@creator1077_youtube,vendor_a,324391,vendor_a,0.7610013841321122,vendor_a,-0.04790821627523378,vendor_a,0.08633395242945299,vendor_a,mid,24.2,youtube,6.2,youtube · mid,47.4,youtube
CR01078,instagram,@creator1078_instagram,vendor_b,249170.0,vendor_b,0.8228839747963238,vendor_b,0.18376169889305904,vendor_b,0.18908725169725923,vendor_b,mid,66.1,instagram,93.8,instagram · mid,66.8,instagram
CR01078,tiktok,@creator1078_tiktok,vendor_c,4033,vendor_c,3.2459707413835854,vendor_c,0.0953286257468767,vendor_c,,,nano,54.0,tiktok,33.3,tiktok · nano,,
CR01078,youtube,@creator1078_youtube,vendor_a,37697,vendor_a,1.8078892219540017,vendor_a,0.1273363437901851,vendor_a,0.11973845525132816,vendor_a,micro,71.3,youtube,69.6,youtube · micro,64.0,youtube
CR01079,tiktok,@creator1079_tiktok,vendor_b,37530.0,vendor_b,6.437596589395151,vendor_b,0.0859375,vendor_b,0.245603682284905,vendor_b,micro,84.9,tiktok,49.4,tiktok · micro,80.8,tiktok
CR01081,instagram,@creator1081_instagram,vendor_a,97021,vendor_a,1.4327104441306522,vendor_a,0.16835057381293578,vendor_a,0.06078720596227001,vendor_a,micro,89.2,instagram,84.7,instagram · micro,18.5,instagram
CR01081,tiktok,@creator1081_tiktok,vendor_b,11690.0,vendor_b,3.4050470487596236,vendor_b,0.09048507462686567,vendor_b,0.05867062755291497,vendor_b,micro,56.9,tiktok,52.8,tiktok · micro,11.9,tiktok
CR01081,youtube,@creator1081_youtube,vendor_a,9104,vendor_a,0.7992091388400703,vendor_a,0.12980888557954828,vendor_a,0.14739884393063585,vendor_a,nano,26.1,youtube,58.9,youtube · nano,74.6,youtube
CR01084,youtube,@creator1084_youtube,vendor_a,197451,vendor_a,2.868281244460651,vendor_a,0.011184685584353732,vendor_a,0.06744454047824834,vendor_a,mid,86.5,youtube,19.1,youtube · mid,37.0,youtube
CR01085,instagram,@creator1085_instagram,vendor_b,,,,,,,,,,,,,,,
CR01085,tiktok,@creator1085_tiktok,vendor_b,103500.0,vendor_b,16.986917874396134,vendor_b,0.06602121742712946,vendor_b,0.0681838351822504,vendor_b,mid,99.0,tiktok,42.3,tiktok · mid,16.2,tiktok
CR01085,youtube,@creator1085_youtube,vendor_a,88523,vendor_a,1.641912271387097,vendor_a,0.04672996653699259,vendor_a,0.031612529002320186,vendor_a,micro,66.8,youtube,25.5,youtube · micro,18.2,youtube
CR01088,instagram,,,,,,,,,,,,,,,,,
CR01088,tiktok,@creator1088_tiktok,vendor_c,48310,vendor_c,7.210329124404885,vendor_c,0.0003727325436925371,vendor_c,,,micro,88.1,tiktok,10.1,tiktok · micro,,
CR01091,tiktok,@creator1091_tiktok,vendor_c,43183,vendor_c,,,0.0860642337969367,vendor_c,,,micro,,,49.8,tiktok · micro,,
CR01091,youtube,@creator1091_youtube,vendor_a,35951,vendor_a,3.952379627826764,vendor_a,0.06603605740718776,vendor_a,0.043787824848700606,vendor_a,micro,95.5,youtube,34.0,youtube · micro,26.6,youtube
CR01092,instagram,@creator1092_instagram,vendor_b,54860.0,vendor_b,0.24717700410124843,vendor_c,,,0.18601583113456466,vendor_b,micro,12.7,instagram,,,66.1,instagram
CR01092,tiktok,@creator1092_tiktok,vendor_a,172765,vendor_a,3.906312042369693,vendor_a,-0.09769874476987447,vendor_b,0.01589390142021721,vendor_a,mid,62.8,tiktok,1.9,tiktok · mid,2.3,tiktok
CR01092,youtube,@creator1092_youtube,vendor_a,204269,vendor_a,0.5096514889679785,vendor_a,0.12100208539128526,vendor_a,0.04421498543817845,vendor_a,mid,10.7,youtube,71.0,youtube · mid,26.8,youtube
CR01093,instagram,@creator1093_instagram,vendor_b,16580.0,vendor_b,0.4934861278648975,vendor_b,0.03625,vendor_b,0.45215311004784686,vendor_b,micro,36.3,instagram,22.3,instagram · micro,98.5,instagram
CR01093,tiktok,https://www.tiktok.com/@creator1093_tiktok,vendor_b,8430.0,vendor_b,1.3601423487544484,vendor_b,0.04479479479479479,vendor_c,0.17783857729138167,vendor_b,nano,11.7,tiktok,10.5,tiktok · nano,62.3,tiktok
CR01093,youtube,@creator1093_youtube,vendor_a,53588,vendor_a,0.9295364633873255,vendor_a,0.11795385321483706,vendor_a,0.15379766782225024,vendor_a,micro,34.3,youtube,62.1,youtube · micro,76.9,youtube
CR01096,tiktok,@creator1096_tiktok,vendor_b,254060.0,vendor_b,5.324415492403369,vendor_b,0.0534040965254167,vendor_b,0.03030469922482755,vendor_b,mid,77.1,tiktok,35.3,tiktok · mid,5.3,tiktok
CR01096,youtube,@creator1096_youtube,vendor_a,102107,vendor_a,1.1120491249375655,vendor_a,0.16046506341773878,vendor_a,0.027328556806550667,vendor_a,mid,43.8,youtube,88.3,youtube · mid,16.8,youtube
CR01100,tiktok,@creator1100_tiktok,vendor_b,33210.0,vendor_b,3.038572719060524,vendor_b,0.1689545934530095,vendor_b,,,micro,50.3,tiktok,89.1,tiktok · micro,,
CR01101,instagram,@creator1101_instagram,vendor_a,3501704,vendor_a,0.9121453440953319,vendor_a,0.11830044841187594,vendor_a,0.07866425560957761,vendor_a,macro,71.1,instagram,78.6,instagram · macro,25.9,instagram
CR01101,tiktok,@creator1101_tiktok,vendor_a,101552,vendor_a,1.3871218685993383,vendor_a,0.21816109878246268,vendor_a,0.3728863838623554,vendor_a,mid,12.1,tiktok,98.7,tiktok · mid,96.8,tiktok
CR01102,instagram,@creator1102_instagram,vendor_a,9280,vendor_a,1.6205818965517242,vendor_a,0.0457516339869281,vendor_a,0.36041666666666666,vendor_a,nano,92.4,instagram,21.0,instagram · nano,96.3,instagram
CR01102,tiktok,@creator1102_tiktok,vendor_b,62370.0,vendor_b,3.476350809684143,vendor_b,0.12866449511400652,vendor_b,0.18528086182257889,vendor_b,micro,58.3,tiktok,73.4,tiktok · micro,64.6,tiktok
CR01102,youtube,@creator1102_youtube,vendor_a,13147,vendor_a,0.6282802160188636,vendor_a,0.017490906276603976,vendor_a,0.15705128205128205,vendor_a,micro,16.6,youtube,15.0,youtube · micro,77.8,youtube
CR01103,instagram,@creator1103_instagram,vendor_b,627970.0,vendor_b,0.4922496297593834,vendor_b,-0.07022505182114303,vendor_b,0.10003485535029627,vendor_b,mid,36.1,instagram,3.4,instagram · mid,35.1,instagram
CR01103,tiktok,@creator1103_tiktok,vendor_a,21478,vendor_a,4.186143961262688,vendor_a,0.12004589069670421,vendor_a,0.11061588330632091,vendor_a,micro,66.9,tiktok,68.5,tiktok · micro,36.5,tiktok
CR01103,youtube,@creator1103_youtube,vendor_a,49995,vendor_a,3.914951495149515,vendor_a,,,0.19233636499179962,vendor_a,micro,95.2,youtube,,,84.7,youtube
CR01105,instagram,https://www.instagram.com/creator1105_instagram/,vendor_b,8590.0,vendor_b,0.1308498253783469,vendor_b,0.13774834437086092,vendor_b,,,nano,2.8,instagram,67.7,instagram · nano,,
CR01105,tiktok,@creator1105_tiktok,vendor_c,168733,vendor_c,1.4192718673881222,vendor_c,0.1224397480159918,vendor_c,,,mid,13.3,tiktok,75.6,tiktok · mid,,
CR01105,youtube,@creator1105_youtube,vendor_a,62651,vendor_a,2.313817816156167,vendor_a,0.13294996292880523,vendor_a,0.12037765538945712,vendor_a,micro,80.6,youtube,71.6,youtube · micro,64.2,youtube
CR01106,instagram,@creator1106_instagram,vendor_a,42028,vendor_a,1.4603121728371562,vendor_a,-0.006805936288874184,vendor_a,0.3363104404065291,vendor_a,micro,90.3,instagram,9.5,instagram · micro,94.4,instagram
CR01106,youtube,,,,,,,,,,,,,,,,,
CR01108,youtube,@creator1108_youtube,vendor_a,55605,vendor_a,0.5213559931660822,vendor_a,0.08075801749271137,vendor_a,0.0823293172690763,vendor_a,micro,11.2,youtube,41.2,youtube · micro,45.0,youtube
CR01109,tiktok,@creator1109_tiktok,vendor_a,389596,vendor_a,2.3103265947288985,vendor_a,-0.05085621152286032,vendor_a,0.11961290914372201,vendor_a,mid,33.9,tiktok,4.5,tiktok · mid,41.8,tiktok
CR01111,tiktok,,,,,,,,,,,,,,,,,
CR01111,youtube,@creator1111_youtube,vendor_a,108785,vendor_a,1.531589833157145,vendor_a,0.137751793670383,vendor_a,0.06770639930684491,vendor_a,mid,63.0,youtube,82.7,youtube · mid,37.4,youtube
CR01112,youtube,@creator1112_youtube,vendor_a,79410,vendor_a,0.9007933509633548,vendor_a,0.03107106223301349,vendor_a,0.0800656275635767,vendor_a,micro,33.0,youtube,19.3,youtube · micro,44.1,youtube
CR01118,instagram,@creator1118_instagram,vendor_b,14380.0,vendor_b,1.7768428372739917,vendor_b,0.09520182787509521,vendor_b,,"n/a (likes hidden, vendor_b)",micro,93.5,instagram,55.1,instagram · micro,,
CR01119,instagram,@creator1119_instagram,vendor_b,320440.0,vendor_b,0.6215984271626513,vendor_b,0.08147148160647992,vendor_b,0.19623170976147525,vendor_b,mid,50.7,instagram,49.3,instagram · mid,69.8,instagram
CR01119,tiktok,@creator1119_tiktok,vendor_b,242250.0,vendor_b,1.589374613003096,vendor_b,0.1383393637517034,vendor_b,0.22552048354600404,vendor_b,mid,16.8,tiktok,80.8,tiktok · mid,76.7,tiktok
CR01119,youtube,@creator1119_youtube,vendor_a,9659,vendor_a,0.5565793560409981,vendor_a,0.08467153284671533,vendor_a,0.21079691516709512,vendor_a,nano,12.8,youtube,35.6,youtube · nano,87.5,youtube
CR01121,instagram,@creator1121_instagram,vendor_b,115520.0,vendor_b,0.9993334487534626,vendor_b,0.05123305123305123,vendor_b,,,mid,77.3,instagram,31.5,instagram · mid,,
CR01121,tiktok,@creator1121_tiktok,vendor_a,43414,vendor_a,6.043833786336205,vendor_a,0.048242225226965425,vendor_a,0.04519263845889233,vendor_a,micro,82.8,tiktok,24.7,tiktok · micro,8.9,tiktok
CR01121,youtube,@creator1121_youtube,vendor_a,13989,vendor_a,2.8959897061977267,vendor_a,0.1583174629460959,vendor_a,0.07963549920760697,vendor_a,micro,87.0,youtube,83.3,youtube · micro,43.9,youtube
CR01127,tiktok,@creator1127_tiktok,vendor_b,21860.0,vendor_b,3.8475297346752058,vendor_b,0.093,vendor_b,0.49844155844155846,vendor_b,micro,61.8,tiktok,53.2,tiktok · micro,99.8,tiktok
CR01127,youtube,@creator1127_youtube,vendor_a,52502,vendor_a,1.6986019580206468,vendor_a,0.03417574408572498,vendor_a,0.03170130327580134,vendor_a,micro,68.5,youtube,20.3,youtube · micro,18.5,youtube
CR01129,instagram,@creator1129_instagram,vendor_c,15026,vendor_c,,,0.10843906757155503,vendor_c,,,micro,,,60.6,instagram · micro,,
CR01129,tiktok,@creator1129_tiktok,vendor_a,69076,vendor_a,7.945234234755921,vendor_a,0.18826119865134522,vendor_a,0.07188152790211877,vendor_a,micro,90.0,tiktok,92.5,tiktok · micro,18.0,tiktok
CR01130,tiktok,@creator1130_tiktok,vendor_a,236300,vendor_b,13.206022005924671,vendor_b,0.0823066001007649,vendor_b,0.1647431251623843,vendor_a,mid,97.5,tiktok,50.6,tiktok · mid,57.8,tiktok
CR01130,youtube,@creator1130_youtube,vendor_a,78457,vendor_a,1.227003326663013,vendor_a,0.0969631721708006,vendor_a,0.0688547984302533,vendor_a,micro,50.3,youtube,51.6,youtube · micro,38.1,youtube
CR01132,instagram,@creator1132_instagram,vendor_b,50600.0,vendor_b,1.7450197628458497,vendor_b,0.08606997209701653,vendor_b,0.05363984674329502,vendor_b,micro,93.3,instagram,50.7,instagram · micro,15.1,instagram
CR01132,tiktok,@creator1132_tiktok,vendor_b,65760.0,vendor_b,2.285948905109489,vendor_b,-0.07731163182264628,vendor_b,0.027354927320590593,vendor_b,micro,33.5,tiktok,2.2,tiktok · micro,4.6,tiktok
CR01133,instagram,@creator1133_instagram,vendor_a,663060,vendor_a,1.9215334962145205,vendor_a,-0.011455935498491228,vendor_a,0.2642235609103079,vendor_a,mid,95.0,instagram,10.3,instagram · mid,84.9,instagram
CR01134,instagram,https://www.instagram.com/creator1134_instagram/,vendor_b,79760.0,vendor_b,2.154864593781344,vendor_b,0.13488901536710302,vendor_b,0.03104593882460763,vendor_b,micro,97.0,instagram,74.8,instagram · micro,6.8,instagram
CR01134,tiktok,@creator1134_tiktok,vendor_b,399130.0,vendor_b,4.053759426753188,vendor_b,0.10752538986625229,vendor_b,0.08529133316120148,vendor_b,mid,64.6,tiktok,67.3,tiktok · mid,23.7,tiktok
CR01134,youtube,@creator1134_youtube,vendor_a,15990,vendor_a,1.1221388367729832,vendor_a,0.11234782608695652,vendor_a,0.19586942038640906,vendor_a,micro,44.6,youtube,59.2,youtube · micro,85.4,youtube
CR01136,instagram,@creator1136_instagram,vendor_b,129510.0,vendor_b,0.46851208400895683,vendor_b,0.012508795246657807,vendor_b,0.250381679389313,vendor_b,mid,33.0,instagram,15.1,instagram · mid,80.2,instagram
CR01136,tiktok,@creator1136_tiktok,vendor_b,43860.0,vendor_b,2.5197446420428635,vendor_b,0.05763202314926453,vendor_b,0.14574549635875814,vendor_b,micro,39.3,tiktok,32.6,tiktok · micro,52.3,tiktok
CR01136,youtube,@creator1136_youtube,vendor_b,639810.0,vendor_b,1.0949203669839485,vendor_b,0.07201380627649415,vendor_b,,,mid,42.4,youtube,43.2,youtube · mid,,
CR01138,instagram,,,,,,,,,,,,,,,,,
CR01138,tiktok,@creator1138_tiktok,vendor_b,2450.0,vendor_b,1.0040816326530613,vendor_b,-0.002003205128205128,vendor_c,,,nano,6.1,tiktok,3.5,tiktok · nano,,
CR01138,youtube,@creator1138_youtube,vendor_a,141809,vendor_a,0.663801310213033,vendor_a,0.03452074381551974,vendor_a,0.08742655699177439,vendor_a,mid,18.9,youtube,27.2,youtube · mid,48.0,youtube
CR01140,tiktok,@creator1140_tiktok,vendor_b,114800.0,vendor_b,3.30359756097561,vendor_b,0.13405117060160032,vendor_b,,,mid,55.2,tiktok,80.1,tiktok · mid,,
CR01143,instagram,@creator1143_instagram,vendor_b,,,,,,,,,,,,,,,
CR01143,youtube,@creator1143_youtube,vendor_a,55484,vendor_a,0.7868574724244828,vendor_a,0.07323300707957754,vendor_a,0.04530201342281879,vendor_a,micro,25.1,youtube,37.9,youtube · micro,27.3,youtube
CR01144,instagram,@creator1144_instagram,vendor_a,71172,vendor_a,1.1126566627325352,vendor_a,0.08752521239533036,vendor_a,,"n/a (likes hidden, vendor_a)",micro,81.4,instagram,51.8,instagram · micro,,
CR01144,tiktok,@creator1144_tiktok,vendor_a,226483,vendor_a,4.288410167650552,vendor_a,0.09072214597028583,vendor_a,0.0840362509317745,vendor_a,mid,68.5,tiktok,57.7,tiktok · mid,23.3,tiktok
CR01144,youtube,@creator1144_youtube,vendor_a,897130.0,vendor_b,0.7285688807642148,vendor_b,-0.0387446560018858,vendor_b,0.060392902408111536,vendor_a,mid,22.1,youtube,8.0,youtube · mid,33.7,youtube
CR01145,instagram,@creator1145_instagram,vendor_a,5325,vendor_a,0.2831924882629108,vendor_a,0.13273771537970644,vendor_a,0.0641025641025641,vendor_a,nano,16.4,instagram,66.1,instagram · nano,20.2,instagram
CR01145,tiktok,@creator1145_tiktok,vendor_a,39159,vendor_a,3.9965780535764446,vendor_a,0.09793641002635563,vendor_a,0.08100513808606294,vendor_a,micro,63.4,tiktok,56.6,tiktok · micro,22.4,tiktok
CR01145,youtube,@creator1145_youtube,vendor_a,17455,vendor_a,1.4618733887138355,vendor_a,-0.056384473997188884,vendor_a,0.30754352030947774,vendor_a,micro,60.2,youtube,2.6,youtube · micro,95.8,youtube
CR01146,instagram,@creator1146_instagram,vendor_b,314410.0,vendor_b,0.39280557234184665,vendor_b,0.14815220566754309,vendor_b,0.26154327750821726,vendor_b,mid,25.9,instagram,78.8,instagram · mid,83.9,instagram
CR01146,tiktok,@creator1146_tiktok,vendor_a,30605,vendor_a,1.4013069759843162,vendor_a,0.025018420523812715,vendor_a,0.13390092879256965,vendor_a,micro,12.3,tiktok,17.6,tiktok · micro,46.6,tiktok
CR01147,instagram,https://www.instagram.com/creator1147_instagram/,vendor_b,141360,vendor_b,0.2457838143746463,vendor_b,0.044866582896001185,vendor_b,0.30269413629160064,vendor_b,mid,12.1,instagram,28.8,instagram · mid,90.7,instagram
CR01147,tiktok,@creator1147_tiktok,vendor_b,3410.0,vendor_b,1.426392961876833,vendor_b,0.19230769230769232,vendor_b,,,nano,13.7,tiktok,82.5,tiktok · nano,,
CR01147,youtube,@creator1147_youtube,vendor_a,227036,vendor_a,0.5077873112634119,vendor_a,0.03427603046758264,vendor_a,0.0037546933667083854,vendor_a,mid,10.4,youtube,26.5,youtube · mid,4.1,youtube
CR01148,instagram,@creator1148_instagram,vendor_b,108030.0,vendor_b,0.9457928353235212,vendor_b,,,,,mid,74.1,instagram,,,,
CR01148,tiktok,@creator1148_tiktok,vendor_b,58596,vendor_c,1.6074988053792068,vendor_c,-0.07966325312558899,vendor_c,,,micro,17.2,tiktok,1.9,tiktok · micro,,
CR01148,youtube,@creator1148_youtube,vendor_a,153441,vendor_a,0.29597695531181367,vendor_a,0.08573915258554811,vendor_a,0.5045592705167173,vendor_c,mid,1.7,youtube,53.1,youtube · mid,100.0,youtube
CR01151,instagram,@creator1151_instagram,vendor_b,68740.0,vendor_b,1.0912569100960139,vendor_b,0.1276246719160105,vendor_b,0.09311195871662553,vendor_b,micro,80.6,instagram,70.8,instagram · micro,32.0,instagram
CR01151,youtube,@creator1151_youtube,vendor_a,1122966,vendor_a,2.908950938853002,vendor_a,0.06339463267741141,vendor_a,0.11219636693620262,vendor_a,macro,87.2,youtube,61.5,youtube · macro,60.7,youtube
CR01152,tiktok,@creator1152_tiktok,vendor_b,37180.0,vendor_b,3.458445400753093,vendor_b,,,,,micro,58.1,tiktok,,,,
CR01156,instagram,@creator1156_instagram,vendor_b,1220030.0,vendor_b,0.4438513807037532,vendor_b,0.1851625186998504,vendor_b,0.19539452931368573,vendor_b,macro,31.1,instagram,100.0,instagram · macro,69.0,instagram
CR01156,tiktok,,,,,,,,,,,,,,,,,
CR01156,youtube,@creator1156_youtube,vendor_a,19912,vendor_a,1.726446364001607,vendor_a,0.10413663080847288,vendor_a,0.029662738724095895,vendor_a,micro,69.4,youtube,55.6,youtube · micro,17.6,youtube
CR01160,instagram,https://www.instagram.com/creator1160_instagram/,vendor_b,671200.0,vendor_b,,,-0.12834564887082323,vendor_b,0.10910354412786658,vendor_b,mid,,,1.4,instagram · mid,39.5,instagram
CR01160,tiktok,,,31790.0,vendor_b,7.743063856558666,vendor_b,0.054045092838196286,vendor_b,0.12909041245561323,vendor_b,micro,89.6,tiktok,29.6,tiktok · micro,44.7,tiktok
CR01160,youtube,@creator1160_youtube,vendor_a,5812,vendor_a,2.689091534755678,vendor_a,0.1402785952521091,vendor_a,0.03594351732991014,vendor_a,nano,84.9,youtube,67.8,youtube · nano,20.8,youtube
CR01161,youtube,@creator1161_youtube,vendor_a,30640,vendor_a,2.464686684073107,vendor_a,0.14752256469795139,vendor_a,,,micro,83.2,youtube,79.1,youtube · micro,,
CR01165,instagram,,,,,,,,,,,,,,,,,
CR01165,youtube,@creator1165_youtube,vendor_a,11451,vendor_a,2.516286787180159,vendor_a,0.15235986716312772,vendor_a,0.13154172560113153,vendor_a,micro,84.1,youtube,82.4,youtube · micro,69.5,youtube
CR01168,instagram,@creator1168_instagram,vendor_a,17788,vendor_a,2.0672925567798517,vendor_a,0.10787244643746886,vendor_a,0.21502976190476192,vendor_a,micro,95.9,instagram,59.9,instagram · micro,74.6,instagram
CR01168,tiktok,@creator1168_tiktok,vendor_a,47202,vendor_a,1.357336553535867,vendor_a,0.13926433674454528,vendor_a,0.06143250688705234,vendor_a,micro,11.5,tiktok,77.9,tiktok · micro,13.2,tiktok
CR01168,youtube,@creator1168_youtube,vendor_a,15698,vendor_a,1.3920881640973373,vendor_a,0.09645875532583642,vendor_a,0.03717026378896882,vendor_a,micro,57.6,youtube,51.3,youtube · micro,21.3,youtube
CR01172,instagram,@creator1172_instagram,vendor_a,5302,vendor_a,1.2206714447378348,vendor_a,0.12069329951384486,vendor_a,0.28185328185328185,vendor_a,nano,84.2,instagram,58.1,instagram · nano,87.8,instagram
CR01172,tiktok,@creator1172_tiktok,vendor_b,7490.0,vendor_b,0.9875834445927903,vendor_b,0.044121874101753375,vendor_c,,,nano,5.5,tiktok,8.8,tiktok · nano,,
CR01172,youtube,@creator1172_youtube,vendor_a,9839,vendor_a,0.8029271267405224,vendor_a,0.07942951179374658,vendor_a,0.403921568627451,vendor_a,nano,26.8,youtube,34.4,youtube · nano,98.6,youtube
CR01174,tiktok,@creator1174_tiktok,vendor_b,13560.0,vendor_b,3.576991150442478,vendor_b,0.06186374314800313,vendor_b,,,micro,59.1,tiktok,34.5,tiktok · micro,,
CR01174,youtube,@creator1174_youtube,vendor_a,103307,vendor_a,0.8054439679789366,vendor_a,0.08445130272301653,vendor_a,0.0018652849740932642,vendor_a,mid,27.0,youtube,51.2,youtube · mid,2.5,youtube
CR01175,instagram,@creator1175_instagram,vendor_c,17414,vendor_c,,,0.044380472592059496,vendor_c,,,micro,,,26.3,instagram · micro,,
CR01175,tiktok,@creator1175_tiktok,vendor_b,15950.0,vendor_b,5.0929780564263325,vendor_b,0.2549173878835563,vendor_b,0.0772192513368984,vendor_b,micro,75.0,tiktok,99.3,tiktok · micro,20.5,tiktok
CR01175,youtube,@creator1175_youtube,vendor_a,185865,vendor_a,0.3413875662443171,vendor_a,0.05187947797937724,vendor_a,0.4102880658436214,vendor_a,mid,4.5,youtube,33.3,youtube · mid,99.1,youtube
CR01178,tiktok,@creator1178_tiktok,vendor_b,16130.0,vendor_b,1.2836329820210788,vendor_b,0.07892976588628763,vendor_b,0.1619644723092999,vendor_b,micro,10.2,tiktok,45.7,tiktok · micro,57.3,tiktok
CR01179,instagram,,,,,,,,,,,,,,,,,
CR01179,youtube,@creator1179_youtube,vendor_a,25085,vendor_a,0.49547538369543553,vendor_a,0.1063820403122657,vendor_a,0.0817174515235457,vendor_a,micro,9.5,youtube,56.5,youtube · micro,44.8,youtube
CR01181,instagram,,,,,,,,,,,,,,,,,
CR01181,tiktok,,,,,,,,,,,,,,,,,
CR01181,youtube,@creator1181_youtube,vendor_a,43734,vendor_a,0.658618008871816,vendor_a,0.1815210049979738,vendor_a,0.21169440887750746,vendor_a,micro,18.2,youtube,87.6,youtube · micro,87.8,youtube
CR01184,instagram,,,,,,,,,,,,,,,,,
CR01184,tiktok,@creator1184_tiktok,vendor_a,161006,vendor_a,8.447529905717799,vendor_a,0.0784275638492401,vendor_a,0.014311542165824646,vendor_a,mid,91.2,tiktok,47.4,tiktok · mid,1.6,tiktok
CR01184,youtube,@creator1184_youtube,vendor_a,159991,vendor_a,5.212505703445819,vendor_a,-0.08751768033946251,vendor_a,0.07007900582000169,vendor_a,mid,97.9,youtube,2.5,youtube · mid,38.3,youtube
CR01187,instagram,@creator1187_instagram,vendor_a,10517,vendor_a,1.0458305600456403,vendor_a,0.05201560468140442,vendor_a,0.2656072644721907,vendor_a,micro,79.5,instagram,31.8,instagram · micro,85.1,instagram
CR01187,tiktok,@creator1187_tiktok,vendor_b,28790.0,vendor_b,2.7369225425494963,vendor_b,0.003928997404055287,vendor_c,,,micro,43.8,tiktok,11.2,tiktok · micro,,
CR01187,youtube,@creator1187_youtube,vendor_a,44142,vendor_a,0.640319876761361,vendor_a,0.06628339533310788,vendor_a,0.1334560515416475,vendor_a,micro,17.0,youtube,34.6,youtube · micro,70.4,youtube
CR01189,instagram,@creator1189_instagram,vendor_b,1140.0,vendor_b,0.15,vendor_b,-0.0464527027027027,vendor_c,0.0,vendor_b,nano,4.3,instagram,1.6,instagram · nano,0.9,instagram
CR01189,youtube,@creator1189_youtube,vendor_a,196495,vendor_a,1.5132293442581237,vendor_a,0.067420308120206,vendor_a,0.16641127796506283,vendor_a,mid,62.3,youtube,40.1,youtube · mid,79.7,youtube
CR01190,instagram,@creator1190_instagram,vendor_a,4286,vendor_a,1.0013999066728885,vendor_a,-0.03337843933243121,vendor_a,0.14974619289340102,vendor_a,nano,77.5,instagram,3.2,instagram · nano,53.2,instagram
CR01190,tiktok,@creator1190_tiktok,vendor_a,11067,vendor_a,2.8192825517303697,vendor_a,0.053799276328318414,vendor_a,,,micro,45.4,tiktok,29.2,tiktok · micro,,
CR01190,youtube,@creator1190_youtube,vendor_c,21229,vendor_c,0.4386923547976824,vendor_c,,,0.19855072463768117,vendor_c,micro,8.1,youtube,,,85.7,youtube
CR01191,instagram,@creator1191_instagram,vendor_b,330830.0,vendor_b,0.22847686122782093,vendor_b,0.18250705937019696,vendor_b,,,mid,10.6,instagram,91.1,instagram · mid,,
CR01191,tiktok,@creator1191_tiktok,vendor_b,26450.0,vendor_b,,,0.11087778244435112,vendor_b,0.03819209039548022,vendor_b,micro,,,63.3,tiktok · micro,7.5,tiktok
CR01191,youtube,@creator1191_youtube,vendor_b,21800.0,vendor_b,6.153623853211009,vendor_b,,,0.15086595254780258,vendor_b,micro,99.1,youtube,,,76.2,youtube
CR01193,tiktok,@creator1193_tiktok,vendor_a,8974,vendor_a,1.3230443503454423,vendor_a,0.08920985556499575,vendor_a,0.14145383104125736,vendor_a,nano,11.2,tiktok,29.8,tiktok · nano,49.5,tiktok
CR01193,youtube,@creator1193_youtube,vendor_a,66913,vendor_a,2.48610882788098,vendor_a,0.21899366027836478,vendor_a,0.026689432063263838,vendor_a,micro,83.7,youtube,95.8,youtube · micro,16.6,youtube
CR01194,instagram,@creator1194_instagram,vendor_b,213490.0,vendor_b,0.7731088107171296,vendor_b,0.004375235227700414,vendor_b,0.17668182906392146,vendor_b,mid,62.4,instagram,12.3,instagram · mid,61.7,instagram
CR01194,tiktok,@creator1194_tiktok,vendor_b,391050.0,vendor_b,1.2926352128883773,vendor_b,-0.09208051821411159,vendor_b,0.200272180517143,vendor_b,mid,10.6,tiktok,2.6,tiktok · mid,69.9,tiktok
CR01194,youtube,@creator1194_youtube,vendor_a,2862,vendor_a,3.171558350803634,vendor_a,0.1787479406919275,vendor_a,0.02092675635276532,vendor_a,nano,90.1,youtube,81.1,youtube · nano,13.4,youtube
CR01199,instagram,@creator1199_instagram,vendor_b,30550.0,vendor_b,1.23810147299509,vendor_b,-0.02520740268028079,vendor_b,0.0641323273360418,vendor_b,micro,84.9,instagram,6.9,instagram · micro,20.5,instagram
CR01199,tiktok,@creator1199_tiktok,vendor_b,6390.0,vendor_b,5.9815336463223785,vendor_b,0.09044368600682594,vendor_b,0.175,vendor_b,nano,82.2,tiktok,31.6,tiktok · nano,61.4,tiktok
CR01199,youtube,@creator1199_youtube,vendor_a,222410.0,vendor_b,2.3000314734049727,vendor_b,-0.009706576428157978,vendor_b,0.1331565341415582,vendor_a,mid,80.1,youtube,13.0,youtube · mid,70.2,youtube
CR01200,instagram,@creator1200_instagram,vendor_b,3110.0,vendor_b,0.5183279742765273,vendor_b,,,0.07228915662650602,vendor_b,nano,39.5,instagram,,,24.1,instagram
CR01200,tiktok,@creator1200_tiktok,vendor_b,44060.0,vendor_b,,,0.18568353067814855,vendor_b,,,micro,,,92.1,tiktok · micro,,
CR01200,youtube,@creator1200_youtube,vendor_a,161046,vendor_a,1.103982713013673,vendor_a,0.17427540194684457,vendor_a,0.15933737511741097,vendor_a,mid,43.6,youtube,90.7,youtube · mid,78.3,youtube
CR01201,instagram,@creator1201_instagram,vendor_b,28870.0,vendor_b,0.770973328714929,vendor_b,0.09397499052671467,vendor_b,0.09540636042402827,vendor_b,micro,61.6,instagram,54.7,instagram · micro,32.7,instagram
CR01201,tiktok,@creator1201_tiktok,vendor_a,199067,vendor_a,8.761592830554537,vendor_a,-0.06208420497163642,vendor_a,0.056199821587867974,vendor_a,mid,92.0,tiktok,3.8,tiktok · mid,11.0,tiktok
CR01201,youtube,,,,,,,,,,,,,,,,,
CR01204,instagram,@creator1204_instagram,vendor_b,15370.0,vendor_b,0.3261548471047495,vendor_b,0.012557447083953654,vendor_c,0.23529411764705882,vendor_b,micro,19.9,instagram,14.2,instagram · micro,77.8,instagram
CR01204,tiktok,https://www.tiktok.com/@creator1204_tiktok,vendor_b,,,,,,,0.13562033985087524,vendor_b,,,,,,47.5,tiktok
CR01205,instagram,@creator1205_instagram,vendor_c,,,,,,,,,,,,,,,
CR01207,instagram,@creator1207_instagram,vendor_a,124731,vendor_a,0.5870793948577339,vendor_a,0.03126937800229849,vendor_a,0.18527315914489312,vendor_a,mid,46.4,instagram,19.9,instagram · mid,65.6,instagram
CR01208,tiktok,@creator1208_tiktok,vendor_b,121250.0,vendor_b,0.921880412371134,vendor_b,0.10347651983982527,vendor_b,0.17251908396946564,vendor_b,mid,4.1,tiktok,66.0,tiktok · mid,61.0,tiktok
CR01208,youtube,@creator1208_youtube,vendor_a,21848,vendor_a,0.39492930277913213,vendor_c,0.12577935796362139,vendor_a,0.17832167832167833,vendor_a,micro,6.6,youtube,68.6,youtube · micro,82.7,youtube
CR01211,instagram,@creator1211_instagram,vendor_a,17776,vendor_a,0.3680805580558056,vendor_a,0.009082652134423252,vendor_a,0.25210084033613445,vendor_a,micro,24.2,instagram,12.4,instagram · micro,80.7,instagram
CR01211,tiktok,,,,,,,,,,,,,,,,,
CR01211,youtube,@creator1211_youtube,vendor_a,11807,vendor_a,0.2829677310070297,vendor_a,0.08860409367508759,vendor_a,0.14193548387096774,vendor_a,micro,1.6,youtube,45.8,youtube · micro,72.3,youtube
CR01213,instagram,@creator1213_instagram,vendor_b,3950.0,vendor_b,0.17113924050632912,vendor_b,0.17210682492581603,vendor_b,,,nano,6.0,instagram,88.7,instagram · nano,,
CR01213,tiktok,@creator1213_tiktok,vendor_a,66609,vendor_a,4.290276088816826,vendor_a,-0.001349345567399811,vendor_a,0.16113617376775272,vendor_a,micro,68.7,tiktok,9.7,tiktok · micro,56.8,tiktok
CR01213,youtube,@creator1213_youtube,vendor_a,12204,vendor_a,0.6206981317600787,vendor_a,0.009095419216140235,vendor_a,0.13876651982378854,vendor_a,micro,15.9,youtube,13.1,youtube · micro,72.0,youtube
CR01215,instagram,@creator1215_instagram,vendor_a,32878,vendor_a,0.22036011922866355,vendor_a,0.06840412049523933,vendor_a,,"n/a (likes hidden, vendor_a)",micro,10.1,instagram,38.7,instagram · micro,,
CR01215,tiktok,@creator1215_tiktok,vendor_b,64260.0,vendor_b,6.3500778089013385,vendor_b,0.2090310442144873,vendor_b,0.14746860845135026,vendor_b,micro,84.7,tiktok,95.1,tiktok · micro,52.7,tiktok
CR01215,youtube,@creator1215_youtube,vendor_a,43711,vendor_a,0.6779529180297865,vendor_a,-0.10094818897961702,vendor_a,0.4063703185159258,vendor_a,micro,19.2,youtube,0.7,youtube · micro,98.8,youtube
CR01217,instagram,@creator1217_instagram,vendor_b,42060.0,vendor_b,0.9761768901569187,vendor_b,0.07901487942534634,vendor_b,0.029644268774703556,vendor_b,micro,75.6,instagram,44.5,instagram · micro,5.9,instagram
CR01217,tiktok,@creator1217_tiktok,vendor_b,54440.0,vendor_b,1.2890705363703159,vendor_b,0.14707121786767804,vendor_b,,,micro,10.4,tiktok,82.8,tiktok · micro,,
CR01217,youtube,@creator1217_youtube,vendor_a,495713,vendor_a,0.8571290242539534,vendor_a,0.02243860785340962,vendor_a,0.021292508028683297,vendor_a,mid,29.2,youtube,21.6,youtube · mid,13.8,youtube
CR01218,instagram,@creator1218_instagram,vendor_b,2630.0,vendor_b,0.47604562737642586,vendor_b,,,,,nano,33.7,instagram,,,,
CR01218,youtube,@creator1218_youtube,vendor_a,20507,vendor_a,0.7940215536158385,vendor_a,0.0857157983905125,vendor_a,0.018975332068311195,vendor_a,micro,25.6,youtube,43.8,youtube · micro,12.7,youtube
CR01219,tiktok,@creator1219_tiktok,vendor_b,49187,vendor_c,1.094801471933641,vendor_c,0.017479624343221214,vendor_c,0.06437768240343347,vendor_b,micro,6.7,tiktok,15.4,tiktok · micro,14.8,tiktok
CR01219,youtube,@creator1219_youtube,vendor_a,49323,vendor_a,0.8631875595563936,vendor_a,0.12481185860889396,vendor_a,0.14575866188769415,vendor_a,micro,29.6,youtube,67.6,youtube · micro,74.1,youtube
CR01220,instagram,@creator1220_instagram,vendor_b,23760.0,vendor_b,,,0.09341923607915324,vendor_b,0.34831460674157305,vendor_b,micro,,,53.6,instagram · micro,95.9,instagram
CR01220,tiktok,@creator1220_tiktok,vendor_c,,,,,,,,,,,,,,,
CR01220,youtube,,,,,,,,,,,,,,,,,
CR01222,instagram,@creator1222_instagram,vendor_a,50827,vendor_a,0.7048615893127669,vendor_a,0.09373587828968605,vendor_a,,"n/a (likes hidden, vendor_a)",micro,56.2,instagram,54.0,instagram · micro,,
CR01222,tiktok,,,,,,,,,,,,,,,,,
CR01222,youtube,@creator1222_youtube,vendor_a,29560,vendor_a,2.0767929634641407,vendor_a,0.040039406093870945,vendor_a,0.050698016164584865,vendor_c,micro,76.5,youtube,23.5,youtube · micro,28.0,youtube
CR01223,instagram,,,,,,,,,,,,,,,,,
CR01223,tiktok,https://www.tiktok.com/@creator1223_tiktok,vendor_b,44360.0,vendor_b,4.545311091073039,vendor_b,-0.027192982456140352,vendor_b,0.24568294169431842,vendor_b,micro,71.2,tiktok,6.0,tiktok · micro,81.1,tiktok
CR01223,youtube,@creator1223_youtube,vendor_b,313120.0,vendor_b,1.321036663260092,vendor_b,0.22097874829401443,vendor_b,0.12950198430459822,vendor_b,mid,54.3,youtube,96.3,youtube · mid,69.1,youtube
CR01224,instagram,@creator1224_instagram,vendor_a,43962,vendor_a,0.38010099631499933,vendor_a,-0.009552561618528365,vendor_a,,"n/a (likes hidden, vendor_a)",micro,25.1,instagram,8.8,instagram · micro,,
CR01224,tiktok,https://www.tiktok.com/@creator1224_tiktok,vendor_b,518530.0,vendor_b,3.364191078626116,vendor_b,0.09593355032337152,vendor_b,0.09602186002326897,vendor_b,mid,56.8,tiktok,59.6,tiktok · mid,29.7,tiktok
CR01224,youtube,@creator1224_youtube,vendor_a,52016,vendor_a,1.2449438634266379,vendor_a,0.18207435687664758,vendor_a,0.12277102729998422,vendor_a,micro,51.0,youtube,87.9,youtube · micro,65.4,youtube
CR01227,instagram,,,,,,,,,,,,,,,,,
CR01228,instagram,,,,,,,,,,,,,,,,,
CR01228,tiktok,@creator1228_tiktok,vendor_a,15372,vendor_a,5.236599011189175,vendor_a,0.04457733079641207,vendor_a,0.06902626521460602,vendor_a,micro,76.7,tiktok,22.5,tiktok · micro,16.9,tiktok
CR01228,youtube,@creator1228_youtube,vendor_a,758,vendor_a,1.3746701846965699,vendor_a,0.06013986013986014,vendor_a,0.11494252873563218,vendor_a,nano,56.2,youtube,23.3,youtube · nano,61.6,youtube
CR01229,instagram,@creator1229_instagram,vendor_b,23380.0,vendor_b,0.9400769888793841,vendor_b,0.24693333333333334,vendor_b,0.15691489361702127,vendor_b,micro,73.2,instagram,97.4,instagram · micro,55.1,instagram
CR01229,tiktok,@creator1229_tiktok,vendor_b,24390.0,vendor_b,1.4917999179991799,vendor_b,0.22072072072072071,vendor_b,0.10253164556962026,vendor_b,micro,16.0,tiktok,96.6,tiktok · micro,32.6,tiktok
CR01229,youtube,@creator1229_youtube,vendor_a,11673,vendor_a,1.120191895827979,vendor_a,-0.07927117841930904,vendor_a,0.06456456456456457,vendor_a,micro,44.3,youtube,1.0,youtube · micro,36.2,youtube
CR01230,instagram,@creator1230_instagram,vendor_a,66642,vendor_a,0.3453677860808499,vendor_a,-0.014346565698396735,vendor_a,0.2546786004882018,vendor_a,micro,20.9,instagram,8.0,instagram · micro,81.7,instagram
CR01231,youtube,@creator1231_youtube,vendor_a,606237,vendor_a,1.6018322867129522,vendor_a,0.08723730886630775,vendor_a,0.07241688122691145,vendor_a,mid,65.9,youtube,54.9,youtube · mid,39.2,youtube
CR01233,instagram,https://www.instagram.com/creator1233_instagram/,vendor_b,33160.0,vendor_b,0.3216224366706876,vendor_b,0.12292583813071453,vendor_b,0.031055900621118012,vendor_b,micro,19.4,instagram,67.5,instagram · micro,7.1,instagram
CR01233,tiktok,@creator1233_tiktok,vendor_b,114480.0,vendor_b,6.187831935709294,vendor_b,-0.1314112291350531,vendor_b,0.13103593191847027,vendor_b,mid,83.6,tiktok,0.6,tiktok · mid,45.2,tiktok
CR01233,youtube,@creator1233_youtube,vendor_a,40177,vendor_a,1.185155686089056,vendor_a,0.22137102903176775,vendor_a,0.14222222222222222,vendor_a,micro,48.6,youtube,96.4,youtube · micro,72.5,youtube
CR01235,instagram,@creator1235_instagram,vendor_c,,,,,,,,,,,,,,,
CR01235,tiktok,,,,,,,,,,,,,,,,,
CR01235,youtube,@creator1235_youtube,vendor_a,168597,vendor_a,0.8557447641417107,vendor_a,0.13453113959826385,vendor_a,0.18064709406830437,vendor_a,mid,29.1,youtube,80.9,youtube · mid,83.4,youtube
CR01236,instagram,@creator1236_instagram,vendor_b,14690.0,vendor_b,0.6278420694349898,vendor_b,0.12137404580152672,vendor_b,,,micro,51.2,instagram,66.8,instagram · micro,,
CR01236,tiktok,@creator1236_tiktok,vendor_b,44830.0,vendor_b,4.606379656480036,vendor_b,,,,,micro,72.4,tiktok,,,,
CR01236,youtube,@creator1236_youtube,vendor_a,23130,vendor_a,1.2406398616515348,vendor_a,0.23373159803712396,vendor_a,0.07646356033452807,vendor_a,micro,50.7,youtube,97.4,youtube · micro,41.8,youtube
CR01239,tiktok,@creator1239_tiktok,vendor_b,84620.0,vendor_b,2.8201607185062634,vendor_b,0.2161540672607071,vendor_b,0.096,vendor_b,micro,45.6,tiktok,95.9,tiktok · micro,29.3,tiktok
CR01239,youtube,@creator1239_youtube,vendor_a,48018,vendor_a,3.5268649256528803,vendor_a,-0.02874249074617205,vendor_a,0.24550096258474932,vendor_a,micro,93.8,youtube,4.9,youtube · micro,91.2,youtube
CR01240,instagram,@creator1240_instagram,vendor_b,,,,,,,,,,,,,,,
CR01240,tiktok,@creator1240_tiktok,vendor_a,7603,vendor_a,2.0332763382875183,vendor_a,0.18077341202050007,vendor_a,0.15011286681715574,vendor_a,nano,27.4,tiktok,71.9,tiktok · nano,53.9,tiktok
CR01240,youtube,@creator1240_youtube,vendor_a,43645,vendor_a,2.3877878336579217,vendor_a,-0.035917032979169886,vendor_a,0.042006424511984185,vendor_a,micro,81.8,youtube,4.2,youtube · micro,24.7,youtube
CR01241,instagram,https://www.instagram.com/creator1241_instagram/,vendor_b,16980.0,vendor_b,1.1994110718492343,vendor_b,-0.12298136645962733,vendor_c,,"n/a (likes hidden, vendor_b)",micro,83.4,instagram,1.1,instagram · micro,,
CR01241,tiktok,@creator1241_tiktok,vendor_b,591040.0,vendor_b,2.317641783974012,vendor_b,-0.02202366178538926,vendor_b,0.039254008995219816,vendor_b,mid,34.1,tiktok,9.6,tiktok · mid,8.0,tiktok
CR01241,youtube,@creator1241_youtube,vendor_a,82186,vendor_a,0.9257659455381695,vendor_a,0.09928708050773778,vendor_a,0.29721151666288825,vendor_a,micro,34.1,youtube,53.3,youtube · micro,95.2,youtube
CR01243,instagram,,,,,,,,,,,,,,,,,
CR01243,tiktok,@creator1243_tiktok,vendor_b,47260.0,vendor_b,,,0.050455656812625024,vendor_b,0.12318997190404149,vendor_b,micro,,,27.3,tiktok · micro,43.4,tiktok
CR01243,youtube,@creator1243_youtube,vendor_a,268227,vendor_a,4.197601285478345,vendor_a,0.0579694710685126,vendor_a,0.02954444522357011,vendor_a,mid,96.7,youtube,36.4,youtube · mid,17.5,youtube
CR01246,youtube,,,,,,,,,,,,,,,,,
CR01247,instagram,@creator1247_instagram,vendor_b,68560.0,vendor_b,0.18507876312718785,vendor_b,-0.04962572775159412,vendor_b,0.05226480836236934,vendor_b,micro,7.1,instagram,3.3,instagram · micro,13.9,instagram
CR01247,tiktok,,,6900.0,vendor_b,6.090724637681159,vendor_b,0.02097800925925926,vendor_c,,,nano,83.0,tiktok,7.0,tiktok · nano,,
CR01247,youtube,@creator1247_youtube,vendor_a,8869,vendor_a,0.9714736723418649,vendor_a,0.14409184726522187,vendor_a,0.11827956989247312,vendor_a,nano,36.3,youtube,70.0,youtube · nano,63.0,youtube
CR01248,instagram,@creator1248_instagram,vendor_b,38160.0,vendor_b,0.6074947589098533,vendor_b,0.03695652173913044,vendor_b,0.26039667306461933,vendor_b,micro,48.8,instagram,23.0,instagram · micro,83.7,instagram
CR01248,tiktok,https://www.tiktok.com/@creator1248_tiktok,vendor_b,76590.0,vendor_b,6.19165687426557,vendor_b,0.09555142325847518,vendor_b,,,micro,83.8,tiktok,55.8,tiktok · micro,,
CR01248,youtube,@creator1248_youtube,vendor_a,85533,vendor_a,0.38972092642605777,vendor_a,0.18557072562201124,vendor_a,0.0,vendor_a,micro,6.4,youtube,88.9,youtube · micro,0.8,youtube
CR01249,instagram,@creator1249_instagram,vendor_b,18880.0,vendor_b,0.49957627118644066,vendor_b,0.05415968732551647,vendor_b,,,micro,37.2,instagram,32.5,instagram · micro,,
CR01249,tiktok,@creator1249_tiktok,vendor_b,8960.0,vendor_b,5.918303571428571,vendor_b,0.11304347826086956,vendor_b,,,nano,81.4,tiktok,43.9,tiktok · nano,,
CR01249,youtube,@creator1249_youtube,vendor_a,105091,vendor_a,1.9092215318152839,vendor_a,,,0.12765319882135545,vendor_a,mid,73.9,youtube,,,67.7,youtube
CR01253,instagram,@creator1253_instagram,vendor_a,95833,vendor_a,0.17502321747206076,vendor_a,0.17759891865323174,vendor_a,0.4734848484848485,vendor_a,micro,6.3,instagram,88.0,instagram · micro,99.0,instagram
CR01253,tiktok,@creator1253_tiktok,vendor_b,325170.0,vendor_b,6.721926992034936,vendor_b,0.028270562565221515,vendor_b,,,mid,86.5,tiktok,26.3,tiktok · mid,,
CR01253,youtube,@creator1253_youtube,vendor_a,40699,vendor_a,1.6188849848890636,vendor_a,0.017729432358089523,vendor_a,0.19886965736488874,vendor_a,micro,66.1,youtube,15.4,youtube · micro,86.1,youtube
CR01254,instagram,@creator1254_instagram,vendor_b,49140.0,vendor_b,0.28532763532763533,vendor_b,0.1388180764774044,vendor_b,0.3949843260188088,vendor_b,micro,16.6,instagram,76.3,instagram · micro,97.6,instagram
CR01254,tiktok,https://www.tiktok.com/@creator1254_tiktok,vendor_b,13970.0,vendor_b,4.8613457408733,vendor_b,,,,,micro,73.8,tiktok,,,,
CR01254,youtube,@creator1254_youtube,vendor_a,176494,vendor_a,1.583424932292316,vendor_a,0.14347355667999145,vendor_a,0.17402704940656913,vendor_a,mid,64.4,youtube,84.6,youtube · mid,81.8,youtube
CR01255,instagram,@creator1255_instagram,vendor_a,95572,vendor_a,0.9256058259741347,vendor_a,-0.13381730516508514,vendor_a,0.09794728839330968,vendor_a,micro,72.3,instagram,0.7,instagram · micro,34.4,instagram
CR01255,tiktok,@creator1255_tiktok,vendor_b,47830.0,vendor_b,1.245808070248798,vendor_b,0.03797743055555555,vendor_b,0.09353166553977912,vendor_b,micro,9.8,tiktok,21.7,tiktok · micro,27.9,tiktok
CR01255,youtube,,,,,,,,,,,,,,,,,
CR01257,tiktok,,,165290.0,vendor_b,3.629100369048339,vendor_b,0.07275441329179647,vendor_b,,,mid,59.9,tiktok,44.2,tiktok · mid,,
CR01263,tiktok,,,,,,,,,,,,,,,,,
CR01266,instagram,@creator1266_instagram,vendor_a,12499,vendor_a,0.31594527562204977,vendor_a,0.11697944593386952,vendor_a,0.056818181818181816,vendor_a,micro,19.0,instagram,64.2,instagram · micro,16.5,instagram
CR01266,tiktok,@creator1266_tiktok,vendor_a,72006,vendor_a,1.737382995861456,vendor_a,0.1471038042439304,vendor_a,0.07628865979381444,vendor_a,micro,21.1,tiktok,83.1,tiktok · micro,19.4,tiktok
CR01266,youtube,@creator1266_youtube,vendor_a,28006,vendor_a,4.581696779261587,vendor_a,-0.04517404793563124,vendor_a,0.21253245220675007,vendor_a,micro,97.2,youtube,3.3,youtube · micro,88.0,youtube
CR01268,instagram,https://www.instagram.com/creator1268_instagram/,vendor_b,65250.0,vendor_b,2.0935632183908046,vendor_b,-0.003916044949385506,vendor_c,0.24141247595493268,vendor_b,micro,96.3,instagram,10.2,instagram · micro,78.0,instagram
CR01268,tiktok,https://www.tiktok.com/@creator1268_tiktok,vendor_b,22240.0,vendor_b,1.9072392086330936,vendor_b,0.02677746999076639,vendor_b,0.22348711803475135,vendor_b,micro,24.9,tiktok,18.4,tiktok · micro,76.0,tiktok
CR01268,youtube,@creator1268_youtube,vendor_a,85490,vendor_a,0.6162475143291613,vendor_a,0.12134209525308569,vendor_a,0.1588598764201714,vendor_a,micro,15.6,youtube,65.0,youtube · micro,78.1,youtube
CR01269,tiktok,@creator1269_tiktok,vendor_a,269351,vendor_a,2.88790091739032,vendor_a,0.06075439895401774,vendor_a,0.11410738475951739,vendor_b,mid,47.2,tiktok,39.1,tiktok · mid,37.2,tiktok
CR01270,instagram,,,,,,,,,,,,,,,,,
CR01270,tiktok,@creator1270_tiktok,vendor_b,361440.0,vendor_b,,,0.08609032723339043,vendor_b,0.07658779576587796,vendor_b,mid,,,52.6,tiktok · mid,19.9,tiktok
CR01270,youtube,@creator1270_youtube,vendor_a,29722,vendor_a,0.6405019850615705,vendor_a,0.12048556133604765,vendor_a,,,micro,17.3,youtube,64.4,youtube · micro,,
CR01274,instagram,@creator1274_instagram,vendor_b,23530.0,vendor_b,0.4702932426689333,vendor_b,0.13016330451488953,vendor_b,0.0625,vendor_b,micro,33.1,instagram,71.9,instagram · micro,19.8,instagram
CR01274,tiktok,@creator1274_tiktok,vendor_b,32360.0,vendor_b,2.3943448702101358,vendor_b,,,0.08617189262350552,vendor_b,micro,36.8,tiktok,,,24.2,tiktok
CR01274,youtube,@creator1274_youtube,vendor_a,5812,vendor_a,4.790949759119064,vendor_a,0.016972878390201226,vendor_a,0.0175054704595186,vendor_a,nano,97.6,youtube,14.4,youtube · nano,11.6,youtube
CR01276,instagram,@creator1276_instagram,vendor_b,45230.0,vendor_b,0.7573734247181074,vendor_b,0.14564336372847012,vendor_b,,,micro,60.7,instagram,78.5,instagram · micro,,
CR01276,tiktok,https://www.tiktok.com/@creator1276_tiktok,vendor_b,14210.0,vendor_b,4.153624208304011,vendor_b,0.0939183987682833,vendor_b,,,micro,65.9,tiktok,54.7,tiktok · micro,,
CR01280,instagram,@creator1280_instagram,vendor_b,32020.0,vendor_b,0.8801998750780762,vendor_b,0.18768545994065283,vendor_b,0.09884559884559885,vendor_b,micro,69.6,instagram,89.4,instagram · micro,34.6,instagram
CR01280,tiktok,@creator1280_tiktok,vendor_b,61400.0,vendor_b,2.9720358306188923,vendor_b,0.024699599465954607,vendor_b,0.17805637495902982,vendor_b,micro,48.3,tiktok,17.2,tiktok · micro,62.6,tiktok
CR01280,youtube,@creator1280_youtube,vendor_a,149982,vendor_c,2.9986198343801256,vendor_c,0.029403286249639667,vendor_c,0.04163007201826805,vendor_a,mid,88.2,youtube,23.5,youtube · mid,24.3,youtube
CR01283,instagram,@creator1283_instagram,vendor_b,22100.0,vendor_b,0.5724886877828055,vendor_b,0.03609939052977028,vendor_b,0.16865079365079366,vendor_b,micro,44.1,instagram,21.9,instagram · micro,59.0,instagram
CR01283,tiktok,@creator1283_tiktok,vendor_b,2740.0,vendor_b,2.171897810218978,vendor_b,0.16072177926982795,vendor_c,0.07969151670951156,vendor_b,nano,30.9,tiktok,68.4,tiktok · nano,22.1,tiktok
CR01283,youtube,@creator1283_youtube,vendor_a,8076,vendor_a,1.2919762258543834,vendor_a,0.08914362778152393,vendor_a,0.0832443970117396,vendor_a,nano,52.8,youtube,41.1,youtube · nano,45.5,youtube
CR01284,instagram,@creator1284_instagram,vendor_a,24377,vendor_a,0.3022521229027362,vendor_a,0.04215296481552734,vendor_a,0.2658662092624357,vendor_b,micro,17.5,instagram,25.2,instagram · micro,85.6,instagram
CR01284,tiktok,@creator1284_tiktok,vendor_b,38680.0,vendor_b,0.3864529472595657,vendor_b,0.014424337791765015,vendor_b,0.16891891891891891,vendor_b,micro,0.4,tiktok,14.2,tiktok · micro,59.1,tiktok
CR01284,youtube,@creator1284_youtube,vendor_a,378220,vendor_a,0.7588229073026281,vendor_a,0.13972837207059796,vendor_a,0.32226469182990924,vendor_a,mid,24.0,youtube,84.0,youtube · mid,96.1,youtube
CR01285,youtube,@creator1285_youtube,vendor_a,51374,vendor_a,2.4616342897185346,vendor_a,0.05925773195876289,vendor_a,0.04846139672010319,vendor_a,micro,83.0,youtube,31.0,youtube · micro,27.7,youtube
CR01287,instagram,https://www.instagram.com/creator1287_instagram/,vendor_b,4860.0,vendor_b,0.17674897119341565,vendor_b,0.15990453460620524,vendor_b,,,nano,6.5,instagram,83.9,instagram · nano,,
CR01287,tiktok,@creator1287_tiktok,vendor_b,13080.0,vendor_b,3.711238532110092,vendor_b,0.031319202783929134,vendor_c,0.36455696202531646,vendor_b,micro,61.3,tiktok,19.5,tiktok · micro,95.9,tiktok
CR01287,youtube,@creator1287_youtube,vendor_a,105629,vendor_a,1.3769608724876692,vendor_a,0.12803289192652711,vendor_a,0.08507123683667149,vendor_a,mid,56.9,youtube,77.8,youtube · mid,46.7,youtube
CR01290,instagram,@creator1290_instagram,vendor_b,35720.0,vendor_b,1.7241601343784994,vendor_b,0.17732366512854317,vendor_b,0.22165512212905578,vendor_b,micro,93.1,instagram,87.6,instagram · micro,75.9,instagram
CR01290,tiktok,@creator1290_tiktok,vendor_a,125903,vendor_a,1.928992954893847,vendor_a,0.00019065928391550615,vendor_a,0.1541267942583732,vendor_a,mid,26.0,tiktok,14.7,tiktok · mid,54.8,tiktok
CR01290,youtube,@creator1290_youtube,vendor_a,3378,vendor_a,3.009177027827117,vendor_a,0.07888853401469179,vendor_a,0.10036496350364964,vendor_b,nano,88.4,youtube,33.3,youtube · nano,55.0,youtube
CR01291,instagram,@creator1291_instagram,vendor_b,24160.0,vendor_b,0.4380794701986755,vendor_b,0.02286198137171888,vendor_b,0.106,vendor_b,micro,30.5,instagram,18.2,instagram · micro,38.3,instagram
CR01291,tiktok,@creator1291_tiktok,vendor_a,309007,vendor_a,4.179442536900458,vendor_a,0.11298525417990332,vendor_a,0.27898855046196014,vendor_a,mid,66.5,tiktok,71.8,tiktok · mid,86.1,tiktok
CR01291,youtube,@creator1291_youtube,vendor_a,223687,vendor_a,0.8450513440655917,vendor_a,0.19769228709876047,vendor_a,0.1882510013351135,vendor_a,mid,28.7,youtube,93.2,youtube · mid,84.0,youtube
CR01292,instagram,@creator1292_instagram,vendor_a,98777,vendor_a,0.3143646800368507,vendor_a,-0.04843697317084919,vendor_a,,"n/a (likes hidden, vendor_a)",micro,18.8,instagram,4.0,instagram · micro,,
CR01292,tiktok,,,,,,,,,,,,,,,,,
CR01292,youtube,@creator1292_youtube,vendor_a,236901,vendor_a,1.267052481838405,vendor_a,0.11522709298384363,vendor_a,0.09964356014257594,vendor_a,mid,51.6,youtube,69.1,youtube · mid,54.7,youtube
CR01295,tiktok,@creator1295_tiktok,vendor_a,19755,vendor_a,8.479929131865351,vendor_a,0.12756849315068494,vendor_a,0.042649434571890146,vendor_a,micro,91.4,tiktok,72.3,tiktok · micro,8.2,tiktok
CR01295,youtube,,,,,,,,,,,,,,,,,
CR01296,instagram,@creator1296_instagram,vendor_a,1217424,vendor_a,0.36207188292657283,vendor_a,0.08951787055093222,vendor_a,0.17931723261303795,vendor_a,macro,23.1,instagram,64.3,instagram · macro,63.4,instagram
CR01296,tiktok,https://www.tiktok.com/@creator1296_tiktok,vendor_b,28190.0,vendor_b,4.021816246896062,vendor_b,0.01805706031058144,vendor_b,0.2200040330711837,vendor_b,micro,63.6,tiktok,16.1,tiktok · micro,74.9,tiktok
CR01296,youtube,@creator1296_youtube,vendor_a,6218,vendor_a,1.6611450627211322,vendor_a,0.14280463150156222,vendor_a,0.10378510378510379,vendor_a,nano,67.8,youtube,68.9,youtube · nano,56.3,youtube
CR01297,tiktok,@creator1297_tiktok,vendor_b,244110.0,vendor_b,1.1005898979968047,vendor_b,0.15494890234670705,vendor_b,0.10532868525896415,vendor_b,mid,6.8,tiktok,86.5,tiktok · mid,33.6,tiktok
CR01298,instagram,https://www.instagram.com/creator1298_instagram/,vendor_b,21760.0,vendor_b,0.9701746323529412,vendor_b,0.19037199124726478,vendor_b,0.17304189435336975,vendor_b,micro,75.2,instagram,90.9,instagram · micro,60.5,instagram
CR01298,tiktok,@creator1298_tiktok,vendor_b,13120.0,vendor_b,1.4245426829268293,vendor_b,0.07102040816326531,vendor_b,0.0646900269541779,vendor_b,micro,13.5,tiktok,40.1,tiktok · micro,15.1,tiktok
CR01298,youtube,@creator1298_youtube,vendor_a,8985,vendor_a,2.889927657206455,vendor_a,0.02638793694311172,vendor_a,0.05583756345177665,vendor_a,nano,86.9,youtube,16.7,youtube · nano,30.5,youtube
CR01300,instagram,@creator1300_instagram,vendor_a,19429,vendor_a,0.4201966133100005,vendor_a,0.06320455291671227,vendor_a,0.10027855153203342,vendor_a,micro,28.7,instagram,35.8,instagram · micro,35.4,instagram
CR01300,tiktok,@creator1300_tiktok,vendor_a,209080,vendor_a,5.105031566864358,vendor_a,-0.043873528631661746,vendor_a,0.15874080640137994,vendor_a,mid,75.3,tiktok,6.4,tiktok · mid,55.9,tiktok
CR01300,youtube,@creator1300_youtube,vendor_c,,,,,,,0.07502226179875333,vendor_c,,,,,,40.4,youtube
CR01302,instagram,https://www.instagram.com/creator1302_instagram/,vendor_b,14600.0,vendor_b,0.8367123287671233,vendor_b,0.2553740326741187,vendor_b,,,micro,67.2,instagram,98.2,instagram · micro,,
CR01302,tiktok,@creator1302_tiktok,vendor_b,,,,,,,0.04894111570247934,vendor_b,,,,,,9.8,tiktok
CR01302,youtube,@creator1302_youtube,vendor_a,1417116,vendor_a,1.738080016032562,vendor_a,0.22009715207692268,vendor_a,0.16646390291979796,vendor_a,macro,69.7,youtube,100.0,youtube · macro,79.9,youtube
CR01303,instagram,@creator1303_instagram,vendor_b,188180.0,vendor_b,0.7356095227973217,vendor_b,0.01817985066551239,vendor_b,0.306161043097442,vendor_b,mid,59.2,instagram,16.4,instagram · mid,91.2,instagram
CR01303,tiktok,@creator1303_tiktok,vendor_b,4780.0,vendor_b,7.595188284518828,vendor_b,0.08855242027988071,vendor_c,0.1005104043973302,vendor_b,nano,89.2,tiktok,28.1,tiktok · nano,31.7,tiktok
CR01303,youtube,@creator1303_youtube,vendor_a,129654,vendor_a,0.9753266385919447,vendor_a,0.10601743640489311,vendor_a,0.020213273913735477,vendor_a,mid,36.9,youtube,61.7,youtube · mid,13.1,youtube
CR01305,youtube,@creator1305_youtube,vendor_a,33435,vendor_a,0.2777628233886646,vendor_a,0.11595073595674377,vendor_a,0.02491103202846975,vendor_a,micro,1.4,youtube,61.4,youtube · micro,15.5,youtube
CR01307,instagram,@creator1307_instagram,vendor_a,296288,vendor_a,0.18904241818770925,vendor_a,0.15714899433704355,vendor_a,0.15462339252908758,vendor_a,mid,7.4,instagram,83.6,instagram · mid,54.9,instagram
CR01307,youtube,@creator1307_youtube,vendor_a,191842,vendor_a,0.9323922811480281,vendor_a,0.12917314121580262,vendor_a,0.03486609398686205,vendor_a,mid,34.6,youtube,78.4,youtube · mid,20.1,youtube
CR01309,instagram,https://www.instagram.com/creator1309_instagram/,vendor_b,57650.0,vendor_b,0.7607979184735473,vendor_b,0.11898291925465838,vendor_b,0.2533215234720992,vendor_b,micro,60.9,instagram,65.3,instagram · micro,81.2,instagram
CR01309,tiktok,@creator1309_tiktok,vendor_c,69739,vendor_c,2.011356629719382,vendor_c,0.13722196856043312,vendor_c,,,micro,27.2,tiktok,76.4,tiktok · micro,,
CR01312,tiktok,@creator1312_tiktok,vendor_a,4574,vendor_a,3.505465675557499,vendor_a,0.1948798328108673,vendor_a,0.24187725631768953,vendor_b,nano,58.5,tiktok,84.2,tiktok · nano,79.0,tiktok
CR01312,youtube,@creator1312_youtube,vendor_a,27770,vendor_a,3.512063377745769,vendor_a,0.21107719145224596,vendor_a,0.016757023164120255,vendor_a,micro,93.6,youtube,94.4,youtube · micro,10.9,youtube
CR01313,instagram,@creator1313_instagram,vendor_a,69185,vendor_a,0.15833685099197975,vendor_b,0.13731259863229878,vendor_a,0.041237113402061855,vendor_a,micro,5.2,instagram,75.5,instagram · micro,9.0,instagram
CR01313,tiktok,@creator1313_tiktok,vendor_a,2309,vendor_a,3.5400606323083585,vendor_a,0.06997219647822057,vendor_a,0.21220159151193635,vendor_a,nano,58.9,tiktok,19.3,tiktok · nano,73.3,tiktok
CR01313,youtube,@creator1313_youtube,vendor_a,10566,vendor_a,0.8952299829642248,vendor_a,0.10673510003142349,vendor_a,0.014705882352941176,vendor_a,micro,32.2,youtube,56.9,youtube · micro,10.1,youtube
CR01314,instagram,@creator1314_instagram,vendor_b,257950.0,vendor_b,0.7833921302578019,vendor_b,0.08532839651617789,vendor_b,0.21539555194475474,vendor_b,mid,64.2,instagram,50.7,instagram · mid,74.9,instagram
CR01314,tiktok,@creator1314_tiktok,vendor_b,21310.0,vendor_b,10.267714687939934,vendor_b,0.10701298701298702,vendor_b,0.30294160690765404,vendor_b,micro,94.5,tiktok,61.0,tiktok · micro,90.9,tiktok
CR01314,youtube,@creator1314_youtube,vendor_a,39779,vendor_a,,,0.21344030260508814,vendor_a,0.17039364257992978,vendor_a,micro,,,94.8,youtube · micro,80.8,youtube
CR01316,instagram,@creator1316_instagram,vendor_b,12740.0,vendor_b,0.7121664050235479,vendor_b,0.11461067366579178,vendor_b,,,micro,57.2,instagram,62.8,instagram · micro,,
CR01316,tiktok,@creator1316_tiktok,vendor_b,119140.0,vendor_b,2.0421604834648313,vendor_b,0.011632843678356118,vendor_b,0.22018994020400984,vendor_b,mid,27.8,tiktok,17.9,tiktok · mid,75.1,tiktok
CR01321,instagram,@creator1321_instagram,vendor_a,39832,vendor_a,0.4212191203052822,vendor_a,0.05166996699669967,vendor_a,,,micro,28.9,instagram,31.4,instagram · micro,,
CR01321,tiktok,@creator1321_tiktok,vendor_b,248400.0,vendor_b,0.6665700483091788,vendor_b,0.0882803943044907,vendor_b,0.07616868257600523,vendor_b,mid,1.8,tiktok,55.8,tiktok · mid,19.2,tiktok
CR01322,instagram,@creator1322_instagram,vendor_a,33660,vendor_a,0.5225844694724363,vendor_b,0.0447575889254454,vendor_a,,"n/a (likes hidden, vendor_a)",micro,40.2,instagram,27.0,instagram · micro,,
CR01322,tiktok,@creator1322_tiktok,vendor_b,25680.0,vendor_b,3.7671728971962617,vendor_b,0.12483574244415244,vendor_b,0.012304537298128686,vendor_b,micro,61.6,tiktok,71.5,tiktok · micro,0.5,tiktok
CR01322,youtube,@creator1322_youtube,vendor_a,6749,vendor_a,1.969032449251741,vendor_a,0.08679549114331724,vendor_a,0.10710987996306556,vendor_a,nano,75.4,youtube,37.8,youtube · nano,57.7,youtube
CR01323,tiktok,https://www.tiktok.com/@creator1323_tiktok,vendor_b,212020.0,vendor_b,4.26753136496557,vendor_b,0.026582094610952404,vendor_b,,,mid,68.1,tiktok,25.6,tiktok · mid,,
CR01324,instagram,,,,,,,,,,,,,,,,,
CR01324,tiktok,@creator1324_tiktok,vendor_a,28744,vendor_a,3.896604508767047,vendor_a,0.011898894599732451,vendor_a,0.11952432957165393,vendor_a,micro,62.4,tiktok,13.5,tiktok · micro,41.6,tiktok
CR01324,youtube,@creator1324_youtube,vendor_a,92840,vendor_a,1.0535975872468764,vendor_a,0.06944972411330361,vendor_a,0.009494284053478009,vendor_a,micro,40.3,youtube,36.3,youtube · micro,6.9,youtube
CR01325,instagram,@creator1325_instagram,vendor_a,111715,vendor_a,1.1023855346193439,vendor_a,0.04019627926032142,vendor_a,0.2041044776119403,vendor_a,mid,80.8,instagram,25.3,instagram · mid,72.7,instagram
CR01325,tiktok,@creator1325_tiktok,vendor_b,67340.0,vendor_b,9.13021978021978,vendor_b,,,,,micro,92.8,tiktok,,,,
CR01325,youtube,@creator1325_youtube,vendor_a,6166,vendor_a,2.280084333441453,vendor_a,0.00850507033038927,vendor_a,0.05799151343705799,vendor_a,nano,79.8,youtube,12.2,youtube · nano,31.7,youtube
CR01327,youtube,,,,,,,,,,,,,,,,,
CR01329,tiktok,@creator1329_tiktok,vendor_b,26040.0,vendor_b,2.3649385560675884,vendor_b,0.10997442455242967,vendor_b,0.2781392322706571,vendor_b,micro,36.0,tiktok,62.2,tiktok · micro,85.6,tiktok
CR01329,youtube,,,,,,,,,,,,,,,,,
CR01332,instagram,@creator1332_instagram,vendor_c,2315,vendor_c,2.266522678185745,vendor_c,0.04091726618705036,vendor_c,,"n/a (likes hidden, vendor_c)",nano,97.4,instagram,17.7,instagram · nano,,
CR01334,instagram,@creator1334_instagram,vendor_b,59810.0,vendor_b,,,0.1697633483277919,vendor_b,,,micro,,,85.4,instagram · micro,,
CR01334,tiktok,@creator1334_tiktok,vendor_a,23923,vendor_a,3.8517326422271454,vendor_a,0.09930153478540575,vendor_a,0.05327868852459016,vendor_a,micro,62.0,tiktok,57.7,tiktok · micro,10.3,tiktok
CR01334,youtube,@creator1334_youtube,vendor_a,165192,vendor_a,1.1350368056564482,vendor_a,0.04661196819463364,vendor_a,0.09500616522811343,vendor_b,mid,44.8,youtube,31.5,youtube · mid,52.4,youtube
CR01337,tiktok,@creator1222_tiktok,vendor_c,17364,vendor_c,2.263648928818245,vendor_c,0.09870918754745633,vendor_c,,,micro,32.9,tiktok,56.9,tiktok · micro,,
CR01337,youtube,@creator1337_youtube,vendor_a,37009,vendor_a,0.574806128239077,vendor_a,0.056554756195043965,vendor_a,0.05555555555555555,vendor_a,micro,13.7,youtube,29.7,youtube · micro,30.0,youtube
CR01341,instagram,@creator1341_instagram,vendor_a,7013286,vendor_a,0.478736928737827,vendor_a,0.015018564978873336,vendor_a,0.04828758319289326,vendor_a,macro,34.3,instagram,7.1,instagram · macro,12.2,instagram
CR01341,youtube,@creator1341_youtube,vendor_a,11005,vendor_a,2.217355747387551,vendor_a,0.21347447348108942,vendor_a,0.0676077265973254,vendor_a,micro,78.9,youtube,95.1,youtube · micro,37.2,youtube
CR01342,tiktok,,,,,,,,,,,,,,,,,
CR01342,youtube,@creator1342_youtube,vendor_a,3678,vendor_a,1.375747688961392,vendor_a,0.0985663082437276,vendor_a,0.0835214446952596,vendor_a,nano,56.7,youtube,47.8,youtube · nano,45.9,youtube
CR01343,instagram,@creator1343_instagram,vendor_b,59830.0,vendor_b,7.168594350660204,vendor_b,0.11727357609710551,vendor_b,0.05833439938595369,vendor_b,micro,100.0,instagram,64.6,instagram · micro,17.3,instagram
CR01343,tiktok,https://www.tiktok.com/@creator1343_tiktok,vendor_b,8130.0,vendor_b,1.4688806888068882,vendor_b,0.18686131386861313,vendor_b,0.18613138686131386,vendor_b,nano,15.5,tiktok,77.2,tiktok · nano,64.8,tiktok
CR01343,youtube,@creator1343_youtube,vendor_a,173667,vendor_a,0.8414436824497458,vendor_a,0.05984340386058916,vendor_a,0.09651124877730681,vendor_a,mid,28.4,youtube,37.0,youtube · mid,53.1,youtube
CR01345,tiktok,@creator1345_tiktok,vendor_b,4870.0,vendor_b,8.485626283367557,vendor_b,,,,,nano,91.6,tiktok,,,,
CR01347,instagram,@creator1347_instagram,vendor_b,,,,,,,,,,,,,,,
CR01347,tiktok,@creator1347_tiktok,vendor_a,18580,vendor_a,3.6405274488697525,vendor_a,0.15698362289059095,vendor_a,0.1319073083778966,vendor_b,micro,60.1,tiktok,86.1,tiktok · micro,45.4,tiktok
CR01347,youtube,@creator1347_youtube,vendor_a,1011047,vendor_a,1.0401089167961528,vendor_a,0.05257968938370212,vendor_a,0.09441460325778418,vendor_a,macro,39.4,youtube,53.8,youtube · macro,51.9,youtube
CR01349,instagram,@creator1349_instagram,vendor_b,8560.0,vendor_b,0.6578271028037384,vendor_b,0.09743589743589744,vendor_b,0.1588089330024814,vendor_b,nano,54.0,instagram,43.5,instagram · nano,55.6,instagram
CR01349,tiktok,@creator1349_tiktok,vendor_a,442502,vendor_a,10.032591943087263,vendor_a,0.17308880175816718,vendor_a,0.12163453053609397,vendor_a,mid,93.9,tiktok,90.4,tiktok · mid,42.5,tiktok
CR01349,youtube,@creator1349_youtube,vendor_a,224540,vendor_a,0.7108310323327692,vendor_a,0.14830725171320447,vendor_a,0.23962937776266577,vendor_a,mid,20.9,youtube,85.2,youtube · mid,90.8,youtube
CR01350,instagram,@creator1350_instagram,vendor_a,51115,vendor_a,1.0331605203951872,vendor_a,0.021707409702372622,vendor_a,0.31043478260869567,vendor_b,micro,78.6,instagram,17.2,instagram · micro,91.7,instagram
CR01350,tiktok,@creator1350_tiktok,vendor_a,116183,vendor_a,2.8516564385495298,vendor_a,0.09729790991773783,vendor_a,0.16144121365360303,vendor_a,mid,46.4,tiktok,61.5,tiktok · mid,57.1,tiktok
CR01350,youtube,@creator1350_youtube,vendor_a,55272,vendor_a,0.3969279201042119,vendor_a,-0.01965235899255055,vendor_a,0.08731808731808732,vendor_a,micro,6.7,youtube,6.5,youtube · micro,47.8,youtube
CR01352,tiktok,https://www.tiktok.com/@creator1352_tiktok,vendor_b,104400.0,vendor_b,4.045929118773946,vendor_b,0.09721492380451918,vendor_b,0.0887764745122019,vendor_b,mid,64.2,tiktok,60.9,tiktok · mid,25.6,tiktok
CR01352,youtube,@creator1352_youtube,vendor_a,42045,vendor_a,1.027351647044833,vendor_a,0.14227885242338623,vendor_a,0.04330254041570439,vendor_a,micro,38.8,youtube,77.1,youtube · micro,26.1,youtube
CR01354,instagram,,,,,,,,,,,,,,,,,
CR01354,tiktok,@creator1354_tiktok,vendor_b,,,,,,,,,,,,,,,
CR01354,youtube,@creator1354_youtube,vendor_a,55992,vendor_a,1.0653307615373624,vendor_a,0.12320962888665998,vendor_a,0.04115552037989711,vendor_a,micro,40.8,youtube,66.3,youtube · micro,23.8,youtube
CR01355,instagram,@creator1355_instagram,vendor_b,15620.0,vendor_b,0.8628681177976952,vendor_b,0.02763157894736842,vendor_b,0.0873015873015873,vendor_b,micro,68.3,instagram,19.7,instagram · micro,30.5,instagram
CR01355,tiktok,@creator1355_tiktok,vendor_a,69632,vendor_a,7.494456571691177,vendor_a,0.13510693792383932,vendor_a,0.18003800274464266,vendor_a,micro,88.8,tiktok,75.7,tiktok · micro,63.0,tiktok
CR01355,youtube,@creator1355_youtube,vendor_a,389127,vendor_a,1.2855700067073217,vendor_a,0.17167754154484494,vendor_a,0.03540342298288508,vendor_a,mid,52.6,youtube,90.1,youtube · mid,20.5,youtube
CR01356,instagram,@creator1356_instagram,vendor_a,1247168,vendor_a,0.4937746959511469,vendor_a,0.1272337144804261,vendor_a,0.18595491494175814,vendor_a,macro,36.5,instagram,85.7,instagram · macro,65.9,instagram
CR01356,tiktok,@creator1356_tiktok,vendor_a,132928,vendor_a,12.21881770582571,vendor_a,0.09675662742056583,vendor_a,0.11728553137003841,vendor_a,mid,96.7,tiktok,60.3,tiktok · mid,39.0,tiktok
CR01359,instagram,,,,,,,,,,,,,,,,,
CR01361,tiktok,@creator1361_tiktok,vendor_b,176980.0,vendor_b,2.440563905526048,vendor_b,0.028714252499418738,vendor_b,,,mid,38.6,tiktok,26.9,tiktok · mid,,
CR01361,youtube,@creator1361_youtube,vendor_a,27384,vendor_a,2.184414256500146,vendor_a,0.0812603648424544,vendor_a,0.07338282078472959,vendor_a,micro,78.4,youtube,41.8,youtube · micro,39.3,youtube
CR01362,instagram,@creator1362_instagram,vendor_b,13780.0,vendor_b,0.11995645863570392,vendor_b,0.13043478260869565,vendor_b,0.19,vendor_b,micro,2.2,instagram,72.6,instagram · micro,67.8,instagram
CR01362,tiktok,@creator1362_tiktok,vendor_b,266170.0,vendor_b,4.806510876507495,vendor_b,0.08769563973683135,vendor_b,0.09407949907754234,vendor_b,mid,73.6,tiktok,54.5,tiktok · mid,28.3,tiktok
CR01362,youtube,@creator1362_youtube,vendor_a,3614,vendor_a,1.244327614831212,vendor_a,0.10723039215686274,vendor_a,0.25892857142857145,vendor_a,nano,50.9,youtube,51.1,youtube · nano,92.4,youtube
CR01364,tiktok,@creator1364_tiktok,vendor_b,47780.0,vendor_b,11.59905818334031,vendor_b,0.14142379359770665,vendor_b,0.06784831883123858,vendor_b,micro,95.9,tiktok,79.8,tiktok · micro,16.0,tiktok
CR01365,instagram,https://www.instagram.com/creator1365_instagram/,vendor_b,23000.0,vendor_b,0.7554347826086957,vendor_b,0.08593012275731822,vendor_b,0.1080168776371308,vendor_b,micro,60.3,instagram,50.4,instagram · micro,39.0,instagram
CR01365,tiktok,,,,,,,,,,,,,,,,,
CR01365,youtube,@creator1365_youtube,vendor_a,19296,vendor_a,0.7293221393034826,vendor_a,0.14312796208530806,vendor_a,0.057809330628803245,vendor_a,micro,22.5,youtube,77.5,youtube · micro,31.2,youtube
CR01367,instagram,@creator1367_instagram,vendor_a,69488,vendor_a,0.7791273313377849,vendor_a,0.19384932565930763,vendor_a,0.29034690799396684,vendor_a,micro,63.7,instagram,91.6,instagram · micro,89.8,instagram
CR01367,tiktok,@creator1367_tiktok,vendor_a,34806,vendor_a,1.7527725104866978,vendor_a,0.05405650949395839,vendor_a,0.019296740994854202,vendor_a,micro,21.7,tiktok,30.0,tiktok · micro,3.0,tiktok
CR01367,youtube,@creator1367_youtube,vendor_a,171723,vendor_a,0.6497382412373416,vendor_a,0.13425629305732611,vendor_a,0.1369359331476323,vendor_c,mid,17.6,youtube,79.6,youtube · mid,71.4,youtube
CR01371,tiktok,https://www.tiktok.com/@creator1371_tiktok,vendor_b,,,,,,,0.1706405693950178,vendor_b,,,,,,59.8,tiktok
CR01371,youtube,@creator1371_youtube,vendor_a,218904,vendor_a,2.3398932865548367,vendor_a,0.09282066386768575,vendor_a,,,mid,80.8,youtube,57.4,youtube · mid,,
CR01373,instagram,@creator1373_instagram,vendor_a,20037,vendor_a,0.8439387133802465,vendor_a,-0.07625282375178645,vendor_a,0.4432314410480349,vendor_a,micro,67.6,instagram,1.5,instagram · micro,98.0,instagram
CR01373,tiktok,,,,,,,,,,,,,,,,,
CR01373,youtube,@creator1373_youtube,vendor_a,45926,vendor_a,2.9471927846674184,vendor_b,0.08239453217063399,vendor_a,0.03365458161236041,vendor_a,micro,87.7,youtube,42.5,youtube · micro,19.4,youtube
CR01374,instagram,@creator1374_instagram,vendor_b,8340.0,vendor_b,1.4557553956834532,vendor_b,0.19655667144906744,vendor_b,0.1442125237191651,vendor_b,nano,90.1,instagram,93.5,instagram · nano,51.5,instagram
CR01374,tiktok,,,,,,,,,,,,,,,,,
CR01374,youtube,@creator1374_youtube,vendor_c,292364,vendor_c,0.2221887783721662,vendor_c,0.03288760134956104,vendor_c,,,mid,0.9,youtube,25.3,youtube · mid,,
CR01376,instagram,@creator1376_instagram,vendor_b,21150.0,vendor_b,3.6310165484633568,vendor_b,0.18820224719101122,vendor_b,,,micro,99.4,instagram,89.8,instagram · micro,,
CR01376,tiktok,@creator1376_tiktok,vendor_b,59550.0,vendor_b,1.8673215785054575,vendor_b,0.10318636532048907,vendor_b,,,micro,24.1,tiktok,59.2,tiktok · micro,,
CR01381,instagram,https://www.instagram.com/creator1381_instagram/,vendor_b,561430.0,vendor_b,0.8463299075574872,vendor_b,-0.05489529324624604,vendor_b,0.04834243990885257,vendor_b,mid,67.8,instagram,4.8,instagram · mid,12.4,instagram
CR01381,tiktok,@creator1381_tiktok,vendor_b,1931420.0,vendor_b,12.136033591865052,vendor_b,0.05034124588737526,vendor_b,0.20495075043828395,vendor_b,macro,96.5,tiktok,33.3,tiktok · macro,71.9,tiktok
CR01381,youtube,@creator1381_youtube,vendor_a,534682,vendor_a,3.123142353772897,vendor_a,0.11259036069367048,vendor_a,0.2592994799632915,vendor_a,mid,89.6,youtube,67.9,youtube · mid,92.8,youtube
CR01383,instagram,@creator1383_instagram,vendor_c,249419,vendor_c,0.6464022388029781,vendor_c,0.07043565214778955,vendor_c,,,mid,52.7,instagram,39.0,instagram · mid,,
CR01383,tiktok,@creator1383_tiktok,vendor_a,231103,vendor_a,3.0071763463569168,vendor_b,0.17934965655905857,vendor_a,0.14527271412037038,vendor_b,mid,49.9,tiktok,92.3,tiktok · mid,51.8,tiktok
CR01383,youtube,@creator1383_youtube,vendor_a,2165,vendor_a,1.7986143187066974,vendor_a,0.1639784946236559,vendor_a,0.22413793103448276,vendor_a,nano,71.1,youtube,74.4,youtube · nano,89.6,youtube
CR01384,instagram,@creator1384_instagram,vendor_a,22146,vendor_a,0.45150365754538063,vendor_a,0.03138971684053651,vendor_a,0.36574746008708275,vendor_a,micro,31.7,instagram,21.5,instagram · micro,96.6,instagram
CR01384,tiktok,@creator1384_tiktok,vendor_b,59480.0,vendor_b,1.9587760591795562,vendor_b,0.09924228423581594,vendor_b,0.1904047976011994,vendor_b,micro,26.4,tiktok,57.3,tiktok · micro,66.4,tiktok
CR01384,youtube,@creator1384_youtube,vendor_a,9899,vendor_a,3.212445701586019,vendor_a,0.22436611008039578,vendor_a,0.17814304753442914,vendor_a,nano,90.5,youtube,91.1,youtube · nano,82.5,youtube
CR01386,instagram,https://www.instagram.com/creator1386_instagram/,vendor_b,3500.0,vendor_b,0.9488571428571428,vendor_b,0.1551155115511551,vendor_b,,,nano,74.5,instagram,79.0,instagram · nano,,
CR01387,instagram,https://www.instagram.com/creator1387_instagram/,vendor_b,140910.0,vendor_b,0.5016535377191115,vendor_b,0.17327227310574522,vendor_b,0.2032171581769437,vendor_b,mid,37.6,instagram,89.0,instagram · mid,72.4,instagram
CR01387,tiktok,@creator1387_tiktok,vendor_a,127198,vendor_a,1.6433827575905282,vendor_a,0.014467555668984878,vendor_a,0.09897723523589574,vendor_a,mid,18.6,tiktok,18.6,tiktok · mid,31.1,tiktok
CR01387,youtube,@creator1387_youtube,vendor_a,109767,vendor_a,0.7834777301010322,vendor_a,0.07207946321310323,vendor_a,,,mid,24.7,youtube,43.8,youtube · mid,,
CR01393,instagram,@creator1393_instagram,vendor_b,3060.0,vendor_b,0.6663398692810457,vendor_b,0.1953125,vendor_b,0.075,vendor_b,nano,54.4,instagram,91.9,instagram · nano,24.9,instagram
CR01393,tiktok,,,,,,,,,,,,,,,,,
CR01393,youtube,@creator1393_youtube,vendor_a,53078,vendor_a,1.645069520328573,vendor_a,0.06311214372984557,vendor_a,0.06049250535331906,vendor_a,micro,67.1,youtube,32.7,youtube · micro,34.0,youtube
CR01394,instagram,https://www.instagram.com/creator1394_instagram/,vendor_b,37220.0,vendor_b,0.8782106394411606,vendor_b,0.0628212450028555,vendor_b,0.15384615384615385,vendor_b,micro,69.3,instagram,34.7,instagram · micro,54.5,instagram
CR01395,instagram,@creator1395_instagram,vendor_b,259610.0,vendor_b,0.5232656677323678,vendor_b,,,0.11489776046738072,vendor_b,mid,40.6,instagram,,,41.5,instagram
CR01395,tiktok,@creator1395_tiktok,vendor_b,42350.0,vendor_b,1.4621487603305785,vendor_b,-0.053842716711349416,vendor_b,0.25864568233588736,vendor_b,micro,15.1,tiktok,3.4,tiktok · micro,83.6,tiktok
CR01396,instagram,,,,,,,,,,,,,,,,,
CR01396,tiktok,@creator1396_tiktok,vendor_b,13400.0,vendor_b,1.4945522388059702,vendor_b,0.06943335993615324,vendor_b,,,micro,16.2,tiktok,39.3,tiktok · micro,,
CR01396,youtube,,,,,,,,,,,,,,,,,
CR01397,instagram,@creator1397_instagram,vendor_b,5950.0,vendor_b,2.5198319327731094,vendor_b,,,0.18046132971506107,vendor_b,nano,98.1,instagram,,,63.9,instagram
CR01398,tiktok,@creator1398_tiktok,vendor_a,22442,vendor_a,4.080474111041797,vendor_a,0.20714324135334303,vendor_a,0.06104615384615385,vendor_a,micro,65.2,tiktok,94.8,tiktok · micro,12.8,tiktok
CR01399,instagram,@creator1399_instagram,vendor_b,88200.0,vendor_b,0.08261904761904762,vendor_b,,,0.2577777777777778,vendor_b,micro,0.9,instagram,,,82.9,instagram
CR01399,youtube,@creator1399_youtube,vendor_a,33031,vendor_a,2.1841300596409434,vendor_a,0.08761936121172209,vendor_a,0.015379113018597998,vendor_b,micro,78.2,youtube,45.1,youtube · micro,10.4,youtube
CR01402,instagram,@creator1402_instagram,vendor_b,88520.0,vendor_b,0.5290216900135563,vendor_b,-0.008734602463605823,vendor_b,0.029843196762771876,vendor_b,micro,41.3,instagram,9.1,instagram · micro,6.3,instagram
CR01402,tiktok,https://www.tiktok.com/@creator1402_tiktok,vendor_b,20480.0,vendor_b,1.71357421875,vendor_b,0.02862882973380211,vendor_b,0.1254600200736032,vendor_b,micro,20.2,tiktok,19.1,tiktok · micro,44.3,tiktok
CR01402,youtube,@creator1402_youtube,vendor_a,37741,vendor_a,2.950716727166742,vendor_a,0.07530343609322468,vendor_a,0.21623643845866067,vendor_a,micro,88.1,youtube,38.9,youtube · micro,88.9,youtube
CR01406,instagram,@creator1406_instagram,vendor_a,205799,vendor_a,0.39479783672418234,vendor_a,0.07384409878578846,vendor_a,0.2317054382991835,vendor_a,mid,26.8,instagram,43.2,instagram · mid,77.1,instagram
CR01406,tiktok,@creator1406_tiktok,vendor_a,22599,vendor_a,2.6856940572591705,vendor_a,0.14727383490709717,vendor_a,0.1522894872234608,vendor_a,micro,42.1,tiktok,83.5,tiktok · micro,54.3,tiktok
CR01406,youtube,@creator1406_youtube,vendor_c,14905,vendor_c,,,0.14460144371064354,vendor_c,,,micro,,,77.8,youtube · micro,,
CR01408,instagram,@creator1408_instagram,vendor_b,11170.0,vendor_b,0.22211280214861234,vendor_b,0.21149674620390455,vendor_b,0.32967032967032966,vendor_b,micro,10.2,instagram,93.8,instagram · micro,93.7,instagram
CR01408,youtube,@creator1408_youtube,vendor_a,16827,vendor_a,0.4704938491709752,vendor_a,0.09600729499120693,vendor_a,0.013824884792626729,vendor_a,micro,9.0,youtube,50.7,youtube · micro,9.3,youtube
CR01409,instagram,@creator1409_instagram,vendor_a,8340,vendor_a,0.565347721822542,vendor_a,-0.00985397126914401,vendor_a,0.34108527131782945,vendor_a,nano,43.4,instagram,8.1,instagram · nano,95.1,instagram
CR01409,youtube,@creator1409_youtube,vendor_a,47761,vendor_a,0.623981909926509,vendor_a,-0.01782923418606564,vendor_a,,,micro,16.3,youtube,7.5,youtube · micro,,
CR01412,instagram,@creator1412_instagram,vendor_b,19710.0,vendor_b,0.04632166412988331,vendor_b,0.12371721778791334,vendor_b,0.375,vendor_b,micro,0.2,instagram,67.9,instagram · micro,97.1,instagram
CR01412,tiktok,@creator1412_tiktok,vendor_b,12930.0,vendor_b,1.6156225831399846,vendor_b,0.14424778761061946,vendor_b,0.11824123588829472,vendor_b,micro,17.6,tiktok,80.9,tiktok · micro,40.0,tiktok
CR01412,youtube,https://youtube.com/@creator1412_youtube,vendor_b,12020.0,vendor_b,0.5818635607321131,vendor_b,0.13933649289099526,vendor_b,0.025830258302583026,vendor_b,micro,14.2,youtube,76.1,youtube · micro,16.0,youtube
CR01415,instagram,@creator1415_instagram,vendor_b,84810.0,vendor_b,0.08516684353260229,vendor_b,0.1688257993384785,vendor_b,,,micro,1.3,instagram,85.0,instagram · micro,,
CR01415,tiktok,@creator1415_tiktok,vendor_c,,,,,,,,,,,,,,,
CR01415,youtube,@creator1415_youtube,vendor_a,26465,vendor_a,1.2723219346306442,vendor_a,0.03532587434473046,vendor_a,0.15458937198067632,vendor_a,micro,52.1,youtube,21.6,youtube · micro,77.4,youtube
CR01419,instagram,@creator1419_instagram,vendor_b,27010.0,vendor_b,0.20340614587189929,vendor_b,-0.06765619606489472,vendor_b,,,micro,8.4,instagram,2.6,instagram · micro,,
CR01419,tiktok,@creator1419_tiktok,vendor_b,71410.0,vendor_b,2.1108668253745972,vendor_b,0.05184857858300192,vendor_b,0.09105644546147978,vendor_b,micro,29.5,tiktok,28.1,tiktok · micro,26.9,tiktok
CR01419,youtube,@creator1419_youtube,vendor_a,152863,vendor_a,2.4555451613536303,vendor_a,0.08430393394714068,vendor_a,0.19532839052555606,vendor_a,mid,82.9,youtube,50.6,youtube · mid,85.2,youtube
CR01421,instagram,@creator1421_instagram,vendor_b,235070.0,vendor_b,0.7073552558812268,vendor_b,0.19634587001883047,vendor_b,0.13195925136223643,vendor_b,mid,56.6,instagram,95.2,instagram · mid,46.1,instagram
CR01421,tiktok,@creator1421_tiktok,vendor_b,5720.0,vendor_b,3.0573426573426574,vendor_b,-0.0019057519057519058,vendor_c,,,nano,50.7,tiktok,5.3,tiktok · nano,,
CR01424,instagram,@creator1424_instagram,vendor_a,266082,vendor_a,0.9454265978157109,vendor_a,0.1739049871174955,vendor_a,0.1689123489373524,vendor_a,mid,73.9,instagram,89.7,instagram · mid,59.5,instagram
CR01424,tiktok,@creator1424_tiktok,vendor_a,23353,vendor_a,6.6710486875347925,vendor_a,0.14801887719988202,vendor_a,0.2091579355840124,vendor_a,micro,86.1,tiktok,83.9,tiktok · micro,72.8,tiktok
CR01424,youtube,@creator1424_youtube,vendor_c,39612,vendor_c,0.719882863778653,vendor_c,,,0.21834862385321102,vendor_c,micro,21.6,youtube,,,89.2,youtube
CR01427,instagram,@creator1427_instagram,vendor_a,299558,vendor_a,0.7823793722751521,vendor_a,0.04615459834743069,vendor_a,,"n/a (likes hidden, vendor_a)",mid,64.1,instagram,30.1,instagram · mid,,
CR01427,tiktok,@creator1427_tiktok,vendor_a,14315,vendor_a,17.752427523576667,vendor_a,0.064074927525459,vendor_a,0.377254421292243,vendor_a,micro,99.2,tiktok,34.8,tiktok · micro,97.3,tiktok
CR01427,youtube,@creator1427_youtube,vendor_a,36879,vendor_a,0.4326581523360178,vendor_a,0.14773434582347816,vendor_a,0.04323094425483504,vendor_a,micro,8.0,youtube,79.4,youtube · micro,25.6,youtube
CR01429,instagram,@creator1429_instagram,vendor_a,491920,vendor_a,0.4894230769230769,vendor_a,-0.07551038434577025,vendor_a,0.020419659202929166,vendor_a,mid,35.8,instagram,2.7,instagram · mid,4.4,instagram
CR01429,tiktok,https://www.tiktok.com/@creator1429_tiktok,vendor_b,199300.0,vendor_b,0.9939136979427998,vendor_b,0.1254800090354642,vendor_b,,,mid,5.7,tiktok,76.9,tiktok · mid,,
CR01432,instagram,@creator1432_instagram,vendor_a,38280,vendor_a,0.6448798328108672,vendor_a,0.047647718875721834,vendor_a,0.04715302491103203,vendor_a,micro,52.5,instagram,29.2,instagram · micro,11.7,instagram
CR01432,tiktok,@creator1432_tiktok,vendor_b,15640.0,vendor_b,9.842838874680307,vendor_b,0.0883785664578984,vendor_b,0.172107073928002,vendor_b,micro,93.7,tiktok,51.7,tiktok · micro,60.3,tiktok
CR01432,youtube,@creator1432_youtube,vendor_b,,,,,,,0.11332728921124206,vendor_b,,,,,,60.8,youtube
CR01436,instagram,@creator1436_instagram,vendor_a,116289,vendor_a,1.116803824953349,vendor_a,0.11262174936374596,vendor_a,0.18,vendor_b,mid,81.8,instagram,61.6,instagram · mid,63.7,instagram
CR01436,tiktok,@creator1436_tiktok,vendor_b,89280.0,vendor_b,0.43142921146953406,vendor_b,0.2095921961793795,vendor_b,0.28544061302681994,vendor_b,micro,0.8,tiktok,95.5,tiktok · micro,87.2,tiktok
CR01436,youtube,@creator1436_youtube,vendor_b,27230.0,vendor_b,0.4629085567388909,vendor_b,0.1398074508162411,vendor_b,0.09748427672955975,vendor_b,micro,8.8,youtube,76.5,youtube · micro,53.6,youtube
CR01437,instagram,@creator1437_instagram,vendor_b,100530.0,vendor_b,0.36109619019198247,vendor_b,0.05943724312361682,vendor_b,,,mid,22.9,instagram,33.6,instagram · mid,,
CR01437,tiktok,@creator1437_tiktok,vendor_b,19160.0,vendor_b,3.5843423799582466,vendor_b,0.2165079365079365,vendor_b,0.1479309221244705,vendor_b,micro,59.5,tiktok,96.3,tiktok · micro,53.0,tiktok
CR01437,youtube,@creator1437_youtube,vendor_a,56730,vendor_a,0.7456724836946942,vendor_a,0.12532730302308975,vendor_a,0.046485260770975055,vendor_a,micro,23.5,youtube,68.3,youtube · micro,27.5,youtube
CR01438,tiktok,https://www.tiktok.com/@creator1438_tiktok,vendor_b,26120.0,vendor_b,,,0.12103004291845494,vendor_b,,,micro,,,69.7,tiktok · micro,,
CR01438,youtube,@creator1438_youtube,vendor_a,27280,vendor_a,0.6244501466275659,vendor_a,0.16451805685989926,vendor_a,0.03519061583577713,vendor_a,micro,16.4,youtube,84.6,youtube · micro,20.3,youtube
CR01442,instagram,https://www.instagram.com/creator1442_instagram/,vendor_b,19420.0,vendor_b,2.565447991761071,vendor_b,,,0.041549953314659195,vendor_b,micro,98.3,instagram,,,9.3,instagram
CR01442,tiktok,,,,,,,,,,,,,,,,,
CR01447,instagram,@creator1447_instagram,vendor_a,19986,vendor_a,0.464475132592815,vendor_a,0.13589087809036657,vendor_a,0.1772428884026258,vendor_a,micro,32.4,instagram,75.2,instagram · micro,62.2,instagram
CR01447,tiktok,@creator1447_tiktok,vendor_b,111710.0,vendor_b,2.6002954077522156,vendor_b,0.1394328845369237,vendor_b,,,mid,40.9,tiktok,82.1,tiktok · mid,,
CR01447,youtube,@creator1447_youtube,vendor_a,1681391,vendor_a,3.2677259483368233,vendor_a,0.042777422203699296,vendor_a,0.18911902677482528,vendor_a,macro,90.7,youtube,46.2,youtube · macro,84.1,youtube
CR01448,instagram,@creator1448_instagram,vendor_a,86910,vendor_a,1.4316304222759175,vendor_a,0.10946575604774367,vendor_a,0.07188074331223197,vendor_a,micro,89.0,instagram,61.3,instagram · micro,23.7,instagram
CR01448,tiktok,@creator1448_tiktok,vendor_a,263434,vendor_a,0.9774326776346257,vendor_a,-0.00240845230431325,vendor_a,0.1912093077917499,vendor_b,mid,5.3,tiktok,14.1,tiktok · mid,66.9,tiktok
CR01448,youtube,@creator1448_youtube,vendor_a,35666,vendor_a,1.3985868894745697,vendor_a,0.2461043952204598,vendor_a,0.05887764489420423,vendor_a,micro,57.8,youtube,99.0,youtube · micro,32.5,youtube
CR01449,instagram,@creator1449_instagram,vendor_a,229678,vendor_a,0.19049713076568064,vendor_a,-0.08679281292369596,vendor_a,,,mid,7.6,instagram,2.1,instagram · mid,,
CR01449,tiktok,@creator1449_tiktok,vendor_b,50250.0,vendor_b,3.73444776119403,vendor_b,-0.02804642166344294,vendor_b,0.048307184145334435,vendor_b,micro,61.4,tiktok,5.6,tiktok · micro,9.6,tiktok
CR01449,youtube,@creator1449_youtube,vendor_a,17776,vendor_a,1.2933730873087308,vendor_a,0.13519381825148477,vendor_a,0.24571112340896514,vendor_a,micro,53.1,youtube,73.5,youtube · micro,91.4,youtube
CR01452,tiktok,@creator1452_tiktok,vendor_b,26470.0,vendor_b,1.75304117869286,vendor_b,0.16556583003082342,vendor_b,0.19820341929875399,vendor_b,micro,21.9,tiktok,88.0,tiktok · micro,69.2,tiktok
CR01454,instagram,@creator1454_instagram,vendor_a,10239,vendor_a,0.572028518410001,vendor_a,0.0725958516656191,vendor_a,0.20078740157480315,vendor_a,micro,43.9,instagram,40.5,instagram · micro,71.2,instagram
CR01454,tiktok,,,,,,,,,,,,,,,,,
CR01454,youtube,@creator1454_youtube,vendor_a,34060,vendor_a,3.089401056958309,vendor_a,0.18321406239144028,vendor_a,,,micro,89.3,youtube,88.2,youtube · micro,,
CR01455,instagram,@creator1455_instagram,vendor_b,23570.0,vendor_b,0.4897327110733984,vendor_b,0.019463667820069204,vendor_b,0.12462908011869436,vendor_b,micro,35.9,instagram,16.8,instagram · micro,43.7,instagram
CR01455,tiktok,@creator1455_tiktok,vendor_b,113780.0,vendor_b,2.2070750571277906,vendor_b,-0.005245672320335723,vendor_b,0.21987870619946093,vendor_b,mid,31.5,tiktok,12.8,tiktok · mid,74.7,tiktok
CR01455,youtube,@creator1455_youtube,vendor_a,81243,vendor_c,1.7244685695998425,vendor_c,0.00589349610608293,vendor_c,0.16013613753381623,vendor_a,micro,69.2,youtube,11.8,youtube · micro,78.5,youtube
CR01458,instagram,@creator1458_instagram,vendor_b,51700.0,vendor_b,0.48263056092843326,vendor_b,0.13030170529077395,vendor_b,0.12948960302457466,vendor_b,micro,34.5,instagram,72.3,instagram · micro,45.6,instagram
CR01458,tiktok,@creator1458_tiktok,vendor_a,45319,vendor_a,8.293607537677353,vendor_a,0.07319787818509046,vendor_a,0.013472012979487774,vendor_a,micro,90.6,tiktok,42.3,tiktok · micro,1.1,tiktok
CR01458,youtube,@creator1458_youtube,vendor_c,6575,vendor_c,1.1645627376425856,vendor_c,0.11270942629886614,vendor_c,0.044444444444444446,vendor_c,nano,47.2,youtube,53.3,youtube · nano,27.0,youtube
CR01461,instagram,@creator1461_instagram,vendor_a,9436,vendor_a,0.4744595167443832,vendor_a,0.11260464567857564,vendor_a,0.07608695652173914,vendor_a,nano,33.5,instagram,53.2,instagram · nano,25.6,instagram
CR01461,tiktok,https://www.tiktok.com/@creator1461_tiktok,vendor_b,94980.0,vendor_b,2.5495788587070964,vendor_b,0.11100713533746637,vendor_b,,,micro,40.1,tiktok,63.7,tiktok · micro,,
CR01461,youtube,@creator1461_youtube,vendor_a,52928,vendor_a,0.8780229746070133,vendor_a,-0.012647837928590084,vendor_a,0.0633861551292744,vendor_a,micro,30.4,youtube,8.8,youtube · micro,35.6,youtube
CR01462,instagram,@creator1462_instagram,vendor_a,11138,vendor_a,1.797629736038786,vendor_a,0.07623925016909847,vendor_a,0.03937007874015748,vendor_a,micro,93.9,instagram,42.3,instagram · micro,8.8,instagram
CR01462,tiktok,@creator1462_tiktok,vendor_b,7120.0,vendor_b,2.1595505617977526,vendor_b,0.06746626686656672,vendor_b,0.31931330472103003,vendor_b,nano,30.5,tiktok,17.5,tiktok · nano,93.2,tiktok
CR01462,youtube,@creator1462_youtube,vendor_a,7007,vendor_a,0.8325959754531184,vendor_a,-0.09540407952491609,vendor_a,0.09727626459143969,vendor_a,nano,28.2,youtube,1.1,youtube · nano,53.4,youtube
CR01463,instagram,@creator1463_instagram,vendor_b,61950.0,vendor_b,0.6215980629539951,vendor_b,-0.014006048066210409,vendor_b,,,micro,50.5,instagram,8.4,instagram · micro,,
CR01463,tiktok,@creator1463_tiktok,vendor_a,332777,vendor_a,5.818058339368406,vendor_a,0.023157927101108394,vendor_a,0.07138421663651827,vendor_a,mid,80.2,tiktok,22.4,tiktok · mid,17.8,tiktok
CR01463,youtube,@creator1463_youtube,vendor_a,18969,vendor_a,4.23227370973694,vendor_a,0.0543605135901284,vendor_a,0.16397621070518267,vendor_a,micro,96.9,youtube,28.8,youtube · micro,79.0,youtube
CR01469,instagram,@creator1469_instagram,vendor_a,15239,vendor_a,0.7758383096003675,vendor_a,0.06685802296275553,vendor_a,0.1293634496919918,vendor_a,micro,63.3,instagram,38.3,instagram · micro,45.1,instagram
CR01469,tiktok,@creator1469_tiktok,vendor_a,18882,vendor_a,6.276824488931258,vendor_a,0.10803356610527551,vendor_a,0.09709846927119031,vendor_a,micro,84.1,tiktok,61.4,tiktok · micro,30.4,tiktok
CR01469,youtube,@creator1469_youtube,vendor_a,105695,vendor_a,1.0119873220114481,vendor_a,-0.066504747184809,vendor_a,0.08128321196614839,vendor_a,mid,37.7,youtube,3.7,youtube · mid,44.3,youtube
CR01470,instagram,https://www.instagram.com/creator1470_instagram/,vendor_b,122890.0,vendor_b,0.2181869965009358,vendor_b,,,,,mid,9.9,instagram,,,,
CR01470,tiktok,,,,,,,,,,,,,,,,,
CR01470,youtube,@creator1470_youtube,vendor_a,141104,vendor_a,1.7822740673545754,vendor_a,0.09412631334082891,vendor_a,,,mid,70.6,youtube,58.6,youtube · mid,,
CR01472,instagram,https://www.instagram.com/creator1472_instagram/,vendor_b,124010.0,vendor_b,0.15560779798173646,vendor_c,0.182962892301822,vendor_b,0.06128133704735376,vendor_b,mid,5.0,instagram,93.2,instagram · mid,18.8,instagram
CR01472,tiktok,@creator1472_tiktok,vendor_a,48732,vendor_a,12.643458097348764,vendor_a,0.07623674911660777,vendor_a,0.054187674384453474,vendor_a,micro,97.3,tiktok,44.2,tiktok · micro,10.5,tiktok
CR01472,youtube,@creator1472_youtube,vendor_a,24678,vendor_a,1.8314288029824135,vendor_a,0.03489054768095278,vendor_a,0.14767932489451477,vendor_a,micro,71.8,youtube,20.9,youtube · micro,75.0,youtube
CR01474,instagram,https://www.instagram.com/creator1474_instagram/,vendor_b,257740.0,vendor_b,0.3669628307596803,vendor_b,0.07119404846016375,vendor_b,,"n/a (likes hidden, vendor_b)",mid,23.8,instagram,39.7,instagram · mid,,
CR01474,tiktok,@creator1474_tiktok,vendor_a,157125,vendor_a,2.675277645186953,vendor_a,0.06024413449664973,vendor_a,0.1895508123606244,vendor_a,mid,41.5,tiktok,37.8,tiktok · mid,66.2,tiktok
CR01474,youtube,@creator1474_youtube,vendor_a,77368,vendor_a,1.299439044566229,vendor_a,0.1602531417773912,vendor_a,0.09565077836623335,vendor_a,micro,53.6,youtube,83.7,youtube · micro,52.7,youtube
CR01475,instagram,@creator1475_instagram,vendor_b,29360.0,vendor_b,0.864032697547684,vendor_b,-0.07000316756414317,vendor_b,0.24448217317487267,vendor_b,micro,68.5,instagram,2.2,instagram · micro,78.8,instagram
CR01475,tiktok,@creator1475_tiktok,vendor_b,9740.0,vendor_b,3.702053388090349,vendor_b,0.12211981566820276,vendor_b,0.16917293233082706,vendor_b,nano,61.1,tiktok,52.6,tiktok · nano,59.4,tiktok
CR01475,youtube,@creator1475_youtube,vendor_b,288730.0,vendor_b,1.8295778062549788,vendor_b,0.13556988908990797,vendor_b,0.11211109224354257,vendor_b,mid,71.5,youtube,81.5,youtube · mid,60.3,youtube
CR01477,instagram,@creator1477_instagram,vendor_a,12046,vendor_a,0.288394487796779,vendor_a,0.14549258273107646,vendor_a,0.2849740932642487,vendor_a,micro,16.8,instagram,78.1,instagram · micro,88.3,instagram
CR01477,tiktok,@creator1477_tiktok,vendor_a,64738,vendor_a,2.4909944700176094,vendor_a,0.05010624665444695,vendor_a,0.10774989261827331,vendor_a,micro,39.1,tiktok,27.0,tiktok · micro,35.6,tiktok
CR01477,youtube,@creator1477_youtube,vendor_a,1390,vendor_a,0.7906474820143885,vendor_a,0.045112781954887216,vendor_a,0.0,vendor_a,nano,25.4,youtube,20.0,youtube · nano,0.8,youtube
CR01478,instagram,@creator1478_instagram,vendor_b,2750.0,vendor_b,0.6901818181818182,vendor_b,,,,"n/a (likes hidden, vendor_b)",nano,55.5,instagram,,,,
CR01479,tiktok,@creator1479_tiktok,vendor_a,29222,vendor_a,9.154062008076107,vendor_a,0.13624698654638775,vendor_a,0.24322577666989798,vendor_a,micro,93.0,tiktok,76.0,tiktok · micro,79.7,tiktok
CR01481,instagram,@creator1481_instagram,vendor_b,71320.0,vendor_b,1.035614133482894,vendor_b,0.05284912902273398,vendor_b,,,micro,78.8,instagram,32.1,instagram · micro,,
CR01481,tiktok,,,,,,,,,,,,,,,,,
CR01481,youtube,@creator1481_youtube,vendor_a,126569,vendor_a,0.407319327797486,vendor_a,0.11093653998068989,vendor_a,0.1462699077954736,vendor_a,mid,7.3,youtube,66.0,youtube · mid,74.3,youtube
CR01482,instagram,@creator1482_instagram,vendor_c,9792,vendor_c,0.3582516339869281,vendor_c,-0.03126236644242184,vendor_c,,"n/a (likes hidden, vendor_c)",nano,22.2,instagram,4.8,instagram · nano,,
CR01482,tiktok,,,,,,,,,,,,,,,,,
CR01482,youtube,@creator1482_youtube,vendor_a,74058,vendor_a,0.9476086310729428,vendor_a,0.06802613172581878,vendor_a,0.00815494393476045,vendor_a,micro,35.6,youtube,35.9,youtube · micro,6.3,youtube
CR01483,instagram,@creator1483_instagram,vendor_b,88040.0,vendor_b,1.9776124488868696,vendor_b,0.2843180160466813,vendor_b,0.033560566334556896,vendor_b,micro,95.5,instagram,99.3,instagram · micro,7.3,instagram
CR01483,youtube,@creator1483_youtube,vendor_a,406538,vendor_a,0.31481927888659855,vendor_a,0.12384654086659405,vendor_a,0.09781512605042017,vendor_a,mid,3.6,youtube,74.7,youtube · mid,54.0,youtube
CR01484,instagram,https://www.instagram.com/creator1484_instagram/,vendor_b,118890.0,vendor_b,0.5445285558078896,vendor_b,0.14814099468855627,vendor_b,0.0870556061987238,vendor_b,mid,42.6,instagram,78.1,instagram · mid,30.2,instagram
CR01484,tiktok,@creator1484_tiktok,vendor_b,72170.0,vendor_b,2.3350561175003466,vendor_b,0.12800875273522977,vendor_b,0.13458025228360157,vendor_b,micro,34.8,tiktok,72.7,tiktok · micro,46.8,tiktok
CR01484,youtube,,,,,,,,,,,,,,,,,
CR01485,instagram,,,,,,,,,,,,,,,,,
CR01485,tiktok,@creator1485_tiktok,vendor_b,258300.0,vendor_b,3.2168602400309716,vendor_b,0.17201324923998368,vendor_b,0.13998800012631446,vendor_b,mid,53.4,tiktok,89.1,tiktok · mid,49.1,tiktok
CR01485,youtube,@creator1485_youtube,vendor_a,13749,vendor_a,1.2950032729653065,vendor_a,0.2102992957746479,vendor_a,0.11901504787961696,vendor_a,micro,53.5,youtube,94.1,youtube · micro,63.5,youtube
CR01486,youtube,@creator1486_youtube,vendor_a,4731,vendor_a,3.2954977805960683,vendor_a,0.0759608824198317,vendor_a,0.06377551020408163,vendor_a,nano,91.2,youtube,31.1,youtube · nano,36.0,youtube
CR01489,instagram,,,,,,,,,,,,,,,,,
CR01489,tiktok,@creator1489_tiktok,vendor_b,25390.0,vendor_b,4.565104371799921,vendor_b,0.08457923964117899,vendor_b,0.2647566448049707,vendor_b,micro,71.6,tiktok,48.3,tiktok · micro,84.2,tiktok
CR01489,youtube,@creator1489_youtube,vendor_a,454245,vendor_a,2.142106132153353,vendor_a,-0.04271124860909735,vendor_a,0.0045829200725059,vendor_a,mid,77.7,youtube,6.8,youtube · mid,4.8,youtube
CR01490,youtube,@creator1490_youtube,vendor_a,2181,vendor_a,1.2177900045850527,vendor_a,0.3242258652094718,vendor_a,0.05785123966942149,vendor_a,nano,49.8,youtube,100.0,youtube · nano,31.4,youtube
CR01492,instagram,@creator1492_instagram,vendor_a,294871,vendor_a,2.865459811239491,vendor_a,0.25359130349756187,vendor_a,0.28759809449290036,vendor_a,mid,98.9,instagram,99.3,instagram · mid,89.3,instagram
CR01492,tiktok,,,,,,,,,,,,,,,,,
CR01492,youtube,@creator1492_youtube,vendor_a,68050,vendor_a,1.9366495224099927,vendor_a,0.09938931791011019,vendor_a,0.20488165680473372,vendor_a,micro,74.9,youtube,53.6,youtube · micro,86.4,youtube
CR01495,instagram,@creator1495_instagram,vendor_a,80948,vendor_a,0.7431313929930325,vendor_a,0.047003130092868044,vendor_a,0.22238640561507203,vendor_a,micro,59.8,instagram,28.8,instagram · micro,76.1,instagram
CR01495,tiktok,@creator1495_tiktok,vendor_c,93001,vendor_c,1.3010612789109794,vendor_c,0.05467226128373781,vendor_c,0.16478775226165623,vendor_b,micro,10.8,tiktok,30.3,tiktok · micro,58.0,tiktok
CR01495,youtube,,,,,,,,,,,,,,,,,
