id,creator_id,platform,field,code,severity,values,discrepancy,source_used,explanation,action,status,dependents,decision,manual_value,final_value,final_source,reviewer,note,reviewed_at
Q00001,CR00977,youtube,identity,IDENTITY_CONFLICT_RESOLVED,YELLOW,"{'vendor_a': 'creator977_youtube', 'vendor_b': 'creator977_youtube', 'vendor_c': 'creator1043_youtube'}",,"vendor_a, vendor_b",2 vendors agree the account is @creator977_youtube; vendor_c reported @creator1043_youtube and was not used for this channel.,No action needed. Spot-check if the dropped vendor often disagrees.,auto,[],,,,,,,
Q00002,CR01313,youtube,identity,IDENTITY_CONFLICT_RESOLVED,YELLOW,"{'vendor_a': 'creator1313_youtube', 'vendor_b': 'creator1313_youtube', 'vendor_c': 'creator840_youtube'}",,"vendor_a, vendor_b",2 vendors agree the account is @creator1313_youtube; vendor_c reported @creator840_youtube and was not used for this channel.,No action needed. Spot-check if the dropped vendor often disagrees.,auto,[],,,,,,,
Q00003,CR01215,instagram,identity,IDENTITY_MATCH_UNCERTAIN,RED,"{'vendor_a': 'creator1215_instagram', 'vendor_c': 'creator795_instagram'}",,,"Vendors report different accounts for this creator-channel (vendor_a: @creator1215_instagram; vendor_c: @creator795_instagram), with no majority. None of their data is used until reviewed.","Check the accounts on the platform. CONFIRM_MATCH if they're the same creator, SELECT_VENDOR_x to keep only the vendor with the right account, or REJECT_MATCH / EXCLUDE.",resolved,[],SELECT_VENDOR_A,,@creator1215_instagram,vendor_a,Simulated reviewer,checked against the platform (sample answer key),2026-10-01 05:17:32
Q00004,CR00828,youtube,identity,IDENTITY_MATCH_UNCERTAIN,RED,"{'vendor_a': 'creator828_youtube', 'vendor_c': 'creator261_youtube'}",,,"Vendors report different accounts for this creator-channel (vendor_a: @creator828_youtube; vendor_c: @creator261_youtube), with no majority. None of their data is used until reviewed.","Check the accounts on the platform. CONFIRM_MATCH if they're the same creator, SELECT_VENDOR_x to keep only the vendor with the right account, or REJECT_MATCH / EXCLUDE.",resolved,[],SELECT_VENDOR_A,,@creator828_youtube,vendor_a,Simulated reviewer,checked against the platform (sample answer key),2026-10-01 05:17:32
Q00005,CR00610,youtube,identity,IDENTITY_CONFLICT_RESOLVED,YELLOW,"{'vendor_a': 'creator610_youtube', 'vendor_b': 'creator979_youtube', 'vendor_c': 'creator610_youtube'}",,"vendor_a, vendor_c",2 vendors agree the account is @creator610_youtube; vendor_b reported @creator979_youtube and was not used for this channel.,No action needed. Spot-check if the dropped vendor often disagrees.,auto,[],,,,,,,
Q00006,CR00568,youtube,identity,IDENTITY_CONFLICT_RESOLVED,YELLOW,"{'vendor_a': 'creator568_youtube', 'vendor_b': 'creator568_youtube', 'vendor_c': 'creator375_youtube'}",,"vendor_a, vendor_b",2 vendors agree the account is @creator568_youtube; vendor_c reported @creator375_youtube and was not used for this channel.,No action needed. Spot-check if the dropped vendor often disagrees.,auto,[],,,,,,,
Q00007,CR00038,instagram,identity,IDENTITY_CONFLICT_RESOLVED,YELLOW,"{'vendor_a': 'creator38_instagram', 'vendor_b': 'creator38_instagram', 'vendor_c': 'creator1421_instagram'}",,"vendor_a, vendor_b",2 vendors agree the account is @creator38_instagram; vendor_c reported @creator1421_instagram and was not used for this channel.,No action needed. Spot-check if the dropped vendor often disagrees.,auto,[],,,,,,,
Q00008,CR01156,tiktok,identity,IDENTITY_MATCH_UNCERTAIN,RED,"{'vendor_b': 'creator1156_tiktok', 'vendor_c': 'creator544_tiktok'}",,,"Vendors report different accounts for this creator-channel (vendor_b: @creator1156_tiktok; vendor_c: @creator544_tiktok), with no majority. None of their data is used until reviewed.","Check the accounts on the platform. CONFIRM_MATCH if they're the same creator, SELECT_VENDOR_x to keep only the vendor with the right account, or REJECT_MATCH / EXCLUDE.",resolved,[],SELECT_VENDOR_B,,@creator1156_tiktok,vendor_b,Simulated reviewer,checked against the platform (sample answer key),2026-10-01 05:17:32
Q00009,CR01013,instagram,identity,IDENTITY_MATCH_UNCERTAIN,RED,"{'vendor_b': 'creator801_instagram', 'vendor_c': 'creator1013_instagram'}",,,"Vendors report different accounts for this creator-channel (vendor_b: @creator801_instagram; vendor_c: @creator1013_instagram), with no majority. None of their data is used until reviewed.","Check the accounts on the platform. CONFIRM_MATCH if they're the same creator, SELECT_VENDOR_x to keep only the vendor with the right account, or REJECT_MATCH / EXCLUDE.",resolved,[],SELECT_VENDOR_C,,@creator1013_instagram,vendor_c,Simulated reviewer,checked against the platform (sample answer key),2026-10-01 05:17:32
Q00010,CR01406,youtube,identity,IDENTITY_MATCH_UNCERTAIN,RED,"{'vendor_b': 'creator567_youtube', 'vendor_c': 'creator1406_youtube'}",,,"Vendors report different accounts for this creator-channel (vendor_b: @creator567_youtube; vendor_c: @creator1406_youtube), with no majority. None of their data is used until reviewed.","Check the accounts on the platform. CONFIRM_MATCH if they're the same creator, SELECT_VENDOR_x to keep only the vendor with the right account, or REJECT_MATCH / EXCLUDE.",resolved,[],SELECT_VENDOR_C,,@creator1406_youtube,vendor_c,Simulated reviewer,checked against the platform (sample answer key),2026-10-01 05:17:32
Q00011,CR01017,instagram,identity,IDENTITY_MATCH_UNCERTAIN,RED,"{'vendor_b': 'creator1017_instagram', 'vendor_c': 'creator1194_instagram'}",,,"Vendors report different accounts for this creator-channel (vendor_b: @creator1017_instagram; vendor_c: @creator1194_instagram), with no majority. None of their data is used until reviewed.","Check the accounts on the platform. CONFIRM_MATCH if they're the same creator, SELECT_VENDOR_x to keep only the vendor with the right account, or REJECT_MATCH / EXCLUDE.",resolved,[],SELECT_VENDOR_B,,@creator1017_instagram,vendor_b,Simulated reviewer,checked against the platform (sample answer key),2026-10-01 05:17:32
Q00012,CR00050,youtube,follower_count,CROSS_VENDOR_DISCREPANCY,RED,"{'vendor_a': 479009.0, 'vendor_b': 302200.0}",0.3691,vendor_a,"Vendors disagree by 37% (threshold 25%): vendor_a 479,009; vendor_b 302,200. No credible majority, so the value is held back rather than defaulting to the highest tier; reach_rate, growth_rate (computed from it) held back too.","Check the creator's profile. SELECT_VENDOR_x for the right value, MANUAL_VALUE to enter the correct figure, or EXCLUDE to leave it out this month.",resolved,"['reach_rate', 'growth_rate']",SELECT_VENDOR_B,,302200.0,vendor_b,Simulated reviewer,checked against the platform (sample answer key),2026-10-01 05:17:32
Q00013,CR00125,youtube,follower_count,CROSS_VENDOR_DISCREPANCY,RED,"{'vendor_a': 189505.0, 'vendor_b': 103840.0}",0.452,vendor_a,"Vendors disagree by 45% (threshold 25%): vendor_a 189,505; vendor_b 103,840. No credible majority, so the value is held back rather than defaulting to the highest tier; reach_rate, growth_rate (computed from it) held back too.","Check the creator's profile. SELECT_VENDOR_x for the right value, MANUAL_VALUE to enter the correct figure, or EXCLUDE to leave it out this month.",resolved,"['reach_rate', 'growth_rate']",SELECT_VENDOR_A,,189505.0,vendor_a,Simulated reviewer,checked against the platform (sample answer key),2026-10-01 05:17:32
Q00014,CR00345,tiktok,follower_count,CROSS_VENDOR_DISCREPANCY,RED,"{'vendor_a': 30241.0, 'vendor_b': 52420.0}",0.4231,vendor_a,"Vendors disagree by 42% (threshold 25%): vendor_a 30,241; vendor_b 52,420. No credible majority, so the value is held back rather than defaulting to the highest tier; reach_rate, growth_rate (computed from it) held back too.","Check the creator's profile. SELECT_VENDOR_x for the right value, MANUAL_VALUE to enter the correct figure, or EXCLUDE to leave it out this month.",resolved,"['reach_rate', 'growth_rate']",SELECT_VENDOR_A,,30241.0,vendor_a,Simulated reviewer,checked against the platform (sample answer key),2026-10-01 05:17:32
Q00015,CR00352,tiktok,follower_count,CROSS_VENDOR_DISCREPANCY,RED,"{'vendor_a': 16444.0, 'vendor_b': 27230.0}",0.3961,vendor_a,"Vendors disagree by 40% (threshold 25%): vendor_a 16,444; vendor_b 27,230. No credible majority, so the value is held back rather than defaulting to the highest tier; reach_rate, growth_rate (computed from it) held back too.","Check the creator's profile. SELECT_VENDOR_x for the right value, MANUAL_VALUE to enter the correct figure, or EXCLUDE to leave it out this month.",resolved,"['reach_rate', 'growth_rate']",SELECT_VENDOR_B,,27230.0,vendor_b,Simulated reviewer,checked against the platform (sample answer key),2026-10-01 05:17:32
Q00016,CR00394,youtube,follower_count,OUTLIER_SOURCE_EXCLUDED,YELLOW,"{'vendor_a': 46179.0, 'vendor_b': 28830.0, 'vendor_c': 46955.0}",0.386,vendor_a,"vendor_a, vendor_c agree within 25%; vendor_b differ (vendor_a 46,179; vendor_b 28,830; vendor_c 46,955). Used vendor_a (highest tier among the agreeing vendors), not the outlier.",No action needed. Watch for repeat outliers from the same vendor.,auto,[],,,,,,,
Q00017,CR00395,instagram,follower_count,CROSS_VENDOR_DISCREPANCY,RED,"{'vendor_b': 55190.0, 'vendor_c': 90159.0}",0.3879,vendor_b,"Vendors disagree by 39% (threshold 25%): vendor_b 55,190; vendor_c 90,159. No credible majority, so the value is held back rather than defaulting to the highest tier; reach_rate, growth_rate (computed from it) held back too.","Check the creator's profile. SELECT_VENDOR_x for the right value, MANUAL_VALUE to enter the correct figure, or EXCLUDE to leave it out this month.",resolved,"['reach_rate', 'growth_rate']",SELECT_VENDOR_B,,55190.0,vendor_b,Simulated reviewer,checked against the platform (sample answer key),2026-10-01 05:17:32
Q00018,CR00422,youtube,follower_count,CROSS_VENDOR_DISCREPANCY,RED,"{'vendor_a': 2262.0, 'vendor_b': 3670.0}",0.3837,vendor_a,"Vendors disagree by 38% (threshold 25%): vendor_a 2,262; vendor_b 3,670. No credible majority, so the value is held back rather than defaulting to the highest tier; reach_rate, growth_rate (computed from it) held back too.","Check the creator's profile. SELECT_VENDOR_x for the right value, MANUAL_VALUE to enter the correct figure, or EXCLUDE to leave it out this month.",resolved,"['reach_rate', 'growth_rate']",SELECT_VENDOR_B,,3670.0,vendor_b,Simulated reviewer,checked against the platform (sample answer key),2026-10-01 05:17:32
Q00019,CR00423,youtube,follower_count,CROSS_VENDOR_DISCREPANCY,RED,"{'vendor_a': 36207.0, 'vendor_b': 18390.0}",0.4921,vendor_a,"Vendors disagree by 49% (threshold 25%): vendor_a 36,207; vendor_b 18,390. No credible majority, so the value is held back rather than defaulting to the highest tier; reach_rate, growth_rate (computed from it) held back too.","Check the creator's profile. SELECT_VENDOR_x for the right value, MANUAL_VALUE to enter the correct figure, or EXCLUDE to leave it out this month.",resolved,"['reach_rate', 'growth_rate']",SELECT_VENDOR_A,,36207.0,vendor_a,Simulated reviewer,checked against the platform (sample answer key),2026-10-01 05:17:32
Q00020,CR00465,youtube,follower_count,CROSS_VENDOR_DISCREPANCY,RED,"{'vendor_a': 9045.0, 'vendor_b': 5640.0}",0.3765,vendor_a,"Vendors disagree by 38% (threshold 25%): vendor_a 9,045; vendor_b 5,640. No credible majority, so the value is held back rather than defaulting to the highest tier; reach_rate, growth_rate (computed from it) held back too.","Check the creator's profile. SELECT_VENDOR_x for the right value, MANUAL_VALUE to enter the correct figure, or EXCLUDE to leave it out this month.",resolved,"['reach_rate', 'growth_rate']",SELECT_VENDOR_A,,9045.0,vendor_a,Simulated reviewer,checked against the platform (sample answer key),2026-10-01 05:17:32
Q00021,CR00574,instagram,follower_count,CROSS_VENDOR_DISCREPANCY,RED,"{'vendor_a': 6781.0, 'vendor_b': 11770.0}",0.4239,vendor_a,"Vendors disagree by 42% (threshold 25%): vendor_a 6,781; vendor_b 11,770. No credible majority, so the value is held back rather than defaulting to the highest tier; reach_rate, growth_rate (computed from it) held back too.","Check the creator's profile. SELECT_VENDOR_x for the right value, MANUAL_VALUE to enter the correct figure, or EXCLUDE to leave it out this month.",resolved,"['reach_rate', 'growth_rate']",SELECT_VENDOR_A,,6781.0,vendor_a,Simulated reviewer,checked against the platform (sample answer key),2026-10-01 05:17:32
Q00022,CR00687,instagram,follower_count,CROSS_VENDOR_DISCREPANCY,RED,"{'vendor_a': 204006.0, 'vendor_b': 124040.0}",0.392,vendor_a,"Vendors disagree by 39% (threshold 25%): vendor_a 204,006; vendor_b 124,040. No credible majority, so the value is held back rather than defaulting to the highest tier; reach_rate, growth_rate (computed from it) held back too.","Check the creator's profile. SELECT_VENDOR_x for the right value, MANUAL_VALUE to enter the correct figure, or EXCLUDE to leave it out this month.",resolved,"['reach_rate', 'growth_rate']",SELECT_VENDOR_B,,124040.0,vendor_b,Simulated reviewer,checked against the platform (sample answer key),2026-10-01 05:17:32
Q00023,CR00781,instagram,follower_count,OUTLIER_SOURCE_EXCLUDED,YELLOW,"{'vendor_a': 11860.0, 'vendor_b': 19990.0, 'vendor_c': 11988.0}",0.4067,vendor_a,"vendor_a, vendor_c agree within 25%; vendor_b differ (vendor_a 11,860; vendor_b 19,990; vendor_c 11,988). Used vendor_a (highest tier among the agreeing vendors), not the outlier.",No action needed. Watch for repeat outliers from the same vendor.,auto,[],,,,,,,
Q00024,CR00822,instagram,follower_count,OUTLIER_SOURCE_EXCLUDED,YELLOW,"{'vendor_a': 90511.0, 'vendor_b': 90350.0, 'vendor_c': 156531.0}",0.4228,vendor_a,"vendor_a, vendor_b agree within 25%; vendor_c differ (vendor_a 90,511; vendor_b 90,350; vendor_c 156,531). Used vendor_a (highest tier among the agreeing vendors), not the outlier.",No action needed. Watch for repeat outliers from the same vendor.,auto,[],,,,,,,
Q00025,CR00843,tiktok,follower_count,CROSS_VENDOR_DISCREPANCY,RED,"{'vendor_b': 137430.0, 'vendor_c': 68873.0}",0.4989,vendor_b,"Vendors disagree by 50% (threshold 25%): vendor_b 137,430; vendor_c 68,873. No credible majority, so the value is held back rather than defaulting to the highest tier; reach_rate, growth_rate (computed from it) held back too.","Check the creator's profile. SELECT_VENDOR_x for the right value, MANUAL_VALUE to enter the correct figure, or EXCLUDE to leave it out this month.",resolved,"['reach_rate', 'growth_rate']",SELECT_VENDOR_B,,137430.0,vendor_b,Simulated reviewer,checked against the platform (sample answer key),2026-10-01 05:17:32
Q00026,CR00847,youtube,follower_count,CROSS_VENDOR_DISCREPANCY,RED,"{'vendor_a': 116339.0, 'vendor_b': 188440.0}",0.3826,vendor_a,"Vendors disagree by 38% (threshold 25%): vendor_a 116,339; vendor_b 188,440. No credible majority, so the value is held back rather than defaulting to the highest tier; reach_rate, growth_rate (computed from it) held back too.","Check the creator's profile. SELECT_VENDOR_x for the right value, MANUAL_VALUE to enter the correct figure, or EXCLUDE to leave it out this month.",resolved,"['reach_rate', 'growth_rate']",SELECT_VENDOR_B,,188440.0,vendor_b,Simulated reviewer,checked against the platform (sample answer key),2026-10-01 05:17:32
Q00027,CR00926,instagram,follower_count,CROSS_VENDOR_DISCREPANCY,RED,"{'vendor_b': 42830.0, 'vendor_c': 25961.0}",0.3939,vendor_b,"Vendors disagree by 39% (threshold 25%): vendor_b 42,830; vendor_c 25,961. No credible majority, so the value is held back rather than defaulting to the highest tier; reach_rate, growth_rate (computed from it) held back too.","Check the creator's profile. SELECT_VENDOR_x for the right value, MANUAL_VALUE to enter the correct figure, or EXCLUDE to leave it out this month.",resolved,"['reach_rate', 'growth_rate']",SELECT_VENDOR_B,,42830.0,vendor_b,Simulated reviewer,checked against the platform (sample answer key),2026-10-01 05:17:32
Q00028,CR00940,youtube,follower_count,CROSS_VENDOR_DISCREPANCY,RED,"{'vendor_a': 12815.0, 'vendor_c': 20989.0}",0.3894,vendor_a,"Vendors disagree by 39% (threshold 25%): vendor_a 12,815; vendor_c 20,989. No credible majority, so the value is held back rather than defaulting to the highest tier; reach_rate, growth_rate (computed from it) held back too.","Check the creator's profile. SELECT_VENDOR_x for the right value, MANUAL_VALUE to enter the correct figure, or EXCLUDE to leave it out this month.",resolved,"['reach_rate', 'growth_rate']",SELECT_VENDOR_C,,20989.0,vendor_c,Simulated reviewer,checked against the platform (sample answer key),2026-10-01 05:17:32
Q00029,CR00962,instagram,follower_count,OUTLIER_SOURCE_EXCLUDED,YELLOW,"{'vendor_a': 22966.0, 'vendor_b': 45050.0, 'vendor_c': 45141.0}",0.4912,vendor_b,"vendor_b, vendor_c agree within 25%; vendor_a differ (vendor_a 22,966; vendor_b 45,050; vendor_c 45,141). Used vendor_b (highest tier among the agreeing vendors), not Tier 1 vendor_a, because it's the outlier.",No action needed. Watch for repeat outliers from the same vendor.,auto,[],,,,,,,
Q00030,CR01130,tiktok,follower_count,CROSS_VENDOR_DISCREPANCY,RED,"{'vendor_a': 138265.0, 'vendor_b': 236300.0}",0.4149,vendor_a,"Vendors disagree by 41% (threshold 25%): vendor_a 138,265; vendor_b 236,300. No credible majority, so the value is held back rather than defaulting to the highest tier; reach_rate, growth_rate (computed from it) held back too.","Check the creator's profile. SELECT_VENDOR_x for the right value, MANUAL_VALUE to enter the correct figure, or EXCLUDE to leave it out this month.",resolved,"['reach_rate', 'growth_rate']",SELECT_VENDOR_B,,236300.0,vendor_b,Simulated reviewer,checked against the platform (sample answer key),2026-10-01 05:17:32
Q00031,CR01147,instagram,follower_count,CROSS_VENDOR_DISCREPANCY,RED,"{'vendor_b': 141360.0, 'vendor_c': 206655.0}",0.316,vendor_b,"Vendors disagree by 32% (threshold 25%): vendor_b 141,360; vendor_c 206,655. No credible majority, so the value is held back rather than defaulting to the highest tier; reach_rate, growth_rate (computed from it) held back too.","Check the creator's profile. SELECT_VENDOR_x for the right value, MANUAL_VALUE to enter the correct figure, or EXCLUDE to leave it out this month.",resolved,"['reach_rate', 'growth_rate']",SELECT_VENDOR_B,,141360.0,vendor_b,Simulated reviewer,checked against the platform (sample answer key),2026-10-01 05:17:32
Q00032,CR01240,tiktok,follower_count,CROSS_VENDOR_DISCREPANCY,RED,"{'vendor_a': 7603.0, 'vendor_c': 13299.0}",0.4283,vendor_a,"Vendors disagree by 43% (threshold 25%): vendor_a 7,603; vendor_c 13,299. No credible majority, so the value is held back rather than defaulting to the highest tier; reach_rate, growth_rate (computed from it) held back too.","Check the creator's profile. SELECT_VENDOR_x for the right value, MANUAL_VALUE to enter the correct figure, or EXCLUDE to leave it out this month.",resolved,"['reach_rate', 'growth_rate']",SELECT_VENDOR_A,,7603.0,vendor_a,Simulated reviewer,checked against the platform (sample answer key),2026-10-01 05:17:32
Q00033,CR01462,youtube,follower_count,CROSS_VENDOR_DISCREPANCY,RED,"{'vendor_a': 7007.0, 'vendor_b': 4470.0}",0.3621,vendor_a,"Vendors disagree by 36% (threshold 25%): vendor_a 7,007; vendor_b 4,470. No credible majority, so the value is held back rather than defaulting to the highest tier; reach_rate, growth_rate (computed from it) held back too.","Check the creator's profile. SELECT_VENDOR_x for the right value, MANUAL_VALUE to enter the correct figure, or EXCLUDE to leave it out this month.",resolved,"['reach_rate', 'growth_rate']",SELECT_VENDOR_A,,7007.0,vendor_a,Simulated reviewer,checked against the platform (sample answer key),2026-10-01 05:17:32
Q00034,CR01495,tiktok,follower_count,CROSS_VENDOR_DISCREPANCY,RED,"{'vendor_b': 53430.0, 'vendor_c': 93001.0}",0.4255,vendor_b,"Vendors disagree by 43% (threshold 25%): vendor_b 53,430; vendor_c 93,001. No credible majority, so the value is held back rather than defaulting to the highest tier; reach_rate, growth_rate (computed from it) held back too.","Check the creator's profile. SELECT_VENDOR_x for the right value, MANUAL_VALUE to enter the correct figure, or EXCLUDE to leave it out this month.",resolved,"['reach_rate', 'growth_rate']",SELECT_VENDOR_C,,93001.0,vendor_c,Simulated reviewer,checked against the platform (sample answer key),2026-10-01 05:17:32
Q00035,CR00000,instagram,"handle, follower_count, reach_rate, growth_rate",PRIMARY_SOURCE_MISSING,YELLOW,"{'handle': 'vendor_b', 'follower_count': 'vendor_b', 'reach_rate': 'vendor_b', 'growth_rate': 'vendor_b'}",,vendor_b,vendor_a has no record for this channel; filled from vendor_b (fallback).,No action needed. Tracked to monitor vendor coverage.,auto,[],,,,,,,
Q00036,CR00000,tiktok,"handle, follower_count, reach_rate",PRIMARY_SOURCE_MISSING,YELLOW,"{'handle': 'vendor_c', 'follower_count': 'vendor_c', 'reach_rate': 'vendor_c'}",,vendor_c,vendor_a has no record for this channel; filled from vendor_c (fallback).,No action needed. Tracked to monitor vendor coverage.,auto,[],,,,,,,
Q00037,CR00003,instagram,"handle, follower_count, reach_rate, growth_rate",PRIMARY_SOURCE_MISSING,YELLOW,"{'handle': 'vendor_b', 'follower_count': 'vendor_b', 'reach_rate': 'vendor_b', 'growth_rate': 'vendor_b'}",,vendor_b,vendor_a has no record for this channel; filled from vendor_b (fallback).,No action needed. Tracked to monitor vendor coverage.,auto,[],,,,,,,
Q00038,CR00003,tiktok,"handle, follower_count, reach_rate, growth_rate, meaningful_eng_rate",PRIMARY_SOURCE_MISSING,YELLOW,"{'handle': 'vendor_b', 'follower_count': 'vendor_b', 'reach_rate': 'vendor_b', 'growth_rate': 'vendor_b', 'meaningful_eng_rate': 'vendor_b'}",,vendor_b,vendor_a has no record for this channel; filled from vendor_b (fallback).,No action needed. Tracked to monitor vendor coverage.,auto,[],,,,,,,
Q00039,CR00004,tiktok,"handle, follower_count, reach_rate, growth_rate, meaningful_eng_rate",PRIMARY_SOURCE_MISSING,YELLOW,"{'handle': 'vendor_b', 'follower_count': 'vendor_b', 'reach_rate': 'vendor_b', 'growth_rate': 'vendor_b', 'meaningful_eng_rate': 'vendor_b'}",,vendor_b,vendor_a has no record for this channel; filled from vendor_b (fallback).,No action needed. Tracked to monitor vendor coverage.,auto,[],,,,,,,
Q00040,CR00005,instagram,"handle, follower_count, reach_rate, growth_rate, meaningful_eng_rate",PRIMARY_SOURCE_MISSING,YELLOW,"{'handle': 'vendor_b', 'follower_count': 'vendor_b', 'reach_rate': 'vendor_b', 'growth_rate': 'vendor_b', 'meaningful_eng_rate': 'vendor_b'}",,vendor_b,vendor_a has no record for this channel; filled from vendor_b (fallback).,No action needed. Tracked to monitor vendor coverage.,auto,[],,,,,,,
Q00041,CR00005,tiktok,"handle, follower_count, reach_rate, growth_rate, meaningful_eng_rate",PRIMARY_SOURCE_MISSING,YELLOW,"{'handle': 'vendor_b', 'follower_count': 'vendor_b', 'reach_rate': 'vendor_b', 'growth_rate': 'vendor_b', 'meaningful_eng_rate': 'vendor_b'}",,vendor_b,vendor_a has no record for this channel; filled from vendor_b (fallback).,No action needed. Tracked to monitor vendor coverage.,auto,[],,,,,,,
Q00042,CR00009,instagram,"handle, follower_count, reach_rate, growth_rate, meaningful_eng_rate",PRIMARY_SOURCE_MISSING,YELLOW,"{'handle': 'vendor_b', 'follower_count': 'vendor_b', 'reach_rate': 'vendor_b', 'growth_rate': 'vendor_b', 'meaningful_eng_rate': 'vendor_b'}",,vendor_b,vendor_a has no record for this channel; filled from vendor_b (fallback).,No action needed. Tracked to monitor vendor coverage.,auto,[],,,,,,,
Q00043,CR00009,tiktok,meaningful_eng_rate,PRIMARY_SOURCE_MISSING,YELLOW,{'meaningful_eng_rate': 'vendor_b'},,vendor_b,vendor_a's record lacks a valid value for meaningful_eng_rate; filled from vendor_b (fallback).,No action needed. Tracked to monitor vendor coverage.,auto,[],,,,,,,
Q00044,CR00011,tiktok,"follower_count, growth_rate, meaningful_eng_rate",PRIMARY_SOURCE_MISSING,YELLOW,"{'follower_count': 'vendor_b', 'growth_rate': 'vendor_b', 'meaningful_eng_rate': 'vendor_b'}",,vendor_b,vendor_a has no record for this channel; filled from vendor_b (fallback).,No action needed. Tracked to monitor vendor coverage.,auto,[],,,,,,,
Q00045,CR00013,tiktok,"handle, follower_count, growth_rate",PRIMARY_SOURCE_MISSING,YELLOW,"{'handle': 'vendor_c', 'follower_count': 'vendor_c', 'growth_rate': 'vendor_c'}",,vendor_c,vendor_a has no record for this channel; filled from vendor_c (fallback).,No action needed. Tracked to monitor vendor coverage.,auto,[],,,,,,,
Q00046,CR00015,instagram,"handle, follower_count, reach_rate, growth_rate, meaningful_eng_rate",PRIMARY_SOURCE_MISSING,YELLOW,"{'handle': 'vendor_b', 'follower_count': 'vendor_b', 'reach_rate': 'vendor_b', 'growth_rate': 'vendor_b', 'meaningful_eng_rate': 'vendor_b'}",,vendor_b,vendor_a has no record for this channel; filled from vendor_b (fallback).,No action needed. Tracked to monitor vendor coverage.,auto,[],,,,,,,
Q00047,CR00015,tiktok,"handle, follower_count, reach_rate, meaningful_eng_rate",PRIMARY_SOURCE_MISSING,YELLOW,"{'handle': 'vendor_b', 'follower_count': 'vendor_b', 'reach_rate': 'vendor_b', 'meaningful_eng_rate': 'vendor_b'}",,vendor_b,vendor_a has no record for this channel; filled from vendor_b (fallback).,No action needed. Tracked to monitor vendor coverage.,auto,[],,,,,,,
Q00048,CR00025,instagram,"handle, follower_count, reach_rate, growth_rate",PRIMARY_SOURCE_MISSING,YELLOW,"{'handle': 'vendor_b', 'follower_count': 'vendor_b', 'reach_rate': 'vendor_b', 'growth_rate': 'vendor_b'}",,vendor_b,vendor_a has no record for this channel; filled from vendor_b (fallback).,No action needed. Tracked to monitor vendor coverage.,auto,[],,,,,,,
Q00049,CR00027,youtube,"handle, follower_count, reach_rate, meaningful_eng_rate",PRIMARY_SOURCE_MISSING,YELLOW,"{'handle': 'vendor_b', 'follower_count': 'vendor_b', 'reach_rate': 'vendor_b', 'meaningful_eng_rate': 'vendor_b'}",,vendor_b,vendor_a's record is stale; filled from vendor_b (fallback).,No action needed. Tracked to monitor vendor coverage.,auto,[],,,,,,,
Q00050,CR00029,tiktok,"handle, follower_count, reach_rate, growth_rate",PRIMARY_SOURCE_MISSING,YELLOW,"{'handle': 'vendor_b', 'follower_count': 'vendor_b', 'reach_rate': 'vendor_b', 'growth_rate': 'vendor_b'}",,vendor_b,vendor_a has no record for this channel; filled from vendor_b (fallback).,No action needed. Tracked to monitor vendor coverage.,auto,[],,,,,,,
Q00051,CR00031,tiktok,"handle, follower_count, reach_rate, growth_rate, meaningful_eng_rate",PRIMARY_SOURCE_MISSING,YELLOW,"{'handle': 'vendor_b', 'follower_count': 'vendor_b', 'reach_rate': 'vendor_b', 'growth_rate': 'vendor_b', 'meaningful_eng_rate': 'vendor_b'}",,vendor_b,vendor_a has no record for this channel; filled from vendor_b (fallback).,No action needed. Tracked to monitor vendor coverage.,auto,[],,,,,,,
Q00052,CR00032,tiktok,"handle, follower_count, reach_rate, growth_rate",PRIMARY_SOURCE_MISSING,YELLOW,"{'handle': 'vendor_b', 'follower_count': 'vendor_b', 'reach_rate': 'vendor_b', 'growth_rate': 'vendor_b'}",,vendor_b,vendor_a has no record for this channel; filled from vendor_b (fallback).,No action needed. Tracked to monitor vendor coverage.,auto,[],,,,,,,
Q00053,CR00036,instagram,"follower_count, reach_rate, growth_rate, meaningful_eng_rate",PRIMARY_SOURCE_MISSING,YELLOW,"{'follower_count': 'vendor_b', 'reach_rate': 'vendor_b', 'growth_rate': 'vendor_b', 'meaningful_eng_rate': 'vendor_b'}",,vendor_b,vendor_a has no record for this channel; filled from vendor_b (fallback).,No action needed. Tracked to monitor vendor coverage.,auto,[],,,,,,,
Q00054,CR00036,tiktok,"handle, follower_count, reach_rate, growth_rate, meaningful_eng_rate",PRIMARY_SOURCE_MISSING,YELLOW,"{'handle': 'vendor_b', 'follower_count': 'vendor_b', 'reach_rate': 'vendor_b', 'growth_rate': 'vendor_b', 'meaningful_eng_rate': 'vendor_b'}",,vendor_b,vendor_a has no record for this channel; filled from vendor_b (fallback).,No action needed. Tracked to monitor vendor coverage.,auto,[],,,,,,,
Q00055,CR00038,instagram,reach_rate,PRIMARY_SOURCE_MISSING,YELLOW,{'reach_rate': 'vendor_b'},,vendor_b,vendor_a's record lacks a valid value for reach_rate; filled from vendor_b (fallback).,No action needed. Tracked to monitor vendor coverage.,auto,[],,,,,,,
Q00056,CR00038,tiktok,"handle, follower_count, reach_rate, growth_rate, meaningful_eng_rate",PRIMARY_SOURCE_MISSING,YELLOW,"{'handle': 'vendor_b', 'follower_count': 'vendor_b', 'reach_rate': 'vendor_b', 'growth_rate': 'vendor_b', 'meaningful_eng_rate': 'vendor_b'}",,vendor_b,vendor_a has no record for this channel; filled from vendor_b (fallback).,No action needed. Tracked to monitor vendor coverage.,auto,[],,,,,,,
Q00057,CR00040,instagram,"handle, follower_count, reach_rate, growth_rate, meaningful_eng_rate",PRIMARY_SOURCE_MISSING,YELLOW,"{'handle': 'vendor_b', 'follower_count': 'vendor_b', 'reach_rate': 'vendor_b', 'growth_rate': 'vendor_b', 'meaningful_eng_rate': 'vendor_b'}",,vendor_b,vendor_a has no record for this channel; filled from vendor_b (fallback).,No action needed. Tracked to monitor vendor coverage.,auto,[],,,,,,,
Q00058,CR00041,instagram,"handle, follower_count, reach_rate, growth_rate",PRIMARY_SOURCE_MISSING,YELLOW,"{'handle': 'vendor_b', 'follower_count': 'vendor_b', 'reach_rate': 'vendor_b', 'growth_rate': 'vendor_b'}",,vendor_b,vendor_a has no record for this channel; filled from vendor_b (fallback).,No action needed. Tracked to monitor vendor coverage.,auto,[],,,,,,,
Q00059,CR00046,tiktok,"handle, follower_count, reach_rate, growth_rate, meaningful_eng_rate",PRIMARY_SOURCE_MISSING,YELLOW,"{'handle': 'vendor_b', 'follower_count': 'vendor_b', 'reach_rate': 'vendor_b', 'growth_rate': 'vendor_b', 'meaningful_eng_rate': 'vendor_b'}",,vendor_b,vendor_a has no record for this channel; filled from vendor_b (fallback).,No action needed. Tracked to monitor vendor coverage.,auto,[],,,,,,,
Q00060,CR00047,instagram,"handle, follower_count, reach_rate, growth_rate, meaningful_eng_rate",PRIMARY_SOURCE_MISSING,YELLOW,"{'handle': 'vendor_b', 'follower_count': 'vendor_b', 'reach_rate': 'vendor_b', 'growth_rate': 'vendor_b', 'meaningful_eng_rate': 'vendor_b'}",,vendor_b,vendor_a has no record for this channel; filled from vendor_b (fallback).,No action needed. Tracked to monitor vendor coverage.,auto,[],,,,,,,
Q00061,CR00050,instagram,"handle, follower_count, reach_rate",PRIMARY_SOURCE_MISSING,YELLOW,"{'handle': 'vendor_c', 'follower_count': 'vendor_c', 'reach_rate': 'vendor_c'}",,vendor_c,vendor_a has no record for this channel; filled from vendor_c (fallback).,No action needed. Tracked to monitor vendor coverage.,auto,[],,,,,,,
Q00062,CR00056,instagram,"handle, follower_count, reach_rate, meaningful_eng_rate",PRIMARY_SOURCE_MISSING,YELLOW,"{'handle': 'vendor_b', 'follower_count': 'vendor_b', 'reach_rate': 'vendor_b', 'meaningful_eng_rate': 'vendor_b'}",,vendor_b,vendor_a has no record for this channel; filled from vendor_b (fallback).,No action needed. Tracked to monitor vendor coverage.,auto,[],,,,,,,
Q00063,CR00060,instagram,"handle, follower_count, reach_rate, growth_rate, meaningful_eng_rate",PRIMARY_SOURCE_MISSING,YELLOW,"{'handle': 'vendor_b', 'follower_count': 'vendor_b', 'reach_rate': 'vendor_b', 'growth_rate': 'vendor_b', 'meaningful_eng_rate': 'vendor_b'}",,vendor_b,vendor_a has no record for this channel; filled from vendor_b (fallback).,No action needed. Tracked to monitor vendor coverage.,auto,[],,,,,,,
Q00064,CR00060,tiktok,"handle, follower_count, reach_rate, growth_rate, meaningful_eng_rate",PRIMARY_SOURCE_MISSING,YELLOW,"{'handle': 'vendor_b', 'follower_count': 'vendor_c', 'reach_rate': 'vendor_c', 'growth_rate': 'vendor_c', 'meaningful_eng_rate': 'vendor_b'}",,"vendor_b, vendor_c","vendor_a has no record for this channel; filled from vendor_b, vendor_c (fallback).",No action needed. Tracked to monitor vendor coverage.,auto,[],,,,,,,
Q00065,CR00062,instagram,"handle, follower_count, reach_rate, meaningful_eng_rate",PRIMARY_SOURCE_MISSING,YELLOW,"{'handle': 'vendor_b', 'follower_count': 'vendor_b', 'reach_rate': 'vendor_b', 'meaningful_eng_rate': 'vendor_b'}",,vendor_b,vendor_a has no record for this channel; filled from vendor_b (fallback).,No action needed. Tracked to monitor vendor coverage.,auto,[],,,,,,,
Q00066,CR00063,instagram,"handle, follower_count, reach_rate, growth_rate, meaningful_eng_rate",PRIMARY_SOURCE_MISSING,YELLOW,"{'handle': 'vendor_b', 'follower_count': 'vendor_b', 'reach_rate': 'vendor_b', 'growth_rate': 'vendor_b', 'meaningful_eng_rate': 'vendor_b'}",,vendor_b,vendor_a has no record for this channel; filled from vendor_b (fallback).,No action needed. Tracked to monitor vendor coverage.,auto,[],,,,,,,
Q00067,CR00065,tiktok,"handle, follower_count, reach_rate, growth_rate, meaningful_eng_rate",PRIMARY_SOURCE_MISSING,YELLOW,"{'handle': 'vendor_b', 'follower_count': 'vendor_b', 'reach_rate': 'vendor_b', 'growth_rate': 'vendor_b', 'meaningful_eng_rate': 'vendor_b'}",,vendor_b,vendor_a has no record for this channel; filled from vendor_b (fallback).,No action needed. Tracked to monitor vendor coverage.,auto,[],,,,,,,
Q00068,CR00068,instagram,"handle, follower_count, reach_rate, growth_rate, meaningful_eng_rate",PRIMARY_SOURCE_MISSING,YELLOW,"{'handle': 'vendor_b', 'follower_count': 'vendor_b', 'reach_rate': 'vendor_b', 'growth_rate': 'vendor_b', 'meaningful_eng_rate': 'vendor_b'}",,vendor_b,vendor_a has no record for this channel; filled from vendor_b (fallback).,No action needed. Tracked to monitor vendor coverage.,auto,[],,,,,,,
Q00069,CR00068,tiktok,"handle, follower_count, reach_rate, growth_rate",PRIMARY_SOURCE_MISSING,YELLOW,"{'handle': 'vendor_b', 'follower_count': 'vendor_b', 'reach_rate': 'vendor_b', 'growth_rate': 'vendor_b'}",,vendor_b,vendor_a has no record for this channel; filled from vendor_b (fallback).,No action needed. Tracked to monitor vendor coverage.,auto,[],,,,,,,
Q00070,CR00070,instagram,"handle, meaningful_eng_rate",PRIMARY_SOURCE_MISSING,YELLOW,"{'handle': 'vendor_b', 'meaningful_eng_rate': 'vendor_b'}",,vendor_b,vendor_a has no record for this channel; filled from vendor_b (fallback).,No action needed. Tracked to monitor vendor coverage.,auto,[],,,,,,,
Q00071,CR00070,tiktok,"handle, follower_count, reach_rate, growth_rate, meaningful_eng_rate",PRIMARY_SOURCE_MISSING,YELLOW,"{'handle': 'vendor_b', 'follower_count': 'vendor_b', 'reach_rate': 'vendor_b', 'growth_rate': 'vendor_b', 'meaningful_eng_rate': 'vendor_b'}",,vendor_b,vendor_a has no record for this channel; filled from vendor_b (fallback).,No action needed. Tracked to monitor vendor coverage.,auto,[],,,,,,,
Q00072,CR00072,tiktok,"handle, follower_count, reach_rate",PRIMARY_SOURCE_MISSING,YELLOW,"{'handle': 'vendor_b', 'follower_count': 'vendor_b', 'reach_rate': 'vendor_b'}",,vendor_b,vendor_a has no record for this channel; filled from vendor_b (fallback).,No action needed. Tracked to monitor vendor coverage.,auto,[],,,,,,,
Q00073,CR00073,tiktok,"handle, follower_count, reach_rate, growth_rate, meaningful_eng_rate",PRIMARY_SOURCE_MISSING,YELLOW,"{'handle': 'vendor_b', 'follower_count': 'vendor_c', 'reach_rate': 'vendor_c', 'growth_rate': 'vendor_c', 'meaningful_eng_rate': 'vendor_b'}",,"vendor_b, vendor_c","vendor_a has no record for this channel; filled from vendor_b, vendor_c (fallback).",No action needed. Tracked to monitor vendor coverage.,auto,[],,,,,,,
Q00074,CR00076,youtube,meaningful_eng_rate,PRIMARY_SOURCE_MISSING,YELLOW,{'meaningful_eng_rate': 'vendor_b'},,vendor_b,vendor_a's record lacks a valid value for meaningful_eng_rate; filled from vendor_b (fallback).,No action needed. Tracked to monitor vendor coverage.,auto,[],,,,,,,
Q00075,CR00079,instagram,"handle, follower_count, reach_rate, growth_rate",PRIMARY_SOURCE_MISSING,YELLOW,"{'handle': 'vendor_b', 'follower_count': 'vendor_b', 'reach_rate': 'vendor_b', 'growth_rate': 'vendor_b'}",,vendor_b,vendor_a has no record for this channel; filled from vendor_b (fallback).,No action needed. Tracked to monitor vendor coverage.,auto,[],,,,,,,
Q00076,CR00082,tiktok,"handle, follower_count, reach_rate, growth_rate, meaningful_eng_rate",PRIMARY_SOURCE_MISSING,YELLOW,"{'handle': 'vendor_b', 'follower_count': 'vendor_b', 'reach_rate': 'vendor_b', 'growth_rate': 'vendor_b', 'meaningful_eng_rate': 'vendor_b'}",,vendor_b,vendor_a has no record for this channel; filled from vendor_b (fallback).,No action needed. Tracked to monitor vendor coverage.,auto,[],,,,,,,
Q00077,CR00083,instagram,"handle, follower_count, reach_rate, growth_rate, meaningful_eng_rate",PRIMARY_SOURCE_MISSING,YELLOW,"{'handle': 'vendor_b', 'follower_count': 'vendor_b', 'reach_rate': 'vendor_b', 'growth_rate': 'vendor_b', 'meaningful_eng_rate': 'vendor_b'}",,vendor_b,vendor_a has no record for this channel; filled from vendor_b (fallback).,No action needed. Tracked to monitor vendor coverage.,auto,[],,,,,,,
Q00078,CR00083,tiktok,"handle, follower_count, reach_rate, growth_rate, meaningful_eng_rate",PRIMARY_SOURCE_MISSING,YELLOW,"{'handle': 'vendor_b', 'follower_count': 'vendor_b', 'reach_rate': 'vendor_b', 'growth_rate': 'vendor_b', 'meaningful_eng_rate': 'vendor_b'}",,vendor_b,vendor_a has no record for this channel; filled from vendor_b (fallback).,No action needed. Tracked to monitor vendor coverage.,auto,[],,,,,,,
Q00079,CR00084,instagram,"handle, follower_count, reach_rate, growth_rate, meaningful_eng_rate",PRIMARY_SOURCE_MISSING,YELLOW,"{'handle': 'vendor_b', 'follower_count': 'vendor_b', 'reach_rate': 'vendor_b', 'growth_rate': 'vendor_b', 'meaningful_eng_rate': 'vendor_b'}",,vendor_b,vendor_a has no record for this channel; filled from vendor_b (fallback).,No action needed. Tracked to monitor vendor coverage.,auto,[],,,,,,,
Q00080,CR00084,tiktok,"handle, follower_count, reach_rate, meaningful_eng_rate",PRIMARY_SOURCE_MISSING,YELLOW,"{'handle': 'vendor_b', 'follower_count': 'vendor_b', 'reach_rate': 'vendor_b', 'meaningful_eng_rate': 'vendor_b'}",,vendor_b,vendor_a has no record for this channel; filled from vendor_b (fallback).,No action needed. Tracked to monitor vendor coverage.,auto,[],,,,,,,
Q00081,CR00084,youtube,"handle, follower_count, reach_rate, growth_rate",PRIMARY_SOURCE_MISSING,YELLOW,"{'handle': 'vendor_b', 'follower_count': 'vendor_b', 'reach_rate': 'vendor_b', 'growth_rate': 'vendor_b'}",,vendor_b,vendor_a's record is stale; filled from vendor_b (fallback).,No action needed. Tracked to monitor vendor coverage.,auto,[],,,,,,,
Q00082,CR00085,youtube,"handle, follower_count, reach_rate, growth_rate, meaningful_eng_rate",PRIMARY_SOURCE_MISSING,YELLOW,"{'handle': 'vendor_b', 'follower_count': 'vendor_b', 'reach_rate': 'vendor_b', 'growth_rate': 'vendor_b', 'meaningful_eng_rate': 'vendor_b'}",,vendor_b,vendor_a's record is stale; filled from vendor_b (fallback).,No action needed. Tracked to monitor vendor coverage.,auto,[],,,,,,,
Q00083,CR00086,instagram,"handle, follower_count, reach_rate",PRIMARY_SOURCE_MISSING,YELLOW,"{'handle': 'vendor_b', 'follower_count': 'vendor_b', 'reach_rate': 'vendor_b'}",,vendor_b,vendor_a has no record for this channel; filled from vendor_b (fallback).,No action needed. Tracked to monitor vendor coverage.,auto,[],,,,,,,
Q00084,CR00086,tiktok,"handle, follower_count, reach_rate, growth_rate, meaningful_eng_rate",PRIMARY_SOURCE_MISSING,YELLOW,"{'handle': 'vendor_b', 'follower_count': 'vendor_b', 'reach_rate': 'vendor_b', 'growth_rate': 'vendor_b', 'meaningful_eng_rate': 'vendor_b'}",,vendor_b,vendor_a has no record for this channel; filled from vendor_b (fallback).,No action needed. Tracked to monitor vendor coverage.,auto,[],,,,,,,
Q00085,CR00086,youtube,handle,PRIMARY_SOURCE_MISSING,YELLOW,{'handle': 'vendor_b'},,vendor_b,vendor_a's record lacks a valid value for handle; filled from vendor_b (fallback).,No action needed. Tracked to monitor vendor coverage.,auto,[],,,,,,,
Q00086,CR00089,instagram,handle,PRIMARY_SOURCE_MISSING,YELLOW,{'handle': 'vendor_c'},,vendor_c,vendor_a has no record for this channel; filled from vendor_c (fallback).,No action needed. Tracked to monitor vendor coverage.,auto,[],,,,,,,
Q00087,CR00090,tiktok,"handle, follower_count, reach_rate",PRIMARY_SOURCE_MISSING,YELLOW,"{'handle': 'vendor_b', 'follower_count': 'vendor_b', 'reach_rate': 'vendor_b'}",,vendor_b,vendor_a has no record for this channel; filled from vendor_b (fallback).,No action needed. Tracked to monitor vendor coverage.,auto,[],,,,,,,
Q00088,CR00096,youtube,"handle, follower_count, reach_rate, growth_rate, meaningful_eng_rate",PRIMARY_SOURCE_MISSING,YELLOW,"{'handle': 'vendor_c', 'follower_count': 'vendor_c', 'reach_rate': 'vendor_c', 'growth_rate': 'vendor_c', 'meaningful_eng_rate': 'vendor_c'}",,vendor_c,vendor_a has no record for this channel; filled from vendor_c (fallback).,No action needed. Tracked to monitor vendor coverage.,auto,[],,,,,,,
Q00089,CR00097,instagram,"handle, meaningful_eng_rate",PRIMARY_SOURCE_MISSING,YELLOW,"{'handle': 'vendor_b', 'meaningful_eng_rate': 'vendor_b'}",,vendor_b,vendor_a has no record for this channel; filled from vendor_b (fallback).,No action needed. Tracked to monitor vendor coverage.,auto,[],,,,,,,
Q00090,CR00097,tiktok,"handle, follower_count, reach_rate, growth_rate, meaningful_eng_rate",PRIMARY_SOURCE_MISSING,YELLOW,"{'handle': 'vendor_b', 'follower_count': 'vendor_b', 'reach_rate': 'vendor_b', 'growth_rate': 'vendor_b', 'meaningful_eng_rate': 'vendor_b'}",,vendor_b,vendor_a has no record for this channel; filled from vendor_b (fallback).,No action needed. Tracked to monitor vendor coverage.,auto,[],,,,,,,
Q00091,CR00099,instagram,"handle, follower_count, reach_rate, growth_rate, meaningful_eng_rate",PRIMARY_SOURCE_MISSING,YELLOW,"{'handle': 'vendor_b', 'follower_count': 'vendor_b', 'reach_rate': 'vendor_b', 'growth_rate': 'vendor_b', 'meaningful_eng_rate': 'vendor_b'}",,vendor_b,vendor_a has no record for this channel; filled from vendor_b (fallback).,No action needed. Tracked to monitor vendor coverage.,auto,[],,,,,,,
Q00092,CR00100,instagram,"handle, follower_count, reach_rate, growth_rate",PRIMARY_SOURCE_MISSING,YELLOW,"{'handle': 'vendor_b', 'follower_count': 'vendor_b', 'reach_rate': 'vendor_b', 'growth_rate': 'vendor_b'}",,vendor_b,vendor_a has no record for this channel; filled from vendor_b (fallback).,No action needed. Tracked to monitor vendor coverage.,auto,[],,,,,,,
Q00093,CR00100,tiktok,"handle, follower_count, reach_rate, growth_rate",PRIMARY_SOURCE_MISSING,YELLOW,"{'handle': 'vendor_c', 'follower_count': 'vendor_c', 'reach_rate': 'vendor_c', 'growth_rate': 'vendor_c'}",,vendor_c,vendor_a has no record for this channel; filled from vendor_c (fallback).,No action needed. Tracked to monitor vendor coverage.,auto,[],,,,,,,
Q00094,CR00102,instagram,"handle, follower_count, reach_rate, growth_rate, meaningful_eng_rate",PRIMARY_SOURCE_MISSING,YELLOW,"{'handle': 'vendor_b', 'follower_count': 'vendor_b', 'reach_rate': 'vendor_b', 'growth_rate': 'vendor_b', 'meaningful_eng_rate': 'vendor_b'}",,vendor_b,vendor_a has no record for this channel; filled from vendor_b (fallback).,No action needed. Tracked to monitor vendor coverage.,auto,[],,,,,,,
Q00095,CR00102,tiktok,"handle, follower_count, reach_rate, growth_rate, meaningful_eng_rate",PRIMARY_SOURCE_MISSING,YELLOW,"{'handle': 'vendor_b', 'follower_count': 'vendor_b', 'reach_rate': 'vendor_b', 'growth_rate': 'vendor_b', 'meaningful_eng_rate': 'vendor_b'}",,vendor_b,vendor_a has no record for this channel; filled from vendor_b (fallback).,No action needed. Tracked to monitor vendor coverage.,auto,[],,,,,,,
Q00096,CR00103,instagram,"handle, follower_count, reach_rate, growth_rate, meaningful_eng_rate",PRIMARY_SOURCE_MISSING,YELLOW,"{'handle': 'vendor_b', 'follower_count': 'vendor_b', 'reach_rate': 'vendor_b', 'growth_rate': 'vendor_b', 'meaningful_eng_rate': 'vendor_b'}",,vendor_b,vendor_a has no record for this channel; filled from vendor_b (fallback).,No action needed. Tracked to monitor vendor coverage.,auto,[],,,,,,,
Q00097,CR00103,tiktok,"handle, follower_count, reach_rate, meaningful_eng_rate",PRIMARY_SOURCE_MISSING,YELLOW,"{'handle': 'vendor_b', 'follower_count': 'vendor_b', 'reach_rate': 'vendor_b', 'meaningful_eng_rate': 'vendor_b'}",,vendor_b,vendor_a has no record for this channel; filled from vendor_b (fallback).,No action needed. Tracked to monitor vendor coverage.,auto,[],,,,,,,
Q00098,CR00107,tiktok,"handle, follower_count, reach_rate, growth_rate, meaningful_eng_rate",PRIMARY_SOURCE_MISSING,YELLOW,"{'handle': 'vendor_b', 'follower_count': 'vendor_b', 'reach_rate': 'vendor_b', 'growth_rate': 'vendor_b', 'meaningful_eng_rate': 'vendor_b'}",,vendor_b,vendor_a has no record for this channel; filled from vendor_b (fallback).,No action needed. Tracked to monitor vendor coverage.,auto,[],,,,,,,
Q00099,CR00108,instagram,meaningful_eng_rate,PRIMARY_SOURCE_MISSING,YELLOW,{'meaningful_eng_rate': 'vendor_b'},,vendor_b,vendor_a's record lacks a valid value for meaningful_eng_rate; filled from vendor_b (fallback).,No action needed. Tracked to monitor vendor coverage.,auto,[],,,,,,,
Q00100,CR00112,tiktok,"handle, follower_count, reach_rate, growth_rate",PRIMARY_SOURCE_MISSING,YELLOW,"{'handle': 'vendor_b', 'follower_count': 'vendor_b', 'reach_rate': 'vendor_b', 'growth_rate': 'vendor_b'}",,vendor_b,vendor_a has no record for this channel; filled from vendor_b (fallback).,No action needed. Tracked to monitor vendor coverage.,auto,[],,,,,,,
Q00101,CR00116,instagram,"handle, follower_count, reach_rate, growth_rate, meaningful_eng_rate",PRIMARY_SOURCE_MISSING,YELLOW,"{'handle': 'vendor_b', 'follower_count': 'vendor_b', 'reach_rate': 'vendor_b', 'growth_rate': 'vendor_b', 'meaningful_eng_rate': 'vendor_b'}",,vendor_b,vendor_a has no record for this channel; filled from vendor_b (fallback).,No action needed. Tracked to monitor vendor coverage.,auto,[],,,,,,,
Q00102,CR00125,tiktok,"handle, follower_count, reach_rate, growth_rate, meaningful_eng_rate",PRIMARY_SOURCE_MISSING,YELLOW,"{'handle': 'vendor_b', 'follower_count': 'vendor_b', 'reach_rate': 'vendor_b', 'growth_rate': 'vendor_b', 'meaningful_eng_rate': 'vendor_b'}",,vendor_b,vendor_a has no record for this channel; filled from vendor_b (fallback).,No action needed. Tracked to monitor vendor coverage.,auto,[],,,,,,,
Q00103,CR00128,tiktok,"handle, follower_count, reach_rate, growth_rate",PRIMARY_SOURCE_MISSING,YELLOW,"{'handle': 'vendor_c', 'follower_count': 'vendor_c', 'reach_rate': 'vendor_c', 'growth_rate': 'vendor_c'}",,vendor_c,vendor_a has no record for this channel; filled from vendor_c (fallback).,No action needed. Tracked to monitor vendor coverage.,auto,[],,,,,,,
Q00104,CR00128,youtube,growth_rate,PRIMARY_SOURCE_MISSING,YELLOW,{'growth_rate': 'vendor_b'},,vendor_b,vendor_a's record lacks a valid value for growth_rate; filled from vendor_b (fallback).,No action needed. Tracked to monitor vendor coverage.,auto,[],,,,,,,
Q00105,CR00130,instagram,"handle, follower_count, reach_rate, growth_rate",PRIMARY_SOURCE_MISSING,YELLOW,"{'handle': 'vendor_c', 'follower_count': 'vendor_c', 'reach_rate': 'vendor_c', 'growth_rate': 'vendor_c'}",,vendor_c,vendor_a has no record for this channel; filled from vendor_c (fallback).,No action needed. Tracked to monitor vendor coverage.,auto,[],,,,,,,
Q00106,CR00130,tiktok,"handle, follower_count, reach_rate, growth_rate, meaningful_eng_rate",PRIMARY_SOURCE_MISSING,YELLOW,"{'handle': 'vendor_b', 'follower_count': 'vendor_b', 'reach_rate': 'vendor_b', 'growth_rate': 'vendor_b', 'meaningful_eng_rate': 'vendor_b'}",,vendor_b,vendor_a has no record for this channel; filled from vendor_b (fallback).,No action needed. Tracked to monitor vendor coverage.,auto,[],,,,,,,
Q00107,CR00131,tiktok,handle,PRIMARY_SOURCE_MISSING,YELLOW,{'handle': 'vendor_b'},,vendor_b,vendor_a's record lacks a valid value for handle; filled from vendor_b (fallback).,No action needed. Tracked to monitor vendor coverage.,auto,[],,,,,,,
Q00108,CR00135,youtube,"handle, follower_count, reach_rate, growth_rate, meaningful_eng_rate",PRIMARY_SOURCE_MISSING,YELLOW,"{'handle': 'vendor_b', 'follower_count': 'vendor_b', 'reach_rate': 'vendor_b', 'growth_rate': 'vendor_b', 'meaningful_eng_rate': 'vendor_b'}",,vendor_b,vendor_a has no record for this channel; filled from vendor_b (fallback).,No action needed. Tracked to monitor vendor coverage.,auto,[],,,,,,,
Q00109,CR00136,tiktok,"handle, follower_count, reach_rate, growth_rate, meaningful_eng_rate",PRIMARY_SOURCE_MISSING,YELLOW,"{'handle': 'vendor_b', 'follower_count': 'vendor_b', 'reach_rate': 'vendor_b', 'growth_rate': 'vendor_b', 'meaningful_eng_rate': 'vendor_b'}",,vendor_b,vendor_a has no record for this channel; filled from vendor_b (fallback).,No action needed. Tracked to monitor vendor coverage.,auto,[],,,,,,,
Q00110,CR00138,instagram,"handle, follower_count, reach_rate, meaningful_eng_rate",PRIMARY_SOURCE_MISSING,YELLOW,"{'handle': 'vendor_b', 'follower_count': 'vendor_b', 'reach_rate': 'vendor_b', 'meaningful_eng_rate': 'vendor_b'}",,vendor_b,vendor_a has no record for this channel; filled from vendor_b (fallback).,No action needed. Tracked to monitor vendor coverage.,auto,[],,,,,,,
Q00111,CR00138,tiktok,"handle, follower_count, reach_rate, growth_rate, meaningful_eng_rate",PRIMARY_SOURCE_MISSING,YELLOW,"{'handle': 'vendor_b', 'follower_count': 'vendor_b', 'reach_rate': 'vendor_b', 'growth_rate': 'vendor_b', 'meaningful_eng_rate': 'vendor_b'}",,vendor_b,vendor_a has no record for this channel; filled from vendor_b (fallback).,No action needed. Tracked to monitor vendor coverage.,auto,[],,,,,,,
Q00112,CR00138,youtube,"handle, follower_count, reach_rate, growth_rate, meaningful_eng_rate",PRIMARY_SOURCE_MISSING,YELLOW,"{'handle': 'vendor_b', 'follower_count': 'vendor_b', 'reach_rate': 'vendor_b', 'growth_rate': 'vendor_b', 'meaningful_eng_rate': 'vendor_b'}",,vendor_b,vendor_a has no record for this channel; filled from vendor_b (fallback).,No action needed. Tracked to monitor vendor coverage.,auto,[],,,,,,,
Q00113,CR00139,instagram,"handle, follower_count, reach_rate, growth_rate, meaningful_eng_rate",PRIMARY_SOURCE_MISSING,YELLOW,"{'handle': 'vendor_b', 'follower_count': 'vendor_b', 'reach_rate': 'vendor_b', 'growth_rate': 'vendor_b', 'meaningful_eng_rate': 'vendor_b'}",,vendor_b,vendor_a has no record for this channel; filled from vendor_b (fallback).,No action needed. Tracked to monitor vendor coverage.,auto,[],,,,,,,
Q00114,CR00140,tiktok,"handle, meaningful_eng_rate",PRIMARY_SOURCE_MISSING,YELLOW,"{'handle': 'vendor_b', 'meaningful_eng_rate': 'vendor_b'}",,vendor_b,vendor_a has no record for this channel; filled from vendor_b (fallback).,No action needed. Tracked to monitor vendor coverage.,auto,[],,,,,,,
Q00115,CR00143,instagram,"handle, follower_count, reach_rate, growth_rate, meaningful_eng_rate",PRIMARY_SOURCE_MISSING,YELLOW,"{'handle': 'vendor_b', 'follower_count': 'vendor_b', 'reach_rate': 'vendor_b', 'growth_rate': 'vendor_b', 'meaningful_eng_rate': 'vendor_b'}",,vendor_b,vendor_a has no record for this channel; filled from vendor_b (fallback).,No action needed. Tracked to monitor vendor coverage.,auto,[],,,,,,,
Q00116,CR00146,instagram,"handle, follower_count, reach_rate, growth_rate",PRIMARY_SOURCE_MISSING,YELLOW,"{'handle': 'vendor_c', 'follower_count': 'vendor_c', 'reach_rate': 'vendor_c', 'growth_rate': 'vendor_c'}",,vendor_c,vendor_a's record is stale; filled from vendor_c (fallback).,No action needed. Tracked to monitor vendor coverage.,auto,[],,,,,,,
Q00117,CR00146,tiktok,"handle, follower_count, reach_rate, growth_rate",PRIMARY_SOURCE_MISSING,YELLOW,"{'handle': 'vendor_b', 'follower_count': 'vendor_b', 'reach_rate': 'vendor_b', 'growth_rate': 'vendor_b'}",,vendor_b,vendor_a has no record for this channel; filled from vendor_b (fallback).,No action needed. Tracked to monitor vendor coverage.,auto,[],,,,,,,
Q00118,CR00147,youtube,"handle, follower_count, reach_rate, growth_rate, meaningful_eng_rate",PRIMARY_SOURCE_MISSING,YELLOW,"{'handle': 'vendor_b', 'follower_count': 'vendor_b', 'reach_rate': 'vendor_b', 'growth_rate': 'vendor_b', 'meaningful_eng_rate': 'vendor_b'}",,vendor_b,vendor_a has no record for this channel; filled from vendor_b (fallback).,No action needed. Tracked to monitor vendor coverage.,auto,[],,,,,,,
Q00119,CR00149,tiktok,"handle, follower_count, reach_rate, growth_rate, meaningful_eng_rate",PRIMARY_SOURCE_MISSING,YELLOW,"{'handle': 'vendor_b', 'follower_count': 'vendor_b', 'reach_rate': 'vendor_b', 'growth_rate': 'vendor_b', 'meaningful_eng_rate': 'vendor_b'}",,vendor_b,vendor_a has no record for this channel; filled from vendor_b (fallback).,No action needed. Tracked to monitor vendor coverage.,auto,[],,,,,,,
Q00120,CR00151,instagram,"handle, follower_count, reach_rate, growth_rate, meaningful_eng_rate",PRIMARY_SOURCE_MISSING,YELLOW,"{'handle': 'vendor_b', 'follower_count': 'vendor_b', 'reach_rate': 'vendor_b', 'growth_rate': 'vendor_b', 'meaningful_eng_rate': 'vendor_b'}",,vendor_b,vendor_a has no record for this channel; filled from vendor_b (fallback).,No action needed. Tracked to monitor vendor coverage.,auto,[],,,,,,,
Q00121,CR00152,instagram,"handle, follower_count, reach_rate, growth_rate, meaningful_eng_rate",PRIMARY_SOURCE_MISSING,YELLOW,"{'handle': 'vendor_b', 'follower_count': 'vendor_b', 'reach_rate': 'vendor_b', 'growth_rate': 'vendor_b', 'meaningful_eng_rate': 'vendor_b'}",,vendor_b,vendor_a has no record for this channel; filled from vendor_b (fallback).,No action needed. Tracked to monitor vendor coverage.,auto,[],,,,,,,
Q00122,CR00153,tiktok,"handle, follower_count, reach_rate, meaningful_eng_rate",PRIMARY_SOURCE_MISSING,YELLOW,"{'handle': 'vendor_b', 'follower_count': 'vendor_b', 'reach_rate': 'vendor_b', 'meaningful_eng_rate': 'vendor_b'}",,vendor_b,vendor_a has no record for this channel; filled from vendor_b (fallback).,No action needed. Tracked to monitor vendor coverage.,auto,[],,,,,,,
Q00123,CR00155,instagram,"handle, follower_count, reach_rate, growth_rate, meaningful_eng_rate",PRIMARY_SOURCE_MISSING,YELLOW,"{'handle': 'vendor_b', 'follower_count': 'vendor_b', 'reach_rate': 'vendor_b', 'growth_rate': 'vendor_b', 'meaningful_eng_rate': 'vendor_b'}",,vendor_b,vendor_a has no record for this channel; filled from vendor_b (fallback).,No action needed. Tracked to monitor vendor coverage.,auto,[],,,,,,,
Q00124,CR00155,tiktok,"handle, follower_count, reach_rate, growth_rate, meaningful_eng_rate",PRIMARY_SOURCE_MISSING,YELLOW,"{'handle': 'vendor_b', 'follower_count': 'vendor_b', 'reach_rate': 'vendor_b', 'growth_rate': 'vendor_b', 'meaningful_eng_rate': 'vendor_b'}",,vendor_b,vendor_a has no record for this channel; filled from vendor_b (fallback).,No action needed. Tracked to monitor vendor coverage.,auto,[],,,,,,,
Q00125,CR00158,instagram,"handle, follower_count, reach_rate, growth_rate, meaningful_eng_rate",PRIMARY_SOURCE_MISSING,YELLOW,"{'handle': 'vendor_b', 'follower_count': 'vendor_b', 'reach_rate': 'vendor_b', 'growth_rate': 'vendor_b', 'meaningful_eng_rate': 'vendor_b'}",,vendor_b,vendor_a has no record for this channel; filled from vendor_b (fallback).,No action needed. Tracked to monitor vendor coverage.,auto,[],,,,,,,
Q00126,CR00158,tiktok,"handle, follower_count, reach_rate, growth_rate, meaningful_eng_rate",PRIMARY_SOURCE_MISSING,YELLOW,"{'handle': 'vendor_b', 'follower_count': 'vendor_b', 'reach_rate': 'vendor_b', 'growth_rate': 'vendor_b', 'meaningful_eng_rate': 'vendor_b'}",,vendor_b,vendor_a has no record for this channel; filled from vendor_b (fallback).,No action needed. Tracked to monitor vendor coverage.,auto,[],,,,,,,
Q00127,CR00161,tiktok,"handle, follower_count, reach_rate, growth_rate, meaningful_eng_rate",PRIMARY_SOURCE_MISSING,YELLOW,"{'handle': 'vendor_b', 'follower_count': 'vendor_b', 'reach_rate': 'vendor_b', 'growth_rate': 'vendor_b', 'meaningful_eng_rate': 'vendor_b'}",,vendor_b,vendor_a has no record for this channel; filled from vendor_b (fallback).,No action needed. Tracked to monitor vendor coverage.,auto,[],,,,,,,
Q00128,CR00162,tiktok,"handle, follower_count, reach_rate, growth_rate, meaningful_eng_rate",PRIMARY_SOURCE_MISSING,YELLOW,"{'handle': 'vendor_b', 'follower_count': 'vendor_b', 'reach_rate': 'vendor_b', 'growth_rate': 'vendor_b', 'meaningful_eng_rate': 'vendor_b'}",,vendor_b,vendor_a has no record for this channel; filled from vendor_b (fallback).,No action needed. Tracked to monitor vendor coverage.,auto,[],,,,,,,
Q00129,CR00172,instagram,"handle, follower_count, reach_rate, growth_rate, meaningful_eng_rate",PRIMARY_SOURCE_MISSING,YELLOW,"{'handle': 'vendor_b', 'follower_count': 'vendor_b', 'reach_rate': 'vendor_b', 'growth_rate': 'vendor_b', 'meaningful_eng_rate': 'vendor_b'}",,vendor_b,vendor_a has no record for this channel; filled from vendor_b (fallback).,No action needed. Tracked to monitor vendor coverage.,auto,[],,,,,,,
Q00130,CR00173,instagram,"handle, follower_count, reach_rate, growth_rate, meaningful_eng_rate",PRIMARY_SOURCE_MISSING,YELLOW,"{'handle': 'vendor_b', 'follower_count': 'vendor_b', 'reach_rate': 'vendor_b', 'growth_rate': 'vendor_b', 'meaningful_eng_rate': 'vendor_b'}",,vendor_b,vendor_a has no record for this channel; filled from vendor_b (fallback).,No action needed. Tracked to monitor vendor coverage.,auto,[],,,,,,,
Q00131,CR00174,instagram,"handle, follower_count, reach_rate",PRIMARY_SOURCE_MISSING,YELLOW,"{'handle': 'vendor_b', 'follower_count': 'vendor_b', 'reach_rate': 'vendor_b'}",,vendor_b,vendor_a has no record for this channel; filled from vendor_b (fallback).,No action needed. Tracked to monitor vendor coverage.,auto,[],,,,,,,
Q00132,CR00174,tiktok,"handle, follower_count, reach_rate, growth_rate, meaningful_eng_rate",PRIMARY_SOURCE_MISSING,YELLOW,"{'handle': 'vendor_b', 'follower_count': 'vendor_b', 'reach_rate': 'vendor_b', 'growth_rate': 'vendor_b', 'meaningful_eng_rate': 'vendor_b'}",,vendor_b,vendor_a has no record for this channel; filled from vendor_b (fallback).,No action needed. Tracked to monitor vendor coverage.,auto,[],,,,,,,
Q00133,CR00175,instagram,"handle, follower_count, reach_rate, growth_rate, meaningful_eng_rate",PRIMARY_SOURCE_MISSING,YELLOW,"{'handle': 'vendor_b', 'follower_count': 'vendor_b', 'reach_rate': 'vendor_b', 'growth_rate': 'vendor_b', 'meaningful_eng_rate': 'vendor_b'}",,vendor_b,vendor_a has no record for this channel; filled from vendor_b (fallback).,No action needed. Tracked to monitor vendor coverage.,auto,[],,,,,,,
Q00134,CR00177,instagram,"handle, follower_count, reach_rate, growth_rate",PRIMARY_SOURCE_MISSING,YELLOW,"{'handle': 'vendor_b', 'follower_count': 'vendor_b', 'reach_rate': 'vendor_b', 'growth_rate': 'vendor_b'}",,vendor_b,vendor_a has no record for this channel; filled from vendor_b (fallback).,No action needed. Tracked to monitor vendor coverage.,auto,[],,,,,,,
Q00135,CR00177,tiktok,handle,PRIMARY_SOURCE_MISSING,YELLOW,{'handle': 'vendor_c'},,vendor_c,vendor_a has no record for this channel; filled from vendor_c (fallback).,No action needed. Tracked to monitor vendor coverage.,auto,[],,,,,,,
Q00136,CR00179,tiktok,"handle, follower_count, reach_rate, growth_rate, meaningful_eng_rate",PRIMARY_SOURCE_MISSING,YELLOW,"{'handle': 'vendor_b', 'follower_count': 'vendor_b', 'reach_rate': 'vendor_b', 'growth_rate': 'vendor_b', 'meaningful_eng_rate': 'vendor_b'}",,vendor_b,vendor_a has no record for this channel; filled from vendor_b (fallback).,No action needed. Tracked to monitor vendor coverage.,auto,[],,,,,,,
Q00137,CR00180,tiktok,"handle, follower_count, reach_rate, growth_rate",PRIMARY_SOURCE_MISSING,YELLOW,"{'handle': 'vendor_b', 'follower_count': 'vendor_b', 'reach_rate': 'vendor_b', 'growth_rate': 'vendor_b'}",,vendor_b,vendor_a has no record for this channel; filled from vendor_b (fallback).,No action needed. Tracked to monitor vendor coverage.,auto,[],,,,,,,
Q00138,CR00181,instagram,"handle, follower_count, reach_rate, meaningful_eng_rate",PRIMARY_SOURCE_MISSING,YELLOW,"{'handle': 'vendor_b', 'follower_count': 'vendor_b', 'reach_rate': 'vendor_b', 'meaningful_eng_rate': 'vendor_b'}",,vendor_b,vendor_a has no record for this channel; filled from vendor_b (fallback).,No action needed. Tracked to monitor vendor coverage.,auto,[],,,,,,,
Q00139,CR00182,tiktok,"handle, follower_count, reach_rate, growth_rate, meaningful_eng_rate",PRIMARY_SOURCE_MISSING,YELLOW,"{'handle': 'vendor_b', 'follower_count': 'vendor_b', 'reach_rate': 'vendor_b', 'growth_rate': 'vendor_b', 'meaningful_eng_rate': 'vendor_b'}",,vendor_b,vendor_a has no record for this channel; filled from vendor_b (fallback).,No action needed. Tracked to monitor vendor coverage.,auto,[],,,,,,,
Q00140,CR00183,instagram,"handle, follower_count, reach_rate, growth_rate, meaningful_eng_rate",PRIMARY_SOURCE_MISSING,YELLOW,"{'handle': 'vendor_b', 'follower_count': 'vendor_b', 'reach_rate': 'vendor_b', 'growth_rate': 'vendor_b', 'meaningful_eng_rate': 'vendor_b'}",,vendor_b,vendor_a has no record for this channel; filled from vendor_b (fallback).,No action needed. Tracked to monitor vendor coverage.,auto,[],,,,,,,
Q00141,CR00183,tiktok,"handle, follower_count, growth_rate",PRIMARY_SOURCE_MISSING,YELLOW,"{'handle': 'vendor_c', 'follower_count': 'vendor_c', 'growth_rate': 'vendor_c'}",,vendor_c,vendor_a has no record for this channel; filled from vendor_c (fallback).,No action needed. Tracked to monitor vendor coverage.,auto,[],,,,,,,
Q00142,CR00184,instagram,"handle, follower_count, reach_rate, growth_rate, meaningful_eng_rate",PRIMARY_SOURCE_MISSING,YELLOW,"{'handle': 'vendor_b', 'follower_count': 'vendor_b', 'reach_rate': 'vendor_b', 'growth_rate': 'vendor_b', 'meaningful_eng_rate': 'vendor_b'}",,vendor_b,vendor_a has no record for this channel; filled from vendor_b (fallback).,No action needed. Tracked to monitor vendor coverage.,auto,[],,,,,,,
Q00143,CR00184,tiktok,"handle, follower_count, reach_rate, growth_rate",PRIMARY_SOURCE_MISSING,YELLOW,"{'handle': 'vendor_c', 'follower_count': 'vendor_c', 'reach_rate': 'vendor_c', 'growth_rate': 'vendor_c'}",,vendor_c,vendor_a has no record for this channel; filled from vendor_c (fallback).,No action needed. Tracked to monitor vendor coverage.,auto,[],,,,,,,
Q00144,CR00184,youtube,"growth_rate, meaningful_eng_rate",PRIMARY_SOURCE_MISSING,YELLOW,"{'growth_rate': 'vendor_b', 'meaningful_eng_rate': 'vendor_b'}",,vendor_b,"vendor_a's record lacks a valid value for growth_rate, meaningful_eng_rate; filled from vendor_b (fallback).",No action needed. Tracked to monitor vendor coverage.,auto,[],,,,,,,
Q00145,CR00185,tiktok,"handle, follower_count, reach_rate, growth_rate, meaningful_eng_rate",PRIMARY_SOURCE_MISSING,YELLOW,"{'handle': 'vendor_b', 'follower_count': 'vendor_b', 'reach_rate': 'vendor_b', 'growth_rate': 'vendor_b', 'meaningful_eng_rate': 'vendor_b'}",,vendor_b,vendor_a has no record for this channel; filled from vendor_b (fallback).,No action needed. Tracked to monitor vendor coverage.,auto,[],,,,,,,
Q00146,CR00189,instagram,meaningful_eng_rate,PRIMARY_SOURCE_MISSING,YELLOW,{'meaningful_eng_rate': 'vendor_b'},,vendor_b,vendor_a's record lacks a valid value for meaningful_eng_rate; filled from vendor_b (fallback).,No action needed. Tracked to monitor vendor coverage.,auto,[],,,,,,,
Q00147,CR00192,instagram,"handle, follower_count, reach_rate, growth_rate, meaningful_eng_rate",PRIMARY_SOURCE_MISSING,YELLOW,"{'handle': 'vendor_b', 'follower_count': 'vendor_b', 'reach_rate': 'vendor_b', 'growth_rate': 'vendor_b', 'meaningful_eng_rate': 'vendor_b'}",,vendor_b,vendor_a has no record for this channel; filled from vendor_b (fallback).,No action needed. Tracked to monitor vendor coverage.,auto,[],,,,,,,
Q00148,CR00192,tiktok,"handle, follower_count, reach_rate, growth_rate, meaningful_eng_rate",PRIMARY_SOURCE_MISSING,YELLOW,"{'handle': 'vendor_b', 'follower_count': 'vendor_b', 'reach_rate': 'vendor_b', 'growth_rate': 'vendor_b', 'meaningful_eng_rate': 'vendor_b'}",,vendor_b,vendor_a has no record for this channel; filled from vendor_b (fallback).,No action needed. Tracked to monitor vendor coverage.,auto,[],,,,,,,
Q00149,CR00194,instagram,"handle, follower_count, reach_rate, meaningful_eng_rate",PRIMARY_SOURCE_MISSING,YELLOW,"{'handle': 'vendor_b', 'follower_count': 'vendor_b', 'reach_rate': 'vendor_b', 'meaningful_eng_rate': 'vendor_b'}",,vendor_b,vendor_a has no record for this channel; filled from vendor_b (fallback).,No action needed. Tracked to monitor vendor coverage.,auto,[],,,,,,,
Q00150,CR00194,tiktok,"handle, follower_count, reach_rate, growth_rate, meaningful_eng_rate",PRIMARY_SOURCE_MISSING,YELLOW,"{'handle': 'vendor_b', 'follower_count': 'vendor_b', 'reach_rate': 'vendor_b', 'growth_rate': 'vendor_b', 'meaningful_eng_rate': 'vendor_b'}",,vendor_b,vendor_a has no record for this channel; filled from vendor_b (fallback).,No action needed. Tracked to monitor vendor coverage.,auto,[],,,,,,,
Q00151,CR00197,tiktok,"handle, follower_count, reach_rate, meaningful_eng_rate",PRIMARY_SOURCE_MISSING,YELLOW,"{'handle': 'vendor_b', 'follower_count': 'vendor_b', 'reach_rate': 'vendor_b', 'meaningful_eng_rate': 'vendor_b'}",,vendor_b,vendor_a has no record for this channel; filled from vendor_b (fallback).,No action needed. Tracked to monitor vendor coverage.,auto,[],,,,,,,
Q00152,CR00202,instagram,"handle, follower_count, reach_rate, growth_rate, meaningful_eng_rate",PRIMARY_SOURCE_MISSING,YELLOW,"{'handle': 'vendor_b', 'follower_count': 'vendor_b', 'reach_rate': 'vendor_b', 'growth_rate': 'vendor_b', 'meaningful_eng_rate': 'vendor_b'}",,vendor_b,vendor_a has no record for this channel; filled from vendor_b (fallback).,No action needed. Tracked to monitor vendor coverage.,auto,[],,,,,,,
Q00153,CR00208,youtube,"handle, follower_count, reach_rate, meaningful_eng_rate",PRIMARY_SOURCE_MISSING,YELLOW,"{'handle': 'vendor_b', 'follower_count': 'vendor_b', 'reach_rate': 'vendor_b', 'meaningful_eng_rate': 'vendor_b'}",,vendor_b,vendor_a has no record for this channel; filled from vendor_b (fallback).,No action needed. Tracked to monitor vendor coverage.,auto,[],,,,,,,
Q00154,CR00212,tiktok,"handle, follower_count, reach_rate, growth_rate, meaningful_eng_rate",PRIMARY_SOURCE_MISSING,YELLOW,"{'handle': 'vendor_b', 'follower_count': 'vendor_b', 'reach_rate': 'vendor_b', 'growth_rate': 'vendor_b', 'meaningful_eng_rate': 'vendor_b'}",,vendor_b,vendor_a has no record for this channel; filled from vendor_b (fallback).,No action needed. Tracked to monitor vendor coverage.,auto,[],,,,,,,
Q00155,CR00215,instagram,meaningful_eng_rate,PRIMARY_SOURCE_MISSING,YELLOW,{'meaningful_eng_rate': 'vendor_b'},,vendor_b,vendor_a's record lacks a valid value for meaningful_eng_rate; filled from vendor_b (fallback).,No action needed. Tracked to monitor vendor coverage.,auto,[],,,,,,,
Q00156,CR00217,instagram,"handle, follower_count, reach_rate, growth_rate",PRIMARY_SOURCE_MISSING,YELLOW,"{'handle': 'vendor_b', 'follower_count': 'vendor_b', 'reach_rate': 'vendor_b', 'growth_rate': 'vendor_b'}",,vendor_b,vendor_a has no record for this channel; filled from vendor_b (fallback).,No action needed. Tracked to monitor vendor coverage.,auto,[],,,,,,,
Q00157,CR00223,tiktok,"handle, follower_count, reach_rate, growth_rate, meaningful_eng_rate",PRIMARY_SOURCE_MISSING,YELLOW,"{'handle': 'vendor_b', 'follower_count': 'vendor_b', 'reach_rate': 'vendor_b', 'growth_rate': 'vendor_b', 'meaningful_eng_rate': 'vendor_b'}",,vendor_b,vendor_a has no record for this channel; filled from vendor_b (fallback).,No action needed. Tracked to monitor vendor coverage.,auto,[],,,,,,,
Q00158,CR00224,instagram,"handle, follower_count, reach_rate, growth_rate, meaningful_eng_rate",PRIMARY_SOURCE_MISSING,YELLOW,"{'handle': 'vendor_b', 'follower_count': 'vendor_b', 'reach_rate': 'vendor_c', 'growth_rate': 'vendor_b', 'meaningful_eng_rate': 'vendor_b'}",,"vendor_b, vendor_c","vendor_a has no record for this channel; filled from vendor_b, vendor_c (fallback).",No action needed. Tracked to monitor vendor coverage.,auto,[],,,,,,,
Q00159,CR00224,tiktok,"handle, follower_count, reach_rate, growth_rate, meaningful_eng_rate",PRIMARY_SOURCE_MISSING,YELLOW,"{'handle': 'vendor_b', 'follower_count': 'vendor_b', 'reach_rate': 'vendor_b', 'growth_rate': 'vendor_b', 'meaningful_eng_rate': 'vendor_b'}",,vendor_b,vendor_a has no record for this channel; filled from vendor_b (fallback).,No action needed. Tracked to monitor vendor coverage.,auto,[],,,,,,,
Q00160,CR00227,tiktok,"handle, follower_count, reach_rate, growth_rate, meaningful_eng_rate",PRIMARY_SOURCE_MISSING,YELLOW,"{'handle': 'vendor_b', 'follower_count': 'vendor_b', 'reach_rate': 'vendor_b', 'growth_rate': 'vendor_b', 'meaningful_eng_rate': 'vendor_b'}",,vendor_b,vendor_a has no record for this channel; filled from vendor_b (fallback).,No action needed. Tracked to monitor vendor coverage.,auto,[],,,,,,,
Q00161,CR00230,youtube,"handle, follower_count, reach_rate, growth_rate, meaningful_eng_rate",PRIMARY_SOURCE_MISSING,YELLOW,"{'handle': 'vendor_c', 'follower_count': 'vendor_c', 'reach_rate': 'vendor_c', 'growth_rate': 'vendor_c', 'meaningful_eng_rate': 'vendor_c'}",,vendor_c,vendor_a has no record for this channel; filled from vendor_c (fallback).,No action needed. Tracked to monitor vendor coverage.,auto,[],,,,,,,
Q00162,CR00231,instagram,"handle, follower_count, reach_rate, growth_rate, meaningful_eng_rate",PRIMARY_SOURCE_MISSING,YELLOW,"{'handle': 'vendor_b', 'follower_count': 'vendor_b', 'reach_rate': 'vendor_b', 'growth_rate': 'vendor_c', 'meaningful_eng_rate': 'vendor_b'}",,"vendor_b, vendor_c","vendor_a has no record for this channel; filled from vendor_b, vendor_c (fallback).",No action needed. Tracked to monitor vendor coverage.,auto,[],,,,,,,
Q00163,CR00231,tiktok,"follower_count, reach_rate, growth_rate",PRIMARY_SOURCE_MISSING,YELLOW,"{'follower_count': 'vendor_c', 'reach_rate': 'vendor_c', 'growth_rate': 'vendor_c'}",,vendor_c,vendor_a has no record for this channel; filled from vendor_c (fallback).,No action needed. Tracked to monitor vendor coverage.,auto,[],,,,,,,
Q00164,CR00233,tiktok,"handle, follower_count, reach_rate, growth_rate, meaningful_eng_rate",PRIMARY_SOURCE_MISSING,YELLOW,"{'handle': 'vendor_b', 'follower_count': 'vendor_b', 'reach_rate': 'vendor_b', 'growth_rate': 'vendor_b', 'meaningful_eng_rate': 'vendor_b'}",,vendor_b,vendor_a has no record for this channel; filled from vendor_b (fallback).,No action needed. Tracked to monitor vendor coverage.,auto,[],,,,,,,
Q00165,CR00233,youtube,"follower_count, reach_rate, growth_rate, meaningful_eng_rate",PRIMARY_SOURCE_MISSING,YELLOW,"{'follower_count': 'vendor_c', 'reach_rate': 'vendor_c', 'growth_rate': 'vendor_c', 'meaningful_eng_rate': 'vendor_c'}",,vendor_c,vendor_a has no record for this channel; filled from vendor_c (fallback).,No action needed. Tracked to monitor vendor coverage.,auto,[],,,,,,,
Q00166,CR00235,instagram,"handle, follower_count, reach_rate, growth_rate",PRIMARY_SOURCE_MISSING,YELLOW,"{'handle': 'vendor_b', 'follower_count': 'vendor_b', 'reach_rate': 'vendor_b', 'growth_rate': 'vendor_b'}",,vendor_b,vendor_a has no record for this channel; filled from vendor_b (fallback).,No action needed. Tracked to monitor vendor coverage.,auto,[],,,,,,,
Q00167,CR00235,tiktok,handle,PRIMARY_SOURCE_MISSING,YELLOW,{'handle': 'vendor_c'},,vendor_c,vendor_a has no record for this channel; filled from vendor_c (fallback).,No action needed. Tracked to monitor vendor coverage.,auto,[],,,,,,,
Q00168,CR00246,instagram,"handle, meaningful_eng_rate",PRIMARY_SOURCE_MISSING,YELLOW,"{'handle': 'vendor_b', 'meaningful_eng_rate': 'vendor_b'}",,vendor_b,vendor_a has no record for this channel; filled from vendor_b (fallback).,No action needed. Tracked to monitor vendor coverage.,auto,[],,,,,,,
Q00169,CR00247,instagram,"handle, follower_count, reach_rate, growth_rate",PRIMARY_SOURCE_MISSING,YELLOW,"{'handle': 'vendor_b', 'follower_count': 'vendor_b', 'reach_rate': 'vendor_b', 'growth_rate': 'vendor_b'}",,vendor_b,vendor_a has no record for this channel; filled from vendor_b (fallback).,No action needed. Tracked to monitor vendor coverage.,auto,[],,,,,,,
Q00170,CR00248,youtube,"handle, follower_count, reach_rate, growth_rate, meaningful_eng_rate",PRIMARY_SOURCE_MISSING,YELLOW,"{'handle': 'vendor_b', 'follower_count': 'vendor_b', 'reach_rate': 'vendor_b', 'growth_rate': 'vendor_b', 'meaningful_eng_rate': 'vendor_b'}",,vendor_b,vendor_a has no record for this channel; filled from vendor_b (fallback).,No action needed. Tracked to monitor vendor coverage.,auto,[],,,,,,,
Q00171,CR00250,tiktok,"handle, meaningful_eng_rate",PRIMARY_SOURCE_MISSING,YELLOW,"{'handle': 'vendor_b', 'meaningful_eng_rate': 'vendor_b'}",,vendor_b,vendor_a has no record for this channel; filled from vendor_b (fallback).,No action needed. Tracked to monitor vendor coverage.,auto,[],,,,,,,
Q00172,CR00254,instagram,"handle, follower_count, reach_rate, growth_rate, meaningful_eng_rate",PRIMARY_SOURCE_MISSING,YELLOW,"{'handle': 'vendor_b', 'follower_count': 'vendor_b', 'reach_rate': 'vendor_b', 'growth_rate': 'vendor_b', 'meaningful_eng_rate': 'vendor_b'}",,vendor_b,vendor_a has no record for this channel; filled from vendor_b (fallback).,No action needed. Tracked to monitor vendor coverage.,auto,[],,,,,,,
Q00173,CR00257,instagram,"handle, follower_count, reach_rate, growth_rate",PRIMARY_SOURCE_MISSING,YELLOW,"{'handle': 'vendor_c', 'follower_count': 'vendor_c', 'reach_rate': 'vendor_c', 'growth_rate': 'vendor_c'}",,vendor_c,vendor_a has no record for this channel; filled from vendor_c (fallback).,No action needed. Tracked to monitor vendor coverage.,auto,[],,,,,,,
Q00174,CR00259,instagram,"handle, follower_count, reach_rate, growth_rate",PRIMARY_SOURCE_MISSING,YELLOW,"{'handle': 'vendor_b', 'follower_count': 'vendor_b', 'reach_rate': 'vendor_b', 'growth_rate': 'vendor_b'}",,vendor_b,vendor_a has no record for this channel; filled from vendor_b (fallback).,No action needed. Tracked to monitor vendor coverage.,auto,[],,,,,,,
Q00175,CR00259,tiktok,"handle, follower_count, reach_rate, meaningful_eng_rate",PRIMARY_SOURCE_MISSING,YELLOW,"{'handle': 'vendor_b', 'follower_count': 'vendor_b', 'reach_rate': 'vendor_b', 'meaningful_eng_rate': 'vendor_b'}",,vendor_b,vendor_a has no record for this channel; filled from vendor_b (fallback).,No action needed. Tracked to monitor vendor coverage.,auto,[],,,,,,,
Q00176,CR00260,tiktok,"handle, follower_count, reach_rate",PRIMARY_SOURCE_MISSING,YELLOW,"{'handle': 'vendor_b', 'follower_count': 'vendor_b', 'reach_rate': 'vendor_b'}",,vendor_b,vendor_a has no record for this channel; filled from vendor_b (fallback).,No action needed. Tracked to monitor vendor coverage.,auto,[],,,,,,,
Q00177,CR00260,youtube,"handle, follower_count, reach_rate, meaningful_eng_rate",PRIMARY_SOURCE_MISSING,YELLOW,"{'handle': 'vendor_b', 'follower_count': 'vendor_b', 'reach_rate': 'vendor_b', 'meaningful_eng_rate': 'vendor_b'}",,vendor_b,vendor_a's record is stale; filled from vendor_b (fallback).,No action needed. Tracked to monitor vendor coverage.,auto,[],,,,,,,
Q00178,CR00261,instagram,"handle, follower_count, reach_rate, growth_rate, meaningful_eng_rate",PRIMARY_SOURCE_MISSING,YELLOW,"{'handle': 'vendor_b', 'follower_count': 'vendor_b', 'reach_rate': 'vendor_b', 'growth_rate': 'vendor_b', 'meaningful_eng_rate': 'vendor_b'}",,vendor_b,vendor_a has no record for this channel; filled from vendor_b (fallback).,No action needed. Tracked to monitor vendor coverage.,auto,[],,,,,,,
Q00179,CR00266,instagram,"handle, follower_count, reach_rate, growth_rate, meaningful_eng_rate",PRIMARY_SOURCE_MISSING,YELLOW,"{'handle': 'vendor_b', 'follower_count': 'vendor_b', 'reach_rate': 'vendor_b', 'growth_rate': 'vendor_b', 'meaningful_eng_rate': 'vendor_b'}",,vendor_b,vendor_a has no record for this channel; filled from vendor_b (fallback).,No action needed. Tracked to monitor vendor coverage.,auto,[],,,,,,,
Q00180,CR00269,instagram,"handle, follower_count, reach_rate, growth_rate, meaningful_eng_rate",PRIMARY_SOURCE_MISSING,YELLOW,"{'handle': 'vendor_b', 'follower_count': 'vendor_b', 'reach_rate': 'vendor_b', 'growth_rate': 'vendor_b', 'meaningful_eng_rate': 'vendor_b'}",,vendor_b,vendor_a has no record for this channel; filled from vendor_b (fallback).,No action needed. Tracked to monitor vendor coverage.,auto,[],,,,,,,
Q00181,CR00271,tiktok,"handle, follower_count, reach_rate, growth_rate",PRIMARY_SOURCE_MISSING,YELLOW,"{'handle': 'vendor_b', 'follower_count': 'vendor_b', 'reach_rate': 'vendor_b', 'growth_rate': 'vendor_b'}",,vendor_b,vendor_a has no record for this channel; filled from vendor_b (fallback).,No action needed. Tracked to monitor vendor coverage.,auto,[],,,,,,,
Q00182,CR00272,instagram,"handle, follower_count, reach_rate, growth_rate",PRIMARY_SOURCE_MISSING,YELLOW,"{'handle': 'vendor_b', 'follower_count': 'vendor_b', 'reach_rate': 'vendor_b', 'growth_rate': 'vendor_b'}",,vendor_b,vendor_a has no record for this channel; filled from vendor_b (fallback).,No action needed. Tracked to monitor vendor coverage.,auto,[],,,,,,,
Q00183,CR00277,instagram,"handle, follower_count, reach_rate",PRIMARY_SOURCE_MISSING,YELLOW,"{'handle': 'vendor_b', 'follower_count': 'vendor_b', 'reach_rate': 'vendor_b'}",,vendor_b,vendor_a has no record for this channel; filled from vendor_b (fallback).,No action needed. Tracked to monitor vendor coverage.,auto,[],,,,,,,
Q00184,CR00277,tiktok,"handle, follower_count, reach_rate, growth_rate, meaningful_eng_rate",PRIMARY_SOURCE_MISSING,YELLOW,"{'handle': 'vendor_b', 'follower_count': 'vendor_b', 'reach_rate': 'vendor_b', 'growth_rate': 'vendor_b', 'meaningful_eng_rate': 'vendor_b'}",,vendor_b,vendor_a has no record for this channel; filled from vendor_b (fallback).,No action needed. Tracked to monitor vendor coverage.,auto,[],,,,,,,
Q00185,CR00279,instagram,"handle, follower_count, reach_rate, meaningful_eng_rate",PRIMARY_SOURCE_MISSING,YELLOW,"{'handle': 'vendor_b', 'follower_count': 'vendor_b', 'reach_rate': 'vendor_b', 'meaningful_eng_rate': 'vendor_b'}",,vendor_b,vendor_a's record is stale; filled from vendor_b (fallback).,No action needed. Tracked to monitor vendor coverage.,auto,[],,,,,,,
Q00186,CR00281,tiktok,"handle, follower_count",PRIMARY_SOURCE_MISSING,YELLOW,"{'handle': 'vendor_b', 'follower_count': 'vendor_b'}",,vendor_b,vendor_a has no record for this channel; filled from vendor_b (fallback).,No action needed. Tracked to monitor vendor coverage.,auto,[],,,,,,,
Q00187,CR00282,instagram,"handle, follower_count, reach_rate",PRIMARY_SOURCE_MISSING,YELLOW,"{'handle': 'vendor_b', 'follower_count': 'vendor_b', 'reach_rate': 'vendor_b'}",,vendor_b,vendor_a has no record for this channel; filled from vendor_b (fallback).,No action needed. Tracked to monitor vendor coverage.,auto,[],,,,,,,
Q00188,CR00282,tiktok,"handle, follower_count, reach_rate, growth_rate, meaningful_eng_rate",PRIMARY_SOURCE_MISSING,YELLOW,"{'handle': 'vendor_b', 'follower_count': 'vendor_b', 'reach_rate': 'vendor_b', 'growth_rate': 'vendor_b', 'meaningful_eng_rate': 'vendor_b'}",,vendor_b,vendor_a has no record for this channel; filled from vendor_b (fallback).,No action needed. Tracked to monitor vendor coverage.,auto,[],,,,,,,
Q00189,CR00283,instagram,"handle, follower_count, reach_rate",PRIMARY_SOURCE_MISSING,YELLOW,"{'handle': 'vendor_b', 'follower_count': 'vendor_b', 'reach_rate': 'vendor_b'}",,vendor_b,vendor_a has no record for this channel; filled from vendor_b (fallback).,No action needed. Tracked to monitor vendor coverage.,auto,[],,,,,,,
Q00190,CR00283,tiktok,"handle, follower_count, reach_rate, growth_rate, meaningful_eng_rate",PRIMARY_SOURCE_MISSING,YELLOW,"{'handle': 'vendor_b', 'follower_count': 'vendor_b', 'reach_rate': 'vendor_b', 'growth_rate': 'vendor_b', 'meaningful_eng_rate': 'vendor_b'}",,vendor_b,vendor_a has no record for this channel; filled from vendor_b (fallback).,No action needed. Tracked to monitor vendor coverage.,auto,[],,,,,,,
Q00191,CR00285,instagram,"handle, follower_count, reach_rate, growth_rate",PRIMARY_SOURCE_MISSING,YELLOW,"{'handle': 'vendor_b', 'follower_count': 'vendor_b', 'reach_rate': 'vendor_b', 'growth_rate': 'vendor_b'}",,vendor_b,vendor_a has no record for this channel; filled from vendor_b (fallback).,No action needed. Tracked to monitor vendor coverage.,auto,[],,,,,,,
Q00192,CR00285,tiktok,"handle, follower_count, reach_rate, growth_rate, meaningful_eng_rate",PRIMARY_SOURCE_MISSING,YELLOW,"{'handle': 'vendor_b', 'follower_count': 'vendor_b', 'reach_rate': 'vendor_b', 'growth_rate': 'vendor_b', 'meaningful_eng_rate': 'vendor_b'}",,vendor_b,vendor_a has no record for this channel; filled from vendor_b (fallback).,No action needed. Tracked to monitor vendor coverage.,auto,[],,,,,,,
Q00193,CR00286,instagram,"handle, follower_count, reach_rate, growth_rate, meaningful_eng_rate",PRIMARY_SOURCE_MISSING,YELLOW,"{'handle': 'vendor_b', 'follower_count': 'vendor_b', 'reach_rate': 'vendor_b', 'growth_rate': 'vendor_b', 'meaningful_eng_rate': 'vendor_b'}",,vendor_b,vendor_a has no record for this channel; filled from vendor_b (fallback).,No action needed. Tracked to monitor vendor coverage.,auto,[],,,,,,,
Q00194,CR00286,tiktok,"handle, follower_count, reach_rate, growth_rate, meaningful_eng_rate",PRIMARY_SOURCE_MISSING,YELLOW,"{'handle': 'vendor_b', 'follower_count': 'vendor_b', 'reach_rate': 'vendor_b', 'growth_rate': 'vendor_b', 'meaningful_eng_rate': 'vendor_b'}",,vendor_b,vendor_a has no record for this channel; filled from vendor_b (fallback).,No action needed. Tracked to monitor vendor coverage.,auto,[],,,,,,,
Q00195,CR00286,youtube,"handle, follower_count, reach_rate, growth_rate, meaningful_eng_rate",PRIMARY_SOURCE_MISSING,YELLOW,"{'handle': 'vendor_b', 'follower_count': 'vendor_b', 'reach_rate': 'vendor_b', 'growth_rate': 'vendor_b', 'meaningful_eng_rate': 'vendor_b'}",,vendor_b,vendor_a's record is stale; filled from vendor_b (fallback).,No action needed. Tracked to monitor vendor coverage.,auto,[],,,,,,,
Q00196,CR00287,tiktok,"handle, follower_count, reach_rate, growth_rate",PRIMARY_SOURCE_MISSING,YELLOW,"{'handle': 'vendor_b', 'follower_count': 'vendor_b', 'reach_rate': 'vendor_c', 'growth_rate': 'vendor_b'}",,"vendor_b, vendor_c","vendor_a has no record for this channel; filled from vendor_b, vendor_c (fallback).",No action needed. Tracked to monitor vendor coverage.,auto,[],,,,,,,
Q00197,CR00289,instagram,"handle, follower_count, reach_rate, growth_rate, meaningful_eng_rate",PRIMARY_SOURCE_MISSING,YELLOW,"{'handle': 'vendor_b', 'follower_count': 'vendor_b', 'reach_rate': 'vendor_b', 'growth_rate': 'vendor_b', 'meaningful_eng_rate': 'vendor_b'}",,vendor_b,vendor_a has no record for this channel; filled from vendor_b (fallback).,No action needed. Tracked to monitor vendor coverage.,auto,[],,,,,,,
Q00198,CR00289,tiktok,"handle, follower_count, reach_rate, growth_rate, meaningful_eng_rate",PRIMARY_SOURCE_MISSING,YELLOW,"{'handle': 'vendor_b', 'follower_count': 'vendor_b', 'reach_rate': 'vendor_b', 'growth_rate': 'vendor_b', 'meaningful_eng_rate': 'vendor_b'}",,vendor_b,vendor_a has no record for this channel; filled from vendor_b (fallback).,No action needed. Tracked to monitor vendor coverage.,auto,[],,,,,,,
Q00199,CR00291,instagram,"handle, follower_count, reach_rate, growth_rate, meaningful_eng_rate",PRIMARY_SOURCE_MISSING,YELLOW,"{'handle': 'vendor_b', 'follower_count': 'vendor_b', 'reach_rate': 'vendor_b', 'growth_rate': 'vendor_b', 'meaningful_eng_rate': 'vendor_b'}",,vendor_b,vendor_a has no record for this channel; filled from vendor_b (fallback).,No action needed. Tracked to monitor vendor coverage.,auto,[],,,,,,,
Q00200,CR00291,tiktok,"handle, follower_count, reach_rate, growth_rate, meaningful_eng_rate",PRIMARY_SOURCE_MISSING,YELLOW,"{'handle': 'vendor_b', 'follower_count': 'vendor_b', 'reach_rate': 'vendor_b', 'growth_rate': 'vendor_b', 'meaningful_eng_rate': 'vendor_b'}",,vendor_b,vendor_a has no record for this channel; filled from vendor_b (fallback).,No action needed. Tracked to monitor vendor coverage.,auto,[],,,,,,,
Q00201,CR00292,youtube,"handle, follower_count, reach_rate, meaningful_eng_rate",PRIMARY_SOURCE_MISSING,YELLOW,"{'handle': 'vendor_b', 'follower_count': 'vendor_b', 'reach_rate': 'vendor_b', 'meaningful_eng_rate': 'vendor_b'}",,vendor_b,vendor_a has no record for this channel; filled from vendor_b (fallback).,No action needed. Tracked to monitor vendor coverage.,auto,[],,,,,,,
Q00202,CR00293,tiktok,"handle, follower_count, reach_rate",PRIMARY_SOURCE_MISSING,YELLOW,"{'handle': 'vendor_c', 'follower_count': 'vendor_c', 'reach_rate': 'vendor_c'}",,vendor_c,vendor_a has no record for this channel; filled from vendor_c (fallback).,No action needed. Tracked to monitor vendor coverage.,auto,[],,,,,,,
Q00203,CR00293,youtube,"handle, follower_count, reach_rate, growth_rate, meaningful_eng_rate",PRIMARY_SOURCE_MISSING,YELLOW,"{'handle': 'vendor_c', 'follower_count': 'vendor_c', 'reach_rate': 'vendor_c', 'growth_rate': 'vendor_c', 'meaningful_eng_rate': 'vendor_c'}",,vendor_c,vendor_a has no record for this channel; filled from vendor_c (fallback).,No action needed. Tracked to monitor vendor coverage.,auto,[],,,,,,,
Q00204,CR00297,instagram,"handle, follower_count, reach_rate, growth_rate",PRIMARY_SOURCE_MISSING,YELLOW,"{'handle': 'vendor_b', 'follower_count': 'vendor_b', 'reach_rate': 'vendor_b', 'growth_rate': 'vendor_b'}",,vendor_b,vendor_a has no record for this channel; filled from vendor_b (fallback).,No action needed. Tracked to monitor vendor coverage.,auto,[],,,,,,,
Q00205,CR00298,instagram,"handle, follower_count, reach_rate, growth_rate, meaningful_eng_rate",PRIMARY_SOURCE_MISSING,YELLOW,"{'handle': 'vendor_b', 'follower_count': 'vendor_b', 'reach_rate': 'vendor_b', 'growth_rate': 'vendor_b', 'meaningful_eng_rate': 'vendor_b'}",,vendor_b,vendor_a has no record for this channel; filled from vendor_b (fallback).,No action needed. Tracked to monitor vendor coverage.,auto,[],,,,,,,
Q00206,CR00298,tiktok,"handle, follower_count, reach_rate, growth_rate, meaningful_eng_rate",PRIMARY_SOURCE_MISSING,YELLOW,"{'handle': 'vendor_b', 'follower_count': 'vendor_b', 'reach_rate': 'vendor_b', 'growth_rate': 'vendor_b', 'meaningful_eng_rate': 'vendor_b'}",,vendor_b,vendor_a has no record for this channel; filled from vendor_b (fallback).,No action needed. Tracked to monitor vendor coverage.,auto,[],,,,,,,
Q00207,CR00300,instagram,"handle, follower_count, reach_rate",PRIMARY_SOURCE_MISSING,YELLOW,"{'handle': 'vendor_c', 'follower_count': 'vendor_c', 'reach_rate': 'vendor_c'}",,vendor_c,vendor_a has no record for this channel; filled from vendor_c (fallback).,No action needed. Tracked to monitor vendor coverage.,auto,[],,,,,,,
Q00208,CR00300,tiktok,"handle, follower_count, reach_rate, growth_rate",PRIMARY_SOURCE_MISSING,YELLOW,"{'handle': 'vendor_b', 'follower_count': 'vendor_b', 'reach_rate': 'vendor_b', 'growth_rate': 'vendor_b'}",,vendor_b,vendor_a has no record for this channel; filled from vendor_b (fallback).,No action needed. Tracked to monitor vendor coverage.,auto,[],,,,,,,
Q00209,CR00302,instagram,"handle, follower_count, reach_rate, growth_rate, meaningful_eng_rate",PRIMARY_SOURCE_MISSING,YELLOW,"{'handle': 'vendor_b', 'follower_count': 'vendor_b', 'reach_rate': 'vendor_b', 'growth_rate': 'vendor_b', 'meaningful_eng_rate': 'vendor_b'}",,vendor_b,vendor_a has no record for this channel; filled from vendor_b (fallback).,No action needed. Tracked to monitor vendor coverage.,auto,[],,,,,,,
Q00210,CR00302,tiktok,"handle, follower_count, reach_rate, meaningful_eng_rate",PRIMARY_SOURCE_MISSING,YELLOW,"{'handle': 'vendor_b', 'follower_count': 'vendor_b', 'reach_rate': 'vendor_b', 'meaningful_eng_rate': 'vendor_b'}",,vendor_b,vendor_a has no record for this channel; filled from vendor_b (fallback).,No action needed. Tracked to monitor vendor coverage.,auto,[],,,,,,,
Q00211,CR00304,instagram,"handle, follower_count, reach_rate, growth_rate, meaningful_eng_rate",PRIMARY_SOURCE_MISSING,YELLOW,"{'handle': 'vendor_b', 'follower_count': 'vendor_b', 'reach_rate': 'vendor_b', 'growth_rate': 'vendor_b', 'meaningful_eng_rate': 'vendor_b'}",,vendor_b,vendor_a has no record for this channel; filled from vendor_b (fallback).,No action needed. Tracked to monitor vendor coverage.,auto,[],,,,,,,
Q00212,CR00305,tiktok,"handle, follower_count, growth_rate, meaningful_eng_rate",PRIMARY_SOURCE_MISSING,YELLOW,"{'handle': 'vendor_b', 'follower_count': 'vendor_b', 'growth_rate': 'vendor_b', 'meaningful_eng_rate': 'vendor_b'}",,vendor_b,vendor_a has no record for this channel; filled from vendor_b (fallback).,No action needed. Tracked to monitor vendor coverage.,auto,[],,,,,,,
Q00213,CR00313,tiktok,"handle, follower_count, reach_rate, growth_rate, meaningful_eng_rate",PRIMARY_SOURCE_MISSING,YELLOW,"{'handle': 'vendor_b', 'follower_count': 'vendor_b', 'reach_rate': 'vendor_b', 'growth_rate': 'vendor_b', 'meaningful_eng_rate': 'vendor_b'}",,vendor_b,vendor_a has no record for this channel; filled from vendor_b (fallback).,No action needed. Tracked to monitor vendor coverage.,auto,[],,,,,,,
Q00214,CR00315,instagram,"handle, follower_count, reach_rate, growth_rate",PRIMARY_SOURCE_MISSING,YELLOW,"{'handle': 'vendor_b', 'follower_count': 'vendor_b', 'reach_rate': 'vendor_b', 'growth_rate': 'vendor_b'}",,vendor_b,vendor_a has no record for this channel; filled from vendor_b (fallback).,No action needed. Tracked to monitor vendor coverage.,auto,[],,,,,,,
Q00215,CR00315,tiktok,"handle, follower_count, reach_rate, growth_rate, meaningful_eng_rate",PRIMARY_SOURCE_MISSING,YELLOW,"{'handle': 'vendor_b', 'follower_count': 'vendor_b', 'reach_rate': 'vendor_b', 'growth_rate': 'vendor_b', 'meaningful_eng_rate': 'vendor_b'}",,vendor_b,vendor_a has no record for this channel; filled from vendor_b (fallback).,No action needed. Tracked to monitor vendor coverage.,auto,[],,,,,,,
Q00216,CR00323,instagram,"handle, follower_count, reach_rate",PRIMARY_SOURCE_MISSING,YELLOW,"{'handle': 'vendor_b', 'follower_count': 'vendor_b', 'reach_rate': 'vendor_b'}",,vendor_b,vendor_a has no record for this channel; filled from vendor_b (fallback).,No action needed. Tracked to monitor vendor coverage.,auto,[],,,,,,,
Q00217,CR00323,tiktok,"handle, follower_count, reach_rate, growth_rate",PRIMARY_SOURCE_MISSING,YELLOW,"{'handle': 'vendor_b', 'follower_count': 'vendor_b', 'reach_rate': 'vendor_b', 'growth_rate': 'vendor_b'}",,vendor_b,vendor_a has no record for this channel; filled from vendor_b (fallback).,No action needed. Tracked to monitor vendor coverage.,auto,[],,,,,,,
Q00218,CR00325,instagram,"handle, follower_count, reach_rate, growth_rate",PRIMARY_SOURCE_MISSING,YELLOW,"{'handle': 'vendor_b', 'follower_count': 'vendor_b', 'reach_rate': 'vendor_b', 'growth_rate': 'vendor_b'}",,vendor_b,vendor_a has no record for this channel; filled from vendor_b (fallback).,No action needed. Tracked to monitor vendor coverage.,auto,[],,,,,,,
Q00219,CR00325,tiktok,"handle, follower_count, reach_rate, growth_rate, meaningful_eng_rate",PRIMARY_SOURCE_MISSING,YELLOW,"{'handle': 'vendor_b', 'follower_count': 'vendor_b', 'reach_rate': 'vendor_b', 'growth_rate': 'vendor_b', 'meaningful_eng_rate': 'vendor_b'}",,vendor_b,vendor_a has no record for this channel; filled from vendor_b (fallback).,No action needed. Tracked to monitor vendor coverage.,auto,[],,,,,,,
Q00220,CR00327,instagram,"handle, follower_count, reach_rate, growth_rate, meaningful_eng_rate",PRIMARY_SOURCE_MISSING,YELLOW,"{'handle': 'vendor_b', 'follower_count': 'vendor_b', 'reach_rate': 'vendor_b', 'growth_rate': 'vendor_b', 'meaningful_eng_rate': 'vendor_b'}",,vendor_b,vendor_a has no record for this channel; filled from vendor_b (fallback).,No action needed. Tracked to monitor vendor coverage.,auto,[],,,,,,,
Q00221,CR00327,tiktok,"handle, follower_count, reach_rate, growth_rate, meaningful_eng_rate",PRIMARY_SOURCE_MISSING,YELLOW,"{'handle': 'vendor_b', 'follower_count': 'vendor_b', 'reach_rate': 'vendor_b', 'growth_rate': 'vendor_b', 'meaningful_eng_rate': 'vendor_b'}",,vendor_b,vendor_a has no record for this channel; filled from vendor_b (fallback).,No action needed. Tracked to monitor vendor coverage.,auto,[],,,,,,,
Q00222,CR00328,instagram,"handle, follower_count, reach_rate, growth_rate, meaningful_eng_rate",PRIMARY_SOURCE_MISSING,YELLOW,"{'handle': 'vendor_b', 'follower_count': 'vendor_b', 'reach_rate': 'vendor_b', 'growth_rate': 'vendor_b', 'meaningful_eng_rate': 'vendor_b'}",,vendor_b,vendor_a has no record for this channel; filled from vendor_b (fallback).,No action needed. Tracked to monitor vendor coverage.,auto,[],,,,,,,
Q00223,CR00330,tiktok,"handle, follower_count, reach_rate, growth_rate",PRIMARY_SOURCE_MISSING,YELLOW,"{'handle': 'vendor_c', 'follower_count': 'vendor_c', 'reach_rate': 'vendor_c', 'growth_rate': 'vendor_c'}",,vendor_c,vendor_a has no record for this channel; filled from vendor_c (fallback).,No action needed. Tracked to monitor vendor coverage.,auto,[],,,,,,,
Q00224,CR00330,youtube,"handle, follower_count, reach_rate, growth_rate, meaningful_eng_rate",PRIMARY_SOURCE_MISSING,YELLOW,"{'handle': 'vendor_b', 'follower_count': 'vendor_b', 'reach_rate': 'vendor_b', 'growth_rate': 'vendor_c', 'meaningful_eng_rate': 'vendor_b'}",,"vendor_b, vendor_c","vendor_a has no record for this channel; filled from vendor_b, vendor_c (fallback).",No action needed. Tracked to monitor vendor coverage.,auto,[],,,,,,,
Q00225,CR00336,instagram,"handle, follower_count, reach_rate, growth_rate, meaningful_eng_rate",PRIMARY_SOURCE_MISSING,YELLOW,"{'handle': 'vendor_b', 'follower_count': 'vendor_b', 'reach_rate': 'vendor_b', 'growth_rate': 'vendor_b', 'meaningful_eng_rate': 'vendor_b'}",,vendor_b,vendor_a has no record for this channel; filled from vendor_b (fallback).,No action needed. Tracked to monitor vendor coverage.,auto,[],,,,,,,
Q00226,CR00338,tiktok,"handle, follower_count, reach_rate",PRIMARY_SOURCE_MISSING,YELLOW,"{'handle': 'vendor_b', 'follower_count': 'vendor_b', 'reach_rate': 'vendor_b'}",,vendor_b,vendor_a has no record for this channel; filled from vendor_b (fallback).,No action needed. Tracked to monitor vendor coverage.,auto,[],,,,,,,
Q00227,CR00339,tiktok,"handle, follower_count, reach_rate, growth_rate, meaningful_eng_rate",PRIMARY_SOURCE_MISSING,YELLOW,"{'handle': 'vendor_b', 'follower_count': 'vendor_b', 'reach_rate': 'vendor_b', 'growth_rate': 'vendor_b', 'meaningful_eng_rate': 'vendor_b'}",,vendor_b,vendor_a has no record for this channel; filled from vendor_b (fallback).,No action needed. Tracked to monitor vendor coverage.,auto,[],,,,,,,
Q00228,CR00340,instagram,"handle, follower_count, reach_rate, growth_rate",PRIMARY_SOURCE_MISSING,YELLOW,"{'handle': 'vendor_c', 'follower_count': 'vendor_b', 'reach_rate': 'vendor_b', 'growth_rate': 'vendor_b'}",,"vendor_b, vendor_c","vendor_a has no record for this channel; filled from vendor_b, vendor_c (fallback).",No action needed. Tracked to monitor vendor coverage.,auto,[],,,,,,,
Q00229,CR00340,tiktok,"handle, follower_count, reach_rate, meaningful_eng_rate",PRIMARY_SOURCE_MISSING,YELLOW,"{'handle': 'vendor_b', 'follower_count': 'vendor_b', 'reach_rate': 'vendor_b', 'meaningful_eng_rate': 'vendor_b'}",,vendor_b,vendor_a has no record for this channel; filled from vendor_b (fallback).,No action needed. Tracked to monitor vendor coverage.,auto,[],,,,,,,
Q00230,CR00345,instagram,"handle, follower_count, reach_rate, growth_rate",PRIMARY_SOURCE_MISSING,YELLOW,"{'handle': 'vendor_b', 'follower_count': 'vendor_b', 'reach_rate': 'vendor_b', 'growth_rate': 'vendor_b'}",,vendor_b,vendor_a has no record for this channel; filled from vendor_b (fallback).,No action needed. Tracked to monitor vendor coverage.,auto,[],,,,,,,
Q00231,CR00346,tiktok,"handle, follower_count, reach_rate, growth_rate, meaningful_eng_rate",PRIMARY_SOURCE_MISSING,YELLOW,"{'handle': 'vendor_b', 'follower_count': 'vendor_b', 'reach_rate': 'vendor_b', 'growth_rate': 'vendor_c', 'meaningful_eng_rate': 'vendor_b'}",,"vendor_b, vendor_c","vendor_a has no record for this channel; filled from vendor_b, vendor_c (fallback).",No action needed. Tracked to monitor vendor coverage.,auto,[],,,,,,,
Q00232,CR00347,instagram,"handle, follower_count, reach_rate, meaningful_eng_rate",PRIMARY_SOURCE_MISSING,YELLOW,"{'handle': 'vendor_b', 'follower_count': 'vendor_b', 'reach_rate': 'vendor_b', 'meaningful_eng_rate': 'vendor_b'}",,vendor_b,vendor_a has no record for this channel; filled from vendor_b (fallback).,No action needed. Tracked to monitor vendor coverage.,auto,[],,,,,,,
Q00233,CR00350,youtube,"follower_count, reach_rate, growth_rate",PRIMARY_SOURCE_MISSING,YELLOW,"{'follower_count': 'vendor_b', 'reach_rate': 'vendor_b', 'growth_rate': 'vendor_b'}",,vendor_b,vendor_a's record is stale; filled from vendor_b (fallback).,No action needed. Tracked to monitor vendor coverage.,auto,[],,,,,,,
Q00234,CR00351,tiktok,"handle, follower_count, reach_rate, growth_rate, meaningful_eng_rate",PRIMARY_SOURCE_MISSING,YELLOW,"{'handle': 'vendor_b', 'follower_count': 'vendor_b', 'reach_rate': 'vendor_b', 'growth_rate': 'vendor_b', 'meaningful_eng_rate': 'vendor_b'}",,vendor_b,vendor_a has no record for this channel; filled from vendor_b (fallback).,No action needed. Tracked to monitor vendor coverage.,auto,[],,,,,,,
Q00235,CR00352,instagram,"handle, follower_count, reach_rate, meaningful_eng_rate",PRIMARY_SOURCE_MISSING,YELLOW,"{'handle': 'vendor_b', 'follower_count': 'vendor_b', 'reach_rate': 'vendor_b', 'meaningful_eng_rate': 'vendor_b'}",,vendor_b,vendor_a has no record for this channel; filled from vendor_b (fallback).,No action needed. Tracked to monitor vendor coverage.,auto,[],,,,,,,
Q00236,CR00352,youtube,"reach_rate, meaningful_eng_rate",PRIMARY_SOURCE_MISSING,YELLOW,"{'reach_rate': 'vendor_b', 'meaningful_eng_rate': 'vendor_b'}",,vendor_b,"vendor_a's record lacks a valid value for reach_rate, meaningful_eng_rate; filled from vendor_b (fallback).",No action needed. Tracked to monitor vendor coverage.,auto,[],,,,,,,
Q00237,CR00353,tiktok,"handle, follower_count, reach_rate, growth_rate, meaningful_eng_rate",PRIMARY_SOURCE_MISSING,YELLOW,"{'handle': 'vendor_b', 'follower_count': 'vendor_b', 'reach_rate': 'vendor_b', 'growth_rate': 'vendor_b', 'meaningful_eng_rate': 'vendor_b'}",,vendor_b,vendor_a has no record for this channel; filled from vendor_b (fallback).,No action needed. Tracked to monitor vendor coverage.,auto,[],,,,,,,
Q00238,CR00354,instagram,"handle, follower_count, reach_rate, growth_rate, meaningful_eng_rate",PRIMARY_SOURCE_MISSING,YELLOW,"{'handle': 'vendor_b', 'follower_count': 'vendor_b', 'reach_rate': 'vendor_b', 'growth_rate': 'vendor_b', 'meaningful_eng_rate': 'vendor_b'}",,vendor_b,vendor_a has no record for this channel; filled from vendor_b (fallback).,No action needed. Tracked to monitor vendor coverage.,auto,[],,,,,,,
Q00239,CR00356,instagram,"handle, follower_count, reach_rate, growth_rate, meaningful_eng_rate",PRIMARY_SOURCE_MISSING,YELLOW,"{'handle': 'vendor_b', 'follower_count': 'vendor_b', 'reach_rate': 'vendor_b', 'growth_rate': 'vendor_b', 'meaningful_eng_rate': 'vendor_b'}",,vendor_b,vendor_a has no record for this channel; filled from vendor_b (fallback).,No action needed. Tracked to monitor vendor coverage.,auto,[],,,,,,,
Q00240,CR00356,youtube,"handle, meaningful_eng_rate",PRIMARY_SOURCE_MISSING,YELLOW,"{'handle': 'vendor_b', 'meaningful_eng_rate': 'vendor_b'}",,vendor_b,vendor_a has no record for this channel; filled from vendor_b (fallback).,No action needed. Tracked to monitor vendor coverage.,auto,[],,,,,,,
Q00241,CR00357,instagram,handle,PRIMARY_SOURCE_MISSING,YELLOW,{'handle': 'vendor_c'},,vendor_c,vendor_a has no record for this channel; filled from vendor_c (fallback).,No action needed. Tracked to monitor vendor coverage.,auto,[],,,,,,,
Q00242,CR00359,tiktok,handle,PRIMARY_SOURCE_MISSING,YELLOW,{'handle': 'vendor_c'},,vendor_c,vendor_a has no record for this channel; filled from vendor_c (fallback).,No action needed. Tracked to monitor vendor coverage.,auto,[],,,,,,,
Q00243,CR00360,instagram,"handle, follower_count, reach_rate, growth_rate, meaningful_eng_rate",PRIMARY_SOURCE_MISSING,YELLOW,"{'handle': 'vendor_b', 'follower_count': 'vendor_b', 'reach_rate': 'vendor_b', 'growth_rate': 'vendor_b', 'meaningful_eng_rate': 'vendor_b'}",,vendor_b,vendor_a has no record for this channel; filled from vendor_b (fallback).,No action needed. Tracked to monitor vendor coverage.,auto,[],,,,,,,
Q00244,CR00366,instagram,"handle, follower_count, reach_rate, growth_rate, meaningful_eng_rate",PRIMARY_SOURCE_MISSING,YELLOW,"{'handle': 'vendor_b', 'follower_count': 'vendor_b', 'reach_rate': 'vendor_b', 'growth_rate': 'vendor_b', 'meaningful_eng_rate': 'vendor_b'}",,vendor_b,vendor_a has no record for this channel; filled from vendor_b (fallback).,No action needed. Tracked to monitor vendor coverage.,auto,[],,,,,,,
Q00245,CR00369,instagram,"handle, follower_count, reach_rate, growth_rate, meaningful_eng_rate",PRIMARY_SOURCE_MISSING,YELLOW,"{'handle': 'vendor_b', 'follower_count': 'vendor_b', 'reach_rate': 'vendor_b', 'growth_rate': 'vendor_b', 'meaningful_eng_rate': 'vendor_b'}",,vendor_b,vendor_a has no record for this channel; filled from vendor_b (fallback).,No action needed. Tracked to monitor vendor coverage.,auto,[],,,,,,,
Q00246,CR00371,instagram,meaningful_eng_rate,PRIMARY_SOURCE_MISSING,YELLOW,{'meaningful_eng_rate': 'vendor_b'},,vendor_b,vendor_a's record lacks a valid value for meaningful_eng_rate; filled from vendor_b (fallback).,No action needed. Tracked to monitor vendor coverage.,auto,[],,,,,,,
Q00247,CR00373,youtube,follower_count,PRIMARY_SOURCE_MISSING,YELLOW,{'follower_count': 'vendor_c'},,vendor_c,vendor_a's record lacks a valid value for follower_count; filled from vendor_c (fallback).,No action needed. Tracked to monitor vendor coverage.,auto,[],,,,,,,
Q00248,CR00377,instagram,meaningful_eng_rate,PRIMARY_SOURCE_MISSING,YELLOW,{'meaningful_eng_rate': 'vendor_b'},,vendor_b,vendor_a has no record for this channel; filled from vendor_b (fallback).,No action needed. Tracked to monitor vendor coverage.,auto,[],,,,,,,
Q00249,CR00377,tiktok,"handle, follower_count, reach_rate, growth_rate, meaningful_eng_rate",PRIMARY_SOURCE_MISSING,YELLOW,"{'handle': 'vendor_b', 'follower_count': 'vendor_b', 'reach_rate': 'vendor_b', 'growth_rate': 'vendor_b', 'meaningful_eng_rate': 'vendor_b'}",,vendor_b,vendor_a has no record for this channel; filled from vendor_b (fallback).,No action needed. Tracked to monitor vendor coverage.,auto,[],,,,,,,
Q00250,CR00379,tiktok,"handle, follower_count, reach_rate, growth_rate, meaningful_eng_rate",PRIMARY_SOURCE_MISSING,YELLOW,"{'handle': 'vendor_b', 'follower_count': 'vendor_b', 'reach_rate': 'vendor_b', 'growth_rate': 'vendor_b', 'meaningful_eng_rate': 'vendor_b'}",,vendor_b,vendor_a has no record for this channel; filled from vendor_b (fallback).,No action needed. Tracked to monitor vendor coverage.,auto,[],,,,,,,
Q00251,CR00380,youtube,handle,PRIMARY_SOURCE_MISSING,YELLOW,{'handle': 'vendor_c'},,vendor_c,vendor_a's record lacks a valid value for handle; filled from vendor_c (fallback).,No action needed. Tracked to monitor vendor coverage.,auto,[],,,,,,,
Q00252,CR00381,instagram,"handle, follower_count, reach_rate, growth_rate, meaningful_eng_rate",PRIMARY_SOURCE_MISSING,YELLOW,"{'handle': 'vendor_b', 'follower_count': 'vendor_b', 'reach_rate': 'vendor_b', 'growth_rate': 'vendor_c', 'meaningful_eng_rate': 'vendor_b'}",,"vendor_b, vendor_c","vendor_a has no record for this channel; filled from vendor_b, vendor_c (fallback).",No action needed. Tracked to monitor vendor coverage.,auto,[],,,,,,,
Q00253,CR00381,tiktok,"handle, follower_count, reach_rate, growth_rate, meaningful_eng_rate",PRIMARY_SOURCE_MISSING,YELLOW,"{'handle': 'vendor_b', 'follower_count': 'vendor_b', 'reach_rate': 'vendor_b', 'growth_rate': 'vendor_b', 'meaningful_eng_rate': 'vendor_b'}",,vendor_b,vendor_a has no record for this channel; filled from vendor_b (fallback).,No action needed. Tracked to monitor vendor coverage.,auto,[],,,,,,,
Q00254,CR00383,tiktok,"follower_count, reach_rate, growth_rate",PRIMARY_SOURCE_MISSING,YELLOW,"{'follower_count': 'vendor_b', 'reach_rate': 'vendor_b', 'growth_rate': 'vendor_b'}",,vendor_b,"vendor_a's record lacks a valid value for follower_count, reach_rate, growth_rate; filled from vendor_b (fallback).",No action needed. Tracked to monitor vendor coverage.,auto,[],,,,,,,
Q00255,CR00386,tiktok,"handle, follower_count, reach_rate, growth_rate, meaningful_eng_rate",PRIMARY_SOURCE_MISSING,YELLOW,"{'handle': 'vendor_b', 'follower_count': 'vendor_b', 'reach_rate': 'vendor_b', 'growth_rate': 'vendor_b', 'meaningful_eng_rate': 'vendor_b'}",,vendor_b,vendor_a has no record for this channel; filled from vendor_b (fallback).,No action needed. Tracked to monitor vendor coverage.,auto,[],,,,,,,
Q00256,CR00393,instagram,"handle, follower_count, reach_rate, growth_rate, meaningful_eng_rate",PRIMARY_SOURCE_MISSING,YELLOW,"{'handle': 'vendor_b', 'follower_count': 'vendor_b', 'reach_rate': 'vendor_b', 'growth_rate': 'vendor_b', 'meaningful_eng_rate': 'vendor_b'}",,vendor_b,vendor_a has no record for this channel; filled from vendor_b (fallback).,No action needed. Tracked to monitor vendor coverage.,auto,[],,,,,,,
Q00257,CR00393,tiktok,"handle, follower_count, reach_rate, growth_rate",PRIMARY_SOURCE_MISSING,YELLOW,"{'handle': 'vendor_b', 'follower_count': 'vendor_b', 'reach_rate': 'vendor_b', 'growth_rate': 'vendor_b'}",,vendor_b,vendor_a has no record for this channel; filled from vendor_b (fallback).,No action needed. Tracked to monitor vendor coverage.,auto,[],,,,,,,
Q00258,CR00394,instagram,"handle, follower_count, reach_rate, growth_rate",PRIMARY_SOURCE_MISSING,YELLOW,"{'handle': 'vendor_c', 'follower_count': 'vendor_c', 'reach_rate': 'vendor_c', 'growth_rate': 'vendor_c'}",,vendor_c,vendor_a has no record for this channel; filled from vendor_c (fallback).,No action needed. Tracked to monitor vendor coverage.,auto,[],,,,,,,
Q00259,CR00395,instagram,handle,PRIMARY_SOURCE_MISSING,YELLOW,{'handle': 'vendor_b'},,vendor_b,vendor_a has no record for this channel; filled from vendor_b (fallback).,No action needed. Tracked to monitor vendor coverage.,auto,[],,,,,,,
Q00260,CR00396,instagram,"handle, follower_count, reach_rate, growth_rate, meaningful_eng_rate",PRIMARY_SOURCE_MISSING,YELLOW,"{'handle': 'vendor_b', 'follower_count': 'vendor_b', 'reach_rate': 'vendor_b', 'growth_rate': 'vendor_b', 'meaningful_eng_rate': 'vendor_b'}",,vendor_b,vendor_a has no record for this channel; filled from vendor_b (fallback).,No action needed. Tracked to monitor vendor coverage.,auto,[],,,,,,,
Q00261,CR00399,instagram,reach_rate,PRIMARY_SOURCE_MISSING,YELLOW,{'reach_rate': 'vendor_b'},,vendor_b,vendor_a's record lacks a valid value for reach_rate; filled from vendor_b (fallback).,No action needed. Tracked to monitor vendor coverage.,auto,[],,,,,,,
Q00262,CR00399,tiktok,"handle, follower_count, reach_rate, growth_rate, meaningful_eng_rate",PRIMARY_SOURCE_MISSING,YELLOW,"{'handle': 'vendor_b', 'follower_count': 'vendor_b', 'reach_rate': 'vendor_b', 'growth_rate': 'vendor_b', 'meaningful_eng_rate': 'vendor_b'}",,vendor_b,vendor_a has no record for this channel; filled from vendor_b (fallback).,No action needed. Tracked to monitor vendor coverage.,auto,[],,,,,,,
Q00263,CR00400,instagram,"handle, follower_count, reach_rate, meaningful_eng_rate",PRIMARY_SOURCE_MISSING,YELLOW,"{'handle': 'vendor_b', 'follower_count': 'vendor_b', 'reach_rate': 'vendor_b', 'meaningful_eng_rate': 'vendor_b'}",,vendor_b,vendor_a has no record for this channel; filled from vendor_b (fallback).,No action needed. Tracked to monitor vendor coverage.,auto,[],,,,,,,
Q00264,CR00401,instagram,meaningful_eng_rate,PRIMARY_SOURCE_MISSING,YELLOW,{'meaningful_eng_rate': 'vendor_b'},,vendor_b,vendor_a has no record for this channel; filled from vendor_b (fallback).,No action needed. Tracked to monitor vendor coverage.,auto,[],,,,,,,
Q00265,CR00401,tiktok,"handle, follower_count, reach_rate, growth_rate, meaningful_eng_rate",PRIMARY_SOURCE_MISSING,YELLOW,"{'handle': 'vendor_b', 'follower_count': 'vendor_b', 'reach_rate': 'vendor_b', 'growth_rate': 'vendor_b', 'meaningful_eng_rate': 'vendor_b'}",,vendor_b,vendor_a has no record for this channel; filled from vendor_b (fallback).,No action needed. Tracked to monitor vendor coverage.,auto,[],,,,,,,
Q00266,CR00403,instagram,"handle, follower_count, reach_rate, growth_rate",PRIMARY_SOURCE_MISSING,YELLOW,"{'handle': 'vendor_b', 'follower_count': 'vendor_b', 'reach_rate': 'vendor_b', 'growth_rate': 'vendor_b'}",,vendor_b,vendor_a has no record for this channel; filled from vendor_b (fallback).,No action needed. Tracked to monitor vendor coverage.,auto,[],,,,,,,
Q00267,CR00403,tiktok,"handle, follower_count, meaningful_eng_rate",PRIMARY_SOURCE_MISSING,YELLOW,"{'handle': 'vendor_b', 'follower_count': 'vendor_c', 'meaningful_eng_rate': 'vendor_b'}",,"vendor_b, vendor_c","vendor_a has no record for this channel; filled from vendor_b, vendor_c (fallback).",No action needed. Tracked to monitor vendor coverage.,auto,[],,,,,,,
Q00268,CR00404,instagram,meaningful_eng_rate,PRIMARY_SOURCE_MISSING,YELLOW,{'meaningful_eng_rate': 'vendor_b'},,vendor_b,vendor_a's record lacks a valid value for meaningful_eng_rate; filled from vendor_b (fallback).,No action needed. Tracked to monitor vendor coverage.,auto,[],,,,,,,
Q00269,CR00404,tiktok,"handle, follower_count, reach_rate, growth_rate",PRIMARY_SOURCE_MISSING,YELLOW,"{'handle': 'vendor_b', 'follower_count': 'vendor_b', 'reach_rate': 'vendor_b', 'growth_rate': 'vendor_b'}",,vendor_b,vendor_a has no record for this channel; filled from vendor_b (fallback).,No action needed. Tracked to monitor vendor coverage.,auto,[],,,,,,,
Q00270,CR00407,instagram,"handle, follower_count, reach_rate, meaningful_eng_rate",PRIMARY_SOURCE_MISSING,YELLOW,"{'handle': 'vendor_b', 'follower_count': 'vendor_b', 'reach_rate': 'vendor_b', 'meaningful_eng_rate': 'vendor_b'}",,vendor_b,vendor_a has no record for this channel; filled from vendor_b (fallback).,No action needed. Tracked to monitor vendor coverage.,auto,[],,,,,,,
Q00271,CR00407,tiktok,"handle, follower_count, reach_rate, growth_rate, meaningful_eng_rate",PRIMARY_SOURCE_MISSING,YELLOW,"{'handle': 'vendor_b', 'follower_count': 'vendor_b', 'reach_rate': 'vendor_b', 'growth_rate': 'vendor_b', 'meaningful_eng_rate': 'vendor_b'}",,vendor_b,vendor_a has no record for this channel; filled from vendor_b (fallback).,No action needed. Tracked to monitor vendor coverage.,auto,[],,,,,,,
Q00272,CR00407,youtube,"handle, follower_count, growth_rate",PRIMARY_SOURCE_MISSING,YELLOW,"{'handle': 'vendor_c', 'follower_count': 'vendor_c', 'growth_rate': 'vendor_c'}",,vendor_c,vendor_a has no record for this channel; filled from vendor_c (fallback).,No action needed. Tracked to monitor vendor coverage.,auto,[],,,,,,,
Q00273,CR00412,instagram,"handle, follower_count, reach_rate, growth_rate",PRIMARY_SOURCE_MISSING,YELLOW,"{'handle': 'vendor_c', 'follower_count': 'vendor_c', 'reach_rate': 'vendor_c', 'growth_rate': 'vendor_c'}",,vendor_c,vendor_a has no record for this channel; filled from vendor_c (fallback).,No action needed. Tracked to monitor vendor coverage.,auto,[],,,,,,,
Q00274,CR00417,instagram,"handle, follower_count, reach_rate, growth_rate",PRIMARY_SOURCE_MISSING,YELLOW,"{'handle': 'vendor_b', 'follower_count': 'vendor_b', 'reach_rate': 'vendor_b', 'growth_rate': 'vendor_b'}",,vendor_b,vendor_a has no record for this channel; filled from vendor_b (fallback).,No action needed. Tracked to monitor vendor coverage.,auto,[],,,,,,,
Q00275,CR00417,youtube,meaningful_eng_rate,PRIMARY_SOURCE_MISSING,YELLOW,{'meaningful_eng_rate': 'vendor_c'},,vendor_c,vendor_a's record lacks a valid value for meaningful_eng_rate; filled from vendor_c (fallback).,No action needed. Tracked to monitor vendor coverage.,auto,[],,,,,,,
Q00276,CR00422,instagram,"handle, follower_count, reach_rate, growth_rate, meaningful_eng_rate",PRIMARY_SOURCE_MISSING,YELLOW,"{'handle': 'vendor_b', 'follower_count': 'vendor_b', 'reach_rate': 'vendor_b', 'growth_rate': 'vendor_b', 'meaningful_eng_rate': 'vendor_b'}",,vendor_b,vendor_a has no record for this channel; filled from vendor_b (fallback).,No action needed. Tracked to monitor vendor coverage.,auto,[],,,,,,,
Q00277,CR00422,tiktok,"handle, follower_count, reach_rate, meaningful_eng_rate",PRIMARY_SOURCE_MISSING,YELLOW,"{'handle': 'vendor_b', 'follower_count': 'vendor_b', 'reach_rate': 'vendor_b', 'meaningful_eng_rate': 'vendor_b'}",,vendor_b,vendor_a has no record for this channel; filled from vendor_b (fallback).,No action needed. Tracked to monitor vendor coverage.,auto,[],,,,,,,
Q00278,CR00424,instagram,"handle, follower_count, reach_rate, growth_rate, meaningful_eng_rate",PRIMARY_SOURCE_MISSING,YELLOW,"{'handle': 'vendor_b', 'follower_count': 'vendor_b', 'reach_rate': 'vendor_b', 'growth_rate': 'vendor_b', 'meaningful_eng_rate': 'vendor_b'}",,vendor_b,vendor_a has no record for this channel; filled from vendor_b (fallback).,No action needed. Tracked to monitor vendor coverage.,auto,[],,,,,,,
Q00279,CR00424,tiktok,"handle, follower_count, reach_rate, growth_rate, meaningful_eng_rate",PRIMARY_SOURCE_MISSING,YELLOW,"{'handle': 'vendor_b', 'follower_count': 'vendor_b', 'reach_rate': 'vendor_b', 'growth_rate': 'vendor_b', 'meaningful_eng_rate': 'vendor_b'}",,vendor_b,vendor_a's record is stale; filled from vendor_b (fallback).,No action needed. Tracked to monitor vendor coverage.,auto,[],,,,,,,
Q00280,CR00430,tiktok,"handle, follower_count, reach_rate, growth_rate, meaningful_eng_rate",PRIMARY_SOURCE_MISSING,YELLOW,"{'handle': 'vendor_b', 'follower_count': 'vendor_c', 'reach_rate': 'vendor_c', 'growth_rate': 'vendor_c', 'meaningful_eng_rate': 'vendor_b'}",,"vendor_b, vendor_c","vendor_a has no record for this channel; filled from vendor_b, vendor_c (fallback).",No action needed. Tracked to monitor vendor coverage.,auto,[],,,,,,,
Q00281,CR00431,tiktok,"handle, follower_count, reach_rate, growth_rate",PRIMARY_SOURCE_MISSING,YELLOW,"{'handle': 'vendor_b', 'follower_count': 'vendor_b', 'reach_rate': 'vendor_b', 'growth_rate': 'vendor_b'}",,vendor_b,vendor_a has no record for this channel; filled from vendor_b (fallback).,No action needed. Tracked to monitor vendor coverage.,auto,[],,,,,,,
Q00282,CR00432,instagram,"handle, follower_count, reach_rate, growth_rate, meaningful_eng_rate",PRIMARY_SOURCE_MISSING,YELLOW,"{'handle': 'vendor_b', 'follower_count': 'vendor_b', 'reach_rate': 'vendor_b', 'growth_rate': 'vendor_b', 'meaningful_eng_rate': 'vendor_b'}",,vendor_b,vendor_a has no record for this channel; filled from vendor_b (fallback).,No action needed. Tracked to monitor vendor coverage.,auto,[],,,,,,,
Q00283,CR00433,tiktok,"handle, follower_count, reach_rate, growth_rate, meaningful_eng_rate",PRIMARY_SOURCE_MISSING,YELLOW,"{'handle': 'vendor_b', 'follower_count': 'vendor_b', 'reach_rate': 'vendor_b', 'growth_rate': 'vendor_b', 'meaningful_eng_rate': 'vendor_b'}",,vendor_b,vendor_a has no record for this channel; filled from vendor_b (fallback).,No action needed. Tracked to monitor vendor coverage.,auto,[],,,,,,,
Q00284,CR00437,instagram,"handle, follower_count, reach_rate, growth_rate, meaningful_eng_rate",PRIMARY_SOURCE_MISSING,YELLOW,"{'handle': 'vendor_b', 'follower_count': 'vendor_b', 'reach_rate': 'vendor_b', 'growth_rate': 'vendor_b', 'meaningful_eng_rate': 'vendor_b'}",,vendor_b,vendor_a has no record for this channel; filled from vendor_b (fallback).,No action needed. Tracked to monitor vendor coverage.,auto,[],,,,,,,
Q00285,CR00437,tiktok,"handle, follower_count, reach_rate, growth_rate, meaningful_eng_rate",PRIMARY_SOURCE_MISSING,YELLOW,"{'handle': 'vendor_b', 'follower_count': 'vendor_b', 'reach_rate': 'vendor_b', 'growth_rate': 'vendor_b', 'meaningful_eng_rate': 'vendor_b'}",,vendor_b,vendor_a has no record for this channel; filled from vendor_b (fallback).,No action needed. Tracked to monitor vendor coverage.,auto,[],,,,,,,
Q00286,CR00437,youtube,"handle, follower_count, reach_rate, growth_rate",PRIMARY_SOURCE_MISSING,YELLOW,"{'handle': 'vendor_b', 'follower_count': 'vendor_b', 'reach_rate': 'vendor_b', 'growth_rate': 'vendor_b'}",,vendor_b,vendor_a has no record for this channel; filled from vendor_b (fallback).,No action needed. Tracked to monitor vendor coverage.,auto,[],,,,,,,
Q00287,CR00442,instagram,"handle, follower_count, reach_rate, growth_rate, meaningful_eng_rate",PRIMARY_SOURCE_MISSING,YELLOW,"{'handle': 'vendor_b', 'follower_count': 'vendor_b', 'reach_rate': 'vendor_b', 'growth_rate': 'vendor_b', 'meaningful_eng_rate': 'vendor_b'}",,vendor_b,vendor_a has no record for this channel; filled from vendor_b (fallback).,No action needed. Tracked to monitor vendor coverage.,auto,[],,,,,,,
Q00288,CR00442,tiktok,"handle, follower_count, reach_rate, growth_rate, meaningful_eng_rate",PRIMARY_SOURCE_MISSING,YELLOW,"{'handle': 'vendor_b', 'follower_count': 'vendor_b', 'reach_rate': 'vendor_b', 'growth_rate': 'vendor_b', 'meaningful_eng_rate': 'vendor_b'}",,vendor_b,vendor_a has no record for this channel; filled from vendor_b (fallback).,No action needed. Tracked to monitor vendor coverage.,auto,[],,,,,,,
Q00289,CR00444,instagram,"handle, follower_count, reach_rate, growth_rate, meaningful_eng_rate",PRIMARY_SOURCE_MISSING,YELLOW,"{'handle': 'vendor_b', 'follower_count': 'vendor_b', 'reach_rate': 'vendor_b', 'growth_rate': 'vendor_c', 'meaningful_eng_rate': 'vendor_b'}",,"vendor_b, vendor_c","vendor_a has no record for this channel; filled from vendor_b, vendor_c (fallback).",No action needed. Tracked to monitor vendor coverage.,auto,[],,,,,,,
Q00290,CR00445,instagram,"handle, follower_count, reach_rate, growth_rate, meaningful_eng_rate",PRIMARY_SOURCE_MISSING,YELLOW,"{'handle': 'vendor_b', 'follower_count': 'vendor_b', 'reach_rate': 'vendor_b', 'growth_rate': 'vendor_b', 'meaningful_eng_rate': 'vendor_b'}",,vendor_b,vendor_a has no record for this channel; filled from vendor_b (fallback).,No action needed. Tracked to monitor vendor coverage.,auto,[],,,,,,,
Q00291,CR00446,instagram,"handle, follower_count, reach_rate, growth_rate, meaningful_eng_rate",PRIMARY_SOURCE_MISSING,YELLOW,"{'handle': 'vendor_b', 'follower_count': 'vendor_b', 'reach_rate': 'vendor_b', 'growth_rate': 'vendor_c', 'meaningful_eng_rate': 'vendor_b'}",,"vendor_b, vendor_c","vendor_a has no record for this channel; filled from vendor_b, vendor_c (fallback).",No action needed. Tracked to monitor vendor coverage.,auto,[],,,,,,,
Q00292,CR00446,tiktok,"handle, follower_count, reach_rate, growth_rate",PRIMARY_SOURCE_MISSING,YELLOW,"{'handle': 'vendor_b', 'follower_count': 'vendor_b', 'reach_rate': 'vendor_b', 'growth_rate': 'vendor_b'}",,vendor_b,vendor_a has no record for this channel; filled from vendor_b (fallback).,No action needed. Tracked to monitor vendor coverage.,auto,[],,,,,,,
Q00293,CR00448,instagram,"handle, follower_count, reach_rate, meaningful_eng_rate",PRIMARY_SOURCE_MISSING,YELLOW,"{'handle': 'vendor_b', 'follower_count': 'vendor_b', 'reach_rate': 'vendor_b', 'meaningful_eng_rate': 'vendor_b'}",,vendor_b,vendor_a has no record for this channel; filled from vendor_b (fallback).,No action needed. Tracked to monitor vendor coverage.,auto,[],,,,,,,
Q00294,CR00449,instagram,"handle, follower_count, reach_rate, growth_rate, meaningful_eng_rate",PRIMARY_SOURCE_MISSING,YELLOW,"{'handle': 'vendor_b', 'follower_count': 'vendor_b', 'reach_rate': 'vendor_b', 'growth_rate': 'vendor_b', 'meaningful_eng_rate': 'vendor_b'}",,vendor_b,vendor_a has no record for this channel; filled from vendor_b (fallback).,No action needed. Tracked to monitor vendor coverage.,auto,[],,,,,,,
Q00295,CR00449,tiktok,"handle, follower_count, reach_rate, growth_rate, meaningful_eng_rate",PRIMARY_SOURCE_MISSING,YELLOW,"{'handle': 'vendor_b', 'follower_count': 'vendor_b', 'reach_rate': 'vendor_b', 'growth_rate': 'vendor_b', 'meaningful_eng_rate': 'vendor_b'}",,vendor_b,vendor_a has no record for this channel; filled from vendor_b (fallback).,No action needed. Tracked to monitor vendor coverage.,auto,[],,,,,,,
Q00296,CR00457,instagram,"handle, follower_count, reach_rate, growth_rate",PRIMARY_SOURCE_MISSING,YELLOW,"{'handle': 'vendor_b', 'follower_count': 'vendor_b', 'reach_rate': 'vendor_b', 'growth_rate': 'vendor_b'}",,vendor_b,vendor_a has no record for this channel; filled from vendor_b (fallback).,No action needed. Tracked to monitor vendor coverage.,auto,[],,,,,,,
Q00297,CR00457,tiktok,"handle, follower_count, growth_rate",PRIMARY_SOURCE_MISSING,YELLOW,"{'handle': 'vendor_c', 'follower_count': 'vendor_c', 'growth_rate': 'vendor_c'}",,vendor_c,vendor_a has no record for this channel; filled from vendor_c (fallback).,No action needed. Tracked to monitor vendor coverage.,auto,[],,,,,,,
Q00298,CR00458,instagram,"handle, follower_count, reach_rate, growth_rate",PRIMARY_SOURCE_MISSING,YELLOW,"{'handle': 'vendor_c', 'follower_count': 'vendor_c', 'reach_rate': 'vendor_c', 'growth_rate': 'vendor_c'}",,vendor_c,vendor_a has no record for this channel; filled from vendor_c (fallback).,No action needed. Tracked to monitor vendor coverage.,auto,[],,,,,,,
Q00299,CR00460,tiktok,"handle, follower_count, reach_rate, growth_rate, meaningful_eng_rate",PRIMARY_SOURCE_MISSING,YELLOW,"{'handle': 'vendor_b', 'follower_count': 'vendor_b', 'reach_rate': 'vendor_b', 'growth_rate': 'vendor_b', 'meaningful_eng_rate': 'vendor_b'}",,vendor_b,vendor_a has no record for this channel; filled from vendor_b (fallback).,No action needed. Tracked to monitor vendor coverage.,auto,[],,,,,,,
Q00300,CR00461,tiktok,"handle, follower_count, reach_rate, growth_rate, meaningful_eng_rate",PRIMARY_SOURCE_MISSING,YELLOW,"{'handle': 'vendor_b', 'follower_count': 'vendor_b', 'reach_rate': 'vendor_b', 'growth_rate': 'vendor_b', 'meaningful_eng_rate': 'vendor_b'}",,vendor_b,vendor_a has no record for this channel; filled from vendor_b (fallback).,No action needed. Tracked to monitor vendor coverage.,auto,[],,,,,,,
Q00301,CR00463,instagram,"handle, follower_count, reach_rate, growth_rate, meaningful_eng_rate",PRIMARY_SOURCE_MISSING,YELLOW,"{'handle': 'vendor_b', 'follower_count': 'vendor_b', 'reach_rate': 'vendor_b', 'growth_rate': 'vendor_b', 'meaningful_eng_rate': 'vendor_b'}",,vendor_b,vendor_a has no record for this channel; filled from vendor_b (fallback).,No action needed. Tracked to monitor vendor coverage.,auto,[],,,,,,,
Q00302,CR00463,tiktok,meaningful_eng_rate,PRIMARY_SOURCE_MISSING,YELLOW,{'meaningful_eng_rate': 'vendor_b'},,vendor_b,vendor_a's record lacks a valid value for meaningful_eng_rate; filled from vendor_b (fallback).,No action needed. Tracked to monitor vendor coverage.,auto,[],,,,,,,
Q00303,CR00465,instagram,"handle, follower_count, reach_rate, growth_rate, meaningful_eng_rate",PRIMARY_SOURCE_MISSING,YELLOW,"{'handle': 'vendor_b', 'follower_count': 'vendor_b', 'reach_rate': 'vendor_b', 'growth_rate': 'vendor_b', 'meaningful_eng_rate': 'vendor_b'}",,vendor_b,vendor_a has no record for this channel; filled from vendor_b (fallback).,No action needed. Tracked to monitor vendor coverage.,auto,[],,,,,,,
Q00304,CR00465,tiktok,"handle, meaningful_eng_rate",PRIMARY_SOURCE_MISSING,YELLOW,"{'handle': 'vendor_b', 'meaningful_eng_rate': 'vendor_b'}",,vendor_b,vendor_a has no record for this channel; filled from vendor_b (fallback).,No action needed. Tracked to monitor vendor coverage.,auto,[],,,,,,,
Q00305,CR00471,instagram,handle,PRIMARY_SOURCE_MISSING,YELLOW,{'handle': 'vendor_b'},,vendor_b,vendor_a's record lacks a valid value for handle; filled from vendor_b (fallback).,No action needed. Tracked to monitor vendor coverage.,auto,[],,,,,,,
Q00306,CR00475,instagram,"handle, follower_count, reach_rate, growth_rate",PRIMARY_SOURCE_MISSING,YELLOW,"{'handle': 'vendor_b', 'follower_count': 'vendor_b', 'reach_rate': 'vendor_b', 'growth_rate': 'vendor_b'}",,vendor_b,vendor_a has no record for this channel; filled from vendor_b (fallback).,No action needed. Tracked to monitor vendor coverage.,auto,[],,,,,,,
Q00307,CR00476,instagram,"handle, follower_count, reach_rate, meaningful_eng_rate",PRIMARY_SOURCE_MISSING,YELLOW,"{'handle': 'vendor_b', 'follower_count': 'vendor_b', 'reach_rate': 'vendor_b', 'meaningful_eng_rate': 'vendor_b'}",,vendor_b,vendor_a has no record for this channel; filled from vendor_b (fallback).,No action needed. Tracked to monitor vendor coverage.,auto,[],,,,,,,
Q00308,CR00477,instagram,"handle, follower_count, reach_rate, growth_rate, meaningful_eng_rate",PRIMARY_SOURCE_MISSING,YELLOW,"{'handle': 'vendor_b', 'follower_count': 'vendor_b', 'reach_rate': 'vendor_b', 'growth_rate': 'vendor_b', 'meaningful_eng_rate': 'vendor_b'}",,vendor_b,vendor_a has no record for this channel; filled from vendor_b (fallback).,No action needed. Tracked to monitor vendor coverage.,auto,[],,,,,,,
Q00309,CR00481,instagram,"handle, follower_count, reach_rate, growth_rate, meaningful_eng_rate",PRIMARY_SOURCE_MISSING,YELLOW,"{'handle': 'vendor_b', 'follower_count': 'vendor_b', 'reach_rate': 'vendor_b', 'growth_rate': 'vendor_b', 'meaningful_eng_rate': 'vendor_b'}",,vendor_b,vendor_a has no record for this channel; filled from vendor_b (fallback).,No action needed. Tracked to monitor vendor coverage.,auto,[],,,,,,,
Q00310,CR00483,youtube,"handle, follower_count, reach_rate, growth_rate, meaningful_eng_rate",PRIMARY_SOURCE_MISSING,YELLOW,"{'handle': 'vendor_b', 'follower_count': 'vendor_b', 'reach_rate': 'vendor_b', 'growth_rate': 'vendor_b', 'meaningful_eng_rate': 'vendor_b'}",,vendor_b,vendor_a has no record for this channel; filled from vendor_b (fallback).,No action needed. Tracked to monitor vendor coverage.,auto,[],,,,,,,
Q00311,CR00488,instagram,"handle, follower_count, reach_rate, growth_rate, meaningful_eng_rate",PRIMARY_SOURCE_MISSING,YELLOW,"{'handle': 'vendor_b', 'follower_count': 'vendor_b', 'reach_rate': 'vendor_b', 'growth_rate': 'vendor_b', 'meaningful_eng_rate': 'vendor_b'}",,vendor_b,vendor_a has no record for this channel; filled from vendor_b (fallback).,No action needed. Tracked to monitor vendor coverage.,auto,[],,,,,,,
Q00312,CR00494,tiktok,"handle, follower_count, reach_rate, growth_rate",PRIMARY_SOURCE_MISSING,YELLOW,"{'handle': 'vendor_b', 'follower_count': 'vendor_b', 'reach_rate': 'vendor_b', 'growth_rate': 'vendor_b'}",,vendor_b,vendor_a has no record for this channel; filled from vendor_b (fallback).,No action needed. Tracked to monitor vendor coverage.,auto,[],,,,,,,
Q00313,CR00495,tiktok,"handle, follower_count, reach_rate, growth_rate, meaningful_eng_rate",PRIMARY_SOURCE_MISSING,YELLOW,"{'handle': 'vendor_b', 'follower_count': 'vendor_b', 'reach_rate': 'vendor_b', 'growth_rate': 'vendor_b', 'meaningful_eng_rate': 'vendor_b'}",,vendor_b,vendor_a has no record for this channel; filled from vendor_b (fallback).,No action needed. Tracked to monitor vendor coverage.,auto,[],,,,,,,
Q00314,CR00501,tiktok,"handle, follower_count, reach_rate, growth_rate, meaningful_eng_rate",PRIMARY_SOURCE_MISSING,YELLOW,"{'handle': 'vendor_b', 'follower_count': 'vendor_b', 'reach_rate': 'vendor_b', 'growth_rate': 'vendor_b', 'meaningful_eng_rate': 'vendor_b'}",,vendor_b,vendor_a has no record for this channel; filled from vendor_b (fallback).,No action needed. Tracked to monitor vendor coverage.,auto,[],,,,,,,
Q00315,CR00504,tiktok,"handle, follower_count, reach_rate, growth_rate, meaningful_eng_rate",PRIMARY_SOURCE_MISSING,YELLOW,"{'handle': 'vendor_b', 'follower_count': 'vendor_b', 'reach_rate': 'vendor_b', 'growth_rate': 'vendor_b', 'meaningful_eng_rate': 'vendor_b'}",,vendor_b,vendor_a has no record for this channel; filled from vendor_b (fallback).,No action needed. Tracked to monitor vendor coverage.,auto,[],,,,,,,
Q00316,CR00508,instagram,"handle, follower_count, reach_rate, growth_rate",PRIMARY_SOURCE_MISSING,YELLOW,"{'handle': 'vendor_b', 'follower_count': 'vendor_b', 'reach_rate': 'vendor_b', 'growth_rate': 'vendor_b'}",,vendor_b,vendor_a has no record for this channel; filled from vendor_b (fallback).,No action needed. Tracked to monitor vendor coverage.,auto,[],,,,,,,
Q00317,CR00508,tiktok,"handle, follower_count, growth_rate, meaningful_eng_rate",PRIMARY_SOURCE_MISSING,YELLOW,"{'handle': 'vendor_b', 'follower_count': 'vendor_b', 'growth_rate': 'vendor_b', 'meaningful_eng_rate': 'vendor_b'}",,vendor_b,vendor_a has no record for this channel; filled from vendor_b (fallback).,No action needed. Tracked to monitor vendor coverage.,auto,[],,,,,,,
Q00318,CR00509,instagram,"handle, follower_count, reach_rate, growth_rate, meaningful_eng_rate",PRIMARY_SOURCE_MISSING,YELLOW,"{'handle': 'vendor_b', 'follower_count': 'vendor_b', 'reach_rate': 'vendor_b', 'growth_rate': 'vendor_b', 'meaningful_eng_rate': 'vendor_b'}",,vendor_b,vendor_a has no record for this channel; filled from vendor_b (fallback).,No action needed. Tracked to monitor vendor coverage.,auto,[],,,,,,,
Q00319,CR00509,tiktok,"handle, follower_count, reach_rate, growth_rate, meaningful_eng_rate",PRIMARY_SOURCE_MISSING,YELLOW,"{'handle': 'vendor_b', 'follower_count': 'vendor_b', 'reach_rate': 'vendor_b', 'growth_rate': 'vendor_b', 'meaningful_eng_rate': 'vendor_b'}",,vendor_b,vendor_a has no record for this channel; filled from vendor_b (fallback).,No action needed. Tracked to monitor vendor coverage.,auto,[],,,,,,,
Q00320,CR00510,tiktok,"handle, follower_count, reach_rate, meaningful_eng_rate",PRIMARY_SOURCE_MISSING,YELLOW,"{'handle': 'vendor_b', 'follower_count': 'vendor_b', 'reach_rate': 'vendor_b', 'meaningful_eng_rate': 'vendor_b'}",,vendor_b,vendor_a has no record for this channel; filled from vendor_b (fallback).,No action needed. Tracked to monitor vendor coverage.,auto,[],,,,,,,
Q00321,CR00510,youtube,meaningful_eng_rate,PRIMARY_SOURCE_MISSING,YELLOW,{'meaningful_eng_rate': 'vendor_b'},,vendor_b,vendor_a's record lacks a valid value for meaningful_eng_rate; filled from vendor_b (fallback).,No action needed. Tracked to monitor vendor coverage.,auto,[],,,,,,,
Q00322,CR00511,instagram,"handle, follower_count, reach_rate, growth_rate, meaningful_eng_rate",PRIMARY_SOURCE_MISSING,YELLOW,"{'handle': 'vendor_b', 'follower_count': 'vendor_b', 'reach_rate': 'vendor_b', 'growth_rate': 'vendor_b', 'meaningful_eng_rate': 'vendor_b'}",,vendor_b,vendor_a has no record for this channel; filled from vendor_b (fallback).,No action needed. Tracked to monitor vendor coverage.,auto,[],,,,,,,
Q00323,CR00511,tiktok,"handle, follower_count, reach_rate, growth_rate, meaningful_eng_rate",PRIMARY_SOURCE_MISSING,YELLOW,"{'handle': 'vendor_b', 'follower_count': 'vendor_b', 'reach_rate': 'vendor_b', 'growth_rate': 'vendor_b', 'meaningful_eng_rate': 'vendor_b'}",,vendor_b,vendor_a has no record for this channel; filled from vendor_b (fallback).,No action needed. Tracked to monitor vendor coverage.,auto,[],,,,,,,
Q00324,CR00512,tiktok,"handle, follower_count, reach_rate, growth_rate",PRIMARY_SOURCE_MISSING,YELLOW,"{'handle': 'vendor_b', 'follower_count': 'vendor_b', 'reach_rate': 'vendor_b', 'growth_rate': 'vendor_b'}",,vendor_b,vendor_a has no record for this channel; filled from vendor_b (fallback).,No action needed. Tracked to monitor vendor coverage.,auto,[],,,,,,,
Q00325,CR00517,instagram,"handle, follower_count, reach_rate, growth_rate, meaningful_eng_rate",PRIMARY_SOURCE_MISSING,YELLOW,"{'handle': 'vendor_b', 'follower_count': 'vendor_b', 'reach_rate': 'vendor_b', 'growth_rate': 'vendor_b', 'meaningful_eng_rate': 'vendor_b'}",,vendor_b,vendor_a has no record for this channel; filled from vendor_b (fallback).,No action needed. Tracked to monitor vendor coverage.,auto,[],,,,,,,
Q00326,CR00519,instagram,"handle, follower_count, reach_rate, growth_rate, meaningful_eng_rate",PRIMARY_SOURCE_MISSING,YELLOW,"{'handle': 'vendor_b', 'follower_count': 'vendor_b', 'reach_rate': 'vendor_b', 'growth_rate': 'vendor_b', 'meaningful_eng_rate': 'vendor_b'}",,vendor_b,vendor_a has no record for this channel; filled from vendor_b (fallback).,No action needed. Tracked to monitor vendor coverage.,auto,[],,,,,,,
Q00327,CR00523,tiktok,handle,PRIMARY_SOURCE_MISSING,YELLOW,{'handle': 'vendor_c'},,vendor_c,vendor_a has no record for this channel; filled from vendor_c (fallback).,No action needed. Tracked to monitor vendor coverage.,auto,[],,,,,,,
Q00328,CR00523,youtube,"handle, follower_count, reach_rate, growth_rate, meaningful_eng_rate",PRIMARY_SOURCE_MISSING,YELLOW,"{'handle': 'vendor_b', 'follower_count': 'vendor_b', 'reach_rate': 'vendor_b', 'growth_rate': 'vendor_b', 'meaningful_eng_rate': 'vendor_b'}",,vendor_b,vendor_a has no record for this channel; filled from vendor_b (fallback).,No action needed. Tracked to monitor vendor coverage.,auto,[],,,,,,,
Q00329,CR00525,instagram,"handle, follower_count, reach_rate, growth_rate",PRIMARY_SOURCE_MISSING,YELLOW,"{'handle': 'vendor_b', 'follower_count': 'vendor_b', 'reach_rate': 'vendor_b', 'growth_rate': 'vendor_b'}",,vendor_b,vendor_a has no record for this channel; filled from vendor_b (fallback).,No action needed. Tracked to monitor vendor coverage.,auto,[],,,,,,,
Q00330,CR00525,tiktok,"handle, follower_count, growth_rate, meaningful_eng_rate",PRIMARY_SOURCE_MISSING,YELLOW,"{'handle': 'vendor_b', 'follower_count': 'vendor_b', 'growth_rate': 'vendor_b', 'meaningful_eng_rate': 'vendor_b'}",,vendor_b,vendor_a has no record for this channel; filled from vendor_b (fallback).,No action needed. Tracked to monitor vendor coverage.,auto,[],,,,,,,
Q00331,CR00525,youtube,meaningful_eng_rate,PRIMARY_SOURCE_MISSING,YELLOW,{'meaningful_eng_rate': 'vendor_b'},,vendor_b,vendor_a's record lacks a valid value for meaningful_eng_rate; filled from vendor_b (fallback).,No action needed. Tracked to monitor vendor coverage.,auto,[],,,,,,,
Q00332,CR00526,instagram,"handle, follower_count, reach_rate",PRIMARY_SOURCE_MISSING,YELLOW,"{'handle': 'vendor_c', 'follower_count': 'vendor_c', 'reach_rate': 'vendor_c'}",,vendor_c,vendor_a has no record for this channel; filled from vendor_c (fallback).,No action needed. Tracked to monitor vendor coverage.,auto,[],,,,,,,
Q00333,CR00527,instagram,"handle, follower_count, reach_rate, growth_rate, meaningful_eng_rate",PRIMARY_SOURCE_MISSING,YELLOW,"{'handle': 'vendor_b', 'follower_count': 'vendor_b', 'reach_rate': 'vendor_b', 'growth_rate': 'vendor_b', 'meaningful_eng_rate': 'vendor_b'}",,vendor_b,vendor_a has no record for this channel; filled from vendor_b (fallback).,No action needed. Tracked to monitor vendor coverage.,auto,[],,,,,,,
Q00334,CR00530,tiktok,"handle, follower_count, reach_rate, growth_rate, meaningful_eng_rate",PRIMARY_SOURCE_MISSING,YELLOW,"{'handle': 'vendor_b', 'follower_count': 'vendor_b', 'reach_rate': 'vendor_b', 'growth_rate': 'vendor_b', 'meaningful_eng_rate': 'vendor_b'}",,vendor_b,vendor_a has no record for this channel; filled from vendor_b (fallback).,No action needed. Tracked to monitor vendor coverage.,auto,[],,,,,,,
Q00335,CR00530,youtube,handle,PRIMARY_SOURCE_MISSING,YELLOW,{'handle': 'vendor_b'},,vendor_b,vendor_a's record lacks a valid value for handle; filled from vendor_b (fallback).,No action needed. Tracked to monitor vendor coverage.,auto,[],,,,,,,
Q00336,CR00533,tiktok,"handle, follower_count, reach_rate, growth_rate, meaningful_eng_rate",PRIMARY_SOURCE_MISSING,YELLOW,"{'handle': 'vendor_b', 'follower_count': 'vendor_b', 'reach_rate': 'vendor_b', 'growth_rate': 'vendor_b', 'meaningful_eng_rate': 'vendor_b'}",,vendor_b,vendor_a has no record for this channel; filled from vendor_b (fallback).,No action needed. Tracked to monitor vendor coverage.,auto,[],,,,,,,
Q00337,CR00535,tiktok,"handle, follower_count, reach_rate, growth_rate",PRIMARY_SOURCE_MISSING,YELLOW,"{'handle': 'vendor_b', 'follower_count': 'vendor_b', 'reach_rate': 'vendor_b', 'growth_rate': 'vendor_b'}",,vendor_b,vendor_a has no record for this channel; filled from vendor_b (fallback).,No action needed. Tracked to monitor vendor coverage.,auto,[],,,,,,,
Q00338,CR00538,tiktok,"handle, follower_count, reach_rate, growth_rate, meaningful_eng_rate",PRIMARY_SOURCE_MISSING,YELLOW,"{'handle': 'vendor_b', 'follower_count': 'vendor_b', 'reach_rate': 'vendor_b', 'growth_rate': 'vendor_b', 'meaningful_eng_rate': 'vendor_b'}",,vendor_b,vendor_a's record is stale; filled from vendor_b (fallback).,No action needed. Tracked to monitor vendor coverage.,auto,[],,,,,,,
Q00339,CR00539,instagram,"handle, follower_count, reach_rate, growth_rate",PRIMARY_SOURCE_MISSING,YELLOW,"{'handle': 'vendor_b', 'follower_count': 'vendor_b', 'reach_rate': 'vendor_b', 'growth_rate': 'vendor_b'}",,vendor_b,vendor_a has no record for this channel; filled from vendor_b (fallback).,No action needed. Tracked to monitor vendor coverage.,auto,[],,,,,,,
Q00340,CR00540,instagram,"handle, follower_count, reach_rate, growth_rate, meaningful_eng_rate",PRIMARY_SOURCE_MISSING,YELLOW,"{'handle': 'vendor_b', 'follower_count': 'vendor_b', 'reach_rate': 'vendor_b', 'growth_rate': 'vendor_b', 'meaningful_eng_rate': 'vendor_b'}",,vendor_b,vendor_a has no record for this channel; filled from vendor_b (fallback).,No action needed. Tracked to monitor vendor coverage.,auto,[],,,,,,,
Q00341,CR00541,instagram,"handle, follower_count, growth_rate",PRIMARY_SOURCE_MISSING,YELLOW,"{'handle': 'vendor_b', 'follower_count': 'vendor_b', 'growth_rate': 'vendor_b'}",,vendor_b,vendor_a has no record for this channel; filled from vendor_b (fallback).,No action needed. Tracked to monitor vendor coverage.,auto,[],,,,,,,
Q00342,CR00541,tiktok,"handle, follower_count, reach_rate, growth_rate, meaningful_eng_rate",PRIMARY_SOURCE_MISSING,YELLOW,"{'handle': 'vendor_b', 'follower_count': 'vendor_b', 'reach_rate': 'vendor_b', 'growth_rate': 'vendor_b', 'meaningful_eng_rate': 'vendor_b'}",,vendor_b,vendor_a has no record for this channel; filled from vendor_b (fallback).,No action needed. Tracked to monitor vendor coverage.,auto,[],,,,,,,
Q00343,CR00542,instagram,handle,PRIMARY_SOURCE_MISSING,YELLOW,{'handle': 'vendor_b'},,vendor_b,vendor_a's record lacks a valid value for handle; filled from vendor_b (fallback).,No action needed. Tracked to monitor vendor coverage.,auto,[],,,,,,,
Q00344,CR00542,tiktok,"handle, follower_count, reach_rate, growth_rate",PRIMARY_SOURCE_MISSING,YELLOW,"{'handle': 'vendor_b', 'follower_count': 'vendor_b', 'reach_rate': 'vendor_b', 'growth_rate': 'vendor_b'}",,vendor_b,vendor_a has no record for this channel; filled from vendor_b (fallback).,No action needed. Tracked to monitor vendor coverage.,auto,[],,,,,,,
Q00345,CR00546,tiktok,"handle, follower_count, reach_rate, growth_rate, meaningful_eng_rate",PRIMARY_SOURCE_MISSING,YELLOW,"{'handle': 'vendor_b', 'follower_count': 'vendor_b', 'reach_rate': 'vendor_b', 'growth_rate': 'vendor_b', 'meaningful_eng_rate': 'vendor_b'}",,vendor_b,vendor_a has no record for this channel; filled from vendor_b (fallback).,No action needed. Tracked to monitor vendor coverage.,auto,[],,,,,,,
Q00346,CR00550,instagram,"handle, follower_count, reach_rate, growth_rate",PRIMARY_SOURCE_MISSING,YELLOW,"{'handle': 'vendor_b', 'follower_count': 'vendor_b', 'reach_rate': 'vendor_b', 'growth_rate': 'vendor_b'}",,vendor_b,vendor_a has no record for this channel; filled from vendor_b (fallback).,No action needed. Tracked to monitor vendor coverage.,auto,[],,,,,,,
Q00347,CR00551,instagram,"handle, follower_count, growth_rate, meaningful_eng_rate",PRIMARY_SOURCE_MISSING,YELLOW,"{'handle': 'vendor_b', 'follower_count': 'vendor_b', 'growth_rate': 'vendor_b', 'meaningful_eng_rate': 'vendor_b'}",,vendor_b,vendor_a has no record for this channel; filled from vendor_b (fallback).,No action needed. Tracked to monitor vendor coverage.,auto,[],,,,,,,
Q00348,CR00552,tiktok,"handle, follower_count, growth_rate, meaningful_eng_rate",PRIMARY_SOURCE_MISSING,YELLOW,"{'handle': 'vendor_b', 'follower_count': 'vendor_b', 'growth_rate': 'vendor_b', 'meaningful_eng_rate': 'vendor_b'}",,vendor_b,vendor_a has no record for this channel; filled from vendor_b (fallback).,No action needed. Tracked to monitor vendor coverage.,auto,[],,,,,,,
Q00349,CR00553,instagram,"handle, follower_count, reach_rate, growth_rate",PRIMARY_SOURCE_MISSING,YELLOW,"{'handle': 'vendor_b', 'follower_count': 'vendor_b', 'reach_rate': 'vendor_b', 'growth_rate': 'vendor_b'}",,vendor_b,vendor_a has no record for this channel; filled from vendor_b (fallback).,No action needed. Tracked to monitor vendor coverage.,auto,[],,,,,,,
Q00350,CR00557,instagram,"handle, follower_count, reach_rate, growth_rate",PRIMARY_SOURCE_MISSING,YELLOW,"{'handle': 'vendor_b', 'follower_count': 'vendor_b', 'reach_rate': 'vendor_b', 'growth_rate': 'vendor_b'}",,vendor_b,vendor_a has no record for this channel; filled from vendor_b (fallback).,No action needed. Tracked to monitor vendor coverage.,auto,[],,,,,,,
Q00351,CR00557,tiktok,"handle, follower_count, reach_rate, growth_rate, meaningful_eng_rate",PRIMARY_SOURCE_MISSING,YELLOW,"{'handle': 'vendor_b', 'follower_count': 'vendor_b', 'reach_rate': 'vendor_b', 'growth_rate': 'vendor_c', 'meaningful_eng_rate': 'vendor_b'}",,"vendor_b, vendor_c","vendor_a has no record for this channel; filled from vendor_b, vendor_c (fallback).",No action needed. Tracked to monitor vendor coverage.,auto,[],,,,,,,
Q00352,CR00559,instagram,"handle, follower_count, reach_rate, growth_rate, meaningful_eng_rate",PRIMARY_SOURCE_MISSING,YELLOW,"{'handle': 'vendor_b', 'follower_count': 'vendor_b', 'reach_rate': 'vendor_b', 'growth_rate': 'vendor_b', 'meaningful_eng_rate': 'vendor_b'}",,vendor_b,vendor_a's record is stale; filled from vendor_b (fallback).,No action needed. Tracked to monitor vendor coverage.,auto,[],,,,,,,
Q00353,CR00559,tiktok,"handle, follower_count, reach_rate, growth_rate, meaningful_eng_rate",PRIMARY_SOURCE_MISSING,YELLOW,"{'handle': 'vendor_b', 'follower_count': 'vendor_b', 'reach_rate': 'vendor_b', 'growth_rate': 'vendor_b', 'meaningful_eng_rate': 'vendor_b'}",,vendor_b,vendor_a has no record for this channel; filled from vendor_b (fallback).,No action needed. Tracked to monitor vendor coverage.,auto,[],,,,,,,
Q00354,CR00566,instagram,"handle, follower_count, growth_rate, meaningful_eng_rate",PRIMARY_SOURCE_MISSING,YELLOW,"{'handle': 'vendor_b', 'follower_count': 'vendor_b', 'growth_rate': 'vendor_b', 'meaningful_eng_rate': 'vendor_b'}",,vendor_b,vendor_a has no record for this channel; filled from vendor_b (fallback).,No action needed. Tracked to monitor vendor coverage.,auto,[],,,,,,,
Q00355,CR00569,tiktok,"handle, follower_count, reach_rate, growth_rate, meaningful_eng_rate",PRIMARY_SOURCE_MISSING,YELLOW,"{'handle': 'vendor_b', 'follower_count': 'vendor_b', 'reach_rate': 'vendor_b', 'growth_rate': 'vendor_b', 'meaningful_eng_rate': 'vendor_b'}",,vendor_b,vendor_a has no record for this channel; filled from vendor_b (fallback).,No action needed. Tracked to monitor vendor coverage.,auto,[],,,,,,,
Q00356,CR00570,tiktok,"handle, follower_count, reach_rate, growth_rate",PRIMARY_SOURCE_MISSING,YELLOW,"{'handle': 'vendor_b', 'follower_count': 'vendor_b', 'reach_rate': 'vendor_b', 'growth_rate': 'vendor_b'}",,vendor_b,vendor_a has no record for this channel; filled from vendor_b (fallback).,No action needed. Tracked to monitor vendor coverage.,auto,[],,,,,,,
Q00357,CR00571,tiktok,"handle, follower_count, meaningful_eng_rate",PRIMARY_SOURCE_MISSING,YELLOW,"{'handle': 'vendor_b', 'follower_count': 'vendor_b', 'meaningful_eng_rate': 'vendor_b'}",,vendor_b,vendor_a has no record for this channel; filled from vendor_b (fallback).,No action needed. Tracked to monitor vendor coverage.,auto,[],,,,,,,
Q00358,CR00574,tiktok,"handle, follower_count, reach_rate, meaningful_eng_rate",PRIMARY_SOURCE_MISSING,YELLOW,"{'handle': 'vendor_b', 'follower_count': 'vendor_b', 'reach_rate': 'vendor_b', 'meaningful_eng_rate': 'vendor_b'}",,vendor_b,vendor_a has no record for this channel; filled from vendor_b (fallback).,No action needed. Tracked to monitor vendor coverage.,auto,[],,,,,,,
Q00359,CR00576,instagram,meaningful_eng_rate,PRIMARY_SOURCE_MISSING,YELLOW,{'meaningful_eng_rate': 'vendor_b'},,vendor_b,vendor_a's record lacks a valid value for meaningful_eng_rate; filled from vendor_b (fallback).,No action needed. Tracked to monitor vendor coverage.,auto,[],,,,,,,
Q00360,CR00576,tiktok,"handle, follower_count, reach_rate, meaningful_eng_rate",PRIMARY_SOURCE_MISSING,YELLOW,"{'handle': 'vendor_b', 'follower_count': 'vendor_b', 'reach_rate': 'vendor_b', 'meaningful_eng_rate': 'vendor_b'}",,vendor_b,vendor_a has no record for this channel; filled from vendor_b (fallback).,No action needed. Tracked to monitor vendor coverage.,auto,[],,,,,,,
Q00361,CR00577,instagram,"handle, follower_count, reach_rate, growth_rate",PRIMARY_SOURCE_MISSING,YELLOW,"{'handle': 'vendor_b', 'follower_count': 'vendor_b', 'reach_rate': 'vendor_b', 'growth_rate': 'vendor_b'}",,vendor_b,vendor_a has no record for this channel; filled from vendor_b (fallback).,No action needed. Tracked to monitor vendor coverage.,auto,[],,,,,,,
Q00362,CR00581,tiktok,"handle, follower_count, reach_rate, growth_rate",PRIMARY_SOURCE_MISSING,YELLOW,"{'handle': 'vendor_b', 'follower_count': 'vendor_b', 'reach_rate': 'vendor_b', 'growth_rate': 'vendor_b'}",,vendor_b,vendor_a has no record for this channel; filled from vendor_b (fallback).,No action needed. Tracked to monitor vendor coverage.,auto,[],,,,,,,
Q00363,CR00582,tiktok,"handle, follower_count, reach_rate",PRIMARY_SOURCE_MISSING,YELLOW,"{'handle': 'vendor_c', 'follower_count': 'vendor_c', 'reach_rate': 'vendor_c'}",,vendor_c,vendor_a has no record for this channel; filled from vendor_c (fallback).,No action needed. Tracked to monitor vendor coverage.,auto,[],,,,,,,
Q00364,CR00587,tiktok,"handle, follower_count, reach_rate, growth_rate, meaningful_eng_rate",PRIMARY_SOURCE_MISSING,YELLOW,"{'handle': 'vendor_b', 'follower_count': 'vendor_b', 'reach_rate': 'vendor_b', 'growth_rate': 'vendor_b', 'meaningful_eng_rate': 'vendor_b'}",,vendor_b,vendor_a has no record for this channel; filled from vendor_b (fallback).,No action needed. Tracked to monitor vendor coverage.,auto,[],,,,,,,
Q00365,CR00587,youtube,"handle, follower_count, reach_rate, growth_rate, meaningful_eng_rate",PRIMARY_SOURCE_MISSING,YELLOW,"{'handle': 'vendor_b', 'follower_count': 'vendor_b', 'reach_rate': 'vendor_b', 'growth_rate': 'vendor_b', 'meaningful_eng_rate': 'vendor_b'}",,vendor_b,vendor_a has no record for this channel; filled from vendor_b (fallback).,No action needed. Tracked to monitor vendor coverage.,auto,[],,,,,,,
Q00366,CR00588,instagram,"handle, follower_count, reach_rate",PRIMARY_SOURCE_MISSING,YELLOW,"{'handle': 'vendor_b', 'follower_count': 'vendor_b', 'reach_rate': 'vendor_b'}",,vendor_b,vendor_a has no record for this channel; filled from vendor_b (fallback).,No action needed. Tracked to monitor vendor coverage.,auto,[],,,,,,,
Q00367,CR00588,tiktok,"handle, follower_count, reach_rate, meaningful_eng_rate",PRIMARY_SOURCE_MISSING,YELLOW,"{'handle': 'vendor_b', 'follower_count': 'vendor_b', 'reach_rate': 'vendor_b', 'meaningful_eng_rate': 'vendor_b'}",,vendor_b,vendor_a has no record for this channel; filled from vendor_b (fallback).,No action needed. Tracked to monitor vendor coverage.,auto,[],,,,,,,
Q00368,CR00589,tiktok,"handle, follower_count, reach_rate",PRIMARY_SOURCE_MISSING,YELLOW,"{'handle': 'vendor_b', 'follower_count': 'vendor_b', 'reach_rate': 'vendor_b'}",,vendor_b,vendor_a has no record for this channel; filled from vendor_b (fallback).,No action needed. Tracked to monitor vendor coverage.,auto,[],,,,,,,
Q00369,CR00591,instagram,"handle, follower_count, reach_rate, growth_rate",PRIMARY_SOURCE_MISSING,YELLOW,"{'handle': 'vendor_b', 'follower_count': 'vendor_b', 'reach_rate': 'vendor_b', 'growth_rate': 'vendor_b'}",,vendor_b,vendor_a has no record for this channel; filled from vendor_b (fallback).,No action needed. Tracked to monitor vendor coverage.,auto,[],,,,,,,
Q00370,CR00591,tiktok,"handle, follower_count, reach_rate, growth_rate, meaningful_eng_rate",PRIMARY_SOURCE_MISSING,YELLOW,"{'handle': 'vendor_b', 'follower_count': 'vendor_b', 'reach_rate': 'vendor_b', 'growth_rate': 'vendor_b', 'meaningful_eng_rate': 'vendor_b'}",,vendor_b,vendor_a has no record for this channel; filled from vendor_b (fallback).,No action needed. Tracked to monitor vendor coverage.,auto,[],,,,,,,
Q00371,CR00593,instagram,"handle, follower_count, reach_rate, growth_rate",PRIMARY_SOURCE_MISSING,YELLOW,"{'handle': 'vendor_c', 'follower_count': 'vendor_c', 'reach_rate': 'vendor_c', 'growth_rate': 'vendor_c'}",,vendor_c,vendor_a has no record for this channel; filled from vendor_c (fallback).,No action needed. Tracked to monitor vendor coverage.,auto,[],,,,,,,
Q00372,CR00594,instagram,"handle, follower_count, reach_rate, growth_rate, meaningful_eng_rate",PRIMARY_SOURCE_MISSING,YELLOW,"{'handle': 'vendor_b', 'follower_count': 'vendor_b', 'reach_rate': 'vendor_b', 'growth_rate': 'vendor_b', 'meaningful_eng_rate': 'vendor_b'}",,vendor_b,vendor_a has no record for this channel; filled from vendor_b (fallback).,No action needed. Tracked to monitor vendor coverage.,auto,[],,,,,,,
Q00373,CR00595,instagram,"handle, follower_count, reach_rate, growth_rate",PRIMARY_SOURCE_MISSING,YELLOW,"{'handle': 'vendor_b', 'follower_count': 'vendor_b', 'reach_rate': 'vendor_b', 'growth_rate': 'vendor_b'}",,vendor_b,vendor_a has no record for this channel; filled from vendor_b (fallback).,No action needed. Tracked to monitor vendor coverage.,auto,[],,,,,,,
Q00374,CR00598,tiktok,"handle, follower_count, reach_rate, growth_rate, meaningful_eng_rate",PRIMARY_SOURCE_MISSING,YELLOW,"{'handle': 'vendor_b', 'follower_count': 'vendor_b', 'reach_rate': 'vendor_b', 'growth_rate': 'vendor_b', 'meaningful_eng_rate': 'vendor_b'}",,vendor_b,vendor_a has no record for this channel; filled from vendor_b (fallback).,No action needed. Tracked to monitor vendor coverage.,auto,[],,,,,,,
Q00375,CR00602,tiktok,"handle, follower_count, reach_rate, meaningful_eng_rate",PRIMARY_SOURCE_MISSING,YELLOW,"{'handle': 'vendor_b', 'follower_count': 'vendor_b', 'reach_rate': 'vendor_b', 'meaningful_eng_rate': 'vendor_b'}",,vendor_b,vendor_a has no record for this channel; filled from vendor_b (fallback).,No action needed. Tracked to monitor vendor coverage.,auto,[],,,,,,,
Q00376,CR00604,tiktok,"handle, follower_count, reach_rate, meaningful_eng_rate",PRIMARY_SOURCE_MISSING,YELLOW,"{'handle': 'vendor_b', 'follower_count': 'vendor_b', 'reach_rate': 'vendor_b', 'meaningful_eng_rate': 'vendor_b'}",,vendor_b,vendor_a's record is stale; filled from vendor_b (fallback).,No action needed. Tracked to monitor vendor coverage.,auto,[],,,,,,,
Q00377,CR00605,instagram,"handle, follower_count, reach_rate, growth_rate, meaningful_eng_rate",PRIMARY_SOURCE_MISSING,YELLOW,"{'handle': 'vendor_b', 'follower_count': 'vendor_b', 'reach_rate': 'vendor_b', 'growth_rate': 'vendor_b', 'meaningful_eng_rate': 'vendor_b'}",,vendor_b,vendor_a has no record for this channel; filled from vendor_b (fallback).,No action needed. Tracked to monitor vendor coverage.,auto,[],,,,,,,
Q00378,CR00605,tiktok,"handle, follower_count, reach_rate, growth_rate, meaningful_eng_rate",PRIMARY_SOURCE_MISSING,YELLOW,"{'handle': 'vendor_b', 'follower_count': 'vendor_b', 'reach_rate': 'vendor_b', 'growth_rate': 'vendor_b', 'meaningful_eng_rate': 'vendor_b'}",,vendor_b,vendor_a has no record for this channel; filled from vendor_b (fallback).,No action needed. Tracked to monitor vendor coverage.,auto,[],,,,,,,
Q00379,CR00609,instagram,"handle, follower_count, reach_rate, growth_rate, meaningful_eng_rate",PRIMARY_SOURCE_MISSING,YELLOW,"{'handle': 'vendor_b', 'follower_count': 'vendor_b', 'reach_rate': 'vendor_b', 'growth_rate': 'vendor_b', 'meaningful_eng_rate': 'vendor_b'}",,vendor_b,vendor_a has no record for this channel; filled from vendor_b (fallback).,No action needed. Tracked to monitor vendor coverage.,auto,[],,,,,,,
Q00380,CR00610,instagram,"follower_count, reach_rate, growth_rate",PRIMARY_SOURCE_MISSING,YELLOW,"{'follower_count': 'vendor_b', 'reach_rate': 'vendor_b', 'growth_rate': 'vendor_b'}",,vendor_b,"vendor_a's record lacks a valid value for follower_count, reach_rate, growth_rate; filled from vendor_b (fallback).",No action needed. Tracked to monitor vendor coverage.,auto,[],,,,,,,
Q00381,CR00613,instagram,"handle, follower_count, reach_rate, growth_rate",PRIMARY_SOURCE_MISSING,YELLOW,"{'handle': 'vendor_c', 'follower_count': 'vendor_c', 'reach_rate': 'vendor_c', 'growth_rate': 'vendor_c'}",,vendor_c,vendor_a has no record for this channel; filled from vendor_c (fallback).,No action needed. Tracked to monitor vendor coverage.,auto,[],,,,,,,
Q00382,CR00615,tiktok,"follower_count, reach_rate, growth_rate, meaningful_eng_rate",PRIMARY_SOURCE_MISSING,YELLOW,"{'follower_count': 'vendor_b', 'reach_rate': 'vendor_b', 'growth_rate': 'vendor_b', 'meaningful_eng_rate': 'vendor_b'}",,vendor_b,vendor_a has no record for this channel; filled from vendor_b (fallback).,No action needed. Tracked to monitor vendor coverage.,auto,[],,,,,,,
Q00383,CR00616,tiktok,"handle, follower_count, reach_rate, growth_rate, meaningful_eng_rate",PRIMARY_SOURCE_MISSING,YELLOW,"{'handle': 'vendor_b', 'follower_count': 'vendor_b', 'reach_rate': 'vendor_b', 'growth_rate': 'vendor_b', 'meaningful_eng_rate': 'vendor_b'}",,vendor_b,vendor_a has no record for this channel; filled from vendor_b (fallback).,No action needed. Tracked to monitor vendor coverage.,auto,[],,,,,,,
Q00384,CR00618,instagram,"handle, follower_count, reach_rate, growth_rate, meaningful_eng_rate",PRIMARY_SOURCE_MISSING,YELLOW,"{'handle': 'vendor_b', 'follower_count': 'vendor_b', 'reach_rate': 'vendor_b', 'growth_rate': 'vendor_b', 'meaningful_eng_rate': 'vendor_b'}",,vendor_b,vendor_a has no record for this channel; filled from vendor_b (fallback).,No action needed. Tracked to monitor vendor coverage.,auto,[],,,,,,,
Q00385,CR00618,tiktok,"handle, follower_count, reach_rate, meaningful_eng_rate",PRIMARY_SOURCE_MISSING,YELLOW,"{'handle': 'vendor_b', 'follower_count': 'vendor_b', 'reach_rate': 'vendor_b', 'meaningful_eng_rate': 'vendor_b'}",,vendor_b,vendor_a has no record for this channel; filled from vendor_b (fallback).,No action needed. Tracked to monitor vendor coverage.,auto,[],,,,,,,
Q00386,CR00620,tiktok,"handle, follower_count, reach_rate, growth_rate",PRIMARY_SOURCE_MISSING,YELLOW,"{'handle': 'vendor_b', 'follower_count': 'vendor_b', 'reach_rate': 'vendor_b', 'growth_rate': 'vendor_b'}",,vendor_b,vendor_a has no record for this channel; filled from vendor_b (fallback).,No action needed. Tracked to monitor vendor coverage.,auto,[],,,,,,,
Q00387,CR00621,tiktok,"handle, follower_count, reach_rate",PRIMARY_SOURCE_MISSING,YELLOW,"{'handle': 'vendor_c', 'follower_count': 'vendor_c', 'reach_rate': 'vendor_c'}",,vendor_c,vendor_a has no record for this channel; filled from vendor_c (fallback).,No action needed. Tracked to monitor vendor coverage.,auto,[],,,,,,,
Q00388,CR00622,instagram,"handle, follower_count, reach_rate, growth_rate, meaningful_eng_rate",PRIMARY_SOURCE_MISSING,YELLOW,"{'handle': 'vendor_b', 'follower_count': 'vendor_b', 'reach_rate': 'vendor_b', 'growth_rate': 'vendor_b', 'meaningful_eng_rate': 'vendor_b'}",,vendor_b,vendor_a has no record for this channel; filled from vendor_b (fallback).,No action needed. Tracked to monitor vendor coverage.,auto,[],,,,,,,
Q00389,CR00622,youtube,"handle, follower_count, growth_rate, meaningful_eng_rate",PRIMARY_SOURCE_MISSING,YELLOW,"{'handle': 'vendor_c', 'follower_count': 'vendor_c', 'growth_rate': 'vendor_c', 'meaningful_eng_rate': 'vendor_c'}",,vendor_c,vendor_a's record is stale; filled from vendor_c (fallback).,No action needed. Tracked to monitor vendor coverage.,auto,[],,,,,,,
Q00390,CR00624,tiktok,"handle, follower_count, reach_rate, growth_rate, meaningful_eng_rate",PRIMARY_SOURCE_MISSING,YELLOW,"{'handle': 'vendor_b', 'follower_count': 'vendor_b', 'reach_rate': 'vendor_b', 'growth_rate': 'vendor_b', 'meaningful_eng_rate': 'vendor_b'}",,vendor_b,vendor_a has no record for this channel; filled from vendor_b (fallback).,No action needed. Tracked to monitor vendor coverage.,auto,[],,,,,,,
Q00391,CR00625,tiktok,"handle, follower_count, reach_rate, growth_rate",PRIMARY_SOURCE_MISSING,YELLOW,"{'handle': 'vendor_b', 'follower_count': 'vendor_b', 'reach_rate': 'vendor_b', 'growth_rate': 'vendor_b'}",,vendor_b,vendor_a has no record for this channel; filled from vendor_b (fallback).,No action needed. Tracked to monitor vendor coverage.,auto,[],,,,,,,
Q00392,CR00627,instagram,"handle, follower_count, reach_rate, growth_rate",PRIMARY_SOURCE_MISSING,YELLOW,"{'handle': 'vendor_b', 'follower_count': 'vendor_b', 'reach_rate': 'vendor_b', 'growth_rate': 'vendor_b'}",,vendor_b,vendor_a has no record for this channel; filled from vendor_b (fallback).,No action needed. Tracked to monitor vendor coverage.,auto,[],,,,,,,
Q00393,CR00631,tiktok,"handle, follower_count, reach_rate, meaningful_eng_rate",PRIMARY_SOURCE_MISSING,YELLOW,"{'handle': 'vendor_b', 'follower_count': 'vendor_b', 'reach_rate': 'vendor_b', 'meaningful_eng_rate': 'vendor_b'}",,vendor_b,vendor_a has no record for this channel; filled from vendor_b (fallback).,No action needed. Tracked to monitor vendor coverage.,auto,[],,,,,,,
Q00394,CR00633,tiktok,"handle, follower_count, reach_rate, growth_rate, meaningful_eng_rate",PRIMARY_SOURCE_MISSING,YELLOW,"{'handle': 'vendor_b', 'follower_count': 'vendor_b', 'reach_rate': 'vendor_b', 'growth_rate': 'vendor_b', 'meaningful_eng_rate': 'vendor_b'}",,vendor_b,vendor_a has no record for this channel; filled from vendor_b (fallback).,No action needed. Tracked to monitor vendor coverage.,auto,[],,,,,,,
Q00395,CR00634,tiktok,"handle, follower_count, reach_rate, growth_rate, meaningful_eng_rate",PRIMARY_SOURCE_MISSING,YELLOW,"{'handle': 'vendor_b', 'follower_count': 'vendor_b', 'reach_rate': 'vendor_b', 'growth_rate': 'vendor_b', 'meaningful_eng_rate': 'vendor_b'}",,vendor_b,vendor_a has no record for this channel; filled from vendor_b (fallback).,No action needed. Tracked to monitor vendor coverage.,auto,[],,,,,,,
Q00396,CR00635,instagram,"handle, follower_count, reach_rate, growth_rate, meaningful_eng_rate",PRIMARY_SOURCE_MISSING,YELLOW,"{'handle': 'vendor_b', 'follower_count': 'vendor_b', 'reach_rate': 'vendor_b', 'growth_rate': 'vendor_b', 'meaningful_eng_rate': 'vendor_b'}",,vendor_b,vendor_a has no record for this channel; filled from vendor_b (fallback).,No action needed. Tracked to monitor vendor coverage.,auto,[],,,,,,,
Q00397,CR00638,tiktok,"handle, follower_count, reach_rate, growth_rate, meaningful_eng_rate",PRIMARY_SOURCE_MISSING,YELLOW,"{'handle': 'vendor_b', 'follower_count': 'vendor_b', 'reach_rate': 'vendor_b', 'growth_rate': 'vendor_b', 'meaningful_eng_rate': 'vendor_b'}",,vendor_b,vendor_a has no record for this channel; filled from vendor_b (fallback).,No action needed. Tracked to monitor vendor coverage.,auto,[],,,,,,,
Q00398,CR00641,instagram,"handle, follower_count, reach_rate, growth_rate",PRIMARY_SOURCE_MISSING,YELLOW,"{'handle': 'vendor_c', 'follower_count': 'vendor_c', 'reach_rate': 'vendor_c', 'growth_rate': 'vendor_c'}",,vendor_c,vendor_a has no record for this channel; filled from vendor_c (fallback).,No action needed. Tracked to monitor vendor coverage.,auto,[],,,,,,,
Q00399,CR00641,tiktok,"handle, follower_count, reach_rate, growth_rate, meaningful_eng_rate",PRIMARY_SOURCE_MISSING,YELLOW,"{'handle': 'vendor_b', 'follower_count': 'vendor_b', 'reach_rate': 'vendor_b', 'growth_rate': 'vendor_b', 'meaningful_eng_rate': 'vendor_b'}",,vendor_b,vendor_a has no record for this channel; filled from vendor_b (fallback).,No action needed. Tracked to monitor vendor coverage.,auto,[],,,,,,,
Q00400,CR00648,instagram,"handle, follower_count, reach_rate, growth_rate, meaningful_eng_rate",PRIMARY_SOURCE_MISSING,YELLOW,"{'handle': 'vendor_b', 'follower_count': 'vendor_b', 'reach_rate': 'vendor_b', 'growth_rate': 'vendor_b', 'meaningful_eng_rate': 'vendor_b'}",,vendor_b,vendor_a has no record for this channel; filled from vendor_b (fallback).,No action needed. Tracked to monitor vendor coverage.,auto,[],,,,,,,
Q00401,CR00655,instagram,"handle, follower_count, reach_rate, growth_rate, meaningful_eng_rate",PRIMARY_SOURCE_MISSING,YELLOW,"{'handle': 'vendor_b', 'follower_count': 'vendor_b', 'reach_rate': 'vendor_b', 'growth_rate': 'vendor_b', 'meaningful_eng_rate': 'vendor_b'}",,vendor_b,vendor_a has no record for this channel; filled from vendor_b (fallback).,No action needed. Tracked to monitor vendor coverage.,auto,[],,,,,,,
Q00402,CR00655,youtube,"handle, follower_count, reach_rate, meaningful_eng_rate",PRIMARY_SOURCE_MISSING,YELLOW,"{'handle': 'vendor_b', 'follower_count': 'vendor_b', 'reach_rate': 'vendor_b', 'meaningful_eng_rate': 'vendor_b'}",,vendor_b,vendor_a has no record for this channel; filled from vendor_b (fallback).,No action needed. Tracked to monitor vendor coverage.,auto,[],,,,,,,
Q00403,CR00657,tiktok,"handle, follower_count, reach_rate, growth_rate, meaningful_eng_rate",PRIMARY_SOURCE_MISSING,YELLOW,"{'handle': 'vendor_b', 'follower_count': 'vendor_b', 'reach_rate': 'vendor_b', 'growth_rate': 'vendor_b', 'meaningful_eng_rate': 'vendor_b'}",,vendor_b,vendor_a has no record for this channel; filled from vendor_b (fallback).,No action needed. Tracked to monitor vendor coverage.,auto,[],,,,,,,
Q00404,CR00661,tiktok,"handle, follower_count, reach_rate, growth_rate, meaningful_eng_rate",PRIMARY_SOURCE_MISSING,YELLOW,"{'handle': 'vendor_b', 'follower_count': 'vendor_b', 'reach_rate': 'vendor_b', 'growth_rate': 'vendor_b', 'meaningful_eng_rate': 'vendor_b'}",,vendor_b,vendor_a has no record for this channel; filled from vendor_b (fallback).,No action needed. Tracked to monitor vendor coverage.,auto,[],,,,,,,
Q00405,CR00662,instagram,"handle, follower_count, reach_rate, growth_rate, meaningful_eng_rate",PRIMARY_SOURCE_MISSING,YELLOW,"{'handle': 'vendor_b', 'follower_count': 'vendor_b', 'reach_rate': 'vendor_b', 'growth_rate': 'vendor_b', 'meaningful_eng_rate': 'vendor_b'}",,vendor_b,vendor_a has no record for this channel; filled from vendor_b (fallback).,No action needed. Tracked to monitor vendor coverage.,auto,[],,,,,,,
Q00406,CR00663,instagram,"handle, follower_count, reach_rate, growth_rate",PRIMARY_SOURCE_MISSING,YELLOW,"{'handle': 'vendor_b', 'follower_count': 'vendor_b', 'reach_rate': 'vendor_b', 'growth_rate': 'vendor_b'}",,vendor_b,vendor_a has no record for this channel; filled from vendor_b (fallback).,No action needed. Tracked to monitor vendor coverage.,auto,[],,,,,,,
Q00407,CR00663,tiktok,"handle, follower_count, reach_rate, growth_rate, meaningful_eng_rate",PRIMARY_SOURCE_MISSING,YELLOW,"{'handle': 'vendor_b', 'follower_count': 'vendor_b', 'reach_rate': 'vendor_b', 'growth_rate': 'vendor_b', 'meaningful_eng_rate': 'vendor_b'}",,vendor_b,vendor_a has no record for this channel; filled from vendor_b (fallback).,No action needed. Tracked to monitor vendor coverage.,auto,[],,,,,,,
Q00408,CR00665,instagram,"handle, follower_count, reach_rate, growth_rate, meaningful_eng_rate",PRIMARY_SOURCE_MISSING,YELLOW,"{'handle': 'vendor_b', 'follower_count': 'vendor_b', 'reach_rate': 'vendor_b', 'growth_rate': 'vendor_b', 'meaningful_eng_rate': 'vendor_b'}",,vendor_b,vendor_a has no record for this channel; filled from vendor_b (fallback).,No action needed. Tracked to monitor vendor coverage.,auto,[],,,,,,,
Q00409,CR00669,tiktok,"handle, follower_count, reach_rate, growth_rate, meaningful_eng_rate",PRIMARY_SOURCE_MISSING,YELLOW,"{'handle': 'vendor_b', 'follower_count': 'vendor_b', 'reach_rate': 'vendor_b', 'growth_rate': 'vendor_b', 'meaningful_eng_rate': 'vendor_b'}",,vendor_b,vendor_a has no record for this channel; filled from vendor_b (fallback).,No action needed. Tracked to monitor vendor coverage.,auto,[],,,,,,,
Q00410,CR00670,instagram,"handle, follower_count, reach_rate, meaningful_eng_rate",PRIMARY_SOURCE_MISSING,YELLOW,"{'handle': 'vendor_b', 'follower_count': 'vendor_b', 'reach_rate': 'vendor_b', 'meaningful_eng_rate': 'vendor_b'}",,vendor_b,vendor_a has no record for this channel; filled from vendor_b (fallback).,No action needed. Tracked to monitor vendor coverage.,auto,[],,,,,,,
Q00411,CR00670,tiktok,"handle, follower_count, reach_rate, growth_rate, meaningful_eng_rate",PRIMARY_SOURCE_MISSING,YELLOW,"{'handle': 'vendor_b', 'follower_count': 'vendor_b', 'reach_rate': 'vendor_b', 'growth_rate': 'vendor_b', 'meaningful_eng_rate': 'vendor_b'}",,vendor_b,vendor_a has no record for this channel; filled from vendor_b (fallback).,No action needed. Tracked to monitor vendor coverage.,auto,[],,,,,,,
Q00412,CR00673,tiktok,"handle, follower_count, reach_rate, growth_rate, meaningful_eng_rate",PRIMARY_SOURCE_MISSING,YELLOW,"{'handle': 'vendor_b', 'follower_count': 'vendor_b', 'reach_rate': 'vendor_b', 'growth_rate': 'vendor_b', 'meaningful_eng_rate': 'vendor_b'}",,vendor_b,vendor_a has no record for this channel; filled from vendor_b (fallback).,No action needed. Tracked to monitor vendor coverage.,auto,[],,,,,,,
Q00413,CR00673,youtube,meaningful_eng_rate,PRIMARY_SOURCE_MISSING,YELLOW,{'meaningful_eng_rate': 'vendor_b'},,vendor_b,vendor_a's record lacks a valid value for meaningful_eng_rate; filled from vendor_b (fallback).,No action needed. Tracked to monitor vendor coverage.,auto,[],,,,,,,
Q00414,CR00674,instagram,"handle, follower_count, reach_rate, meaningful_eng_rate",PRIMARY_SOURCE_MISSING,YELLOW,"{'handle': 'vendor_b', 'follower_count': 'vendor_b', 'reach_rate': 'vendor_b', 'meaningful_eng_rate': 'vendor_b'}",,vendor_b,vendor_a has no record for this channel; filled from vendor_b (fallback).,No action needed. Tracked to monitor vendor coverage.,auto,[],,,,,,,
Q00415,CR00674,tiktok,"handle, follower_count, reach_rate",PRIMARY_SOURCE_MISSING,YELLOW,"{'handle': 'vendor_b', 'follower_count': 'vendor_b', 'reach_rate': 'vendor_b'}",,vendor_b,vendor_a has no record for this channel; filled from vendor_b (fallback).,No action needed. Tracked to monitor vendor coverage.,auto,[],,,,,,,
Q00416,CR00676,instagram,"handle, follower_count, reach_rate, growth_rate, meaningful_eng_rate",PRIMARY_SOURCE_MISSING,YELLOW,"{'handle': 'vendor_b', 'follower_count': 'vendor_b', 'reach_rate': 'vendor_b', 'growth_rate': 'vendor_b', 'meaningful_eng_rate': 'vendor_b'}",,vendor_b,vendor_a has no record for this channel; filled from vendor_b (fallback).,No action needed. Tracked to monitor vendor coverage.,auto,[],,,,,,,
Q00417,CR00680,tiktok,"handle, follower_count, reach_rate, growth_rate, meaningful_eng_rate",PRIMARY_SOURCE_MISSING,YELLOW,"{'handle': 'vendor_b', 'follower_count': 'vendor_b', 'reach_rate': 'vendor_b', 'growth_rate': 'vendor_b', 'meaningful_eng_rate': 'vendor_b'}",,vendor_b,vendor_a has no record for this channel; filled from vendor_b (fallback).,No action needed. Tracked to monitor vendor coverage.,auto,[],,,,,,,
Q00418,CR00681,instagram,"handle, follower_count, reach_rate, growth_rate",PRIMARY_SOURCE_MISSING,YELLOW,"{'handle': 'vendor_b', 'follower_count': 'vendor_b', 'reach_rate': 'vendor_b', 'growth_rate': 'vendor_b'}",,vendor_b,vendor_a has no record for this channel; filled from vendor_b (fallback).,No action needed. Tracked to monitor vendor coverage.,auto,[],,,,,,,
Q00419,CR00681,tiktok,"handle, follower_count, reach_rate, growth_rate, meaningful_eng_rate",PRIMARY_SOURCE_MISSING,YELLOW,"{'handle': 'vendor_b', 'follower_count': 'vendor_b', 'reach_rate': 'vendor_b', 'growth_rate': 'vendor_b', 'meaningful_eng_rate': 'vendor_b'}",,vendor_b,vendor_a has no record for this channel; filled from vendor_b (fallback).,No action needed. Tracked to monitor vendor coverage.,auto,[],,,,,,,
Q00420,CR00682,instagram,"handle, follower_count, reach_rate, growth_rate",PRIMARY_SOURCE_MISSING,YELLOW,"{'handle': 'vendor_b', 'follower_count': 'vendor_b', 'reach_rate': 'vendor_b', 'growth_rate': 'vendor_b'}",,vendor_b,vendor_a has no record for this channel; filled from vendor_b (fallback).,No action needed. Tracked to monitor vendor coverage.,auto,[],,,,,,,
Q00421,CR00685,instagram,"handle, follower_count, reach_rate, growth_rate, meaningful_eng_rate",PRIMARY_SOURCE_MISSING,YELLOW,"{'handle': 'vendor_b', 'follower_count': 'vendor_b', 'reach_rate': 'vendor_b', 'growth_rate': 'vendor_b', 'meaningful_eng_rate': 'vendor_b'}",,vendor_b,vendor_a's record is stale; filled from vendor_b (fallback).,No action needed. Tracked to monitor vendor coverage.,auto,[],,,,,,,
Q00422,CR00686,tiktok,"handle, follower_count, reach_rate, growth_rate",PRIMARY_SOURCE_MISSING,YELLOW,"{'handle': 'vendor_b', 'follower_count': 'vendor_b', 'reach_rate': 'vendor_b', 'growth_rate': 'vendor_b'}",,vendor_b,vendor_a has no record for this channel; filled from vendor_b (fallback).,No action needed. Tracked to monitor vendor coverage.,auto,[],,,,,,,
Q00423,CR00688,tiktok,"handle, follower_count, reach_rate, growth_rate, meaningful_eng_rate",PRIMARY_SOURCE_MISSING,YELLOW,"{'handle': 'vendor_b', 'follower_count': 'vendor_b', 'reach_rate': 'vendor_b', 'growth_rate': 'vendor_b', 'meaningful_eng_rate': 'vendor_b'}",,vendor_b,vendor_a has no record for this channel; filled from vendor_b (fallback).,No action needed. Tracked to monitor vendor coverage.,auto,[],,,,,,,
Q00424,CR00689,tiktok,"handle, follower_count, reach_rate",PRIMARY_SOURCE_MISSING,YELLOW,"{'handle': 'vendor_c', 'follower_count': 'vendor_c', 'reach_rate': 'vendor_c'}",,vendor_c,vendor_a has no record for this channel; filled from vendor_c (fallback).,No action needed. Tracked to monitor vendor coverage.,auto,[],,,,,,,
Q00425,CR00689,youtube,meaningful_eng_rate,PRIMARY_SOURCE_MISSING,YELLOW,{'meaningful_eng_rate': 'vendor_b'},,vendor_b,vendor_a's record lacks a valid value for meaningful_eng_rate; filled from vendor_b (fallback).,No action needed. Tracked to monitor vendor coverage.,auto,[],,,,,,,
Q00426,CR00690,tiktok,"handle, follower_count, reach_rate, growth_rate, meaningful_eng_rate",PRIMARY_SOURCE_MISSING,YELLOW,"{'handle': 'vendor_b', 'follower_count': 'vendor_b', 'reach_rate': 'vendor_b', 'growth_rate': 'vendor_b', 'meaningful_eng_rate': 'vendor_b'}",,vendor_b,vendor_a has no record for this channel; filled from vendor_b (fallback).,No action needed. Tracked to monitor vendor coverage.,auto,[],,,,,,,
Q00427,CR00691,instagram,"handle, follower_count, reach_rate, growth_rate",PRIMARY_SOURCE_MISSING,YELLOW,"{'handle': 'vendor_b', 'follower_count': 'vendor_b', 'reach_rate': 'vendor_b', 'growth_rate': 'vendor_b'}",,vendor_b,vendor_a has no record for this channel; filled from vendor_b (fallback).,No action needed. Tracked to monitor vendor coverage.,auto,[],,,,,,,
Q00428,CR00692,tiktok,"handle, follower_count, reach_rate, growth_rate, meaningful_eng_rate",PRIMARY_SOURCE_MISSING,YELLOW,"{'handle': 'vendor_b', 'follower_count': 'vendor_b', 'reach_rate': 'vendor_b', 'growth_rate': 'vendor_b', 'meaningful_eng_rate': 'vendor_b'}",,vendor_b,vendor_a has no record for this channel; filled from vendor_b (fallback).,No action needed. Tracked to monitor vendor coverage.,auto,[],,,,,,,
Q00429,CR00694,instagram,"follower_count, reach_rate, growth_rate, meaningful_eng_rate",PRIMARY_SOURCE_MISSING,YELLOW,"{'follower_count': 'vendor_b', 'reach_rate': 'vendor_b', 'growth_rate': 'vendor_b', 'meaningful_eng_rate': 'vendor_b'}",,vendor_b,vendor_a has no record for this channel; filled from vendor_b (fallback).,No action needed. Tracked to monitor vendor coverage.,auto,[],,,,,,,
Q00430,CR00694,tiktok,"handle, follower_count, reach_rate, growth_rate, meaningful_eng_rate",PRIMARY_SOURCE_MISSING,YELLOW,"{'handle': 'vendor_b', 'follower_count': 'vendor_b', 'reach_rate': 'vendor_b', 'growth_rate': 'vendor_b', 'meaningful_eng_rate': 'vendor_b'}",,vendor_b,vendor_a has no record for this channel; filled from vendor_b (fallback).,No action needed. Tracked to monitor vendor coverage.,auto,[],,,,,,,
Q00431,CR00696,instagram,"handle, follower_count, reach_rate, growth_rate, meaningful_eng_rate",PRIMARY_SOURCE_MISSING,YELLOW,"{'handle': 'vendor_b', 'follower_count': 'vendor_b', 'reach_rate': 'vendor_b', 'growth_rate': 'vendor_b', 'meaningful_eng_rate': 'vendor_b'}",,vendor_b,vendor_a's record is stale; filled from vendor_b (fallback).,No action needed. Tracked to monitor vendor coverage.,auto,[],,,,,,,
Q00432,CR00696,tiktok,handle,PRIMARY_SOURCE_MISSING,YELLOW,{'handle': 'vendor_b'},,vendor_b,vendor_a's record lacks a valid value for handle; filled from vendor_b (fallback).,No action needed. Tracked to monitor vendor coverage.,auto,[],,,,,,,
Q00433,CR00696,youtube,"handle, follower_count, reach_rate, growth_rate, meaningful_eng_rate",PRIMARY_SOURCE_MISSING,YELLOW,"{'handle': 'vendor_b', 'follower_count': 'vendor_b', 'reach_rate': 'vendor_b', 'growth_rate': 'vendor_b', 'meaningful_eng_rate': 'vendor_b'}",,vendor_b,vendor_a has no record for this channel; filled from vendor_b (fallback).,No action needed. Tracked to monitor vendor coverage.,auto,[],,,,,,,
Q00434,CR00697,instagram,"handle, follower_count, reach_rate, growth_rate, meaningful_eng_rate",PRIMARY_SOURCE_MISSING,YELLOW,"{'handle': 'vendor_b', 'follower_count': 'vendor_b', 'reach_rate': 'vendor_b', 'growth_rate': 'vendor_b', 'meaningful_eng_rate': 'vendor_b'}",,vendor_b,vendor_a has no record for this channel; filled from vendor_b (fallback).,No action needed. Tracked to monitor vendor coverage.,auto,[],,,,,,,
Q00435,CR00697,tiktok,"follower_count, reach_rate, growth_rate",PRIMARY_SOURCE_MISSING,YELLOW,"{'follower_count': 'vendor_b', 'reach_rate': 'vendor_b', 'growth_rate': 'vendor_b'}",,vendor_b,"vendor_a's record lacks a valid value for follower_count, reach_rate, growth_rate; filled from vendor_b (fallback).",No action needed. Tracked to monitor vendor coverage.,auto,[],,,,,,,
Q00436,CR00698,instagram,"handle, follower_count, reach_rate, growth_rate, meaningful_eng_rate",PRIMARY_SOURCE_MISSING,YELLOW,"{'handle': 'vendor_b', 'follower_count': 'vendor_b', 'reach_rate': 'vendor_b', 'growth_rate': 'vendor_b', 'meaningful_eng_rate': 'vendor_b'}",,vendor_b,vendor_a has no record for this channel; filled from vendor_b (fallback).,No action needed. Tracked to monitor vendor coverage.,auto,[],,,,,,,
Q00437,CR00701,instagram,"handle, follower_count, reach_rate, growth_rate, meaningful_eng_rate",PRIMARY_SOURCE_MISSING,YELLOW,"{'handle': 'vendor_b', 'follower_count': 'vendor_b', 'reach_rate': 'vendor_b', 'growth_rate': 'vendor_b', 'meaningful_eng_rate': 'vendor_b'}",,vendor_b,vendor_a has no record for this channel; filled from vendor_b (fallback).,No action needed. Tracked to monitor vendor coverage.,auto,[],,,,,,,
Q00438,CR00701,tiktok,"handle, follower_count, reach_rate, growth_rate, meaningful_eng_rate",PRIMARY_SOURCE_MISSING,YELLOW,"{'handle': 'vendor_b', 'follower_count': 'vendor_b', 'reach_rate': 'vendor_b', 'growth_rate': 'vendor_b', 'meaningful_eng_rate': 'vendor_b'}",,vendor_b,vendor_a has no record for this channel; filled from vendor_b (fallback).,No action needed. Tracked to monitor vendor coverage.,auto,[],,,,,,,
Q00439,CR00702,instagram,"handle, follower_count, reach_rate, growth_rate, meaningful_eng_rate",PRIMARY_SOURCE_MISSING,YELLOW,"{'handle': 'vendor_b', 'follower_count': 'vendor_b', 'reach_rate': 'vendor_b', 'growth_rate': 'vendor_b', 'meaningful_eng_rate': 'vendor_b'}",,vendor_b,vendor_a has no record for this channel; filled from vendor_b (fallback).,No action needed. Tracked to monitor vendor coverage.,auto,[],,,,,,,
Q00440,CR00702,youtube,"handle, follower_count, reach_rate, meaningful_eng_rate",PRIMARY_SOURCE_MISSING,YELLOW,"{'handle': 'vendor_b', 'follower_count': 'vendor_b', 'reach_rate': 'vendor_b', 'meaningful_eng_rate': 'vendor_b'}",,vendor_b,vendor_a has no record for this channel; filled from vendor_b (fallback).,No action needed. Tracked to monitor vendor coverage.,auto,[],,,,,,,
Q00441,CR00703,instagram,"handle, follower_count, reach_rate, growth_rate, meaningful_eng_rate",PRIMARY_SOURCE_MISSING,YELLOW,"{'handle': 'vendor_b', 'follower_count': 'vendor_b', 'reach_rate': 'vendor_b', 'growth_rate': 'vendor_b', 'meaningful_eng_rate': 'vendor_b'}",,vendor_b,vendor_a has no record for this channel; filled from vendor_b (fallback).,No action needed. Tracked to monitor vendor coverage.,auto,[],,,,,,,
Q00442,CR00703,tiktok,meaningful_eng_rate,PRIMARY_SOURCE_MISSING,YELLOW,{'meaningful_eng_rate': 'vendor_b'},,vendor_b,vendor_a's record lacks a valid value for meaningful_eng_rate; filled from vendor_b (fallback).,No action needed. Tracked to monitor vendor coverage.,auto,[],,,,,,,
Q00443,CR00707,instagram,"handle, follower_count, reach_rate, growth_rate",PRIMARY_SOURCE_MISSING,YELLOW,"{'handle': 'vendor_b', 'follower_count': 'vendor_b', 'reach_rate': 'vendor_b', 'growth_rate': 'vendor_b'}",,vendor_b,vendor_a has no record for this channel; filled from vendor_b (fallback).,No action needed. Tracked to monitor vendor coverage.,auto,[],,,,,,,
Q00444,CR00707,tiktok,"handle, follower_count, reach_rate, growth_rate, meaningful_eng_rate",PRIMARY_SOURCE_MISSING,YELLOW,"{'handle': 'vendor_b', 'follower_count': 'vendor_b', 'reach_rate': 'vendor_b', 'growth_rate': 'vendor_b', 'meaningful_eng_rate': 'vendor_b'}",,vendor_b,vendor_a has no record for this channel; filled from vendor_b (fallback).,No action needed. Tracked to monitor vendor coverage.,auto,[],,,,,,,
Q00445,CR00707,youtube,"follower_count, reach_rate, growth_rate",PRIMARY_SOURCE_MISSING,YELLOW,"{'follower_count': 'vendor_c', 'reach_rate': 'vendor_c', 'growth_rate': 'vendor_c'}",,vendor_c,"vendor_a's record lacks a valid value for follower_count, reach_rate, growth_rate; filled from vendor_c (fallback).",No action needed. Tracked to monitor vendor coverage.,auto,[],,,,,,,
Q00446,CR00709,instagram,"handle, follower_count",PRIMARY_SOURCE_MISSING,YELLOW,"{'handle': 'vendor_c', 'follower_count': 'vendor_c'}",,vendor_c,vendor_a has no record for this channel; filled from vendor_c (fallback).,No action needed. Tracked to monitor vendor coverage.,auto,[],,,,,,,
Q00447,CR00709,youtube,"handle, follower_count, reach_rate, growth_rate, meaningful_eng_rate",PRIMARY_SOURCE_MISSING,YELLOW,"{'handle': 'vendor_c', 'follower_count': 'vendor_c', 'reach_rate': 'vendor_c', 'growth_rate': 'vendor_c', 'meaningful_eng_rate': 'vendor_c'}",,vendor_c,vendor_a's record is stale; filled from vendor_c (fallback).,No action needed. Tracked to monitor vendor coverage.,auto,[],,,,,,,
Q00448,CR00711,youtube,meaningful_eng_rate,PRIMARY_SOURCE_MISSING,YELLOW,{'meaningful_eng_rate': 'vendor_c'},,vendor_c,vendor_a's record lacks a valid value for meaningful_eng_rate; filled from vendor_c (fallback).,No action needed. Tracked to monitor vendor coverage.,auto,[],,,,,,,
Q00449,CR00721,instagram,"handle, follower_count, reach_rate, growth_rate, meaningful_eng_rate",PRIMARY_SOURCE_MISSING,YELLOW,"{'handle': 'vendor_b', 'follower_count': 'vendor_b', 'reach_rate': 'vendor_b', 'growth_rate': 'vendor_b', 'meaningful_eng_rate': 'vendor_b'}",,vendor_b,vendor_a has no record for this channel; filled from vendor_b (fallback).,No action needed. Tracked to monitor vendor coverage.,auto,[],,,,,,,
Q00450,CR00721,tiktok,"handle, follower_count, reach_rate, growth_rate",PRIMARY_SOURCE_MISSING,YELLOW,"{'handle': 'vendor_b', 'follower_count': 'vendor_b', 'reach_rate': 'vendor_c', 'growth_rate': 'vendor_c'}",,"vendor_b, vendor_c","vendor_a has no record for this channel; filled from vendor_b, vendor_c (fallback).",No action needed. Tracked to monitor vendor coverage.,auto,[],,,,,,,
Q00451,CR00722,tiktok,"handle, meaningful_eng_rate",PRIMARY_SOURCE_MISSING,YELLOW,"{'handle': 'vendor_b', 'meaningful_eng_rate': 'vendor_b'}",,vendor_b,vendor_a has no record for this channel; filled from vendor_b (fallback).,No action needed. Tracked to monitor vendor coverage.,auto,[],,,,,,,
Q00452,CR00724,instagram,"follower_count, reach_rate, growth_rate",PRIMARY_SOURCE_MISSING,YELLOW,"{'follower_count': 'vendor_b', 'reach_rate': 'vendor_b', 'growth_rate': 'vendor_b'}",,vendor_b,"vendor_a's record lacks a valid value for follower_count, reach_rate, growth_rate; filled from vendor_b (fallback).",No action needed. Tracked to monitor vendor coverage.,auto,[],,,,,,,
Q00453,CR00724,tiktok,"handle, follower_count, reach_rate, growth_rate, meaningful_eng_rate",PRIMARY_SOURCE_MISSING,YELLOW,"{'handle': 'vendor_b', 'follower_count': 'vendor_b', 'reach_rate': 'vendor_b', 'growth_rate': 'vendor_b', 'meaningful_eng_rate': 'vendor_b'}",,vendor_b,vendor_a has no record for this channel; filled from vendor_b (fallback).,No action needed. Tracked to monitor vendor coverage.,auto,[],,,,,,,
Q00454,CR00725,instagram,"handle, follower_count, reach_rate, growth_rate, meaningful_eng_rate",PRIMARY_SOURCE_MISSING,YELLOW,"{'handle': 'vendor_b', 'follower_count': 'vendor_b', 'reach_rate': 'vendor_b', 'growth_rate': 'vendor_b', 'meaningful_eng_rate': 'vendor_b'}",,vendor_b,vendor_a has no record for this channel; filled from vendor_b (fallback).,No action needed. Tracked to monitor vendor coverage.,auto,[],,,,,,,
Q00455,CR00726,instagram,"handle, follower_count, reach_rate",PRIMARY_SOURCE_MISSING,YELLOW,"{'handle': 'vendor_c', 'follower_count': 'vendor_c', 'reach_rate': 'vendor_c'}",,vendor_c,vendor_a has no record for this channel; filled from vendor_c (fallback).,No action needed. Tracked to monitor vendor coverage.,auto,[],,,,,,,
Q00456,CR00726,tiktok,"handle, follower_count, reach_rate, growth_rate, meaningful_eng_rate",PRIMARY_SOURCE_MISSING,YELLOW,"{'handle': 'vendor_b', 'follower_count': 'vendor_b', 'reach_rate': 'vendor_b', 'growth_rate': 'vendor_b', 'meaningful_eng_rate': 'vendor_b'}",,vendor_b,vendor_a has no record for this channel; filled from vendor_b (fallback).,No action needed. Tracked to monitor vendor coverage.,auto,[],,,,,,,
Q00457,CR00726,youtube,"handle, follower_count, reach_rate, growth_rate, meaningful_eng_rate",PRIMARY_SOURCE_MISSING,YELLOW,"{'handle': 'vendor_b', 'follower_count': 'vendor_b', 'reach_rate': 'vendor_b', 'growth_rate': 'vendor_b', 'meaningful_eng_rate': 'vendor_b'}",,vendor_b,vendor_a has no record for this channel; filled from vendor_b (fallback).,No action needed. Tracked to monitor vendor coverage.,auto,[],,,,,,,
Q00458,CR00727,tiktok,"handle, follower_count, reach_rate, growth_rate",PRIMARY_SOURCE_MISSING,YELLOW,"{'handle': 'vendor_b', 'follower_count': 'vendor_b', 'reach_rate': 'vendor_b', 'growth_rate': 'vendor_b'}",,vendor_b,vendor_a has no record for this channel; filled from vendor_b (fallback).,No action needed. Tracked to monitor vendor coverage.,auto,[],,,,,,,
Q00459,CR00728,instagram,"handle, follower_count, reach_rate, growth_rate, meaningful_eng_rate",PRIMARY_SOURCE_MISSING,YELLOW,"{'handle': 'vendor_b', 'follower_count': 'vendor_b', 'reach_rate': 'vendor_b', 'growth_rate': 'vendor_b', 'meaningful_eng_rate': 'vendor_b'}",,vendor_b,vendor_a has no record for this channel; filled from vendor_b (fallback).,No action needed. Tracked to monitor vendor coverage.,auto,[],,,,,,,
Q00460,CR00728,tiktok,"follower_count, reach_rate, growth_rate, meaningful_eng_rate",PRIMARY_SOURCE_MISSING,YELLOW,"{'follower_count': 'vendor_b', 'reach_rate': 'vendor_b', 'growth_rate': 'vendor_b', 'meaningful_eng_rate': 'vendor_b'}",,vendor_b,vendor_a has no record for this channel; filled from vendor_b (fallback).,No action needed. Tracked to monitor vendor coverage.,auto,[],,,,,,,
Q00461,CR00728,youtube,meaningful_eng_rate,PRIMARY_SOURCE_MISSING,YELLOW,{'meaningful_eng_rate': 'vendor_b'},,vendor_b,vendor_a's record lacks a valid value for meaningful_eng_rate; filled from vendor_b (fallback).,No action needed. Tracked to monitor vendor coverage.,auto,[],,,,,,,
Q00462,CR00729,youtube,"handle, follower_count, reach_rate, growth_rate, meaningful_eng_rate",PRIMARY_SOURCE_MISSING,YELLOW,"{'handle': 'vendor_b', 'follower_count': 'vendor_b', 'reach_rate': 'vendor_b', 'growth_rate': 'vendor_b', 'meaningful_eng_rate': 'vendor_b'}",,vendor_b,vendor_a has no record for this channel; filled from vendor_b (fallback).,No action needed. Tracked to monitor vendor coverage.,auto,[],,,,,,,
Q00463,CR00731,youtube,"handle, follower_count, reach_rate, growth_rate",PRIMARY_SOURCE_MISSING,YELLOW,"{'handle': 'vendor_c', 'follower_count': 'vendor_c', 'reach_rate': 'vendor_c', 'growth_rate': 'vendor_c'}",,vendor_c,vendor_a has no record for this channel; filled from vendor_c (fallback).,No action needed. Tracked to monitor vendor coverage.,auto,[],,,,,,,
Q00464,CR00732,tiktok,"handle, follower_count, reach_rate, growth_rate",PRIMARY_SOURCE_MISSING,YELLOW,"{'handle': 'vendor_b', 'follower_count': 'vendor_b', 'reach_rate': 'vendor_b', 'growth_rate': 'vendor_b'}",,vendor_b,vendor_a has no record for this channel; filled from vendor_b (fallback).,No action needed. Tracked to monitor vendor coverage.,auto,[],,,,,,,
Q00465,CR00734,instagram,"handle, follower_count, reach_rate, growth_rate",PRIMARY_SOURCE_MISSING,YELLOW,"{'handle': 'vendor_b', 'follower_count': 'vendor_b', 'reach_rate': 'vendor_b', 'growth_rate': 'vendor_b'}",,vendor_b,vendor_a has no record for this channel; filled from vendor_b (fallback).,No action needed. Tracked to monitor vendor coverage.,auto,[],,,,,,,
Q00466,CR00735,instagram,"handle, follower_count, reach_rate, meaningful_eng_rate",PRIMARY_SOURCE_MISSING,YELLOW,"{'handle': 'vendor_b', 'follower_count': 'vendor_b', 'reach_rate': 'vendor_b', 'meaningful_eng_rate': 'vendor_b'}",,vendor_b,vendor_a has no record for this channel; filled from vendor_b (fallback).,No action needed. Tracked to monitor vendor coverage.,auto,[],,,,,,,
Q00467,CR00739,instagram,"handle, follower_count, growth_rate",PRIMARY_SOURCE_MISSING,YELLOW,"{'handle': 'vendor_b', 'follower_count': 'vendor_b', 'growth_rate': 'vendor_b'}",,vendor_b,vendor_a has no record for this channel; filled from vendor_b (fallback).,No action needed. Tracked to monitor vendor coverage.,auto,[],,,,,,,
Q00468,CR00741,instagram,"handle, follower_count, reach_rate, growth_rate, meaningful_eng_rate",PRIMARY_SOURCE_MISSING,YELLOW,"{'handle': 'vendor_b', 'follower_count': 'vendor_b', 'reach_rate': 'vendor_b', 'growth_rate': 'vendor_b', 'meaningful_eng_rate': 'vendor_b'}",,vendor_b,vendor_a has no record for this channel; filled from vendor_b (fallback).,No action needed. Tracked to monitor vendor coverage.,auto,[],,,,,,,
Q00469,CR00746,instagram,"handle, follower_count, reach_rate, growth_rate, meaningful_eng_rate",PRIMARY_SOURCE_MISSING,YELLOW,"{'handle': 'vendor_b', 'follower_count': 'vendor_b', 'reach_rate': 'vendor_b', 'growth_rate': 'vendor_c', 'meaningful_eng_rate': 'vendor_b'}",,"vendor_b, vendor_c","vendor_a has no record for this channel; filled from vendor_b, vendor_c (fallback).",No action needed. Tracked to monitor vendor coverage.,auto,[],,,,,,,
Q00470,CR00747,youtube,handle,PRIMARY_SOURCE_MISSING,YELLOW,{'handle': 'vendor_b'},,vendor_b,vendor_a's record lacks a valid value for handle; filled from vendor_b (fallback).,No action needed. Tracked to monitor vendor coverage.,auto,[],,,,,,,
Q00471,CR00751,instagram,"handle, follower_count, reach_rate, growth_rate",PRIMARY_SOURCE_MISSING,YELLOW,"{'handle': 'vendor_b', 'follower_count': 'vendor_b', 'reach_rate': 'vendor_b', 'growth_rate': 'vendor_b'}",,vendor_b,vendor_a has no record for this channel; filled from vendor_b (fallback).,No action needed. Tracked to monitor vendor coverage.,auto,[],,,,,,,
Q00472,CR00752,instagram,"handle, follower_count, reach_rate, growth_rate",PRIMARY_SOURCE_MISSING,YELLOW,"{'handle': 'vendor_b', 'follower_count': 'vendor_b', 'reach_rate': 'vendor_b', 'growth_rate': 'vendor_b'}",,vendor_b,vendor_a has no record for this channel; filled from vendor_b (fallback).,No action needed. Tracked to monitor vendor coverage.,auto,[],,,,,,,
Q00473,CR00752,tiktok,"handle, follower_count, reach_rate, growth_rate",PRIMARY_SOURCE_MISSING,YELLOW,"{'handle': 'vendor_c', 'follower_count': 'vendor_c', 'reach_rate': 'vendor_c', 'growth_rate': 'vendor_c'}",,vendor_c,vendor_a has no record for this channel; filled from vendor_c (fallback).,No action needed. Tracked to monitor vendor coverage.,auto,[],,,,,,,
Q00474,CR00753,instagram,"handle, follower_count, reach_rate, growth_rate, meaningful_eng_rate",PRIMARY_SOURCE_MISSING,YELLOW,"{'handle': 'vendor_b', 'follower_count': 'vendor_b', 'reach_rate': 'vendor_b', 'growth_rate': 'vendor_b', 'meaningful_eng_rate': 'vendor_b'}",,vendor_b,vendor_a has no record for this channel; filled from vendor_b (fallback).,No action needed. Tracked to monitor vendor coverage.,auto,[],,,,,,,
Q00475,CR00754,tiktok,"handle, follower_count, growth_rate",PRIMARY_SOURCE_MISSING,YELLOW,"{'handle': 'vendor_c', 'follower_count': 'vendor_c', 'growth_rate': 'vendor_c'}",,vendor_c,vendor_a has no record for this channel; filled from vendor_c (fallback).,No action needed. Tracked to monitor vendor coverage.,auto,[],,,,,,,
Q00476,CR00755,instagram,"handle, follower_count, reach_rate",PRIMARY_SOURCE_MISSING,YELLOW,"{'handle': 'vendor_b', 'follower_count': 'vendor_b', 'reach_rate': 'vendor_b'}",,vendor_b,vendor_a has no record for this channel; filled from vendor_b (fallback).,No action needed. Tracked to monitor vendor coverage.,auto,[],,,,,,,
Q00477,CR00755,tiktok,reach_rate,PRIMARY_SOURCE_MISSING,YELLOW,{'reach_rate': 'vendor_b'},,vendor_b,vendor_a's record lacks a valid value for reach_rate; filled from vendor_b (fallback).,No action needed. Tracked to monitor vendor coverage.,auto,[],,,,,,,
Q00478,CR00757,tiktok,"handle, follower_count, reach_rate",PRIMARY_SOURCE_MISSING,YELLOW,"{'handle': 'vendor_c', 'follower_count': 'vendor_c', 'reach_rate': 'vendor_c'}",,vendor_c,vendor_a has no record for this channel; filled from vendor_c (fallback).,No action needed. Tracked to monitor vendor coverage.,auto,[],,,,,,,
Q00479,CR00757,youtube,"follower_count, reach_rate, growth_rate",PRIMARY_SOURCE_MISSING,YELLOW,"{'follower_count': 'vendor_c', 'reach_rate': 'vendor_c', 'growth_rate': 'vendor_c'}",,vendor_c,vendor_a has no record for this channel; filled from vendor_c (fallback).,No action needed. Tracked to monitor vendor coverage.,auto,[],,,,,,,
Q00480,CR00759,instagram,"handle, follower_count, reach_rate, growth_rate",PRIMARY_SOURCE_MISSING,YELLOW,"{'handle': 'vendor_b', 'follower_count': 'vendor_b', 'reach_rate': 'vendor_b', 'growth_rate': 'vendor_b'}",,vendor_b,vendor_a has no record for this channel; filled from vendor_b (fallback).,No action needed. Tracked to monitor vendor coverage.,auto,[],,,,,,,
Q00481,CR00760,instagram,"handle, follower_count, reach_rate, growth_rate",PRIMARY_SOURCE_MISSING,YELLOW,"{'handle': 'vendor_b', 'follower_count': 'vendor_b', 'reach_rate': 'vendor_b', 'growth_rate': 'vendor_b'}",,vendor_b,vendor_a has no record for this channel; filled from vendor_b (fallback).,No action needed. Tracked to monitor vendor coverage.,auto,[],,,,,,,
Q00482,CR00761,youtube,"handle, follower_count, reach_rate, growth_rate, meaningful_eng_rate",PRIMARY_SOURCE_MISSING,YELLOW,"{'handle': 'vendor_b', 'follower_count': 'vendor_b', 'reach_rate': 'vendor_b', 'growth_rate': 'vendor_b', 'meaningful_eng_rate': 'vendor_b'}",,vendor_b,vendor_a has no record for this channel; filled from vendor_b (fallback).,No action needed. Tracked to monitor vendor coverage.,auto,[],,,,,,,
Q00483,CR00764,youtube,"follower_count, reach_rate, growth_rate",PRIMARY_SOURCE_MISSING,YELLOW,"{'follower_count': 'vendor_b', 'reach_rate': 'vendor_b', 'growth_rate': 'vendor_b'}",,vendor_b,"vendor_a's record lacks a valid value for follower_count, reach_rate, growth_rate; filled from vendor_b (fallback).",No action needed. Tracked to monitor vendor coverage.,auto,[],,,,,,,
Q00484,CR00766,instagram,"handle, follower_count, reach_rate, growth_rate",PRIMARY_SOURCE_MISSING,YELLOW,"{'handle': 'vendor_b', 'follower_count': 'vendor_b', 'reach_rate': 'vendor_b', 'growth_rate': 'vendor_b'}",,vendor_b,vendor_a has no record for this channel; filled from vendor_b (fallback).,No action needed. Tracked to monitor vendor coverage.,auto,[],,,,,,,
Q00485,CR00766,tiktok,"handle, follower_count, reach_rate, growth_rate, meaningful_eng_rate",PRIMARY_SOURCE_MISSING,YELLOW,"{'handle': 'vendor_b', 'follower_count': 'vendor_b', 'reach_rate': 'vendor_b', 'growth_rate': 'vendor_b', 'meaningful_eng_rate': 'vendor_b'}",,vendor_b,vendor_a has no record for this channel; filled from vendor_b (fallback).,No action needed. Tracked to monitor vendor coverage.,auto,[],,,,,,,
Q00486,CR00769,instagram,"handle, follower_count, reach_rate, growth_rate, meaningful_eng_rate",PRIMARY_SOURCE_MISSING,YELLOW,"{'handle': 'vendor_b', 'follower_count': 'vendor_b', 'reach_rate': 'vendor_b', 'growth_rate': 'vendor_b', 'meaningful_eng_rate': 'vendor_b'}",,vendor_b,vendor_a has no record for this channel; filled from vendor_b (fallback).,No action needed. Tracked to monitor vendor coverage.,auto,[],,,,,,,
Q00487,CR00769,youtube,"handle, follower_count, reach_rate, growth_rate, meaningful_eng_rate",PRIMARY_SOURCE_MISSING,YELLOW,"{'handle': 'vendor_b', 'follower_count': 'vendor_b', 'reach_rate': 'vendor_b', 'growth_rate': 'vendor_b', 'meaningful_eng_rate': 'vendor_b'}",,vendor_b,vendor_a has no record for this channel; filled from vendor_b (fallback).,No action needed. Tracked to monitor vendor coverage.,auto,[],,,,,,,
Q00488,CR00770,youtube,"handle, follower_count, reach_rate, growth_rate, meaningful_eng_rate",PRIMARY_SOURCE_MISSING,YELLOW,"{'handle': 'vendor_b', 'follower_count': 'vendor_b', 'reach_rate': 'vendor_b', 'growth_rate': 'vendor_b', 'meaningful_eng_rate': 'vendor_b'}",,vendor_b,vendor_a's record is stale; filled from vendor_b (fallback).,No action needed. Tracked to monitor vendor coverage.,auto,[],,,,,,,
Q00489,CR00771,instagram,"handle, follower_count, reach_rate, growth_rate",PRIMARY_SOURCE_MISSING,YELLOW,"{'handle': 'vendor_c', 'follower_count': 'vendor_c', 'reach_rate': 'vendor_c', 'growth_rate': 'vendor_c'}",,vendor_c,vendor_a has no record for this channel; filled from vendor_c (fallback).,No action needed. Tracked to monitor vendor coverage.,auto,[],,,,,,,
Q00490,CR00771,tiktok,"handle, follower_count, reach_rate, growth_rate",PRIMARY_SOURCE_MISSING,YELLOW,"{'handle': 'vendor_b', 'follower_count': 'vendor_c', 'reach_rate': 'vendor_c', 'growth_rate': 'vendor_c'}",,"vendor_b, vendor_c","vendor_a has no record for this channel; filled from vendor_b, vendor_c (fallback).",No action needed. Tracked to monitor vendor coverage.,auto,[],,,,,,,
Q00491,CR00771,youtube,"handle, follower_count, reach_rate, growth_rate",PRIMARY_SOURCE_MISSING,YELLOW,"{'handle': 'vendor_c', 'follower_count': 'vendor_c', 'reach_rate': 'vendor_c', 'growth_rate': 'vendor_c'}",,vendor_c,vendor_a has no record for this channel; filled from vendor_c (fallback).,No action needed. Tracked to monitor vendor coverage.,auto,[],,,,,,,
Q00492,CR00772,tiktok,"handle, follower_count, reach_rate, growth_rate, meaningful_eng_rate",PRIMARY_SOURCE_MISSING,YELLOW,"{'handle': 'vendor_c', 'follower_count': 'vendor_c', 'reach_rate': 'vendor_c', 'growth_rate': 'vendor_c', 'meaningful_eng_rate': 'vendor_b'}",,"vendor_b, vendor_c","vendor_a has no record for this channel; filled from vendor_b, vendor_c (fallback).",No action needed. Tracked to monitor vendor coverage.,auto,[],,,,,,,
Q00493,CR00779,instagram,"handle, follower_count, reach_rate, growth_rate, meaningful_eng_rate",PRIMARY_SOURCE_MISSING,YELLOW,"{'handle': 'vendor_b', 'follower_count': 'vendor_b', 'reach_rate': 'vendor_b', 'growth_rate': 'vendor_b', 'meaningful_eng_rate': 'vendor_b'}",,vendor_b,vendor_a has no record for this channel; filled from vendor_b (fallback).,No action needed. Tracked to monitor vendor coverage.,auto,[],,,,,,,
Q00494,CR00779,tiktok,"handle, follower_count, reach_rate, growth_rate, meaningful_eng_rate",PRIMARY_SOURCE_MISSING,YELLOW,"{'handle': 'vendor_b', 'follower_count': 'vendor_b', 'reach_rate': 'vendor_b', 'growth_rate': 'vendor_b', 'meaningful_eng_rate': 'vendor_b'}",,vendor_b,vendor_a has no record for this channel; filled from vendor_b (fallback).,No action needed. Tracked to monitor vendor coverage.,auto,[],,,,,,,
Q00495,CR00785,instagram,"handle, meaningful_eng_rate",PRIMARY_SOURCE_MISSING,YELLOW,"{'handle': 'vendor_b', 'meaningful_eng_rate': 'vendor_b'}",,vendor_b,vendor_a has no record for this channel; filled from vendor_b (fallback).,No action needed. Tracked to monitor vendor coverage.,auto,[],,,,,,,
Q00496,CR00786,instagram,"handle, follower_count, reach_rate, growth_rate, meaningful_eng_rate",PRIMARY_SOURCE_MISSING,YELLOW,"{'handle': 'vendor_b', 'follower_count': 'vendor_b', 'reach_rate': 'vendor_b', 'growth_rate': 'vendor_b', 'meaningful_eng_rate': 'vendor_b'}",,vendor_b,vendor_a has no record for this channel; filled from vendor_b (fallback).,No action needed. Tracked to monitor vendor coverage.,auto,[],,,,,,,
Q00497,CR00786,tiktok,"handle, follower_count, reach_rate, growth_rate",PRIMARY_SOURCE_MISSING,YELLOW,"{'handle': 'vendor_b', 'follower_count': 'vendor_b', 'reach_rate': 'vendor_b', 'growth_rate': 'vendor_b'}",,vendor_b,vendor_a has no record for this channel; filled from vendor_b (fallback).,No action needed. Tracked to monitor vendor coverage.,auto,[],,,,,,,
Q00498,CR00788,youtube,reach_rate,PRIMARY_SOURCE_MISSING,YELLOW,{'reach_rate': 'vendor_b'},,vendor_b,vendor_a's record lacks a valid value for reach_rate; filled from vendor_b (fallback).,No action needed. Tracked to monitor vendor coverage.,auto,[],,,,,,,
Q00499,CR00789,instagram,"handle, follower_count, reach_rate, growth_rate, meaningful_eng_rate",PRIMARY_SOURCE_MISSING,YELLOW,"{'handle': 'vendor_b', 'follower_count': 'vendor_b', 'reach_rate': 'vendor_b', 'growth_rate': 'vendor_c', 'meaningful_eng_rate': 'vendor_b'}",,"vendor_b, vendor_c","vendor_a has no record for this channel; filled from vendor_b, vendor_c (fallback).",No action needed. Tracked to monitor vendor coverage.,auto,[],,,,,,,
Q00500,CR00789,tiktok,"handle, follower_count, reach_rate, growth_rate, meaningful_eng_rate",PRIMARY_SOURCE_MISSING,YELLOW,"{'handle': 'vendor_b', 'follower_count': 'vendor_b', 'reach_rate': 'vendor_b', 'growth_rate': 'vendor_b', 'meaningful_eng_rate': 'vendor_b'}",,vendor_b,vendor_a has no record for this channel; filled from vendor_b (fallback).,No action needed. Tracked to monitor vendor coverage.,auto,[],,,,,,,
Q00501,CR00791,instagram,"handle, follower_count, reach_rate, growth_rate, meaningful_eng_rate",PRIMARY_SOURCE_MISSING,YELLOW,"{'handle': 'vendor_b', 'follower_count': 'vendor_b', 'reach_rate': 'vendor_b', 'growth_rate': 'vendor_b', 'meaningful_eng_rate': 'vendor_b'}",,vendor_b,vendor_a has no record for this channel; filled from vendor_b (fallback).,No action needed. Tracked to monitor vendor coverage.,auto,[],,,,,,,
Q00502,CR00791,tiktok,"handle, follower_count, reach_rate, growth_rate, meaningful_eng_rate",PRIMARY_SOURCE_MISSING,YELLOW,"{'handle': 'vendor_b', 'follower_count': 'vendor_b', 'reach_rate': 'vendor_b', 'growth_rate': 'vendor_b', 'meaningful_eng_rate': 'vendor_b'}",,vendor_b,vendor_a has no record for this channel; filled from vendor_b (fallback).,No action needed. Tracked to monitor vendor coverage.,auto,[],,,,,,,
Q00503,CR00795,instagram,"handle, follower_count, reach_rate, growth_rate",PRIMARY_SOURCE_MISSING,YELLOW,"{'handle': 'vendor_b', 'follower_count': 'vendor_c', 'reach_rate': 'vendor_c', 'growth_rate': 'vendor_c'}",,"vendor_b, vendor_c","vendor_a has no record for this channel; filled from vendor_b, vendor_c (fallback).",No action needed. Tracked to monitor vendor coverage.,auto,[],,,,,,,
Q00504,CR00799,instagram,"handle, follower_count, reach_rate, growth_rate, meaningful_eng_rate",PRIMARY_SOURCE_MISSING,YELLOW,"{'handle': 'vendor_b', 'follower_count': 'vendor_b', 'reach_rate': 'vendor_b', 'growth_rate': 'vendor_b', 'meaningful_eng_rate': 'vendor_b'}",,vendor_b,vendor_a has no record for this channel; filled from vendor_b (fallback).,No action needed. Tracked to monitor vendor coverage.,auto,[],,,,,,,
Q00505,CR00805,tiktok,"handle, follower_count, reach_rate, growth_rate, meaningful_eng_rate",PRIMARY_SOURCE_MISSING,YELLOW,"{'handle': 'vendor_b', 'follower_count': 'vendor_b', 'reach_rate': 'vendor_b', 'growth_rate': 'vendor_b', 'meaningful_eng_rate': 'vendor_b'}",,vendor_b,vendor_a has no record for this channel; filled from vendor_b (fallback).,No action needed. Tracked to monitor vendor coverage.,auto,[],,,,,,,
Q00506,CR00808,instagram,"handle, follower_count, reach_rate, growth_rate",PRIMARY_SOURCE_MISSING,YELLOW,"{'handle': 'vendor_c', 'follower_count': 'vendor_c', 'reach_rate': 'vendor_c', 'growth_rate': 'vendor_c'}",,vendor_c,vendor_a has no record for this channel; filled from vendor_c (fallback).,No action needed. Tracked to monitor vendor coverage.,auto,[],,,,,,,
Q00507,CR00808,tiktok,"handle, follower_count, reach_rate, growth_rate, meaningful_eng_rate",PRIMARY_SOURCE_MISSING,YELLOW,"{'handle': 'vendor_b', 'follower_count': 'vendor_b', 'reach_rate': 'vendor_b', 'growth_rate': 'vendor_b', 'meaningful_eng_rate': 'vendor_b'}",,vendor_b,vendor_a has no record for this channel; filled from vendor_b (fallback).,No action needed. Tracked to monitor vendor coverage.,auto,[],,,,,,,
Q00508,CR00811,tiktok,"handle, follower_count, reach_rate, growth_rate, meaningful_eng_rate",PRIMARY_SOURCE_MISSING,YELLOW,"{'handle': 'vendor_b', 'follower_count': 'vendor_b', 'reach_rate': 'vendor_b', 'growth_rate': 'vendor_c', 'meaningful_eng_rate': 'vendor_b'}",,"vendor_b, vendor_c","vendor_a has no record for this channel; filled from vendor_b, vendor_c (fallback).",No action needed. Tracked to monitor vendor coverage.,auto,[],,,,,,,
Q00509,CR00817,instagram,"handle, follower_count, reach_rate, growth_rate, meaningful_eng_rate",PRIMARY_SOURCE_MISSING,YELLOW,"{'handle': 'vendor_b', 'follower_count': 'vendor_b', 'reach_rate': 'vendor_b', 'growth_rate': 'vendor_b', 'meaningful_eng_rate': 'vendor_b'}",,vendor_b,vendor_a has no record for this channel; filled from vendor_b (fallback).,No action needed. Tracked to monitor vendor coverage.,auto,[],,,,,,,
Q00510,CR00817,youtube,"handle, follower_count, reach_rate, growth_rate, meaningful_eng_rate",PRIMARY_SOURCE_MISSING,YELLOW,"{'handle': 'vendor_b', 'follower_count': 'vendor_b', 'reach_rate': 'vendor_b', 'growth_rate': 'vendor_b', 'meaningful_eng_rate': 'vendor_b'}",,vendor_b,vendor_a has no record for this channel; filled from vendor_b (fallback).,No action needed. Tracked to monitor vendor coverage.,auto,[],,,,,,,
Q00511,CR00822,youtube,"follower_count, growth_rate",PRIMARY_SOURCE_MISSING,YELLOW,"{'follower_count': 'vendor_c', 'growth_rate': 'vendor_c'}",,vendor_c,"vendor_a's record lacks a valid value for follower_count, growth_rate; filled from vendor_c (fallback).",No action needed. Tracked to monitor vendor coverage.,auto,[],,,,,,,
Q00512,CR00823,instagram,"handle, follower_count, reach_rate, growth_rate",PRIMARY_SOURCE_MISSING,YELLOW,"{'handle': 'vendor_b', 'follower_count': 'vendor_b', 'reach_rate': 'vendor_b', 'growth_rate': 'vendor_b'}",,vendor_b,vendor_a has no record for this channel; filled from vendor_b (fallback).,No action needed. Tracked to monitor vendor coverage.,auto,[],,,,,,,
Q00513,CR00828,instagram,"handle, follower_count, reach_rate, meaningful_eng_rate",PRIMARY_SOURCE_MISSING,YELLOW,"{'handle': 'vendor_b', 'follower_count': 'vendor_b', 'reach_rate': 'vendor_b', 'meaningful_eng_rate': 'vendor_b'}",,vendor_b,vendor_a has no record for this channel; filled from vendor_b (fallback).,No action needed. Tracked to monitor vendor coverage.,auto,[],,,,,,,
Q00514,CR00829,tiktok,"handle, follower_count, reach_rate, growth_rate, meaningful_eng_rate",PRIMARY_SOURCE_MISSING,YELLOW,"{'handle': 'vendor_b', 'follower_count': 'vendor_b', 'reach_rate': 'vendor_b', 'growth_rate': 'vendor_b', 'meaningful_eng_rate': 'vendor_b'}",,vendor_b,vendor_a has no record for this channel; filled from vendor_b (fallback).,No action needed. Tracked to monitor vendor coverage.,auto,[],,,,,,,
Q00515,CR00830,instagram,"handle, follower_count, reach_rate, growth_rate, meaningful_eng_rate",PRIMARY_SOURCE_MISSING,YELLOW,"{'handle': 'vendor_b', 'follower_count': 'vendor_b', 'reach_rate': 'vendor_b', 'growth_rate': 'vendor_b', 'meaningful_eng_rate': 'vendor_b'}",,vendor_b,vendor_a has no record for this channel; filled from vendor_b (fallback).,No action needed. Tracked to monitor vendor coverage.,auto,[],,,,,,,
Q00516,CR00831,instagram,handle,PRIMARY_SOURCE_MISSING,YELLOW,{'handle': 'vendor_c'},,vendor_c,vendor_a has no record for this channel; filled from vendor_c (fallback).,No action needed. Tracked to monitor vendor coverage.,auto,[],,,,,,,
Q00517,CR00831,tiktok,handle,PRIMARY_SOURCE_MISSING,YELLOW,{'handle': 'vendor_c'},,vendor_c,vendor_a has no record for this channel; filled from vendor_c (fallback).,No action needed. Tracked to monitor vendor coverage.,auto,[],,,,,,,
Q00518,CR00831,youtube,meaningful_eng_rate,PRIMARY_SOURCE_MISSING,YELLOW,{'meaningful_eng_rate': 'vendor_b'},,vendor_b,vendor_a's record lacks a valid value for meaningful_eng_rate; filled from vendor_b (fallback).,No action needed. Tracked to monitor vendor coverage.,auto,[],,,,,,,
Q00519,CR00832,tiktok,"follower_count, reach_rate, growth_rate, meaningful_eng_rate",PRIMARY_SOURCE_MISSING,YELLOW,"{'follower_count': 'vendor_b', 'reach_rate': 'vendor_b', 'growth_rate': 'vendor_b', 'meaningful_eng_rate': 'vendor_b'}",,vendor_b,vendor_a has no record for this channel; filled from vendor_b (fallback).,No action needed. Tracked to monitor vendor coverage.,auto,[],,,,,,,
Q00520,CR00835,tiktok,"handle, follower_count, reach_rate, growth_rate",PRIMARY_SOURCE_MISSING,YELLOW,"{'handle': 'vendor_b', 'follower_count': 'vendor_b', 'reach_rate': 'vendor_b', 'growth_rate': 'vendor_b'}",,vendor_b,vendor_a has no record for this channel; filled from vendor_b (fallback).,No action needed. Tracked to monitor vendor coverage.,auto,[],,,,,,,
Q00521,CR00837,tiktok,"handle, follower_count, reach_rate, growth_rate, meaningful_eng_rate",PRIMARY_SOURCE_MISSING,YELLOW,"{'handle': 'vendor_b', 'follower_count': 'vendor_b', 'reach_rate': 'vendor_b', 'growth_rate': 'vendor_b', 'meaningful_eng_rate': 'vendor_b'}",,vendor_b,vendor_a has no record for this channel; filled from vendor_b (fallback).,No action needed. Tracked to monitor vendor coverage.,auto,[],,,,,,,
Q00522,CR00839,instagram,"handle, follower_count, reach_rate, growth_rate",PRIMARY_SOURCE_MISSING,YELLOW,"{'handle': 'vendor_b', 'follower_count': 'vendor_b', 'reach_rate': 'vendor_b', 'growth_rate': 'vendor_c'}",,"vendor_b, vendor_c","vendor_a has no record for this channel; filled from vendor_b, vendor_c (fallback).",No action needed. Tracked to monitor vendor coverage.,auto,[],,,,,,,
Q00523,CR00839,tiktok,"handle, follower_count, reach_rate, growth_rate, meaningful_eng_rate",PRIMARY_SOURCE_MISSING,YELLOW,"{'handle': 'vendor_b', 'follower_count': 'vendor_c', 'reach_rate': 'vendor_c', 'growth_rate': 'vendor_c', 'meaningful_eng_rate': 'vendor_b'}",,"vendor_b, vendor_c","vendor_a has no record for this channel; filled from vendor_b, vendor_c (fallback).",No action needed. Tracked to monitor vendor coverage.,auto,[],,,,,,,
Q00524,CR00843,tiktok,"handle, meaningful_eng_rate",PRIMARY_SOURCE_MISSING,YELLOW,"{'handle': 'vendor_b', 'meaningful_eng_rate': 'vendor_b'}",,vendor_b,vendor_a has no record for this channel; filled from vendor_b (fallback).,No action needed. Tracked to monitor vendor coverage.,auto,[],,,,,,,
Q00525,CR00844,youtube,"handle, follower_count, reach_rate, growth_rate",PRIMARY_SOURCE_MISSING,YELLOW,"{'handle': 'vendor_c', 'follower_count': 'vendor_c', 'reach_rate': 'vendor_c', 'growth_rate': 'vendor_c'}",,vendor_c,vendor_a has no record for this channel; filled from vendor_c (fallback).,No action needed. Tracked to monitor vendor coverage.,auto,[],,,,,,,
Q00526,CR00846,instagram,"handle, meaningful_eng_rate",PRIMARY_SOURCE_MISSING,YELLOW,"{'handle': 'vendor_b', 'meaningful_eng_rate': 'vendor_b'}",,vendor_b,vendor_a has no record for this channel; filled from vendor_b (fallback).,No action needed. Tracked to monitor vendor coverage.,auto,[],,,,,,,
Q00527,CR00846,tiktok,"handle, follower_count, reach_rate, growth_rate, meaningful_eng_rate",PRIMARY_SOURCE_MISSING,YELLOW,"{'handle': 'vendor_b', 'follower_count': 'vendor_b', 'reach_rate': 'vendor_b', 'growth_rate': 'vendor_b', 'meaningful_eng_rate': 'vendor_b'}",,vendor_b,vendor_a has no record for this channel; filled from vendor_b (fallback).,No action needed. Tracked to monitor vendor coverage.,auto,[],,,,,,,
Q00528,CR00847,instagram,"handle, follower_count, reach_rate, growth_rate",PRIMARY_SOURCE_MISSING,YELLOW,"{'handle': 'vendor_b', 'follower_count': 'vendor_b', 'reach_rate': 'vendor_b', 'growth_rate': 'vendor_b'}",,vendor_b,vendor_a has no record for this channel; filled from vendor_b (fallback).,No action needed. Tracked to monitor vendor coverage.,auto,[],,,,,,,
Q00529,CR00848,instagram,"handle, follower_count, reach_rate, growth_rate",PRIMARY_SOURCE_MISSING,YELLOW,"{'handle': 'vendor_b', 'follower_count': 'vendor_b', 'reach_rate': 'vendor_b', 'growth_rate': 'vendor_b'}",,vendor_b,vendor_a has no record for this channel; filled from vendor_b (fallback).,No action needed. Tracked to monitor vendor coverage.,auto,[],,,,,,,
Q00530,CR00851,instagram,"follower_count, reach_rate, meaningful_eng_rate",PRIMARY_SOURCE_MISSING,YELLOW,"{'follower_count': 'vendor_b', 'reach_rate': 'vendor_b', 'meaningful_eng_rate': 'vendor_b'}",,vendor_b,vendor_a has no record for this channel; filled from vendor_b (fallback).,No action needed. Tracked to monitor vendor coverage.,auto,[],,,,,,,
Q00531,CR00855,instagram,"handle, follower_count, reach_rate, meaningful_eng_rate",PRIMARY_SOURCE_MISSING,YELLOW,"{'handle': 'vendor_b', 'follower_count': 'vendor_b', 'reach_rate': 'vendor_b', 'meaningful_eng_rate': 'vendor_b'}",,vendor_b,vendor_a has no record for this channel; filled from vendor_b (fallback).,No action needed. Tracked to monitor vendor coverage.,auto,[],,,,,,,
Q00532,CR00856,instagram,"reach_rate, meaningful_eng_rate",PRIMARY_SOURCE_MISSING,YELLOW,"{'reach_rate': 'vendor_b', 'meaningful_eng_rate': 'vendor_b'}",,vendor_b,"vendor_a's record lacks a valid value for reach_rate, meaningful_eng_rate; filled from vendor_b (fallback).",No action needed. Tracked to monitor vendor coverage.,auto,[],,,,,,,
Q00533,CR00857,instagram,"handle, follower_count, reach_rate, growth_rate, meaningful_eng_rate",PRIMARY_SOURCE_MISSING,YELLOW,"{'handle': 'vendor_b', 'follower_count': 'vendor_b', 'reach_rate': 'vendor_b', 'growth_rate': 'vendor_b', 'meaningful_eng_rate': 'vendor_b'}",,vendor_b,vendor_a has no record for this channel; filled from vendor_b (fallback).,No action needed. Tracked to monitor vendor coverage.,auto,[],,,,,,,
Q00534,CR00857,tiktok,"follower_count, reach_rate, growth_rate",PRIMARY_SOURCE_MISSING,YELLOW,"{'follower_count': 'vendor_b', 'reach_rate': 'vendor_b', 'growth_rate': 'vendor_b'}",,vendor_b,vendor_a has no record for this channel; filled from vendor_b (fallback).,No action needed. Tracked to monitor vendor coverage.,auto,[],,,,,,,
Q00535,CR00858,instagram,"handle, follower_count, reach_rate, growth_rate, meaningful_eng_rate",PRIMARY_SOURCE_MISSING,YELLOW,"{'handle': 'vendor_b', 'follower_count': 'vendor_b', 'reach_rate': 'vendor_b', 'growth_rate': 'vendor_b', 'meaningful_eng_rate': 'vendor_b'}",,vendor_b,vendor_a's record is stale; filled from vendor_b (fallback).,No action needed. Tracked to monitor vendor coverage.,auto,[],,,,,,,
Q00536,CR00859,tiktok,"handle, follower_count, reach_rate, meaningful_eng_rate",PRIMARY_SOURCE_MISSING,YELLOW,"{'handle': 'vendor_b', 'follower_count': 'vendor_b', 'reach_rate': 'vendor_b', 'meaningful_eng_rate': 'vendor_b'}",,vendor_b,vendor_a has no record for this channel; filled from vendor_b (fallback).,No action needed. Tracked to monitor vendor coverage.,auto,[],,,,,,,
Q00537,CR00865,tiktok,"handle, follower_count, reach_rate, meaningful_eng_rate",PRIMARY_SOURCE_MISSING,YELLOW,"{'handle': 'vendor_b', 'follower_count': 'vendor_b', 'reach_rate': 'vendor_b', 'meaningful_eng_rate': 'vendor_b'}",,vendor_b,vendor_a has no record for this channel; filled from vendor_b (fallback).,No action needed. Tracked to monitor vendor coverage.,auto,[],,,,,,,
Q00538,CR00869,youtube,"handle, follower_count, reach_rate, growth_rate, meaningful_eng_rate",PRIMARY_SOURCE_MISSING,YELLOW,"{'handle': 'vendor_b', 'follower_count': 'vendor_b', 'reach_rate': 'vendor_b', 'growth_rate': 'vendor_b', 'meaningful_eng_rate': 'vendor_c'}",,"vendor_b, vendor_c","vendor_a's record is stale; filled from vendor_b, vendor_c (fallback).",No action needed. Tracked to monitor vendor coverage.,auto,[],,,,,,,
Q00539,CR00873,instagram,"handle, follower_count, reach_rate, growth_rate, meaningful_eng_rate",PRIMARY_SOURCE_MISSING,YELLOW,"{'handle': 'vendor_b', 'follower_count': 'vendor_b', 'reach_rate': 'vendor_b', 'growth_rate': 'vendor_b', 'meaningful_eng_rate': 'vendor_b'}",,vendor_b,vendor_a has no record for this channel; filled from vendor_b (fallback).,No action needed. Tracked to monitor vendor coverage.,auto,[],,,,,,,
Q00540,CR00874,tiktok,"handle, follower_count, reach_rate, meaningful_eng_rate",PRIMARY_SOURCE_MISSING,YELLOW,"{'handle': 'vendor_b', 'follower_count': 'vendor_b', 'reach_rate': 'vendor_b', 'meaningful_eng_rate': 'vendor_b'}",,vendor_b,vendor_a has no record for this channel; filled from vendor_b (fallback).,No action needed. Tracked to monitor vendor coverage.,auto,[],,,,,,,
Q00541,CR00876,tiktok,"handle, follower_count, reach_rate, growth_rate, meaningful_eng_rate",PRIMARY_SOURCE_MISSING,YELLOW,"{'handle': 'vendor_c', 'follower_count': 'vendor_b', 'reach_rate': 'vendor_b', 'growth_rate': 'vendor_b', 'meaningful_eng_rate': 'vendor_b'}",,"vendor_b, vendor_c","vendor_a has no record for this channel; filled from vendor_b, vendor_c (fallback).",No action needed. Tracked to monitor vendor coverage.,auto,[],,,,,,,
Q00542,CR00880,instagram,"handle, follower_count, reach_rate, growth_rate, meaningful_eng_rate",PRIMARY_SOURCE_MISSING,YELLOW,"{'handle': 'vendor_b', 'follower_count': 'vendor_b', 'reach_rate': 'vendor_b', 'growth_rate': 'vendor_b', 'meaningful_eng_rate': 'vendor_b'}",,vendor_b,vendor_a has no record for this channel; filled from vendor_b (fallback).,No action needed. Tracked to monitor vendor coverage.,auto,[],,,,,,,
Q00543,CR00880,tiktok,"handle, follower_count, reach_rate, growth_rate, meaningful_eng_rate",PRIMARY_SOURCE_MISSING,YELLOW,"{'handle': 'vendor_b', 'follower_count': 'vendor_b', 'reach_rate': 'vendor_b', 'growth_rate': 'vendor_b', 'meaningful_eng_rate': 'vendor_b'}",,vendor_b,vendor_a has no record for this channel; filled from vendor_b (fallback).,No action needed. Tracked to monitor vendor coverage.,auto,[],,,,,,,
Q00544,CR00881,instagram,"handle, follower_count, reach_rate, growth_rate, meaningful_eng_rate",PRIMARY_SOURCE_MISSING,YELLOW,"{'handle': 'vendor_b', 'follower_count': 'vendor_b', 'reach_rate': 'vendor_b', 'growth_rate': 'vendor_b', 'meaningful_eng_rate': 'vendor_b'}",,vendor_b,vendor_a has no record for this channel; filled from vendor_b (fallback).,No action needed. Tracked to monitor vendor coverage.,auto,[],,,,,,,
Q00545,CR00881,tiktok,"handle, follower_count, reach_rate, meaningful_eng_rate",PRIMARY_SOURCE_MISSING,YELLOW,"{'handle': 'vendor_b', 'follower_count': 'vendor_b', 'reach_rate': 'vendor_b', 'meaningful_eng_rate': 'vendor_b'}",,vendor_b,vendor_a has no record for this channel; filled from vendor_b (fallback).,No action needed. Tracked to monitor vendor coverage.,auto,[],,,,,,,
Q00546,CR00881,youtube,"handle, follower_count, reach_rate, growth_rate, meaningful_eng_rate",PRIMARY_SOURCE_MISSING,YELLOW,"{'handle': 'vendor_b', 'follower_count': 'vendor_b', 'reach_rate': 'vendor_b', 'growth_rate': 'vendor_b', 'meaningful_eng_rate': 'vendor_b'}",,vendor_b,vendor_a has no record for this channel; filled from vendor_b (fallback).,No action needed. Tracked to monitor vendor coverage.,auto,[],,,,,,,
Q00547,CR00882,tiktok,"handle, follower_count, reach_rate, growth_rate, meaningful_eng_rate",PRIMARY_SOURCE_MISSING,YELLOW,"{'handle': 'vendor_b', 'follower_count': 'vendor_b', 'reach_rate': 'vendor_b', 'growth_rate': 'vendor_b', 'meaningful_eng_rate': 'vendor_b'}",,vendor_b,vendor_a has no record for this channel; filled from vendor_b (fallback).,No action needed. Tracked to monitor vendor coverage.,auto,[],,,,,,,
Q00548,CR00883,instagram,"handle, follower_count, reach_rate, growth_rate, meaningful_eng_rate",PRIMARY_SOURCE_MISSING,YELLOW,"{'handle': 'vendor_b', 'follower_count': 'vendor_b', 'reach_rate': 'vendor_b', 'growth_rate': 'vendor_b', 'meaningful_eng_rate': 'vendor_b'}",,vendor_b,vendor_a has no record for this channel; filled from vendor_b (fallback).,No action needed. Tracked to monitor vendor coverage.,auto,[],,,,,,,
Q00549,CR00883,youtube,"handle, follower_count, growth_rate, meaningful_eng_rate",PRIMARY_SOURCE_MISSING,YELLOW,"{'handle': 'vendor_c', 'follower_count': 'vendor_c', 'growth_rate': 'vendor_c', 'meaningful_eng_rate': 'vendor_c'}",,vendor_c,vendor_a has no record for this channel; filled from vendor_c (fallback).,No action needed. Tracked to monitor vendor coverage.,auto,[],,,,,,,
Q00550,CR00889,instagram,"handle, follower_count, reach_rate, growth_rate",PRIMARY_SOURCE_MISSING,YELLOW,"{'handle': 'vendor_b', 'follower_count': 'vendor_b', 'reach_rate': 'vendor_b', 'growth_rate': 'vendor_b'}",,vendor_b,vendor_a has no record for this channel; filled from vendor_b (fallback).,No action needed. Tracked to monitor vendor coverage.,auto,[],,,,,,,
Q00551,CR00889,tiktok,"handle, follower_count, reach_rate, growth_rate, meaningful_eng_rate",PRIMARY_SOURCE_MISSING,YELLOW,"{'handle': 'vendor_b', 'follower_count': 'vendor_b', 'reach_rate': 'vendor_b', 'growth_rate': 'vendor_b', 'meaningful_eng_rate': 'vendor_b'}",,vendor_b,vendor_a has no record for this channel; filled from vendor_b (fallback).,No action needed. Tracked to monitor vendor coverage.,auto,[],,,,,,,
Q00552,CR00891,instagram,"handle, follower_count, reach_rate, growth_rate, meaningful_eng_rate",PRIMARY_SOURCE_MISSING,YELLOW,"{'handle': 'vendor_b', 'follower_count': 'vendor_b', 'reach_rate': 'vendor_b', 'growth_rate': 'vendor_b', 'meaningful_eng_rate': 'vendor_b'}",,vendor_b,vendor_a has no record for this channel; filled from vendor_b (fallback).,No action needed. Tracked to monitor vendor coverage.,auto,[],,,,,,,
Q00553,CR00891,tiktok,"handle, follower_count, reach_rate, growth_rate, meaningful_eng_rate",PRIMARY_SOURCE_MISSING,YELLOW,"{'handle': 'vendor_b', 'follower_count': 'vendor_b', 'reach_rate': 'vendor_b', 'growth_rate': 'vendor_b', 'meaningful_eng_rate': 'vendor_b'}",,vendor_b,vendor_a has no record for this channel; filled from vendor_b (fallback).,No action needed. Tracked to monitor vendor coverage.,auto,[],,,,,,,
Q00554,CR00895,tiktok,"handle, follower_count, reach_rate, growth_rate, meaningful_eng_rate",PRIMARY_SOURCE_MISSING,YELLOW,"{'handle': 'vendor_c', 'follower_count': 'vendor_b', 'reach_rate': 'vendor_b', 'growth_rate': 'vendor_b', 'meaningful_eng_rate': 'vendor_b'}",,"vendor_b, vendor_c","vendor_a has no record for this channel; filled from vendor_b, vendor_c (fallback).",No action needed. Tracked to monitor vendor coverage.,auto,[],,,,,,,
Q00555,CR00897,instagram,"handle, follower_count, reach_rate, growth_rate",PRIMARY_SOURCE_MISSING,YELLOW,"{'handle': 'vendor_b', 'follower_count': 'vendor_b', 'reach_rate': 'vendor_b', 'growth_rate': 'vendor_b'}",,vendor_b,vendor_a has no record for this channel; filled from vendor_b (fallback).,No action needed. Tracked to monitor vendor coverage.,auto,[],,,,,,,
Q00556,CR00897,tiktok,"handle, meaningful_eng_rate",PRIMARY_SOURCE_MISSING,YELLOW,"{'handle': 'vendor_b', 'meaningful_eng_rate': 'vendor_b'}",,vendor_b,vendor_a has no record for this channel; filled from vendor_b (fallback).,No action needed. Tracked to monitor vendor coverage.,auto,[],,,,,,,
Q00557,CR00899,instagram,"handle, follower_count, reach_rate, growth_rate, meaningful_eng_rate",PRIMARY_SOURCE_MISSING,YELLOW,"{'handle': 'vendor_b', 'follower_count': 'vendor_b', 'reach_rate': 'vendor_b', 'growth_rate': 'vendor_b', 'meaningful_eng_rate': 'vendor_b'}",,vendor_b,vendor_a has no record for this channel; filled from vendor_b (fallback).,No action needed. Tracked to monitor vendor coverage.,auto,[],,,,,,,
Q00558,CR00899,tiktok,"handle, follower_count, reach_rate, growth_rate, meaningful_eng_rate",PRIMARY_SOURCE_MISSING,YELLOW,"{'handle': 'vendor_b', 'follower_count': 'vendor_b', 'reach_rate': 'vendor_b', 'growth_rate': 'vendor_b', 'meaningful_eng_rate': 'vendor_b'}",,vendor_b,vendor_a has no record for this channel; filled from vendor_b (fallback).,No action needed. Tracked to monitor vendor coverage.,auto,[],,,,,,,
Q00559,CR00901,tiktok,"handle, follower_count, meaningful_eng_rate",PRIMARY_SOURCE_MISSING,YELLOW,"{'handle': 'vendor_b', 'follower_count': 'vendor_b', 'meaningful_eng_rate': 'vendor_b'}",,vendor_b,vendor_a has no record for this channel; filled from vendor_b (fallback).,No action needed. Tracked to monitor vendor coverage.,auto,[],,,,,,,
Q00560,CR00901,youtube,"handle, follower_count, reach_rate, growth_rate, meaningful_eng_rate",PRIMARY_SOURCE_MISSING,YELLOW,"{'handle': 'vendor_b', 'follower_count': 'vendor_b', 'reach_rate': 'vendor_b', 'growth_rate': 'vendor_b', 'meaningful_eng_rate': 'vendor_b'}",,vendor_b,vendor_a has no record for this channel; filled from vendor_b (fallback).,No action needed. Tracked to monitor vendor coverage.,auto,[],,,,,,,
Q00561,CR00902,instagram,"handle, follower_count, reach_rate, growth_rate",PRIMARY_SOURCE_MISSING,YELLOW,"{'handle': 'vendor_c', 'follower_count': 'vendor_c', 'reach_rate': 'vendor_c', 'growth_rate': 'vendor_c'}",,vendor_c,vendor_a has no record for this channel; filled from vendor_c (fallback).,No action needed. Tracked to monitor vendor coverage.,auto,[],,,,,,,
Q00562,CR00914,instagram,"handle, follower_count, reach_rate, growth_rate, meaningful_eng_rate",PRIMARY_SOURCE_MISSING,YELLOW,"{'handle': 'vendor_b', 'follower_count': 'vendor_b', 'reach_rate': 'vendor_b', 'growth_rate': 'vendor_b', 'meaningful_eng_rate': 'vendor_b'}",,vendor_b,vendor_a has no record for this channel; filled from vendor_b (fallback).,No action needed. Tracked to monitor vendor coverage.,auto,[],,,,,,,
Q00563,CR00916,instagram,"handle, follower_count, reach_rate, meaningful_eng_rate",PRIMARY_SOURCE_MISSING,YELLOW,"{'handle': 'vendor_b', 'follower_count': 'vendor_b', 'reach_rate': 'vendor_b', 'meaningful_eng_rate': 'vendor_b'}",,vendor_b,vendor_a has no record for this channel; filled from vendor_b (fallback).,No action needed. Tracked to monitor vendor coverage.,auto,[],,,,,,,
Q00564,CR00916,youtube,reach_rate,PRIMARY_SOURCE_MISSING,YELLOW,{'reach_rate': 'vendor_c'},,vendor_c,vendor_a's record lacks a valid value for reach_rate; filled from vendor_c (fallback).,No action needed. Tracked to monitor vendor coverage.,auto,[],,,,,,,
Q00565,CR00919,tiktok,"handle, follower_count, reach_rate, growth_rate",PRIMARY_SOURCE_MISSING,YELLOW,"{'handle': 'vendor_b', 'follower_count': 'vendor_b', 'reach_rate': 'vendor_b', 'growth_rate': 'vendor_b'}",,vendor_b,vendor_a has no record for this channel; filled from vendor_b (fallback).,No action needed. Tracked to monitor vendor coverage.,auto,[],,,,,,,
Q00566,CR00923,instagram,"handle, follower_count, reach_rate, growth_rate",PRIMARY_SOURCE_MISSING,YELLOW,"{'handle': 'vendor_b', 'follower_count': 'vendor_b', 'reach_rate': 'vendor_b', 'growth_rate': 'vendor_b'}",,vendor_b,vendor_a has no record for this channel; filled from vendor_b (fallback).,No action needed. Tracked to monitor vendor coverage.,auto,[],,,,,,,
Q00567,CR00923,tiktok,"handle, follower_count, reach_rate, growth_rate",PRIMARY_SOURCE_MISSING,YELLOW,"{'handle': 'vendor_c', 'follower_count': 'vendor_c', 'reach_rate': 'vendor_c', 'growth_rate': 'vendor_c'}",,vendor_c,vendor_a has no record for this channel; filled from vendor_c (fallback).,No action needed. Tracked to monitor vendor coverage.,auto,[],,,,,,,
Q00568,CR00923,youtube,"handle, follower_count, reach_rate, growth_rate, meaningful_eng_rate",PRIMARY_SOURCE_MISSING,YELLOW,"{'handle': 'vendor_b', 'follower_count': 'vendor_b', 'reach_rate': 'vendor_b', 'growth_rate': 'vendor_b', 'meaningful_eng_rate': 'vendor_b'}",,vendor_b,vendor_a's record is stale; filled from vendor_b (fallback).,No action needed. Tracked to monitor vendor coverage.,auto,[],,,,,,,
Q00569,CR00924,instagram,"handle, follower_count, reach_rate, growth_rate, meaningful_eng_rate",PRIMARY_SOURCE_MISSING,YELLOW,"{'handle': 'vendor_b', 'follower_count': 'vendor_b', 'reach_rate': 'vendor_b', 'growth_rate': 'vendor_b', 'meaningful_eng_rate': 'vendor_b'}",,vendor_b,vendor_a has no record for this channel; filled from vendor_b (fallback).,No action needed. Tracked to monitor vendor coverage.,auto,[],,,,,,,
Q00570,CR00924,tiktok,"handle, follower_count, reach_rate, growth_rate, meaningful_eng_rate",PRIMARY_SOURCE_MISSING,YELLOW,"{'handle': 'vendor_b', 'follower_count': 'vendor_b', 'reach_rate': 'vendor_b', 'growth_rate': 'vendor_b', 'meaningful_eng_rate': 'vendor_b'}",,vendor_b,vendor_a has no record for this channel; filled from vendor_b (fallback).,No action needed. Tracked to monitor vendor coverage.,auto,[],,,,,,,
Q00571,CR00926,instagram,"handle, meaningful_eng_rate",PRIMARY_SOURCE_MISSING,YELLOW,"{'handle': 'vendor_b', 'meaningful_eng_rate': 'vendor_b'}",,vendor_b,vendor_a has no record for this channel; filled from vendor_b (fallback).,No action needed. Tracked to monitor vendor coverage.,auto,[],,,,,,,
Q00572,CR00927,tiktok,"handle, follower_count, reach_rate, growth_rate, meaningful_eng_rate",PRIMARY_SOURCE_MISSING,YELLOW,"{'handle': 'vendor_b', 'follower_count': 'vendor_b', 'reach_rate': 'vendor_b', 'growth_rate': 'vendor_b', 'meaningful_eng_rate': 'vendor_b'}",,vendor_b,vendor_a has no record for this channel; filled from vendor_b (fallback).,No action needed. Tracked to monitor vendor coverage.,auto,[],,,,,,,
Q00573,CR00927,youtube,meaningful_eng_rate,PRIMARY_SOURCE_MISSING,YELLOW,{'meaningful_eng_rate': 'vendor_c'},,vendor_c,vendor_a's record lacks a valid value for meaningful_eng_rate; filled from vendor_c (fallback).,No action needed. Tracked to monitor vendor coverage.,auto,[],,,,,,,
Q00574,CR00928,instagram,"handle, follower_count, reach_rate, growth_rate, meaningful_eng_rate",PRIMARY_SOURCE_MISSING,YELLOW,"{'handle': 'vendor_b', 'follower_count': 'vendor_b', 'reach_rate': 'vendor_b', 'growth_rate': 'vendor_b', 'meaningful_eng_rate': 'vendor_b'}",,vendor_b,vendor_a has no record for this channel; filled from vendor_b (fallback).,No action needed. Tracked to monitor vendor coverage.,auto,[],,,,,,,
Q00575,CR00934,tiktok,"handle, follower_count, reach_rate, growth_rate, meaningful_eng_rate",PRIMARY_SOURCE_MISSING,YELLOW,"{'handle': 'vendor_b', 'follower_count': 'vendor_b', 'reach_rate': 'vendor_b', 'growth_rate': 'vendor_b', 'meaningful_eng_rate': 'vendor_b'}",,vendor_b,vendor_a has no record for this channel; filled from vendor_b (fallback).,No action needed. Tracked to monitor vendor coverage.,auto,[],,,,,,,
Q00576,CR00936,tiktok,"handle, follower_count, reach_rate, growth_rate, meaningful_eng_rate",PRIMARY_SOURCE_MISSING,YELLOW,"{'handle': 'vendor_b', 'follower_count': 'vendor_c', 'reach_rate': 'vendor_c', 'growth_rate': 'vendor_c', 'meaningful_eng_rate': 'vendor_b'}",,"vendor_b, vendor_c","vendor_a has no record for this channel; filled from vendor_b, vendor_c (fallback).",No action needed. Tracked to monitor vendor coverage.,auto,[],,,,,,,
Q00577,CR00937,instagram,"handle, follower_count, reach_rate, growth_rate, meaningful_eng_rate",PRIMARY_SOURCE_MISSING,YELLOW,"{'handle': 'vendor_b', 'follower_count': 'vendor_b', 'reach_rate': 'vendor_b', 'growth_rate': 'vendor_b', 'meaningful_eng_rate': 'vendor_b'}",,vendor_b,vendor_a has no record for this channel; filled from vendor_b (fallback).,No action needed. Tracked to monitor vendor coverage.,auto,[],,,,,,,
Q00578,CR00937,youtube,"handle, follower_count, reach_rate, growth_rate",PRIMARY_SOURCE_MISSING,YELLOW,"{'handle': 'vendor_b', 'follower_count': 'vendor_b', 'reach_rate': 'vendor_b', 'growth_rate': 'vendor_b'}",,vendor_b,vendor_a has no record for this channel; filled from vendor_b (fallback).,No action needed. Tracked to monitor vendor coverage.,auto,[],,,,,,,
Q00579,CR00939,tiktok,"handle, follower_count, reach_rate, growth_rate, meaningful_eng_rate",PRIMARY_SOURCE_MISSING,YELLOW,"{'handle': 'vendor_b', 'follower_count': 'vendor_b', 'reach_rate': 'vendor_b', 'growth_rate': 'vendor_b', 'meaningful_eng_rate': 'vendor_b'}",,vendor_b,vendor_a has no record for this channel; filled from vendor_b (fallback).,No action needed. Tracked to monitor vendor coverage.,auto,[],,,,,,,
Q00580,CR00942,tiktok,"handle, follower_count, reach_rate, growth_rate",PRIMARY_SOURCE_MISSING,YELLOW,"{'handle': 'vendor_b', 'follower_count': 'vendor_b', 'reach_rate': 'vendor_b', 'growth_rate': 'vendor_b'}",,vendor_b,vendor_a has no record for this channel; filled from vendor_b (fallback).,No action needed. Tracked to monitor vendor coverage.,auto,[],,,,,,,
Q00581,CR00942,youtube,"handle, follower_count, reach_rate, growth_rate, meaningful_eng_rate",PRIMARY_SOURCE_MISSING,YELLOW,"{'handle': 'vendor_c', 'follower_count': 'vendor_c', 'reach_rate': 'vendor_c', 'growth_rate': 'vendor_c', 'meaningful_eng_rate': 'vendor_c'}",,vendor_c,vendor_a has no record for this channel; filled from vendor_c (fallback).,No action needed. Tracked to monitor vendor coverage.,auto,[],,,,,,,
Q00582,CR00949,instagram,"handle, follower_count, reach_rate, growth_rate, meaningful_eng_rate",PRIMARY_SOURCE_MISSING,YELLOW,"{'handle': 'vendor_b', 'follower_count': 'vendor_b', 'reach_rate': 'vendor_b', 'growth_rate': 'vendor_b', 'meaningful_eng_rate': 'vendor_b'}",,vendor_b,vendor_a has no record for this channel; filled from vendor_b (fallback).,No action needed. Tracked to monitor vendor coverage.,auto,[],,,,,,,
Q00583,CR00952,instagram,"handle, follower_count, reach_rate, growth_rate, meaningful_eng_rate",PRIMARY_SOURCE_MISSING,YELLOW,"{'handle': 'vendor_b', 'follower_count': 'vendor_b', 'reach_rate': 'vendor_b', 'growth_rate': 'vendor_b', 'meaningful_eng_rate': 'vendor_b'}",,vendor_b,vendor_a has no record for this channel; filled from vendor_b (fallback).,No action needed. Tracked to monitor vendor coverage.,auto,[],,,,,,,
Q00584,CR00952,youtube,"handle, follower_count, reach_rate, growth_rate, meaningful_eng_rate",PRIMARY_SOURCE_MISSING,YELLOW,"{'handle': 'vendor_c', 'follower_count': 'vendor_c', 'reach_rate': 'vendor_c', 'growth_rate': 'vendor_c', 'meaningful_eng_rate': 'vendor_c'}",,vendor_c,vendor_a's record is stale; filled from vendor_c (fallback).,No action needed. Tracked to monitor vendor coverage.,auto,[],,,,,,,
Q00585,CR00956,instagram,"handle, follower_count, reach_rate, growth_rate, meaningful_eng_rate",PRIMARY_SOURCE_MISSING,YELLOW,"{'handle': 'vendor_b', 'follower_count': 'vendor_b', 'reach_rate': 'vendor_b', 'growth_rate': 'vendor_b', 'meaningful_eng_rate': 'vendor_b'}",,vendor_b,vendor_a has no record for this channel; filled from vendor_b (fallback).,No action needed. Tracked to monitor vendor coverage.,auto,[],,,,,,,
Q00586,CR00956,tiktok,"handle, follower_count, reach_rate, growth_rate",PRIMARY_SOURCE_MISSING,YELLOW,"{'handle': 'vendor_b', 'follower_count': 'vendor_b', 'reach_rate': 'vendor_b', 'growth_rate': 'vendor_b'}",,vendor_b,vendor_a has no record for this channel; filled from vendor_b (fallback).,No action needed. Tracked to monitor vendor coverage.,auto,[],,,,,,,
Q00587,CR00959,instagram,"handle, follower_count, reach_rate, meaningful_eng_rate",PRIMARY_SOURCE_MISSING,YELLOW,"{'handle': 'vendor_b', 'follower_count': 'vendor_b', 'reach_rate': 'vendor_b', 'meaningful_eng_rate': 'vendor_b'}",,vendor_b,vendor_a has no record for this channel; filled from vendor_b (fallback).,No action needed. Tracked to monitor vendor coverage.,auto,[],,,,,,,
Q00588,CR00962,instagram,"follower_count, reach_rate, growth_rate, meaningful_eng_rate",PRIMARY_SOURCE_MISSING,YELLOW,"{'follower_count': 'vendor_b', 'reach_rate': 'vendor_b', 'growth_rate': 'vendor_c', 'meaningful_eng_rate': 'vendor_b'}",,"vendor_b, vendor_c","vendor_a's record lacks a valid value for meaningful_eng_rate; filled from vendor_b, vendor_c (fallback).",No action needed. Tracked to monitor vendor coverage.,auto,[],,,,,,,
Q00589,CR00962,tiktok,"handle, follower_count, reach_rate, growth_rate",PRIMARY_SOURCE_MISSING,YELLOW,"{'handle': 'vendor_b', 'follower_count': 'vendor_b', 'reach_rate': 'vendor_b', 'growth_rate': 'vendor_b'}",,vendor_b,vendor_a has no record for this channel; filled from vendor_b (fallback).,No action needed. Tracked to monitor vendor coverage.,auto,[],,,,,,,
Q00590,CR00967,instagram,"handle, follower_count, reach_rate, growth_rate",PRIMARY_SOURCE_MISSING,YELLOW,"{'handle': 'vendor_c', 'follower_count': 'vendor_c', 'reach_rate': 'vendor_c', 'growth_rate': 'vendor_c'}",,vendor_c,vendor_a has no record for this channel; filled from vendor_c (fallback).,No action needed. Tracked to monitor vendor coverage.,auto,[],,,,,,,
Q00591,CR00969,tiktok,"handle, follower_count, reach_rate, growth_rate, meaningful_eng_rate",PRIMARY_SOURCE_MISSING,YELLOW,"{'handle': 'vendor_b', 'follower_count': 'vendor_b', 'reach_rate': 'vendor_b', 'growth_rate': 'vendor_b', 'meaningful_eng_rate': 'vendor_b'}",,vendor_b,vendor_a has no record for this channel; filled from vendor_b (fallback).,No action needed. Tracked to monitor vendor coverage.,auto,[],,,,,,,
Q00592,CR00970,instagram,"handle, follower_count, reach_rate, growth_rate, meaningful_eng_rate",PRIMARY_SOURCE_MISSING,YELLOW,"{'handle': 'vendor_b', 'follower_count': 'vendor_b', 'reach_rate': 'vendor_b', 'growth_rate': 'vendor_b', 'meaningful_eng_rate': 'vendor_b'}",,vendor_b,vendor_a has no record for this channel; filled from vendor_b (fallback).,No action needed. Tracked to monitor vendor coverage.,auto,[],,,,,,,
Q00593,CR00971,tiktok,"handle, follower_count, reach_rate, growth_rate, meaningful_eng_rate",PRIMARY_SOURCE_MISSING,YELLOW,"{'handle': 'vendor_b', 'follower_count': 'vendor_b', 'reach_rate': 'vendor_c', 'growth_rate': 'vendor_b', 'meaningful_eng_rate': 'vendor_b'}",,"vendor_b, vendor_c","vendor_a has no record for this channel; filled from vendor_b, vendor_c (fallback).",No action needed. Tracked to monitor vendor coverage.,auto,[],,,,,,,
Q00594,CR00975,instagram,"handle, follower_count, reach_rate, growth_rate, meaningful_eng_rate",PRIMARY_SOURCE_MISSING,YELLOW,"{'handle': 'vendor_b', 'follower_count': 'vendor_b', 'reach_rate': 'vendor_b', 'growth_rate': 'vendor_b', 'meaningful_eng_rate': 'vendor_b'}",,vendor_b,vendor_a has no record for this channel; filled from vendor_b (fallback).,No action needed. Tracked to monitor vendor coverage.,auto,[],,,,,,,
Q00595,CR00976,instagram,"handle, follower_count, reach_rate, growth_rate, meaningful_eng_rate",PRIMARY_SOURCE_MISSING,YELLOW,"{'handle': 'vendor_b', 'follower_count': 'vendor_b', 'reach_rate': 'vendor_b', 'growth_rate': 'vendor_b', 'meaningful_eng_rate': 'vendor_b'}",,vendor_b,vendor_a has no record for this channel; filled from vendor_b (fallback).,No action needed. Tracked to monitor vendor coverage.,auto,[],,,,,,,
Q00596,CR00976,tiktok,"handle, follower_count, reach_rate, growth_rate, meaningful_eng_rate",PRIMARY_SOURCE_MISSING,YELLOW,"{'handle': 'vendor_b', 'follower_count': 'vendor_b', 'reach_rate': 'vendor_b', 'growth_rate': 'vendor_b', 'meaningful_eng_rate': 'vendor_b'}",,vendor_b,vendor_a has no record for this channel; filled from vendor_b (fallback).,No action needed. Tracked to monitor vendor coverage.,auto,[],,,,,,,
Q00597,CR00977,tiktok,"handle, follower_count, reach_rate, growth_rate, meaningful_eng_rate",PRIMARY_SOURCE_MISSING,YELLOW,"{'handle': 'vendor_b', 'follower_count': 'vendor_b', 'reach_rate': 'vendor_b', 'growth_rate': 'vendor_b', 'meaningful_eng_rate': 'vendor_b'}",,vendor_b,vendor_a has no record for this channel; filled from vendor_b (fallback).,No action needed. Tracked to monitor vendor coverage.,auto,[],,,,,,,
Q00598,CR00983,instagram,"handle, follower_count, reach_rate, growth_rate",PRIMARY_SOURCE_MISSING,YELLOW,"{'handle': 'vendor_b', 'follower_count': 'vendor_b', 'reach_rate': 'vendor_b', 'growth_rate': 'vendor_b'}",,vendor_b,vendor_a has no record for this channel; filled from vendor_b (fallback).,No action needed. Tracked to monitor vendor coverage.,auto,[],,,,,,,
Q00599,CR00986,instagram,"handle, follower_count, reach_rate, growth_rate, meaningful_eng_rate",PRIMARY_SOURCE_MISSING,YELLOW,"{'handle': 'vendor_b', 'follower_count': 'vendor_b', 'reach_rate': 'vendor_b', 'growth_rate': 'vendor_b', 'meaningful_eng_rate': 'vendor_b'}",,vendor_b,vendor_a has no record for this channel; filled from vendor_b (fallback).,No action needed. Tracked to monitor vendor coverage.,auto,[],,,,,,,
Q00600,CR00987,instagram,"handle, follower_count, reach_rate, growth_rate, meaningful_eng_rate",PRIMARY_SOURCE_MISSING,YELLOW,"{'handle': 'vendor_b', 'follower_count': 'vendor_b', 'reach_rate': 'vendor_b', 'growth_rate': 'vendor_b', 'meaningful_eng_rate': 'vendor_b'}",,vendor_b,vendor_a has no record for this channel; filled from vendor_b (fallback).,No action needed. Tracked to monitor vendor coverage.,auto,[],,,,,,,
Q00601,CR00991,tiktok,"handle, follower_count, reach_rate, growth_rate, meaningful_eng_rate",PRIMARY_SOURCE_MISSING,YELLOW,"{'handle': 'vendor_b', 'follower_count': 'vendor_b', 'reach_rate': 'vendor_b', 'growth_rate': 'vendor_c', 'meaningful_eng_rate': 'vendor_b'}",,"vendor_b, vendor_c","vendor_a has no record for this channel; filled from vendor_b, vendor_c (fallback).",No action needed. Tracked to monitor vendor coverage.,auto,[],,,,,,,
Q00602,CR00992,instagram,"handle, follower_count, reach_rate",PRIMARY_SOURCE_MISSING,YELLOW,"{'handle': 'vendor_c', 'follower_count': 'vendor_c', 'reach_rate': 'vendor_c'}",,vendor_c,vendor_a has no record for this channel; filled from vendor_c (fallback).,No action needed. Tracked to monitor vendor coverage.,auto,[],,,,,,,
Q00603,CR00995,instagram,"handle, follower_count, reach_rate, growth_rate, meaningful_eng_rate",PRIMARY_SOURCE_MISSING,YELLOW,"{'handle': 'vendor_b', 'follower_count': 'vendor_b', 'reach_rate': 'vendor_b', 'growth_rate': 'vendor_b', 'meaningful_eng_rate': 'vendor_b'}",,vendor_b,vendor_a has no record for this channel; filled from vendor_b (fallback).,No action needed. Tracked to monitor vendor coverage.,auto,[],,,,,,,
Q00604,CR00995,tiktok,"handle, follower_count, reach_rate, growth_rate, meaningful_eng_rate",PRIMARY_SOURCE_MISSING,YELLOW,"{'handle': 'vendor_b', 'follower_count': 'vendor_b', 'reach_rate': 'vendor_b', 'growth_rate': 'vendor_b', 'meaningful_eng_rate': 'vendor_b'}",,vendor_b,vendor_a has no record for this channel; filled from vendor_b (fallback).,No action needed. Tracked to monitor vendor coverage.,auto,[],,,,,,,
Q00605,CR00999,instagram,"handle, follower_count, reach_rate, meaningful_eng_rate",PRIMARY_SOURCE_MISSING,YELLOW,"{'handle': 'vendor_b', 'follower_count': 'vendor_b', 'reach_rate': 'vendor_b', 'meaningful_eng_rate': 'vendor_b'}",,vendor_b,vendor_a has no record for this channel; filled from vendor_b (fallback).,No action needed. Tracked to monitor vendor coverage.,auto,[],,,,,,,
Q00606,CR01000,tiktok,"handle, follower_count, reach_rate, growth_rate, meaningful_eng_rate",PRIMARY_SOURCE_MISSING,YELLOW,"{'handle': 'vendor_b', 'follower_count': 'vendor_b', 'reach_rate': 'vendor_b', 'growth_rate': 'vendor_b', 'meaningful_eng_rate': 'vendor_b'}",,vendor_b,vendor_a has no record for this channel; filled from vendor_b (fallback).,No action needed. Tracked to monitor vendor coverage.,auto,[],,,,,,,
Q00607,CR01001,tiktok,"handle, follower_count, reach_rate, growth_rate, meaningful_eng_rate",PRIMARY_SOURCE_MISSING,YELLOW,"{'handle': 'vendor_b', 'follower_count': 'vendor_b', 'reach_rate': 'vendor_b', 'growth_rate': 'vendor_b', 'meaningful_eng_rate': 'vendor_b'}",,vendor_b,vendor_a has no record for this channel; filled from vendor_b (fallback).,No action needed. Tracked to monitor vendor coverage.,auto,[],,,,,,,
Q00608,CR01003,youtube,"follower_count, reach_rate, growth_rate, meaningful_eng_rate",PRIMARY_SOURCE_MISSING,YELLOW,"{'follower_count': 'vendor_c', 'reach_rate': 'vendor_c', 'growth_rate': 'vendor_c', 'meaningful_eng_rate': 'vendor_c'}",,vendor_c,vendor_a has no record for this channel; filled from vendor_c (fallback).,No action needed. Tracked to monitor vendor coverage.,auto,[],,,,,,,
Q00609,CR01004,youtube,meaningful_eng_rate,PRIMARY_SOURCE_MISSING,YELLOW,{'meaningful_eng_rate': 'vendor_c'},,vendor_c,vendor_a's record lacks a valid value for meaningful_eng_rate; filled from vendor_c (fallback).,No action needed. Tracked to monitor vendor coverage.,auto,[],,,,,,,
Q00610,CR01005,instagram,"handle, follower_count, growth_rate, meaningful_eng_rate",PRIMARY_SOURCE_MISSING,YELLOW,"{'handle': 'vendor_b', 'follower_count': 'vendor_b', 'growth_rate': 'vendor_b', 'meaningful_eng_rate': 'vendor_b'}",,vendor_b,vendor_a has no record for this channel; filled from vendor_b (fallback).,No action needed. Tracked to monitor vendor coverage.,auto,[],,,,,,,
Q00611,CR01005,tiktok,"handle, follower_count, reach_rate, growth_rate, meaningful_eng_rate",PRIMARY_SOURCE_MISSING,YELLOW,"{'handle': 'vendor_b', 'follower_count': 'vendor_b', 'reach_rate': 'vendor_b', 'growth_rate': 'vendor_b', 'meaningful_eng_rate': 'vendor_b'}",,vendor_b,vendor_a has no record for this channel; filled from vendor_b (fallback).,No action needed. Tracked to monitor vendor coverage.,auto,[],,,,,,,
Q00612,CR01006,tiktok,"handle, follower_count, reach_rate, growth_rate, meaningful_eng_rate",PRIMARY_SOURCE_MISSING,YELLOW,"{'handle': 'vendor_b', 'follower_count': 'vendor_b', 'reach_rate': 'vendor_b', 'growth_rate': 'vendor_b', 'meaningful_eng_rate': 'vendor_b'}",,vendor_b,vendor_a has no record for this channel; filled from vendor_b (fallback).,No action needed. Tracked to monitor vendor coverage.,auto,[],,,,,,,
Q00613,CR01009,instagram,"handle, follower_count, reach_rate, growth_rate, meaningful_eng_rate",PRIMARY_SOURCE_MISSING,YELLOW,"{'handle': 'vendor_b', 'follower_count': 'vendor_b', 'reach_rate': 'vendor_c', 'growth_rate': 'vendor_b', 'meaningful_eng_rate': 'vendor_b'}",,"vendor_b, vendor_c","vendor_a has no record for this channel; filled from vendor_b, vendor_c (fallback).",No action needed. Tracked to monitor vendor coverage.,auto,[],,,,,,,
Q00614,CR01011,instagram,"follower_count, reach_rate, growth_rate, meaningful_eng_rate",PRIMARY_SOURCE_MISSING,YELLOW,"{'follower_count': 'vendor_b', 'reach_rate': 'vendor_b', 'growth_rate': 'vendor_b', 'meaningful_eng_rate': 'vendor_b'}",,vendor_b,vendor_a has no record for this channel; filled from vendor_b (fallback).,No action needed. Tracked to monitor vendor coverage.,auto,[],,,,,,,
Q00615,CR01011,tiktok,"handle, follower_count, reach_rate, growth_rate, meaningful_eng_rate",PRIMARY_SOURCE_MISSING,YELLOW,"{'handle': 'vendor_b', 'follower_count': 'vendor_b', 'reach_rate': 'vendor_b', 'growth_rate': 'vendor_c', 'meaningful_eng_rate': 'vendor_b'}",,"vendor_b, vendor_c","vendor_a has no record for this channel; filled from vendor_b, vendor_c (fallback).",No action needed. Tracked to monitor vendor coverage.,auto,[],,,,,,,
Q00616,CR01013,tiktok,"handle, follower_count, growth_rate, meaningful_eng_rate",PRIMARY_SOURCE_MISSING,YELLOW,"{'handle': 'vendor_b', 'follower_count': 'vendor_b', 'growth_rate': 'vendor_b', 'meaningful_eng_rate': 'vendor_b'}",,vendor_b,vendor_a has no record for this channel; filled from vendor_b (fallback).,No action needed. Tracked to monitor vendor coverage.,auto,[],,,,,,,
Q00617,CR01016,instagram,"handle, follower_count, reach_rate, meaningful_eng_rate",PRIMARY_SOURCE_MISSING,YELLOW,"{'handle': 'vendor_b', 'follower_count': 'vendor_b', 'reach_rate': 'vendor_b', 'meaningful_eng_rate': 'vendor_b'}",,vendor_b,vendor_a has no record for this channel; filled from vendor_b (fallback).,No action needed. Tracked to monitor vendor coverage.,auto,[],,,,,,,
Q00618,CR01016,tiktok,"handle, follower_count, reach_rate, growth_rate",PRIMARY_SOURCE_MISSING,YELLOW,"{'handle': 'vendor_b', 'follower_count': 'vendor_b', 'reach_rate': 'vendor_b', 'growth_rate': 'vendor_b'}",,vendor_b,vendor_a has no record for this channel; filled from vendor_b (fallback).,No action needed. Tracked to monitor vendor coverage.,auto,[],,,,,,,
Q00619,CR01023,tiktok,"handle, follower_count, reach_rate, growth_rate",PRIMARY_SOURCE_MISSING,YELLOW,"{'handle': 'vendor_b', 'follower_count': 'vendor_b', 'reach_rate': 'vendor_b', 'growth_rate': 'vendor_c'}",,"vendor_b, vendor_c","vendor_a has no record for this channel; filled from vendor_b, vendor_c (fallback).",No action needed. Tracked to monitor vendor coverage.,auto,[],,,,,,,
Q00620,CR01025,instagram,"handle, follower_count, reach_rate, growth_rate",PRIMARY_SOURCE_MISSING,YELLOW,"{'handle': 'vendor_b', 'follower_count': 'vendor_b', 'reach_rate': 'vendor_b', 'growth_rate': 'vendor_b'}",,vendor_b,vendor_a has no record for this channel; filled from vendor_b (fallback).,No action needed. Tracked to monitor vendor coverage.,auto,[],,,,,,,
Q00621,CR01030,tiktok,"handle, follower_count, reach_rate, growth_rate, meaningful_eng_rate",PRIMARY_SOURCE_MISSING,YELLOW,"{'handle': 'vendor_b', 'follower_count': 'vendor_b', 'reach_rate': 'vendor_b', 'growth_rate': 'vendor_b', 'meaningful_eng_rate': 'vendor_b'}",,vendor_b,vendor_a has no record for this channel; filled from vendor_b (fallback).,No action needed. Tracked to monitor vendor coverage.,auto,[],,,,,,,
Q00622,CR01031,instagram,"handle, follower_count, reach_rate, growth_rate",PRIMARY_SOURCE_MISSING,YELLOW,"{'handle': 'vendor_b', 'follower_count': 'vendor_b', 'reach_rate': 'vendor_b', 'growth_rate': 'vendor_b'}",,vendor_b,vendor_a has no record for this channel; filled from vendor_b (fallback).,No action needed. Tracked to monitor vendor coverage.,auto,[],,,,,,,
Q00623,CR01031,tiktok,"handle, follower_count, reach_rate, growth_rate",PRIMARY_SOURCE_MISSING,YELLOW,"{'handle': 'vendor_b', 'follower_count': 'vendor_b', 'reach_rate': 'vendor_b', 'growth_rate': 'vendor_b'}",,vendor_b,vendor_a has no record for this channel; filled from vendor_b (fallback).,No action needed. Tracked to monitor vendor coverage.,auto,[],,,,,,,
Q00624,CR01035,instagram,"handle, follower_count, reach_rate, meaningful_eng_rate",PRIMARY_SOURCE_MISSING,YELLOW,"{'handle': 'vendor_b', 'follower_count': 'vendor_b', 'reach_rate': 'vendor_b', 'meaningful_eng_rate': 'vendor_b'}",,vendor_b,vendor_a has no record for this channel; filled from vendor_b (fallback).,No action needed. Tracked to monitor vendor coverage.,auto,[],,,,,,,
Q00625,CR01037,instagram,"handle, follower_count, reach_rate, growth_rate, meaningful_eng_rate",PRIMARY_SOURCE_MISSING,YELLOW,"{'handle': 'vendor_b', 'follower_count': 'vendor_b', 'reach_rate': 'vendor_b', 'growth_rate': 'vendor_b', 'meaningful_eng_rate': 'vendor_b'}",,vendor_b,vendor_a has no record for this channel; filled from vendor_b (fallback).,No action needed. Tracked to monitor vendor coverage.,auto,[],,,,,,,
Q00626,CR01039,instagram,"handle, follower_count, reach_rate, growth_rate, meaningful_eng_rate",PRIMARY_SOURCE_MISSING,YELLOW,"{'handle': 'vendor_b', 'follower_count': 'vendor_b', 'reach_rate': 'vendor_b', 'growth_rate': 'vendor_b', 'meaningful_eng_rate': 'vendor_b'}",,vendor_b,vendor_a has no record for this channel; filled from vendor_b (fallback).,No action needed. Tracked to monitor vendor coverage.,auto,[],,,,,,,
Q00627,CR01039,tiktok,"handle, follower_count, reach_rate, growth_rate, meaningful_eng_rate",PRIMARY_SOURCE_MISSING,YELLOW,"{'handle': 'vendor_b', 'follower_count': 'vendor_b', 'reach_rate': 'vendor_b', 'growth_rate': 'vendor_c', 'meaningful_eng_rate': 'vendor_b'}",,"vendor_b, vendor_c","vendor_a has no record for this channel; filled from vendor_b, vendor_c (fallback).",No action needed. Tracked to monitor vendor coverage.,auto,[],,,,,,,
Q00628,CR01045,instagram,"handle, follower_count, reach_rate, growth_rate, meaningful_eng_rate",PRIMARY_SOURCE_MISSING,YELLOW,"{'handle': 'vendor_b', 'follower_count': 'vendor_b', 'reach_rate': 'vendor_b', 'growth_rate': 'vendor_b', 'meaningful_eng_rate': 'vendor_b'}",,vendor_b,vendor_a has no record for this channel; filled from vendor_b (fallback).,No action needed. Tracked to monitor vendor coverage.,auto,[],,,,,,,
Q00629,CR01046,tiktok,"handle, follower_count, growth_rate, meaningful_eng_rate",PRIMARY_SOURCE_MISSING,YELLOW,"{'handle': 'vendor_b', 'follower_count': 'vendor_b', 'growth_rate': 'vendor_b', 'meaningful_eng_rate': 'vendor_b'}",,vendor_b,vendor_a has no record for this channel; filled from vendor_b (fallback).,No action needed. Tracked to monitor vendor coverage.,auto,[],,,,,,,
Q00630,CR01049,tiktok,"handle, follower_count, reach_rate, growth_rate, meaningful_eng_rate",PRIMARY_SOURCE_MISSING,YELLOW,"{'handle': 'vendor_b', 'follower_count': 'vendor_b', 'reach_rate': 'vendor_b', 'growth_rate': 'vendor_b', 'meaningful_eng_rate': 'vendor_b'}",,vendor_b,vendor_a has no record for this channel; filled from vendor_b (fallback).,No action needed. Tracked to monitor vendor coverage.,auto,[],,,,,,,
Q00631,CR01051,instagram,"follower_count, reach_rate, growth_rate",PRIMARY_SOURCE_MISSING,YELLOW,"{'follower_count': 'vendor_c', 'reach_rate': 'vendor_c', 'growth_rate': 'vendor_c'}",,vendor_c,vendor_a has no record for this channel; filled from vendor_c (fallback).,No action needed. Tracked to monitor vendor coverage.,auto,[],,,,,,,
Q00632,CR01054,tiktok,handle,PRIMARY_SOURCE_MISSING,YELLOW,{'handle': 'vendor_b'},,vendor_b,vendor_a's record lacks a valid value for handle; filled from vendor_b (fallback).,No action needed. Tracked to monitor vendor coverage.,auto,[],,,,,,,
Q00633,CR01055,instagram,"handle, follower_count, reach_rate, growth_rate, meaningful_eng_rate",PRIMARY_SOURCE_MISSING,YELLOW,"{'handle': 'vendor_b', 'follower_count': 'vendor_b', 'reach_rate': 'vendor_b', 'growth_rate': 'vendor_b', 'meaningful_eng_rate': 'vendor_b'}",,vendor_b,vendor_a has no record for this channel; filled from vendor_b (fallback).,No action needed. Tracked to monitor vendor coverage.,auto,[],,,,,,,
Q00634,CR01057,tiktok,"handle, follower_count, reach_rate, growth_rate, meaningful_eng_rate",PRIMARY_SOURCE_MISSING,YELLOW,"{'handle': 'vendor_b', 'follower_count': 'vendor_b', 'reach_rate': 'vendor_b', 'growth_rate': 'vendor_b', 'meaningful_eng_rate': 'vendor_b'}",,vendor_b,vendor_a has no record for this channel; filled from vendor_b (fallback).,No action needed. Tracked to monitor vendor coverage.,auto,[],,,,,,,
Q00635,CR01059,tiktok,"handle, follower_count, reach_rate, meaningful_eng_rate",PRIMARY_SOURCE_MISSING,YELLOW,"{'handle': 'vendor_b', 'follower_count': 'vendor_b', 'reach_rate': 'vendor_b', 'meaningful_eng_rate': 'vendor_b'}",,vendor_b,vendor_a has no record for this channel; filled from vendor_b (fallback).,No action needed. Tracked to monitor vendor coverage.,auto,[],,,,,,,
Q00636,CR01061,instagram,"handle, follower_count, reach_rate, growth_rate",PRIMARY_SOURCE_MISSING,YELLOW,"{'handle': 'vendor_b', 'follower_count': 'vendor_b', 'reach_rate': 'vendor_b', 'growth_rate': 'vendor_b'}",,vendor_b,vendor_a has no record for this channel; filled from vendor_b (fallback).,No action needed. Tracked to monitor vendor coverage.,auto,[],,,,,,,
Q00637,CR01061,tiktok,"handle, follower_count, reach_rate, growth_rate, meaningful_eng_rate",PRIMARY_SOURCE_MISSING,YELLOW,"{'handle': 'vendor_b', 'follower_count': 'vendor_b', 'reach_rate': 'vendor_b', 'growth_rate': 'vendor_b', 'meaningful_eng_rate': 'vendor_b'}",,vendor_b,vendor_a has no record for this channel; filled from vendor_b (fallback).,No action needed. Tracked to monitor vendor coverage.,auto,[],,,,,,,
Q00638,CR01064,instagram,"follower_count, reach_rate",PRIMARY_SOURCE_MISSING,YELLOW,"{'follower_count': 'vendor_b', 'reach_rate': 'vendor_b'}",,vendor_b,vendor_a has no record for this channel; filled from vendor_b (fallback).,No action needed. Tracked to monitor vendor coverage.,auto,[],,,,,,,
Q00639,CR01064,tiktok,"handle, follower_count, reach_rate",PRIMARY_SOURCE_MISSING,YELLOW,"{'handle': 'vendor_b', 'follower_count': 'vendor_b', 'reach_rate': 'vendor_b'}",,vendor_b,vendor_a has no record for this channel; filled from vendor_b (fallback).,No action needed. Tracked to monitor vendor coverage.,auto,[],,,,,,,
Q00640,CR01065,instagram,"handle, follower_count, reach_rate, growth_rate",PRIMARY_SOURCE_MISSING,YELLOW,"{'handle': 'vendor_b', 'follower_count': 'vendor_b', 'reach_rate': 'vendor_b', 'growth_rate': 'vendor_b'}",,vendor_b,vendor_a has no record for this channel; filled from vendor_b (fallback).,No action needed. Tracked to monitor vendor coverage.,auto,[],,,,,,,
Q00641,CR01065,tiktok,"handle, follower_count, reach_rate, growth_rate, meaningful_eng_rate",PRIMARY_SOURCE_MISSING,YELLOW,"{'handle': 'vendor_b', 'follower_count': 'vendor_b', 'reach_rate': 'vendor_b', 'growth_rate': 'vendor_c', 'meaningful_eng_rate': 'vendor_b'}",,"vendor_b, vendor_c","vendor_a has no record for this channel; filled from vendor_b, vendor_c (fallback).",No action needed. Tracked to monitor vendor coverage.,auto,[],,,,,,,
Q00642,CR01071,instagram,"handle, follower_count, reach_rate, growth_rate, meaningful_eng_rate",PRIMARY_SOURCE_MISSING,YELLOW,"{'handle': 'vendor_b', 'follower_count': 'vendor_b', 'reach_rate': 'vendor_b', 'growth_rate': 'vendor_b', 'meaningful_eng_rate': 'vendor_b'}",,vendor_b,vendor_a has no record for this channel; filled from vendor_b (fallback).,No action needed. Tracked to monitor vendor coverage.,auto,[],,,,,,,
Q00643,CR01073,instagram,"handle, follower_count, reach_rate, meaningful_eng_rate",PRIMARY_SOURCE_MISSING,YELLOW,"{'handle': 'vendor_b', 'follower_count': 'vendor_b', 'reach_rate': 'vendor_b', 'meaningful_eng_rate': 'vendor_b'}",,vendor_b,vendor_a has no record for this channel; filled from vendor_b (fallback).,No action needed. Tracked to monitor vendor coverage.,auto,[],,,,,,,
Q00644,CR01077,tiktok,"handle, follower_count, reach_rate, growth_rate, meaningful_eng_rate",PRIMARY_SOURCE_MISSING,YELLOW,"{'handle': 'vendor_b', 'follower_count': 'vendor_b', 'reach_rate': 'vendor_b', 'growth_rate': 'vendor_b', 'meaningful_eng_rate': 'vendor_b'}",,vendor_b,vendor_a has no record for this channel; filled from vendor_b (fallback).,No action needed. Tracked to monitor vendor coverage.,auto,[],,,,,,,
Q00645,CR01078,instagram,"handle, follower_count, reach_rate, growth_rate, meaningful_eng_rate",PRIMARY_SOURCE_MISSING,YELLOW,"{'handle': 'vendor_b', 'follower_count': 'vendor_b', 'reach_rate': 'vendor_b', 'growth_rate': 'vendor_b', 'meaningful_eng_rate': 'vendor_b'}",,vendor_b,vendor_a has no record for this channel; filled from vendor_b (fallback).,No action needed. Tracked to monitor vendor coverage.,auto,[],,,,,,,
Q00646,CR01078,tiktok,"handle, follower_count, reach_rate, growth_rate",PRIMARY_SOURCE_MISSING,YELLOW,"{'handle': 'vendor_c', 'follower_count': 'vendor_c', 'reach_rate': 'vendor_c', 'growth_rate': 'vendor_c'}",,vendor_c,vendor_a has no record for this channel; filled from vendor_c (fallback).,No action needed. Tracked to monitor vendor coverage.,auto,[],,,,,,,
Q00647,CR01079,tiktok,"handle, follower_count, reach_rate, growth_rate, meaningful_eng_rate",PRIMARY_SOURCE_MISSING,YELLOW,"{'handle': 'vendor_b', 'follower_count': 'vendor_b', 'reach_rate': 'vendor_b', 'growth_rate': 'vendor_b', 'meaningful_eng_rate': 'vendor_b'}",,vendor_b,vendor_a has no record for this channel; filled from vendor_b (fallback).,No action needed. Tracked to monitor vendor coverage.,auto,[],,,,,,,
Q00648,CR01081,tiktok,"handle, follower_count, reach_rate, growth_rate, meaningful_eng_rate",PRIMARY_SOURCE_MISSING,YELLOW,"{'handle': 'vendor_b', 'follower_count': 'vendor_b', 'reach_rate': 'vendor_b', 'growth_rate': 'vendor_b', 'meaningful_eng_rate': 'vendor_b'}",,vendor_b,vendor_a has no record for this channel; filled from vendor_b (fallback).,No action needed. Tracked to monitor vendor coverage.,auto,[],,,,,,,
Q00649,CR01085,instagram,handle,PRIMARY_SOURCE_MISSING,YELLOW,{'handle': 'vendor_b'},,vendor_b,vendor_a has no record for this channel; filled from vendor_b (fallback).,No action needed. Tracked to monitor vendor coverage.,auto,[],,,,,,,
Q00650,CR01085,tiktok,"handle, follower_count, reach_rate, growth_rate, meaningful_eng_rate",PRIMARY_SOURCE_MISSING,YELLOW,"{'handle': 'vendor_b', 'follower_count': 'vendor_b', 'reach_rate': 'vendor_b', 'growth_rate': 'vendor_b', 'meaningful_eng_rate': 'vendor_b'}",,vendor_b,vendor_a has no record for this channel; filled from vendor_b (fallback).,No action needed. Tracked to monitor vendor coverage.,auto,[],,,,,,,
Q00651,CR01088,tiktok,"handle, follower_count, reach_rate, growth_rate",PRIMARY_SOURCE_MISSING,YELLOW,"{'handle': 'vendor_c', 'follower_count': 'vendor_c', 'reach_rate': 'vendor_c', 'growth_rate': 'vendor_c'}",,vendor_c,vendor_a has no record for this channel; filled from vendor_c (fallback).,No action needed. Tracked to monitor vendor coverage.,auto,[],,,,,,,
Q00652,CR01091,tiktok,"handle, follower_count, growth_rate",PRIMARY_SOURCE_MISSING,YELLOW,"{'handle': 'vendor_c', 'follower_count': 'vendor_c', 'growth_rate': 'vendor_c'}",,vendor_c,vendor_a has no record for this channel; filled from vendor_c (fallback).,No action needed. Tracked to monitor vendor coverage.,auto,[],,,,,,,
Q00653,CR01092,instagram,"handle, follower_count, reach_rate, meaningful_eng_rate",PRIMARY_SOURCE_MISSING,YELLOW,"{'handle': 'vendor_b', 'follower_count': 'vendor_b', 'reach_rate': 'vendor_c', 'meaningful_eng_rate': 'vendor_b'}",,"vendor_b, vendor_c","vendor_a has no record for this channel; filled from vendor_b, vendor_c (fallback).",No action needed. Tracked to monitor vendor coverage.,auto,[],,,,,,,
Q00654,CR01092,tiktok,growth_rate,PRIMARY_SOURCE_MISSING,YELLOW,{'growth_rate': 'vendor_b'},,vendor_b,vendor_a's record lacks a valid value for growth_rate; filled from vendor_b (fallback).,No action needed. Tracked to monitor vendor coverage.,auto,[],,,,,,,
Q00655,CR01093,instagram,"handle, follower_count, reach_rate, growth_rate, meaningful_eng_rate",PRIMARY_SOURCE_MISSING,YELLOW,"{'handle': 'vendor_b', 'follower_count': 'vendor_b', 'reach_rate': 'vendor_b', 'growth_rate': 'vendor_b', 'meaningful_eng_rate': 'vendor_b'}",,vendor_b,vendor_a has no record for this channel; filled from vendor_b (fallback).,No action needed. Tracked to monitor vendor coverage.,auto,[],,,,,,,
Q00656,CR01093,tiktok,"handle, follower_count, reach_rate, growth_rate, meaningful_eng_rate",PRIMARY_SOURCE_MISSING,YELLOW,"{'handle': 'vendor_b', 'follower_count': 'vendor_b', 'reach_rate': 'vendor_b', 'growth_rate': 'vendor_c', 'meaningful_eng_rate': 'vendor_b'}",,"vendor_b, vendor_c","vendor_a has no record for this channel; filled from vendor_b, vendor_c (fallback).",No action needed. Tracked to monitor vendor coverage.,auto,[],,,,,,,
Q00657,CR01096,tiktok,"handle, follower_count, reach_rate, growth_rate, meaningful_eng_rate",PRIMARY_SOURCE_MISSING,YELLOW,"{'handle': 'vendor_b', 'follower_count': 'vendor_b', 'reach_rate': 'vendor_b', 'growth_rate': 'vendor_b', 'meaningful_eng_rate': 'vendor_b'}",,vendor_b,vendor_a has no record for this channel; filled from vendor_b (fallback).,No action needed. Tracked to monitor vendor coverage.,auto,[],,,,,,,
Q00658,CR01100,tiktok,"handle, follower_count, reach_rate, growth_rate",PRIMARY_SOURCE_MISSING,YELLOW,"{'handle': 'vendor_b', 'follower_count': 'vendor_b', 'reach_rate': 'vendor_b', 'growth_rate': 'vendor_b'}",,vendor_b,vendor_a has no record for this channel; filled from vendor_b (fallback).,No action needed. Tracked to monitor vendor coverage.,auto,[],,,,,,,
Q00659,CR01102,tiktok,"handle, follower_count, reach_rate, growth_rate, meaningful_eng_rate",PRIMARY_SOURCE_MISSING,YELLOW,"{'handle': 'vendor_b', 'follower_count': 'vendor_b', 'reach_rate': 'vendor_b', 'growth_rate': 'vendor_b', 'meaningful_eng_rate': 'vendor_b'}",,vendor_b,vendor_a has no record for this channel; filled from vendor_b (fallback).,No action needed. Tracked to monitor vendor coverage.,auto,[],,,,,,,
Q00660,CR01103,instagram,"handle, follower_count, reach_rate, growth_rate, meaningful_eng_rate",PRIMARY_SOURCE_MISSING,YELLOW,"{'handle': 'vendor_b', 'follower_count': 'vendor_b', 'reach_rate': 'vendor_b', 'growth_rate': 'vendor_b', 'meaningful_eng_rate': 'vendor_b'}",,vendor_b,vendor_a has no record for this channel; filled from vendor_b (fallback).,No action needed. Tracked to monitor vendor coverage.,auto,[],,,,,,,
Q00661,CR01105,instagram,"handle, follower_count, reach_rate, growth_rate",PRIMARY_SOURCE_MISSING,YELLOW,"{'handle': 'vendor_b', 'follower_count': 'vendor_b', 'reach_rate': 'vendor_b', 'growth_rate': 'vendor_b'}",,vendor_b,vendor_a has no record for this channel; filled from vendor_b (fallback).,No action needed. Tracked to monitor vendor coverage.,auto,[],,,,,,,
Q00662,CR01105,tiktok,"handle, follower_count, reach_rate, growth_rate",PRIMARY_SOURCE_MISSING,YELLOW,"{'handle': 'vendor_c', 'follower_count': 'vendor_c', 'reach_rate': 'vendor_c', 'growth_rate': 'vendor_c'}",,vendor_c,vendor_a has no record for this channel; filled from vendor_c (fallback).,No action needed. Tracked to monitor vendor coverage.,auto,[],,,,,,,
Q00663,CR01118,instagram,"handle, follower_count, reach_rate, growth_rate",PRIMARY_SOURCE_MISSING,YELLOW,"{'handle': 'vendor_b', 'follower_count': 'vendor_b', 'reach_rate': 'vendor_b', 'growth_rate': 'vendor_b'}",,vendor_b,vendor_a has no record for this channel; filled from vendor_b (fallback).,No action needed. Tracked to monitor vendor coverage.,auto,[],,,,,,,
Q00664,CR01119,instagram,"handle, follower_count, reach_rate, growth_rate, meaningful_eng_rate",PRIMARY_SOURCE_MISSING,YELLOW,"{'handle': 'vendor_b', 'follower_count': 'vendor_b', 'reach_rate': 'vendor_b', 'growth_rate': 'vendor_b', 'meaningful_eng_rate': 'vendor_b'}",,vendor_b,vendor_a has no record for this channel; filled from vendor_b (fallback).,No action needed. Tracked to monitor vendor coverage.,auto,[],,,,,,,
Q00665,CR01119,tiktok,"handle, follower_count, reach_rate, growth_rate, meaningful_eng_rate",PRIMARY_SOURCE_MISSING,YELLOW,"{'handle': 'vendor_b', 'follower_count': 'vendor_b', 'reach_rate': 'vendor_b', 'growth_rate': 'vendor_b', 'meaningful_eng_rate': 'vendor_b'}",,vendor_b,vendor_a has no record for this channel; filled from vendor_b (fallback).,No action needed. Tracked to monitor vendor coverage.,auto,[],,,,,,,
Q00666,CR01121,instagram,"handle, follower_count, reach_rate, growth_rate",PRIMARY_SOURCE_MISSING,YELLOW,"{'handle': 'vendor_b', 'follower_count': 'vendor_b', 'reach_rate': 'vendor_b', 'growth_rate': 'vendor_b'}",,vendor_b,vendor_a has no record for this channel; filled from vendor_b (fallback).,No action needed. Tracked to monitor vendor coverage.,auto,[],,,,,,,
Q00667,CR01127,tiktok,"handle, follower_count, reach_rate, growth_rate, meaningful_eng_rate",PRIMARY_SOURCE_MISSING,YELLOW,"{'handle': 'vendor_b', 'follower_count': 'vendor_b', 'reach_rate': 'vendor_b', 'growth_rate': 'vendor_b', 'meaningful_eng_rate': 'vendor_b'}",,vendor_b,vendor_a has no record for this channel; filled from vendor_b (fallback).,No action needed. Tracked to monitor vendor coverage.,auto,[],,,,,,,
Q00668,CR01129,instagram,"handle, follower_count, growth_rate",PRIMARY_SOURCE_MISSING,YELLOW,"{'handle': 'vendor_c', 'follower_count': 'vendor_c', 'growth_rate': 'vendor_c'}",,vendor_c,vendor_a has no record for this channel; filled from vendor_c (fallback).,No action needed. Tracked to monitor vendor coverage.,auto,[],,,,,,,
Q00669,CR01132,instagram,"handle, follower_count, reach_rate, growth_rate, meaningful_eng_rate",PRIMARY_SOURCE_MISSING,YELLOW,"{'handle': 'vendor_b', 'follower_count': 'vendor_b', 'reach_rate': 'vendor_b', 'growth_rate': 'vendor_b', 'meaningful_eng_rate': 'vendor_b'}",,vendor_b,vendor_a has no record for this channel; filled from vendor_b (fallback).,No action needed. Tracked to monitor vendor coverage.,auto,[],,,,,,,
Q00670,CR01132,tiktok,"handle, follower_count, reach_rate, growth_rate, meaningful_eng_rate",PRIMARY_SOURCE_MISSING,YELLOW,"{'handle': 'vendor_b', 'follower_count': 'vendor_b', 'reach_rate': 'vendor_b', 'growth_rate': 'vendor_b', 'meaningful_eng_rate': 'vendor_b'}",,vendor_b,vendor_a has no record for this channel; filled from vendor_b (fallback).,No action needed. Tracked to monitor vendor coverage.,auto,[],,,,,,,
Q00671,CR01134,instagram,"handle, follower_count, reach_rate, growth_rate, meaningful_eng_rate",PRIMARY_SOURCE_MISSING,YELLOW,"{'handle': 'vendor_b', 'follower_count': 'vendor_b', 'reach_rate': 'vendor_b', 'growth_rate': 'vendor_b', 'meaningful_eng_rate': 'vendor_b'}",,vendor_b,vendor_a has no record for this channel; filled from vendor_b (fallback).,No action needed. Tracked to monitor vendor coverage.,auto,[],,,,,,,
Q00672,CR01134,tiktok,"handle, follower_count, reach_rate, growth_rate, meaningful_eng_rate",PRIMARY_SOURCE_MISSING,YELLOW,"{'handle': 'vendor_b', 'follower_count': 'vendor_b', 'reach_rate': 'vendor_b', 'growth_rate': 'vendor_b', 'meaningful_eng_rate': 'vendor_b'}",,vendor_b,vendor_a has no record for this channel; filled from vendor_b (fallback).,No action needed. Tracked to monitor vendor coverage.,auto,[],,,,,,,
Q00673,CR01136,instagram,"handle, follower_count, reach_rate, growth_rate, meaningful_eng_rate",PRIMARY_SOURCE_MISSING,YELLOW,"{'handle': 'vendor_b', 'follower_count': 'vendor_b', 'reach_rate': 'vendor_b', 'growth_rate': 'vendor_b', 'meaningful_eng_rate': 'vendor_b'}",,vendor_b,vendor_a has no record for this channel; filled from vendor_b (fallback).,No action needed. Tracked to monitor vendor coverage.,auto,[],,,,,,,
Q00674,CR01136,tiktok,"handle, follower_count, reach_rate, growth_rate, meaningful_eng_rate",PRIMARY_SOURCE_MISSING,YELLOW,"{'handle': 'vendor_b', 'follower_count': 'vendor_b', 'reach_rate': 'vendor_b', 'growth_rate': 'vendor_b', 'meaningful_eng_rate': 'vendor_b'}",,vendor_b,vendor_a has no record for this channel; filled from vendor_b (fallback).,No action needed. Tracked to monitor vendor coverage.,auto,[],,,,,,,
Q00675,CR01136,youtube,"handle, follower_count, reach_rate, growth_rate",PRIMARY_SOURCE_MISSING,YELLOW,"{'handle': 'vendor_b', 'follower_count': 'vendor_b', 'reach_rate': 'vendor_b', 'growth_rate': 'vendor_b'}",,vendor_b,vendor_a's record is stale; filled from vendor_b (fallback).,No action needed. Tracked to monitor vendor coverage.,auto,[],,,,,,,
Q00676,CR01138,tiktok,"handle, follower_count, reach_rate, growth_rate",PRIMARY_SOURCE_MISSING,YELLOW,"{'handle': 'vendor_b', 'follower_count': 'vendor_b', 'reach_rate': 'vendor_b', 'growth_rate': 'vendor_c'}",,"vendor_b, vendor_c","vendor_a has no record for this channel; filled from vendor_b, vendor_c (fallback).",No action needed. Tracked to monitor vendor coverage.,auto,[],,,,,,,
Q00677,CR01140,tiktok,"handle, follower_count, reach_rate, growth_rate",PRIMARY_SOURCE_MISSING,YELLOW,"{'handle': 'vendor_b', 'follower_count': 'vendor_b', 'reach_rate': 'vendor_b', 'growth_rate': 'vendor_b'}",,vendor_b,vendor_a has no record for this channel; filled from vendor_b (fallback).,No action needed. Tracked to monitor vendor coverage.,auto,[],,,,,,,
Q00678,CR01143,instagram,handle,PRIMARY_SOURCE_MISSING,YELLOW,{'handle': 'vendor_b'},,vendor_b,vendor_a has no record for this channel; filled from vendor_b (fallback).,No action needed. Tracked to monitor vendor coverage.,auto,[],,,,,,,
Q00679,CR01144,youtube,"follower_count, reach_rate, growth_rate",PRIMARY_SOURCE_MISSING,YELLOW,"{'follower_count': 'vendor_b', 'reach_rate': 'vendor_b', 'growth_rate': 'vendor_b'}",,vendor_b,"vendor_a's record lacks a valid value for follower_count, reach_rate, growth_rate; filled from vendor_b (fallback).",No action needed. Tracked to monitor vendor coverage.,auto,[],,,,,,,
Q00680,CR01146,instagram,"handle, follower_count, reach_rate, growth_rate, meaningful_eng_rate",PRIMARY_SOURCE_MISSING,YELLOW,"{'handle': 'vendor_b', 'follower_count': 'vendor_b', 'reach_rate': 'vendor_b', 'growth_rate': 'vendor_b', 'meaningful_eng_rate': 'vendor_b'}",,vendor_b,vendor_a has no record for this channel; filled from vendor_b (fallback).,No action needed. Tracked to monitor vendor coverage.,auto,[],,,,,,,
Q00681,CR01147,instagram,"handle, meaningful_eng_rate",PRIMARY_SOURCE_MISSING,YELLOW,"{'handle': 'vendor_b', 'meaningful_eng_rate': 'vendor_b'}",,vendor_b,vendor_a has no record for this channel; filled from vendor_b (fallback).,No action needed. Tracked to monitor vendor coverage.,auto,[],,,,,,,
Q00682,CR01147,tiktok,"handle, follower_count, reach_rate, growth_rate",PRIMARY_SOURCE_MISSING,YELLOW,"{'handle': 'vendor_b', 'follower_count': 'vendor_b', 'reach_rate': 'vendor_b', 'growth_rate': 'vendor_b'}",,vendor_b,vendor_a has no record for this channel; filled from vendor_b (fallback).,No action needed. Tracked to monitor vendor coverage.,auto,[],,,,,,,
Q00683,CR01148,instagram,"handle, follower_count, reach_rate",PRIMARY_SOURCE_MISSING,YELLOW,"{'handle': 'vendor_b', 'follower_count': 'vendor_b', 'reach_rate': 'vendor_b'}",,vendor_b,vendor_a has no record for this channel; filled from vendor_b (fallback).,No action needed. Tracked to monitor vendor coverage.,auto,[],,,,,,,
Q00684,CR01148,tiktok,"handle, follower_count, reach_rate, growth_rate",PRIMARY_SOURCE_MISSING,YELLOW,"{'handle': 'vendor_b', 'follower_count': 'vendor_c', 'reach_rate': 'vendor_c', 'growth_rate': 'vendor_c'}",,"vendor_b, vendor_c","vendor_a has no record for this channel; filled from vendor_b, vendor_c (fallback).",No action needed. Tracked to monitor vendor coverage.,auto,[],,,,,,,
Q00685,CR01148,youtube,meaningful_eng_rate,PRIMARY_SOURCE_MISSING,YELLOW,{'meaningful_eng_rate': 'vendor_c'},,vendor_c,vendor_a's record lacks a valid value for meaningful_eng_rate; filled from vendor_c (fallback).,No action needed. Tracked to monitor vendor coverage.,auto,[],,,,,,,
Q00686,CR01151,instagram,"handle, follower_count, reach_rate, growth_rate, meaningful_eng_rate",PRIMARY_SOURCE_MISSING,YELLOW,"{'handle': 'vendor_b', 'follower_count': 'vendor_b', 'reach_rate': 'vendor_b', 'growth_rate': 'vendor_b', 'meaningful_eng_rate': 'vendor_b'}",,vendor_b,vendor_a has no record for this channel; filled from vendor_b (fallback).,No action needed. Tracked to monitor vendor coverage.,auto,[],,,,,,,
Q00687,CR01152,tiktok,"handle, follower_count, reach_rate",PRIMARY_SOURCE_MISSING,YELLOW,"{'handle': 'vendor_b', 'follower_count': 'vendor_b', 'reach_rate': 'vendor_b'}",,vendor_b,vendor_a has no record for this channel; filled from vendor_b (fallback).,No action needed. Tracked to monitor vendor coverage.,auto,[],,,,,,,
Q00688,CR01156,instagram,"handle, follower_count, reach_rate, growth_rate, meaningful_eng_rate",PRIMARY_SOURCE_MISSING,YELLOW,"{'handle': 'vendor_b', 'follower_count': 'vendor_b', 'reach_rate': 'vendor_b', 'growth_rate': 'vendor_b', 'meaningful_eng_rate': 'vendor_b'}",,vendor_b,vendor_a has no record for this channel; filled from vendor_b (fallback).,No action needed. Tracked to monitor vendor coverage.,auto,[],,,,,,,
Q00689,CR01160,instagram,"handle, follower_count, growth_rate, meaningful_eng_rate",PRIMARY_SOURCE_MISSING,YELLOW,"{'handle': 'vendor_b', 'follower_count': 'vendor_b', 'growth_rate': 'vendor_b', 'meaningful_eng_rate': 'vendor_b'}",,vendor_b,vendor_a has no record for this channel; filled from vendor_b (fallback).,No action needed. Tracked to monitor vendor coverage.,auto,[],,,,,,,
Q00690,CR01160,tiktok,"follower_count, reach_rate, growth_rate, meaningful_eng_rate",PRIMARY_SOURCE_MISSING,YELLOW,"{'follower_count': 'vendor_b', 'reach_rate': 'vendor_b', 'growth_rate': 'vendor_b', 'meaningful_eng_rate': 'vendor_b'}",,vendor_b,vendor_a has no record for this channel; filled from vendor_b (fallback).,No action needed. Tracked to monitor vendor coverage.,auto,[],,,,,,,
Q00691,CR01172,tiktok,"handle, follower_count, reach_rate, growth_rate",PRIMARY_SOURCE_MISSING,YELLOW,"{'handle': 'vendor_b', 'follower_count': 'vendor_b', 'reach_rate': 'vendor_b', 'growth_rate': 'vendor_c'}",,"vendor_b, vendor_c","vendor_a has no record for this channel; filled from vendor_b, vendor_c (fallback).",No action needed. Tracked to monitor vendor coverage.,auto,[],,,,,,,
Q00692,CR01174,tiktok,"handle, follower_count, reach_rate, growth_rate",PRIMARY_SOURCE_MISSING,YELLOW,"{'handle': 'vendor_b', 'follower_count': 'vendor_b', 'reach_rate': 'vendor_b', 'growth_rate': 'vendor_b'}",,vendor_b,vendor_a has no record for this channel; filled from vendor_b (fallback).,No action needed. Tracked to monitor vendor coverage.,auto,[],,,,,,,
Q00693,CR01175,instagram,"handle, follower_count, growth_rate",PRIMARY_SOURCE_MISSING,YELLOW,"{'handle': 'vendor_c', 'follower_count': 'vendor_c', 'growth_rate': 'vendor_c'}",,vendor_c,vendor_a has no record for this channel; filled from vendor_c (fallback).,No action needed. Tracked to monitor vendor coverage.,auto,[],,,,,,,
Q00694,CR01175,tiktok,"handle, follower_count, reach_rate, growth_rate, meaningful_eng_rate",PRIMARY_SOURCE_MISSING,YELLOW,"{'handle': 'vendor_b', 'follower_count': 'vendor_b', 'reach_rate': 'vendor_b', 'growth_rate': 'vendor_b', 'meaningful_eng_rate': 'vendor_b'}",,vendor_b,vendor_a has no record for this channel; filled from vendor_b (fallback).,No action needed. Tracked to monitor vendor coverage.,auto,[],,,,,,,
Q00695,CR01178,tiktok,"handle, follower_count, reach_rate, growth_rate, meaningful_eng_rate",PRIMARY_SOURCE_MISSING,YELLOW,"{'handle': 'vendor_b', 'follower_count': 'vendor_b', 'reach_rate': 'vendor_b', 'growth_rate': 'vendor_b', 'meaningful_eng_rate': 'vendor_b'}",,vendor_b,vendor_a has no record for this channel; filled from vendor_b (fallback).,No action needed. Tracked to monitor vendor coverage.,auto,[],,,,,,,
Q00696,CR01187,tiktok,"handle, follower_count, reach_rate, growth_rate",PRIMARY_SOURCE_MISSING,YELLOW,"{'handle': 'vendor_b', 'follower_count': 'vendor_b', 'reach_rate': 'vendor_b', 'growth_rate': 'vendor_c'}",,"vendor_b, vendor_c","vendor_a has no record for this channel; filled from vendor_b, vendor_c (fallback).",No action needed. Tracked to monitor vendor coverage.,auto,[],,,,,,,
Q00697,CR01189,instagram,"handle, follower_count, reach_rate, growth_rate, meaningful_eng_rate",PRIMARY_SOURCE_MISSING,YELLOW,"{'handle': 'vendor_b', 'follower_count': 'vendor_b', 'reach_rate': 'vendor_b', 'growth_rate': 'vendor_c', 'meaningful_eng_rate': 'vendor_b'}",,"vendor_b, vendor_c","vendor_a has no record for this channel; filled from vendor_b, vendor_c (fallback).",No action needed. Tracked to monitor vendor coverage.,auto,[],,,,,,,
Q00698,CR01190,youtube,"handle, follower_count, reach_rate, meaningful_eng_rate",PRIMARY_SOURCE_MISSING,YELLOW,"{'handle': 'vendor_c', 'follower_count': 'vendor_c', 'reach_rate': 'vendor_c', 'meaningful_eng_rate': 'vendor_c'}",,vendor_c,vendor_a has no record for this channel; filled from vendor_c (fallback).,No action needed. Tracked to monitor vendor coverage.,auto,[],,,,,,,
Q00699,CR01191,instagram,"handle, follower_count, reach_rate, growth_rate",PRIMARY_SOURCE_MISSING,YELLOW,"{'handle': 'vendor_b', 'follower_count': 'vendor_b', 'reach_rate': 'vendor_b', 'growth_rate': 'vendor_b'}",,vendor_b,vendor_a has no record for this channel; filled from vendor_b (fallback).,No action needed. Tracked to monitor vendor coverage.,auto,[],,,,,,,
Q00700,CR01191,tiktok,"handle, follower_count, growth_rate, meaningful_eng_rate",PRIMARY_SOURCE_MISSING,YELLOW,"{'handle': 'vendor_b', 'follower_count': 'vendor_b', 'growth_rate': 'vendor_b', 'meaningful_eng_rate': 'vendor_b'}",,vendor_b,vendor_a has no record for this channel; filled from vendor_b (fallback).,No action needed. Tracked to monitor vendor coverage.,auto,[],,,,,,,
Q00701,CR01191,youtube,"handle, follower_count, reach_rate, meaningful_eng_rate",PRIMARY_SOURCE_MISSING,YELLOW,"{'handle': 'vendor_b', 'follower_count': 'vendor_b', 'reach_rate': 'vendor_b', 'meaningful_eng_rate': 'vendor_b'}",,vendor_b,vendor_a has no record for this channel; filled from vendor_b (fallback).,No action needed. Tracked to monitor vendor coverage.,auto,[],,,,,,,
Q00702,CR01194,instagram,"handle, follower_count, reach_rate, growth_rate, meaningful_eng_rate",PRIMARY_SOURCE_MISSING,YELLOW,"{'handle': 'vendor_b', 'follower_count': 'vendor_b', 'reach_rate': 'vendor_b', 'growth_rate': 'vendor_b', 'meaningful_eng_rate': 'vendor_b'}",,vendor_b,vendor_a has no record for this channel; filled from vendor_b (fallback).,No action needed. Tracked to monitor vendor coverage.,auto,[],,,,,,,
Q00703,CR01194,tiktok,"handle, follower_count, reach_rate, growth_rate, meaningful_eng_rate",PRIMARY_SOURCE_MISSING,YELLOW,"{'handle': 'vendor_b', 'follower_count': 'vendor_b', 'reach_rate': 'vendor_b', 'growth_rate': 'vendor_b', 'meaningful_eng_rate': 'vendor_b'}",,vendor_b,vendor_a has no record for this channel; filled from vendor_b (fallback).,No action needed. Tracked to monitor vendor coverage.,auto,[],,,,,,,
Q00704,CR01199,instagram,"handle, follower_count, reach_rate, growth_rate, meaningful_eng_rate",PRIMARY_SOURCE_MISSING,YELLOW,"{'handle': 'vendor_b', 'follower_count': 'vendor_b', 'reach_rate': 'vendor_b', 'growth_rate': 'vendor_b', 'meaningful_eng_rate': 'vendor_b'}",,vendor_b,vendor_a has no record for this channel; filled from vendor_b (fallback).,No action needed. Tracked to monitor vendor coverage.,auto,[],,,,,,,
Q00705,CR01199,tiktok,"handle, follower_count, reach_rate, growth_rate, meaningful_eng_rate",PRIMARY_SOURCE_MISSING,YELLOW,"{'handle': 'vendor_b', 'follower_count': 'vendor_b', 'reach_rate': 'vendor_b', 'growth_rate': 'vendor_b', 'meaningful_eng_rate': 'vendor_b'}",,vendor_b,vendor_a has no record for this channel; filled from vendor_b (fallback).,No action needed. Tracked to monitor vendor coverage.,auto,[],,,,,,,
Q00706,CR01199,youtube,"follower_count, reach_rate, growth_rate",PRIMARY_SOURCE_MISSING,YELLOW,"{'follower_count': 'vendor_b', 'reach_rate': 'vendor_b', 'growth_rate': 'vendor_b'}",,vendor_b,"vendor_a's record lacks a valid value for follower_count, reach_rate, growth_rate; filled from vendor_b (fallback).",No action needed. Tracked to monitor vendor coverage.,auto,[],,,,,,,
Q00707,CR01200,instagram,"handle, follower_count, reach_rate, meaningful_eng_rate",PRIMARY_SOURCE_MISSING,YELLOW,"{'handle': 'vendor_b', 'follower_count': 'vendor_b', 'reach_rate': 'vendor_b', 'meaningful_eng_rate': 'vendor_b'}",,vendor_b,vendor_a has no record for this channel; filled from vendor_b (fallback).,No action needed. Tracked to monitor vendor coverage.,auto,[],,,,,,,
Q00708,CR01200,tiktok,"handle, follower_count, growth_rate",PRIMARY_SOURCE_MISSING,YELLOW,"{'handle': 'vendor_b', 'follower_count': 'vendor_b', 'growth_rate': 'vendor_b'}",,vendor_b,vendor_a has no record for this channel; filled from vendor_b (fallback).,No action needed. Tracked to monitor vendor coverage.,auto,[],,,,,,,
Q00709,CR01201,instagram,"handle, follower_count, reach_rate, growth_rate, meaningful_eng_rate",PRIMARY_SOURCE_MISSING,YELLOW,"{'handle': 'vendor_b', 'follower_count': 'vendor_b', 'reach_rate': 'vendor_b', 'growth_rate': 'vendor_b', 'meaningful_eng_rate': 'vendor_b'}",,vendor_b,vendor_a has no record for this channel; filled from vendor_b (fallback).,No action needed. Tracked to monitor vendor coverage.,auto,[],,,,,,,
Q00710,CR01204,instagram,"handle, follower_count, reach_rate, growth_rate, meaningful_eng_rate",PRIMARY_SOURCE_MISSING,YELLOW,"{'handle': 'vendor_b', 'follower_count': 'vendor_b', 'reach_rate': 'vendor_b', 'growth_rate': 'vendor_c', 'meaningful_eng_rate': 'vendor_b'}",,"vendor_b, vendor_c","vendor_a has no record for this channel; filled from vendor_b, vendor_c (fallback).",No action needed. Tracked to monitor vendor coverage.,auto,[],,,,,,,
Q00711,CR01204,tiktok,"handle, meaningful_eng_rate",PRIMARY_SOURCE_MISSING,YELLOW,"{'handle': 'vendor_b', 'meaningful_eng_rate': 'vendor_b'}",,vendor_b,vendor_a has no record for this channel; filled from vendor_b (fallback).,No action needed. Tracked to monitor vendor coverage.,auto,[],,,,,,,
Q00712,CR01205,instagram,handle,PRIMARY_SOURCE_MISSING,YELLOW,{'handle': 'vendor_c'},,vendor_c,vendor_a has no record for this channel; filled from vendor_c (fallback).,No action needed. Tracked to monitor vendor coverage.,auto,[],,,,,,,
Q00713,CR01208,tiktok,"handle, follower_count, reach_rate, growth_rate, meaningful_eng_rate",PRIMARY_SOURCE_MISSING,YELLOW,"{'handle': 'vendor_b', 'follower_count': 'vendor_b', 'reach_rate': 'vendor_b', 'growth_rate': 'vendor_b', 'meaningful_eng_rate': 'vendor_b'}",,vendor_b,vendor_a has no record for this channel; filled from vendor_b (fallback).,No action needed. Tracked to monitor vendor coverage.,auto,[],,,,,,,
Q00714,CR01208,youtube,reach_rate,PRIMARY_SOURCE_MISSING,YELLOW,{'reach_rate': 'vendor_c'},,vendor_c,vendor_a's record lacks a valid value for reach_rate; filled from vendor_c (fallback).,No action needed. Tracked to monitor vendor coverage.,auto,[],,,,,,,
Q00715,CR01213,instagram,"handle, follower_count, reach_rate, growth_rate",PRIMARY_SOURCE_MISSING,YELLOW,"{'handle': 'vendor_b', 'follower_count': 'vendor_b', 'reach_rate': 'vendor_b', 'growth_rate': 'vendor_b'}",,vendor_b,vendor_a has no record for this channel; filled from vendor_b (fallback).,No action needed. Tracked to monitor vendor coverage.,auto,[],,,,,,,
Q00716,CR01215,tiktok,"handle, follower_count, reach_rate, growth_rate, meaningful_eng_rate",PRIMARY_SOURCE_MISSING,YELLOW,"{'handle': 'vendor_b', 'follower_count': 'vendor_b', 'reach_rate': 'vendor_b', 'growth_rate': 'vendor_b', 'meaningful_eng_rate': 'vendor_b'}",,vendor_b,vendor_a has no record for this channel; filled from vendor_b (fallback).,No action needed. Tracked to monitor vendor coverage.,auto,[],,,,,,,
Q00717,CR01217,instagram,"handle, follower_count, reach_rate, growth_rate, meaningful_eng_rate",PRIMARY_SOURCE_MISSING,YELLOW,"{'handle': 'vendor_b', 'follower_count': 'vendor_b', 'reach_rate': 'vendor_b', 'growth_rate': 'vendor_b', 'meaningful_eng_rate': 'vendor_b'}",,vendor_b,vendor_a has no record for this channel; filled from vendor_b (fallback).,No action needed. Tracked to monitor vendor coverage.,auto,[],,,,,,,
Q00718,CR01217,tiktok,"handle, follower_count, reach_rate, growth_rate",PRIMARY_SOURCE_MISSING,YELLOW,"{'handle': 'vendor_b', 'follower_count': 'vendor_b', 'reach_rate': 'vendor_b', 'growth_rate': 'vendor_b'}",,vendor_b,vendor_a has no record for this channel; filled from vendor_b (fallback).,No action needed. Tracked to monitor vendor coverage.,auto,[],,,,,,,
Q00719,CR01218,instagram,"handle, follower_count, reach_rate",PRIMARY_SOURCE_MISSING,YELLOW,"{'handle': 'vendor_b', 'follower_count': 'vendor_b', 'reach_rate': 'vendor_b'}",,vendor_b,vendor_a has no record for this channel; filled from vendor_b (fallback).,No action needed. Tracked to monitor vendor coverage.,auto,[],,,,,,,
Q00720,CR01219,tiktok,"handle, follower_count, reach_rate, growth_rate, meaningful_eng_rate",PRIMARY_SOURCE_MISSING,YELLOW,"{'handle': 'vendor_b', 'follower_count': 'vendor_c', 'reach_rate': 'vendor_c', 'growth_rate': 'vendor_c', 'meaningful_eng_rate': 'vendor_b'}",,"vendor_b, vendor_c","vendor_a's record is stale; filled from vendor_b, vendor_c (fallback).",No action needed. Tracked to monitor vendor coverage.,auto,[],,,,,,,
Q00721,CR01220,instagram,"handle, follower_count, growth_rate, meaningful_eng_rate",PRIMARY_SOURCE_MISSING,YELLOW,"{'handle': 'vendor_b', 'follower_count': 'vendor_b', 'growth_rate': 'vendor_b', 'meaningful_eng_rate': 'vendor_b'}",,vendor_b,vendor_a has no record for this channel; filled from vendor_b (fallback).,No action needed. Tracked to monitor vendor coverage.,auto,[],,,,,,,
Q00722,CR01220,tiktok,handle,PRIMARY_SOURCE_MISSING,YELLOW,{'handle': 'vendor_c'},,vendor_c,vendor_a has no record for this channel; filled from vendor_c (fallback).,No action needed. Tracked to monitor vendor coverage.,auto,[],,,,,,,
Q00723,CR01222,youtube,meaningful_eng_rate,PRIMARY_SOURCE_MISSING,YELLOW,{'meaningful_eng_rate': 'vendor_c'},,vendor_c,vendor_a's record lacks a valid value for meaningful_eng_rate; filled from vendor_c (fallback).,No action needed. Tracked to monitor vendor coverage.,auto,[],,,,,,,
Q00724,CR01223,tiktok,"handle, follower_count, reach_rate, growth_rate, meaningful_eng_rate",PRIMARY_SOURCE_MISSING,YELLOW,"{'handle': 'vendor_b', 'follower_count': 'vendor_b', 'reach_rate': 'vendor_b', 'growth_rate': 'vendor_b', 'meaningful_eng_rate': 'vendor_b'}",,vendor_b,vendor_a has no record for this channel; filled from vendor_b (fallback).,No action needed. Tracked to monitor vendor coverage.,auto,[],,,,,,,
Q00725,CR01223,youtube,"handle, follower_count, reach_rate, growth_rate, meaningful_eng_rate",PRIMARY_SOURCE_MISSING,YELLOW,"{'handle': 'vendor_b', 'follower_count': 'vendor_b', 'reach_rate': 'vendor_b', 'growth_rate': 'vendor_b', 'meaningful_eng_rate': 'vendor_b'}",,vendor_b,vendor_a has no record for this channel; filled from vendor_b (fallback).,No action needed. Tracked to monitor vendor coverage.,auto,[],,,,,,,
Q00726,CR01224,tiktok,"handle, follower_count, reach_rate, growth_rate, meaningful_eng_rate",PRIMARY_SOURCE_MISSING,YELLOW,"{'handle': 'vendor_b', 'follower_count': 'vendor_b', 'reach_rate': 'vendor_b', 'growth_rate': 'vendor_b', 'meaningful_eng_rate': 'vendor_b'}",,vendor_b,vendor_a has no record for this channel; filled from vendor_b (fallback).,No action needed. Tracked to monitor vendor coverage.,auto,[],,,,,,,
Q00727,CR01229,instagram,"handle, follower_count, reach_rate, growth_rate, meaningful_eng_rate",PRIMARY_SOURCE_MISSING,YELLOW,"{'handle': 'vendor_b', 'follower_count': 'vendor_b', 'reach_rate': 'vendor_b', 'growth_rate': 'vendor_b', 'meaningful_eng_rate': 'vendor_b'}",,vendor_b,vendor_a has no record for this channel; filled from vendor_b (fallback).,No action needed. Tracked to monitor vendor coverage.,auto,[],,,,,,,
Q00728,CR01229,tiktok,"handle, follower_count, reach_rate, growth_rate, meaningful_eng_rate",PRIMARY_SOURCE_MISSING,YELLOW,"{'handle': 'vendor_b', 'follower_count': 'vendor_b', 'reach_rate': 'vendor_b', 'growth_rate': 'vendor_b', 'meaningful_eng_rate': 'vendor_b'}",,vendor_b,vendor_a has no record for this channel; filled from vendor_b (fallback).,No action needed. Tracked to monitor vendor coverage.,auto,[],,,,,,,
Q00729,CR01233,instagram,"handle, follower_count, reach_rate, growth_rate, meaningful_eng_rate",PRIMARY_SOURCE_MISSING,YELLOW,"{'handle': 'vendor_b', 'follower_count': 'vendor_b', 'reach_rate': 'vendor_b', 'growth_rate': 'vendor_b', 'meaningful_eng_rate': 'vendor_b'}",,vendor_b,vendor_a has no record for this channel; filled from vendor_b (fallback).,No action needed. Tracked to monitor vendor coverage.,auto,[],,,,,,,
Q00730,CR01233,tiktok,"handle, follower_count, reach_rate, growth_rate, meaningful_eng_rate",PRIMARY_SOURCE_MISSING,YELLOW,"{'handle': 'vendor_b', 'follower_count': 'vendor_b', 'reach_rate': 'vendor_b', 'growth_rate': 'vendor_b', 'meaningful_eng_rate': 'vendor_b'}",,vendor_b,vendor_a has no record for this channel; filled from vendor_b (fallback).,No action needed. Tracked to monitor vendor coverage.,auto,[],,,,,,,
Q00731,CR01235,instagram,handle,PRIMARY_SOURCE_MISSING,YELLOW,{'handle': 'vendor_c'},,vendor_c,vendor_a has no record for this channel; filled from vendor_c (fallback).,No action needed. Tracked to monitor vendor coverage.,auto,[],,,,,,,
Q00732,CR01236,instagram,"handle, follower_count, reach_rate, growth_rate",PRIMARY_SOURCE_MISSING,YELLOW,"{'handle': 'vendor_b', 'follower_count': 'vendor_b', 'reach_rate': 'vendor_b', 'growth_rate': 'vendor_b'}",,vendor_b,vendor_a has no record for this channel; filled from vendor_b (fallback).,No action needed. Tracked to monitor vendor coverage.,auto,[],,,,,,,
Q00733,CR01236,tiktok,"handle, follower_count, reach_rate",PRIMARY_SOURCE_MISSING,YELLOW,"{'handle': 'vendor_b', 'follower_count': 'vendor_b', 'reach_rate': 'vendor_b'}",,vendor_b,vendor_a has no record for this channel; filled from vendor_b (fallback).,No action needed. Tracked to monitor vendor coverage.,auto,[],,,,,,,
Q00734,CR01239,tiktok,"handle, follower_count, reach_rate, growth_rate, meaningful_eng_rate",PRIMARY_SOURCE_MISSING,YELLOW,"{'handle': 'vendor_b', 'follower_count': 'vendor_b', 'reach_rate': 'vendor_b', 'growth_rate': 'vendor_b', 'meaningful_eng_rate': 'vendor_b'}",,vendor_b,vendor_a has no record for this channel; filled from vendor_b (fallback).,No action needed. Tracked to monitor vendor coverage.,auto,[],,,,,,,
Q00735,CR01240,instagram,handle,PRIMARY_SOURCE_MISSING,YELLOW,{'handle': 'vendor_b'},,vendor_b,vendor_a has no record for this channel; filled from vendor_b (fallback).,No action needed. Tracked to monitor vendor coverage.,auto,[],,,,,,,
Q00736,CR01241,instagram,"handle, follower_count, reach_rate, growth_rate",PRIMARY_SOURCE_MISSING,YELLOW,"{'handle': 'vendor_b', 'follower_count': 'vendor_b', 'reach_rate': 'vendor_b', 'growth_rate': 'vendor_c'}",,"vendor_b, vendor_c","vendor_a has no record for this channel; filled from vendor_b, vendor_c (fallback).",No action needed. Tracked to monitor vendor coverage.,auto,[],,,,,,,
Q00737,CR01241,tiktok,"handle, follower_count, reach_rate, growth_rate, meaningful_eng_rate",PRIMARY_SOURCE_MISSING,YELLOW,"{'handle': 'vendor_b', 'follower_count': 'vendor_b', 'reach_rate': 'vendor_b', 'growth_rate': 'vendor_b', 'meaningful_eng_rate': 'vendor_b'}",,vendor_b,vendor_a has no record for this channel; filled from vendor_b (fallback).,No action needed. Tracked to monitor vendor coverage.,auto,[],,,,,,,
Q00738,CR01243,tiktok,"handle, follower_count, growth_rate, meaningful_eng_rate",PRIMARY_SOURCE_MISSING,YELLOW,"{'handle': 'vendor_b', 'follower_count': 'vendor_b', 'growth_rate': 'vendor_b', 'meaningful_eng_rate': 'vendor_b'}",,vendor_b,vendor_a has no record for this channel; filled from vendor_b (fallback).,No action needed. Tracked to monitor vendor coverage.,auto,[],,,,,,,
Q00739,CR01247,instagram,"handle, follower_count, reach_rate, growth_rate, meaningful_eng_rate",PRIMARY_SOURCE_MISSING,YELLOW,"{'handle': 'vendor_b', 'follower_count': 'vendor_b', 'reach_rate': 'vendor_b', 'growth_rate': 'vendor_b', 'meaningful_eng_rate': 'vendor_b'}",,vendor_b,vendor_a has no record for this channel; filled from vendor_b (fallback).,No action needed. Tracked to monitor vendor coverage.,auto,[],,,,,,,
Q00740,CR01247,tiktok,"follower_count, reach_rate, growth_rate",PRIMARY_SOURCE_MISSING,YELLOW,"{'follower_count': 'vendor_b', 'reach_rate': 'vendor_b', 'growth_rate': 'vendor_c'}",,"vendor_b, vendor_c","vendor_a has no record for this channel; filled from vendor_b, vendor_c (fallback).",No action needed. Tracked to monitor vendor coverage.,auto,[],,,,,,,
Q00741,CR01248,instagram,"handle, follower_count, reach_rate, growth_rate, meaningful_eng_rate",PRIMARY_SOURCE_MISSING,YELLOW,"{'handle': 'vendor_b', 'follower_count': 'vendor_b', 'reach_rate': 'vendor_b', 'growth_rate': 'vendor_b', 'meaningful_eng_rate': 'vendor_b'}",,vendor_b,vendor_a has no record for this channel; filled from vendor_b (fallback).,No action needed. Tracked to monitor vendor coverage.,auto,[],,,,,,,
Q00742,CR01248,tiktok,"handle, follower_count, reach_rate, growth_rate",PRIMARY_SOURCE_MISSING,YELLOW,"{'handle': 'vendor_b', 'follower_count': 'vendor_b', 'reach_rate': 'vendor_b', 'growth_rate': 'vendor_b'}",,vendor_b,vendor_a has no record for this channel; filled from vendor_b (fallback).,No action needed. Tracked to monitor vendor coverage.,auto,[],,,,,,,
Q00743,CR01249,instagram,"handle, follower_count, reach_rate, growth_rate",PRIMARY_SOURCE_MISSING,YELLOW,"{'handle': 'vendor_b', 'follower_count': 'vendor_b', 'reach_rate': 'vendor_b', 'growth_rate': 'vendor_b'}",,vendor_b,vendor_a has no record for this channel; filled from vendor_b (fallback).,No action needed. Tracked to monitor vendor coverage.,auto,[],,,,,,,
Q00744,CR01249,tiktok,"handle, follower_count, reach_rate, growth_rate",PRIMARY_SOURCE_MISSING,YELLOW,"{'handle': 'vendor_b', 'follower_count': 'vendor_b', 'reach_rate': 'vendor_b', 'growth_rate': 'vendor_b'}",,vendor_b,vendor_a has no record for this channel; filled from vendor_b (fallback).,No action needed. Tracked to monitor vendor coverage.,auto,[],,,,,,,
Q00745,CR01253,tiktok,"handle, follower_count, reach_rate, growth_rate",PRIMARY_SOURCE_MISSING,YELLOW,"{'handle': 'vendor_b', 'follower_count': 'vendor_b', 'reach_rate': 'vendor_b', 'growth_rate': 'vendor_b'}",,vendor_b,vendor_a has no record for this channel; filled from vendor_b (fallback).,No action needed. Tracked to monitor vendor coverage.,auto,[],,,,,,,
Q00746,CR01254,instagram,"handle, follower_count, reach_rate, growth_rate, meaningful_eng_rate",PRIMARY_SOURCE_MISSING,YELLOW,"{'handle': 'vendor_b', 'follower_count': 'vendor_b', 'reach_rate': 'vendor_b', 'growth_rate': 'vendor_b', 'meaningful_eng_rate': 'vendor_b'}",,vendor_b,vendor_a has no record for this channel; filled from vendor_b (fallback).,No action needed. Tracked to monitor vendor coverage.,auto,[],,,,,,,
Q00747,CR01254,tiktok,"handle, follower_count, reach_rate",PRIMARY_SOURCE_MISSING,YELLOW,"{'handle': 'vendor_b', 'follower_count': 'vendor_b', 'reach_rate': 'vendor_b'}",,vendor_b,vendor_a has no record for this channel; filled from vendor_b (fallback).,No action needed. Tracked to monitor vendor coverage.,auto,[],,,,,,,
Q00748,CR01255,tiktok,"handle, follower_count, reach_rate, growth_rate, meaningful_eng_rate",PRIMARY_SOURCE_MISSING,YELLOW,"{'handle': 'vendor_b', 'follower_count': 'vendor_b', 'reach_rate': 'vendor_b', 'growth_rate': 'vendor_b', 'meaningful_eng_rate': 'vendor_b'}",,vendor_b,vendor_a has no record for this channel; filled from vendor_b (fallback).,No action needed. Tracked to monitor vendor coverage.,auto,[],,,,,,,
Q00749,CR01257,tiktok,"follower_count, reach_rate, growth_rate",PRIMARY_SOURCE_MISSING,YELLOW,"{'follower_count': 'vendor_b', 'reach_rate': 'vendor_b', 'growth_rate': 'vendor_b'}",,vendor_b,vendor_a has no record for this channel; filled from vendor_b (fallback).,No action needed. Tracked to monitor vendor coverage.,auto,[],,,,,,,
Q00750,CR01268,instagram,"handle, follower_count, reach_rate, growth_rate, meaningful_eng_rate",PRIMARY_SOURCE_MISSING,YELLOW,"{'handle': 'vendor_b', 'follower_count': 'vendor_b', 'reach_rate': 'vendor_b', 'growth_rate': 'vendor_c', 'meaningful_eng_rate': 'vendor_b'}",,"vendor_b, vendor_c","vendor_a has no record for this channel; filled from vendor_b, vendor_c (fallback).",No action needed. Tracked to monitor vendor coverage.,auto,[],,,,,,,
Q00751,CR01268,tiktok,"handle, follower_count, reach_rate, growth_rate, meaningful_eng_rate",PRIMARY_SOURCE_MISSING,YELLOW,"{'handle': 'vendor_b', 'follower_count': 'vendor_b', 'reach_rate': 'vendor_b', 'growth_rate': 'vendor_b', 'meaningful_eng_rate': 'vendor_b'}",,vendor_b,vendor_a has no record for this channel; filled from vendor_b (fallback).,No action needed. Tracked to monitor vendor coverage.,auto,[],,,,,,,
Q00752,CR01269,tiktok,meaningful_eng_rate,PRIMARY_SOURCE_MISSING,YELLOW,{'meaningful_eng_rate': 'vendor_b'},,vendor_b,vendor_a's record lacks a valid value for meaningful_eng_rate; filled from vendor_b (fallback).,No action needed. Tracked to monitor vendor coverage.,auto,[],,,,,,,
Q00753,CR01270,tiktok,"handle, follower_count, growth_rate, meaningful_eng_rate",PRIMARY_SOURCE_MISSING,YELLOW,"{'handle': 'vendor_b', 'follower_count': 'vendor_b', 'growth_rate': 'vendor_b', 'meaningful_eng_rate': 'vendor_b'}",,vendor_b,vendor_a has no record for this channel; filled from vendor_b (fallback).,No action needed. Tracked to monitor vendor coverage.,auto,[],,,,,,,
Q00754,CR01274,instagram,"handle, follower_count, reach_rate, growth_rate, meaningful_eng_rate",PRIMARY_SOURCE_MISSING,YELLOW,"{'handle': 'vendor_b', 'follower_count': 'vendor_b', 'reach_rate': 'vendor_b', 'growth_rate': 'vendor_b', 'meaningful_eng_rate': 'vendor_b'}",,vendor_b,vendor_a has no record for this channel; filled from vendor_b (fallback).,No action needed. Tracked to monitor vendor coverage.,auto,[],,,,,,,
Q00755,CR01274,tiktok,"handle, follower_count, reach_rate, meaningful_eng_rate",PRIMARY_SOURCE_MISSING,YELLOW,"{'handle': 'vendor_b', 'follower_count': 'vendor_b', 'reach_rate': 'vendor_b', 'meaningful_eng_rate': 'vendor_b'}",,vendor_b,vendor_a has no record for this channel; filled from vendor_b (fallback).,No action needed. Tracked to monitor vendor coverage.,auto,[],,,,,,,
Q00756,CR01276,instagram,"handle, follower_count, reach_rate, growth_rate",PRIMARY_SOURCE_MISSING,YELLOW,"{'handle': 'vendor_b', 'follower_count': 'vendor_b', 'reach_rate': 'vendor_b', 'growth_rate': 'vendor_b'}",,vendor_b,vendor_a has no record for this channel; filled from vendor_b (fallback).,No action needed. Tracked to monitor vendor coverage.,auto,[],,,,,,,
Q00757,CR01276,tiktok,"handle, follower_count, reach_rate, growth_rate",PRIMARY_SOURCE_MISSING,YELLOW,"{'handle': 'vendor_b', 'follower_count': 'vendor_b', 'reach_rate': 'vendor_b', 'growth_rate': 'vendor_b'}",,vendor_b,vendor_a has no record for this channel; filled from vendor_b (fallback).,No action needed. Tracked to monitor vendor coverage.,auto,[],,,,,,,
Q00758,CR01280,instagram,"handle, follower_count, reach_rate, growth_rate, meaningful_eng_rate",PRIMARY_SOURCE_MISSING,YELLOW,"{'handle': 'vendor_b', 'follower_count': 'vendor_b', 'reach_rate': 'vendor_b', 'growth_rate': 'vendor_b', 'meaningful_eng_rate': 'vendor_b'}",,vendor_b,vendor_a has no record for this channel; filled from vendor_b (fallback).,No action needed. Tracked to monitor vendor coverage.,auto,[],,,,,,,
Q00759,CR01280,tiktok,"handle, follower_count, reach_rate, growth_rate, meaningful_eng_rate",PRIMARY_SOURCE_MISSING,YELLOW,"{'handle': 'vendor_b', 'follower_count': 'vendor_b', 'reach_rate': 'vendor_b', 'growth_rate': 'vendor_b', 'meaningful_eng_rate': 'vendor_b'}",,vendor_b,vendor_a has no record for this channel; filled from vendor_b (fallback).,No action needed. Tracked to monitor vendor coverage.,auto,[],,,,,,,
Q00760,CR01280,youtube,"follower_count, reach_rate, growth_rate",PRIMARY_SOURCE_MISSING,YELLOW,"{'follower_count': 'vendor_c', 'reach_rate': 'vendor_c', 'growth_rate': 'vendor_c'}",,vendor_c,"vendor_a's record lacks a valid value for follower_count, reach_rate, growth_rate; filled from vendor_c (fallback).",No action needed. Tracked to monitor vendor coverage.,auto,[],,,,,,,
Q00761,CR01283,instagram,"handle, follower_count, reach_rate, growth_rate, meaningful_eng_rate",PRIMARY_SOURCE_MISSING,YELLOW,"{'handle': 'vendor_b', 'follower_count': 'vendor_b', 'reach_rate': 'vendor_b', 'growth_rate': 'vendor_b', 'meaningful_eng_rate': 'vendor_b'}",,vendor_b,vendor_a has no record for this channel; filled from vendor_b (fallback).,No action needed. Tracked to monitor vendor coverage.,auto,[],,,,,,,
Q00762,CR01283,tiktok,"handle, follower_count, reach_rate, growth_rate, meaningful_eng_rate",PRIMARY_SOURCE_MISSING,YELLOW,"{'handle': 'vendor_b', 'follower_count': 'vendor_b', 'reach_rate': 'vendor_b', 'growth_rate': 'vendor_c', 'meaningful_eng_rate': 'vendor_b'}",,"vendor_b, vendor_c","vendor_a has no record for this channel; filled from vendor_b, vendor_c (fallback).",No action needed. Tracked to monitor vendor coverage.,auto,[],,,,,,,
Q00763,CR01284,instagram,meaningful_eng_rate,PRIMARY_SOURCE_MISSING,YELLOW,{'meaningful_eng_rate': 'vendor_b'},,vendor_b,vendor_a's record lacks a valid value for meaningful_eng_rate; filled from vendor_b (fallback).,No action needed. Tracked to monitor vendor coverage.,auto,[],,,,,,,
Q00764,CR01284,tiktok,"handle, follower_count, reach_rate, growth_rate, meaningful_eng_rate",PRIMARY_SOURCE_MISSING,YELLOW,"{'handle': 'vendor_b', 'follower_count': 'vendor_b', 'reach_rate': 'vendor_b', 'growth_rate': 'vendor_b', 'meaningful_eng_rate': 'vendor_b'}",,vendor_b,vendor_a has no record for this channel; filled from vendor_b (fallback).,No action needed. Tracked to monitor vendor coverage.,auto,[],,,,,,,
Q00765,CR01287,instagram,"handle, follower_count, reach_rate, growth_rate",PRIMARY_SOURCE_MISSING,YELLOW,"{'handle': 'vendor_b', 'follower_count': 'vendor_b', 'reach_rate': 'vendor_b', 'growth_rate': 'vendor_b'}",,vendor_b,vendor_a has no record for this channel; filled from vendor_b (fallback).,No action needed. Tracked to monitor vendor coverage.,auto,[],,,,,,,
Q00766,CR01287,tiktok,"handle, follower_count, reach_rate, growth_rate, meaningful_eng_rate",PRIMARY_SOURCE_MISSING,YELLOW,"{'handle': 'vendor_b', 'follower_count': 'vendor_b', 'reach_rate': 'vendor_b', 'growth_rate': 'vendor_c', 'meaningful_eng_rate': 'vendor_b'}",,"vendor_b, vendor_c","vendor_a has no record for this channel; filled from vendor_b, vendor_c (fallback).",No action needed. Tracked to monitor vendor coverage.,auto,[],,,,,,,
Q00767,CR01290,instagram,"handle, follower_count, reach_rate, growth_rate, meaningful_eng_rate",PRIMARY_SOURCE_MISSING,YELLOW,"{'handle': 'vendor_b', 'follower_count': 'vendor_b', 'reach_rate': 'vendor_b', 'growth_rate': 'vendor_b', 'meaningful_eng_rate': 'vendor_b'}",,vendor_b,vendor_a has no record for this channel; filled from vendor_b (fallback).,No action needed. Tracked to monitor vendor coverage.,auto,[],,,,,,,
Q00768,CR01290,youtube,meaningful_eng_rate,PRIMARY_SOURCE_MISSING,YELLOW,{'meaningful_eng_rate': 'vendor_b'},,vendor_b,vendor_a's record lacks a valid value for meaningful_eng_rate; filled from vendor_b (fallback).,No action needed. Tracked to monitor vendor coverage.,auto,[],,,,,,,
Q00769,CR01291,instagram,"handle, follower_count, reach_rate, growth_rate, meaningful_eng_rate",PRIMARY_SOURCE_MISSING,YELLOW,"{'handle': 'vendor_b', 'follower_count': 'vendor_b', 'reach_rate': 'vendor_b', 'growth_rate': 'vendor_b', 'meaningful_eng_rate': 'vendor_b'}",,vendor_b,vendor_a has no record for this channel; filled from vendor_b (fallback).,No action needed. Tracked to monitor vendor coverage.,auto,[],,,,,,,
Q00770,CR01296,tiktok,"handle, follower_count, reach_rate, growth_rate, meaningful_eng_rate",PRIMARY_SOURCE_MISSING,YELLOW,"{'handle': 'vendor_b', 'follower_count': 'vendor_b', 'reach_rate': 'vendor_b', 'growth_rate': 'vendor_b', 'meaningful_eng_rate': 'vendor_b'}",,vendor_b,vendor_a has no record for this channel; filled from vendor_b (fallback).,No action needed. Tracked to monitor vendor coverage.,auto,[],,,,,,,
Q00771,CR01297,tiktok,"handle, follower_count, reach_rate, growth_rate, meaningful_eng_rate",PRIMARY_SOURCE_MISSING,YELLOW,"{'handle': 'vendor_b', 'follower_count': 'vendor_b', 'reach_rate': 'vendor_b', 'growth_rate': 'vendor_b', 'meaningful_eng_rate': 'vendor_b'}",,vendor_b,vendor_a has no record for this channel; filled from vendor_b (fallback).,No action needed. Tracked to monitor vendor coverage.,auto,[],,,,,,,
Q00772,CR01298,instagram,"handle, follower_count, reach_rate, growth_rate, meaningful_eng_rate",PRIMARY_SOURCE_MISSING,YELLOW,"{'handle': 'vendor_b', 'follower_count': 'vendor_b', 'reach_rate': 'vendor_b', 'growth_rate': 'vendor_b', 'meaningful_eng_rate': 'vendor_b'}",,vendor_b,vendor_a has no record for this channel; filled from vendor_b (fallback).,No action needed. Tracked to monitor vendor coverage.,auto,[],,,,,,,
Q00773,CR01298,tiktok,"handle, follower_count, reach_rate, growth_rate, meaningful_eng_rate",PRIMARY_SOURCE_MISSING,YELLOW,"{'handle': 'vendor_b', 'follower_count': 'vendor_b', 'reach_rate': 'vendor_b', 'growth_rate': 'vendor_b', 'meaningful_eng_rate': 'vendor_b'}",,vendor_b,vendor_a has no record for this channel; filled from vendor_b (fallback).,No action needed. Tracked to monitor vendor coverage.,auto,[],,,,,,,
Q00774,CR01300,youtube,"handle, meaningful_eng_rate",PRIMARY_SOURCE_MISSING,YELLOW,"{'handle': 'vendor_c', 'meaningful_eng_rate': 'vendor_c'}",,vendor_c,vendor_a's record is stale; filled from vendor_c (fallback).,No action needed. Tracked to monitor vendor coverage.,auto,[],,,,,,,
Q00775,CR01302,instagram,"handle, follower_count, reach_rate, growth_rate",PRIMARY_SOURCE_MISSING,YELLOW,"{'handle': 'vendor_b', 'follower_count': 'vendor_b', 'reach_rate': 'vendor_b', 'growth_rate': 'vendor_b'}",,vendor_b,vendor_a has no record for this channel; filled from vendor_b (fallback).,No action needed. Tracked to monitor vendor coverage.,auto,[],,,,,,,
Q00776,CR01302,tiktok,"handle, meaningful_eng_rate",PRIMARY_SOURCE_MISSING,YELLOW,"{'handle': 'vendor_b', 'meaningful_eng_rate': 'vendor_b'}",,vendor_b,vendor_a has no record for this channel; filled from vendor_b (fallback).,No action needed. Tracked to monitor vendor coverage.,auto,[],,,,,,,
Q00777,CR01303,instagram,"handle, follower_count, reach_rate, growth_rate, meaningful_eng_rate",PRIMARY_SOURCE_MISSING,YELLOW,"{'handle': 'vendor_b', 'follower_count': 'vendor_b', 'reach_rate': 'vendor_b', 'growth_rate': 'vendor_b', 'meaningful_eng_rate': 'vendor_b'}",,vendor_b,vendor_a has no record for this channel; filled from vendor_b (fallback).,No action needed. Tracked to monitor vendor coverage.,auto,[],,,,,,,
Q00778,CR01303,tiktok,"handle, follower_count, reach_rate, growth_rate, meaningful_eng_rate",PRIMARY_SOURCE_MISSING,YELLOW,"{'handle': 'vendor_b', 'follower_count': 'vendor_b', 'reach_rate': 'vendor_b', 'growth_rate': 'vendor_c', 'meaningful_eng_rate': 'vendor_b'}",,"vendor_b, vendor_c","vendor_a has no record for this channel; filled from vendor_b, vendor_c (fallback).",No action needed. Tracked to monitor vendor coverage.,auto,[],,,,,,,
Q00779,CR01309,instagram,"handle, follower_count, reach_rate, growth_rate, meaningful_eng_rate",PRIMARY_SOURCE_MISSING,YELLOW,"{'handle': 'vendor_b', 'follower_count': 'vendor_b', 'reach_rate': 'vendor_b', 'growth_rate': 'vendor_b', 'meaningful_eng_rate': 'vendor_b'}",,vendor_b,vendor_a has no record for this channel; filled from vendor_b (fallback).,No action needed. Tracked to monitor vendor coverage.,auto,[],,,,,,,
Q00780,CR01309,tiktok,"handle, follower_count, reach_rate, growth_rate",PRIMARY_SOURCE_MISSING,YELLOW,"{'handle': 'vendor_c', 'follower_count': 'vendor_c', 'reach_rate': 'vendor_c', 'growth_rate': 'vendor_c'}",,vendor_c,vendor_a has no record for this channel; filled from vendor_c (fallback).,No action needed. Tracked to monitor vendor coverage.,auto,[],,,,,,,
Q00781,CR01312,tiktok,meaningful_eng_rate,PRIMARY_SOURCE_MISSING,YELLOW,{'meaningful_eng_rate': 'vendor_b'},,vendor_b,vendor_a's record lacks a valid value for meaningful_eng_rate; filled from vendor_b (fallback).,No action needed. Tracked to monitor vendor coverage.,auto,[],,,,,,,
Q00782,CR01313,instagram,reach_rate,PRIMARY_SOURCE_MISSING,YELLOW,{'reach_rate': 'vendor_b'},,vendor_b,vendor_a's record lacks a valid value for reach_rate; filled from vendor_b (fallback).,No action needed. Tracked to monitor vendor coverage.,auto,[],,,,,,,
Q00783,CR01314,instagram,"handle, follower_count, reach_rate, growth_rate, meaningful_eng_rate",PRIMARY_SOURCE_MISSING,YELLOW,"{'handle': 'vendor_b', 'follower_count': 'vendor_b', 'reach_rate': 'vendor_b', 'growth_rate': 'vendor_b', 'meaningful_eng_rate': 'vendor_b'}",,vendor_b,vendor_a has no record for this channel; filled from vendor_b (fallback).,No action needed. Tracked to monitor vendor coverage.,auto,[],,,,,,,
Q00784,CR01314,tiktok,"handle, follower_count, reach_rate, growth_rate, meaningful_eng_rate",PRIMARY_SOURCE_MISSING,YELLOW,"{'handle': 'vendor_b', 'follower_count': 'vendor_b', 'reach_rate': 'vendor_b', 'growth_rate': 'vendor_b', 'meaningful_eng_rate': 'vendor_b'}",,vendor_b,vendor_a has no record for this channel; filled from vendor_b (fallback).,No action needed. Tracked to monitor vendor coverage.,auto,[],,,,,,,
Q00785,CR01316,instagram,"handle, follower_count, reach_rate, growth_rate",PRIMARY_SOURCE_MISSING,YELLOW,"{'handle': 'vendor_b', 'follower_count': 'vendor_b', 'reach_rate': 'vendor_b', 'growth_rate': 'vendor_b'}",,vendor_b,vendor_a has no record for this channel; filled from vendor_b (fallback).,No action needed. Tracked to monitor vendor coverage.,auto,[],,,,,,,
Q00786,CR01316,tiktok,"handle, follower_count, reach_rate, growth_rate, meaningful_eng_rate",PRIMARY_SOURCE_MISSING,YELLOW,"{'handle': 'vendor_b', 'follower_count': 'vendor_b', 'reach_rate': 'vendor_b', 'growth_rate': 'vendor_b', 'meaningful_eng_rate': 'vendor_b'}",,vendor_b,vendor_a has no record for this channel; filled from vendor_b (fallback).,No action needed. Tracked to monitor vendor coverage.,auto,[],,,,,,,
Q00787,CR01321,tiktok,"handle, follower_count, reach_rate, growth_rate, meaningful_eng_rate",PRIMARY_SOURCE_MISSING,YELLOW,"{'handle': 'vendor_b', 'follower_count': 'vendor_b', 'reach_rate': 'vendor_b', 'growth_rate': 'vendor_b', 'meaningful_eng_rate': 'vendor_b'}",,vendor_b,vendor_a has no record for this channel; filled from vendor_b (fallback).,No action needed. Tracked to monitor vendor coverage.,auto,[],,,,,,,
Q00788,CR01322,instagram,reach_rate,PRIMARY_SOURCE_MISSING,YELLOW,{'reach_rate': 'vendor_b'},,vendor_b,vendor_a's record lacks a valid value for reach_rate; filled from vendor_b (fallback).,No action needed. Tracked to monitor vendor coverage.,auto,[],,,,,,,
Q00789,CR01322,tiktok,"handle, follower_count, reach_rate, growth_rate, meaningful_eng_rate",PRIMARY_SOURCE_MISSING,YELLOW,"{'handle': 'vendor_b', 'follower_count': 'vendor_b', 'reach_rate': 'vendor_b', 'growth_rate': 'vendor_b', 'meaningful_eng_rate': 'vendor_b'}",,vendor_b,vendor_a has no record for this channel; filled from vendor_b (fallback).,No action needed. Tracked to monitor vendor coverage.,auto,[],,,,,,,
Q00790,CR01323,tiktok,"handle, follower_count, reach_rate, growth_rate",PRIMARY_SOURCE_MISSING,YELLOW,"{'handle': 'vendor_b', 'follower_count': 'vendor_b', 'reach_rate': 'vendor_b', 'growth_rate': 'vendor_b'}",,vendor_b,vendor_a has no record for this channel; filled from vendor_b (fallback).,No action needed. Tracked to monitor vendor coverage.,auto,[],,,,,,,
Q00791,CR01325,tiktok,"handle, follower_count, reach_rate",PRIMARY_SOURCE_MISSING,YELLOW,"{'handle': 'vendor_b', 'follower_count': 'vendor_b', 'reach_rate': 'vendor_b'}",,vendor_b,vendor_a has no record for this channel; filled from vendor_b (fallback).,No action needed. Tracked to monitor vendor coverage.,auto,[],,,,,,,
Q00792,CR01329,tiktok,"handle, follower_count, reach_rate, growth_rate, meaningful_eng_rate",PRIMARY_SOURCE_MISSING,YELLOW,"{'handle': 'vendor_b', 'follower_count': 'vendor_b', 'reach_rate': 'vendor_b', 'growth_rate': 'vendor_b', 'meaningful_eng_rate': 'vendor_b'}",,vendor_b,vendor_a has no record for this channel; filled from vendor_b (fallback).,No action needed. Tracked to monitor vendor coverage.,auto,[],,,,,,,
Q00793,CR01332,instagram,"handle, follower_count, reach_rate, growth_rate",PRIMARY_SOURCE_MISSING,YELLOW,"{'handle': 'vendor_c', 'follower_count': 'vendor_c', 'reach_rate': 'vendor_c', 'growth_rate': 'vendor_c'}",,vendor_c,vendor_a has no record for this channel; filled from vendor_c (fallback).,No action needed. Tracked to monitor vendor coverage.,auto,[],,,,,,,
Q00794,CR01334,instagram,"handle, follower_count, growth_rate",PRIMARY_SOURCE_MISSING,YELLOW,"{'handle': 'vendor_b', 'follower_count': 'vendor_b', 'growth_rate': 'vendor_b'}",,vendor_b,vendor_a has no record for this channel; filled from vendor_b (fallback).,No action needed. Tracked to monitor vendor coverage.,auto,[],,,,,,,
Q00795,CR01334,youtube,meaningful_eng_rate,PRIMARY_SOURCE_MISSING,YELLOW,{'meaningful_eng_rate': 'vendor_b'},,vendor_b,vendor_a's record lacks a valid value for meaningful_eng_rate; filled from vendor_b (fallback).,No action needed. Tracked to monitor vendor coverage.,auto,[],,,,,,,
Q00796,CR01337,tiktok,"handle, follower_count, reach_rate, growth_rate",PRIMARY_SOURCE_MISSING,YELLOW,"{'handle': 'vendor_c', 'follower_count': 'vendor_c', 'reach_rate': 'vendor_c', 'growth_rate': 'vendor_c'}",,vendor_c,vendor_a has no record for this channel; filled from vendor_c (fallback).,No action needed. Tracked to monitor vendor coverage.,auto,[],,,,,,,
Q00797,CR01343,instagram,"handle, follower_count, reach_rate, growth_rate, meaningful_eng_rate",PRIMARY_SOURCE_MISSING,YELLOW,"{'handle': 'vendor_b', 'follower_count': 'vendor_b', 'reach_rate': 'vendor_b', 'growth_rate': 'vendor_b', 'meaningful_eng_rate': 'vendor_b'}",,vendor_b,vendor_a has no record for this channel; filled from vendor_b (fallback).,No action needed. Tracked to monitor vendor coverage.,auto,[],,,,,,,
Q00798,CR01343,tiktok,"handle, follower_count, reach_rate, growth_rate, meaningful_eng_rate",PRIMARY_SOURCE_MISSING,YELLOW,"{'handle': 'vendor_b', 'follower_count': 'vendor_b', 'reach_rate': 'vendor_b', 'growth_rate': 'vendor_b', 'meaningful_eng_rate': 'vendor_b'}",,vendor_b,vendor_a has no record for this channel; filled from vendor_b (fallback).,No action needed. Tracked to monitor vendor coverage.,auto,[],,,,,,,
Q00799,CR01345,tiktok,"handle, follower_count, reach_rate",PRIMARY_SOURCE_MISSING,YELLOW,"{'handle': 'vendor_b', 'follower_count': 'vendor_b', 'reach_rate': 'vendor_b'}",,vendor_b,vendor_a has no record for this channel; filled from vendor_b (fallback).,No action needed. Tracked to monitor vendor coverage.,auto,[],,,,,,,
Q00800,CR01347,instagram,handle,PRIMARY_SOURCE_MISSING,YELLOW,{'handle': 'vendor_b'},,vendor_b,vendor_a has no record for this channel; filled from vendor_b (fallback).,No action needed. Tracked to monitor vendor coverage.,auto,[],,,,,,,
Q00801,CR01347,tiktok,meaningful_eng_rate,PRIMARY_SOURCE_MISSING,YELLOW,{'meaningful_eng_rate': 'vendor_b'},,vendor_b,vendor_a's record lacks a valid value for meaningful_eng_rate; filled from vendor_b (fallback).,No action needed. Tracked to monitor vendor coverage.,auto,[],,,,,,,
Q00802,CR01349,instagram,"handle, follower_count, reach_rate, growth_rate, meaningful_eng_rate",PRIMARY_SOURCE_MISSING,YELLOW,"{'handle': 'vendor_b', 'follower_count': 'vendor_b', 'reach_rate': 'vendor_b', 'growth_rate': 'vendor_b', 'meaningful_eng_rate': 'vendor_b'}",,vendor_b,vendor_a has no record for this channel; filled from vendor_b (fallback).,No action needed. Tracked to monitor vendor coverage.,auto,[],,,,,,,
Q00803,CR01350,instagram,meaningful_eng_rate,PRIMARY_SOURCE_MISSING,YELLOW,{'meaningful_eng_rate': 'vendor_b'},,vendor_b,vendor_a's record lacks a valid value for meaningful_eng_rate; filled from vendor_b (fallback).,No action needed. Tracked to monitor vendor coverage.,auto,[],,,,,,,
Q00804,CR01352,tiktok,"handle, follower_count, reach_rate, growth_rate, meaningful_eng_rate",PRIMARY_SOURCE_MISSING,YELLOW,"{'handle': 'vendor_b', 'follower_count': 'vendor_b', 'reach_rate': 'vendor_b', 'growth_rate': 'vendor_b', 'meaningful_eng_rate': 'vendor_b'}",,vendor_b,vendor_a has no record for this channel; filled from vendor_b (fallback).,No action needed. Tracked to monitor vendor coverage.,auto,[],,,,,,,
Q00805,CR01354,tiktok,handle,PRIMARY_SOURCE_MISSING,YELLOW,{'handle': 'vendor_b'},,vendor_b,vendor_a has no record for this channel; filled from vendor_b (fallback).,No action needed. Tracked to monitor vendor coverage.,auto,[],,,,,,,
Q00806,CR01355,instagram,"handle, follower_count, reach_rate, growth_rate, meaningful_eng_rate",PRIMARY_SOURCE_MISSING,YELLOW,"{'handle': 'vendor_b', 'follower_count': 'vendor_b', 'reach_rate': 'vendor_b', 'growth_rate': 'vendor_b', 'meaningful_eng_rate': 'vendor_b'}",,vendor_b,vendor_a has no record for this channel; filled from vendor_b (fallback).,No action needed. Tracked to monitor vendor coverage.,auto,[],,,,,,,
Q00807,CR01361,tiktok,"handle, follower_count, reach_rate, growth_rate",PRIMARY_SOURCE_MISSING,YELLOW,"{'handle': 'vendor_b', 'follower_count': 'vendor_b', 'reach_rate': 'vendor_b', 'growth_rate': 'vendor_b'}",,vendor_b,vendor_a has no record for this channel; filled from vendor_b (fallback).,No action needed. Tracked to monitor vendor coverage.,auto,[],,,,,,,
Q00808,CR01362,instagram,"handle, follower_count, reach_rate, growth_rate, meaningful_eng_rate",PRIMARY_SOURCE_MISSING,YELLOW,"{'handle': 'vendor_b', 'follower_count': 'vendor_b', 'reach_rate': 'vendor_b', 'growth_rate': 'vendor_b', 'meaningful_eng_rate': 'vendor_b'}",,vendor_b,vendor_a has no record for this channel; filled from vendor_b (fallback).,No action needed. Tracked to monitor vendor coverage.,auto,[],,,,,,,
Q00809,CR01362,tiktok,"handle, follower_count, reach_rate, growth_rate, meaningful_eng_rate",PRIMARY_SOURCE_MISSING,YELLOW,"{'handle': 'vendor_b', 'follower_count': 'vendor_b', 'reach_rate': 'vendor_b', 'growth_rate': 'vendor_b', 'meaningful_eng_rate': 'vendor_b'}",,vendor_b,vendor_a has no record for this channel; filled from vendor_b (fallback).,No action needed. Tracked to monitor vendor coverage.,auto,[],,,,,,,
Q00810,CR01364,tiktok,"handle, follower_count, reach_rate, growth_rate, meaningful_eng_rate",PRIMARY_SOURCE_MISSING,YELLOW,"{'handle': 'vendor_b', 'follower_count': 'vendor_b', 'reach_rate': 'vendor_b', 'growth_rate': 'vendor_b', 'meaningful_eng_rate': 'vendor_b'}",,vendor_b,vendor_a has no record for this channel; filled from vendor_b (fallback).,No action needed. Tracked to monitor vendor coverage.,auto,[],,,,,,,
Q00811,CR01365,instagram,"handle, follower_count, reach_rate, growth_rate, meaningful_eng_rate",PRIMARY_SOURCE_MISSING,YELLOW,"{'handle': 'vendor_b', 'follower_count': 'vendor_b', 'reach_rate': 'vendor_b', 'growth_rate': 'vendor_b', 'meaningful_eng_rate': 'vendor_b'}",,vendor_b,vendor_a has no record for this channel; filled from vendor_b (fallback).,No action needed. Tracked to monitor vendor coverage.,auto,[],,,,,,,
Q00812,CR01367,youtube,meaningful_eng_rate,PRIMARY_SOURCE_MISSING,YELLOW,{'meaningful_eng_rate': 'vendor_c'},,vendor_c,vendor_a's record lacks a valid value for meaningful_eng_rate; filled from vendor_c (fallback).,No action needed. Tracked to monitor vendor coverage.,auto,[],,,,,,,
Q00813,CR01371,tiktok,"handle, meaningful_eng_rate",PRIMARY_SOURCE_MISSING,YELLOW,"{'handle': 'vendor_b', 'meaningful_eng_rate': 'vendor_b'}",,vendor_b,vendor_a has no record for this channel; filled from vendor_b (fallback).,No action needed. Tracked to monitor vendor coverage.,auto,[],,,,,,,
Q00814,CR01373,youtube,reach_rate,PRIMARY_SOURCE_MISSING,YELLOW,{'reach_rate': 'vendor_b'},,vendor_b,vendor_a's record lacks a valid value for reach_rate; filled from vendor_b (fallback).,No action needed. Tracked to monitor vendor coverage.,auto,[],,,,,,,
Q00815,CR01374,instagram,"handle, follower_count, reach_rate, growth_rate, meaningful_eng_rate",PRIMARY_SOURCE_MISSING,YELLOW,"{'handle': 'vendor_b', 'follower_count': 'vendor_b', 'reach_rate': 'vendor_b', 'growth_rate': 'vendor_b', 'meaningful_eng_rate': 'vendor_b'}",,vendor_b,vendor_a has no record for this channel; filled from vendor_b (fallback).,No action needed. Tracked to monitor vendor coverage.,auto,[],,,,,,,
Q00816,CR01374,youtube,"handle, follower_count, reach_rate, growth_rate",PRIMARY_SOURCE_MISSING,YELLOW,"{'handle': 'vendor_c', 'follower_count': 'vendor_c', 'reach_rate': 'vendor_c', 'growth_rate': 'vendor_c'}",,vendor_c,vendor_a's record is stale; filled from vendor_c (fallback).,No action needed. Tracked to monitor vendor coverage.,auto,[],,,,,,,
Q00817,CR01376,instagram,"handle, follower_count, reach_rate, growth_rate",PRIMARY_SOURCE_MISSING,YELLOW,"{'handle': 'vendor_b', 'follower_count': 'vendor_b', 'reach_rate': 'vendor_b', 'growth_rate': 'vendor_b'}",,vendor_b,vendor_a has no record for this channel; filled from vendor_b (fallback).,No action needed. Tracked to monitor vendor coverage.,auto,[],,,,,,,
Q00818,CR01376,tiktok,"handle, follower_count, reach_rate, growth_rate",PRIMARY_SOURCE_MISSING,YELLOW,"{'handle': 'vendor_b', 'follower_count': 'vendor_b', 'reach_rate': 'vendor_b', 'growth_rate': 'vendor_b'}",,vendor_b,vendor_a has no record for this channel; filled from vendor_b (fallback).,No action needed. Tracked to monitor vendor coverage.,auto,[],,,,,,,
Q00819,CR01381,instagram,"handle, follower_count, reach_rate, growth_rate, meaningful_eng_rate",PRIMARY_SOURCE_MISSING,YELLOW,"{'handle': 'vendor_b', 'follower_count': 'vendor_b', 'reach_rate': 'vendor_b', 'growth_rate': 'vendor_b', 'meaningful_eng_rate': 'vendor_b'}",,vendor_b,vendor_a has no record for this channel; filled from vendor_b (fallback).,No action needed. Tracked to monitor vendor coverage.,auto,[],,,,,,,
Q00820,CR01381,tiktok,"handle, follower_count, reach_rate, growth_rate, meaningful_eng_rate",PRIMARY_SOURCE_MISSING,YELLOW,"{'handle': 'vendor_b', 'follower_count': 'vendor_b', 'reach_rate': 'vendor_b', 'growth_rate': 'vendor_b', 'meaningful_eng_rate': 'vendor_b'}",,vendor_b,vendor_a has no record for this channel; filled from vendor_b (fallback).,No action needed. Tracked to monitor vendor coverage.,auto,[],,,,,,,
Q00821,CR01383,instagram,"handle, follower_count, reach_rate, growth_rate",PRIMARY_SOURCE_MISSING,YELLOW,"{'handle': 'vendor_c', 'follower_count': 'vendor_c', 'reach_rate': 'vendor_c', 'growth_rate': 'vendor_c'}",,vendor_c,vendor_a has no record for this channel; filled from vendor_c (fallback).,No action needed. Tracked to monitor vendor coverage.,auto,[],,,,,,,
Q00822,CR01383,tiktok,"reach_rate, meaningful_eng_rate",PRIMARY_SOURCE_MISSING,YELLOW,"{'reach_rate': 'vendor_b', 'meaningful_eng_rate': 'vendor_b'}",,vendor_b,"vendor_a's record lacks a valid value for reach_rate, meaningful_eng_rate; filled from vendor_b (fallback).",No action needed. Tracked to monitor vendor coverage.,auto,[],,,,,,,
Q00823,CR01384,tiktok,"handle, follower_count, reach_rate, growth_rate, meaningful_eng_rate",PRIMARY_SOURCE_MISSING,YELLOW,"{'handle': 'vendor_b', 'follower_count': 'vendor_b', 'reach_rate': 'vendor_b', 'growth_rate': 'vendor_b', 'meaningful_eng_rate': 'vendor_b'}",,vendor_b,vendor_a has no record for this channel; filled from vendor_b (fallback).,No action needed. Tracked to monitor vendor coverage.,auto,[],,,,,,,
Q00824,CR01386,instagram,"handle, follower_count, reach_rate, growth_rate",PRIMARY_SOURCE_MISSING,YELLOW,"{'handle': 'vendor_b', 'follower_count': 'vendor_b', 'reach_rate': 'vendor_b', 'growth_rate': 'vendor_b'}",,vendor_b,vendor_a has no record for this channel; filled from vendor_b (fallback).,No action needed. Tracked to monitor vendor coverage.,auto,[],,,,,,,
Q00825,CR01387,instagram,"handle, follower_count, reach_rate, growth_rate, meaningful_eng_rate",PRIMARY_SOURCE_MISSING,YELLOW,"{'handle': 'vendor_b', 'follower_count': 'vendor_b', 'reach_rate': 'vendor_b', 'growth_rate': 'vendor_b', 'meaningful_eng_rate': 'vendor_b'}",,vendor_b,vendor_a has no record for this channel; filled from vendor_b (fallback).,No action needed. Tracked to monitor vendor coverage.,auto,[],,,,,,,
Q00826,CR01393,instagram,"handle, follower_count, reach_rate, growth_rate, meaningful_eng_rate",PRIMARY_SOURCE_MISSING,YELLOW,"{'handle': 'vendor_b', 'follower_count': 'vendor_b', 'reach_rate': 'vendor_b', 'growth_rate': 'vendor_b', 'meaningful_eng_rate': 'vendor_b'}",,vendor_b,vendor_a has no record for this channel; filled from vendor_b (fallback).,No action needed. Tracked to monitor vendor coverage.,auto,[],,,,,,,
Q00827,CR01394,instagram,"handle, follower_count, reach_rate, growth_rate, meaningful_eng_rate",PRIMARY_SOURCE_MISSING,YELLOW,"{'handle': 'vendor_b', 'follower_count': 'vendor_b', 'reach_rate': 'vendor_b', 'growth_rate': 'vendor_b', 'meaningful_eng_rate': 'vendor_b'}",,vendor_b,vendor_a has no record for this channel; filled from vendor_b (fallback).,No action needed. Tracked to monitor vendor coverage.,auto,[],,,,,,,
Q00828,CR01395,instagram,"handle, follower_count, reach_rate, meaningful_eng_rate",PRIMARY_SOURCE_MISSING,YELLOW,"{'handle': 'vendor_b', 'follower_count': 'vendor_b', 'reach_rate': 'vendor_b', 'meaningful_eng_rate': 'vendor_b'}",,vendor_b,vendor_a has no record for this channel; filled from vendor_b (fallback).,No action needed. Tracked to monitor vendor coverage.,auto,[],,,,,,,
Q00829,CR01395,tiktok,"handle, follower_count, reach_rate, growth_rate, meaningful_eng_rate",PRIMARY_SOURCE_MISSING,YELLOW,"{'handle': 'vendor_b', 'follower_count': 'vendor_b', 'reach_rate': 'vendor_b', 'growth_rate': 'vendor_b', 'meaningful_eng_rate': 'vendor_b'}",,vendor_b,vendor_a has no record for this channel; filled from vendor_b (fallback).,No action needed. Tracked to monitor vendor coverage.,auto,[],,,,,,,
Q00830,CR01396,tiktok,"handle, follower_count, reach_rate, growth_rate",PRIMARY_SOURCE_MISSING,YELLOW,"{'handle': 'vendor_b', 'follower_count': 'vendor_b', 'reach_rate': 'vendor_b', 'growth_rate': 'vendor_b'}",,vendor_b,vendor_a has no record for this channel; filled from vendor_b (fallback).,No action needed. Tracked to monitor vendor coverage.,auto,[],,,,,,,
Q00831,CR01397,instagram,"handle, follower_count, reach_rate, meaningful_eng_rate",PRIMARY_SOURCE_MISSING,YELLOW,"{'handle': 'vendor_b', 'follower_count': 'vendor_b', 'reach_rate': 'vendor_b', 'meaningful_eng_rate': 'vendor_b'}",,vendor_b,vendor_a has no record for this channel; filled from vendor_b (fallback).,No action needed. Tracked to monitor vendor coverage.,auto,[],,,,,,,
Q00832,CR01399,instagram,"handle, follower_count, reach_rate, meaningful_eng_rate",PRIMARY_SOURCE_MISSING,YELLOW,"{'handle': 'vendor_b', 'follower_count': 'vendor_b', 'reach_rate': 'vendor_b', 'meaningful_eng_rate': 'vendor_b'}",,vendor_b,vendor_a has no record for this channel; filled from vendor_b (fallback).,No action needed. Tracked to monitor vendor coverage.,auto,[],,,,,,,
Q00833,CR01399,youtube,meaningful_eng_rate,PRIMARY_SOURCE_MISSING,YELLOW,{'meaningful_eng_rate': 'vendor_b'},,vendor_b,vendor_a's record lacks a valid value for meaningful_eng_rate; filled from vendor_b (fallback).,No action needed. Tracked to monitor vendor coverage.,auto,[],,,,,,,
Q00834,CR01402,instagram,"handle, follower_count, reach_rate, growth_rate, meaningful_eng_rate",PRIMARY_SOURCE_MISSING,YELLOW,"{'handle': 'vendor_b', 'follower_count': 'vendor_b', 'reach_rate': 'vendor_b', 'growth_rate': 'vendor_b', 'meaningful_eng_rate': 'vendor_b'}",,vendor_b,vendor_a has no record for this channel; filled from vendor_b (fallback).,No action needed. Tracked to monitor vendor coverage.,auto,[],,,,,,,
Q00835,CR01402,tiktok,"handle, follower_count, reach_rate, growth_rate, meaningful_eng_rate",PRIMARY_SOURCE_MISSING,YELLOW,"{'handle': 'vendor_b', 'follower_count': 'vendor_b', 'reach_rate': 'vendor_b', 'growth_rate': 'vendor_b', 'meaningful_eng_rate': 'vendor_b'}",,vendor_b,vendor_a has no record for this channel; filled from vendor_b (fallback).,No action needed. Tracked to monitor vendor coverage.,auto,[],,,,,,,
Q00836,CR01408,instagram,"handle, follower_count, reach_rate, growth_rate, meaningful_eng_rate",PRIMARY_SOURCE_MISSING,YELLOW,"{'handle': 'vendor_b', 'follower_count': 'vendor_b', 'reach_rate': 'vendor_b', 'growth_rate': 'vendor_b', 'meaningful_eng_rate': 'vendor_b'}",,vendor_b,vendor_a has no record for this channel; filled from vendor_b (fallback).,No action needed. Tracked to monitor vendor coverage.,auto,[],,,,,,,
Q00837,CR01412,instagram,"handle, follower_count, reach_rate, growth_rate, meaningful_eng_rate",PRIMARY_SOURCE_MISSING,YELLOW,"{'handle': 'vendor_b', 'follower_count': 'vendor_b', 'reach_rate': 'vendor_b', 'growth_rate': 'vendor_b', 'meaningful_eng_rate': 'vendor_b'}",,vendor_b,vendor_a has no record for this channel; filled from vendor_b (fallback).,No action needed. Tracked to monitor vendor coverage.,auto,[],,,,,,,
Q00838,CR01412,tiktok,"handle, follower_count, reach_rate, growth_rate, meaningful_eng_rate",PRIMARY_SOURCE_MISSING,YELLOW,"{'handle': 'vendor_b', 'follower_count': 'vendor_b', 'reach_rate': 'vendor_b', 'growth_rate': 'vendor_b', 'meaningful_eng_rate': 'vendor_b'}",,vendor_b,vendor_a has no record for this channel; filled from vendor_b (fallback).,No action needed. Tracked to monitor vendor coverage.,auto,[],,,,,,,
Q00839,CR01412,youtube,"handle, follower_count, reach_rate, growth_rate, meaningful_eng_rate",PRIMARY_SOURCE_MISSING,YELLOW,"{'handle': 'vendor_b', 'follower_count': 'vendor_b', 'reach_rate': 'vendor_b', 'growth_rate': 'vendor_b', 'meaningful_eng_rate': 'vendor_b'}",,vendor_b,vendor_a's record is stale; filled from vendor_b (fallback).,No action needed. Tracked to monitor vendor coverage.,auto,[],,,,,,,
Q00840,CR01415,instagram,"handle, follower_count, reach_rate, growth_rate",PRIMARY_SOURCE_MISSING,YELLOW,"{'handle': 'vendor_b', 'follower_count': 'vendor_b', 'reach_rate': 'vendor_b', 'growth_rate': 'vendor_b'}",,vendor_b,vendor_a has no record for this channel; filled from vendor_b (fallback).,No action needed. Tracked to monitor vendor coverage.,auto,[],,,,,,,
Q00841,CR01415,tiktok,handle,PRIMARY_SOURCE_MISSING,YELLOW,{'handle': 'vendor_c'},,vendor_c,vendor_a has no record for this channel; filled from vendor_c (fallback).,No action needed. Tracked to monitor vendor coverage.,auto,[],,,,,,,
Q00842,CR01419,instagram,"handle, follower_count, reach_rate, growth_rate",PRIMARY_SOURCE_MISSING,YELLOW,"{'handle': 'vendor_b', 'follower_count': 'vendor_b', 'reach_rate': 'vendor_b', 'growth_rate': 'vendor_b'}",,vendor_b,vendor_a has no record for this channel; filled from vendor_b (fallback).,No action needed. Tracked to monitor vendor coverage.,auto,[],,,,,,,
Q00843,CR01419,tiktok,"handle, follower_count, reach_rate, growth_rate, meaningful_eng_rate",PRIMARY_SOURCE_MISSING,YELLOW,"{'handle': 'vendor_b', 'follower_count': 'vendor_b', 'reach_rate': 'vendor_b', 'growth_rate': 'vendor_b', 'meaningful_eng_rate': 'vendor_b'}",,vendor_b,vendor_a has no record for this channel; filled from vendor_b (fallback).,No action needed. Tracked to monitor vendor coverage.,auto,[],,,,,,,
Q00844,CR01421,instagram,"handle, follower_count, reach_rate, growth_rate, meaningful_eng_rate",PRIMARY_SOURCE_MISSING,YELLOW,"{'handle': 'vendor_b', 'follower_count': 'vendor_b', 'reach_rate': 'vendor_b', 'growth_rate': 'vendor_b', 'meaningful_eng_rate': 'vendor_b'}",,vendor_b,vendor_a has no record for this channel; filled from vendor_b (fallback).,No action needed. Tracked to monitor vendor coverage.,auto,[],,,,,,,
Q00845,CR01421,tiktok,"handle, follower_count, reach_rate, growth_rate",PRIMARY_SOURCE_MISSING,YELLOW,"{'handle': 'vendor_b', 'follower_count': 'vendor_b', 'reach_rate': 'vendor_b', 'growth_rate': 'vendor_c'}",,"vendor_b, vendor_c","vendor_a has no record for this channel; filled from vendor_b, vendor_c (fallback).",No action needed. Tracked to monitor vendor coverage.,auto,[],,,,,,,
Q00846,CR01424,youtube,"handle, follower_count, reach_rate, meaningful_eng_rate",PRIMARY_SOURCE_MISSING,YELLOW,"{'handle': 'vendor_c', 'follower_count': 'vendor_c', 'reach_rate': 'vendor_c', 'meaningful_eng_rate': 'vendor_c'}",,vendor_c,vendor_a has no record for this channel; filled from vendor_c (fallback).,No action needed. Tracked to monitor vendor coverage.,auto,[],,,,,,,
Q00847,CR01429,tiktok,"handle, follower_count, reach_rate, growth_rate",PRIMARY_SOURCE_MISSING,YELLOW,"{'handle': 'vendor_b', 'follower_count': 'vendor_b', 'reach_rate': 'vendor_b', 'growth_rate': 'vendor_b'}",,vendor_b,vendor_a's record is stale; filled from vendor_b (fallback).,No action needed. Tracked to monitor vendor coverage.,auto,[],,,,,,,
Q00848,CR01432,tiktok,"handle, follower_count, reach_rate, growth_rate, meaningful_eng_rate",PRIMARY_SOURCE_MISSING,YELLOW,"{'handle': 'vendor_b', 'follower_count': 'vendor_b', 'reach_rate': 'vendor_b', 'growth_rate': 'vendor_b', 'meaningful_eng_rate': 'vendor_b'}",,vendor_b,vendor_a has no record for this channel; filled from vendor_b (fallback).,No action needed. Tracked to monitor vendor coverage.,auto,[],,,,,,,
Q00849,CR01432,youtube,"handle, meaningful_eng_rate",PRIMARY_SOURCE_MISSING,YELLOW,"{'handle': 'vendor_b', 'meaningful_eng_rate': 'vendor_b'}",,vendor_b,vendor_a has no record for this channel; filled from vendor_b (fallback).,No action needed. Tracked to monitor vendor coverage.,auto,[],,,,,,,
Q00850,CR01436,instagram,meaningful_eng_rate,PRIMARY_SOURCE_MISSING,YELLOW,{'meaningful_eng_rate': 'vendor_b'},,vendor_b,vendor_a's record lacks a valid value for meaningful_eng_rate; filled from vendor_b (fallback).,No action needed. Tracked to monitor vendor coverage.,auto,[],,,,,,,
Q00851,CR01436,tiktok,"handle, follower_count, reach_rate, growth_rate, meaningful_eng_rate",PRIMARY_SOURCE_MISSING,YELLOW,"{'handle': 'vendor_b', 'follower_count': 'vendor_b', 'reach_rate': 'vendor_b', 'growth_rate': 'vendor_b', 'meaningful_eng_rate': 'vendor_b'}",,vendor_b,vendor_a has no record for this channel; filled from vendor_b (fallback).,No action needed. Tracked to monitor vendor coverage.,auto,[],,,,,,,
Q00852,CR01436,youtube,"handle, follower_count, reach_rate, growth_rate, meaningful_eng_rate",PRIMARY_SOURCE_MISSING,YELLOW,"{'handle': 'vendor_b', 'follower_count': 'vendor_b', 'reach_rate': 'vendor_b', 'growth_rate': 'vendor_b', 'meaningful_eng_rate': 'vendor_b'}",,vendor_b,vendor_a has no record for this channel; filled from vendor_b (fallback).,No action needed. Tracked to monitor vendor coverage.,auto,[],,,,,,,
Q00853,CR01437,instagram,"handle, follower_count, reach_rate, growth_rate",PRIMARY_SOURCE_MISSING,YELLOW,"{'handle': 'vendor_b', 'follower_count': 'vendor_b', 'reach_rate': 'vendor_b', 'growth_rate': 'vendor_b'}",,vendor_b,vendor_a has no record for this channel; filled from vendor_b (fallback).,No action needed. Tracked to monitor vendor coverage.,auto,[],,,,,,,
Q00854,CR01437,tiktok,"handle, follower_count, reach_rate, growth_rate, meaningful_eng_rate",PRIMARY_SOURCE_MISSING,YELLOW,"{'handle': 'vendor_b', 'follower_count': 'vendor_b', 'reach_rate': 'vendor_b', 'growth_rate': 'vendor_b', 'meaningful_eng_rate': 'vendor_b'}",,vendor_b,vendor_a has no record for this channel; filled from vendor_b (fallback).,No action needed. Tracked to monitor vendor coverage.,auto,[],,,,,,,
Q00855,CR01438,tiktok,"handle, follower_count, growth_rate",PRIMARY_SOURCE_MISSING,YELLOW,"{'handle': 'vendor_b', 'follower_count': 'vendor_b', 'growth_rate': 'vendor_b'}",,vendor_b,vendor_a has no record for this channel; filled from vendor_b (fallback).,No action needed. Tracked to monitor vendor coverage.,auto,[],,,,,,,
Q00856,CR01442,instagram,"handle, follower_count, reach_rate, meaningful_eng_rate",PRIMARY_SOURCE_MISSING,YELLOW,"{'handle': 'vendor_b', 'follower_count': 'vendor_b', 'reach_rate': 'vendor_b', 'meaningful_eng_rate': 'vendor_b'}",,vendor_b,vendor_a has no record for this channel; filled from vendor_b (fallback).,No action needed. Tracked to monitor vendor coverage.,auto,[],,,,,,,
Q00857,CR01447,tiktok,"handle, follower_count, reach_rate, growth_rate",PRIMARY_SOURCE_MISSING,YELLOW,"{'handle': 'vendor_b', 'follower_count': 'vendor_b', 'reach_rate': 'vendor_b', 'growth_rate': 'vendor_b'}",,vendor_b,vendor_a has no record for this channel; filled from vendor_b (fallback).,No action needed. Tracked to monitor vendor coverage.,auto,[],,,,,,,
Q00858,CR01448,tiktok,meaningful_eng_rate,PRIMARY_SOURCE_MISSING,YELLOW,{'meaningful_eng_rate': 'vendor_b'},,vendor_b,vendor_a's record lacks a valid value for meaningful_eng_rate; filled from vendor_b (fallback).,No action needed. Tracked to monitor vendor coverage.,auto,[],,,,,,,
Q00859,CR01449,tiktok,"handle, follower_count, reach_rate, growth_rate, meaningful_eng_rate",PRIMARY_SOURCE_MISSING,YELLOW,"{'handle': 'vendor_b', 'follower_count': 'vendor_b', 'reach_rate': 'vendor_b', 'growth_rate': 'vendor_b', 'meaningful_eng_rate': 'vendor_b'}",,vendor_b,vendor_a has no record for this channel; filled from vendor_b (fallback).,No action needed. Tracked to monitor vendor coverage.,auto,[],,,,,,,
Q00860,CR01452,tiktok,"handle, follower_count, reach_rate, growth_rate, meaningful_eng_rate",PRIMARY_SOURCE_MISSING,YELLOW,"{'handle': 'vendor_b', 'follower_count': 'vendor_b', 'reach_rate': 'vendor_b', 'growth_rate': 'vendor_b', 'meaningful_eng_rate': 'vendor_b'}",,vendor_b,vendor_a has no record for this channel; filled from vendor_b (fallback).,No action needed. Tracked to monitor vendor coverage.,auto,[],,,,,,,
Q00861,CR01455,instagram,"handle, follower_count, reach_rate, growth_rate, meaningful_eng_rate",PRIMARY_SOURCE_MISSING,YELLOW,"{'handle': 'vendor_b', 'follower_count': 'vendor_b', 'reach_rate': 'vendor_b', 'growth_rate': 'vendor_b', 'meaningful_eng_rate': 'vendor_b'}",,vendor_b,vendor_a has no record for this channel; filled from vendor_b (fallback).,No action needed. Tracked to monitor vendor coverage.,auto,[],,,,,,,
Q00862,CR01455,tiktok,"handle, follower_count, reach_rate, growth_rate, meaningful_eng_rate",PRIMARY_SOURCE_MISSING,YELLOW,"{'handle': 'vendor_b', 'follower_count': 'vendor_b', 'reach_rate': 'vendor_b', 'growth_rate': 'vendor_b', 'meaningful_eng_rate': 'vendor_b'}",,vendor_b,vendor_a has no record for this channel; filled from vendor_b (fallback).,No action needed. Tracked to monitor vendor coverage.,auto,[],,,,,,,
Q00863,CR01455,youtube,"follower_count, reach_rate, growth_rate",PRIMARY_SOURCE_MISSING,YELLOW,"{'follower_count': 'vendor_c', 'reach_rate': 'vendor_c', 'growth_rate': 'vendor_c'}",,vendor_c,"vendor_a's record lacks a valid value for follower_count, reach_rate, growth_rate; filled from vendor_c (fallback).",No action needed. Tracked to monitor vendor coverage.,auto,[],,,,,,,
Q00864,CR01458,instagram,"handle, follower_count, reach_rate, growth_rate, meaningful_eng_rate",PRIMARY_SOURCE_MISSING,YELLOW,"{'handle': 'vendor_b', 'follower_count': 'vendor_b', 'reach_rate': 'vendor_b', 'growth_rate': 'vendor_b', 'meaningful_eng_rate': 'vendor_b'}",,vendor_b,vendor_a has no record for this channel; filled from vendor_b (fallback).,No action needed. Tracked to monitor vendor coverage.,auto,[],,,,,,,
Q00865,CR01458,youtube,"handle, follower_count, reach_rate, growth_rate, meaningful_eng_rate",PRIMARY_SOURCE_MISSING,YELLOW,"{'handle': 'vendor_c', 'follower_count': 'vendor_c', 'reach_rate': 'vendor_c', 'growth_rate': 'vendor_c', 'meaningful_eng_rate': 'vendor_c'}",,vendor_c,vendor_a has no record for this channel; filled from vendor_c (fallback).,No action needed. Tracked to monitor vendor coverage.,auto,[],,,,,,,
Q00866,CR01461,tiktok,"handle, follower_count, reach_rate, growth_rate",PRIMARY_SOURCE_MISSING,YELLOW,"{'handle': 'vendor_b', 'follower_count': 'vendor_b', 'reach_rate': 'vendor_b', 'growth_rate': 'vendor_b'}",,vendor_b,vendor_a has no record for this channel; filled from vendor_b (fallback).,No action needed. Tracked to monitor vendor coverage.,auto,[],,,,,,,
Q00867,CR01462,tiktok,"handle, follower_count, reach_rate, growth_rate, meaningful_eng_rate",PRIMARY_SOURCE_MISSING,YELLOW,"{'handle': 'vendor_b', 'follower_count': 'vendor_b', 'reach_rate': 'vendor_b', 'growth_rate': 'vendor_b', 'meaningful_eng_rate': 'vendor_b'}",,vendor_b,vendor_a has no record for this channel; filled from vendor_b (fallback).,No action needed. Tracked to monitor vendor coverage.,auto,[],,,,,,,
Q00868,CR01463,instagram,"handle, follower_count, reach_rate, growth_rate",PRIMARY_SOURCE_MISSING,YELLOW,"{'handle': 'vendor_b', 'follower_count': 'vendor_b', 'reach_rate': 'vendor_b', 'growth_rate': 'vendor_b'}",,vendor_b,vendor_a has no record for this channel; filled from vendor_b (fallback).,No action needed. Tracked to monitor vendor coverage.,auto,[],,,,,,,
Q00869,CR01470,instagram,"handle, follower_count, reach_rate",PRIMARY_SOURCE_MISSING,YELLOW,"{'handle': 'vendor_b', 'follower_count': 'vendor_b', 'reach_rate': 'vendor_b'}",,vendor_b,vendor_a has no record for this channel; filled from vendor_b (fallback).,No action needed. Tracked to monitor vendor coverage.,auto,[],,,,,,,
Q00870,CR01472,instagram,"handle, follower_count, reach_rate, growth_rate, meaningful_eng_rate",PRIMARY_SOURCE_MISSING,YELLOW,"{'handle': 'vendor_b', 'follower_count': 'vendor_b', 'reach_rate': 'vendor_c', 'growth_rate': 'vendor_b', 'meaningful_eng_rate': 'vendor_b'}",,"vendor_b, vendor_c","vendor_a has no record for this channel; filled from vendor_b, vendor_c (fallback).",No action needed. Tracked to monitor vendor coverage.,auto,[],,,,,,,
Q00871,CR01474,instagram,"handle, follower_count, reach_rate, growth_rate",PRIMARY_SOURCE_MISSING,YELLOW,"{'handle': 'vendor_b', 'follower_count': 'vendor_b', 'reach_rate': 'vendor_b', 'growth_rate': 'vendor_b'}",,vendor_b,vendor_a has no record for this channel; filled from vendor_b (fallback).,No action needed. Tracked to monitor vendor coverage.,auto,[],,,,,,,
Q00872,CR01475,instagram,"handle, follower_count, reach_rate, growth_rate, meaningful_eng_rate",PRIMARY_SOURCE_MISSING,YELLOW,"{'handle': 'vendor_b', 'follower_count': 'vendor_b', 'reach_rate': 'vendor_b', 'growth_rate': 'vendor_b', 'meaningful_eng_rate': 'vendor_b'}",,vendor_b,vendor_a has no record for this channel; filled from vendor_b (fallback).,No action needed. Tracked to monitor vendor coverage.,auto,[],,,,,,,
Q00873,CR01475,tiktok,"handle, follower_count, reach_rate, growth_rate, meaningful_eng_rate",PRIMARY_SOURCE_MISSING,YELLOW,"{'handle': 'vendor_b', 'follower_count': 'vendor_b', 'reach_rate': 'vendor_b', 'growth_rate': 'vendor_b', 'meaningful_eng_rate': 'vendor_b'}",,vendor_b,vendor_a has no record for this channel; filled from vendor_b (fallback).,No action needed. Tracked to monitor vendor coverage.,auto,[],,,,,,,
Q00874,CR01475,youtube,"handle, follower_count, reach_rate, growth_rate, meaningful_eng_rate",PRIMARY_SOURCE_MISSING,YELLOW,"{'handle': 'vendor_b', 'follower_count': 'vendor_b', 'reach_rate': 'vendor_b', 'growth_rate': 'vendor_b', 'meaningful_eng_rate': 'vendor_b'}",,vendor_b,vendor_a has no record for this channel; filled from vendor_b (fallback).,No action needed. Tracked to monitor vendor coverage.,auto,[],,,,,,,
Q00875,CR01478,instagram,"handle, follower_count, reach_rate",PRIMARY_SOURCE_MISSING,YELLOW,"{'handle': 'vendor_b', 'follower_count': 'vendor_b', 'reach_rate': 'vendor_b'}",,vendor_b,vendor_a has no record for this channel; filled from vendor_b (fallback).,No action needed. Tracked to monitor vendor coverage.,auto,[],,,,,,,
Q00876,CR01481,instagram,"handle, follower_count, reach_rate, growth_rate",PRIMARY_SOURCE_MISSING,YELLOW,"{'handle': 'vendor_b', 'follower_count': 'vendor_b', 'reach_rate': 'vendor_b', 'growth_rate': 'vendor_b'}",,vendor_b,vendor_a has no record for this channel; filled from vendor_b (fallback).,No action needed. Tracked to monitor vendor coverage.,auto,[],,,,,,,
Q00877,CR01482,instagram,"handle, follower_count, reach_rate, growth_rate",PRIMARY_SOURCE_MISSING,YELLOW,"{'handle': 'vendor_c', 'follower_count': 'vendor_c', 'reach_rate': 'vendor_c', 'growth_rate': 'vendor_c'}",,vendor_c,vendor_a has no record for this channel; filled from vendor_c (fallback).,No action needed. Tracked to monitor vendor coverage.,auto,[],,,,,,,
Q00878,CR01483,instagram,"handle, follower_count, reach_rate, growth_rate, meaningful_eng_rate",PRIMARY_SOURCE_MISSING,YELLOW,"{'handle': 'vendor_b', 'follower_count': 'vendor_b', 'reach_rate': 'vendor_b', 'growth_rate': 'vendor_b', 'meaningful_eng_rate': 'vendor_b'}",,vendor_b,vendor_a has no record for this channel; filled from vendor_b (fallback).,No action needed. Tracked to monitor vendor coverage.,auto,[],,,,,,,
Q00879,CR01484,instagram,"handle, follower_count, reach_rate, growth_rate, meaningful_eng_rate",PRIMARY_SOURCE_MISSING,YELLOW,"{'handle': 'vendor_b', 'follower_count': 'vendor_b', 'reach_rate': 'vendor_b', 'growth_rate': 'vendor_b', 'meaningful_eng_rate': 'vendor_b'}",,vendor_b,vendor_a has no record for this channel; filled from vendor_b (fallback).,No action needed. Tracked to monitor vendor coverage.,auto,[],,,,,,,
Q00880,CR01484,tiktok,"handle, follower_count, reach_rate, growth_rate, meaningful_eng_rate",PRIMARY_SOURCE_MISSING,YELLOW,"{'handle': 'vendor_b', 'follower_count': 'vendor_b', 'reach_rate': 'vendor_b', 'growth_rate': 'vendor_b', 'meaningful_eng_rate': 'vendor_b'}",,vendor_b,vendor_a has no record for this channel; filled from vendor_b (fallback).,No action needed. Tracked to monitor vendor coverage.,auto,[],,,,,,,
Q00881,CR01485,tiktok,"handle, follower_count, reach_rate, growth_rate, meaningful_eng_rate",PRIMARY_SOURCE_MISSING,YELLOW,"{'handle': 'vendor_b', 'follower_count': 'vendor_b', 'reach_rate': 'vendor_b', 'growth_rate': 'vendor_b', 'meaningful_eng_rate': 'vendor_b'}",,vendor_b,vendor_a's record is stale; filled from vendor_b (fallback).,No action needed. Tracked to monitor vendor coverage.,auto,[],,,,,,,
Q00882,CR01489,tiktok,"handle, follower_count, reach_rate, growth_rate, meaningful_eng_rate",PRIMARY_SOURCE_MISSING,YELLOW,"{'handle': 'vendor_b', 'follower_count': 'vendor_b', 'reach_rate': 'vendor_b', 'growth_rate': 'vendor_b', 'meaningful_eng_rate': 'vendor_b'}",,vendor_b,vendor_a has no record for this channel; filled from vendor_b (fallback).,No action needed. Tracked to monitor vendor coverage.,auto,[],,,,,,,
Q00883,CR01495,tiktok,"handle, meaningful_eng_rate",PRIMARY_SOURCE_MISSING,YELLOW,"{'handle': 'vendor_c', 'meaningful_eng_rate': 'vendor_b'}",,"vendor_b, vendor_c","vendor_a has no record for this channel; filled from vendor_b, vendor_c (fallback).",No action needed. Tracked to monitor vendor coverage.,auto,[],,,,,,,
