creator_id,platform,handle,follower_count,net_new_followers_90d,views_90d,likes_90d,comments_90d,shares_90d,saves_90d,likes_hidden,display_name,country,contact_email,category
CR00000,tiktok,@creator0_tiktok,50881,3963,75758,2368,153,329,114.0,False,Creator 0,DE,creator0@mail.example,music
CR00000,instagram,@creator0_instagram,86299,9319,17877,919,16,3,0.0,False,Creator 0,DE,creator0@mail.example,music
CR00000,youtube,@creator0_youtube,63523,4642,13083,890,0,0,,False,Creator 0,DE,creator0@mail.example,music
CR00001,tiktok,@creator1_tiktok,15047,1382,68858,2354,195,23,7.0,False,Creator 1,CA,creator1@mail.example,finance
CR00001,youtube,@creator1_youtube,183261,11620,88440,2762,260,172,,False,Creator 1,CA,creator1@mail.example,finance
CR00002,youtube,@creator2_youtube,428599,9044,443897,32103,173,0,,False,Creator 2,FR,creator2@mail.example,finance
CR00002,instagram,@creator2_instagram,126923,-8673,50876,1208,115,5,94.0,False,Creator 2,FR,creator2@mail.example,finance
CR00002,tiktok,@creator2_tiktok,32269,1294,106917,5645,217,13,15.0,False,Creator 2,FR,creator2@mail.example,finance
CR00003,instagram,@creator3_instagram,31048,5674,18118,321,2,18,10.0,True,Creator 3,US,creator3@mail.example,beauty
CR00003,tiktok,@creator3_tiktok,19913,1299,62638,2500,581,0,231.0,False,Creator 3,US,creator3@mail.example,beauty
CR00003,youtube,@creator3_youtube,72996,976,259586,5079,100,2,,False,Creator 3,US,creator3@mail.example,beauty
CR00004,youtube,@creator4_youtube,3762,493,1740,73,10,1,,False,Creator 4,GB,creator4@mail.example,finance
CR00004,tiktok,@creator4_tiktok,258319,12965,939549,21351,6449,2527,9441.0,False,Creator 4,GB,creator4@mail.example,finance
CR00004,instagram,@creator4_instagram,30537,1742,18156,569,17,76,36.0,False,Creator 4,GB,creator4@mail.example,finance
CR00005,youtube,@creator5_youtube,16611,1889,9227,661,80,16,,False,Creator 5,MX,creator5@mail.example,fitness
CR00005,instagram,@creator5_instagram,39704,-594,8455,195,6,0,0.0,False,Creator 5,MX,creator5@mail.example,fitness
CR00005,tiktok,@creator5_tiktok,298484,25049,946818,14601,2847,5,2996.0,False,Creator 5,MX,creator5@mail.example,fitness
CR00006,tiktok,@creator6_tiktok,198481,14936,1233722,28488,2772,1272,4248.0,False,Creator 6,GB,creator6@mail.example,fitness
CR00007,instagram,@creator7_instagram,167539,5822,112279,6278,465,843,394.0,False,Creator 7,DE,creator7@mail.example,gaming
CR00007,youtube,@creator7_youtube,5218,535,4994,128,9,1,,False,Creator 7,DE,creator7@mail.example,gaming
CR00008,youtube,@creator8_youtube,15748,1278,29287,844,17,25,,False,Creator 8,KR,creator8@mail.example,gaming
CR00009,youtube,@creator9_youtube,56581,4241,130501,7041,48,213,,False,Creator 9,US,creator9@mail.example,beauty
CR00009,tiktok,@creator9_tiktok,8536,-216,60094,3710,168,456,5.0,False,Creator 9,US,creator9@mail.example,beauty
CR00009,instagram,@creator9_instagram,106782,3425,78203,3333,2,210,148.0,False,Creator 9,US,creator9@mail.example,beauty
CR00010,youtube,@creator10_youtube,83673,-9046,75947,3398,90,152,,False,Creator 10,MX,creator10@mail.example,beauty
CR00011,youtube,@creator11_youtube,21774,1851,6986,526,6,84,,False,Creator 11,BR,creator11@mail.example,finance
CR00011,tiktok,@creator11_tiktok,491968,52042,1554375,62746,9207,1088,2345.0,False,Creator 11,BR,creator11@mail.example,finance
CR00012,instagram,@creator12_instagram,185052,9877,109531,3938,183,491,42.0,False,Creator 12,US,creator12@mail.example,fitness
CR00012,youtube,@creator12_youtube,6679,1300,4890,270,1,8,,False,Creator 12,US,creator12@mail.example,fitness
CR00012,tiktok,@creator12_tiktok,79052,-4396,92100,4861,805,1249,576.0,False,Creator 12,US,creator12@mail.example,fitness
CR00013,youtube,@creator13_youtube,20124,-105,32308,813,4,8,,False,Creator 13,GB,creator13@mail.example,travel
CR00013,tiktok,@creator13_tiktok,32220,2712,88437,2982,47,0,967.0,False,Creator 13,GB,creator13@mail.example,travel
CR00013,instagram,@creator13_instagram,184382,20141,103088,3302,528,2,986.0,False,Creator 13,GB,creator13@mail.example,travel
CR00014,tiktok,@creator14_tiktok,46195,3100,62974,3962,919,43,245.0,False,Creator 14,FR,creator14@mail.example,fitness
CR00015,tiktok,@creator15_tiktok,6975,-5,29660,820,0,32,157.0,False,Creator 15,FR,creator15@mail.example,gaming
CR00015,instagram,@creator15_instagram,236839,22013,62710,3667,0,69,149.0,False,Creator 15,FR,creator15@mail.example,gaming
CR00015,youtube,@creator15_youtube,31572,-1116,286709,4594,360,275,,False,Creator 15,FR,creator15@mail.example,gaming
CR00016,tiktok,@creator16_tiktok,81616,533,279497,11675,55,254,1929.0,False,Creator 16,GB,creator16@mail.example,gaming
CR00017,instagram,@creator17_instagram,182736,2032,83957,3979,81,198,420.0,False,Creator 17,BR,creator17@mail.example,gaming
CR00017,tiktok,@creator17_tiktok,16531,2088,35662,2036,176,47,40.0,False,Creator 17,BR,creator17@mail.example,gaming
CR00018,tiktok,@creator18_tiktok,3892,394,4359,386,0,23,6.0,False,Creator 18,GB,creator18@mail.example,fitness
CR00019,instagram,@creator19_instagram,14816,1214,11258,460,1,6,65.0,False,Creator 19,MX,creator19@mail.example,gaming
CR00019,youtube,@creator19_youtube,72641,3869,116986,8578,0,3,,False,Creator 19,MX,creator19@mail.example,gaming
CR00020,tiktok,@creator20_tiktok,168627,1621,367225,23348,771,356,1424.0,False,Creator 20,FR,creator20@mail.example,beauty
CR00020,youtube,@creator20_youtube,5178,222,17901,859,0,8,,False,Creator 20,FR,creator20@mail.example,beauty
CR00021,instagram,@creator21_instagram,45639,2347,93777,8914,489,124,597.0,True,Creator 21,US,creator21@mail.example,gaming
CR00022,tiktok,@creator22_tiktok,124760,12679,415744,24381,1231,859,1508.0,False,Creator 22,KR,creator22@mail.example,beauty
CR00022,instagram,@creator22_instagram,54082,-265,30154,580,50,39,138.0,False,Creator 22,KR,creator22@mail.example,beauty
CR00023,youtube,@creator23_youtube,33263,1946,55263,2758,188,159,,False,Creator 23,GB,creator23@mail.example,finance
CR00023,tiktok,@creator23_tiktok,73061,8084,211023,16071,284,613,176.0,False,Creator 23,GB,creator23@mail.example,finance
CR00024,tiktok,@creator24_tiktok,230139,14884,178161,7218,907,202,27.0,False,Creator 24,BR,creator24@mail.example,travel
CR00025,tiktok,@creator25_tiktok,29128,2299,310685,13332,0,90,0.0,False,Creator 25,KR,creator25@mail.example,food
CR00025,instagram,@creator25_instagram,47152,4572,29295,1437,46,189,0.0,True,Creator 25,KR,creator25@mail.example,food
CR00025,youtube,@creator25_youtube,76978,-2845,43604,2843,246,93,,False,Creator 25,KR,creator25@mail.example,food
CR00026,youtube,@creator26_youtube,811,75,1459,127,10,2,,False,Creator 26,US,creator26@mail.example,comedy
CR00026,tiktok,@creator26_tiktok,943955,60919,3057062,146913,28842,30487,1467.0,False,Creator 26,US,creator26@mail.example,comedy
CR00026,instagram,@creator26_instagram,12917,1289,4642,286,21,0,1.0,False,Creator 26,US,creator26@mail.example,comedy
CR00027,youtube,@creator27_youtube,12636,585,25367,2180,0,0,,False,Creator 27,KR,creator27@mail.example,beauty
CR00028,tiktok,@creator28_tiktok,19372,889,114069,7234,696,599,37.0,False,Creator 28,KR,creator28@mail.example,music
CR00029,tiktok,@creator29_tiktok,97336,-2134,45660,3166,66,0,29.0,False,Creator 29,FR,creator29@mail.example,beauty
CR00029,youtube,@creator29_youtube,13200,649,6529,350,12,0,,False,Creator 29,FR,creator29@mail.example,beauty
CR00029,instagram,@creator29_instagram,2291346,392809,1418087,67074,301,333,5417.0,False,Creator 29,FR,creator29@mail.example,beauty
CR00030,youtube,@creator30_youtube,936399,175183,1081316,21811,3355,60,,False,Creator 30,US,creator30@mail.example,food
CR00030,instagram,@creator30_instagram,16501,1552,7612,210,53,104,0.0,False,Creator 30,US,creator30@mail.example,food
CR00030,tiktok,@creator30_tiktok,12872,-216,21572,514,0,29,2.0,False,Creator 30,US,creator30@mail.example,food
CR00031,youtube,@creator31_youtube,22170,208,7238,152,20,0,,False,Creator 31,BR,creator31@mail.example,food
CR00031,tiktok,@creator31_tiktok,32685,2909,59575,2235,1377,34,276.0,False,Creator 31,BR,creator31@mail.example,food
CR00031,instagram,@creator31_instagram,9478,396,11249,513,30,0,179.0,False,Creator 31,BR,creator31@mail.example,food
CR00032,tiktok,@creator32_tiktok,138167,24025,563275,7826,19,350,4491.0,False,Creator 32,US,creator32@mail.example,food
CR00032,instagram,@creator32_instagram,19254,1756,14234,1388,76,19,76.0,False,Creator 32,US,creator32@mail.example,food
CR00032,youtube,@creator32_youtube,2659,344,2994,123,1,15,,False,Creator 32,US,creator32@mail.example,food
CR00033,tiktok,@creator33_tiktok,39191,-527,144732,5115,44,621,32.0,False,Creator 33,MX,creator33@mail.example,beauty
CR00033,instagram,@creator33_instagram,57066,2340,41863,1591,514,39,0.0,True,Creator 33,MX,creator33@mail.example,beauty
CR00033,youtube,@creator33_youtube,8947,566,8057,186,11,1,,False,Creator 33,MX,creator33@mail.example,beauty
CR00034,youtube,@creator34_youtube,115781,4762,157706,9772,83,0,,False,Creator 34,CA,creator34@mail.example,gaming
CR00034,tiktok,@creator34_tiktok,20424,1565,337814,25397,6863,0,20.0,False,Creator 34,CA,creator34@mail.example,gaming
CR00034,instagram,@creator34_instagram,51750,2384,66519,2270,72,66,2.0,False,Creator 34,CA,creator34@mail.example,gaming
CR00035,tiktok,@creator35_tiktok,718488,-36087,1921633,114322,2579,0,6.0,False,Creator 35,IN,creator35@mail.example,gaming
CR00035,instagram,@creator35_instagram,49848,5380,9547,758,91,64,16.0,False,Creator 35,IN,creator35@mail.example,gaming
CR00036,youtube,@creator36_youtube,60608,3620,245421,6992,2447,0,,False,Creator 36,FR,creator36@mail.example,beauty
CR00036,instagram,@creator36_instagram,103541,1585,19890,1202,10,225,0.0,False,Creator 36,FR,creator36@mail.example,beauty
CR00036,tiktok,@creator36_tiktok,79681,3609,419816,25949,43,0,135.0,False,Creator 36,FR,creator36@mail.example,beauty
CR00037,tiktok,@creator37_tiktok,208994,23738,484645,14714,410,0,310.0,False,Creator 37,CA,creator37@mail.example,tech
CR00038,tiktok,@creator38_tiktok,52076,1566,122045,2979,447,239,281.0,False,Creator 38,MX,creator38@mail.example,education
CR00038,instagram,@creator38_instagram,32645,5973,73891,4131,432,78,35.0,False,Creator 38,MX,creator38@mail.example,education
CR00038,youtube,@creator38_youtube,127291,6242,346309,26139,29,838,,False,Creator 38,MX,creator38@mail.example,education
CR00039,instagram,@creator39_instagram,232797,16494,186613,4700,368,0,341.0,True,Creator 39,GB,creator39@mail.example,beauty
CR00039,tiktok,@creator39_tiktok,13409,1958,26066,1352,232,49,15.0,False,Creator 39,GB,creator39@mail.example,beauty
CR00040,youtube,@creator40_youtube,209036,9762,159548,11350,127,25,,False,Creator 40,KR,creator40@mail.example,fitness
CR00040,tiktok,@creator40_tiktok,17199,1909,33962,1012,0,0,113.0,False,Creator 40,KR,creator40@mail.example,fitness
CR00040,instagram,@creator40_instagram,6518,581,3271,220,3,0,5.0,False,Creator 40,KR,creator40@mail.example,fitness
CR00041,youtube,@creator41_youtube,175247,12249,823229,46416,4006,2978,,False,Creator 41,IN,creator41@mail.example,beauty
CR00041,tiktok,@creator41_tiktok,273330,-13347,447470,41277,39,669,63.0,False,Creator 41,IN,creator41@mail.example,beauty
CR00041,instagram,@creator41_instagram,19855,1784,35576,1290,185,3,0.0,True,Creator 41,IN,creator41@mail.example,beauty
CR00042,instagram,@creator42_instagram,9564,595,3262,173,20,6,3.0,False,Creator 42,MX,creator42@mail.example,food
CR00043,tiktok,@creator43_tiktok,68761,4153,85383,5162,0,0,46.0,False,Creator 43,CA,creator43@mail.example,tech
CR00044,youtube,@creator44_youtube,22326,1333,26664,817,1,9,,False,Creator 44,GB,creator44@mail.example,travel
CR00045,youtube,@creator45_youtube,54962,3985,44602,1637,270,0,,False,Creator 45,KR,creator45@mail.example,travel
CR00045,instagram,@creator45_instagram,274221,-2972,23943,678,260,169,124.0,True,Creator 45,KR,creator45@mail.example,travel
CR00045,tiktok,@creator45_tiktok,81291,5246,512181,40038,694,4,418.0,False,Creator 45,KR,creator45@mail.example,travel
CR00046,tiktok,@creator46_tiktok,12201,1096,52339,2795,155,320,171.0,False,Creator 46,KR,creator46@mail.example,music
CR00046,youtube,@creator46_youtube,4240,334,10199,526,26,36,,False,Creator 46,KR,creator46@mail.example,music
CR00047,youtube,@creator47_youtube,541045,-53684,486084,34357,5426,1232,,False,Creator 47,BR,creator47@mail.example,tech
CR00047,instagram,@creator47_instagram,300277,28266,369294,7518,794,1389,5.0,False,Creator 47,BR,creator47@mail.example,tech
CR00047,tiktok,@creator47_tiktok,13293,1272,88886,3120,34,202,4.0,False,Creator 47,BR,creator47@mail.example,tech
CR00048,instagram,@creator48_instagram,695470,64741,175669,11645,1219,4,3.0,False,Creator 48,DE,creator48@mail.example,gaming
CR00048,tiktok,@creator48_tiktok,28980,1735,41846,2179,281,4,421.0,False,Creator 48,DE,creator48@mail.example,gaming
CR00048,youtube,@creator48_youtube,41757,3599,55154,2697,919,145,,False,Creator 48,DE,creator48@mail.example,gaming
CR00049,tiktok,@creator49_tiktok,1258,103,2993,75,0,8,1.0,False,Creator 49,GB,creator49@mail.example,travel
CR00049,youtube,@creator49_youtube,72710,6598,63614,2900,154,38,,False,Creator 49,GB,creator49@mail.example,travel
CR00050,instagram,@creator50_instagram,18010,2709,5166,267,28,21,0.0,False,Creator 50,MX,creator50@mail.example,tech
CR00050,tiktok,@creator50_tiktok,124243,18801,493752,30527,12,1428,13.0,False,Creator 50,MX,creator50@mail.example,tech
CR00050,youtube,@creator50_youtube,323600,28540,1481129,97917,6780,4515,,False,Creator 50,MX,creator50@mail.example,tech
CR00051,instagram,@creator51_instagram,72766,3847,44032,3164,0,194,24.0,False,Creator 51,GB,creator51@mail.example,tech
CR00051,youtube,@creator51_youtube,1037,79,1095,30,0,1,,False,Creator 51,GB,creator51@mail.example,tech
CR00051,tiktok,@creator51_tiktok,201067,48560,942378,32503,10467,2310,1340.0,False,Creator 51,GB,creator51@mail.example,tech
CR00052,youtube,@creator52_youtube,94887,8944,77200,3565,8,1699,,False,Creator 52,KR,creator52@mail.example,gaming
CR00053,youtube,@creator53_youtube,985873,-57805,993061,26364,5776,4084,,False,Creator 53,US,creator53@mail.example,travel
CR00053,tiktok,@creator53_tiktok,6331,-31,35514,1813,203,180,191.0,False,Creator 53,US,creator53@mail.example,travel
CR00054,instagram,@creator54_instagram,2043,170,2118,131,0,1,8.0,False,Creator 54,KR,creator54@mail.example,travel
CR00054,tiktok,@creator54_tiktok,8993,1051,22661,1054,178,6,9.0,False,Creator 54,KR,creator54@mail.example,travel
CR00055,instagram,@creator55_instagram,47537,-2272,26657,1338,25,299,57.0,False,Creator 55,BR,creator55@mail.example,finance
CR00056,youtube,@creator56_youtube,48460,7451,51939,2014,128,42,,False,Creator 56,JP,creator56@mail.example,comedy
CR00056,instagram,@creator56_instagram,12823,-510,2644,59,0,0,0.0,False,Creator 56,JP,creator56@mail.example,comedy
CR00057,youtube,@creator57_youtube,77750,12026,79755,1684,32,213,,False,Creator 57,MX,creator57@mail.example,education
CR00057,instagram,@creator57_instagram,14611,1044,12202,1001,228,0,75.0,False,Creator 57,MX,creator57@mail.example,education
CR00057,tiktok,@creator57_tiktok,2774710,330322,4294757,416701,18,8795,116.0,False,Creator 57,MX,creator57@mail.example,education
CR00058,tiktok,@creator58_tiktok,59874,14129,149528,7239,1928,218,1491.0,False,Creator 58,FR,creator58@mail.example,tech
CR00058,instagram,@creator58_instagram,23100,1648,22122,1771,66,198,1.0,False,Creator 58,FR,creator58@mail.example,tech
CR00059,youtube,@creator59_youtube,47702,5620,30538,2039,14,56,,False,Creator 59,DE,creator59@mail.example,finance
CR00059,instagram,@creator59_instagram,8446,1631,6954,525,23,11,0.0,False,Creator 59,DE,creator59@mail.example,finance
CR00060,youtube,@creator60_youtube,18666,1652,9480,731,62,13,,False,Creator 60,JP,creator60@mail.example,gaming
CR00060,instagram,@creator60_instagram,29078,2633,24133,996,492,29,8.0,False,Creator 60,JP,creator60@mail.example,gaming
CR00060,tiktok,@creator60_tiktok,403755,-10910,1615943,101762,5870,26899,42.0,False,Creator 60,JP,creator60@mail.example,gaming
CR00061,instagram,@creator61_instagram,40342,-7953,25132,1601,63,55,98.0,False,Creator 61,KR,creator61@mail.example,music
CR00061,youtube,@creator61_youtube,81309,2098,61237,4525,241,0,,False,Creator 61,KR,creator61@mail.example,music
CR00061,tiktok,@creator61_tiktok,8750,651,32544,1041,20,41,75.0,False,Creator 61,KR,creator61@mail.example,music
CR00062,youtube,@creator62_youtube,92415,15430,140959,8802,0,0,,False,Creator 62,JP,creator62@mail.example,gaming
CR00062,instagram,@creator62_instagram,2440,268,1358,78,1,8,5.0,False,Creator 62,JP,creator62@mail.example,gaming
CR00062,tiktok,@creator62_tiktok,36832,5893,55177,2571,42,8,73.0,False,Creator 62,JP,creator62@mail.example,gaming
CR00063,instagram,@creator63_instagram,10445,179,4283,249,6,0,6.0,False,Creator 63,DE,creator63@mail.example,music
CR00063,tiktok,@creator63_tiktok,81476,8029,169677,5357,139,884,58.0,False,Creator 63,DE,creator63@mail.example,music
CR00063,youtube,@creator63_youtube,24172,4627,18725,1592,149,0,,False,Creator 63,DE,creator63@mail.example,music
CR00064,instagram,@creator64_instagram,120861,1586,51004,1519,109,0,133.0,True,Creator 64,IN,creator64@mail.example,comedy
CR00065,instagram,@creator65_instagram,90140,-953,26192,783,2,21,71.0,False,Creator 65,BR,creator65@mail.example,beauty
CR00065,tiktok,@creator65_tiktok,26056,3333,30938,1238,102,1,104.0,False,Creator 65,BR,creator65@mail.example,beauty
CR00065,youtube,@creator65_youtube,5939,118,4359,129,6,29,,False,Creator 65,BR,creator65@mail.example,beauty
CR00066,instagram,@creator66_instagram,94375,-1381,194368,3148,912,8,662.0,False,Creator 66,CA,creator66@mail.example,travel
CR00067,youtube,@creator67_youtube,33313,3546,17877,344,0,0,,False,Creator 67,BR,creator67@mail.example,education
CR00067,instagram,@creator67_instagram,135830,3970,215965,10273,805,1591,63.0,False,Creator 67,BR,creator67@mail.example,education
CR00067,tiktok,@creator67_tiktok,17419,804,25535,650,0,0,0.0,False,Creator 67,BR,creator67@mail.example,education
CR00068,tiktok,@creator68_tiktok,13713,816,15801,892,224,33,0.0,False,Creator 68,GB,creator68@mail.example,gaming
CR00068,instagram,@creator68_instagram,101597,1204,129755,5958,1091,78,0.0,False,Creator 68,GB,creator68@mail.example,gaming
CR00068,youtube,@creator68_youtube,78815,5619,172011,9868,2151,1192,,False,Creator 68,GB,creator68@mail.example,gaming
CR00069,youtube,@creator69_youtube,9736,-477,27500,1943,2,1,,False,Creator 69,KR,creator69@mail.example,comedy
CR00069,tiktok,@creator69_tiktok,5271,720,8862,456,16,43,13.0,False,Creator 69,KR,creator69@mail.example,comedy
CR00070,instagram,@creator70_instagram,30588,5506,30236,1517,7,61,0.0,False,Creator 70,IN,creator70@mail.example,finance
CR00070,tiktok,@creator70_tiktok,11823,1098,7777,375,59,65,35.0,False,Creator 70,IN,creator70@mail.example,finance
CR00070,youtube,@creator70_youtube,6348,157,6936,177,24,17,,False,Creator 70,IN,creator70@mail.example,finance
CR00071,youtube,@creator71_youtube,271746,34145,673887,39650,841,1416,,False,Creator 71,MX,creator71@mail.example,food
CR00071,instagram,@creator71_instagram,43987,6059,29837,2183,0,7,73.0,True,Creator 71,MX,creator71@mail.example,food
CR00072,instagram,@creator72_instagram,199948,9573,108105,6952,1224,318,47.0,False,Creator 72,JP,creator72@mail.example,beauty
CR00072,tiktok,@creator72_tiktok,1578,241,10306,391,57,4,2.0,False,Creator 72,JP,creator72@mail.example,beauty
CR00072,youtube,@creator72_youtube,35106,3530,52451,2329,16,219,,False,Creator 72,JP,creator72@mail.example,beauty
CR00073,youtube,@creator73_youtube,21563,2195,19997,968,28,0,,False,Creator 73,DE,creator73@mail.example,finance
CR00073,tiktok,@creator73_tiktok,417090,47007,8077882,317788,109079,3321,13014.0,False,Creator 73,DE,creator73@mail.example,finance
CR00074,instagram,@creator74_instagram,9475,1041,1281,85,2,1,25.0,False,Creator 74,JP,creator74@mail.example,tech
CR00075,tiktok,@creator75_tiktok,2799,282,4595,164,1,3,0.0,False,Creator 75,IN,creator75@mail.example,fitness
CR00076,youtube,@creator76_youtube,33648,-1038,64667,3558,888,0,,False,Creator 76,KR,creator76@mail.example,music
CR00077,youtube,@creator77_youtube,8491,196,8445,557,0,60,,False,Creator 77,GB,creator77@mail.example,gaming
CR00077,tiktok,@creator77_tiktok,30485,2929,45119,3053,57,0,134.0,False,Creator 77,GB,creator77@mail.example,gaming
CR00077,instagram,@creator77_instagram,22452,1650,7509,253,9,15,2.0,False,Creator 77,GB,creator77@mail.example,gaming
CR00078,youtube,@creator78_youtube,13657,929,32565,813,1,4,,False,Creator 78,GB,creator78@mail.example,comedy
CR00078,tiktok,@creator78_tiktok,46083,4398,109077,1125,428,119,146.0,False,Creator 78,GB,creator78@mail.example,comedy
CR00079,instagram,@creator79_instagram,661328,35122,615250,17649,2757,441,1466.0,False,Creator 79,MX,creator79@mail.example,food
CR00079,youtube,@creator79_youtube,6687,713,6273,145,3,1,,False,Creator 79,MX,creator79@mail.example,food
CR00079,tiktok,@creator79_tiktok,16268,1679,32300,3068,264,28,533.0,False,Creator 79,MX,creator79@mail.example,food
CR00080,tiktok,@creator80_tiktok,795568,-10243,2738956,175665,47509,36,17831.0,False,Creator 80,FR,creator80@mail.example,tech
CR00080,instagram,@creator80_instagram,8516,965,2190,103,0,14,2.0,False,Creator 80,FR,creator80@mail.example,tech
CR00081,instagram,@creator81_instagram,122922,-296,35749,1416,4,0,125.0,False,Creator 81,CA,creator81@mail.example,gaming
CR00082,youtube,@creator82_youtube,110426,-2990,430908,23074,1383,130,,False,Creator 82,DE,creator82@mail.example,gaming
CR00082,tiktok,@creator82_tiktok,46970,5577,194733,10295,30,711,815.0,False,Creator 82,DE,creator82@mail.example,gaming
CR00082,instagram,@creator82_instagram,43123,2772,24242,1300,43,276,4.0,False,Creator 82,DE,creator82@mail.example,gaming
CR00083,tiktok,@creator83_tiktok,4908,595,20240,489,13,5,3.0,False,Creator 83,CA,creator83@mail.example,travel
CR00083,youtube,@creator83_youtube,56086,1205,119225,4968,772,10,,False,Creator 83,CA,creator83@mail.example,travel
CR00083,instagram,@creator83_instagram,17452,163,10794,312,40,2,6.0,False,Creator 83,CA,creator83@mail.example,travel
CR00084,instagram,@creator84_instagram,184434,20930,372944,9451,45,53,16.0,False,Creator 84,JP,creator84@mail.example,education
CR00084,tiktok,@creator84_tiktok,102216,4022,1087219,20911,3460,7004,126.0,False,Creator 84,JP,creator84@mail.example,education
CR00084,youtube,@creator84_youtube,6036,620,2929,154,0,10,,False,Creator 84,JP,creator84@mail.example,education
CR00085,instagram,@creator85_instagram,54622,-334,28531,2219,64,247,41.0,False,Creator 85,FR,creator85@mail.example,beauty
CR00085,youtube,@creator85_youtube,6193,604,38795,2020,28,150,,False,Creator 85,FR,creator85@mail.example,beauty
CR00086,youtube,@creator86_youtube,89935,8618,120898,9247,676,12,,False,Creator 86,US,creator86@mail.example,education
CR00086,tiktok,@creator86_tiktok,222927,-16164,539254,29248,2015,1299,0.0,False,Creator 86,US,creator86@mail.example,education
CR00086,instagram,@creator86_instagram,17275,1216,30928,942,164,201,0.0,False,Creator 86,US,creator86@mail.example,education
CR00087,tiktok,@creator87_tiktok,243492,2558,2468163,200358,16671,0,23227.0,False,Creator 87,GB,creator87@mail.example,fitness
CR00087,youtube,@creator87_youtube,16019,1510,18010,366,118,6,,False,Creator 87,GB,creator87@mail.example,fitness
CR00088,youtube,@creator88_youtube,75155,-41,44164,1416,69,244,,False,Creator 88,MX,creator88@mail.example,education
CR00089,instagram,@creator89_instagram,38402,2808,14710,1076,14,61,4.0,False,Creator 89,KR,creator89@mail.example,finance
CR00089,youtube,@creator89_youtube,23810,3212,29012,2032,43,68,,False,Creator 89,KR,creator89@mail.example,finance
CR00090,youtube,@creator90_youtube,28352,1177,30727,1306,29,29,,False,Creator 90,DE,creator90@mail.example,travel
CR00090,instagram,@creator90_instagram,40818,2241,15306,345,6,0,5.0,False,Creator 90,DE,creator90@mail.example,travel
CR00090,tiktok,@creator90_tiktok,18070,-285,146414,4773,1057,642,6.0,False,Creator 90,DE,creator90@mail.example,travel
CR00091,tiktok,@creator91_tiktok,5892,65,24455,568,7,10,15.0,False,Creator 91,DE,creator91@mail.example,comedy
CR00092,youtube,@creator92_youtube,3568799,349044,1850133,127579,13501,23588,,False,Creator 92,DE,creator92@mail.example,tech
CR00092,tiktok,@creator92_tiktok,430564,3757,1342940,50060,4616,2924,0.0,False,Creator 92,DE,creator92@mail.example,tech
CR00093,youtube,@creator93_youtube,38510,4962,28306,806,22,71,,False,Creator 93,KR,creator93@mail.example,finance
CR00093,instagram,@creator93_instagram,5576,798,1139,77,1,2,2.0,False,Creator 93,KR,creator93@mail.example,finance
CR00094,youtube,@creator94_youtube,35551,3050,35028,1116,81,14,,False,Creator 94,JP,creator94@mail.example,fitness
CR00095,instagram,@creator95_instagram,33664,782,28534,1296,83,5,9.0,False,Creator 95,KR,creator95@mail.example,tech
CR00095,youtube,@creator95_youtube,33879,1566,44145,2265,134,315,,False,Creator 95,KR,creator95@mail.example,tech
CR00095,tiktok,@creator95_tiktok,77842,11629,413484,12848,192,3,514.0,False,Creator 95,KR,creator95@mail.example,tech
CR00096,tiktok,@creator96_tiktok,2135,68,1616,41,6,0,8.0,False,Creator 96,JP,creator96@mail.example,food
CR00096,youtube,@creator96_youtube,8490,1331,14491,1167,0,63,,False,Creator 96,JP,creator96@mail.example,food
CR00096,instagram,@creator96_instagram,119621,2858,147162,3083,525,0,589.0,False,Creator 96,JP,creator96@mail.example,food
CR00097,youtube,@creator97_youtube,52306,6281,52545,1859,184,0,,False,Creator 97,GB,creator97@mail.example,food
CR00097,instagram,@creator97_instagram,90337,9660,42617,1975,414,67,70.0,False,Creator 97,GB,creator97@mail.example,food
CR00097,tiktok,@creator97_tiktok,1186720,117087,845020,22537,365,493,273.0,False,Creator 97,GB,creator97@mail.example,food
CR00098,tiktok,@creator98_tiktok,2069,263,25566,1904,258,49,242.0,False,Creator 98,GB,creator98@mail.example,education
CR00098,instagram,@creator98_instagram,21111,2949,8687,720,14,7,5.0,False,Creator 98,GB,creator98@mail.example,education
CR00099,tiktok,@creator99_tiktok,23204,1703,161528,6939,659,57,683.0,False,Creator 99,IN,creator99@mail.example,fitness
CR00099,youtube,@creator99_youtube,50137,-373,79586,5598,15,0,,False,Creator 99,IN,creator99@mail.example,fitness
CR00099,instagram,@creator99_instagram,16184,997,8710,252,39,4,14.0,False,Creator 99,IN,creator99@mail.example,fitness
CR00100,tiktok,@creator100_tiktok,8648,1738,14371,245,35,0,1.0,False,Creator 100,JP,creator100@mail.example,beauty
CR00100,youtube,@creator100_youtube,30410,4020,52212,2933,68,148,,False,Creator 100,JP,creator100@mail.example,beauty
CR00100,instagram,@creator100_instagram,5252,468,6196,182,16,2,29.0,False,Creator 100,JP,creator100@mail.example,beauty
CR00101,instagram,@creator101_instagram,266354,17752,84358,3960,0,452,112.0,True,Creator 101,GB,creator101@mail.example,beauty
CR00101,youtube,@creator101_youtube,27533,3183,17658,1427,137,0,,False,Creator 101,GB,creator101@mail.example,beauty
CR00101,tiktok,@creator101_tiktok,124517,2455,650181,34937,5466,3495,2366.0,False,Creator 101,GB,creator101@mail.example,beauty
CR00102,tiktok,@creator102_tiktok,305352,4869,379305,10998,998,401,3.0,False,Creator 102,US,creator102@mail.example,education
CR00102,youtube,@creator102_youtube,108543,12511,280849,12262,1520,1297,,False,Creator 102,US,creator102@mail.example,education
CR00102,instagram,@creator102_instagram,123814,-7590,107847,4375,102,107,1099.0,False,Creator 102,US,creator102@mail.example,education
CR00103,instagram,@creator103_instagram,145926,-1245,55385,2496,9,376,0.0,False,Creator 103,IN,creator103@mail.example,comedy
CR00103,youtube,@creator103_youtube,99697,9506,197986,5334,129,479,,False,Creator 103,IN,creator103@mail.example,comedy
CR00103,tiktok,@creator103_tiktok,3019,271,21410,1377,0,37,307.0,False,Creator 103,IN,creator103@mail.example,comedy
CR00104,youtube,@creator104_youtube,11901,2490,11242,563,1,2,,False,Creator 104,KR,creator104@mail.example,beauty
CR00104,tiktok,@creator104_tiktok,15330,1310,63181,1478,253,0,828.0,False,Creator 104,KR,creator104@mail.example,beauty
CR00105,instagram,@creator105_instagram,113221,7258,47736,2031,30,287,0.0,False,Creator 105,JP,creator105@mail.example,travel
CR00106,instagram,@creator106_instagram,4811,-203,1746,100,5,2,6.0,False,Creator 106,IN,creator106@mail.example,travel
CR00107,tiktok,@creator107_tiktok,11913,489,44447,2567,27,449,238.0,False,Creator 107,FR,creator107@mail.example,beauty
CR00107,youtube,@creator107_youtube,55908,9429,48740,1106,20,6,,False,Creator 107,FR,creator107@mail.example,beauty
CR00108,youtube,@creator108_youtube,339428,7214,102340,5180,0,677,,False,Creator 108,DE,creator108@mail.example,music
CR00108,tiktok,@creator108_tiktok,32091,-1721,44016,811,133,83,243.0,False,Creator 108,DE,creator108@mail.example,music
CR00108,instagram,@creator108_instagram,232714,-7146,75547,2710,4,14,125.0,False,Creator 108,DE,creator108@mail.example,music
CR00109,instagram,@creator109_instagram,62086,-2750,29826,651,0,0,9.0,False,Creator 109,US,creator109@mail.example,music
CR00109,tiktok,@creator109_tiktok,17038,1885,43628,2532,386,496,0.0,False,Creator 109,US,creator109@mail.example,music
CR00110,instagram,@creator110_instagram,74135,6447,10807,503,7,24,66.0,False,Creator 110,JP,creator110@mail.example,beauty
CR00110,tiktok,@creator110_tiktok,218927,26684,639637,29713,102,0,2732.0,False,Creator 110,JP,creator110@mail.example,beauty
CR00110,youtube,@creator110_youtube,233428,25830,357456,17412,2289,33,,False,Creator 110,JP,creator110@mail.example,beauty
CR00111,tiktok,@creator111_tiktok,76226,7001,1055313,23550,1731,0,206.0,False,Creator 111,DE,creator111@mail.example,music
CR00111,youtube,@creator111_youtube,23151,1197,51908,4761,661,0,,False,Creator 111,DE,creator111@mail.example,music
CR00112,youtube,@creator112_youtube,84376,-706,218711,12069,83,0,,False,Creator 112,CA,creator112@mail.example,gaming
CR00112,tiktok,@creator112_tiktok,5216,409,8397,390,70,0,56.0,False,Creator 112,CA,creator112@mail.example,gaming
CR00113,youtube,@creator113_youtube,22173,1203,20527,1226,204,0,,False,Creator 113,KR,creator113@mail.example,travel
CR00113,instagram,@creator113_instagram,203509,14438,77639,5834,486,39,274.0,False,Creator 113,KR,creator113@mail.example,travel
CR00113,tiktok,@creator113_tiktok,179049,4904,325437,18884,646,424,1.0,False,Creator 113,KR,creator113@mail.example,travel
CR00114,instagram,@creator114_instagram,87336,491,176977,14127,203,426,90.0,False,Creator 114,GB,creator114@mail.example,food
CR00115,youtube,@creator115_youtube,111284,18743,249092,6409,342,831,,False,Creator 115,JP,creator115@mail.example,tech
CR00116,instagram,@creator116_instagram,4612,432,3076,154,6,0,45.0,False,Creator 116,US,creator116@mail.example,tech
CR00116,youtube,@creator116_youtube,1009222,18191,417956,27352,32,594,,False,Creator 116,US,creator116@mail.example,tech
CR00117,instagram,@creator117_instagram,149096,16497,85026,3733,0,3,468.0,False,Creator 117,BR,creator117@mail.example,music
CR00117,tiktok,@creator117_tiktok,43071,2959,97085,3832,4319,185,859.0,False,Creator 117,BR,creator117@mail.example,music
CR00117,youtube,@creator117_youtube,8538,1082,9869,386,4,0,,False,Creator 117,BR,creator117@mail.example,music
CR00118,youtube,@creator118_youtube,9031,1499,11428,716,15,15,,False,Creator 118,IN,creator118@mail.example,comedy
CR00118,instagram,@creator118_instagram,1007107,-82214,671427,13097,8015,10698,877.0,False,Creator 118,IN,creator118@mail.example,comedy
CR00119,youtube,@creator119_youtube,104388,7861,374147,22240,1989,575,,False,Creator 119,CA,creator119@mail.example,comedy
CR00119,tiktok,@creator119_tiktok,28085,746,55247,2445,395,0,235.0,False,Creator 119,CA,creator119@mail.example,comedy
CR00120,tiktok,@creator120_tiktok,103795,8524,1804424,55090,1287,5672,5005.0,False,Creator 120,BR,creator120@mail.example,fitness
CR00121,instagram,@creator121_instagram,56333,-1776,78561,4561,711,196,56.0,False,Creator 121,FR,creator121@mail.example,music
CR00121,tiktok,@creator121_tiktok,146552,9698,327006,14088,502,11,1193.0,False,Creator 121,FR,creator121@mail.example,music
CR00121,youtube,@creator121_youtube,17297,1839,50109,2454,25,551,,False,Creator 121,FR,creator121@mail.example,music
CR00122,tiktok,@creator122_tiktok,188285,8050,256661,8047,496,892,225.0,False,Creator 122,FR,creator122@mail.example,food
CR00122,instagram,@creator122_instagram,26849,1216,22443,2047,50,0,32.0,True,Creator 122,FR,creator122@mail.example,food
CR00123,youtube,@creator123_youtube,547084,64650,1604312,51306,598,95,,False,Creator 123,JP,creator123@mail.example,education
CR00123,tiktok,@creator123_tiktok,962677,103184,1675606,114414,560,42,544.0,False,Creator 123,JP,creator123@mail.example,education
CR00124,youtube,@creator124_youtube,6063,575,3890,280,34,0,,False,Creator 124,GB,creator124@mail.example,fitness
CR00125,tiktok,@creator125_tiktok,17604,2506,310962,11056,15,41,305.0,False,Creator 125,CA,creator125@mail.example,comedy
CR00125,instagram,@creator125_instagram,2122363,92261,4162155,118881,3274,1489,1699.0,True,Creator 125,CA,creator125@mail.example,comedy
CR00125,youtube,@creator125_youtube,196005,24684,334545,11848,231,1249,,False,Creator 125,CA,creator125@mail.example,comedy
CR00126,youtube,@creator126_youtube,52836,5853,84292,6530,69,137,,False,Creator 126,JP,creator126@mail.example,finance
CR00126,instagram,@creator126_instagram,67431,437,37651,1377,115,114,24.0,False,Creator 126,JP,creator126@mail.example,finance
CR00127,tiktok,@creator127_tiktok,5645,193,29705,1689,47,36,0.0,False,Creator 127,FR,creator127@mail.example,finance
CR00127,instagram,@creator127_instagram,15497,162,2220,119,3,9,0.0,False,Creator 127,FR,creator127@mail.example,finance
CR00128,tiktok,@creator128_tiktok,427452,56521,450820,11351,796,22,55.0,False,Creator 128,MX,creator128@mail.example,gaming
CR00128,instagram,@creator128_instagram,18522,638,5388,365,32,6,128.0,False,Creator 128,MX,creator128@mail.example,gaming
CR00128,youtube,@creator128_youtube,448750,48471,1017070,25993,1018,1232,,False,Creator 128,MX,creator128@mail.example,gaming
CR00129,instagram,@creator129_instagram,11749,337,7922,397,20,13,93.0,False,Creator 129,IN,creator129@mail.example,travel
CR00129,tiktok,@creator129_tiktok,37825,3095,230693,14881,446,191,2426.0,False,Creator 129,IN,creator129@mail.example,travel
CR00130,youtube,@creator130_youtube,14215,-325,13174,652,147,156,,False,Creator 130,CA,creator130@mail.example,finance
CR00130,tiktok,@creator130_tiktok,1318666,18727,3342188,76347,2105,7323,4770.0,False,Creator 130,CA,creator130@mail.example,finance
CR00130,instagram,@creator130_instagram,93188,6152,83336,3507,84,406,80.0,False,Creator 130,CA,creator130@mail.example,finance
CR00131,tiktok,@creator131_tiktok,57294,1538,413790,26975,1540,246,104.0,False,Creator 131,FR,creator131@mail.example,travel
CR00131,instagram,@creator131_instagram,59552,1514,81107,4615,1295,0,380.0,True,Creator 131,FR,creator131@mail.example,travel
CR00131,youtube,@creator131_youtube,36224,2715,74169,1690,26,84,,False,Creator 131,FR,creator131@mail.example,travel
CR00132,youtube,@creator132_youtube,66081,2031,82247,4135,527,246,,False,Creator 132,MX,creator132@mail.example,comedy
CR00132,tiktok,@creator132_tiktok,88029,17203,417108,16440,3140,100,460.0,False,Creator 132,MX,creator132@mail.example,comedy
CR00133,youtube,@creator133_youtube,894701,-37681,1374228,75277,9502,18940,,False,Creator 133,IN,creator133@mail.example,fitness
CR00134,instagram,@creator134_instagram,29013,-2339,68228,1445,33,0,132.0,False,Creator 134,FR,creator134@mail.example,education
CR00134,youtube,@creator134_youtube,12919,2182,9252,827,72,76,,False,Creator 134,FR,creator134@mail.example,education
CR00135,youtube,@creator135_youtube,359773,44922,516920,27271,1487,461,,False,Creator 135,DE,creator135@mail.example,comedy
CR00136,youtube,@creator136_youtube,191443,15100,236445,15832,4556,32,,False,Creator 136,FR,creator136@mail.example,travel
CR00136,instagram,@creator136_instagram,92446,2726,38913,887,105,79,487.0,False,Creator 136,FR,creator136@mail.example,travel
CR00136,tiktok,@creator136_tiktok,83975,901,477850,25415,2061,3157,1151.0,False,Creator 136,FR,creator136@mail.example,travel
CR00137,instagram,@creator137_instagram,12979,1322,6035,107,0,0,26.0,False,Creator 137,BR,creator137@mail.example,fitness
CR00137,youtube,@creator137_youtube,32953,7608,27322,1213,5,11,,False,Creator 137,BR,creator137@mail.example,fitness
CR00138,instagram,@creator138_instagram,4618,315,533,19,0,0,0.0,False,Creator 138,CA,creator138@mail.example,education
CR00138,youtube,@creator138_youtube,69307,-3740,21854,1777,9,72,,False,Creator 138,CA,creator138@mail.example,education
CR00138,tiktok,@creator138_tiktok,19999,1430,30488,2749,88,68,96.0,False,Creator 138,CA,creator138@mail.example,education
CR00139,tiktok,@creator139_tiktok,6197,-93,42764,2198,128,168,118.0,False,Creator 139,GB,creator139@mail.example,education
CR00139,instagram,@creator139_instagram,105770,7484,39466,482,0,14,154.0,False,Creator 139,GB,creator139@mail.example,education
CR00140,tiktok,@creator140_tiktok,50543,8542,113260,3375,2381,16,253.0,False,Creator 140,CA,creator140@mail.example,tech
CR00140,youtube,@creator140_youtube,94744,7578,76081,2613,122,44,,False,Creator 140,CA,creator140@mail.example,tech
CR00141,instagram,@creator141_instagram,54575,3270,18040,1044,0,35,33.0,False,Creator 141,CA,creator141@mail.example,finance
CR00141,youtube,@creator141_youtube,14866,2667,24221,1716,321,53,,False,Creator 141,CA,creator141@mail.example,finance
CR00142,youtube,@creator142_youtube,52412,4988,34851,1303,171,53,,False,Creator 142,BR,creator142@mail.example,food
CR00143,youtube,@creator143_youtube,33539,4266,31811,610,204,12,,False,Creator 143,BR,creator143@mail.example,fitness
CR00143,tiktok,@creator143_tiktok,53331,-1409,377158,15852,1720,2005,943.0,False,Creator 143,BR,creator143@mail.example,fitness
CR00143,instagram,@creator143_instagram,211748,42910,387789,12782,141,0,3.0,False,Creator 143,BR,creator143@mail.example,fitness
CR00144,tiktok,@creator144_tiktok,51117,11684,409342,18781,70,787,181.0,False,Creator 144,US,creator144@mail.example,travel
CR00144,instagram,@creator144_instagram,47069,4551,38640,2320,239,90,9.0,True,Creator 144,US,creator144@mail.example,travel
CR00145,youtube,@creator145_youtube,12836,2151,22509,1335,217,0,,False,Creator 145,JP,creator145@mail.example,education
CR00146,instagram,@creator146_instagram,1634651,117716,1021322,46972,8,401,7589.0,False,Creator 146,KR,creator146@mail.example,food
CR00146,tiktok,@creator146_tiktok,254572,-17619,1203639,29413,1804,0,151.0,False,Creator 146,KR,creator146@mail.example,food
CR00147,youtube,@creator147_youtube,93960,2398,141205,8878,84,73,,False,Creator 147,CA,creator147@mail.example,comedy
CR00147,tiktok,@creator147_tiktok,2509,1,7876,722,7,27,20.0,False,Creator 147,CA,creator147@mail.example,comedy
CR00147,instagram,@creator147_instagram,81086,8465,23834,748,8,0,27.0,False,Creator 147,CA,creator147@mail.example,comedy
CR00148,youtube,@creator148_youtube,97231,11909,134540,7650,399,0,,False,Creator 148,IN,creator148@mail.example,food
CR00148,instagram,@creator148_instagram,25456,959,11235,697,0,5,0.0,False,Creator 148,IN,creator148@mail.example,food
CR00149,tiktok,@creator149_tiktok,313387,37856,627043,16113,3300,223,400.0,False,Creator 149,IN,creator149@mail.example,tech
CR00149,instagram,@creator149_instagram,58171,3866,28729,1793,269,82,27.0,False,Creator 149,IN,creator149@mail.example,tech
CR00149,youtube,@creator149_youtube,29124,-3075,50063,1845,44,0,,False,Creator 149,IN,creator149@mail.example,tech
CR00150,tiktok,@creator150_tiktok,23387,1383,225954,7025,25,373,23.0,False,Creator 150,US,creator150@mail.example,tech
CR00150,instagram,@creator150_instagram,307670,21205,186524,7357,805,1176,1146.0,False,Creator 150,US,creator150@mail.example,tech
CR00151,youtube,@creator151_youtube,6634,931,6768,519,6,117,,False,Creator 151,CA,creator151@mail.example,finance
CR00151,tiktok,@creator151_tiktok,15511,1424,52317,911,176,41,21.0,False,Creator 151,CA,creator151@mail.example,finance
CR00151,instagram,@creator151_instagram,24491,3870,11788,385,29,0,5.0,False,Creator 151,CA,creator151@mail.example,finance
CR00152,instagram,@creator152_instagram,42390,6850,14484,497,33,14,14.0,False,Creator 152,FR,creator152@mail.example,fitness
CR00152,tiktok,@creator152_tiktok,11553,2746,31645,2180,39,31,71.0,False,Creator 152,FR,creator152@mail.example,fitness
CR00152,youtube,@creator152_youtube,24515,3989,21099,730,12,6,,False,Creator 152,FR,creator152@mail.example,fitness
CR00153,instagram,@creator153_instagram,363313,15737,192903,12196,18,1439,5.0,False,Creator 153,MX,creator153@mail.example,fitness
CR00153,tiktok,@creator153_tiktok,1183371,69422,4781009,249922,4475,3,8639.0,False,Creator 153,MX,creator153@mail.example,fitness
CR00153,youtube,@creator153_youtube,14978,1101,44330,1294,48,16,,False,Creator 153,MX,creator153@mail.example,fitness
CR00154,instagram,@creator154_instagram,149901,17128,37602,2596,21,0,0.0,False,Creator 154,DE,creator154@mail.example,food
CR00154,youtube,@creator154_youtube,42865,1629,142984,4356,11,293,,False,Creator 154,DE,creator154@mail.example,food
CR00155,instagram,@creator155_instagram,135765,12898,41763,1755,13,35,191.0,False,Creator 155,KR,creator155@mail.example,travel
CR00155,tiktok,@creator155_tiktok,115199,13812,1077347,70188,7061,6028,0.0,False,Creator 155,KR,creator155@mail.example,travel
CR00155,youtube,@creator155_youtube,244843,2138,476558,21026,6,0,,False,Creator 155,KR,creator155@mail.example,travel
CR00156,instagram,@creator156_instagram,49095,1148,30759,397,36,14,0.0,False,Creator 156,KR,creator156@mail.example,finance
CR00156,tiktok,@creator156_tiktok,88279,11439,627157,22209,53,194,1056.0,False,Creator 156,KR,creator156@mail.example,finance
CR00157,tiktok,@creator157_tiktok,40707,3550,125025,8647,18,137,588.0,False,Creator 157,DE,creator157@mail.example,comedy
CR00158,youtube,@creator158_youtube,35943,2640,145851,11886,243,0,,False,Creator 158,CA,creator158@mail.example,travel
CR00158,tiktok,@creator158_tiktok,211241,15102,569608,8582,1997,584,0.0,False,Creator 158,CA,creator158@mail.example,travel
CR00158,instagram,@creator158_instagram,30750,894,14667,291,31,15,53.0,False,Creator 158,CA,creator158@mail.example,travel
CR00159,instagram,@creator159_instagram,6031,280,3762,86,48,10,3.0,False,Creator 159,MX,creator159@mail.example,fitness
CR00160,instagram,@creator160_instagram,113369,8764,109441,3392,491,98,20.0,False,Creator 160,KR,creator160@mail.example,food
CR00160,youtube,@creator160_youtube,141612,7081,684727,22798,4383,488,,False,Creator 160,KR,creator160@mail.example,food
CR00160,tiktok,@creator160_tiktok,545626,79110,928747,27018,169,617,357.0,False,Creator 160,KR,creator160@mail.example,food
CR00161,tiktok,@creator161_tiktok,5932,1015,14804,856,285,36,45.0,False,Creator 161,US,creator161@mail.example,travel
CR00161,instagram,@creator161_instagram,35010,1615,23135,1787,43,13,181.0,False,Creator 161,US,creator161@mail.example,travel
CR00162,tiktok,@creator162_tiktok,162732,14262,511941,12933,973,1373,1218.0,False,Creator 162,JP,creator162@mail.example,food
CR00163,instagram,@creator163_instagram,3062,236,1795,71,2,0,7.0,False,Creator 163,MX,creator163@mail.example,tech
CR00164,instagram,@creator164_instagram,1490,200,3693,131,10,2,3.0,True,Creator 164,FR,creator164@mail.example,beauty
CR00164,tiktok,@creator164_tiktok,272172,43237,439789,9850,226,11,207.0,False,Creator 164,FR,creator164@mail.example,beauty
CR00165,youtube,@creator165_youtube,21498,2402,18848,674,6,30,,False,Creator 165,FR,creator165@mail.example,fitness
CR00165,instagram,@creator165_instagram,238233,16517,256607,5233,698,643,1081.0,False,Creator 165,FR,creator165@mail.example,fitness
CR00166,instagram,@creator166_instagram,2005,100,1721,135,17,0,0.0,False,Creator 166,FR,creator166@mail.example,beauty
CR00166,tiktok,@creator166_tiktok,29224,4801,68554,4093,594,178,28.0,False,Creator 166,FR,creator166@mail.example,beauty
CR00166,youtube,@creator166_youtube,2551,83,4707,232,48,4,,False,Creator 166,FR,creator166@mail.example,beauty
CR00167,instagram,@creator167_instagram,9745,942,2705,103,0,0,34.0,False,Creator 167,FR,creator167@mail.example,food
CR00168,instagram,@creator168_instagram,52023,-664,27123,1915,328,183,4.0,False,Creator 168,GB,creator168@mail.example,music
CR00168,youtube,@creator168_youtube,53992,7782,109428,4662,513,0,,False,Creator 168,GB,creator168@mail.example,music
CR00168,tiktok,@creator168_tiktok,20014,2812,29768,1525,87,198,0.0,False,Creator 168,GB,creator168@mail.example,music
CR00169,tiktok,@creator169_tiktok,61963,4557,349576,17904,458,0,3526.0,False,Creator 169,JP,creator169@mail.example,fitness
CR00170,instagram,@creator170_instagram,252428,37958,151146,8532,787,107,436.0,False,Creator 170,FR,creator170@mail.example,fitness
CR00171,youtube,@creator171_youtube,38479,7065,78037,3226,518,214,,False,Creator 171,US,creator171@mail.example,tech
CR00172,tiktok,@creator172_tiktok,77678,11427,441426,10509,57,342,536.0,False,Creator 172,BR,creator172@mail.example,tech
CR00172,instagram,@creator172_instagram,14654,96,2956,135,6,1,6.0,False,Creator 172,BR,creator172@mail.example,tech
CR00172,youtube,@creator172_youtube,45769,6571,52824,4687,83,0,,False,Creator 172,BR,creator172@mail.example,tech
CR00173,youtube,@creator173_youtube,13488,2050,9770,798,58,0,,False,Creator 173,GB,creator173@mail.example,music
CR00173,tiktok,@creator173_tiktok,159459,19179,771109,30548,1221,4641,322.0,False,Creator 173,GB,creator173@mail.example,music
CR00173,instagram,@creator173_instagram,7987,409,2089,112,6,0,4.0,False,Creator 173,GB,creator173@mail.example,music
CR00174,youtube,@creator174_youtube,2571,286,4366,109,14,0,,False,Creator 174,BR,creator174@mail.example,tech
CR00174,tiktok,@creator174_tiktok,59395,-812,39423,1271,3,3,21.0,False,Creator 174,BR,creator174@mail.example,tech
CR00174,instagram,@creator174_instagram,3192,283,2452,106,12,4,6.0,False,Creator 174,BR,creator174@mail.example,tech
CR00175,tiktok,@creator175_tiktok,987741,70224,4988203,228016,1401,0,4857.0,False,Creator 175,JP,creator175@mail.example,food
CR00175,instagram,@creator175_instagram,46719,6422,17808,1037,7,7,134.0,False,Creator 175,JP,creator175@mail.example,food
CR00175,youtube,@creator175_youtube,14080,-61,13084,442,34,66,,False,Creator 175,JP,creator175@mail.example,food
CR00176,instagram,@creator176_instagram,48743,3116,15778,871,11,81,82.0,False,Creator 176,CA,creator176@mail.example,beauty
CR00176,youtube,@creator176_youtube,67249,8679,112795,4129,238,180,,False,Creator 176,CA,creator176@mail.example,beauty
CR00176,tiktok,@creator176_tiktok,1421,208,15452,706,0,24,13.0,False,Creator 176,CA,creator176@mail.example,beauty
CR00177,tiktok,@creator177_tiktok,3335,215,21728,609,28,60,41.0,False,Creator 177,GB,creator177@mail.example,beauty
CR00177,youtube,@creator177_youtube,1548365,167888,2035212,66112,30,2947,,False,Creator 177,GB,creator177@mail.example,beauty
CR00177,instagram,@creator177_instagram,196118,15660,473521,30803,11671,0,3197.0,False,Creator 177,GB,creator177@mail.example,beauty
CR00178,instagram,@creator178_instagram,30642,3409,26349,870,5,16,42.0,False,Creator 178,DE,creator178@mail.example,tech
CR00178,youtube,@creator178_youtube,49821,4772,52510,2493,96,62,,False,Creator 178,DE,creator178@mail.example,tech
CR00178,tiktok,@creator178_tiktok,1519390,78224,4883558,260025,42135,2366,20203.0,False,Creator 178,DE,creator178@mail.example,tech
CR00179,youtube,@creator179_youtube,23893,2148,16887,1180,202,27,,False,Creator 179,KR,creator179@mail.example,food
CR00179,tiktok,@creator179_tiktok,28530,2859,148765,2593,973,458,1.0,False,Creator 179,KR,creator179@mail.example,food
CR00179,instagram,@creator179_instagram,25318,2552,3698,171,12,5,3.0,False,Creator 179,KR,creator179@mail.example,food
CR00180,tiktok,@creator180_tiktok,32432,3496,75200,1502,274,26,11.0,False,Creator 180,US,creator180@mail.example,music
CR00180,youtube,@creator180_youtube,4390,742,7789,167,0,17,,False,Creator 180,US,creator180@mail.example,music
CR00180,instagram,@creator180_instagram,51307,4011,52265,1428,65,125,27.0,False,Creator 180,US,creator180@mail.example,music
CR00181,instagram,@creator181_instagram,8425,1159,6157,156,18,3,2.0,False,Creator 181,GB,creator181@mail.example,education
CR00181,tiktok,@creator181_tiktok,36115,2675,182465,2138,4,590,333.0,False,Creator 181,GB,creator181@mail.example,education
CR00181,youtube,@creator181_youtube,239708,171,171085,4773,978,152,,False,Creator 181,GB,creator181@mail.example,education
CR00182,youtube,@creator182_youtube,49212,8254,154227,5308,1259,102,,False,Creator 182,US,creator182@mail.example,gaming
CR00182,tiktok,@creator182_tiktok,122729,8872,1962653,38577,4347,1004,625.0,False,Creator 182,US,creator182@mail.example,gaming
CR00183,youtube,@creator183_youtube,14675,118,6608,294,49,95,,False,Creator 183,KR,creator183@mail.example,gaming
CR00183,tiktok,@creator183_tiktok,142822,16071,747218,44896,3011,0,2082.0,False,Creator 183,KR,creator183@mail.example,gaming
CR00183,instagram,@creator183_instagram,169258,22757,53458,1445,19,2,10.0,False,Creator 183,KR,creator183@mail.example,gaming
CR00184,instagram,@creator184_instagram,177135,599,51892,1815,169,54,117.0,False,Creator 184,CA,creator184@mail.example,music
CR00184,tiktok,@creator184_tiktok,39400,3654,37151,1458,125,115,162.0,False,Creator 184,CA,creator184@mail.example,music
CR00184,youtube,@creator184_youtube,288468,20187,300393,13468,284,574,,False,Creator 184,CA,creator184@mail.example,music
CR00185,youtube,@creator185_youtube,89924,6012,98444,6844,14,5,,False,Creator 185,MX,creator185@mail.example,music
CR00185,tiktok,@creator185_tiktok,114234,14940,620352,32002,13485,0,239.0,False,Creator 185,MX,creator185@mail.example,music
CR00186,tiktok,@creator186_tiktok,35643,6872,210669,13576,727,41,0.0,False,Creator 186,GB,creator186@mail.example,food
CR00186,instagram,@creator186_instagram,12880,182,18417,509,26,9,8.0,True,Creator 186,GB,creator186@mail.example,food
CR00186,youtube,@creator186_youtube,18128,2298,16344,1390,30,15,,False,Creator 186,GB,creator186@mail.example,food
CR00187,tiktok,@creator187_tiktok,1235689,56193,2566484,99089,8930,8641,8460.0,False,Creator 187,DE,creator187@mail.example,comedy
CR00187,instagram,@creator187_instagram,29139,2742,6945,211,76,1,1.0,False,Creator 187,DE,creator187@mail.example,comedy
CR00187,youtube,@creator187_youtube,1712119,-56545,2673738,168302,13162,779,,False,Creator 187,DE,creator187@mail.example,comedy
CR00188,instagram,@creator188_instagram,98075,4934,160501,7870,7,101,320.0,False,Creator 188,KR,creator188@mail.example,tech
CR00188,youtube,@creator188_youtube,15296,1306,43228,1082,9,0,,False,Creator 188,KR,creator188@mail.example,tech
CR00189,youtube,@creator189_youtube,179405,18564,114578,8770,33,235,,False,Creator 189,US,creator189@mail.example,education
CR00189,instagram,@creator189_instagram,41733,4523,94388,3809,205,1395,1053.0,False,Creator 189,US,creator189@mail.example,education
CR00190,tiktok,@creator190_tiktok,246150,10996,832871,75142,2655,6267,309.0,False,Creator 190,GB,creator190@mail.example,gaming
CR00190,instagram,@creator190_instagram,11746,-299,14261,868,37,24,108.0,False,Creator 190,GB,creator190@mail.example,gaming
CR00191,tiktok,@creator191_tiktok,227378,-15360,280497,6592,309,18,322.0,False,Creator 191,BR,creator191@mail.example,fitness
CR00191,instagram,@creator191_instagram,19299,2129,14763,513,98,22,27.0,False,Creator 191,BR,creator191@mail.example,fitness
CR00191,youtube,@creator191_youtube,381757,36761,1510189,64413,7007,9130,,False,Creator 191,BR,creator191@mail.example,fitness
CR00192,youtube,@creator192_youtube,16552,1373,8681,473,33,12,,False,Creator 192,KR,creator192@mail.example,tech
CR00192,tiktok,@creator192_tiktok,12188,1071,45602,3015,0,239,621.0,False,Creator 192,KR,creator192@mail.example,tech
CR00192,instagram,@creator192_instagram,83483,2557,45443,1652,153,198,1.0,False,Creator 192,KR,creator192@mail.example,tech
CR00193,tiktok,@creator193_tiktok,56821,6626,186055,6505,10,9,108.0,False,Creator 193,FR,creator193@mail.example,finance
CR00193,youtube,@creator193_youtube,34257,-1486,67590,2046,1,275,,False,Creator 193,FR,creator193@mail.example,finance
CR00194,tiktok,@creator194_tiktok,49012,8563,156952,10102,1251,42,1865.0,False,Creator 194,CA,creator194@mail.example,music
CR00194,youtube,@creator194_youtube,95083,2608,428281,6740,431,0,,False,Creator 194,CA,creator194@mail.example,music
CR00194,instagram,@creator194_instagram,24569,1054,11672,291,12,41,40.0,False,Creator 194,CA,creator194@mail.example,music
CR00195,youtube,@creator195_youtube,87955,8902,73745,3076,140,26,,False,Creator 195,IN,creator195@mail.example,gaming
CR00196,tiktok,@creator196_tiktok,674944,2148,6371994,163418,20,2814,14490.0,False,Creator 196,DE,creator196@mail.example,food
CR00197,instagram,@creator197_instagram,26468,1737,14573,261,8,6,21.0,False,Creator 197,KR,creator197@mail.example,music
CR00197,tiktok,@creator197_tiktok,14424,1553,21229,917,114,20,84.0,False,Creator 197,KR,creator197@mail.example,music
CR00197,youtube,@creator197_youtube,77707,6156,35256,1551,8,50,,False,Creator 197,KR,creator197@mail.example,music
CR00198,youtube,@creator198_youtube,389515,1052,74462,7362,24,0,,False,Creator 198,DE,creator198@mail.example,finance
CR00198,instagram,@creator198_instagram,137096,3781,140406,13433,208,900,1648.0,True,Creator 198,DE,creator198@mail.example,finance
CR00199,youtube,@creator199_youtube,60538,4839,22364,977,60,0,,False,Creator 199,JP,creator199@mail.example,finance
CR00199,instagram,@creator199_instagram,690861,33953,298386,8428,608,1350,526.0,False,Creator 199,JP,creator199@mail.example,finance
CR00200,tiktok,@creator200_tiktok,2720,564,29642,1932,211,268,30.0,False,Creator 200,GB,creator200@mail.example,music
CR00200,youtube,@creator200_youtube,22287,83,12187,516,55,16,,False,Creator 200,GB,creator200@mail.example,music
CR00200,instagram,@creator200_instagram,27861,241,16228,1224,7,138,94.0,False,Creator 200,GB,creator200@mail.example,music
CR00201,youtube,@creator201_youtube,14505,-10,17588,1194,1,112,,False,Creator 201,GB,creator201@mail.example,food
CR00201,tiktok,@creator201_tiktok,16368,2183,73930,3003,255,13,481.0,False,Creator 201,GB,creator201@mail.example,food
CR00202,instagram,@creator202_instagram,41124,1054,18747,1179,55,3,99.0,False,Creator 202,JP,creator202@mail.example,finance
CR00202,youtube,@creator202_youtube,13595,1114,65609,2132,0,49,,False,Creator 202,JP,creator202@mail.example,finance
CR00202,tiktok,@creator202_tiktok,26829,-2547,48635,4211,35,121,0.0,False,Creator 202,JP,creator202@mail.example,finance
CR00203,tiktok,@creator203_tiktok,28904,4071,159284,4360,1917,0,1238.0,False,Creator 203,JP,creator203@mail.example,food
CR00203,instagram,@creator203_instagram,67222,4546,26066,1541,41,3,13.0,False,Creator 203,JP,creator203@mail.example,food
CR00204,instagram,@creator204_instagram,191990,15875,266487,4944,128,20,383.0,False,Creator 204,JP,creator204@mail.example,fitness
CR00204,tiktok,@creator204_tiktok,9427,1445,100236,3794,443,0,29.0,False,Creator 204,JP,creator204@mail.example,fitness
CR00205,youtube,@creator205_youtube,179017,22322,269419,13016,1149,573,,False,Creator 205,JP,creator205@mail.example,beauty
CR00205,tiktok,@creator205_tiktok,9482,754,29867,1542,26,39,72.0,False,Creator 205,JP,creator205@mail.example,beauty
CR00206,tiktok,@creator206_tiktok,6736,668,8721,243,0,0,72.0,False,Creator 206,IN,creator206@mail.example,education
CR00206,instagram,@creator206_instagram,34647,3701,32639,3087,42,0,26.0,False,Creator 206,IN,creator206@mail.example,education
CR00207,youtube,@creator207_youtube,35763,5548,63212,5438,202,230,,False,Creator 207,GB,creator207@mail.example,music
CR00208,instagram,@creator208_instagram,9192,1023,4006,160,10,0,0.0,False,Creator 208,CA,creator208@mail.example,travel
CR00208,youtube,@creator208_youtube,29841,601,8160,547,70,94,,False,Creator 208,CA,creator208@mail.example,travel
CR00208,tiktok,@creator208_tiktok,4882,-129,19202,1759,13,11,169.0,False,Creator 208,CA,creator208@mail.example,travel
CR00209,tiktok,@creator209_tiktok,61302,1326,111088,3756,6,0,81.0,False,Creator 209,GB,creator209@mail.example,tech
CR00210,youtube,@creator210_youtube,3532,725,9352,638,43,14,,False,Creator 210,DE,creator210@mail.example,beauty
CR00210,tiktok,@creator210_tiktok,41174,4908,68888,3494,653,1217,429.0,False,Creator 210,DE,creator210@mail.example,beauty
CR00211,youtube,@creator211_youtube,57557,-880,116714,6718,145,10,,False,Creator 211,IN,creator211@mail.example,music
CR00211,instagram,@creator211_instagram,8723,314,3518,123,30,0,30.0,True,Creator 211,IN,creator211@mail.example,music
CR00212,tiktok,@creator212_tiktok,117647,5087,787623,27470,44,1115,2.0,False,Creator 212,JP,creator212@mail.example,food
CR00212,youtube,@creator212_youtube,56798,2409,43268,2901,1267,77,,False,Creator 212,JP,creator212@mail.example,food
CR00212,instagram,@creator212_instagram,177254,30262,470756,19500,253,1270,333.0,False,Creator 212,JP,creator212@mail.example,food
CR00213,instagram,@creator213_instagram,3439,340,2796,202,4,2,3.0,False,Creator 213,CA,creator213@mail.example,music
CR00214,youtube,@creator214_youtube,41864,2212,39497,1571,0,198,,False,Creator 214,MX,creator214@mail.example,fitness
CR00214,instagram,@creator214_instagram,70034,-1823,30241,1180,95,0,82.0,False,Creator 214,MX,creator214@mail.example,fitness
CR00215,tiktok,@creator215_tiktok,47312,6909,161142,13707,332,204,616.0,False,Creator 215,US,creator215@mail.example,tech
CR00215,instagram,@creator215_instagram,3501,204,6229,254,0,7,11.0,False,Creator 215,US,creator215@mail.example,tech
CR00215,youtube,@creator215_youtube,106248,11064,88708,2366,754,1912,,False,Creator 215,US,creator215@mail.example,tech
CR00216,tiktok,@creator216_tiktok,11300,1487,94768,2788,62,128,181.0,False,Creator 216,BR,creator216@mail.example,music
CR00216,instagram,@creator216_instagram,25086,838,32400,1927,59,1,20.0,False,Creator 216,BR,creator216@mail.example,music
CR00216,youtube,@creator216_youtube,54154,4284,149966,2545,594,5,,False,Creator 216,BR,creator216@mail.example,music
CR00217,instagram,@creator217_instagram,35641,3225,8149,450,3,0,55.0,True,Creator 217,MX,creator217@mail.example,education
CR00218,instagram,@creator218_instagram,3827,446,1133,76,6,1,0.0,False,Creator 218,DE,creator218@mail.example,education
CR00219,youtube,@creator219_youtube,25465,1645,43094,2141,45,93,,False,Creator 219,CA,creator219@mail.example,gaming
CR00220,tiktok,@creator220_tiktok,1853133,112419,4128026,177381,322,4947,0.0,False,Creator 220,MX,creator220@mail.example,finance
CR00221,instagram,@creator221_instagram,63900,8495,105236,4321,22,158,1005.0,False,Creator 221,US,creator221@mail.example,music
CR00221,tiktok,@creator221_tiktok,131441,9537,428498,10031,987,163,601.0,False,Creator 221,US,creator221@mail.example,music
CR00222,tiktok,@creator222_tiktok,423087,1626,3426079,43702,3427,0,12349.0,False,Creator 222,MX,creator222@mail.example,comedy
CR00223,youtube,@creator223_youtube,100474,5095,159299,10274,292,999,,False,Creator 223,IN,creator223@mail.example,fitness
CR00223,instagram,@creator223_instagram,10420,517,923,68,0,4,8.0,False,Creator 223,IN,creator223@mail.example,fitness
CR00223,tiktok,@creator223_tiktok,632298,74473,1269046,45408,3474,745,1344.0,False,Creator 223,IN,creator223@mail.example,fitness
CR00224,instagram,@creator224_instagram,16446,2946,5432,405,8,5,43.0,False,Creator 224,GB,creator224@mail.example,travel
CR00224,youtube,@creator224_youtube,88586,10063,284943,23241,1190,0,,False,Creator 224,GB,creator224@mail.example,travel
CR00224,tiktok,@creator224_tiktok,83021,11262,296382,16662,895,0,152.0,False,Creator 224,GB,creator224@mail.example,travel
CR00225,tiktok,@creator225_tiktok,20480,2211,143223,6075,403,53,104.0,False,Creator 225,IN,creator225@mail.example,gaming
CR00226,tiktok,@creator226_tiktok,41134,79,111357,6425,300,1672,0.0,False,Creator 226,MX,creator226@mail.example,music
CR00226,youtube,@creator226_youtube,41455,-2201,15048,1279,46,31,,False,Creator 226,MX,creator226@mail.example,music
CR00227,tiktok,@creator227_tiktok,1790157,168094,4578785,319716,3,5924,41717.0,False,Creator 227,DE,creator227@mail.example,education
CR00227,instagram,@creator227_instagram,26913,-147,7043,283,41,28,1.0,False,Creator 227,DE,creator227@mail.example,education
CR00227,youtube,@creator227_youtube,49333,-498,47441,1039,7,46,,False,Creator 227,DE,creator227@mail.example,education
CR00228,tiktok,@creator228_tiktok,17067,1314,38163,731,20,216,53.0,False,Creator 228,CA,creator228@mail.example,beauty
CR00228,youtube,@creator228_youtube,26470,1028,13336,1027,4,28,,False,Creator 228,CA,creator228@mail.example,beauty
CR00228,instagram,@creator228_instagram,112840,7553,60683,5330,311,0,152.0,False,Creator 228,CA,creator228@mail.example,beauty
CR00229,youtube,@creator229_youtube,14866,482,9881,527,5,26,,False,Creator 229,DE,creator229@mail.example,gaming
CR00230,tiktok,@creator230_tiktok,99000,-3817,303988,16955,46,302,1296.0,False,Creator 230,BR,creator230@mail.example,tech
CR00230,youtube,@creator230_youtube,39566,4979,73493,1728,720,802,,False,Creator 230,BR,creator230@mail.example,tech
CR00230,instagram,@creator230_instagram,21572,3315,39112,1983,74,0,112.0,False,Creator 230,BR,creator230@mail.example,tech
CR00231,instagram,@creator231_instagram,202390,20424,117605,5291,661,258,131.0,False,Creator 231,MX,creator231@mail.example,comedy
CR00231,tiktok,@creator231_tiktok,102566,11883,213568,11584,480,1556,2431.0,False,Creator 231,MX,creator231@mail.example,comedy
CR00231,youtube,@creator231_youtube,144856,15462,237536,8124,0,699,,False,Creator 231,MX,creator231@mail.example,comedy
CR00232,instagram,@creator232_instagram,272203,25288,130152,9988,85,397,16.0,False,Creator 232,MX,creator232@mail.example,food
CR00233,tiktok,@creator233_tiktok,96899,10997,548155,21195,90,19,1697.0,False,Creator 233,MX,creator233@mail.example,fitness
CR00233,instagram,@creator233_instagram,77859,11400,26472,2060,116,37,48.0,False,Creator 233,MX,creator233@mail.example,fitness
CR00233,youtube,@creator233_youtube,22201,1454,35633,2451,77,0,,False,Creator 233,MX,creator233@mail.example,fitness
CR00234,instagram,@creator234_instagram,21855,1520,13206,912,2,0,64.0,False,Creator 234,DE,creator234@mail.example,food
CR00234,youtube,@creator234_youtube,11266,2391,22039,1936,56,39,,False,Creator 234,DE,creator234@mail.example,food
CR00235,tiktok,@creator235_tiktok,56336,5885,150041,5821,12,136,23.0,False,Creator 235,BR,creator235@mail.example,comedy
CR00235,youtube,@creator235_youtube,340042,35453,563198,10326,2479,2,,False,Creator 235,BR,creator235@mail.example,comedy
CR00235,instagram,@creator235_instagram,106337,-4242,29235,1387,305,113,108.0,False,Creator 235,BR,creator235@mail.example,comedy
CR00236,instagram,@creator236_instagram,32495,3213,41312,796,18,51,246.0,False,Creator 236,KR,creator236@mail.example,travel
CR00236,tiktok,@creator236_tiktok,195221,29264,523979,22636,112,4,1665.0,False,Creator 236,KR,creator236@mail.example,travel
CR00237,instagram,@creator237_instagram,13408,1848,11235,487,43,2,2.0,False,Creator 237,BR,creator237@mail.example,beauty
CR00238,youtube,@creator238_youtube,43904,5602,116947,5700,339,523,,False,Creator 238,BR,creator238@mail.example,finance
CR00239,instagram,@creator239_instagram,819861,63737,251279,12612,2069,1443,2549.0,False,Creator 239,FR,creator239@mail.example,education
CR00239,youtube,@creator239_youtube,1733505,-70381,5289486,325996,19693,0,,False,Creator 239,FR,creator239@mail.example,education
CR00240,youtube,@creator240_youtube,78910,6731,225089,17403,386,3452,,False,Creator 240,BR,creator240@mail.example,comedy
CR00240,tiktok,@creator240_tiktok,16620,1946,46408,2987,81,55,193.0,False,Creator 240,BR,creator240@mail.example,comedy
CR00240,instagram,@creator240_instagram,57145,8319,23183,960,104,102,34.0,False,Creator 240,BR,creator240@mail.example,comedy
CR00241,youtube,@creator241_youtube,16728,2842,3314,327,0,0,,False,Creator 241,BR,creator241@mail.example,food
CR00242,instagram,@creator242_instagram,10806,2389,2758,112,5,44,21.0,True,Creator 242,MX,creator242@mail.example,education
CR00242,tiktok,@creator242_tiktok,544553,26262,3363641,99583,1729,834,9282.0,False,Creator 242,MX,creator242@mail.example,education
CR00243,instagram,@creator243_instagram,45049,2793,14113,767,33,61,85.0,False,Creator 243,JP,creator243@mail.example,comedy
CR00243,tiktok,@creator243_tiktok,47619,-915,67416,5402,243,336,478.0,False,Creator 243,JP,creator243@mail.example,comedy
CR00243,youtube,@creator243_youtube,95688,10402,266318,10227,355,680,,False,Creator 243,JP,creator243@mail.example,comedy
CR00244,tiktok,@creator244_tiktok,100836,4094,122008,8628,172,69,733.0,False,Creator 244,DE,creator244@mail.example,gaming
CR00244,youtube,@creator244_youtube,96963,6211,160503,4065,491,13,,False,Creator 244,DE,creator244@mail.example,gaming
CR00245,instagram,@creator245_instagram,54821,-2419,9347,335,0,10,13.0,False,Creator 245,US,creator245@mail.example,travel
CR00246,instagram,@creator246_instagram,133465,7720,269578,20363,14,3083,4.0,False,Creator 246,US,creator246@mail.example,comedy
CR00247,instagram,@creator247_instagram,115052,17300,71918,3859,412,45,141.0,False,Creator 247,IN,creator247@mail.example,travel
CR00247,tiktok,@creator247_tiktok,8775,440,7547,298,83,38,62.0,False,Creator 247,IN,creator247@mail.example,travel
CR00248,tiktok,@creator248_tiktok,62735,7151,95334,6449,0,943,14.0,False,Creator 248,JP,creator248@mail.example,music
CR00248,youtube,@creator248_youtube,151906,6783,391309,12793,5,810,,False,Creator 248,JP,creator248@mail.example,music
CR00248,instagram,@creator248_instagram,93093,1956,61858,886,86,75,47.0,False,Creator 248,JP,creator248@mail.example,music
CR00249,youtube,@creator249_youtube,751311,3490,5064738,111003,9082,14516,,False,Creator 249,IN,creator249@mail.example,education
CR00249,instagram,@creator249_instagram,30328,1625,7256,357,0,4,36.0,False,Creator 249,IN,creator249@mail.example,education
CR00250,tiktok,@creator250_tiktok,3403,202,7846,402,19,15,3.0,False,Creator 250,BR,creator250@mail.example,food
CR00251,tiktok,@creator251_tiktok,44304,1585,158152,11091,445,901,118.0,False,Creator 251,KR,creator251@mail.example,fitness
CR00252,youtube,@creator252_youtube,305389,62172,341631,28192,326,1153,,False,Creator 252,DE,creator252@mail.example,music
CR00252,instagram,@creator252_instagram,42574,-826,34268,1715,44,233,53.0,False,Creator 252,DE,creator252@mail.example,music
CR00253,instagram,@creator253_instagram,229936,13620,70388,2047,1511,9,183.0,False,Creator 253,JP,creator253@mail.example,comedy
CR00254,instagram,@creator254_instagram,16938,1075,2699,75,1,3,3.0,False,Creator 254,DE,creator254@mail.example,beauty
CR00254,youtube,@creator254_youtube,15290,1321,38782,1951,326,104,,False,Creator 254,DE,creator254@mail.example,beauty
CR00254,tiktok,@creator254_tiktok,11216,198,33711,2324,172,493,20.0,False,Creator 254,DE,creator254@mail.example,beauty
CR00255,youtube,@creator255_youtube,51069,2763,132466,4196,199,235,,False,Creator 255,DE,creator255@mail.example,finance
CR00255,instagram,@creator255_instagram,10695,1719,13990,413,3,57,0.0,False,Creator 255,DE,creator255@mail.example,finance
CR00255,tiktok,@creator255_tiktok,22895,-1281,59368,3907,361,57,205.0,False,Creator 255,DE,creator255@mail.example,finance
CR00256,tiktok,@creator256_tiktok,13912,649,29682,2712,138,47,24.0,False,Creator 256,GB,creator256@mail.example,travel
CR00257,instagram,@creator257_instagram,13869,1876,10913,570,26,17,3.0,False,Creator 257,BR,creator257@mail.example,gaming
CR00257,youtube,@creator257_youtube,10554,738,10236,861,80,4,,False,Creator 257,BR,creator257@mail.example,gaming
CR00257,tiktok,@creator257_tiktok,22590,1068,33016,839,10,3,50.0,False,Creator 257,BR,creator257@mail.example,gaming
CR00258,youtube,@creator258_youtube,60063,6843,60230,6708,0,371,,False,Creator 258,GB,creator258@mail.example,tech
CR00258,instagram,@creator258_instagram,62419,5384,25010,807,2,8,284.0,False,Creator 258,GB,creator258@mail.example,tech
CR00259,instagram,@creator259_instagram,89287,6880,80949,6162,183,167,18.0,True,Creator 259,BR,creator259@mail.example,tech
CR00259,tiktok,@creator259_tiktok,3101,400,9903,170,0,10,6.0,False,Creator 259,BR,creator259@mail.example,tech
CR00260,instagram,@creator260_instagram,19726,272,15496,1329,80,82,104.0,False,Creator 260,JP,creator260@mail.example,music
CR00260,tiktok,@creator260_tiktok,14741,1091,42266,2074,36,1,168.0,False,Creator 260,JP,creator260@mail.example,music
CR00260,youtube,@creator260_youtube,33407,-174,139499,11643,390,66,,False,Creator 260,JP,creator260@mail.example,music
CR00261,instagram,@creator261_instagram,101477,15315,41505,1152,19,0,7.0,False,Creator 261,BR,creator261@mail.example,music
CR00261,youtube,@creator261_youtube,209445,27041,249172,18676,4417,29,,False,Creator 261,BR,creator261@mail.example,music
CR00261,tiktok,@creator261_tiktok,62641,-3825,627551,28452,8777,8348,11103.0,False,Creator 261,BR,creator261@mail.example,music
CR00262,tiktok,@creator262_tiktok,2589,21,8688,538,41,21,0.0,False,Creator 262,DE,creator262@mail.example,gaming
CR00262,youtube,@creator262_youtube,23080,-918,34033,2671,75,86,,False,Creator 262,DE,creator262@mail.example,gaming
CR00263,tiktok,@creator263_tiktok,350607,22910,1730568,63888,396,7119,965.0,False,Creator 263,BR,creator263@mail.example,gaming
CR00264,youtube,@creator264_youtube,57665,-1563,87615,3301,2,10,,False,Creator 264,JP,creator264@mail.example,beauty
CR00264,tiktok,@creator264_tiktok,13241,2350,12516,649,19,68,16.0,False,Creator 264,JP,creator264@mail.example,beauty
CR00264,instagram,@creator264_instagram,459002,10343,406312,5656,0,1134,196.0,False,Creator 264,JP,creator264@mail.example,beauty
CR00265,instagram,@creator265_instagram,11024,950,14458,751,274,0,477.0,False,Creator 265,KR,creator265@mail.example,music
CR00266,instagram,@creator266_instagram,14968,1814,16382,575,28,26,56.0,False,Creator 266,KR,creator266@mail.example,music
CR00266,youtube,@creator266_youtube,10439,1314,5466,362,8,2,,False,Creator 266,KR,creator266@mail.example,music
CR00267,youtube,@creator267_youtube,2782923,-377880,3152629,118233,9,1470,,False,Creator 267,US,creator267@mail.example,travel
CR00268,tiktok,@creator268_tiktok,178139,24408,243858,9033,799,474,378.0,False,Creator 268,JP,creator268@mail.example,finance
CR00268,youtube,@creator268_youtube,54513,675,119505,2071,309,154,,False,Creator 268,JP,creator268@mail.example,finance
CR00268,instagram,@creator268_instagram,1407451,139042,352737,19796,245,71,0.0,False,Creator 268,JP,creator268@mail.example,finance
CR00269,instagram,@creator269_instagram,17276,658,18914,478,43,1,3.0,False,Creator 269,DE,creator269@mail.example,tech
CR00269,tiktok,@creator269_tiktok,19857,891,44004,2933,67,14,429.0,False,Creator 269,DE,creator269@mail.example,tech
CR00269,youtube,@creator269_youtube,333966,-2578,859609,34941,2666,4644,,False,Creator 269,DE,creator269@mail.example,tech
CR00270,instagram,@creator270_instagram,119429,19552,31028,1178,179,249,51.0,False,Creator 270,GB,creator270@mail.example,beauty
CR00271,tiktok,@creator271_tiktok,10563,1754,27568,1551,172,0,5.0,False,Creator 271,GB,creator271@mail.example,food
CR00271,youtube,@creator271_youtube,10625,1558,21999,434,90,37,,False,Creator 271,GB,creator271@mail.example,food
CR00271,instagram,@creator271_instagram,221145,12750,106887,5744,137,162,1097.0,False,Creator 271,GB,creator271@mail.example,food
CR00272,instagram,@creator272_instagram,86502,3703,47542,1618,302,8,730.0,True,Creator 272,FR,creator272@mail.example,tech
CR00273,youtube,@creator273_youtube,246083,4206,86098,5047,3411,0,,False,Creator 273,BR,creator273@mail.example,music
CR00273,instagram,@creator273_instagram,71645,7176,38227,2390,31,342,12.0,False,Creator 273,BR,creator273@mail.example,music
CR00274,youtube,@creator274_youtube,410811,4138,456074,25402,118,0,,False,Creator 274,JP,creator274@mail.example,comedy
CR00274,instagram,@creator274_instagram,29112,3028,40514,1318,12,39,150.0,False,Creator 274,JP,creator274@mail.example,comedy
CR00275,instagram,@creator275_instagram,27777,675,8972,282,0,0,5.0,False,Creator 275,CA,creator275@mail.example,food
CR00275,tiktok,@creator275_tiktok,61340,8974,194126,11098,2027,0,410.0,False,Creator 275,CA,creator275@mail.example,food
CR00276,instagram,@creator276_instagram,65673,5206,20970,1261,0,18,68.0,False,Creator 276,FR,creator276@mail.example,music
CR00276,youtube,@creator276_youtube,9102,-183,12124,1260,127,4,,False,Creator 276,FR,creator276@mail.example,music
CR00277,instagram,@creator277_instagram,84640,7893,131092,2358,418,72,265.0,True,Creator 277,DE,creator277@mail.example,education
CR00277,youtube,@creator277_youtube,206121,46631,201467,13702,410,1108,,False,Creator 277,DE,creator277@mail.example,education
CR00277,tiktok,@creator277_tiktok,25276,2749,72296,5703,131,108,235.0,False,Creator 277,DE,creator277@mail.example,education
CR00278,youtube,@creator278_youtube,268029,37631,507099,19838,1520,783,,False,Creator 278,GB,creator278@mail.example,food
CR00279,youtube,@creator279_youtube,235163,31442,115960,6456,16,296,,False,Creator 279,FR,creator279@mail.example,fitness
CR00279,instagram,@creator279_instagram,29973,3332,5947,148,0,2,0.0,False,Creator 279,FR,creator279@mail.example,fitness
CR00279,tiktok,@creator279_tiktok,124920,24091,301881,7122,285,3,344.0,False,Creator 279,FR,creator279@mail.example,fitness
CR00280,tiktok,@creator280_tiktok,280554,18712,409733,17943,694,4838,1353.0,False,Creator 280,JP,creator280@mail.example,fitness
CR00281,tiktok,@creator281_tiktok,20358,-440,26621,1443,106,65,139.0,False,Creator 281,FR,creator281@mail.example,beauty
CR00281,youtube,@creator281_youtube,97552,4295,296619,12837,2593,1183,,False,Creator 281,FR,creator281@mail.example,beauty
CR00281,instagram,@creator281_instagram,63980,2410,15334,509,38,37,7.0,False,Creator 281,FR,creator281@mail.example,beauty
CR00282,instagram,@creator282_instagram,3092,358,668,18,0,0,3.0,False,Creator 282,GB,creator282@mail.example,food
CR00282,youtube,@creator282_youtube,248757,38931,505356,27103,1831,1148,,False,Creator 282,GB,creator282@mail.example,food
CR00282,tiktok,@creator282_tiktok,56715,6225,147465,7689,438,727,195.0,False,Creator 282,GB,creator282@mail.example,food
CR00283,youtube,@creator283_youtube,44385,5755,137600,8577,50,1458,,False,Creator 283,CA,creator283@mail.example,education
CR00283,instagram,@creator283_instagram,1920,178,1853,70,12,0,19.0,True,Creator 283,CA,creator283@mail.example,education
CR00283,tiktok,@creator283_tiktok,40114,5759,127828,8474,276,416,135.0,False,Creator 283,CA,creator283@mail.example,education
CR00284,instagram,@creator284_instagram,21226,1728,10674,325,9,11,3.0,False,Creator 284,CA,creator284@mail.example,comedy
CR00284,youtube,@creator284_youtube,97013,14588,77542,3067,489,126,,False,Creator 284,CA,creator284@mail.example,comedy
CR00285,instagram,@creator285_instagram,118544,741,169813,15471,33,0,183.0,True,Creator 285,CA,creator285@mail.example,food
CR00285,tiktok,@creator285_tiktok,31064,5024,42424,2221,27,220,221.0,False,Creator 285,CA,creator285@mail.example,food
CR00285,youtube,@creator285_youtube,12085,635,13665,1094,3,5,,False,Creator 285,CA,creator285@mail.example,food
CR00286,youtube,@creator286_youtube,10876,1387,4013,169,0,12,,False,Creator 286,US,creator286@mail.example,fitness
CR00286,instagram,@creator286_instagram,11136,1753,9728,705,30,0,0.0,False,Creator 286,US,creator286@mail.example,fitness
CR00286,tiktok,@creator286_tiktok,85891,11668,420446,36052,57,636,3323.0,False,Creator 286,US,creator286@mail.example,fitness
CR00287,tiktok,@creator287_tiktok,40864,3461,157539,7321,698,5,20.0,False,Creator 287,CA,creator287@mail.example,travel
CR00287,instagram,@creator287_instagram,60835,1363,32804,2688,1,16,28.0,False,Creator 287,CA,creator287@mail.example,travel
CR00287,youtube,@creator287_youtube,37757,2362,14488,1237,4,71,,False,Creator 287,CA,creator287@mail.example,travel
CR00288,youtube,@creator288_youtube,40682,3524,85552,5810,431,0,,False,Creator 288,KR,creator288@mail.example,music
CR00289,instagram,@creator289_instagram,10052,1481,5163,357,65,2,33.0,False,Creator 289,JP,creator289@mail.example,education
CR00289,tiktok,@creator289_tiktok,57443,-2603,169022,5303,197,0,369.0,False,Creator 289,JP,creator289@mail.example,education
CR00289,youtube,@creator289_youtube,114504,2270,188966,16103,271,1098,,False,Creator 289,JP,creator289@mail.example,education
CR00290,youtube,@creator290_youtube,38185,5737,32960,1160,24,0,,False,Creator 290,CA,creator290@mail.example,tech
CR00290,tiktok,@creator290_tiktok,50592,8594,123045,6676,78,880,0.0,False,Creator 290,CA,creator290@mail.example,tech
CR00290,instagram,@creator290_instagram,109517,2380,34285,2507,366,59,11.0,False,Creator 290,CA,creator290@mail.example,tech
CR00291,tiktok,@creator291_tiktok,51506,3526,172985,10194,1712,895,196.0,False,Creator 291,KR,creator291@mail.example,comedy
CR00291,instagram,@creator291_instagram,51373,2122,59149,2952,58,1,34.0,False,Creator 291,KR,creator291@mail.example,comedy
CR00291,youtube,@creator291_youtube,53971,2580,15518,692,41,6,,False,Creator 291,KR,creator291@mail.example,comedy
CR00292,instagram,@creator292_instagram,99929,15120,82979,3797,124,52,6.0,False,Creator 292,KR,creator292@mail.example,fitness
CR00292,youtube,@creator292_youtube,1321,157,355,12,0,0,,False,Creator 292,KR,creator292@mail.example,fitness
CR00293,tiktok,@creator293_tiktok,119237,8627,211567,11013,1506,2,233.0,False,Creator 293,JP,creator293@mail.example,education
CR00293,youtube,@creator293_youtube,467791,41898,698987,48959,786,3645,,False,Creator 293,JP,creator293@mail.example,education
CR00293,instagram,@creator293_instagram,245120,-13718,202576,6057,529,110,225.0,False,Creator 293,JP,creator293@mail.example,education
CR00294,youtube,@creator294_youtube,36667,3137,39014,2245,194,1,,False,Creator 294,DE,creator294@mail.example,travel
CR00294,instagram,@creator294_instagram,16008,3287,7097,310,15,29,7.0,False,Creator 294,DE,creator294@mail.example,travel
CR00294,tiktok,@creator294_tiktok,8291,253,34002,2007,3,0,93.0,False,Creator 294,DE,creator294@mail.example,travel
CR00295,instagram,@creator295_instagram,148233,16893,59542,3002,236,581,248.0,False,Creator 295,CA,creator295@mail.example,food
CR00295,tiktok,@creator295_tiktok,27491,1247,267752,13263,921,2561,3620.0,False,Creator 295,CA,creator295@mail.example,food
CR00295,youtube,@creator295_youtube,96566,5328,126827,4254,1538,738,,False,Creator 295,CA,creator295@mail.example,food
CR00296,youtube,@creator296_youtube,121853,1809,232513,8119,87,0,,False,Creator 296,MX,creator296@mail.example,tech
CR00296,instagram,@creator296_instagram,107706,12184,38404,3461,29,0,84.0,False,Creator 296,MX,creator296@mail.example,tech
CR00296,tiktok,@creator296_tiktok,67533,4446,417789,10031,907,0,793.0,False,Creator 296,MX,creator296@mail.example,tech
CR00297,youtube,@creator297_youtube,15464,1640,38862,1443,112,21,,False,Creator 297,MX,creator297@mail.example,music
CR00297,tiktok,@creator297_tiktok,15370,3112,75913,4622,736,34,50.0,False,Creator 297,MX,creator297@mail.example,music
CR00297,instagram,@creator297_instagram,52220,1210,27011,1365,138,51,1.0,True,Creator 297,MX,creator297@mail.example,music
CR00298,tiktok,@creator298_tiktok,15463,1859,31619,1864,107,0,4.0,False,Creator 298,CA,creator298@mail.example,tech
CR00298,instagram,@creator298_instagram,25304,3644,34943,833,21,31,12.0,False,Creator 298,CA,creator298@mail.example,tech
CR00298,youtube,@creator298_youtube,221012,29130,53306,1856,138,91,,False,Creator 298,CA,creator298@mail.example,tech
CR00299,instagram,@creator299_instagram,9829,1003,2140,127,0,1,3.0,False,Creator 299,US,creator299@mail.example,music
CR00299,tiktok,@creator299_tiktok,63431,3027,180584,8948,0,5,262.0,False,Creator 299,US,creator299@mail.example,music
CR00300,youtube,@creator300_youtube,14259,1230,21204,720,120,26,,False,Creator 300,US,creator300@mail.example,fitness
CR00300,instagram,@creator300_instagram,17933,2562,15023,1361,15,4,65.0,False,Creator 300,US,creator300@mail.example,fitness
CR00300,tiktok,@creator300_tiktok,590895,28803,1527647,107913,1123,3146,6189.0,False,Creator 300,US,creator300@mail.example,fitness
CR00301,youtube,@creator301_youtube,56848,3501,205931,2957,545,647,,False,Creator 301,GB,creator301@mail.example,education
CR00301,tiktok,@creator301_tiktok,64945,1894,121090,2966,83,697,92.0,False,Creator 301,GB,creator301@mail.example,education
CR00302,tiktok,@creator302_tiktok,6590,383,10925,190,28,4,26.0,False,Creator 302,MX,creator302@mail.example,gaming
CR00302,instagram,@creator302_instagram,188825,22178,83020,5073,861,146,250.0,False,Creator 302,MX,creator302@mail.example,gaming
CR00302,youtube,@creator302_youtube,411320,-12323,264182,14927,7907,61,,False,Creator 302,MX,creator302@mail.example,gaming
CR00303,tiktok,@creator303_tiktok,146888,17253,415278,23778,1622,867,1185.0,False,Creator 303,CA,creator303@mail.example,tech
CR00303,youtube,@creator303_youtube,8907,909,11457,702,15,44,,False,Creator 303,CA,creator303@mail.example,tech
CR00303,instagram,@creator303_instagram,110504,-1582,21079,675,53,11,17.0,True,Creator 303,CA,creator303@mail.example,tech
CR00304,instagram,@creator304_instagram,91376,-1950,95192,1384,3,320,390.0,False,Creator 304,FR,creator304@mail.example,travel
CR00304,youtube,@creator304_youtube,45363,5752,71256,5179,6,318,,False,Creator 304,FR,creator304@mail.example,travel
CR00305,tiktok,@creator305_tiktok,35874,-5009,233121,9213,142,1135,1.0,False,Creator 305,BR,creator305@mail.example,food
CR00305,youtube,@creator305_youtube,33089,1382,95610,5758,219,15,,False,Creator 305,BR,creator305@mail.example,food
CR00306,tiktok,@creator306_tiktok,2280577,377457,2552746,125275,12461,21809,34291.0,False,Creator 306,BR,creator306@mail.example,tech
CR00306,instagram,@creator306_instagram,804420,48143,1953775,133036,6628,1674,1699.0,True,Creator 306,BR,creator306@mail.example,tech
CR00307,tiktok,@creator307_tiktok,18313,914,91632,4785,1372,231,69.0,False,Creator 307,US,creator307@mail.example,travel
CR00307,instagram,@creator307_instagram,189824,19655,35699,1488,74,122,66.0,False,Creator 307,US,creator307@mail.example,travel
CR00308,tiktok,@creator308_tiktok,13984,1568,30511,1202,172,46,61.0,False,Creator 308,IN,creator308@mail.example,education
CR00309,tiktok,@creator309_tiktok,321507,46602,186445,6220,1192,280,20.0,False,Creator 309,BR,creator309@mail.example,education
CR00310,youtube,@creator310_youtube,11337,374,14672,630,8,0,,False,Creator 310,IN,creator310@mail.example,music
CR00310,instagram,@creator310_instagram,99124,19879,45005,1397,258,0,302.0,False,Creator 310,IN,creator310@mail.example,music
CR00311,instagram,@creator311_instagram,215293,33629,182981,7409,442,187,1458.0,False,Creator 311,MX,creator311@mail.example,finance
CR00311,tiktok,@creator311_tiktok,42642,3739,124430,2752,52,117,455.0,False,Creator 311,MX,creator311@mail.example,finance
CR00311,youtube,@creator311_youtube,609629,91885,1440093,153676,2910,740,,False,Creator 311,MX,creator311@mail.example,finance
CR00312,instagram,@creator312_instagram,10985,1378,8398,549,64,1,5.0,False,Creator 312,BR,creator312@mail.example,beauty
CR00312,tiktok,@creator312_tiktok,9740,1370,16622,470,71,1,0.0,False,Creator 312,BR,creator312@mail.example,beauty
CR00313,youtube,@creator313_youtube,64457,7570,86137,3447,320,447,,False,Creator 313,KR,creator313@mail.example,travel
CR00313,tiktok,@creator313_tiktok,170572,21134,446126,16350,2367,3292,455.0,False,Creator 313,KR,creator313@mail.example,travel
CR00314,tiktok,@creator314_tiktok,21332,3681,63845,1623,46,26,1.0,False,Creator 314,DE,creator314@mail.example,fitness
CR00314,instagram,@creator314_instagram,9525,670,2418,134,11,9,6.0,False,Creator 314,DE,creator314@mail.example,fitness
CR00315,tiktok,@creator315_tiktok,7293,1279,23179,1410,48,27,202.0,False,Creator 315,IN,creator315@mail.example,tech
CR00315,instagram,@creator315_instagram,973908,7173,518860,30994,1169,172,0.0,False,Creator 315,IN,creator315@mail.example,tech
CR00315,youtube,@creator315_youtube,312894,15494,392812,10315,290,1681,,False,Creator 315,IN,creator315@mail.example,tech
CR00316,instagram,@creator316_instagram,37690,7450,12106,513,0,21,37.0,False,Creator 316,MX,creator316@mail.example,music
CR00317,tiktok,@creator317_tiktok,29610,3073,14169,429,36,39,0.0,False,Creator 317,FR,creator317@mail.example,gaming
CR00317,youtube,@creator317_youtube,16540,1573,9664,675,2,45,,False,Creator 317,FR,creator317@mail.example,gaming
CR00317,instagram,@creator317_instagram,18152,1815,5181,383,10,4,0.0,False,Creator 317,FR,creator317@mail.example,gaming
CR00318,youtube,@creator318_youtube,15394,3071,59853,3851,207,280,,False,Creator 318,CA,creator318@mail.example,beauty
CR00318,tiktok,@creator318_tiktok,100562,15327,556194,25311,822,82,175.0,False,Creator 318,CA,creator318@mail.example,beauty
CR00318,instagram,@creator318_instagram,392677,43668,311593,13243,848,1123,0.0,False,Creator 318,CA,creator318@mail.example,beauty
CR00319,youtube,@creator319_youtube,25559,4125,62054,2479,4,54,,False,Creator 319,US,creator319@mail.example,finance
CR00319,tiktok,@creator319_tiktok,15574,1293,223076,6919,1403,1109,768.0,False,Creator 319,US,creator319@mail.example,finance
CR00319,instagram,@creator319_instagram,49140,3179,24673,1738,112,34,209.0,False,Creator 319,US,creator319@mail.example,finance
CR00320,tiktok,@creator320_tiktok,1596,283,1247,94,8,3,1.0,False,Creator 320,DE,creator320@mail.example,travel
CR00320,youtube,@creator320_youtube,366331,33504,121492,4303,467,136,,False,Creator 320,DE,creator320@mail.example,travel
CR00321,youtube,@creator321_youtube,28787,2321,48272,2477,41,0,,False,Creator 321,JP,creator321@mail.example,fitness
CR00321,tiktok,@creator321_tiktok,3892,334,10506,320,6,0,53.0,False,Creator 321,JP,creator321@mail.example,fitness
CR00322,youtube,@creator322_youtube,194934,16624,727231,52968,5739,1,,False,Creator 322,KR,creator322@mail.example,comedy
CR00322,instagram,@creator322_instagram,39132,5743,15736,471,72,29,0.0,False,Creator 322,KR,creator322@mail.example,comedy
CR00322,tiktok,@creator322_tiktok,239709,4073,756016,61617,182,828,2707.0,False,Creator 322,KR,creator322@mail.example,comedy
CR00323,instagram,@creator323_instagram,18868,2432,13441,685,18,55,58.0,False,Creator 323,MX,creator323@mail.example,travel
CR00323,youtube,@creator323_youtube,89895,3100,119601,12801,0,0,,False,Creator 323,MX,creator323@mail.example,travel
CR00323,tiktok,@creator323_tiktok,37674,5986,268730,23005,617,427,737.0,False,Creator 323,MX,creator323@mail.example,travel
CR00324,youtube,@creator324_youtube,31797,2385,41857,1271,176,0,,False,Creator 324,FR,creator324@mail.example,finance
CR00324,instagram,@creator324_instagram,4922,323,8130,590,110,5,0.0,False,Creator 324,FR,creator324@mail.example,finance
CR00325,instagram,@creator325_instagram,10434,774,2634,86,8,14,12.0,False,Creator 325,MX,creator325@mail.example,gaming
CR00325,tiktok,@creator325_tiktok,86150,-2446,494490,45515,55,165,661.0,False,Creator 325,MX,creator325@mail.example,gaming
CR00325,youtube,@creator325_youtube,20339,1997,28114,1569,70,21,,False,Creator 325,MX,creator325@mail.example,gaming
CR00326,tiktok,@creator326_tiktok,148086,15661,471865,34558,2144,4718,327.0,False,Creator 326,CA,creator326@mail.example,gaming
CR00326,instagram,@creator326_instagram,221388,13173,100488,3747,98,83,772.0,False,Creator 326,CA,creator326@mail.example,gaming
CR00326,youtube,@creator326_youtube,151019,6587,76315,2418,250,509,,False,Creator 326,CA,creator326@mail.example,gaming
CR00327,instagram,@creator327_instagram,27195,3900,37741,770,116,51,52.0,False,Creator 327,MX,creator327@mail.example,food
CR00327,tiktok,@creator327_tiktok,14598,2280,52860,2870,84,0,0.0,False,Creator 327,MX,creator327@mail.example,food
CR00327,youtube,@creator327_youtube,55405,1364,40071,2393,100,380,,False,Creator 327,MX,creator327@mail.example,food
CR00328,tiktok,@creator328_tiktok,58880,-7626,257001,10531,1464,902,561.0,False,Creator 328,CA,creator328@mail.example,beauty
CR00328,instagram,@creator328_instagram,117142,8627,56879,4170,71,26,36.0,False,Creator 328,CA,creator328@mail.example,beauty
CR00328,youtube,@creator328_youtube,73343,14717,497140,10092,6,1536,,False,Creator 328,CA,creator328@mail.example,beauty
CR00329,youtube,@creator329_youtube,13057,491,29287,933,12,123,,False,Creator 329,MX,creator329@mail.example,tech
CR00330,youtube,@creator330_youtube,85600,5422,143821,4049,6,284,,False,Creator 330,MX,creator330@mail.example,tech
CR00330,instagram,@creator330_instagram,5880,267,1451,95,5,0,3.0,False,Creator 330,MX,creator330@mail.example,tech
CR00330,tiktok,@creator330_tiktok,62690,7374,152951,3137,173,56,1345.0,False,Creator 330,MX,creator330@mail.example,tech
CR00331,tiktok,@creator331_tiktok,25683,412,82538,2950,19,191,107.0,False,Creator 331,US,creator331@mail.example,finance
CR00331,youtube,@creator331_youtube,21766,2703,36686,2277,5,0,,False,Creator 331,US,creator331@mail.example,finance
CR00331,instagram,@creator331_instagram,28372,2082,5970,168,6,5,0.0,False,Creator 331,US,creator331@mail.example,finance
CR00332,instagram,@creator332_instagram,66313,5998,26402,1054,417,27,70.0,False,Creator 332,JP,creator332@mail.example,beauty
CR00332,tiktok,@creator332_tiktok,108664,4570,259335,23836,9,180,97.0,False,Creator 332,JP,creator332@mail.example,beauty
CR00332,youtube,@creator332_youtube,4678,494,9474,193,13,0,,False,Creator 332,JP,creator332@mail.example,beauty
CR00333,instagram,@creator333_instagram,11390,1139,14941,495,0,0,68.0,False,Creator 333,CA,creator333@mail.example,finance
CR00333,youtube,@creator333_youtube,4470,465,5909,110,10,0,,False,Creator 333,CA,creator333@mail.example,finance
CR00333,tiktok,@creator333_tiktok,164837,12328,838211,55582,545,1754,5969.0,False,Creator 333,CA,creator333@mail.example,finance
CR00334,tiktok,@creator334_tiktok,78866,-2411,155614,5953,51,321,280.0,False,Creator 334,KR,creator334@mail.example,fitness
CR00335,youtube,@creator335_youtube,123012,-5462,235954,19195,2974,0,,False,Creator 335,US,creator335@mail.example,food
CR00335,tiktok,@creator335_tiktok,6115,531,16943,1189,88,48,295.0,False,Creator 335,US,creator335@mail.example,food
CR00335,instagram,@creator335_instagram,60734,4495,10476,632,15,9,156.0,False,Creator 335,US,creator335@mail.example,food
CR00336,youtube,@creator336_youtube,106450,12893,160406,4997,181,243,,False,Creator 336,CA,creator336@mail.example,fitness
CR00336,instagram,@creator336_instagram,43774,-1196,33481,849,54,82,170.0,False,Creator 336,CA,creator336@mail.example,fitness
CR00337,tiktok,@creator337_tiktok,13936,2625,56438,3811,308,207,21.0,False,Creator 337,CA,creator337@mail.example,education
CR00337,instagram,@creator337_instagram,41399,3702,17007,908,264,1,0.0,False,Creator 337,CA,creator337@mail.example,education
CR00337,youtube,@creator337_youtube,3031,169,1471,54,0,0,,False,Creator 337,CA,creator337@mail.example,education
CR00338,youtube,@creator338_youtube,50405,1931,118457,8497,1728,0,,False,Creator 338,CA,creator338@mail.example,travel
CR00338,tiktok,@creator338_tiktok,16851,453,62243,3746,118,98,67.0,False,Creator 338,CA,creator338@mail.example,travel
CR00339,tiktok,@creator339_tiktok,341017,22858,786193,42758,9006,29,865.0,False,Creator 339,JP,creator339@mail.example,fitness
CR00339,youtube,@creator339_youtube,16099,803,8313,493,3,0,,False,Creator 339,JP,creator339@mail.example,fitness
CR00340,tiktok,@creator340_tiktok,1312,181,1098,28,2,2,0.0,False,Creator 340,KR,creator340@mail.example,food
CR00340,youtube,@creator340_youtube,19122,2361,22698,481,192,215,,False,Creator 340,KR,creator340@mail.example,food
CR00340,instagram,@creator340_instagram,117386,16547,114245,3309,240,1127,642.0,False,Creator 340,KR,creator340@mail.example,food
CR00341,tiktok,@creator341_tiktok,20386,-101,37876,1974,199,181,0.0,False,Creator 341,GB,creator341@mail.example,music
CR00341,youtube,@creator341_youtube,25864,1360,16302,682,37,12,,False,Creator 341,GB,creator341@mail.example,music
CR00341,instagram,@creator341_instagram,39810,-9592,13408,866,25,130,31.0,False,Creator 341,GB,creator341@mail.example,music
CR00342,instagram,@creator342_instagram,62400,5421,37851,2320,270,158,0.0,False,Creator 342,MX,creator342@mail.example,comedy
CR00342,tiktok,@creator342_tiktok,43578,4115,412762,24881,4568,1880,5873.0,False,Creator 342,MX,creator342@mail.example,comedy
CR00343,youtube,@creator343_youtube,41646,-648,115039,6846,51,43,,False,Creator 343,US,creator343@mail.example,fitness
CR00343,tiktok,@creator343_tiktok,51378,7481,96185,8535,0,6,95.0,False,Creator 343,US,creator343@mail.example,fitness
CR00344,tiktok,@creator344_tiktok,66108,2801,248650,9748,4281,2010,286.0,False,Creator 344,DE,creator344@mail.example,finance
CR00344,youtube,@creator344_youtube,245466,19447,308095,15060,1055,2926,,False,Creator 344,DE,creator344@mail.example,finance
CR00344,instagram,@creator344_instagram,96837,15517,36975,2098,277,76,41.0,False,Creator 344,DE,creator344@mail.example,finance
CR00345,tiktok,@creator345_tiktok,32031,1944,93258,4772,2307,14,82.0,False,Creator 345,MX,creator345@mail.example,finance
CR00345,instagram,@creator345_instagram,20921,4768,9127,181,13,18,0.0,False,Creator 345,MX,creator345@mail.example,finance
CR00346,instagram,@creator346_instagram,338101,38570,186033,8464,733,0,4262.0,False,Creator 346,MX,creator346@mail.example,beauty
CR00346,tiktok,@creator346_tiktok,10764,61,20422,613,8,187,89.0,False,Creator 346,MX,creator346@mail.example,beauty
CR00346,youtube,@creator346_youtube,81927,4665,56633,2570,76,378,,False,Creator 346,MX,creator346@mail.example,beauty
CR00347,instagram,@creator347_instagram,4750,550,3390,233,8,8,24.0,False,Creator 347,MX,creator347@mail.example,comedy
CR00347,youtube,@creator347_youtube,38640,-683,129285,7585,119,65,,False,Creator 347,MX,creator347@mail.example,comedy
CR00348,youtube,@creator348_youtube,21712,4331,16447,897,57,0,,False,Creator 348,JP,creator348@mail.example,tech
CR00349,tiktok,@creator349_tiktok,434829,41891,1011325,27207,779,0,266.0,False,Creator 349,GB,creator349@mail.example,food
CR00349,instagram,@creator349_instagram,32755,1184,19527,1070,28,10,104.0,False,Creator 349,GB,creator349@mail.example,food
CR00349,youtube,@creator349_youtube,62874,6670,58725,1500,249,36,,False,Creator 349,GB,creator349@mail.example,food
CR00350,youtube,@creator350_youtube,39175,-744,23454,1231,4,36,,False,Creator 350,MX,creator350@mail.example,education
CR00351,youtube,@creator351_youtube,5627,405,4836,141,0,20,,False,Creator 351,US,creator351@mail.example,food
CR00351,instagram,@creator351_instagram,18008,2229,21710,1053,110,0,90.0,False,Creator 351,US,creator351@mail.example,food
CR00351,tiktok,@creator351_tiktok,64007,6101,167983,6754,232,94,1137.0,False,Creator 351,US,creator351@mail.example,food
CR00352,youtube,@creator352_youtube,3963780,-1219,1983827,65098,3793,40,,False,Creator 352,BR,creator352@mail.example,comedy
CR00352,tiktok,@creator352_tiktok,28367,1741,49909,3167,636,392,120.0,False,Creator 352,BR,creator352@mail.example,comedy
CR00352,instagram,@creator352_instagram,55676,5869,34509,2607,107,0,0.0,False,Creator 352,BR,creator352@mail.example,comedy
CR00353,tiktok,@creator353_tiktok,70698,2623,161385,4436,563,1123,743.0,False,Creator 353,BR,creator353@mail.example,beauty
CR00353,instagram,@creator353_instagram,115885,7313,34771,2716,237,0,1.0,False,Creator 353,BR,creator353@mail.example,beauty
CR00353,youtube,@creator353_youtube,89594,2103,33333,2696,0,90,,False,Creator 353,BR,creator353@mail.example,beauty
CR00354,youtube,@creator354_youtube,44857,962,52128,1316,4,214,,False,Creator 354,IN,creator354@mail.example,education
CR00354,tiktok,@creator354_tiktok,381346,-10962,2690621,177253,3160,22134,7886.0,False,Creator 354,IN,creator354@mail.example,education
CR00354,instagram,@creator354_instagram,31274,-2636,25364,1369,25,15,60.0,False,Creator 354,IN,creator354@mail.example,education
CR00355,tiktok,@creator355_tiktok,50126,4997,190020,7998,341,61,836.0,False,Creator 355,US,creator355@mail.example,beauty
CR00355,instagram,@creator355_instagram,30219,2331,14447,1097,27,0,25.0,False,Creator 355,US,creator355@mail.example,beauty
CR00355,youtube,@creator355_youtube,162706,13760,218782,13073,2312,0,,False,Creator 355,US,creator355@mail.example,beauty
CR00356,youtube,@creator356_youtube,185175,28557,317036,12078,268,0,,False,Creator 356,GB,creator356@mail.example,comedy
CR00356,tiktok,@creator356_tiktok,125517,13000,265912,9755,175,0,1138.0,False,Creator 356,GB,creator356@mail.example,comedy
CR00356,instagram,@creator356_instagram,159194,18255,47720,3210,471,46,22.0,False,Creator 356,GB,creator356@mail.example,comedy
CR00357,youtube,@creator357_youtube,286884,27252,1252633,27850,2105,0,,False,Creator 357,MX,creator357@mail.example,beauty
CR00357,instagram,@creator357_instagram,20286,2395,54571,5150,74,348,4.0,False,Creator 357,MX,creator357@mail.example,beauty
CR00357,tiktok,@creator357_tiktok,113330,14562,868217,52467,476,1911,3237.0,False,Creator 357,MX,creator357@mail.example,beauty
CR00358,instagram,@creator358_instagram,16344,1809,10251,459,18,51,73.0,False,Creator 358,JP,creator358@mail.example,tech
CR00358,youtube,@creator358_youtube,4167986,476057,3725449,70930,3781,2295,,False,Creator 358,JP,creator358@mail.example,tech
CR00358,tiktok,@creator358_tiktok,179432,16657,477419,21904,115,0,251.0,False,Creator 358,JP,creator358@mail.example,tech
CR00359,youtube,@creator359_youtube,28530,2869,59425,3095,118,101,,False,Creator 359,MX,creator359@mail.example,music
CR00359,tiktok,@creator359_tiktok,461112,44212,1511829,59651,675,606,1.0,False,Creator 359,MX,creator359@mail.example,music
CR00359,instagram,@creator359_instagram,63526,187,51496,1495,209,98,93.0,False,Creator 359,MX,creator359@mail.example,music
CR00360,youtube,@creator360_youtube,6660,1029,8397,404,18,6,,False,Creator 360,US,creator360@mail.example,food
CR00360,tiktok,@creator360_tiktok,222427,9483,59296,2158,610,6,55.0,False,Creator 360,US,creator360@mail.example,food
CR00360,instagram,@creator360_instagram,520898,61902,333776,19242,2512,640,1398.0,False,Creator 360,US,creator360@mail.example,food
CR00361,youtube,@creator361_youtube,9661,551,73404,1676,443,10,,False,Creator 361,GB,creator361@mail.example,fitness
CR00361,tiktok,@creator361_tiktok,59611,4005,375947,32877,600,0,639.0,False,Creator 361,GB,creator361@mail.example,fitness
CR00361,instagram,@creator361_instagram,119728,-1534,165514,14854,3,1,1967.0,False,Creator 361,GB,creator361@mail.example,fitness
CR00362,tiktok,@creator362_tiktok,18787,1938,104920,7800,332,1089,0.0,False,Creator 362,JP,creator362@mail.example,education
CR00362,instagram,@creator362_instagram,28457,2383,13347,317,0,10,51.0,False,Creator 362,JP,creator362@mail.example,education
CR00363,instagram,@creator363_instagram,9758,768,5202,271,0,10,3.0,False,Creator 363,DE,creator363@mail.example,education
CR00363,youtube,@creator363_youtube,125338,8346,125056,4971,280,305,,False,Creator 363,DE,creator363@mail.example,education
CR00363,tiktok,@creator363_tiktok,12984,1062,42378,1243,172,392,3.0,False,Creator 363,DE,creator363@mail.example,education
CR00364,instagram,@creator364_instagram,2801,277,3507,140,3,33,23.0,False,Creator 364,KR,creator364@mail.example,comedy
CR00364,tiktok,@creator364_tiktok,26037,1665,29363,925,10,6,9.0,False,Creator 364,KR,creator364@mail.example,comedy
CR00365,tiktok,@creator365_tiktok,397263,-82524,224883,13076,554,73,513.0,False,Creator 365,MX,creator365@mail.example,gaming
CR00366,youtube,@creator366_youtube,869582,135121,696939,34491,611,3424,,False,Creator 366,KR,creator366@mail.example,education
CR00366,instagram,@creator366_instagram,136292,1974,254304,11884,1265,28,265.0,False,Creator 366,KR,creator366@mail.example,education
CR00366,tiktok,@creator366_tiktok,3500,267,39264,2043,18,0,314.0,False,Creator 366,KR,creator366@mail.example,education
CR00367,tiktok,@creator367_tiktok,76889,6662,277592,11059,425,3156,1057.0,False,Creator 367,MX,creator367@mail.example,education
CR00367,instagram,@creator367_instagram,78560,780,42723,4353,107,158,0.0,False,Creator 367,MX,creator367@mail.example,education
CR00368,tiktok,@creator368_tiktok,36546,2914,657086,31752,4610,1154,1450.0,False,Creator 368,BR,creator368@mail.example,fitness
CR00368,instagram,@creator368_instagram,18377,3075,38659,527,11,78,1.0,False,Creator 368,BR,creator368@mail.example,fitness
CR00368,youtube,@creator368_youtube,518902,39157,218387,4537,682,488,,False,Creator 368,BR,creator368@mail.example,fitness
CR00369,tiktok,@creator369_tiktok,7063,931,24179,1248,8,7,0.0,False,Creator 369,IN,creator369@mail.example,education
CR00369,instagram,@creator369_instagram,287933,-6853,74432,4272,3,12,209.0,False,Creator 369,IN,creator369@mail.example,education
CR00369,youtube,@creator369_youtube,78898,11632,127583,8215,0,0,,False,Creator 369,IN,creator369@mail.example,education
CR00370,youtube,@creator370_youtube,330208,65657,464852,15402,127,1,,False,Creator 370,JP,creator370@mail.example,food
CR00371,tiktok,@creator371_tiktok,10070,2205,76345,3879,159,64,704.0,False,Creator 371,MX,creator371@mail.example,education
CR00371,instagram,@creator371_instagram,985124,139851,331688,21813,211,1209,874.0,False,Creator 371,MX,creator371@mail.example,education
CR00372,instagram,@creator372_instagram,173716,12990,217986,4993,151,0,337.0,False,Creator 372,MX,creator372@mail.example,fitness
CR00372,youtube,@creator372_youtube,54471,7129,28593,1327,136,206,,False,Creator 372,MX,creator372@mail.example,fitness
CR00373,youtube,@creator373_youtube,9836,1597,39706,1439,351,412,,False,Creator 373,JP,creator373@mail.example,comedy
CR00373,tiktok,@creator373_tiktok,142107,-12225,360343,17293,597,1485,166.0,False,Creator 373,JP,creator373@mail.example,comedy
CR00373,instagram,@creator373_instagram,19884,2148,52751,4193,439,174,234.0,False,Creator 373,JP,creator373@mail.example,comedy
CR00374,instagram,@creator374_instagram,7406,368,14900,381,53,0,5.0,False,Creator 374,MX,creator374@mail.example,finance
CR00374,tiktok,@creator374_tiktok,178175,10548,574776,44662,8076,2250,106.0,False,Creator 374,MX,creator374@mail.example,finance
CR00374,youtube,@creator374_youtube,23076,3057,50187,1819,289,15,,False,Creator 374,MX,creator374@mail.example,finance
CR00375,youtube,@creator375_youtube,227921,44118,323520,17171,1320,2130,,False,Creator 375,BR,creator375@mail.example,gaming
CR00375,tiktok,@creator375_tiktok,68583,9964,138235,5476,70,70,558.0,False,Creator 375,BR,creator375@mail.example,gaming
CR00376,tiktok,@creator376_tiktok,46308,6477,307507,13232,3,1570,991.0,False,Creator 376,MX,creator376@mail.example,fitness
CR00376,youtube,@creator376_youtube,611319,100362,216592,3422,341,526,,False,Creator 376,MX,creator376@mail.example,fitness
CR00376,instagram,@creator376_instagram,59814,5250,5559,241,72,31,15.0,False,Creator 376,MX,creator376@mail.example,fitness
CR00377,instagram,@creator377_instagram,26910,4748,49028,2196,1,142,270.0,False,Creator 377,IN,creator377@mail.example,travel
CR00377,tiktok,@creator377_tiktok,40335,1190,88897,6199,56,50,26.0,False,Creator 377,IN,creator377@mail.example,travel
CR00377,youtube,@creator377_youtube,276662,51925,67438,5689,128,53,,False,Creator 377,IN,creator377@mail.example,travel
CR00378,youtube,@creator378_youtube,577,-27,1969,106,26,0,,False,Creator 378,MX,creator378@mail.example,education
CR00379,instagram,@creator379_instagram,138549,9345,216389,8307,192,122,130.0,False,Creator 379,BR,creator379@mail.example,finance
CR00379,tiktok,@creator379_tiktok,110028,13428,344529,19426,2143,66,11027.0,False,Creator 379,BR,creator379@mail.example,finance
CR00379,youtube,@creator379_youtube,1040,142,822,54,4,0,,False,Creator 379,BR,creator379@mail.example,finance
CR00380,tiktok,@creator380_tiktok,59588,-3349,287405,5930,2,164,1319.0,False,Creator 380,JP,creator380@mail.example,education
CR00380,instagram,@creator380_instagram,8197,387,1740,95,12,0,20.0,False,Creator 380,JP,creator380@mail.example,education
CR00380,youtube,@creator380_youtube,60008,5103,34349,1806,545,0,,False,Creator 380,JP,creator380@mail.example,education
CR00381,youtube,@creator381_youtube,35624,3232,260013,18952,3466,0,,False,Creator 381,CA,creator381@mail.example,tech
CR00381,instagram,@creator381_instagram,4050,283,1357,88,3,0,3.0,False,Creator 381,CA,creator381@mail.example,tech
CR00381,tiktok,@creator381_tiktok,12346,2006,65098,2634,57,341,1373.0,False,Creator 381,CA,creator381@mail.example,tech
CR00382,youtube,@creator382_youtube,11491,1646,21846,1237,54,29,,False,Creator 382,FR,creator382@mail.example,education
CR00382,tiktok,@creator382_tiktok,509332,-8445,839485,50089,1804,1848,2955.0,False,Creator 382,FR,creator382@mail.example,education
CR00383,youtube,@creator383_youtube,1405,-29,1965,93,3,2,,False,Creator 383,GB,creator383@mail.example,travel
CR00383,instagram,@creator383_instagram,6420,480,5550,236,37,6,6.0,False,Creator 383,GB,creator383@mail.example,travel
CR00383,tiktok,@creator383_tiktok,1479087,186265,3845335,235414,3386,12439,0.0,False,Creator 383,GB,creator383@mail.example,travel
CR00384,instagram,@creator384_instagram,256761,22574,164332,4937,712,0,175.0,False,Creator 384,FR,creator384@mail.example,music
CR00384,youtube,@creator384_youtube,238655,20197,176688,11059,385,5,,False,Creator 384,FR,creator384@mail.example,music
CR00385,instagram,@creator385_instagram,63223,8279,261871,11907,118,174,271.0,False,Creator 385,JP,creator385@mail.example,music
CR00385,tiktok,@creator385_tiktok,90492,14616,201488,7419,331,352,154.0,False,Creator 385,JP,creator385@mail.example,music
CR00386,instagram,@creator386_instagram,249590,14889,98763,4822,89,473,0.0,False,Creator 386,DE,creator386@mail.example,beauty
CR00386,tiktok,@creator386_tiktok,28016,1305,151134,3218,413,504,681.0,False,Creator 386,DE,creator386@mail.example,beauty
CR00387,instagram,@creator387_instagram,11542,1024,6276,542,0,1,45.0,False,Creator 387,GB,creator387@mail.example,fitness
CR00387,tiktok,@creator387_tiktok,579952,36560,652836,13715,507,1034,2159.0,False,Creator 387,GB,creator387@mail.example,fitness
CR00388,instagram,@creator388_instagram,23582,3216,27871,2094,13,166,98.0,False,Creator 388,BR,creator388@mail.example,travel
CR00388,youtube,@creator388_youtube,70874,662,170031,11969,1719,6,,False,Creator 388,BR,creator388@mail.example,travel
CR00389,tiktok,@creator389_tiktok,34977,-1180,215333,4716,1296,0,676.0,False,Creator 389,FR,creator389@mail.example,gaming
CR00389,instagram,@creator389_instagram,12569,1590,10327,417,0,8,0.0,False,Creator 389,FR,creator389@mail.example,gaming
CR00390,instagram,@creator390_instagram,133437,12838,56366,2056,69,0,227.0,False,Creator 390,GB,creator390@mail.example,gaming
CR00390,tiktok,@creator390_tiktok,247361,-602,1011434,28902,12005,30,92.0,False,Creator 390,GB,creator390@mail.example,gaming
CR00390,youtube,@creator390_youtube,46601,4897,482056,28063,469,1404,,False,Creator 390,GB,creator390@mail.example,gaming
CR00391,instagram,@creator391_instagram,65632,7058,12000,675,26,130,90.0,False,Creator 391,BR,creator391@mail.example,finance
CR00391,tiktok,@creator391_tiktok,55125,-1099,206071,6441,674,0,264.0,False,Creator 391,BR,creator391@mail.example,finance
CR00391,youtube,@creator391_youtube,4166,591,12917,831,52,185,,False,Creator 391,BR,creator391@mail.example,finance
CR00392,youtube,@creator392_youtube,7130,485,1481,102,9,0,,False,Creator 392,IN,creator392@mail.example,gaming
CR00393,tiktok,@creator393_tiktok,7204,301,12313,602,11,24,2.0,False,Creator 393,GB,creator393@mail.example,travel
CR00393,instagram,@creator393_instagram,27676,-788,22641,552,138,28,155.0,False,Creator 393,GB,creator393@mail.example,travel
CR00393,youtube,@creator393_youtube,41072,4784,56748,1969,625,0,,False,Creator 393,GB,creator393@mail.example,travel
CR00394,instagram,@creator394_instagram,23730,1708,15102,729,141,12,44.0,False,Creator 394,CA,creator394@mail.example,beauty
CR00394,tiktok,@creator394_tiktok,4444,356,14181,1035,25,95,74.0,False,Creator 394,CA,creator394@mail.example,beauty
CR00394,youtube,@creator394_youtube,45584,-2347,46751,714,59,67,,False,Creator 394,CA,creator394@mail.example,beauty
CR00395,instagram,@creator395_instagram,57142,4096,36319,1701,140,262,27.0,False,Creator 395,DE,creator395@mail.example,comedy
CR00395,tiktok,@creator395_tiktok,57702,5582,88617,9165,36,62,455.0,False,Creator 395,DE,creator395@mail.example,comedy
CR00395,youtube,@creator395_youtube,12372,1703,24740,729,50,37,,False,Creator 395,DE,creator395@mail.example,comedy
CR00396,tiktok,@creator396_tiktok,5393,339,20187,286,2,90,24.0,False,Creator 396,CA,creator396@mail.example,education
CR00396,instagram,@creator396_instagram,45999,2083,23967,314,8,93,1.0,False,Creator 396,CA,creator396@mail.example,education
CR00396,youtube,@creator396_youtube,146887,-6738,42772,2639,847,176,,False,Creator 396,CA,creator396@mail.example,education
CR00397,tiktok,@creator397_tiktok,82345,-3663,140029,9817,0,1207,336.0,False,Creator 397,IN,creator397@mail.example,education
CR00397,instagram,@creator397_instagram,161600,27729,23722,1659,7,7,8.0,False,Creator 397,IN,creator397@mail.example,education
CR00397,youtube,@creator397_youtube,30169,2649,39018,2871,10,21,,False,Creator 397,IN,creator397@mail.example,education
CR00398,instagram,@creator398_instagram,16894,393,12566,723,67,55,0.0,False,Creator 398,CA,creator398@mail.example,fitness
CR00399,youtube,@creator399_youtube,11508279,1475735,13895094,948659,0,219818,,False,Creator 399,JP,creator399@mail.example,gaming
CR00399,tiktok,@creator399_tiktok,375827,-36696,2804973,199901,17038,0,234.0,False,Creator 399,JP,creator399@mail.example,gaming
CR00399,instagram,@creator399_instagram,38006,1788,27990,2103,203,3,453.0,False,Creator 399,JP,creator399@mail.example,gaming
CR00400,tiktok,@creator400_tiktok,11111,376,53640,3332,33,15,50.0,False,Creator 400,BR,creator400@mail.example,food
CR00400,instagram,@creator400_instagram,2930,312,679,17,0,0,0.0,False,Creator 400,BR,creator400@mail.example,food
CR00400,youtube,@creator400_youtube,4989,511,7052,617,2,1,,False,Creator 400,BR,creator400@mail.example,food
CR00401,instagram,@creator401_instagram,35264,1998,272892,20048,2733,588,28.0,False,Creator 401,GB,creator401@mail.example,music
CR00401,tiktok,@creator401_tiktok,115108,5935,1792690,63935,5964,22314,8421.0,False,Creator 401,GB,creator401@mail.example,music
CR00401,youtube,@creator401_youtube,173376,20305,164288,4256,203,2,,False,Creator 401,GB,creator401@mail.example,music
CR00402,tiktok,@creator402_tiktok,12797,263,27421,1910,0,0,165.0,False,Creator 402,FR,creator402@mail.example,fitness
CR00403,instagram,@creator403_instagram,502710,53934,632710,37474,1467,15,69.0,True,Creator 403,JP,creator403@mail.example,travel
CR00403,youtube,@creator403_youtube,312625,31743,930923,48615,399,1187,,False,Creator 403,JP,creator403@mail.example,travel
CR00403,tiktok,@creator403_tiktok,27774,-616,11077,486,0,19,55.0,False,Creator 403,JP,creator403@mail.example,travel
CR00404,youtube,@creator404_youtube,90382,12391,421626,17432,70,2317,,False,Creator 404,CA,creator404@mail.example,beauty
CR00404,instagram,@creator404_instagram,1185773,49569,1429396,32637,5742,278,1322.0,False,Creator 404,CA,creator404@mail.example,beauty
CR00404,tiktok,@creator404_tiktok,299044,22262,976630,47262,384,6505,1477.0,False,Creator 404,CA,creator404@mail.example,beauty
CR00405,instagram,@creator405_instagram,5856,396,5368,299,18,0,24.0,False,Creator 405,BR,creator405@mail.example,travel
CR00405,youtube,@creator405_youtube,129529,9628,506925,19604,6399,522,,False,Creator 405,BR,creator405@mail.example,travel
CR00405,tiktok,@creator405_tiktok,36897,290,213349,17346,1743,0,1.0,False,Creator 405,BR,creator405@mail.example,travel
CR00406,instagram,@creator406_instagram,21429,1218,31067,1888,61,5,139.0,False,Creator 406,CA,creator406@mail.example,travel
CR00406,youtube,@creator406_youtube,296276,-16216,585321,33028,814,17,,False,Creator 406,CA,creator406@mail.example,travel
CR00407,tiktok,@creator407_tiktok,29457,4613,162407,8637,0,152,410.0,False,Creator 407,FR,creator407@mail.example,education
CR00407,youtube,@creator407_youtube,336410,21231,454170,28561,17853,3767,,False,Creator 407,FR,creator407@mail.example,education
CR00407,instagram,@creator407_instagram,28577,2274,19070,1410,259,82,20.0,False,Creator 407,FR,creator407@mail.example,education
CR00408,instagram,@creator408_instagram,119923,315,84806,4847,626,1126,21.0,False,Creator 408,MX,creator408@mail.example,comedy
CR00409,instagram,@creator409_instagram,84992,9300,28084,1692,52,68,2.0,False,Creator 409,FR,creator409@mail.example,comedy
CR00409,youtube,@creator409_youtube,25494,660,18968,1494,95,40,,False,Creator 409,FR,creator409@mail.example,comedy
CR00409,tiktok,@creator409_tiktok,97469,3914,180094,4955,256,278,408.0,False,Creator 409,FR,creator409@mail.example,comedy
CR00410,youtube,@creator410_youtube,192435,-580,186732,5395,393,577,,False,Creator 410,DE,creator410@mail.example,food
CR00411,youtube,@creator411_youtube,119592,24463,149809,3292,192,3,,False,Creator 411,FR,creator411@mail.example,tech
CR00411,tiktok,@creator411_tiktok,29585,-2175,113416,2621,202,112,223.0,False,Creator 411,FR,creator411@mail.example,tech
CR00412,instagram,@creator412_instagram,94914,8887,66720,2357,242,37,101.0,False,Creator 412,BR,creator412@mail.example,music
CR00412,youtube,@creator412_youtube,107088,15575,87823,2506,233,0,,False,Creator 412,BR,creator412@mail.example,music
CR00412,tiktok,@creator412_tiktok,37258,2917,149612,9153,163,0,45.0,False,Creator 412,BR,creator412@mail.example,music
CR00413,youtube,@creator413_youtube,410268,-8093,363993,22714,3423,2960,,False,Creator 413,DE,creator413@mail.example,travel
CR00413,instagram,@creator413_instagram,250765,43557,201039,15251,1544,26,27.0,False,Creator 413,DE,creator413@mail.example,travel
CR00413,tiktok,@creator413_tiktok,67374,3698,96485,7300,500,0,1406.0,False,Creator 413,DE,creator413@mail.example,travel
CR00414,tiktok,@creator414_tiktok,335354,33868,317039,9064,45,0,435.0,False,Creator 414,DE,creator414@mail.example,music
CR00414,youtube,@creator414_youtube,36700,1467,44217,1765,115,0,,False,Creator 414,DE,creator414@mail.example,music
CR00414,instagram,@creator414_instagram,47693,4295,18478,1263,5,1,0.0,False,Creator 414,DE,creator414@mail.example,music
CR00415,instagram,@creator415_instagram,92278,9341,54317,1617,138,247,127.0,False,Creator 415,GB,creator415@mail.example,tech
CR00415,tiktok,@creator415_tiktok,574714,-21022,921673,28230,6497,4299,3190.0,False,Creator 415,GB,creator415@mail.example,tech
CR00416,youtube,@creator416_youtube,25663,-59,38980,1532,0,377,,False,Creator 416,DE,creator416@mail.example,comedy
CR00416,instagram,@creator416_instagram,95204,1968,45338,2775,23,122,2.0,False,Creator 416,DE,creator416@mail.example,comedy
CR00416,tiktok,@creator416_tiktok,19648,3810,47641,1900,28,76,61.0,False,Creator 416,DE,creator416@mail.example,comedy
CR00417,instagram,@creator417_instagram,161950,19345,225613,6757,102,8,280.0,True,Creator 417,US,creator417@mail.example,gaming
CR00417,tiktok,@creator417_tiktok,14953,902,52752,1800,58,273,458.0,False,Creator 417,US,creator417@mail.example,gaming
CR00417,youtube,@creator417_youtube,8932,1417,5979,158,24,0,,False,Creator 417,US,creator417@mail.example,gaming
CR00418,instagram,@creator418_instagram,38425,3517,14997,653,354,38,0.0,False,Creator 418,DE,creator418@mail.example,tech
CR00418,youtube,@creator418_youtube,9263,1104,10768,493,37,8,,False,Creator 418,DE,creator418@mail.example,tech
CR00419,tiktok,@creator419_tiktok,121848,14873,1199225,61103,18043,12733,0.0,False,Creator 419,MX,creator419@mail.example,tech
CR00419,instagram,@creator419_instagram,24888,3651,4065,90,1,7,4.0,False,Creator 419,MX,creator419@mail.example,tech
CR00420,tiktok,@creator420_tiktok,108925,8233,263721,13477,585,2296,383.0,False,Creator 420,JP,creator420@mail.example,travel
CR00420,instagram,@creator420_instagram,303687,-18365,225351,10435,1132,185,123.0,True,Creator 420,JP,creator420@mail.example,travel
CR00420,youtube,@creator420_youtube,13609,-364,6799,524,23,9,,False,Creator 420,JP,creator420@mail.example,travel
CR00421,youtube,@creator421_youtube,15910,321,9238,193,47,17,,False,Creator 421,JP,creator421@mail.example,education
CR00422,youtube,@creator422_youtube,3889,474,3612,203,2,9,,False,Creator 422,US,creator422@mail.example,music
CR00422,instagram,@creator422_instagram,122712,11660,13489,461,36,11,16.0,False,Creator 422,US,creator422@mail.example,music
CR00422,tiktok,@creator422_tiktok,2972,270,8078,277,0,0,9.0,False,Creator 422,US,creator422@mail.example,music
CR00423,youtube,@creator423_youtube,38680,5229,128040,5808,305,164,,False,Creator 423,FR,creator423@mail.example,travel
CR00423,instagram,@creator423_instagram,510142,38335,96308,5064,101,163,143.0,False,Creator 423,FR,creator423@mail.example,travel
CR00424,instagram,@creator424_instagram,23365,3658,3753,100,7,0,22.0,False,Creator 424,DE,creator424@mail.example,comedy
CR00424,youtube,@creator424_youtube,11233,1558,35011,1809,9,118,,False,Creator 424,DE,creator424@mail.example,comedy
CR00424,tiktok,@creator424_tiktok,60686,5910,202752,10437,3012,2703,1263.0,False,Creator 424,DE,creator424@mail.example,comedy
CR00425,youtube,@creator425_youtube,15108,1725,13560,741,382,3,,False,Creator 425,MX,creator425@mail.example,tech
CR00426,tiktok,@creator426_tiktok,5521,-115,19987,1025,36,212,315.0,False,Creator 426,KR,creator426@mail.example,comedy
CR00427,instagram,@creator427_instagram,31475,332,18831,573,19,3,86.0,False,Creator 427,IN,creator427@mail.example,travel
CR00427,youtube,@creator427_youtube,25527,3336,41830,1294,82,61,,False,Creator 427,IN,creator427@mail.example,travel
CR00427,tiktok,@creator427_tiktok,6061,1078,32203,1228,812,6,0.0,False,Creator 427,IN,creator427@mail.example,travel
CR00428,tiktok,@creator428_tiktok,7399,294,17599,1172,30,0,0.0,False,Creator 428,MX,creator428@mail.example,food
CR00428,youtube,@creator428_youtube,180977,25720,105156,2748,5,0,,False,Creator 428,MX,creator428@mail.example,food
CR00428,instagram,@creator428_instagram,5464,876,3655,167,7,21,22.0,True,Creator 428,MX,creator428@mail.example,food
CR00429,instagram,@creator429_instagram,17164,993,42929,3250,0,54,114.0,False,Creator 429,GB,creator429@mail.example,education
CR00429,tiktok,@creator429_tiktok,399222,44230,5522784,232845,21266,19997,1623.0,False,Creator 429,GB,creator429@mail.example,education
CR00430,youtube,@creator430_youtube,163396,22001,227058,17717,826,1175,,False,Creator 430,GB,creator430@mail.example,beauty
CR00430,tiktok,@creator430_tiktok,68177,6220,637149,29073,279,1419,864.0,False,Creator 430,GB,creator430@mail.example,beauty
CR00430,instagram,@creator430_instagram,68275,-582,17608,1074,0,10,58.0,False,Creator 430,GB,creator430@mail.example,beauty
CR00431,tiktok,@creator431_tiktok,35862,4245,96826,4580,47,453,99.0,False,Creator 431,BR,creator431@mail.example,travel
CR00431,instagram,@creator431_instagram,14710,1487,37755,864,0,33,61.0,False,Creator 431,BR,creator431@mail.example,travel
CR00432,tiktok,@creator432_tiktok,181792,11676,354259,21418,265,266,2901.0,False,Creator 432,GB,creator432@mail.example,food
CR00432,youtube,@creator432_youtube,3751,-91,1960,34,4,1,,False,Creator 432,GB,creator432@mail.example,food
CR00432,instagram,@creator432_instagram,10174,685,4591,364,6,2,5.0,False,Creator 432,GB,creator432@mail.example,food
CR00433,tiktok,@creator433_tiktok,217197,25091,632205,35970,3800,1781,209.0,False,Creator 433,GB,creator433@mail.example,travel
CR00433,instagram,@creator433_instagram,238374,-5822,144758,9613,13,27,843.0,True,Creator 433,GB,creator433@mail.example,travel
CR00433,youtube,@creator433_youtube,26840,88,12571,801,0,0,,False,Creator 433,GB,creator433@mail.example,travel
CR00434,tiktok,@creator434_tiktok,19983,1124,101692,8568,43,1134,64.0,False,Creator 434,IN,creator434@mail.example,tech
CR00434,youtube,@creator434_youtube,53334,9386,57878,4554,748,0,,False,Creator 434,IN,creator434@mail.example,tech
CR00434,instagram,@creator434_instagram,8588,592,8540,337,8,28,1.0,False,Creator 434,IN,creator434@mail.example,tech
CR00435,tiktok,@creator435_tiktok,33849,5435,88437,2234,162,52,131.0,False,Creator 435,IN,creator435@mail.example,fitness
CR00435,instagram,@creator435_instagram,12670,780,9538,343,19,9,20.0,False,Creator 435,IN,creator435@mail.example,fitness
CR00435,youtube,@creator435_youtube,44874,1229,108765,9513,209,124,,False,Creator 435,IN,creator435@mail.example,fitness
CR00436,youtube,@creator436_youtube,1678,240,1374,60,3,0,,False,Creator 436,US,creator436@mail.example,finance
CR00436,instagram,@creator436_instagram,24443,3471,13800,575,209,1,4.0,False,Creator 436,US,creator436@mail.example,finance
CR00436,tiktok,@creator436_tiktok,96656,6535,333206,20175,301,1132,1149.0,False,Creator 436,US,creator436@mail.example,finance
CR00437,youtube,@creator437_youtube,53662,6636,112507,5065,607,554,,False,Creator 437,CA,creator437@mail.example,beauty
CR00437,instagram,@creator437_instagram,17473,2611,22138,485,4,67,0.0,False,Creator 437,CA,creator437@mail.example,beauty
CR00437,tiktok,@creator437_tiktok,43270,4634,175761,10894,315,0,2426.0,False,Creator 437,CA,creator437@mail.example,beauty
CR00438,instagram,@creator438_instagram,10396,1023,3915,118,16,11,7.0,False,Creator 438,IN,creator438@mail.example,gaming
CR00438,tiktok,@creator438_tiktok,8648,750,29621,2231,52,64,92.0,False,Creator 438,IN,creator438@mail.example,gaming
CR00438,youtube,@creator438_youtube,90653,8635,221938,8120,1722,0,,False,Creator 438,IN,creator438@mail.example,gaming
CR00439,instagram,@creator439_instagram,281151,-1350,115253,2031,478,219,232.0,False,Creator 439,CA,creator439@mail.example,music
CR00439,tiktok,@creator439_tiktok,1004616,108646,9192591,162852,12039,18158,5596.0,False,Creator 439,CA,creator439@mail.example,music
CR00439,youtube,@creator439_youtube,3213,410,4379,85,3,2,,False,Creator 439,CA,creator439@mail.example,music
CR00440,tiktok,@creator440_tiktok,38034,1384,178305,8863,509,351,272.0,False,Creator 440,FR,creator440@mail.example,comedy
CR00440,instagram,@creator440_instagram,21466,2097,4754,386,6,28,8.0,False,Creator 440,FR,creator440@mail.example,comedy
CR00440,youtube,@creator440_youtube,12108,100,49217,1688,725,19,,False,Creator 440,FR,creator440@mail.example,comedy
CR00441,youtube,@creator441_youtube,3260,150,6212,154,2,0,,False,Creator 441,IN,creator441@mail.example,music
CR00442,youtube,@creator442_youtube,98397,2387,72810,5944,166,30,,False,Creator 442,FR,creator442@mail.example,comedy
CR00442,tiktok,@creator442_tiktok,8474,1008,34300,2302,193,137,12.0,False,Creator 442,FR,creator442@mail.example,comedy
CR00442,instagram,@creator442_instagram,218568,18705,136797,6993,661,204,929.0,False,Creator 442,FR,creator442@mail.example,comedy
CR00443,youtube,@creator443_youtube,721860,101090,1303481,121599,0,185,,False,Creator 443,CA,creator443@mail.example,finance
CR00443,tiktok,@creator443_tiktok,84508,-2167,194937,9024,333,1455,1555.0,False,Creator 443,CA,creator443@mail.example,finance
CR00443,instagram,@creator443_instagram,14304,1403,12830,662,41,4,0.0,True,Creator 443,CA,creator443@mail.example,finance
CR00444,youtube,@creator444_youtube,44995,101,173452,16295,0,0,,False,Creator 444,MX,creator444@mail.example,gaming
CR00444,instagram,@creator444_instagram,4250,152,1621,102,0,0,0.0,False,Creator 444,MX,creator444@mail.example,gaming
CR00444,tiktok,@creator444_tiktok,32474,1,402048,24709,3871,1064,952.0,False,Creator 444,MX,creator444@mail.example,gaming
CR00445,instagram,@creator445_instagram,207126,29967,98353,2683,12,110,0.0,False,Creator 445,MX,creator445@mail.example,music
CR00446,youtube,@creator446_youtube,29301,4222,32210,1204,328,99,,False,Creator 446,KR,creator446@mail.example,tech
CR00446,tiktok,@creator446_tiktok,55450,9644,249542,5098,621,805,203.0,False,Creator 446,KR,creator446@mail.example,tech
CR00446,instagram,@creator446_instagram,1643,86,813,53,0,0,2.0,False,Creator 446,KR,creator446@mail.example,tech
CR00447,tiktok,@creator447_tiktok,58765,1213,26525,1565,211,92,31.0,False,Creator 447,JP,creator447@mail.example,beauty
CR00448,youtube,@creator448_youtube,63696,-6039,111900,4306,263,2933,,False,Creator 448,DE,creator448@mail.example,gaming
CR00448,instagram,@creator448_instagram,8519,810,10046,390,10,3,117.0,False,Creator 448,DE,creator448@mail.example,gaming
CR00449,instagram,@creator449_instagram,384113,15657,284798,28049,246,1643,2079.0,False,Creator 449,GB,creator449@mail.example,gaming
CR00449,tiktok,@creator449_tiktok,170985,22262,302113,8611,1513,2909,10.0,False,Creator 449,GB,creator449@mail.example,gaming
CR00449,youtube,@creator449_youtube,118513,4445,289248,21217,4011,91,,False,Creator 449,GB,creator449@mail.example,gaming
CR00450,tiktok,@creator450_tiktok,17810,1534,36180,650,89,15,14.0,False,Creator 450,IN,creator450@mail.example,food
CR00450,instagram,@creator450_instagram,14004,-1378,20984,1654,14,0,239.0,True,Creator 450,IN,creator450@mail.example,food
CR00451,tiktok,@creator451_tiktok,14042,204,20778,383,128,5,66.0,False,Creator 451,US,creator451@mail.example,education
CR00451,youtube,@creator451_youtube,17312,1434,9234,598,2,5,,False,Creator 451,US,creator451@mail.example,education
CR00452,instagram,@creator452_instagram,287225,8071,41542,1586,396,251,0.0,True,Creator 452,CA,creator452@mail.example,finance
CR00452,youtube,@creator452_youtube,56222,6379,34558,3385,0,280,,False,Creator 452,CA,creator452@mail.example,finance
CR00453,youtube,@creator453_youtube,6298,423,5002,69,15,0,,False,Creator 453,FR,creator453@mail.example,gaming
CR00454,tiktok,@creator454_tiktok,49277,4344,116680,2990,150,260,250.0,False,Creator 454,GB,creator454@mail.example,comedy
CR00454,youtube,@creator454_youtube,266015,19932,491975,14584,1139,540,,False,Creator 454,GB,creator454@mail.example,comedy
CR00454,instagram,@creator454_instagram,131143,25810,63380,1731,155,25,29.0,True,Creator 454,GB,creator454@mail.example,comedy
CR00455,instagram,@creator455_instagram,79454,6035,10150,472,17,184,188.0,False,Creator 455,IN,creator455@mail.example,comedy
CR00455,tiktok,@creator455_tiktok,1157951,45229,6589262,281331,20654,110547,86974.0,False,Creator 455,IN,creator455@mail.example,comedy
CR00456,youtube,@creator456_youtube,38382,-1636,115209,4698,597,1367,,False,Creator 456,US,creator456@mail.example,finance
CR00457,instagram,@creator457_instagram,21433,5295,12635,310,7,0,9.0,True,Creator 457,GB,creator457@mail.example,music
CR00457,tiktok,@creator457_tiktok,17227,-2330,96545,1650,8,80,44.0,False,Creator 457,GB,creator457@mail.example,music
CR00458,instagram,@creator458_instagram,51307,3746,49456,2878,174,114,6.0,False,Creator 458,IN,creator458@mail.example,finance
CR00458,tiktok,@creator458_tiktok,197404,18669,478820,27269,2672,3746,231.0,False,Creator 458,IN,creator458@mail.example,finance
CR00458,youtube,@creator458_youtube,58571,4812,174494,11027,625,1512,,False,Creator 458,IN,creator458@mail.example,finance
CR00459,tiktok,@creator459_tiktok,142890,31033,383010,23066,1348,315,2366.0,False,Creator 459,GB,creator459@mail.example,fitness
CR00460,tiktok,@creator460_tiktok,206850,32192,244103,16439,241,3455,7.0,False,Creator 460,KR,creator460@mail.example,finance
CR00460,youtube,@creator460_youtube,98686,17338,154024,3200,3,108,,False,Creator 460,KR,creator460@mail.example,finance
CR00460,instagram,@creator460_instagram,113457,8782,54152,3097,343,60,87.0,False,Creator 460,KR,creator460@mail.example,finance
CR00461,instagram,@creator461_instagram,50467,213,36864,1724,341,65,0.0,False,Creator 461,BR,creator461@mail.example,beauty
CR00461,youtube,@creator461_youtube,17525,-66,30482,1334,68,56,,False,Creator 461,BR,creator461@mail.example,beauty
CR00461,tiktok,@creator461_tiktok,23753,2298,102829,6169,28,0,224.0,False,Creator 461,BR,creator461@mail.example,beauty
CR00462,instagram,@creator462_instagram,2502475,296884,1979914,131995,830,53,4749.0,False,Creator 462,GB,creator462@mail.example,food
CR00462,youtube,@creator462_youtube,28673,-1437,31618,1570,138,55,,False,Creator 462,GB,creator462@mail.example,food
CR00462,tiktok,@creator462_tiktok,19733,2615,82007,2435,1,318,4.0,False,Creator 462,GB,creator462@mail.example,food
CR00463,tiktok,@creator463_tiktok,14558,631,30770,1429,109,125,7.0,False,Creator 463,IN,creator463@mail.example,gaming
CR00463,instagram,@creator463_instagram,24437,2444,13393,885,166,46,0.0,False,Creator 463,IN,creator463@mail.example,gaming
CR00463,youtube,@creator463_youtube,95674,13299,31546,2387,7,186,,False,Creator 463,IN,creator463@mail.example,gaming
CR00464,instagram,@creator464_instagram,157904,10955,200495,5226,1,504,0.0,False,Creator 464,GB,creator464@mail.example,education
CR00465,instagram,@creator465_instagram,166077,4880,124303,10450,93,8,110.0,False,Creator 465,JP,creator465@mail.example,fitness
CR00465,tiktok,@creator465_tiktok,60579,6843,197835,5902,0,1805,811.0,False,Creator 465,JP,creator465@mail.example,fitness
CR00465,youtube,@creator465_youtube,9434,674,11112,581,104,59,,False,Creator 465,JP,creator465@mail.example,fitness
CR00466,instagram,@creator466_instagram,6391,518,3644,262,3,23,9.0,False,Creator 466,US,creator466@mail.example,beauty
CR00466,tiktok,@creator466_tiktok,34958,511,189111,2784,94,830,168.0,False,Creator 466,US,creator466@mail.example,beauty
CR00467,tiktok,@creator467_tiktok,446078,42238,364095,24847,2490,295,633.0,False,Creator 467,DE,creator467@mail.example,fitness
CR00467,instagram,@creator467_instagram,9624,57,2343,128,10,0,16.0,False,Creator 467,DE,creator467@mail.example,fitness
CR00468,instagram,@creator468_instagram,58288,5926,81110,2031,0,197,1.0,True,Creator 468,MX,creator468@mail.example,gaming
CR00468,tiktok,@creator468_tiktok,54022,5090,215882,6250,2398,89,0.0,False,Creator 468,MX,creator468@mail.example,gaming
CR00468,youtube,@creator468_youtube,41680,-300,22554,1352,0,73,,False,Creator 468,MX,creator468@mail.example,gaming
CR00469,tiktok,@creator469_tiktok,161691,12828,220552,12504,241,141,647.0,False,Creator 469,FR,creator469@mail.example,music
CR00470,tiktok,@creator470_tiktok,5639,220,15171,241,43,8,27.0,False,Creator 470,IN,creator470@mail.example,beauty
CR00470,instagram,@creator470_instagram,34962,2066,6284,351,3,27,0.0,False,Creator 470,IN,creator470@mail.example,beauty
CR00471,instagram,@creator471_instagram,472705,58654,358023,29877,4631,1115,144.0,False,Creator 471,KR,creator471@mail.example,gaming
CR00471,youtube,@creator471_youtube,161943,18312,63947,5101,44,67,,False,Creator 471,KR,creator471@mail.example,gaming
CR00471,tiktok,@creator471_tiktok,59212,8432,99772,1424,750,171,21.0,False,Creator 471,KR,creator471@mail.example,gaming
CR00472,tiktok,@creator472_tiktok,1448929,67116,6755035,137557,8111,18303,27653.0,False,Creator 472,CA,creator472@mail.example,travel
CR00472,instagram,@creator472_instagram,4950,677,3113,64,5,6,1.0,False,Creator 472,CA,creator472@mail.example,travel
CR00472,youtube,@creator472_youtube,7937,26,7538,280,56,33,,False,Creator 472,CA,creator472@mail.example,travel
CR00473,instagram,@creator473_instagram,34000,4035,59115,2593,63,18,189.0,False,Creator 473,US,creator473@mail.example,fitness
CR00473,youtube,@creator473_youtube,44729,1717,37209,2541,601,35,,False,Creator 473,US,creator473@mail.example,fitness
CR00473,tiktok,@creator473_tiktok,133158,17215,589193,24778,377,1754,3654.0,False,Creator 473,US,creator473@mail.example,fitness
CR00474,tiktok,@creator474_tiktok,11278,1316,5100,326,18,0,4.0,False,Creator 474,MX,creator474@mail.example,tech
CR00475,tiktok,@creator475_tiktok,35416,937,126613,4178,2,0,119.0,False,Creator 475,BR,creator475@mail.example,comedy
CR00475,instagram,@creator475_instagram,35395,3555,10252,555,50,2,7.0,True,Creator 475,BR,creator475@mail.example,comedy
CR00476,tiktok,@creator476_tiktok,7777,1106,21841,1186,115,133,122.0,False,Creator 476,GB,creator476@mail.example,tech
CR00476,instagram,@creator476_instagram,1675,52,865,18,0,0,3.0,False,Creator 476,GB,creator476@mail.example,tech
CR00477,tiktok,@creator477_tiktok,130871,3423,676304,44509,4676,368,6415.0,False,Creator 477,CA,creator477@mail.example,tech
CR00477,instagram,@creator477_instagram,137802,30355,61820,4054,596,364,232.0,False,Creator 477,CA,creator477@mail.example,tech
CR00477,youtube,@creator477_youtube,3918,278,3418,272,4,21,,False,Creator 477,CA,creator477@mail.example,tech
CR00478,tiktok,@creator478_tiktok,30868,2568,65831,3505,16,95,97.0,False,Creator 478,IN,creator478@mail.example,fitness
CR00478,instagram,@creator478_instagram,111642,10257,79652,1349,249,122,88.0,False,Creator 478,IN,creator478@mail.example,fitness
CR00479,youtube,@creator479_youtube,167718,25298,154896,7115,311,218,,False,Creator 479,US,creator479@mail.example,music
CR00479,instagram,@creator479_instagram,264143,-566,122169,8221,1,231,135.0,False,Creator 479,US,creator479@mail.example,music
CR00479,tiktok,@creator479_tiktok,128742,17097,450161,20087,835,0,1545.0,False,Creator 479,US,creator479@mail.example,music
CR00480,youtube,@creator480_youtube,697264,86695,1686744,107030,4671,539,,False,Creator 480,CA,creator480@mail.example,gaming
CR00481,tiktok,@creator481_tiktok,166428,16467,832736,36292,836,4308,2165.0,False,Creator 481,BR,creator481@mail.example,travel
CR00481,instagram,@creator481_instagram,1217624,43612,1599609,31610,615,16,85.0,False,Creator 481,BR,creator481@mail.example,travel
CR00482,tiktok,@creator482_tiktok,21922,1920,83314,2756,166,19,117.0,False,Creator 482,IN,creator482@mail.example,gaming
CR00483,tiktok,@creator483_tiktok,270533,35455,942205,65619,9031,271,206.0,False,Creator 483,IN,creator483@mail.example,music
CR00483,instagram,@creator483_instagram,38109,4935,36320,710,2,54,15.0,True,Creator 483,IN,creator483@mail.example,music
CR00483,youtube,@creator483_youtube,73833,-2880,286835,7340,568,485,,False,Creator 483,IN,creator483@mail.example,music
CR00484,youtube,@creator484_youtube,315770,26781,673113,32072,7650,962,,False,Creator 484,MX,creator484@mail.example,finance
CR00484,instagram,@creator484_instagram,141315,-6199,134642,6258,15,704,2627.0,False,Creator 484,MX,creator484@mail.example,finance
CR00485,tiktok,@creator485_tiktok,259701,32089,568060,23036,607,42,309.0,False,Creator 485,BR,creator485@mail.example,finance
CR00485,youtube,@creator485_youtube,826907,-145078,2073786,123844,14701,1720,,False,Creator 485,BR,creator485@mail.example,finance
CR00485,instagram,@creator485_instagram,206473,28946,28207,1533,223,0,199.0,False,Creator 485,BR,creator485@mail.example,finance
CR00486,tiktok,@creator486_tiktok,23523,1624,94205,4498,826,790,757.0,False,Creator 486,IN,creator486@mail.example,gaming
CR00486,instagram,@creator486_instagram,169067,12660,59068,1809,238,38,300.0,False,Creator 486,IN,creator486@mail.example,gaming
CR00487,youtube,@creator487_youtube,285662,57626,399279,18280,97,2435,,False,Creator 487,JP,creator487@mail.example,education
CR00487,instagram,@creator487_instagram,54673,6970,43440,2052,70,79,387.0,True,Creator 487,JP,creator487@mail.example,education
CR00488,instagram,@creator488_instagram,74334,12489,63275,4177,43,2,111.0,False,Creator 488,MX,creator488@mail.example,finance
CR00488,youtube,@creator488_youtube,68483,5929,103726,7923,88,62,,False,Creator 488,MX,creator488@mail.example,finance
CR00488,tiktok,@creator488_tiktok,6942,-530,51556,1588,174,6,142.0,False,Creator 488,MX,creator488@mail.example,finance
CR00489,youtube,@creator489_youtube,93576,1264,149879,3761,1100,0,,False,Creator 489,CA,creator489@mail.example,comedy
CR00489,tiktok,@creator489_tiktok,23802,2246,140006,3936,719,210,1.0,False,Creator 489,CA,creator489@mail.example,comedy
CR00489,instagram,@creator489_instagram,162029,13399,412714,14387,3297,1273,1894.0,False,Creator 489,CA,creator489@mail.example,comedy
CR00490,tiktok,@creator490_tiktok,70663,7124,70671,4184,337,299,55.0,False,Creator 490,IN,creator490@mail.example,gaming
CR00490,instagram,@creator490_instagram,28077,1997,20955,434,0,75,23.0,False,Creator 490,IN,creator490@mail.example,gaming
CR00491,tiktok,@creator491_tiktok,64291,5993,310401,20844,2891,1741,1187.0,False,Creator 491,DE,creator491@mail.example,beauty
CR00491,instagram,@creator491_instagram,2245,207,1753,45,0,2,0.0,True,Creator 491,DE,creator491@mail.example,beauty
CR00491,youtube,@creator491_youtube,14597,2007,17585,807,1,12,,False,Creator 491,DE,creator491@mail.example,beauty
CR00492,tiktok,@creator492_tiktok,95789,6120,528642,33541,981,0,6383.0,False,Creator 492,US,creator492@mail.example,music
CR00493,instagram,@creator493_instagram,6997,992,1714,81,9,0,6.0,False,Creator 493,IN,creator493@mail.example,finance
CR00493,tiktok,@creator493_tiktok,7448,409,33644,651,28,0,44.0,False,Creator 493,IN,creator493@mail.example,finance
CR00493,youtube,@creator493_youtube,134110,11441,179888,5380,325,4,,False,Creator 493,IN,creator493@mail.example,finance
CR00494,instagram,@creator494_instagram,146873,13926,69022,2206,6,146,22.0,False,Creator 494,US,creator494@mail.example,music
CR00494,tiktok,@creator494_tiktok,26126,1524,146442,6469,2708,90,61.0,False,Creator 494,US,creator494@mail.example,music
CR00494,youtube,@creator494_youtube,7925,1245,9934,387,18,9,,False,Creator 494,US,creator494@mail.example,music
CR00495,tiktok,@creator495_tiktok,313819,40637,885103,35694,1548,857,8.0,False,Creator 495,US,creator495@mail.example,education
CR00495,instagram,@creator495_instagram,4053,506,1453,53,0,2,1.0,False,Creator 495,US,creator495@mail.example,education
CR00495,youtube,@creator495_youtube,45273,-3058,117277,7343,701,5,,False,Creator 495,US,creator495@mail.example,education
CR00496,tiktok,@creator496_tiktok,13503,-199,67842,5212,309,4,761.0,False,Creator 496,US,creator496@mail.example,beauty
CR00497,instagram,@creator497_instagram,19167,1743,31964,2054,206,0,5.0,False,Creator 497,MX,creator497@mail.example,gaming
CR00498,tiktok,@creator498_tiktok,44193,2427,327561,28830,1051,1166,1965.0,False,Creator 498,MX,creator498@mail.example,music
CR00499,instagram,@creator499_instagram,42900,1705,30298,2271,25,19,4.0,False,Creator 499,BR,creator499@mail.example,finance
CR00499,youtube,@creator499_youtube,166705,27464,117132,3779,337,1891,,False,Creator 499,BR,creator499@mail.example,finance
CR00499,tiktok,@creator499_tiktok,21474,2333,42408,1913,302,323,522.0,False,Creator 499,BR,creator499@mail.example,finance
CR00500,tiktok,@creator500_tiktok,47697,5750,78646,4931,174,0,4.0,False,Creator 500,MX,creator500@mail.example,finance
CR00501,tiktok,@creator501_tiktok,124146,7946,355088,23231,2317,443,637.0,False,Creator 501,JP,creator501@mail.example,fitness
CR00501,instagram,@creator501_instagram,118955,13462,29025,2324,318,0,43.0,False,Creator 501,JP,creator501@mail.example,fitness
CR00501,youtube,@creator501_youtube,10670,849,6832,351,40,2,,False,Creator 501,JP,creator501@mail.example,fitness
CR00502,youtube,@creator502_youtube,70422,6660,18918,791,50,64,,False,Creator 502,BR,creator502@mail.example,education
CR00502,tiktok,@creator502_tiktok,10063,1304,33195,1883,599,4,208.0,False,Creator 502,BR,creator502@mail.example,education
CR00503,tiktok,@creator503_tiktok,1013825,102826,1178775,76486,802,0,15.0,False,Creator 503,JP,creator503@mail.example,music
CR00504,instagram,@creator504_instagram,16062,1324,7354,446,0,109,32.0,True,Creator 504,GB,creator504@mail.example,comedy
CR00504,youtube,@creator504_youtube,23354,491,26408,1130,17,34,,False,Creator 504,GB,creator504@mail.example,comedy
CR00504,tiktok,@creator504_tiktok,222710,23773,796761,37406,158,6007,2030.0,False,Creator 504,GB,creator504@mail.example,comedy
CR00505,instagram,@creator505_instagram,62253,2529,166436,8533,76,775,128.0,True,Creator 505,FR,creator505@mail.example,beauty
CR00505,youtube,@creator505_youtube,9651,930,3661,223,27,19,,False,Creator 505,FR,creator505@mail.example,beauty
CR00505,tiktok,@creator505_tiktok,5812,514,16146,1218,0,9,11.0,False,Creator 505,FR,creator505@mail.example,beauty
CR00506,tiktok,@creator506_tiktok,256859,43328,1175562,72253,15289,1396,2416.0,False,Creator 506,JP,creator506@mail.example,beauty
CR00506,instagram,@creator506_instagram,281582,23916,181638,10058,56,309,759.0,False,Creator 506,JP,creator506@mail.example,beauty
CR00507,youtube,@creator507_youtube,69473,-10469,733189,19276,1796,448,,False,Creator 507,MX,creator507@mail.example,education
CR00507,tiktok,@creator507_tiktok,32471,4325,41202,1547,197,56,0.0,False,Creator 507,MX,creator507@mail.example,education
CR00508,youtube,@creator508_youtube,31426,2091,44138,3668,87,74,,False,Creator 508,FR,creator508@mail.example,food
CR00508,instagram,@creator508_instagram,84309,4894,27017,1440,241,22,247.0,True,Creator 508,FR,creator508@mail.example,food
CR00508,tiktok,@creator508_tiktok,11833,881,48234,1650,3,131,900.0,False,Creator 508,FR,creator508@mail.example,food
CR00509,youtube,@creator509_youtube,47863,6016,115791,3546,169,182,,False,Creator 509,MX,creator509@mail.example,fitness
CR00509,tiktok,@creator509_tiktok,7250,656,8179,243,6,75,25.0,False,Creator 509,MX,creator509@mail.example,fitness
CR00509,instagram,@creator509_instagram,273421,12446,182691,8413,723,574,9.0,False,Creator 509,MX,creator509@mail.example,fitness
CR00510,youtube,@creator510_youtube,117996,20982,134343,5938,218,840,,False,Creator 510,IN,creator510@mail.example,gaming
CR00510,instagram,@creator510_instagram,20867,3663,6178,468,6,9,0.0,False,Creator 510,IN,creator510@mail.example,gaming
CR00510,tiktok,@creator510_tiktok,11129,326,8603,439,8,5,23.0,False,Creator 510,IN,creator510@mail.example,gaming
CR00511,youtube,@creator511_youtube,8404,973,25938,1826,77,50,,False,Creator 511,BR,creator511@mail.example,music
CR00511,instagram,@creator511_instagram,21365,2784,12988,789,3,13,0.0,False,Creator 511,BR,creator511@mail.example,music
CR00511,tiktok,@creator511_tiktok,56557,1359,75666,5295,155,402,195.0,False,Creator 511,BR,creator511@mail.example,music
CR00512,youtube,@creator512_youtube,98367,6352,107774,3038,762,18,,False,Creator 512,BR,creator512@mail.example,gaming
CR00512,tiktok,@creator512_tiktok,3866,481,6691,483,31,0,16.0,False,Creator 512,BR,creator512@mail.example,gaming
CR00513,instagram,@creator513_instagram,21253,1977,3397,243,40,11,0.0,False,Creator 513,DE,creator513@mail.example,gaming
CR00513,tiktok,@creator513_tiktok,732661,29995,433182,24337,70,4684,23.0,False,Creator 513,DE,creator513@mail.example,gaming
CR00513,youtube,@creator513_youtube,53584,5349,217065,8060,2427,351,,False,Creator 513,DE,creator513@mail.example,gaming
CR00514,youtube,@creator514_youtube,435281,28383,1354902,53463,131,4595,,False,Creator 514,BR,creator514@mail.example,beauty
CR00514,instagram,@creator514_instagram,1051189,192894,812866,24506,394,3314,11.0,False,Creator 514,BR,creator514@mail.example,beauty
CR00514,tiktok,@creator514_tiktok,19136,124,33706,767,0,64,76.0,False,Creator 514,BR,creator514@mail.example,beauty
CR00515,instagram,@creator515_instagram,2669,423,2813,125,27,0,5.0,False,Creator 515,CA,creator515@mail.example,beauty
CR00515,tiktok,@creator515_tiktok,86386,6133,212552,7635,421,56,2.0,False,Creator 515,CA,creator515@mail.example,beauty
CR00515,youtube,@creator515_youtube,64317,3778,63375,2454,879,454,,False,Creator 515,CA,creator515@mail.example,beauty
CR00516,tiktok,@creator516_tiktok,331247,1686,3372766,151778,32840,4665,0.0,False,Creator 516,FR,creator516@mail.example,food
CR00516,youtube,@creator516_youtube,6749,540,2486,158,30,6,,False,Creator 516,FR,creator516@mail.example,food
CR00517,youtube,@creator517_youtube,150860,-759,391975,18064,930,204,,False,Creator 517,DE,creator517@mail.example,beauty
CR00517,instagram,@creator517_instagram,3058,415,911,14,0,1,0.0,False,Creator 517,DE,creator517@mail.example,beauty
CR00517,tiktok,@creator517_tiktok,106137,2300,671940,30575,796,1007,1896.0,False,Creator 517,DE,creator517@mail.example,beauty
CR00518,youtube,@creator518_youtube,648188,-27062,1099573,19633,1324,270,,False,Creator 518,US,creator518@mail.example,fitness
CR00518,tiktok,@creator518_tiktok,1204284,88424,3923587,166585,3752,1321,2676.0,False,Creator 518,US,creator518@mail.example,fitness
CR00519,instagram,@creator519_instagram,75476,7484,112283,5734,182,0,123.0,False,Creator 519,CA,creator519@mail.example,education
CR00519,youtube,@creator519_youtube,56255,3013,38369,1723,66,308,,False,Creator 519,CA,creator519@mail.example,education
CR00519,tiktok,@creator519_tiktok,47448,3650,109405,3473,30,45,0.0,False,Creator 519,CA,creator519@mail.example,education
CR00520,youtube,@creator520_youtube,13567,-508,7474,434,24,5,,False,Creator 520,US,creator520@mail.example,gaming
CR00521,tiktok,@creator521_tiktok,81446,1081,110900,6129,1144,335,17.0,False,Creator 521,GB,creator521@mail.example,tech
CR00522,youtube,@creator522_youtube,312911,20504,351489,6976,474,0,,False,Creator 522,IN,creator522@mail.example,finance
CR00522,instagram,@creator522_instagram,42766,8019,25288,898,21,163,35.0,False,Creator 522,IN,creator522@mail.example,finance
CR00522,tiktok,@creator522_tiktok,840424,40769,13414649,790343,10338,10493,26245.0,False,Creator 522,IN,creator522@mail.example,finance
CR00523,youtube,@creator523_youtube,33672,-2916,52594,1575,15,261,,False,Creator 523,FR,creator523@mail.example,food
CR00523,tiktok,@creator523_tiktok,147619,7564,523970,22793,78,1418,418.0,False,Creator 523,FR,creator523@mail.example,food
CR00523,instagram,@creator523_instagram,234927,29218,77269,3695,20,9,0.0,False,Creator 523,FR,creator523@mail.example,food
CR00524,instagram,@creator524_instagram,8872,-350,4726,157,41,9,24.0,False,Creator 524,CA,creator524@mail.example,education
CR00524,tiktok,@creator524_tiktok,430623,52759,1358205,82909,524,322,7646.0,False,Creator 524,CA,creator524@mail.example,education
CR00525,instagram,@creator525_instagram,175348,-13983,176436,11225,8,1008,859.0,True,Creator 525,US,creator525@mail.example,fitness
CR00525,tiktok,@creator525_tiktok,21910,1285,50838,1712,353,0,127.0,False,Creator 525,US,creator525@mail.example,fitness
CR00525,youtube,@creator525_youtube,9211,923,23077,595,9,40,,False,Creator 525,US,creator525@mail.example,fitness
CR00526,tiktok,@creator526_tiktok,29404,-6496,113681,5412,123,9,339.0,False,Creator 526,GB,creator526@mail.example,gaming
CR00526,instagram,@creator526_instagram,51486,-1561,31526,479,92,58,92.0,False,Creator 526,GB,creator526@mail.example,gaming
CR00526,youtube,@creator526_youtube,19144,502,4374,81,30,0,,False,Creator 526,GB,creator526@mail.example,gaming
CR00527,instagram,@creator527_instagram,65671,3327,21082,646,14,73,0.0,False,Creator 527,FR,creator527@mail.example,travel
CR00527,tiktok,@creator527_tiktok,167225,5219,922072,25406,6554,1645,23.0,False,Creator 527,FR,creator527@mail.example,travel
CR00527,youtube,@creator527_youtube,121354,17810,50588,3534,320,341,,False,Creator 527,FR,creator527@mail.example,travel
CR00528,instagram,@creator528_instagram,35898,3576,40631,2426,6,448,8.0,False,Creator 528,MX,creator528@mail.example,fitness
CR00529,youtube,@creator529_youtube,6134,666,8861,264,33,5,,False,Creator 529,IN,creator529@mail.example,beauty
CR00529,instagram,@creator529_instagram,129083,10452,62407,1649,91,1,290.0,False,Creator 529,IN,creator529@mail.example,beauty
CR00529,tiktok,@creator529_tiktok,86085,20655,151105,10109,900,242,47.0,False,Creator 529,IN,creator529@mail.example,beauty
CR00530,tiktok,@creator530_tiktok,18768,2405,60901,2091,41,2,92.0,False,Creator 530,KR,creator530@mail.example,tech
CR00530,youtube,@creator530_youtube,22409,3215,36979,1737,0,8,,False,Creator 530,KR,creator530@mail.example,tech
CR00530,instagram,@creator530_instagram,16961,-364,9487,271,12,15,2.0,True,Creator 530,KR,creator530@mail.example,tech
CR00531,instagram,@creator531_instagram,16140,251,7771,343,8,9,38.0,True,Creator 531,BR,creator531@mail.example,comedy
CR00532,instagram,@creator532_instagram,648415,33171,384406,16873,681,1952,917.0,False,Creator 532,IN,creator532@mail.example,education
CR00532,youtube,@creator532_youtube,51653,4020,100063,6262,761,28,,False,Creator 532,IN,creator532@mail.example,education
CR00533,instagram,@creator533_instagram,216505,16932,127069,7887,240,368,278.0,True,Creator 533,US,creator533@mail.example,education
CR00533,youtube,@creator533_youtube,253160,6989,71120,3663,917,549,,False,Creator 533,US,creator533@mail.example,education
CR00533,tiktok,@creator533_tiktok,141852,9956,257029,10202,406,0,2200.0,False,Creator 533,US,creator533@mail.example,education
CR00534,instagram,@creator534_instagram,397998,666,480818,17977,302,3271,263.0,False,Creator 534,JP,creator534@mail.example,tech
CR00534,youtube,@creator534_youtube,3994,784,3245,171,7,0,,False,Creator 534,JP,creator534@mail.example,tech
CR00534,tiktok,@creator534_tiktok,46688,3590,56552,1611,289,135,13.0,False,Creator 534,JP,creator534@mail.example,tech
CR00535,tiktok,@creator535_tiktok,200018,18306,1072456,31567,7455,8219,3220.0,False,Creator 535,CA,creator535@mail.example,gaming
CR00535,youtube,@creator535_youtube,758608,116083,1310083,73013,1285,0,,False,Creator 535,CA,creator535@mail.example,gaming
CR00535,instagram,@creator535_instagram,154996,7950,73213,5865,70,33,717.0,False,Creator 535,CA,creator535@mail.example,gaming
CR00536,tiktok,@creator536_tiktok,10157,264,41964,2920,31,171,0.0,False,Creator 536,CA,creator536@mail.example,gaming
CR00536,instagram,@creator536_instagram,83692,11210,91140,1667,74,220,54.0,False,Creator 536,CA,creator536@mail.example,gaming
CR00536,youtube,@creator536_youtube,14649,1541,20622,1657,240,22,,False,Creator 536,CA,creator536@mail.example,gaming
CR00537,instagram,@creator537_instagram,102801,13466,99097,5633,724,280,396.0,False,Creator 537,IN,creator537@mail.example,gaming
CR00537,youtube,@creator537_youtube,20937,2177,30224,1820,48,422,,False,Creator 537,IN,creator537@mail.example,gaming
CR00538,youtube,@creator538_youtube,45763,471,15560,498,321,19,,False,Creator 538,JP,creator538@mail.example,gaming
CR00538,tiktok,@creator538_tiktok,412594,38767,690781,32660,1404,1363,3713.0,False,Creator 538,JP,creator538@mail.example,gaming
CR00539,tiktok,@creator539_tiktok,138070,3275,117075,5267,20,66,11.0,False,Creator 539,US,creator539@mail.example,gaming
CR00539,instagram,@creator539_instagram,33923,2421,16345,886,73,18,25.0,False,Creator 539,US,creator539@mail.example,gaming
CR00540,youtube,@creator540_youtube,64002,-105,44268,3281,208,10,,False,Creator 540,IN,creator540@mail.example,finance
CR00540,instagram,@creator540_instagram,27629,-2104,50121,3371,14,0,224.0,False,Creator 540,IN,creator540@mail.example,finance
CR00540,tiktok,@creator540_tiktok,56215,6405,51510,2613,55,0,154.0,False,Creator 540,IN,creator540@mail.example,finance
CR00541,tiktok,@creator541_tiktok,20458,3757,205691,9578,2433,1106,0.0,False,Creator 541,DE,creator541@mail.example,beauty
CR00541,instagram,@creator541_instagram,23774,2006,8479,242,0,0,2.0,False,Creator 541,DE,creator541@mail.example,beauty
CR00542,tiktok,@creator542_tiktok,2114102,23470,12866574,788022,94138,19346,2288.0,False,Creator 542,DE,creator542@mail.example,music
CR00542,instagram,@creator542_instagram,438741,14580,544484,28826,0,4144,106.0,False,Creator 542,DE,creator542@mail.example,music
CR00542,youtube,@creator542_youtube,8298,716,5058,308,0,0,,False,Creator 542,DE,creator542@mail.example,music
CR00543,youtube,@creator543_youtube,70111,4535,44481,1312,17,13,,False,Creator 543,MX,creator543@mail.example,tech
CR00544,tiktok,@creator544_tiktok,29875,3835,108171,6072,58,0,262.0,False,Creator 544,DE,creator544@mail.example,tech
CR00544,instagram,@creator544_instagram,149896,21985,37373,1258,6,17,38.0,False,Creator 544,DE,creator544@mail.example,tech
CR00545,tiktok,@creator545_tiktok,50925,3888,125494,5329,1026,5,0.0,False,Creator 545,BR,creator545@mail.example,finance
CR00545,youtube,@creator545_youtube,61859,9566,106654,2965,565,16,,False,Creator 545,BR,creator545@mail.example,finance
CR00545,instagram,@creator545_instagram,74424,7633,145807,5149,3,624,627.0,True,Creator 545,BR,creator545@mail.example,finance
CR00546,instagram,@creator546_instagram,84405,7120,177496,17850,364,1113,52.0,False,Creator 546,US,creator546@mail.example,fitness
CR00546,youtube,@creator546_youtube,60295,6948,76921,3810,57,0,,False,Creator 546,US,creator546@mail.example,fitness
CR00546,tiktok,@creator546_tiktok,131210,11324,182022,7705,199,15,16.0,False,Creator 546,US,creator546@mail.example,fitness
CR00547,tiktok,@creator547_tiktok,73617,8299,267472,6235,165,36,1132.0,False,Creator 547,IN,creator547@mail.example,education
CR00547,youtube,@creator547_youtube,43715,-1083,164086,12946,1234,404,,False,Creator 547,IN,creator547@mail.example,education
CR00548,instagram,@creator548_instagram,278820,27085,50158,4034,154,87,0.0,False,Creator 548,BR,creator548@mail.example,finance
CR00548,youtube,@creator548_youtube,57414,8903,212061,11043,880,1461,,False,Creator 548,BR,creator548@mail.example,finance
CR00548,tiktok,@creator548_tiktok,16536,272,108326,5184,989,647,601.0,False,Creator 548,BR,creator548@mail.example,finance
CR00549,youtube,@creator549_youtube,10737,722,2477,108,14,16,,False,Creator 549,DE,creator549@mail.example,gaming
CR00549,tiktok,@creator549_tiktok,14794,1540,13557,329,0,10,94.0,False,Creator 549,DE,creator549@mail.example,gaming
CR00550,instagram,@creator550_instagram,42646,-1035,31620,1980,115,36,52.0,False,Creator 550,CA,creator550@mail.example,travel
CR00550,youtube,@creator550_youtube,167301,19771,287706,13583,71,76,,False,Creator 550,CA,creator550@mail.example,travel
CR00550,tiktok,@creator550_tiktok,145467,9809,509189,17243,3251,322,209.0,False,Creator 550,CA,creator550@mail.example,travel
CR00551,instagram,@creator551_instagram,32459,5856,1884,60,8,0,0.0,False,Creator 551,US,creator551@mail.example,travel
CR00551,youtube,@creator551_youtube,486625,-28359,1151483,77246,9045,47,,False,Creator 551,US,creator551@mail.example,travel
CR00551,tiktok,@creator551_tiktok,56645,5408,332135,16526,0,85,767.0,False,Creator 551,US,creator551@mail.example,travel
CR00552,youtube,@creator552_youtube,761,99,658,48,1,0,,False,Creator 552,DE,creator552@mail.example,finance
CR00552,tiktok,@creator552_tiktok,20009,-231,170639,12319,954,724,474.0,False,Creator 552,DE,creator552@mail.example,finance
CR00552,instagram,@creator552_instagram,271842,-4252,178323,5662,326,189,175.0,False,Creator 552,DE,creator552@mail.example,finance
CR00553,instagram,@creator553_instagram,1403328,137456,418889,19548,10932,630,6032.0,False,Creator 553,FR,creator553@mail.example,education
CR00553,tiktok,@creator553_tiktok,87638,4285,545505,10852,1373,982,911.0,False,Creator 553,FR,creator553@mail.example,education
CR00553,youtube,@creator553_youtube,27122,-502,40778,2310,99,10,,False,Creator 553,FR,creator553@mail.example,education
CR00554,instagram,@creator554_instagram,95844,10488,56720,3780,154,105,131.0,False,Creator 554,GB,creator554@mail.example,education
CR00554,youtube,@creator554_youtube,82210,1934,137979,8710,4,445,,False,Creator 554,GB,creator554@mail.example,education
CR00555,instagram,@creator555_instagram,2023,154,1224,50,11,1,2.0,False,Creator 555,JP,creator555@mail.example,fitness
CR00555,tiktok,@creator555_tiktok,37396,1210,35166,957,35,0,2.0,False,Creator 555,JP,creator555@mail.example,fitness
CR00555,youtube,@creator555_youtube,37355,5109,40814,2658,299,0,,False,Creator 555,JP,creator555@mail.example,fitness
CR00556,youtube,@creator556_youtube,6369,479,4958,188,7,4,,False,Creator 556,IN,creator556@mail.example,fitness
CR00557,tiktok,@creator557_tiktok,81834,10000,257439,10197,1096,2,0.0,False,Creator 557,MX,creator557@mail.example,beauty
CR00557,youtube,@creator557_youtube,987407,34386,2361867,60927,13316,3249,,False,Creator 557,MX,creator557@mail.example,beauty
CR00557,instagram,@creator557_instagram,11936,608,3443,131,6,0,0.0,False,Creator 557,MX,creator557@mail.example,beauty
CR00558,instagram,@creator558_instagram,169592,11508,136391,6353,62,1580,113.0,False,Creator 558,BR,creator558@mail.example,travel
CR00559,instagram,@creator559_instagram,7287,158,9822,555,45,24,0.0,False,Creator 559,BR,creator559@mail.example,fitness
CR00559,tiktok,@creator559_tiktok,12206,1602,22132,409,9,4,18.0,False,Creator 559,BR,creator559@mail.example,fitness
CR00560,tiktok,@creator560_tiktok,13850,350,96381,4594,1470,631,178.0,False,Creator 560,MX,creator560@mail.example,music
CR00560,youtube,@creator560_youtube,652318,41054,412374,20646,517,3913,,False,Creator 560,MX,creator560@mail.example,music
CR00560,instagram,@creator560_instagram,56256,6758,36647,694,21,154,374.0,False,Creator 560,MX,creator560@mail.example,music
CR00561,youtube,@creator561_youtube,38425,7590,17211,679,57,10,,False,Creator 561,US,creator561@mail.example,education
CR00561,tiktok,@creator561_tiktok,12072,569,108093,6840,1568,7,0.0,False,Creator 561,US,creator561@mail.example,education
CR00562,youtube,@creator562_youtube,34695,1307,16465,659,3,0,,False,Creator 562,GB,creator562@mail.example,music
CR00562,tiktok,@creator562_tiktok,34801,2334,101762,7421,1003,354,938.0,False,Creator 562,GB,creator562@mail.example,music
CR00562,instagram,@creator562_instagram,330701,23767,201889,4552,14,124,0.0,True,Creator 562,GB,creator562@mail.example,music
CR00563,youtube,@creator563_youtube,80275,4545,120775,3807,696,58,,False,Creator 563,IN,creator563@mail.example,education
CR00563,tiktok,@creator563_tiktok,163678,-7597,372402,13173,3404,4,78.0,False,Creator 563,IN,creator563@mail.example,education
CR00564,youtube,@creator564_youtube,44598,468,53841,2583,133,292,,False,Creator 564,GB,creator564@mail.example,tech
CR00565,tiktok,@creator565_tiktok,7095,-129,5374,178,0,2,1.0,False,Creator 565,CA,creator565@mail.example,finance
CR00566,instagram,@creator566_instagram,10062,2002,3119,178,5,1,25.0,False,Creator 566,FR,creator566@mail.example,travel
CR00566,tiktok,@creator566_tiktok,828248,48388,4974682,198897,9393,48173,2233.0,False,Creator 566,FR,creator566@mail.example,travel
CR00566,youtube,@creator566_youtube,27000,2813,57460,1106,8,24,,False,Creator 566,FR,creator566@mail.example,travel
CR00567,tiktok,@creator567_tiktok,10080,598,17080,590,4,0,3.0,False,Creator 567,KR,creator567@mail.example,tech
CR00567,youtube,@creator567_youtube,251230,18837,901540,30333,304,770,,False,Creator 567,KR,creator567@mail.example,tech
CR00567,instagram,@creator567_instagram,19065,23,1363,49,5,4,1.0,False,Creator 567,KR,creator567@mail.example,tech
CR00568,youtube,@creator568_youtube,48249,7698,43235,1860,21,0,,False,Creator 568,US,creator568@mail.example,tech
CR00568,instagram,@creator568_instagram,93259,9790,65137,1573,93,87,28.0,False,Creator 568,US,creator568@mail.example,tech
CR00568,tiktok,@creator568_tiktok,38601,-1553,259612,4276,275,590,69.0,False,Creator 568,US,creator568@mail.example,tech
CR00569,instagram,@creator569_instagram,62773,1694,37296,2931,57,23,25.0,False,Creator 569,FR,creator569@mail.example,gaming
CR00569,youtube,@creator569_youtube,75987,5084,175281,12476,162,1817,,False,Creator 569,FR,creator569@mail.example,gaming
CR00569,tiktok,@creator569_tiktok,22194,1371,36271,800,71,0,28.0,False,Creator 569,FR,creator569@mail.example,gaming
CR00570,youtube,@creator570_youtube,9250,1712,7705,160,3,4,,False,Creator 570,US,creator570@mail.example,finance
CR00570,tiktok,@creator570_tiktok,18043,1156,105442,6850,265,182,9.0,False,Creator 570,US,creator570@mail.example,finance
CR00570,instagram,@creator570_instagram,51701,4842,32653,2300,52,2,79.0,False,Creator 570,US,creator570@mail.example,finance
CR00571,tiktok,@creator571_tiktok,1698,170,2174,169,1,3,8.0,False,Creator 571,IN,creator571@mail.example,finance
CR00571,youtube,@creator571_youtube,203977,19061,136580,8883,2532,177,,False,Creator 571,IN,creator571@mail.example,finance
CR00572,instagram,@creator572_instagram,70227,-1461,72572,4253,0,102,318.0,False,Creator 572,IN,creator572@mail.example,travel
CR00572,tiktok,@creator572_tiktok,22728,1819,49624,1249,19,0,66.0,False,Creator 572,IN,creator572@mail.example,travel
CR00573,tiktok,@creator573_tiktok,93598,760,56046,945,40,20,214.0,False,Creator 573,BR,creator573@mail.example,finance
CR00574,youtube,@creator574_youtube,141536,15624,181031,5744,190,46,,False,Creator 574,GB,creator574@mail.example,gaming
CR00574,tiktok,@creator574_tiktok,107139,13651,363581,19946,799,907,85.0,False,Creator 574,GB,creator574@mail.example,gaming
CR00574,instagram,@creator574_instagram,7059,884,4842,293,10,0,0.0,False,Creator 574,GB,creator574@mail.example,gaming
CR00575,tiktok,@creator575_tiktok,14248,2642,25331,630,12,111,60.0,False,Creator 575,KR,creator575@mail.example,fitness
CR00576,tiktok,@creator576_tiktok,2259043,286427,2662473,102685,9170,38,1186.0,False,Creator 576,MX,creator576@mail.example,finance
CR00576,instagram,@creator576_instagram,542032,42274,1265126,109751,3537,5233,5364.0,False,Creator 576,MX,creator576@mail.example,finance
CR00576,youtube,@creator576_youtube,224815,13262,620480,25377,0,949,,False,Creator 576,MX,creator576@mail.example,finance
CR00577,tiktok,@creator577_tiktok,343422,62238,344048,21192,542,725,905.0,False,Creator 577,CA,creator577@mail.example,tech
CR00577,instagram,@creator577_instagram,273709,40883,161558,7489,124,394,259.0,False,Creator 577,CA,creator577@mail.example,tech
CR00577,youtube,@creator577_youtube,7492,892,3238,248,44,3,,False,Creator 577,CA,creator577@mail.example,tech
CR00578,youtube,@creator578_youtube,47020,4232,56341,5377,78,157,,False,Creator 578,KR,creator578@mail.example,finance
CR00579,youtube,@creator579_youtube,8403,102,12377,203,5,2,,False,Creator 579,FR,creator579@mail.example,music
CR00579,instagram,@creator579_instagram,9966,1395,4699,171,11,35,30.0,False,Creator 579,FR,creator579@mail.example,music
CR00580,tiktok,@creator580_tiktok,41231,4795,123332,4913,81,753,2297.0,False,Creator 580,DE,creator580@mail.example,food
CR00580,instagram,@creator580_instagram,65420,-201,63699,3060,5,140,295.0,False,Creator 580,DE,creator580@mail.example,food
CR00580,youtube,@creator580_youtube,22857,3346,9517,354,2,4,,False,Creator 580,DE,creator580@mail.example,food
CR00581,instagram,@creator581_instagram,71053,3347,172100,5551,2785,6,593.0,False,Creator 581,JP,creator581@mail.example,music
CR00581,youtube,@creator581_youtube,89468,3926,639284,39032,1712,4080,,False,Creator 581,JP,creator581@mail.example,music
CR00581,tiktok,@creator581_tiktok,255484,-1828,362073,22053,1054,8,2146.0,False,Creator 581,JP,creator581@mail.example,music
CR00582,tiktok,@creator582_tiktok,19174,3769,123385,5666,795,111,1491.0,False,Creator 582,CA,creator582@mail.example,music
CR00583,instagram,@creator583_instagram,117450,-7605,54196,1487,561,2,96.0,False,Creator 583,IN,creator583@mail.example,music
CR00583,tiktok,@creator583_tiktok,72356,6990,78801,1883,125,54,663.0,False,Creator 583,IN,creator583@mail.example,music
CR00583,youtube,@creator583_youtube,279821,15997,168031,12844,1537,1,,False,Creator 583,IN,creator583@mail.example,music
CR00584,tiktok,@creator584_tiktok,169603,15600,240183,4259,286,197,25.0,False,Creator 584,KR,creator584@mail.example,finance
CR00584,youtube,@creator584_youtube,21501,1670,35997,776,20,2,,False,Creator 584,KR,creator584@mail.example,finance
CR00584,instagram,@creator584_instagram,234598,17433,106197,7530,297,0,929.0,False,Creator 584,KR,creator584@mail.example,finance
CR00585,tiktok,@creator585_tiktok,1046,115,2638,37,6,0,2.0,False,Creator 585,CA,creator585@mail.example,food
CR00585,youtube,@creator585_youtube,35643,7054,78087,3081,1319,37,,False,Creator 585,CA,creator585@mail.example,food
CR00586,instagram,@creator586_instagram,17346,468,24400,587,7,15,54.0,True,Creator 586,US,creator586@mail.example,education
CR00587,youtube,@creator587_youtube,113807,10713,79274,1539,41,0,,False,Creator 587,MX,creator587@mail.example,tech
CR00587,instagram,@creator587_instagram,3072,686,1380,87,5,0,11.0,False,Creator 587,MX,creator587@mail.example,tech
CR00587,tiktok,@creator587_tiktok,289934,37714,1007841,49058,496,272,21319.0,False,Creator 587,MX,creator587@mail.example,tech
CR00588,instagram,@creator588_instagram,7715,691,36829,2411,205,0,88.0,False,Creator 588,FR,creator588@mail.example,gaming
CR00588,tiktok,@creator588_tiktok,39527,5455,340023,9550,399,254,176.0,False,Creator 588,FR,creator588@mail.example,gaming
CR00588,youtube,@creator588_youtube,121669,9229,101540,1841,204,232,,False,Creator 588,FR,creator588@mail.example,gaming
CR00589,tiktok,@creator589_tiktok,11896,38,56923,2374,421,603,152.0,False,Creator 589,MX,creator589@mail.example,travel
CR00589,youtube,@creator589_youtube,103254,12697,164472,7082,853,82,,False,Creator 589,MX,creator589@mail.example,travel
CR00590,youtube,@creator590_youtube,41199,6268,140064,5299,146,4,,False,Creator 590,CA,creator590@mail.example,tech
CR00591,youtube,@creator591_youtube,4756,436,3263,277,0,0,,False,Creator 591,MX,creator591@mail.example,tech
CR00591,instagram,@creator591_instagram,77260,657,125703,6599,2,561,1181.0,False,Creator 591,MX,creator591@mail.example,tech
CR00591,tiktok,@creator591_tiktok,73802,7661,256243,19725,3336,7,171.0,False,Creator 591,MX,creator591@mail.example,tech
CR00592,tiktok,@creator592_tiktok,82757,5352,250401,7371,94,0,123.0,False,Creator 592,MX,creator592@mail.example,music
CR00593,instagram,@creator593_instagram,56063,6001,52830,2735,293,0,146.0,False,Creator 593,KR,creator593@mail.example,fitness
CR00593,youtube,@creator593_youtube,7646,1703,45346,1508,62,72,,False,Creator 593,KR,creator593@mail.example,fitness
CR00593,tiktok,@creator593_tiktok,215668,3641,1626347,33640,1056,1414,6.0,False,Creator 593,KR,creator593@mail.example,fitness
CR00594,tiktok,@creator594_tiktok,190183,4695,651141,17375,3518,1374,201.0,False,Creator 594,US,creator594@mail.example,finance
CR00594,instagram,@creator594_instagram,139449,734,199113,6840,40,804,396.0,False,Creator 594,US,creator594@mail.example,finance
CR00595,instagram,@creator595_instagram,24194,2951,14135,758,7,0,56.0,True,Creator 595,KR,creator595@mail.example,gaming
CR00595,youtube,@creator595_youtube,149680,13870,352935,8108,940,9,,False,Creator 595,KR,creator595@mail.example,gaming
CR00596,instagram,@creator596_instagram,140100,24052,102262,2860,79,431,142.0,True,Creator 596,BR,creator596@mail.example,tech
CR00596,youtube,@creator596_youtube,572776,17311,613093,34386,617,571,,False,Creator 596,BR,creator596@mail.example,tech
CR00596,tiktok,@creator596_tiktok,18608,1162,132781,3379,168,243,1182.0,False,Creator 596,BR,creator596@mail.example,tech
CR00597,youtube,@creator597_youtube,34147,2571,18588,617,156,22,,False,Creator 597,GB,creator597@mail.example,fitness
CR00598,tiktok,@creator598_tiktok,82030,17773,112002,2995,141,65,95.0,False,Creator 598,US,creator598@mail.example,finance
CR00599,tiktok,@creator599_tiktok,1361,129,6456,457,13,114,0.0,False,Creator 599,US,creator599@mail.example,fitness
CR00599,youtube,@creator599_youtube,16651,84,33291,1522,43,213,,False,Creator 599,US,creator599@mail.example,fitness
CR00599,instagram,@creator599_instagram,57409,1777,44099,1424,408,0,10.0,False,Creator 599,US,creator599@mail.example,fitness
CR00600,youtube,@creator600_youtube,18297,3020,12981,771,15,4,,False,Creator 600,CA,creator600@mail.example,tech
CR00600,tiktok,@creator600_tiktok,17289,1835,92220,1780,121,0,3.0,False,Creator 600,CA,creator600@mail.example,tech
CR00600,instagram,@creator600_instagram,145062,6764,265286,11976,339,22,240.0,False,Creator 600,CA,creator600@mail.example,tech
CR00601,tiktok,@creator601_tiktok,21663,1763,53960,4745,190,177,15.0,False,Creator 601,DE,creator601@mail.example,comedy
CR00601,youtube,@creator601_youtube,296284,11463,818674,23108,1804,34,,False,Creator 601,DE,creator601@mail.example,comedy
CR00601,instagram,@creator601_instagram,10491,701,5905,194,94,0,4.0,False,Creator 601,DE,creator601@mail.example,comedy
CR00602,youtube,@creator602_youtube,127304,17805,406739,15741,517,1120,,False,Creator 602,GB,creator602@mail.example,education
CR00602,instagram,@creator602_instagram,95673,5557,16223,937,0,103,25.0,False,Creator 602,GB,creator602@mail.example,education
CR00602,tiktok,@creator602_tiktok,2429,337,2361,83,4,2,1.0,False,Creator 602,GB,creator602@mail.example,education
CR00603,youtube,@creator603_youtube,5154,-129,2201,121,6,0,,False,Creator 603,FR,creator603@mail.example,travel
CR00604,instagram,@creator604_instagram,34181,-508,22296,678,0,0,60.0,False,Creator 604,JP,creator604@mail.example,comedy
CR00604,tiktok,@creator604_tiktok,28652,1452,289215,19009,1464,69,796.0,False,Creator 604,JP,creator604@mail.example,comedy
CR00605,youtube,@creator605_youtube,18825,1662,16647,1296,0,51,,False,Creator 605,MX,creator605@mail.example,beauty
CR00605,instagram,@creator605_instagram,39123,5268,24719,1685,3,0,88.0,False,Creator 605,MX,creator605@mail.example,beauty
CR00605,tiktok,@creator605_tiktok,112575,2733,242685,10508,1526,36,614.0,False,Creator 605,MX,creator605@mail.example,beauty
CR00606,instagram,@creator606_instagram,257021,20260,251923,18465,178,0,54.0,False,Creator 606,US,creator606@mail.example,comedy
CR00606,youtube,@creator606_youtube,14889,1875,27549,1957,109,29,,False,Creator 606,US,creator606@mail.example,comedy
CR00606,tiktok,@creator606_tiktok,101820,10242,727129,51386,1659,1007,74.0,False,Creator 606,US,creator606@mail.example,comedy
CR00607,tiktok,@creator607_tiktok,27135,-637,187776,9172,1252,829,382.0,False,Creator 607,US,creator607@mail.example,comedy
CR00608,youtube,@creator608_youtube,77055,4596,69351,7597,75,426,,False,Creator 608,MX,creator608@mail.example,education
CR00608,tiktok,@creator608_tiktok,518442,32408,805738,44395,3500,7063,118.0,False,Creator 608,MX,creator608@mail.example,education
CR00608,instagram,@creator608_instagram,2087,122,901,34,4,23,2.0,False,Creator 608,MX,creator608@mail.example,education
CR00609,instagram,@creator609_instagram,36040,4472,9578,561,60,21,69.0,False,Creator 609,BR,creator609@mail.example,music
CR00609,youtube,@creator609_youtube,503440,14464,843548,46429,60,3996,,False,Creator 609,BR,creator609@mail.example,music
CR00609,tiktok,@creator609_tiktok,124033,-1365,193972,3984,2587,10,925.0,False,Creator 609,BR,creator609@mail.example,music
CR00610,tiktok,@creator610_tiktok,120428,5385,100591,6534,21,33,696.0,False,Creator 610,JP,creator610@mail.example,food
CR00610,instagram,@creator610_instagram,804901,46449,281413,10423,202,0,1567.0,False,Creator 610,JP,creator610@mail.example,food
CR00610,youtube,@creator610_youtube,32208,4057,59866,2551,364,178,,False,Creator 610,JP,creator610@mail.example,food
CR00611,tiktok,@creator611_tiktok,10773,1971,33557,2596,43,191,101.0,False,Creator 611,IN,creator611@mail.example,food
CR00612,tiktok,@creator612_tiktok,100164,1727,289528,17612,5444,2263,18.0,False,Creator 612,US,creator612@mail.example,tech
CR00612,youtube,@creator612_youtube,421763,21778,1179304,44804,2941,301,,False,Creator 612,US,creator612@mail.example,tech
CR00613,instagram,@creator613_instagram,17351,984,8353,643,7,21,3.0,False,Creator 613,JP,creator613@mail.example,finance
CR00613,tiktok,@creator613_tiktok,3243,173,12920,851,0,0,112.0,False,Creator 613,JP,creator613@mail.example,finance
CR00613,youtube,@creator613_youtube,46939,6578,20642,868,26,0,,False,Creator 613,JP,creator613@mail.example,finance
CR00614,tiktok,@creator614_tiktok,18722,-2047,37559,1862,0,56,74.0,False,Creator 614,GB,creator614@mail.example,gaming
CR00615,youtube,@creator615_youtube,240258,21825,81985,2114,229,28,,False,Creator 615,MX,creator615@mail.example,music
CR00615,instagram,@creator615_instagram,10638,-102,4342,133,0,2,16.0,True,Creator 615,MX,creator615@mail.example,music
CR00615,tiktok,@creator615_tiktok,75804,4895,531365,24345,2908,823,1397.0,False,Creator 615,MX,creator615@mail.example,music
CR00616,instagram,@creator616_instagram,53186,7226,6057,129,17,45,0.0,False,Creator 616,MX,creator616@mail.example,education
CR00616,tiktok,@creator616_tiktok,66757,-386,124306,4155,77,35,21.0,False,Creator 616,MX,creator616@mail.example,education
CR00616,youtube,@creator616_youtube,10756,1502,27014,2026,48,48,,False,Creator 616,MX,creator616@mail.example,education
CR00617,instagram,@creator617_instagram,50511,1966,28991,827,118,1,61.0,False,Creator 617,GB,creator617@mail.example,food
CR00617,youtube,@creator617_youtube,102,10,127,1,0,0,,False,Creator 617,GB,creator617@mail.example,food
CR00618,youtube,@creator618_youtube,490142,59382,565951,33326,2798,3315,,False,Creator 618,MX,creator618@mail.example,tech
CR00618,instagram,@creator618_instagram,196757,24776,75263,2969,83,148,76.0,False,Creator 618,MX,creator618@mail.example,tech
CR00618,tiktok,@creator618_tiktok,660653,25510,447296,13462,349,1056,231.0,False,Creator 618,MX,creator618@mail.example,tech
CR00619,instagram,@creator619_instagram,32054,3019,6737,306,0,47,22.0,False,Creator 619,GB,creator619@mail.example,finance
CR00619,tiktok,@creator619_tiktok,19397,1682,47434,2416,1372,420,308.0,False,Creator 619,GB,creator619@mail.example,finance
CR00620,youtube,@creator620_youtube,5840,1170,15338,588,7,12,,False,Creator 620,JP,creator620@mail.example,gaming
CR00620,tiktok,@creator620_tiktok,60203,4751,222101,2416,1152,140,183.0,False,Creator 620,JP,creator620@mail.example,gaming
CR00620,instagram,@creator620_instagram,834940,55705,1666561,76138,13390,3230,1361.0,False,Creator 620,JP,creator620@mail.example,gaming
CR00621,tiktok,@creator621_tiktok,14933,1819,56514,1881,639,36,34.0,False,Creator 621,IN,creator621@mail.example,music
CR00621,instagram,@creator621_instagram,4055,712,1195,86,0,2,0.0,False,Creator 621,IN,creator621@mail.example,music
CR00621,youtube,@creator621_youtube,101991,6874,359198,19625,2476,1599,,False,Creator 621,IN,creator621@mail.example,music
CR00622,youtube,@creator622_youtube,84044,3121,93205,5719,362,259,,False,Creator 622,GB,creator622@mail.example,education
CR00622,instagram,@creator622_instagram,190881,15063,174591,6144,508,35,38.0,False,Creator 622,GB,creator622@mail.example,education
CR00622,tiktok,@creator622_tiktok,48830,-1372,193750,9677,1405,0,847.0,False,Creator 622,GB,creator622@mail.example,education
CR00623,instagram,@creator623_instagram,232443,23486,69329,2486,54,92,60.0,False,Creator 623,IN,creator623@mail.example,comedy
CR00623,youtube,@creator623_youtube,347402,22773,593288,26294,5283,6530,,False,Creator 623,IN,creator623@mail.example,comedy
CR00624,instagram,@creator624_instagram,60411,3543,39813,1966,74,8,109.0,False,Creator 624,BR,creator624@mail.example,beauty
CR00624,youtube,@creator624_youtube,462599,38642,417790,28414,1288,103,,False,Creator 624,BR,creator624@mail.example,beauty
CR00624,tiktok,@creator624_tiktok,12688,935,49331,1255,32,0,0.0,False,Creator 624,BR,creator624@mail.example,beauty
CR00625,tiktok,@creator625_tiktok,106380,13676,376521,20082,202,673,4148.0,False,Creator 625,BR,creator625@mail.example,comedy
CR00625,youtube,@creator625_youtube,38734,1447,122231,7223,122,0,,False,Creator 625,BR,creator625@mail.example,comedy
CR00625,instagram,@creator625_instagram,2070,217,350,11,0,0,0.0,False,Creator 625,BR,creator625@mail.example,comedy
CR00626,instagram,@creator626_instagram,13069,1731,2252,88,8,0,5.0,False,Creator 626,BR,creator626@mail.example,travel
CR00627,youtube,@creator627_youtube,295333,11165,940529,41405,848,80,,False,Creator 627,JP,creator627@mail.example,beauty
CR00627,tiktok,@creator627_tiktok,199323,-4325,3603272,87817,18,10165,12765.0,False,Creator 627,JP,creator627@mail.example,beauty
CR00627,instagram,@creator627_instagram,46661,-148,33869,904,126,58,43.0,False,Creator 627,JP,creator627@mail.example,beauty
CR00628,instagram,@creator628_instagram,3606,496,2245,173,16,4,14.0,False,Creator 628,JP,creator628@mail.example,food
CR00629,youtube,@creator629_youtube,4826,732,1722,66,1,0,,False,Creator 629,FR,creator629@mail.example,music
CR00629,instagram,@creator629_instagram,78268,9262,69659,3499,9,465,0.0,False,Creator 629,FR,creator629@mail.example,music
CR00630,tiktok,@creator630_tiktok,66048,7225,580715,45883,706,890,1048.0,False,Creator 630,GB,creator630@mail.example,finance
CR00630,youtube,@creator630_youtube,544105,25000,495752,22129,296,0,,False,Creator 630,GB,creator630@mail.example,finance
CR00631,tiktok,@creator631_tiktok,3238,365,6614,184,6,5,13.0,False,Creator 631,JP,creator631@mail.example,comedy
CR00631,youtube,@creator631_youtube,260427,16830,540155,32931,5236,766,,False,Creator 631,JP,creator631@mail.example,comedy
CR00631,instagram,@creator631_instagram,10157,527,23018,961,7,105,85.0,False,Creator 631,JP,creator631@mail.example,comedy
CR00632,instagram,@creator632_instagram,7324285,805170,3988583,280394,37220,25250,14583.0,False,Creator 632,IN,creator632@mail.example,tech
CR00632,youtube,@creator632_youtube,24111,2196,61921,4491,97,423,,False,Creator 632,IN,creator632@mail.example,tech
CR00633,tiktok,@creator633_tiktok,615536,12800,763592,36189,9280,119,4934.0,False,Creator 633,US,creator633@mail.example,comedy
CR00634,tiktok,@creator634_tiktok,82917,4397,133385,5529,117,658,528.0,False,Creator 634,KR,creator634@mail.example,travel
CR00635,youtube,@creator635_youtube,7526,551,19987,481,83,5,,False,Creator 635,BR,creator635@mail.example,education
CR00635,tiktok,@creator635_tiktok,316858,41034,731411,43420,306,2530,9151.0,False,Creator 635,BR,creator635@mail.example,education
CR00635,instagram,@creator635_instagram,646330,-32546,113083,2703,66,17,267.0,False,Creator 635,BR,creator635@mail.example,education
CR00636,instagram,@creator636_instagram,248422,30736,119635,11944,746,1,1438.0,False,Creator 636,GB,creator636@mail.example,comedy
CR00636,tiktok,@creator636_tiktok,134598,16595,848115,86845,131,1355,352.0,False,Creator 636,GB,creator636@mail.example,comedy
CR00637,instagram,@creator637_instagram,23978,3816,8524,776,53,15,5.0,False,Creator 637,KR,creator637@mail.example,finance
CR00638,tiktok,@creator638_tiktok,16048,654,30939,1838,293,0,6.0,False,Creator 638,CA,creator638@mail.example,food
CR00638,instagram,@creator638_instagram,396658,8735,1522037,64880,14469,8287,11795.0,False,Creator 638,CA,creator638@mail.example,food
CR00639,tiktok,@creator639_tiktok,46032,6480,69018,3701,99,59,154.0,False,Creator 639,DE,creator639@mail.example,food
CR00639,youtube,@creator639_youtube,41828,4184,20148,805,32,0,,False,Creator 639,DE,creator639@mail.example,food
CR00640,youtube,@creator640_youtube,96244,1139,138140,9268,429,49,,False,Creator 640,IN,creator640@mail.example,food
CR00640,tiktok,@creator640_tiktok,17174,2269,41746,1352,18,76,18.0,False,Creator 640,IN,creator640@mail.example,food
CR00641,tiktok,@creator641_tiktok,103863,22180,178592,11307,2014,4,2774.0,False,Creator 641,IN,creator641@mail.example,food
CR00641,instagram,@creator641_instagram,19143,936,29028,636,0,93,1.0,False,Creator 641,IN,creator641@mail.example,food
CR00641,youtube,@creator641_youtube,302597,27548,736007,39683,3746,705,,False,Creator 641,IN,creator641@mail.example,food
CR00642,tiktok,@creator642_tiktok,63896,-3988,226795,4972,164,0,0.0,False,Creator 642,KR,creator642@mail.example,beauty
CR00642,youtube,@creator642_youtube,52113,6746,61728,5518,275,78,,False,Creator 642,KR,creator642@mail.example,beauty
CR00642,instagram,@creator642_instagram,4322,359,6146,113,24,3,0.0,False,Creator 642,KR,creator642@mail.example,beauty
CR00643,youtube,@creator643_youtube,126568,16077,263235,3727,385,1069,,False,Creator 643,KR,creator643@mail.example,fitness
CR00644,youtube,@creator644_youtube,19455,1583,22878,2073,292,0,,False,Creator 644,CA,creator644@mail.example,tech
CR00644,instagram,@creator644_instagram,308066,30349,504564,8771,1029,3594,552.0,False,Creator 644,CA,creator644@mail.example,tech
CR00644,tiktok,@creator644_tiktok,43206,6838,129005,6644,108,1601,36.0,False,Creator 644,CA,creator644@mail.example,tech
CR00645,tiktok,@creator645_tiktok,100850,15495,844728,30659,2357,694,3156.0,False,Creator 645,US,creator645@mail.example,travel
CR00645,youtube,@creator645_youtube,40238,-325,62228,2855,100,140,,False,Creator 645,US,creator645@mail.example,travel
CR00645,instagram,@creator645_instagram,23453,-1293,28902,1152,163,7,209.0,False,Creator 645,US,creator645@mail.example,travel
CR00646,youtube,@creator646_youtube,360295,42830,116025,8491,27,0,,False,Creator 646,JP,creator646@mail.example,finance
CR00646,tiktok,@creator646_tiktok,108889,11317,628717,33974,0,2702,3801.0,False,Creator 646,JP,creator646@mail.example,finance
CR00646,instagram,@creator646_instagram,236378,30926,293916,8767,465,52,85.0,False,Creator 646,JP,creator646@mail.example,finance
CR00647,instagram,@creator647_instagram,43311,-2526,4514,75,14,34,33.0,False,Creator 647,US,creator647@mail.example,finance
CR00648,tiktok,@creator648_tiktok,525179,8783,1906758,46580,577,4778,8672.0,False,Creator 648,JP,creator648@mail.example,travel
CR00648,youtube,@creator648_youtube,24271,2112,34160,3539,158,4,,False,Creator 648,JP,creator648@mail.example,travel
CR00648,instagram,@creator648_instagram,28941,3089,12709,362,5,37,53.0,False,Creator 648,JP,creator648@mail.example,travel
CR00649,tiktok,@creator649_tiktok,12564,1001,12446,491,0,0,5.0,False,Creator 649,IN,creator649@mail.example,music
CR00649,youtube,@creator649_youtube,130454,-5497,135515,6367,98,42,,False,Creator 649,IN,creator649@mail.example,music
CR00649,instagram,@creator649_instagram,13473,1572,5341,121,10,6,0.0,True,Creator 649,IN,creator649@mail.example,music
CR00650,youtube,@creator650_youtube,715100,42506,451001,22058,2133,2969,,False,Creator 650,GB,creator650@mail.example,comedy
CR00650,tiktok,@creator650_tiktok,23945,2107,35130,742,121,43,59.0,False,Creator 650,GB,creator650@mail.example,comedy
CR00651,tiktok,@creator651_tiktok,31529,614,72861,1350,0,64,73.0,False,Creator 651,BR,creator651@mail.example,fitness
CR00652,youtube,@creator652_youtube,215756,18908,60502,4544,272,26,,False,Creator 652,JP,creator652@mail.example,food
CR00653,tiktok,@creator653_tiktok,20570,1854,108876,3318,214,180,315.0,False,Creator 653,IN,creator653@mail.example,gaming
CR00653,youtube,@creator653_youtube,827,93,313,11,0,0,,False,Creator 653,IN,creator653@mail.example,gaming
CR00653,instagram,@creator653_instagram,269934,41957,260343,7220,350,0,93.0,False,Creator 653,IN,creator653@mail.example,gaming
CR00654,youtube,@creator654_youtube,135083,20578,164370,12547,75,1946,,False,Creator 654,MX,creator654@mail.example,education
CR00655,instagram,@creator655_instagram,137227,5702,29455,1944,170,3,1.0,False,Creator 655,IN,creator655@mail.example,travel
CR00655,youtube,@creator655_youtube,29246,-2120,32204,1409,0,114,,False,Creator 655,IN,creator655@mail.example,travel
CR00656,instagram,@creator656_instagram,98445,10836,73037,2718,195,729,1196.0,False,Creator 656,JP,creator656@mail.example,beauty
CR00656,youtube,@creator656_youtube,47714,3971,22633,2385,0,107,,False,Creator 656,JP,creator656@mail.example,beauty
CR00656,tiktok,@creator656_tiktok,171834,25413,196894,11924,580,644,181.0,False,Creator 656,JP,creator656@mail.example,beauty
CR00657,tiktok,@creator657_tiktok,479156,77662,406433,30178,649,2094,1625.0,False,Creator 657,JP,creator657@mail.example,travel
CR00658,youtube,@creator658_youtube,128841,5786,110181,4102,338,398,,False,Creator 658,JP,creator658@mail.example,education
CR00659,instagram,@creator659_instagram,4631,131,2743,156,10,7,21.0,False,Creator 659,GB,creator659@mail.example,beauty
CR00659,youtube,@creator659_youtube,121025,11449,705896,22431,494,6739,,False,Creator 659,GB,creator659@mail.example,beauty
CR00659,tiktok,@creator659_tiktok,68544,4610,94704,9242,144,807,0.0,False,Creator 659,GB,creator659@mail.example,beauty
CR00660,instagram,@creator660_instagram,4328,991,480,19,0,2,0.0,True,Creator 660,MX,creator660@mail.example,fitness
CR00661,youtube,@creator661_youtube,55321,1967,119282,7150,29,157,,False,Creator 661,BR,creator661@mail.example,travel
CR00661,tiktok,@creator661_tiktok,8670,1292,36131,1135,14,1,83.0,False,Creator 661,BR,creator661@mail.example,travel
CR00662,youtube,@creator662_youtube,103556,18068,536805,35259,1758,1166,,False,Creator 662,IN,creator662@mail.example,finance
CR00662,instagram,@creator662_instagram,44450,4699,31728,1871,49,0,191.0,False,Creator 662,IN,creator662@mail.example,finance
CR00663,instagram,@creator663_instagram,339741,49766,701794,40029,4320,177,3261.0,False,Creator 663,GB,creator663@mail.example,gaming
CR00663,youtube,@creator663_youtube,743489,91732,1000051,36335,8805,7455,,False,Creator 663,GB,creator663@mail.example,gaming
CR00663,tiktok,@creator663_tiktok,20977,1802,7354,235,7,5,37.0,False,Creator 663,GB,creator663@mail.example,gaming
CR00664,tiktok,@creator664_tiktok,27604,3760,105632,6663,30,265,51.0,False,Creator 664,JP,creator664@mail.example,travel
CR00665,youtube,@creator665_youtube,11028,577,15195,1169,1,41,,False,Creator 665,US,creator665@mail.example,tech
CR00665,instagram,@creator665_instagram,24678,2870,4301,255,0,28,0.0,False,Creator 665,US,creator665@mail.example,tech
CR00665,tiktok,@creator665_tiktok,43816,3212,55574,3343,535,9,610.0,False,Creator 665,US,creator665@mail.example,tech
CR00666,instagram,@creator666_instagram,11887,159,2863,232,3,28,9.0,False,Creator 666,IN,creator666@mail.example,comedy
CR00667,instagram,@creator667_instagram,47892,7824,12789,898,22,0,0.0,False,Creator 667,JP,creator667@mail.example,finance
CR00667,tiktok,@creator667_tiktok,6920,672,17146,626,11,0,3.0,False,Creator 667,JP,creator667@mail.example,finance
CR00667,youtube,@creator667_youtube,63348,3449,69177,1301,658,933,,False,Creator 667,JP,creator667@mail.example,finance
CR00668,tiktok,@creator668_tiktok,9836,1798,27826,470,117,28,153.0,False,Creator 668,GB,creator668@mail.example,gaming
CR00668,youtube,@creator668_youtube,126353,3456,217507,12082,1290,1926,,False,Creator 668,GB,creator668@mail.example,gaming
CR00669,instagram,@creator669_instagram,22304,3685,5180,175,21,3,26.0,False,Creator 669,MX,creator669@mail.example,beauty
CR00669,tiktok,@creator669_tiktok,44647,4069,59993,1679,115,1,72.0,False,Creator 669,MX,creator669@mail.example,beauty
CR00670,youtube,@creator670_youtube,58398,1891,119752,5165,143,122,,False,Creator 670,JP,creator670@mail.example,gaming
CR00670,instagram,@creator670_instagram,5012,608,4919,151,7,0,5.0,False,Creator 670,JP,creator670@mail.example,gaming
CR00670,tiktok,@creator670_tiktok,275598,25615,3100122,130058,22376,4824,1330.0,False,Creator 670,JP,creator670@mail.example,gaming
CR00671,tiktok,@creator671_tiktok,110006,7322,219280,14112,1070,566,16.0,False,Creator 671,IN,creator671@mail.example,food
CR00672,youtube,@creator672_youtube,44835,3644,16267,268,0,29,,False,Creator 672,FR,creator672@mail.example,finance
CR00672,instagram,@creator672_instagram,483309,78269,84965,1463,0,115,51.0,False,Creator 672,FR,creator672@mail.example,finance
CR00672,tiktok,@creator672_tiktok,127281,12383,434349,8770,920,59,463.0,False,Creator 672,FR,creator672@mail.example,finance
CR00673,instagram,@creator673_instagram,7851,-21,6476,220,61,26,0.0,False,Creator 673,BR,creator673@mail.example,education
CR00673,tiktok,@creator673_tiktok,432549,17477,784207,23138,272,3298,2738.0,False,Creator 673,BR,creator673@mail.example,education
CR00673,youtube,@creator673_youtube,83232,-374,65086,2669,249,0,,False,Creator 673,BR,creator673@mail.example,education
CR00674,youtube,@creator674_youtube,60638,6083,95023,8831,687,48,,False,Creator 674,BR,creator674@mail.example,finance
CR00674,tiktok,@creator674_tiktok,15387,94,26121,500,70,32,50.0,False,Creator 674,BR,creator674@mail.example,finance
CR00674,instagram,@creator674_instagram,103226,4714,62572,2419,427,58,72.0,False,Creator 674,BR,creator674@mail.example,finance
CR00675,instagram,@creator675_instagram,12686,1053,9326,387,12,6,85.0,False,Creator 675,GB,creator675@mail.example,finance
CR00676,instagram,@creator676_instagram,207361,32195,237493,14181,168,2351,162.0,False,Creator 676,KR,creator676@mail.example,food
CR00676,tiktok,@creator676_tiktok,641784,87036,1128955,49750,4274,0,6218.0,False,Creator 676,KR,creator676@mail.example,food
CR00676,youtube,@creator676_youtube,90155,4195,259339,9099,288,785,,False,Creator 676,KR,creator676@mail.example,food
CR00677,youtube,@creator677_youtube,99331,15762,158802,9509,874,199,,False,Creator 677,GB,creator677@mail.example,tech
CR00678,youtube,@creator678_youtube,145389,13701,106842,6287,166,135,,False,Creator 678,CA,creator678@mail.example,tech
CR00679,instagram,@creator679_instagram,302457,35875,182212,6017,1455,0,45.0,False,Creator 679,MX,creator679@mail.example,music
CR00679,tiktok,@creator679_tiktok,31367,-1116,101630,4244,1085,82,47.0,False,Creator 679,MX,creator679@mail.example,music
CR00679,youtube,@creator679_youtube,3616,143,7527,192,7,92,,False,Creator 679,MX,creator679@mail.example,music
CR00680,tiktok,@creator680_tiktok,75395,6732,286647,23654,14,0,2253.0,False,Creator 680,IN,creator680@mail.example,beauty
CR00681,tiktok,@creator681_tiktok,38439,-1565,273039,9476,576,10,349.0,False,Creator 681,DE,creator681@mail.example,education
CR00681,youtube,@creator681_youtube,278525,22507,319610,23336,1038,2931,,False,Creator 681,DE,creator681@mail.example,education
CR00681,instagram,@creator681_instagram,2461528,187663,3652994,125669,4688,547,13282.0,False,Creator 681,DE,creator681@mail.example,education
CR00682,youtube,@creator682_youtube,29754,-116,36598,2513,17,33,,False,Creator 682,CA,creator682@mail.example,finance
CR00682,instagram,@creator682_instagram,116390,12293,363656,10377,1301,0,154.0,False,Creator 682,CA,creator682@mail.example,finance
CR00682,tiktok,@creator682_tiktok,36626,6702,53245,2229,119,126,317.0,False,Creator 682,CA,creator682@mail.example,finance
CR00683,instagram,@creator683_instagram,69599,-1353,12555,845,73,0,1.0,False,Creator 683,KR,creator683@mail.example,finance
CR00684,instagram,@creator684_instagram,106254,-4963,55854,1326,43,59,86.0,False,Creator 684,MX,creator684@mail.example,fitness
CR00684,tiktok,@creator684_tiktok,199168,8599,743383,22817,2286,28,1163.0,False,Creator 684,MX,creator684@mail.example,fitness
CR00684,youtube,@creator684_youtube,12327,1816,22880,517,69,20,,False,Creator 684,MX,creator684@mail.example,fitness
CR00685,youtube,@creator685_youtube,272123,23476,184644,16315,1521,43,,False,Creator 685,IN,creator685@mail.example,tech
CR00685,tiktok,@creator685_tiktok,71852,-538,102214,7123,13,347,172.0,False,Creator 685,IN,creator685@mail.example,tech
CR00685,instagram,@creator685_instagram,599025,54710,320512,6295,9,11,571.0,False,Creator 685,IN,creator685@mail.example,tech
CR00686,tiktok,@creator686_tiktok,109621,4070,261482,9274,1016,178,105.0,False,Creator 686,GB,creator686@mail.example,gaming
CR00686,instagram,@creator686_instagram,195504,32032,164049,7850,376,0,3180.0,False,Creator 686,GB,creator686@mail.example,gaming
CR00686,youtube,@creator686_youtube,58539,8265,86296,6574,183,1,,False,Creator 686,GB,creator686@mail.example,gaming
CR00687,instagram,@creator687_instagram,130815,16234,33048,1120,0,22,99.0,False,Creator 687,DE,creator687@mail.example,travel
CR00687,tiktok,@creator687_tiktok,11710,295,65169,2630,22,261,547.0,False,Creator 687,DE,creator687@mail.example,travel
CR00687,youtube,@creator687_youtube,56306,7850,91769,2073,302,38,,False,Creator 687,DE,creator687@mail.example,travel
CR00688,youtube,@creator688_youtube,93445,15858,163285,7861,169,428,,False,Creator 688,BR,creator688@mail.example,food
CR00688,tiktok,@creator688_tiktok,432973,21789,1542173,38553,5182,635,1852.0,False,Creator 688,BR,creator688@mail.example,food
CR00688,instagram,@creator688_instagram,18611,1828,16307,610,15,28,0.0,True,Creator 688,BR,creator688@mail.example,food
CR00689,instagram,@creator689_instagram,4814,21,2661,191,12,9,12.0,False,Creator 689,JP,creator689@mail.example,fitness
CR00689,tiktok,@creator689_tiktok,54054,7948,157660,3980,277,560,23.0,False,Creator 689,JP,creator689@mail.example,fitness
CR00689,youtube,@creator689_youtube,458593,89727,1322303,24385,183,298,,False,Creator 689,JP,creator689@mail.example,fitness
CR00690,tiktok,@creator690_tiktok,4694,778,35842,1502,52,61,125.0,False,Creator 690,JP,creator690@mail.example,music
CR00690,youtube,@creator690_youtube,5591,151,3353,125,6,0,,False,Creator 690,JP,creator690@mail.example,music
CR00690,instagram,@creator690_instagram,8936,1422,4152,108,6,2,32.0,True,Creator 690,JP,creator690@mail.example,music
CR00691,tiktok,@creator691_tiktok,13587,-923,39562,3166,642,17,17.0,False,Creator 691,FR,creator691@mail.example,beauty
CR00691,instagram,@creator691_instagram,19856,3524,8773,443,31,46,0.0,True,Creator 691,FR,creator691@mail.example,beauty
CR00692,tiktok,@creator692_tiktok,87142,1686,143992,8525,182,114,1195.0,False,Creator 692,US,creator692@mail.example,gaming
CR00692,instagram,@creator692_instagram,29110,3075,26732,1320,398,40,282.0,False,Creator 692,US,creator692@mail.example,gaming
CR00692,youtube,@creator692_youtube,13958,1093,9415,521,54,7,,False,Creator 692,US,creator692@mail.example,gaming
CR00693,tiktok,@creator693_tiktok,270129,11379,1028130,56420,1024,0,1084.0,False,Creator 693,CA,creator693@mail.example,gaming
CR00693,instagram,@creator693_instagram,1959411,97831,586674,10673,1540,803,1000.0,False,Creator 693,CA,creator693@mail.example,gaming
CR00694,youtube,@creator694_youtube,2417,337,5707,346,30,19,,False,Creator 694,US,creator694@mail.example,gaming
CR00694,tiktok,@creator694_tiktok,12409,1907,51883,2934,122,1103,183.0,False,Creator 694,US,creator694@mail.example,gaming
CR00694,instagram,@creator694_instagram,22148,2347,41356,1982,32,37,0.0,False,Creator 694,US,creator694@mail.example,gaming
CR00695,tiktok,@creator695_tiktok,72528,8227,114169,8585,402,359,756.0,False,Creator 695,JP,creator695@mail.example,comedy
CR00695,youtube,@creator695_youtube,550402,38793,1126571,61540,2,2093,,False,Creator 695,JP,creator695@mail.example,comedy
CR00695,instagram,@creator695_instagram,18063,-305,5415,166,13,0,24.0,True,Creator 695,JP,creator695@mail.example,comedy
CR00696,youtube,@creator696_youtube,174833,25924,63674,1421,93,3,,False,Creator 696,JP,creator696@mail.example,travel
CR00696,tiktok,@creator696_tiktok,52956,7927,431793,11623,340,673,2608.0,False,Creator 696,JP,creator696@mail.example,travel
CR00696,instagram,@creator696_instagram,36961,3189,51772,2336,260,95,729.0,False,Creator 696,JP,creator696@mail.example,travel
CR00697,youtube,@creator697_youtube,210092,4803,61974,1336,24,0,,False,Creator 697,FR,creator697@mail.example,education
CR00697,instagram,@creator697_instagram,40039,4234,16135,1307,353,0,208.0,False,Creator 697,FR,creator697@mail.example,education
CR00697,tiktok,@creator697_tiktok,155945,5838,189047,9282,0,62,174.0,False,Creator 697,FR,creator697@mail.example,education
CR00698,instagram,@creator698_instagram,8768,1158,7207,206,15,0,0.0,False,Creator 698,IN,creator698@mail.example,education
CR00698,tiktok,@creator698_tiktok,190891,8456,206351,14875,361,1717,864.0,False,Creator 698,IN,creator698@mail.example,education
CR00699,tiktok,@creator699_tiktok,29742,1853,292505,4424,1752,0,755.0,False,Creator 699,CA,creator699@mail.example,beauty
CR00700,instagram,@creator700_instagram,36723,1850,38422,1012,16,164,42.0,False,Creator 700,FR,creator700@mail.example,finance
CR00701,instagram,@creator701_instagram,95145,222,49382,2267,13,286,20.0,False,Creator 701,DE,creator701@mail.example,music
CR00701,youtube,@creator701_youtube,118706,6663,171566,8653,1541,3376,,False,Creator 701,DE,creator701@mail.example,music
CR00701,tiktok,@creator701_tiktok,68053,10900,52396,1574,17,252,141.0,False,Creator 701,DE,creator701@mail.example,music
CR00702,instagram,@creator702_instagram,23488,558,14803,449,54,5,23.0,False,Creator 702,FR,creator702@mail.example,beauty
CR00702,tiktok,@creator702_tiktok,2056,100,7195,168,10,0,9.0,False,Creator 702,FR,creator702@mail.example,beauty
CR00702,youtube,@creator702_youtube,7956,382,6127,305,31,0,,False,Creator 702,FR,creator702@mail.example,beauty
CR00703,instagram,@creator703_instagram,528370,78471,225088,4103,234,0,98.0,False,Creator 703,DE,creator703@mail.example,beauty
CR00703,youtube,@creator703_youtube,155316,9260,66983,1512,165,16,,False,Creator 703,DE,creator703@mail.example,beauty
CR00703,tiktok,@creator703_tiktok,11706,405,50518,3350,120,142,346.0,False,Creator 703,DE,creator703@mail.example,beauty
CR00704,instagram,@creator704_instagram,18697,2165,19305,582,15,215,32.0,False,Creator 704,GB,creator704@mail.example,tech
CR00704,youtube,@creator704_youtube,23814,2956,4905,496,47,2,,False,Creator 704,GB,creator704@mail.example,tech
CR00705,instagram,@creator705_instagram,273712,16557,72257,2695,109,286,14.0,False,Creator 705,DE,creator705@mail.example,travel
CR00705,tiktok,@creator705_tiktok,20698,3264,21716,653,182,23,5.0,False,Creator 705,DE,creator705@mail.example,travel
CR00706,instagram,@creator706_instagram,57301,9469,82459,5304,0,668,302.0,False,Creator 706,US,creator706@mail.example,finance
CR00707,instagram,@creator707_instagram,22637,530,12060,756,41,30,0.0,False,Creator 707,DE,creator707@mail.example,food
CR00707,tiktok,@creator707_tiktok,30421,185,43066,2235,46,43,155.0,False,Creator 707,DE,creator707@mail.example,food
CR00707,youtube,@creator707_youtube,419810,-17863,358593,20579,116,102,,False,Creator 707,DE,creator707@mail.example,food
CR00708,tiktok,@creator708_tiktok,5719,-949,13692,364,45,0,7.0,False,Creator 708,DE,creator708@mail.example,beauty
CR00708,youtube,@creator708_youtube,164249,15331,245684,24008,385,111,,False,Creator 708,DE,creator708@mail.example,beauty
CR00709,youtube,@creator709_youtube,868060,55361,812320,56414,6650,6957,,False,Creator 709,FR,creator709@mail.example,comedy
CR00709,tiktok,@creator709_tiktok,89026,5058,504737,21239,0,67,333.0,False,Creator 709,FR,creator709@mail.example,comedy
CR00709,instagram,@creator709_instagram,4524,245,3643,229,16,10,2.0,False,Creator 709,FR,creator709@mail.example,comedy
CR00710,youtube,@creator710_youtube,81369,-12560,201048,14091,143,68,,False,Creator 710,GB,creator710@mail.example,music
CR00710,instagram,@creator710_instagram,17205,-1830,8759,329,49,25,31.0,False,Creator 710,GB,creator710@mail.example,music
CR00711,youtube,@creator711_youtube,30408,4127,143795,4963,336,172,,False,Creator 711,BR,creator711@mail.example,fitness
CR00712,tiktok,@creator712_tiktok,68123,4590,369488,9409,1151,0,16.0,False,Creator 712,US,creator712@mail.example,education
CR00713,instagram,@creator713_instagram,30986,3205,6414,378,35,0,6.0,False,Creator 713,IN,creator713@mail.example,fitness
CR00713,youtube,@creator713_youtube,83375,11769,99450,4935,298,743,,False,Creator 713,IN,creator713@mail.example,fitness
CR00714,tiktok,@creator714_tiktok,424376,12640,4017856,180567,52094,18299,3962.0,False,Creator 714,IN,creator714@mail.example,travel
CR00714,youtube,@creator714_youtube,194501,14424,239072,6416,528,681,,False,Creator 714,IN,creator714@mail.example,travel
CR00715,tiktok,@creator715_tiktok,32945,4502,55306,1561,6,23,584.0,False,Creator 715,DE,creator715@mail.example,food
CR00716,youtube,@creator716_youtube,172202,854,75399,3931,17,22,,False,Creator 716,GB,creator716@mail.example,food
CR00716,tiktok,@creator716_tiktok,222423,10219,220287,15560,3632,60,483.0,False,Creator 716,GB,creator716@mail.example,food
CR00716,instagram,@creator716_instagram,158329,14753,144821,12458,2024,178,80.0,False,Creator 716,GB,creator716@mail.example,food
CR00717,tiktok,@creator717_tiktok,1446,285,5885,303,4,1,20.0,False,Creator 717,FR,creator717@mail.example,fitness
CR00718,instagram,@creator718_instagram,37874,239,20727,1450,200,93,177.0,False,Creator 718,FR,creator718@mail.example,gaming
CR00718,tiktok,@creator718_tiktok,36846,2359,226061,10272,868,1,355.0,False,Creator 718,FR,creator718@mail.example,gaming
CR00718,youtube,@creator718_youtube,118864,11628,52684,4922,283,277,,False,Creator 718,FR,creator718@mail.example,gaming
CR00719,youtube,@creator719_youtube,96056,9355,131484,5877,684,3,,False,Creator 719,KR,creator719@mail.example,tech
CR00719,instagram,@creator719_instagram,228574,31203,39763,2733,105,52,11.0,False,Creator 719,KR,creator719@mail.example,tech
CR00720,instagram,@creator720_instagram,14337,2559,28090,1208,47,150,28.0,False,Creator 720,GB,creator720@mail.example,travel
CR00721,tiktok,@creator721_tiktok,75397,1532,184631,10067,2223,125,761.0,False,Creator 721,DE,creator721@mail.example,gaming
CR00721,youtube,@creator721_youtube,786040,79989,1329938,79077,3200,9439,,False,Creator 721,DE,creator721@mail.example,gaming
CR00721,instagram,@creator721_instagram,79590,4743,48298,1957,216,185,472.0,False,Creator 721,DE,creator721@mail.example,gaming
CR00722,instagram,@creator722_instagram,89523,9834,31930,500,35,3,93.0,False,Creator 722,FR,creator722@mail.example,comedy
CR00722,youtube,@creator722_youtube,190271,21973,144164,14022,706,23,,False,Creator 722,FR,creator722@mail.example,comedy
CR00722,tiktok,@creator722_tiktok,109954,1822,109152,4896,22,65,578.0,False,Creator 722,FR,creator722@mail.example,comedy
CR00723,tiktok,@creator723_tiktok,15879,1911,358517,13785,1,96,1119.0,False,Creator 723,IN,creator723@mail.example,gaming
CR00724,instagram,@creator724_instagram,71271,6189,111520,8838,78,825,0.0,True,Creator 724,US,creator724@mail.example,gaming
CR00724,youtube,@creator724_youtube,451964,6295,182460,10507,55,1,,False,Creator 724,US,creator724@mail.example,gaming
CR00724,tiktok,@creator724_tiktok,74585,-3072,314237,18968,347,1533,1284.0,False,Creator 724,US,creator724@mail.example,gaming
CR00725,instagram,@creator725_instagram,319040,24067,129842,7238,1749,1155,168.0,False,Creator 725,IN,creator725@mail.example,tech
CR00725,youtube,@creator725_youtube,16896,1330,23603,492,20,31,,False,Creator 725,IN,creator725@mail.example,tech
CR00725,tiktok,@creator725_tiktok,11593,-357,7391,225,1,0,16.0,False,Creator 725,IN,creator725@mail.example,tech
CR00726,instagram,@creator726_instagram,94244,4412,38775,2137,6,32,0.0,False,Creator 726,GB,creator726@mail.example,comedy
CR00726,youtube,@creator726_youtube,38006,-708,47481,2193,224,13,,False,Creator 726,GB,creator726@mail.example,comedy
CR00726,tiktok,@creator726_tiktok,58411,102,147773,10634,1403,1530,0.0,False,Creator 726,GB,creator726@mail.example,comedy
CR00727,instagram,@creator727_instagram,27018,4133,56047,2550,186,191,195.0,False,Creator 727,US,creator727@mail.example,education
CR00727,tiktok,@creator727_tiktok,134235,6258,635723,52298,2013,44,57.0,False,Creator 727,US,creator727@mail.example,education
CR00727,youtube,@creator727_youtube,32919,5002,41311,2572,264,79,,False,Creator 727,US,creator727@mail.example,education
CR00728,youtube,@creator728_youtube,171471,22354,64900,1951,122,582,,False,Creator 728,IN,creator728@mail.example,gaming
CR00728,tiktok,@creator728_tiktok,60132,6460,63842,3561,380,286,34.0,False,Creator 728,IN,creator728@mail.example,gaming
CR00728,instagram,@creator728_instagram,118177,4194,31769,2868,45,32,149.0,False,Creator 728,IN,creator728@mail.example,gaming
CR00729,instagram,@creator729_instagram,19341,642,3543,266,1,0,4.0,False,Creator 729,CA,creator729@mail.example,beauty
CR00729,youtube,@creator729_youtube,194485,14145,71851,7751,162,131,,False,Creator 729,CA,creator729@mail.example,beauty
CR00729,tiktok,@creator729_tiktok,418597,5666,2403730,173740,7434,1513,12085.0,False,Creator 729,CA,creator729@mail.example,beauty
CR00730,instagram,@creator730_instagram,4462,26,2385,165,19,10,0.0,False,Creator 730,BR,creator730@mail.example,fitness
CR00730,youtube,@creator730_youtube,102234,17566,51192,2643,128,250,,False,Creator 730,BR,creator730@mail.example,fitness
CR00730,tiktok,@creator730_tiktok,114592,14778,558466,29252,7235,226,364.0,False,Creator 730,BR,creator730@mail.example,fitness
CR00731,youtube,@creator731_youtube,69064,-8503,127106,3694,6,76,,False,Creator 731,IN,creator731@mail.example,travel
CR00731,tiktok,@creator731_tiktok,73447,11244,174119,6602,0,0,1576.0,False,Creator 731,IN,creator731@mail.example,travel
CR00732,tiktok,@creator732_tiktok,61889,7512,199544,4185,492,703,364.0,False,Creator 732,FR,creator732@mail.example,gaming
CR00732,youtube,@creator732_youtube,13369,195,19930,2087,60,15,,False,Creator 732,FR,creator732@mail.example,gaming
CR00732,instagram,@creator732_instagram,7826,915,4287,283,0,0,10.0,True,Creator 732,FR,creator732@mail.example,gaming
CR00733,tiktok,@creator733_tiktok,70742,8407,173765,13387,90,668,1218.0,False,Creator 733,MX,creator733@mail.example,food
CR00733,instagram,@creator733_instagram,77406,3701,12214,699,0,48,0.0,False,Creator 733,MX,creator733@mail.example,food
CR00733,youtube,@creator733_youtube,8437,514,20091,1416,128,33,,False,Creator 733,MX,creator733@mail.example,food
CR00734,youtube,@creator734_youtube,103800,7274,464919,25312,10856,815,,False,Creator 734,DE,creator734@mail.example,tech
CR00734,instagram,@creator734_instagram,9909,370,4288,276,8,39,40.0,False,Creator 734,DE,creator734@mail.example,tech
CR00735,tiktok,@creator735_tiktok,231726,21204,551354,35799,7790,4615,3407.0,False,Creator 735,BR,creator735@mail.example,finance
CR00735,youtube,@creator735_youtube,2969,247,2209,118,9,26,,False,Creator 735,BR,creator735@mail.example,finance
CR00735,instagram,@creator735_instagram,2941,133,3762,252,34,7,10.0,False,Creator 735,BR,creator735@mail.example,finance
CR00736,instagram,@creator736_instagram,236227,18248,61955,2508,40,29,582.0,False,Creator 736,DE,creator736@mail.example,finance
CR00736,tiktok,@creator736_tiktok,18529,2646,69093,3035,208,206,110.0,False,Creator 736,DE,creator736@mail.example,finance
CR00737,youtube,@creator737_youtube,7071,778,7111,181,22,21,,False,Creator 737,FR,creator737@mail.example,education
CR00737,instagram,@creator737_instagram,78410,6772,40998,1779,376,2,43.0,False,Creator 737,FR,creator737@mail.example,education
CR00738,instagram,@creator738_instagram,644531,29727,210072,13873,243,0,3439.0,False,Creator 738,US,creator738@mail.example,beauty
CR00739,instagram,@creator739_instagram,1768500,186365,409851,14932,885,1083,374.0,False,Creator 739,FR,creator739@mail.example,education
CR00739,tiktok,@creator739_tiktok,51153,6630,76656,2995,111,78,239.0,False,Creator 739,FR,creator739@mail.example,education
CR00739,youtube,@creator739_youtube,19382,1336,25382,1199,14,30,,False,Creator 739,FR,creator739@mail.example,education
CR00740,youtube,@creator740_youtube,69320,3965,86057,4169,36,28,,False,Creator 740,MX,creator740@mail.example,travel
CR00740,instagram,@creator740_instagram,146036,2801,103397,5734,274,313,6.0,False,Creator 740,MX,creator740@mail.example,travel
CR00741,instagram,@creator741_instagram,24451,4440,43846,1333,64,13,43.0,False,Creator 741,MX,creator741@mail.example,travel
CR00741,youtube,@creator741_youtube,315486,-21317,109561,3186,24,265,,False,Creator 741,MX,creator741@mail.example,travel
CR00742,tiktok,@creator742_tiktok,11272,1728,12174,205,13,12,19.0,False,Creator 742,BR,creator742@mail.example,tech
CR00743,instagram,@creator743_instagram,84952,7166,54192,3215,454,92,944.0,False,Creator 743,GB,creator743@mail.example,music
CR00743,tiktok,@creator743_tiktok,125467,6248,517329,17239,947,1310,200.0,False,Creator 743,GB,creator743@mail.example,music
CR00744,tiktok,@creator744_tiktok,36516,4175,227558,9449,183,34,667.0,False,Creator 744,US,creator744@mail.example,beauty
CR00744,instagram,@creator744_instagram,170018,31703,117305,4210,27,109,73.0,False,Creator 744,US,creator744@mail.example,beauty
CR00745,instagram,@creator745_instagram,20913,3208,12645,721,226,230,44.0,False,Creator 745,FR,creator745@mail.example,travel
CR00745,tiktok,@creator745_tiktok,33247,1680,53087,1157,86,3,18.0,False,Creator 745,FR,creator745@mail.example,travel
CR00745,youtube,@creator745_youtube,294703,18202,120678,8373,32,135,,False,Creator 745,FR,creator745@mail.example,travel
CR00746,instagram,@creator746_instagram,4616,45,1712,36,7,0,1.0,False,Creator 746,JP,creator746@mail.example,education
CR00746,youtube,@creator746_youtube,62259,1245,62914,4968,444,245,,False,Creator 746,JP,creator746@mail.example,education
CR00746,tiktok,@creator746_tiktok,48231,2088,134208,5721,37,407,1590.0,False,Creator 746,JP,creator746@mail.example,education
CR00747,instagram,@creator747_instagram,616606,50343,442874,8630,229,141,404.0,False,Creator 747,KR,creator747@mail.example,music
CR00747,tiktok,@creator747_tiktok,23498,2185,126232,4852,311,159,153.0,False,Creator 747,KR,creator747@mail.example,music
CR00747,youtube,@creator747_youtube,14481,314,39163,2217,332,167,,False,Creator 747,KR,creator747@mail.example,music
CR00748,youtube,@creator748_youtube,41684,1639,12327,897,66,51,,False,Creator 748,CA,creator748@mail.example,fitness
CR00748,tiktok,@creator748_tiktok,186081,6045,1001437,49481,8609,1844,2219.0,False,Creator 748,CA,creator748@mail.example,fitness
CR00749,instagram,@creator749_instagram,1176267,180569,632072,12458,13,27,408.0,False,Creator 749,IN,creator749@mail.example,education
CR00749,youtube,@creator749_youtube,34162,2389,26369,1702,284,3,,False,Creator 749,IN,creator749@mail.example,education
CR00750,instagram,@creator750_instagram,14518,1960,14066,507,48,31,1.0,False,Creator 750,JP,creator750@mail.example,food
CR00750,tiktok,@creator750_tiktok,79555,8486,189638,6883,313,22,1318.0,False,Creator 750,JP,creator750@mail.example,food
CR00751,tiktok,@creator751_tiktok,184876,6611,317713,16691,1003,1090,290.0,False,Creator 751,US,creator751@mail.example,fitness
CR00751,instagram,@creator751_instagram,6248,239,4229,125,1,0,6.0,False,Creator 751,US,creator751@mail.example,fitness
CR00751,youtube,@creator751_youtube,416744,48936,1424664,103646,0,3357,,False,Creator 751,US,creator751@mail.example,fitness
CR00752,tiktok,@creator752_tiktok,27018,2050,159096,6887,883,375,83.0,False,Creator 752,MX,creator752@mail.example,gaming
CR00752,instagram,@creator752_instagram,194497,16521,117001,5095,186,1856,135.0,True,Creator 752,MX,creator752@mail.example,gaming
CR00752,youtube,@creator752_youtube,19340,2042,75661,6162,117,1,,False,Creator 752,MX,creator752@mail.example,gaming
CR00753,youtube,@creator753_youtube,267684,-15847,375508,6200,264,1300,,False,Creator 753,CA,creator753@mail.example,education
CR00753,instagram,@creator753_instagram,227799,29616,84826,4978,233,250,298.0,False,Creator 753,CA,creator753@mail.example,education
CR00753,tiktok,@creator753_tiktok,24708,-833,78631,3753,986,0,36.0,False,Creator 753,CA,creator753@mail.example,education
CR00754,tiktok,@creator754_tiktok,2269299,227872,2457171,208518,629,3,1863.0,False,Creator 754,CA,creator754@mail.example,food
CR00754,youtube,@creator754_youtube,23089,2539,22496,950,9,4,,False,Creator 754,CA,creator754@mail.example,food
CR00754,instagram,@creator754_instagram,15287,3228,22539,1180,205,28,1.0,True,Creator 754,CA,creator754@mail.example,food
CR00755,instagram,@creator755_instagram,5525,245,4303,187,2,0,3.0,True,Creator 755,JP,creator755@mail.example,gaming
CR00755,youtube,@creator755_youtube,51195,6631,25259,2008,4,135,,False,Creator 755,JP,creator755@mail.example,gaming
CR00755,tiktok,@creator755_tiktok,6088,739,99465,6176,1527,5,99.0,False,Creator 755,JP,creator755@mail.example,gaming
CR00756,youtube,@creator756_youtube,384136,46370,578225,18734,1547,0,,False,Creator 756,FR,creator756@mail.example,fitness
CR00756,tiktok,@creator756_tiktok,29395,697,49221,3489,50,0,5.0,False,Creator 756,FR,creator756@mail.example,fitness
CR00757,tiktok,@creator757_tiktok,4163,276,9895,218,10,26,55.0,False,Creator 757,DE,creator757@mail.example,food
CR00757,instagram,@creator757_instagram,173621,11838,86716,3865,355,503,260.0,False,Creator 757,DE,creator757@mail.example,food
CR00757,youtube,@creator757_youtube,5570,169,4234,252,85,124,,False,Creator 757,DE,creator757@mail.example,food
CR00758,instagram,@creator758_instagram,7319,813,4453,75,8,12,37.0,False,Creator 758,IN,creator758@mail.example,beauty
CR00758,tiktok,@creator758_tiktok,202055,24654,1578995,75625,11457,9577,0.0,False,Creator 758,IN,creator758@mail.example,beauty
CR00759,instagram,@creator759_instagram,20843,2963,11848,691,7,119,119.0,True,Creator 759,IN,creator759@mail.example,finance
CR00759,youtube,@creator759_youtube,7721,523,12908,631,48,6,,False,Creator 759,IN,creator759@mail.example,finance
CR00759,tiktok,@creator759_tiktok,82259,8693,123975,5916,291,78,359.0,False,Creator 759,IN,creator759@mail.example,finance
CR00760,tiktok,@creator760_tiktok,122004,9713,504492,38229,3760,2569,58.0,False,Creator 760,IN,creator760@mail.example,travel
CR00760,instagram,@creator760_instagram,21593,2550,8048,285,5,3,1.0,False,Creator 760,IN,creator760@mail.example,travel
CR00760,youtube,@creator760_youtube,357366,12277,927427,19806,1003,49,,False,Creator 760,IN,creator760@mail.example,travel
CR00761,instagram,@creator761_instagram,3327,372,231,8,0,0,5.0,False,Creator 761,IN,creator761@mail.example,fitness
CR00761,youtube,@creator761_youtube,19326,2380,13179,750,29,4,,False,Creator 761,IN,creator761@mail.example,fitness
CR00762,tiktok,@creator762_tiktok,98123,11047,251472,14473,0,299,15.0,False,Creator 762,FR,creator762@mail.example,education
CR00762,youtube,@creator762_youtube,497090,62774,953516,73377,534,213,,False,Creator 762,FR,creator762@mail.example,education
CR00763,youtube,@creator763_youtube,161725,4210,258318,5562,381,275,,False,Creator 763,BR,creator763@mail.example,beauty
CR00764,tiktok,@creator764_tiktok,195353,6726,176962,13048,1996,0,838.0,False,Creator 764,IN,creator764@mail.example,music
CR00764,instagram,@creator764_instagram,35341,221,64684,886,21,28,151.0,True,Creator 764,IN,creator764@mail.example,music
CR00764,youtube,@creator764_youtube,264970,-4694,203200,6172,412,381,,False,Creator 764,IN,creator764@mail.example,music
CR00765,youtube,@creator765_youtube,12180,637,14913,678,135,0,,False,Creator 765,JP,creator765@mail.example,gaming
CR00765,instagram,@creator765_instagram,82474,11450,35827,2193,241,111,143.0,False,Creator 765,JP,creator765@mail.example,gaming
CR00766,youtube,@creator766_youtube,412411,40944,795146,42120,184,2013,,False,Creator 766,MX,creator766@mail.example,beauty
CR00766,instagram,@creator766_instagram,100437,12087,147287,8760,873,1068,822.0,True,Creator 766,MX,creator766@mail.example,beauty
CR00766,tiktok,@creator766_tiktok,176743,18546,370595,21835,1262,3409,698.0,False,Creator 766,MX,creator766@mail.example,beauty
CR00767,instagram,@creator767_instagram,224976,28719,79263,2898,222,0,112.0,False,Creator 767,FR,creator767@mail.example,education
CR00767,youtube,@creator767_youtube,88807,9256,159738,15698,572,377,,False,Creator 767,FR,creator767@mail.example,education
CR00768,tiktok,@creator768_tiktok,116279,16015,102469,6456,19,718,573.0,False,Creator 768,GB,creator768@mail.example,travel
CR00768,instagram,@creator768_instagram,16981,-11,7803,216,0,24,28.0,False,Creator 768,GB,creator768@mail.example,travel
CR00768,youtube,@creator768_youtube,79169,15664,277766,16554,0,333,,False,Creator 768,GB,creator768@mail.example,travel
CR00769,instagram,@creator769_instagram,22559,-65,33926,1232,41,17,5.0,False,Creator 769,CA,creator769@mail.example,travel
CR00769,tiktok,@creator769_tiktok,4935,542,129346,2295,245,14,572.0,False,Creator 769,CA,creator769@mail.example,travel
CR00769,youtube,@creator769_youtube,172630,-8293,75246,4827,1881,0,,False,Creator 769,CA,creator769@mail.example,travel
CR00770,youtube,@creator770_youtube,360946,-9073,2098062,120325,26866,13081,,False,Creator 770,CA,creator770@mail.example,food
CR00771,instagram,@creator771_instagram,98506,8254,79568,3153,527,54,173.0,False,Creator 771,GB,creator771@mail.example,education
CR00771,youtube,@creator771_youtube,484818,42884,276397,14706,1551,1476,,False,Creator 771,GB,creator771@mail.example,education
CR00771,tiktok,@creator771_tiktok,60511,6000,401249,9981,148,78,1009.0,False,Creator 771,GB,creator771@mail.example,education
CR00772,tiktok,@creator772_tiktok,36279,1884,62297,2425,80,248,939.0,False,Creator 772,BR,creator772@mail.example,beauty
CR00773,instagram,@creator773_instagram,13889,2519,3931,208,5,18,0.0,True,Creator 773,MX,creator773@mail.example,travel
CR00774,tiktok,@creator774_tiktok,46040,5855,38099,1552,1,104,105.0,False,Creator 774,JP,creator774@mail.example,fitness
CR00775,tiktok,@creator775_tiktok,1553,181,5998,457,35,11,2.0,False,Creator 775,MX,creator775@mail.example,travel
CR00776,tiktok,@creator776_tiktok,39382,887,37507,995,40,0,5.0,False,Creator 776,BR,creator776@mail.example,food
CR00776,youtube,@creator776_youtube,27190,-990,18004,1454,10,46,,False,Creator 776,BR,creator776@mail.example,food
CR00776,instagram,@creator776_instagram,12032,1641,7543,144,12,9,16.0,False,Creator 776,BR,creator776@mail.example,food
CR00777,youtube,@creator777_youtube,39879,5168,117777,4774,653,626,,False,Creator 777,JP,creator777@mail.example,gaming
CR00777,tiktok,@creator777_tiktok,111142,16403,2115241,74784,1059,9278,5593.0,False,Creator 777,JP,creator777@mail.example,gaming
CR00778,tiktok,@creator778_tiktok,36756,1252,22890,1109,74,54,25.0,False,Creator 778,DE,creator778@mail.example,fitness
CR00779,youtube,@creator779_youtube,29258,2860,197439,3748,761,543,,False,Creator 779,JP,creator779@mail.example,education
CR00779,instagram,@creator779_instagram,176778,13958,34215,927,14,13,267.0,False,Creator 779,JP,creator779@mail.example,education
CR00779,tiktok,@creator779_tiktok,32146,5481,231230,4926,582,3,1650.0,False,Creator 779,JP,creator779@mail.example,education
CR00780,instagram,@creator780_instagram,6457,526,7902,321,63,0,6.0,False,Creator 780,FR,creator780@mail.example,comedy
CR00781,instagram,@creator781_instagram,12194,798,5169,462,3,0,0.0,False,Creator 781,CA,creator781@mail.example,fitness
CR00781,youtube,@creator781_youtube,30041,3428,27561,2244,55,90,,False,Creator 781,CA,creator781@mail.example,fitness
CR00781,tiktok,@creator781_tiktok,133790,8679,666744,36398,15909,2,3710.0,False,Creator 781,CA,creator781@mail.example,fitness
CR00782,youtube,@creator782_youtube,393799,55006,316579,19374,3621,1698,,False,Creator 782,MX,creator782@mail.example,education
CR00782,tiktok,@creator782_tiktok,44730,3846,101186,1550,546,24,1.0,False,Creator 782,MX,creator782@mail.example,education
CR00782,instagram,@creator782_instagram,124397,10252,170528,14654,3111,144,240.0,False,Creator 782,MX,creator782@mail.example,education
CR00783,youtube,@creator783_youtube,18687,3115,18856,1054,0,53,,False,Creator 783,BR,creator783@mail.example,fitness
CR00783,tiktok,@creator783_tiktok,163616,10049,702592,32493,5134,146,10715.0,False,Creator 783,BR,creator783@mail.example,fitness
CR00784,tiktok,@creator784_tiktok,18983,2135,24330,403,75,32,33.0,False,Creator 784,BR,creator784@mail.example,tech
CR00784,youtube,@creator784_youtube,686329,-66419,229376,10826,1452,265,,False,Creator 784,BR,creator784@mail.example,tech
CR00784,instagram,@creator784_instagram,4032,-61,3556,73,30,2,5.0,False,Creator 784,BR,creator784@mail.example,tech
CR00785,youtube,@creator785_youtube,48515,-685,134807,7406,770,0,,False,Creator 785,GB,creator785@mail.example,music
CR00785,instagram,@creator785_instagram,29261,5967,8998,381,21,1,0.0,False,Creator 785,GB,creator785@mail.example,music
CR00786,youtube,@creator786_youtube,6632,574,6095,208,0,4,,False,Creator 786,CA,creator786@mail.example,music
CR00786,tiktok,@creator786_tiktok,87260,-5434,374598,11374,0,863,50.0,False,Creator 786,CA,creator786@mail.example,music
CR00786,instagram,@creator786_instagram,49826,11192,36164,595,99,114,0.0,False,Creator 786,CA,creator786@mail.example,music
CR00787,youtube,@creator787_youtube,9179,976,9049,626,65,1,,False,Creator 787,DE,creator787@mail.example,food
CR00787,instagram,@creator787_instagram,649954,64551,482609,25222,6662,909,3311.0,False,Creator 787,DE,creator787@mail.example,food
CR00787,tiktok,@creator787_tiktok,85763,5032,454017,14571,734,381,1441.0,False,Creator 787,DE,creator787@mail.example,food
CR00788,youtube,@creator788_youtube,53766,-22,150801,9934,492,806,,False,Creator 788,MX,creator788@mail.example,fitness
CR00788,tiktok,@creator788_tiktok,717876,363,848924,28615,982,403,311.0,False,Creator 788,MX,creator788@mail.example,fitness
CR00789,youtube,@creator789_youtube,17897,3306,82128,6238,781,905,,False,Creator 789,GB,creator789@mail.example,gaming
CR00789,instagram,@creator789_instagram,3181,361,8102,517,1,55,140.0,False,Creator 789,GB,creator789@mail.example,gaming
CR00789,tiktok,@creator789_tiktok,96028,4883,386601,19490,0,760,147.0,False,Creator 789,GB,creator789@mail.example,gaming
CR00790,tiktok,@creator790_tiktok,3847997,323750,15319214,1010824,127823,3527,25254.0,False,Creator 790,DE,creator790@mail.example,tech
CR00790,instagram,@creator790_instagram,453311,39181,389709,15442,244,609,2503.0,False,Creator 790,DE,creator790@mail.example,tech
CR00791,youtube,@creator791_youtube,13261,636,16150,721,202,32,,False,Creator 791,BR,creator791@mail.example,finance
CR00791,tiktok,@creator791_tiktok,14775,1367,160899,4993,1317,33,679.0,False,Creator 791,BR,creator791@mail.example,finance
CR00791,instagram,@creator791_instagram,19603,1145,26182,1551,207,0,132.0,False,Creator 791,BR,creator791@mail.example,finance
CR00792,youtube,@creator792_youtube,79867,6110,46485,1897,270,125,,False,Creator 792,DE,creator792@mail.example,tech
CR00792,instagram,@creator792_instagram,139908,-6176,55524,3068,112,79,127.0,False,Creator 792,DE,creator792@mail.example,tech
CR00793,tiktok,@creator793_tiktok,20550,94,48041,1874,180,389,374.0,False,Creator 793,IN,creator793@mail.example,travel
CR00793,youtube,@creator793_youtube,18800,1908,15206,308,13,208,,False,Creator 793,IN,creator793@mail.example,travel
CR00794,instagram,@creator794_instagram,181850,7716,70286,5643,415,386,485.0,False,Creator 794,KR,creator794@mail.example,fitness
CR00795,tiktok,@creator795_tiktok,145394,20121,348146,18886,3126,1671,1661.0,False,Creator 795,BR,creator795@mail.example,tech
CR00795,youtube,@creator795_youtube,241660,18775,143448,8983,1592,6,,False,Creator 795,BR,creator795@mail.example,tech
CR00795,instagram,@creator795_instagram,77767,4554,83919,2758,69,184,278.0,False,Creator 795,BR,creator795@mail.example,tech
CR00796,youtube,@creator796_youtube,91445,7517,104120,5679,77,0,,False,Creator 796,US,creator796@mail.example,education
CR00797,instagram,@creator797_instagram,36651,-496,56372,4069,276,2,46.0,False,Creator 797,FR,creator797@mail.example,beauty
CR00798,youtube,@creator798_youtube,158503,7627,415937,9663,237,0,,False,Creator 798,FR,creator798@mail.example,travel
CR00799,tiktok,@creator799_tiktok,405221,14319,1283364,27323,3383,2,0.0,False,Creator 799,FR,creator799@mail.example,education
CR00799,instagram,@creator799_instagram,275376,27048,243688,11710,865,37,1255.0,False,Creator 799,FR,creator799@mail.example,education
CR00799,youtube,@creator799_youtube,168192,13035,326939,13278,178,1261,,False,Creator 799,FR,creator799@mail.example,education
CR00800,instagram,@creator800_instagram,9793,1727,8609,557,85,21,22.0,False,Creator 800,MX,creator800@mail.example,education
CR00800,youtube,@creator800_youtube,73177,6528,23514,1430,0,502,,False,Creator 800,MX,creator800@mail.example,education
CR00801,instagram,@creator801_instagram,164639,22204,81207,2192,221,66,97.0,False,Creator 801,BR,creator801@mail.example,beauty
CR00801,youtube,@creator801_youtube,26334,-2740,44774,1739,53,10,,False,Creator 801,BR,creator801@mail.example,beauty
CR00802,tiktok,@creator802_tiktok,15423,1233,13019,265,35,6,9.0,False,Creator 802,FR,creator802@mail.example,fitness
CR00802,youtube,@creator802_youtube,47701,7509,66842,3866,19,131,,False,Creator 802,FR,creator802@mail.example,fitness
CR00803,tiktok,@creator803_tiktok,352817,50462,522578,17783,1274,197,4364.0,False,Creator 803,IN,creator803@mail.example,comedy
CR00803,youtube,@creator803_youtube,132732,20673,606428,50220,3434,383,,False,Creator 803,IN,creator803@mail.example,comedy
CR00803,instagram,@creator803_instagram,1722,298,761,33,15,4,3.0,False,Creator 803,IN,creator803@mail.example,comedy
CR00804,tiktok,@creator804_tiktok,11408,1790,50666,2699,510,67,0.0,False,Creator 804,DE,creator804@mail.example,gaming
CR00805,tiktok,@creator805_tiktok,29645,4253,94378,3725,68,189,1234.0,False,Creator 805,US,creator805@mail.example,food
CR00806,youtube,@creator806_youtube,65633,1193,82547,4798,134,0,,False,Creator 806,JP,creator806@mail.example,comedy
CR00806,instagram,@creator806_instagram,26991,5063,55865,2154,180,84,0.0,False,Creator 806,JP,creator806@mail.example,comedy
CR00807,instagram,@creator807_instagram,49277,2553,40771,4116,263,29,70.0,False,Creator 807,IN,creator807@mail.example,education
CR00808,instagram,@creator808_instagram,206137,28787,236180,9181,886,1843,27.0,False,Creator 808,KR,creator808@mail.example,tech
CR00808,tiktok,@creator808_tiktok,198112,9709,275572,9331,714,596,521.0,False,Creator 808,KR,creator808@mail.example,tech
CR00808,youtube,@creator808_youtube,156012,-98,299716,9309,27,83,,False,Creator 808,KR,creator808@mail.example,tech
CR00809,instagram,@creator809_instagram,51569,7918,11687,240,88,0,13.0,False,Creator 809,DE,creator809@mail.example,beauty
CR00809,youtube,@creator809_youtube,20456,3319,39091,883,81,140,,False,Creator 809,DE,creator809@mail.example,beauty
CR00809,tiktok,@creator809_tiktok,19623,1289,53408,2310,148,21,111.0,False,Creator 809,DE,creator809@mail.example,beauty
CR00810,tiktok,@creator810_tiktok,59243,1295,503275,20014,1214,867,7988.0,False,Creator 810,CA,creator810@mail.example,tech
CR00810,instagram,@creator810_instagram,21682,3999,24879,687,49,49,0.0,False,Creator 810,CA,creator810@mail.example,tech
CR00810,youtube,@creator810_youtube,27038,-1681,34059,1332,59,0,,False,Creator 810,CA,creator810@mail.example,tech
CR00811,youtube,@creator811_youtube,28752,400,98573,4252,74,91,,False,Creator 811,MX,creator811@mail.example,food
CR00811,instagram,@creator811_instagram,139018,22122,133291,8502,287,632,1221.0,False,Creator 811,MX,creator811@mail.example,food
CR00811,tiktok,@creator811_tiktok,33880,412,386141,8600,350,475,336.0,False,Creator 811,MX,creator811@mail.example,food
CR00812,tiktok,@creator812_tiktok,117214,7915,508242,19267,0,880,79.0,False,Creator 812,MX,creator812@mail.example,travel
CR00812,youtube,@creator812_youtube,16293,2793,6385,183,57,25,,False,Creator 812,MX,creator812@mail.example,travel
CR00813,instagram,@creator813_instagram,35746,4280,9251,423,0,0,41.0,False,Creator 813,BR,creator813@mail.example,music
CR00813,youtube,@creator813_youtube,42290,1488,31191,1455,128,329,,False,Creator 813,BR,creator813@mail.example,music
CR00813,tiktok,@creator813_tiktok,360245,10012,2206481,34598,12222,2034,2444.0,False,Creator 813,BR,creator813@mail.example,music
CR00814,youtube,@creator814_youtube,13350,1452,7194,509,8,11,,False,Creator 814,GB,creator814@mail.example,tech
CR00814,tiktok,@creator814_tiktok,38828,1736,207061,18254,411,487,289.0,False,Creator 814,GB,creator814@mail.example,tech
CR00815,youtube,@creator815_youtube,13511,1682,35205,1252,249,78,,False,Creator 815,IN,creator815@mail.example,food
CR00815,instagram,@creator815_instagram,47516,4944,38939,609,146,0,21.0,False,Creator 815,IN,creator815@mail.example,food
CR00816,youtube,@creator816_youtube,43450,783,14268,529,107,15,,False,Creator 816,BR,creator816@mail.example,food
CR00817,tiktok,@creator817_tiktok,16207,217,28523,792,80,1,9.0,False,Creator 817,FR,creator817@mail.example,beauty
CR00817,youtube,@creator817_youtube,342826,35095,278599,11382,9,27,,False,Creator 817,FR,creator817@mail.example,beauty
CR00817,instagram,@creator817_instagram,20342,824,7900,454,0,5,0.0,False,Creator 817,FR,creator817@mail.example,beauty
CR00818,youtube,@creator818_youtube,12229,1309,6550,374,45,48,,False,Creator 818,FR,creator818@mail.example,music
CR00819,instagram,@creator819_instagram,54150,7227,8786,660,28,0,17.0,False,Creator 819,JP,creator819@mail.example,tech
CR00819,youtube,@creator819_youtube,76524,4610,85161,3183,557,816,,False,Creator 819,JP,creator819@mail.example,tech
CR00820,youtube,@creator820_youtube,136668,11776,195367,7855,895,371,,False,Creator 820,FR,creator820@mail.example,music
CR00820,tiktok,@creator820_tiktok,764,60,3286,240,1,5,5.0,False,Creator 820,FR,creator820@mail.example,music
CR00820,instagram,@creator820_instagram,105802,18032,58846,3179,332,299,464.0,False,Creator 820,FR,creator820@mail.example,music
CR00821,tiktok,@creator821_tiktok,23204,1660,90555,6959,1159,0,283.0,False,Creator 821,IN,creator821@mail.example,fitness
CR00822,youtube,@creator822_youtube,793,99,1859,93,3,3,,False,Creator 822,US,creator822@mail.example,gaming
CR00822,tiktok,@creator822_tiktok,39528,4320,103864,8229,149,408,404.0,False,Creator 822,US,creator822@mail.example,gaming
CR00822,instagram,@creator822_instagram,93814,10550,45686,3087,274,8,31.0,False,Creator 822,US,creator822@mail.example,gaming
CR00823,youtube,@creator823_youtube,37997,2246,48822,3427,0,4,,False,Creator 823,CA,creator823@mail.example,tech
CR00823,instagram,@creator823_instagram,49690,5609,9575,198,0,0,9.0,True,Creator 823,CA,creator823@mail.example,tech
CR00823,tiktok,@creator823_tiktok,118874,-12362,261492,11712,710,439,1907.0,False,Creator 823,CA,creator823@mail.example,tech
CR00824,tiktok,@creator824_tiktok,38088,4166,186684,14825,83,952,421.0,False,Creator 824,US,creator824@mail.example,fitness
CR00825,tiktok,@creator825_tiktok,8872,862,16124,1001,25,20,1.0,False,Creator 825,FR,creator825@mail.example,gaming
CR00826,tiktok,@creator826_tiktok,11327,385,33655,546,8,41,57.0,False,Creator 826,JP,creator826@mail.example,education
CR00826,youtube,@creator826_youtube,38573,6400,94659,4448,118,14,,False,Creator 826,JP,creator826@mail.example,education
CR00826,instagram,@creator826_instagram,48533,7046,13896,333,27,2,146.0,False,Creator 826,JP,creator826@mail.example,education
CR00827,youtube,@creator827_youtube,919355,87369,763374,59088,6114,2015,,False,Creator 827,KR,creator827@mail.example,comedy
CR00828,instagram,@creator828_instagram,972,31,915,29,0,0,0.0,False,Creator 828,JP,creator828@mail.example,travel
CR00828,tiktok,@creator828_tiktok,119236,7280,1127745,56165,5283,1229,745.0,False,Creator 828,JP,creator828@mail.example,travel
CR00828,youtube,@creator828_youtube,2443,399,3010,178,36,15,,False,Creator 828,JP,creator828@mail.example,travel
CR00829,tiktok,@creator829_tiktok,301352,20239,1007881,63116,9358,253,3382.0,False,Creator 829,US,creator829@mail.example,comedy
CR00829,youtube,@creator829_youtube,10933,1104,11730,563,40,21,,False,Creator 829,US,creator829@mail.example,comedy
CR00830,youtube,@creator830_youtube,27076,3621,44409,1265,35,0,,False,Creator 830,GB,creator830@mail.example,fitness
CR00830,tiktok,@creator830_tiktok,152070,10176,982972,44640,5664,2014,606.0,False,Creator 830,GB,creator830@mail.example,fitness
CR00830,instagram,@creator830_instagram,87956,3792,73620,2114,283,54,0.0,False,Creator 830,GB,creator830@mail.example,fitness
CR00831,youtube,@creator831_youtube,48092,5527,27838,1782,485,3,,False,Creator 831,FR,creator831@mail.example,education
CR00831,tiktok,@creator831_tiktok,60992,1750,73652,3975,98,1296,100.0,False,Creator 831,FR,creator831@mail.example,education
CR00831,instagram,@creator831_instagram,63499,9482,67601,4665,114,0,1482.0,False,Creator 831,FR,creator831@mail.example,education
CR00832,youtube,@creator832_youtube,15563,1982,18428,1742,92,8,,False,Creator 832,MX,creator832@mail.example,gaming
CR00832,tiktok,@creator832_tiktok,45197,119,205299,10433,880,1670,302.0,False,Creator 832,MX,creator832@mail.example,gaming
CR00832,instagram,@creator832_instagram,127628,16056,86098,4347,0,1370,756.0,False,Creator 832,MX,creator832@mail.example,gaming
CR00833,tiktok,@creator833_tiktok,233430,31986,315192,15037,726,134,1519.0,False,Creator 833,JP,creator833@mail.example,comedy
CR00833,instagram,@creator833_instagram,48662,7142,32234,1066,167,7,0.0,True,Creator 833,JP,creator833@mail.example,comedy
CR00833,youtube,@creator833_youtube,43451,-2022,62395,3377,385,197,,False,Creator 833,JP,creator833@mail.example,comedy
CR00834,instagram,@creator834_instagram,41642,3486,9550,545,40,22,20.0,False,Creator 834,JP,creator834@mail.example,tech
CR00834,tiktok,@creator834_tiktok,763002,54072,4252553,167854,3304,18130,6646.0,False,Creator 834,JP,creator834@mail.example,tech
CR00834,youtube,@creator834_youtube,987780,-79622,1398408,73781,8497,1965,,False,Creator 834,JP,creator834@mail.example,tech
CR00835,youtube,@creator835_youtube,63797,599,26048,1076,7,11,,False,Creator 835,BR,creator835@mail.example,fitness
CR00835,tiktok,@creator835_tiktok,62979,-2730,702297,35992,1397,2037,783.0,False,Creator 835,BR,creator835@mail.example,fitness
CR00835,instagram,@creator835_instagram,907196,126317,414667,16482,659,0,362.0,False,Creator 835,BR,creator835@mail.example,fitness
CR00836,youtube,@creator836_youtube,37284,3604,47481,3405,28,140,,False,Creator 836,GB,creator836@mail.example,travel
CR00836,tiktok,@creator836_tiktok,50386,5409,99464,1870,442,88,0.0,False,Creator 836,GB,creator836@mail.example,travel
CR00837,tiktok,@creator837_tiktok,326550,28788,785261,14215,568,28,522.0,False,Creator 837,BR,creator837@mail.example,music
CR00838,instagram,@creator838_instagram,75417,3698,50491,1531,4,124,1.0,False,Creator 838,CA,creator838@mail.example,gaming
CR00838,youtube,@creator838_youtube,95123,5186,139010,4206,616,0,,False,Creator 838,CA,creator838@mail.example,gaming
CR00838,tiktok,@creator838_tiktok,4021,528,32914,796,18,0,0.0,False,Creator 838,CA,creator838@mail.example,gaming
CR00839,youtube,@creator839_youtube,5089,104,8108,456,46,3,,False,Creator 839,CA,creator839@mail.example,music
CR00839,tiktok,@creator839_tiktok,6444,1023,19489,861,10,9,126.0,False,Creator 839,CA,creator839@mail.example,music
CR00839,instagram,@creator839_instagram,19435,-303,11644,594,56,0,20.0,False,Creator 839,CA,creator839@mail.example,music
CR00840,instagram,@creator840_instagram,10648,974,2991,139,0,87,0.0,True,Creator 840,MX,creator840@mail.example,food
CR00840,youtube,@creator840_youtube,177086,-4891,162879,6296,403,13,,False,Creator 840,MX,creator840@mail.example,food
CR00841,instagram,@creator841_instagram,99534,8037,42607,2512,180,4,852.0,False,Creator 841,GB,creator841@mail.example,tech
CR00842,instagram,@creator842_instagram,58299,7012,49859,1948,470,45,27.0,False,Creator 842,JP,creator842@mail.example,finance
CR00842,youtube,@creator842_youtube,40101,-48,85910,6523,31,130,,False,Creator 842,JP,creator842@mail.example,finance
CR00842,tiktok,@creator842_tiktok,137563,22214,1141197,71037,1565,6038,540.0,False,Creator 842,JP,creator842@mail.example,finance
CR00843,youtube,@creator843_youtube,269967,9671,327344,27355,6,6,,False,Creator 843,GB,creator843@mail.example,fitness
CR00843,tiktok,@creator843_tiktok,146201,21898,178678,3224,1035,728,767.0,False,Creator 843,GB,creator843@mail.example,fitness
CR00843,instagram,@creator843_instagram,138914,5722,12868,422,13,0,1.0,False,Creator 843,GB,creator843@mail.example,fitness
CR00844,youtube,@creator844_youtube,123573,19500,57562,2408,320,90,,False,Creator 844,MX,creator844@mail.example,fitness
CR00844,instagram,@creator844_instagram,251841,17221,52703,2042,616,15,253.0,False,Creator 844,MX,creator844@mail.example,fitness
CR00845,youtube,@creator845_youtube,523824,34697,1051228,52668,9887,10462,,False,Creator 845,US,creator845@mail.example,fitness
CR00845,instagram,@creator845_instagram,8427,441,2491,158,0,1,0.0,False,Creator 845,US,creator845@mail.example,fitness
CR00845,tiktok,@creator845_tiktok,34667,2141,105978,9360,3,259,0.0,False,Creator 845,US,creator845@mail.example,fitness
CR00846,instagram,@creator846_instagram,11773,1055,3748,181,9,13,0.0,False,Creator 846,US,creator846@mail.example,comedy
CR00846,tiktok,@creator846_tiktok,115476,7351,292519,19520,678,6785,1522.0,False,Creator 846,US,creator846@mail.example,comedy
CR00847,instagram,@creator847_instagram,68800,8406,31214,1310,115,2,33.0,True,Creator 847,CA,creator847@mail.example,food
CR00847,youtube,@creator847_youtube,201154,27018,158932,12096,3014,496,,False,Creator 847,CA,creator847@mail.example,food
CR00847,tiktok,@creator847_tiktok,11304,-145,93698,4936,213,36,120.0,False,Creator 847,CA,creator847@mail.example,food
CR00848,youtube,@creator848_youtube,212723,10709,181073,15704,54,0,,False,Creator 848,BR,creator848@mail.example,fitness
CR00848,instagram,@creator848_instagram,6850,536,4268,231,14,4,4.0,False,Creator 848,BR,creator848@mail.example,fitness
CR00848,tiktok,@creator848_tiktok,127153,20557,786433,48115,1466,857,808.0,False,Creator 848,BR,creator848@mail.example,fitness
CR00849,youtube,@creator849_youtube,68269,3134,42118,1956,92,4,,False,Creator 849,KR,creator849@mail.example,food
CR00850,youtube,@creator850_youtube,22164,1419,26415,954,350,0,,False,Creator 850,US,creator850@mail.example,finance
CR00851,tiktok,@creator851_tiktok,87530,13526,593298,17742,1227,2267,10338.0,False,Creator 851,IN,creator851@mail.example,beauty
CR00851,instagram,@creator851_instagram,24761,755,16673,663,63,15,149.0,False,Creator 851,IN,creator851@mail.example,beauty
CR00851,youtube,@creator851_youtube,73032,7489,204500,9282,161,46,,False,Creator 851,IN,creator851@mail.example,beauty
CR00852,instagram,@creator852_instagram,25143,1598,8178,404,7,0,12.0,False,Creator 852,CA,creator852@mail.example,beauty
CR00852,tiktok,@creator852_tiktok,412691,30024,4191601,250784,4762,12138,4356.0,False,Creator 852,CA,creator852@mail.example,beauty
CR00852,youtube,@creator852_youtube,46649,6027,69580,4498,264,57,,False,Creator 852,CA,creator852@mail.example,beauty
CR00853,tiktok,@creator853_tiktok,1094,267,5448,151,74,140,5.0,False,Creator 853,IN,creator853@mail.example,finance
CR00854,instagram,@creator854_instagram,48637,8459,14488,679,2,37,18.0,True,Creator 854,MX,creator854@mail.example,education
CR00855,instagram,@creator855_instagram,6113,368,2035,89,0,31,15.0,False,Creator 855,FR,creator855@mail.example,tech
CR00855,youtube,@creator855_youtube,23956,3251,20767,592,7,1,,False,Creator 855,FR,creator855@mail.example,tech
CR00855,tiktok,@creator855_tiktok,428136,61142,3843017,245432,66,7260,19188.0,False,Creator 855,FR,creator855@mail.example,tech
CR00856,youtube,@creator856_youtube,187566,18360,503906,13520,2478,5,,False,Creator 856,GB,creator856@mail.example,fitness
CR00856,instagram,@creator856_instagram,162768,8817,47111,2313,55,0,76.0,False,Creator 856,GB,creator856@mail.example,fitness
CR00857,tiktok,@creator857_tiktok,44493,2845,197898,8795,854,0,709.0,False,Creator 857,GB,creator857@mail.example,food
CR00857,youtube,@creator857_youtube,638,-37,196,8,0,0,,False,Creator 857,GB,creator857@mail.example,food
CR00857,instagram,@creator857_instagram,24480,2581,24973,1624,74,76,174.0,False,Creator 857,GB,creator857@mail.example,food
CR00858,instagram,@creator858_instagram,15262,2445,15023,866,1,27,0.0,False,Creator 858,GB,creator858@mail.example,fitness
CR00858,tiktok,@creator858_tiktok,5749,176,32604,2743,14,0,63.0,False,Creator 858,GB,creator858@mail.example,fitness
CR00858,youtube,@creator858_youtube,102471,9129,82688,4013,184,317,,False,Creator 858,GB,creator858@mail.example,fitness
CR00859,tiktok,@creator859_tiktok,36387,169,378008,8030,707,271,1041.0,False,Creator 859,IN,creator859@mail.example,finance
CR00859,instagram,@creator859_instagram,6527,563,3533,70,17,0,0.0,False,Creator 859,IN,creator859@mail.example,finance
CR00859,youtube,@creator859_youtube,24741,5113,39038,869,92,13,,False,Creator 859,IN,creator859@mail.example,finance
CR00860,tiktok,@creator860_tiktok,53918,7951,863993,25194,1160,410,572.0,False,Creator 860,MX,creator860@mail.example,food
CR00860,instagram,@creator860_instagram,258991,40700,139856,8315,0,396,0.0,False,Creator 860,MX,creator860@mail.example,food
CR00861,tiktok,@creator861_tiktok,10848,1589,25558,1482,231,0,132.0,False,Creator 861,KR,creator861@mail.example,finance
CR00861,instagram,@creator861_instagram,32390,-737,23141,1210,252,56,146.0,False,Creator 861,KR,creator861@mail.example,finance
CR00862,instagram,@creator862_instagram,52659,-1521,20633,415,38,14,0.0,True,Creator 862,BR,creator862@mail.example,tech
CR00862,youtube,@creator862_youtube,38247,-4472,43615,3449,0,1,,False,Creator 862,BR,creator862@mail.example,tech
CR00863,tiktok,@creator863_tiktok,42338,2461,65565,2870,106,24,398.0,False,Creator 863,FR,creator863@mail.example,food
CR00863,youtube,@creator863_youtube,82996,2184,105281,3109,39,1,,False,Creator 863,FR,creator863@mail.example,food
CR00864,youtube,@creator864_youtube,60974,5642,33376,2453,407,3,,False,Creator 864,IN,creator864@mail.example,gaming
CR00864,tiktok,@creator864_tiktok,153012,8545,219816,15141,2836,0,3361.0,False,Creator 864,IN,creator864@mail.example,gaming
CR00864,instagram,@creator864_instagram,163916,18755,164880,15416,5780,0,17.0,False,Creator 864,IN,creator864@mail.example,gaming
CR00865,youtube,@creator865_youtube,3244,382,4140,283,28,0,,False,Creator 865,BR,creator865@mail.example,beauty
CR00865,tiktok,@creator865_tiktok,1580,75,6366,189,0,26,19.0,False,Creator 865,BR,creator865@mail.example,beauty
CR00865,instagram,@creator865_instagram,1289688,172230,322348,7604,381,0,938.0,False,Creator 865,BR,creator865@mail.example,beauty
CR00866,youtube,@creator866_youtube,55890,3231,45539,1862,6,70,,False,Creator 866,KR,creator866@mail.example,comedy
CR00866,tiktok,@creator866_tiktok,565782,-16465,4008879,312600,12103,4435,0.0,False,Creator 866,KR,creator866@mail.example,comedy
CR00867,instagram,@creator867_instagram,5562,240,1393,56,15,0,0.0,False,Creator 867,US,creator867@mail.example,music
CR00868,youtube,@creator868_youtube,2927,402,5483,189,1,0,,False,Creator 868,US,creator868@mail.example,gaming
CR00869,instagram,@creator869_instagram,88975,990,33334,1152,2,0,84.0,False,Creator 869,MX,creator869@mail.example,comedy
CR00869,youtube,@creator869_youtube,9752,1056,7798,521,217,63,,False,Creator 869,MX,creator869@mail.example,comedy
CR00870,instagram,@creator870_instagram,1789025,196223,664656,50485,129,1,1614.0,False,Creator 870,IN,creator870@mail.example,travel
CR00870,tiktok,@creator870_tiktok,10085,795,45780,3107,347,4,122.0,False,Creator 870,IN,creator870@mail.example,travel
CR00870,youtube,@creator870_youtube,228259,10891,19459,1281,73,6,,False,Creator 870,IN,creator870@mail.example,travel
CR00871,tiktok,@creator871_tiktok,176406,20762,108814,7790,961,101,619.0,False,Creator 871,JP,creator871@mail.example,travel
CR00872,youtube,@creator872_youtube,18024,1266,42189,1440,1,147,,False,Creator 872,IN,creator872@mail.example,tech
CR00872,instagram,@creator872_instagram,47993,8876,9998,754,0,32,28.0,False,Creator 872,IN,creator872@mail.example,tech
CR00873,tiktok,@creator873_tiktok,438783,50897,2403462,94278,1116,3060,6413.0,False,Creator 873,DE,creator873@mail.example,education
CR00873,youtube,@creator873_youtube,11962,1670,5844,233,9,0,,False,Creator 873,DE,creator873@mail.example,education
CR00873,instagram,@creator873_instagram,81231,1388,37803,1411,255,292,18.0,False,Creator 873,DE,creator873@mail.example,education
CR00874,youtube,@creator874_youtube,48745,4014,91540,2227,69,742,,False,Creator 874,BR,creator874@mail.example,beauty
CR00874,instagram,@creator874_instagram,96408,574,43865,2575,0,127,210.0,False,Creator 874,BR,creator874@mail.example,beauty
CR00874,tiktok,@creator874_tiktok,4269,133,8306,320,18,7,17.0,False,Creator 874,BR,creator874@mail.example,beauty
CR00875,youtube,@creator875_youtube,21372,2631,7987,466,125,18,,False,Creator 875,JP,creator875@mail.example,gaming
CR00875,tiktok,@creator875_tiktok,44324,4768,99981,2047,187,191,0.0,False,Creator 875,JP,creator875@mail.example,gaming
CR00875,instagram,@creator875_instagram,286576,20893,83021,3750,9,666,163.0,False,Creator 875,JP,creator875@mail.example,gaming
CR00876,tiktok,@creator876_tiktok,19521,2595,74241,2896,19,3,1.0,False,Creator 876,MX,creator876@mail.example,music
CR00876,instagram,@creator876_instagram,103126,8165,36885,1232,156,50,226.0,False,Creator 876,MX,creator876@mail.example,music
CR00876,youtube,@creator876_youtube,74262,3242,99720,2243,0,48,,False,Creator 876,MX,creator876@mail.example,music
CR00877,instagram,@creator877_instagram,59369,7949,13320,409,13,0,7.0,False,Creator 877,BR,creator877@mail.example,education
CR00878,tiktok,@creator878_tiktok,2354,167,8223,393,0,3,15.0,False,Creator 878,MX,creator878@mail.example,fitness
CR00878,youtube,@creator878_youtube,10579,234,12395,867,4,94,,False,Creator 878,MX,creator878@mail.example,fitness
CR00878,instagram,@creator878_instagram,32178,2405,8811,562,13,28,0.0,False,Creator 878,MX,creator878@mail.example,fitness
CR00879,youtube,@creator879_youtube,140630,21946,48023,2396,139,73,,False,Creator 879,BR,creator879@mail.example,tech
CR00880,instagram,@creator880_instagram,41693,5386,46462,2963,94,6,14.0,False,Creator 880,US,creator880@mail.example,food
CR00880,tiktok,@creator880_tiktok,157905,38,352005,7324,1043,57,320.0,False,Creator 880,US,creator880@mail.example,food
CR00880,youtube,@creator880_youtube,8277,-148,2929,293,0,2,,False,Creator 880,US,creator880@mail.example,food
CR00881,instagram,@creator881_instagram,39332,-7182,22320,681,58,56,47.0,False,Creator 881,FR,creator881@mail.example,fitness
CR00881,youtube,@creator881_youtube,527220,55570,400212,8513,41,16,,False,Creator 881,FR,creator881@mail.example,fitness
CR00881,tiktok,@creator881_tiktok,6165,429,24847,656,32,3,18.0,False,Creator 881,FR,creator881@mail.example,fitness
CR00882,youtube,@creator882_youtube,76376,7068,55955,3913,9,1,,False,Creator 882,IN,creator882@mail.example,finance
CR00882,instagram,@creator882_instagram,276443,-28321,719692,19825,406,209,532.0,False,Creator 882,IN,creator882@mail.example,finance
CR00882,tiktok,@creator882_tiktok,110537,11059,306742,24287,1413,401,36.0,False,Creator 882,IN,creator882@mail.example,finance
CR00883,tiktok,@creator883_tiktok,759196,7564,5489489,126147,101272,4078,478.0,False,Creator 883,US,creator883@mail.example,travel
CR00883,instagram,@creator883_instagram,3674103,304729,312357,14790,231,1,1499.0,False,Creator 883,US,creator883@mail.example,travel
CR00883,youtube,@creator883_youtube,202037,7386,85051,7481,629,146,,False,Creator 883,US,creator883@mail.example,travel
CR00884,tiktok,@creator884_tiktok,64324,3441,190340,5064,83,60,306.0,False,Creator 884,US,creator884@mail.example,gaming
CR00884,instagram,@creator884_instagram,26394,3321,16367,374,25,4,0.0,False,Creator 884,US,creator884@mail.example,gaming
CR00885,tiktok,@creator885_tiktok,312981,28554,380558,18317,4154,2337,0.0,False,Creator 885,BR,creator885@mail.example,fitness
CR00886,youtube,@creator886_youtube,246304,18271,194033,3931,133,533,,False,Creator 886,JP,creator886@mail.example,travel
CR00887,instagram,@creator887_instagram,12447,1471,5731,288,4,1,0.0,False,Creator 887,FR,creator887@mail.example,finance
CR00887,youtube,@creator887_youtube,27824,1785,27283,2506,39,79,,False,Creator 887,FR,creator887@mail.example,finance
CR00887,tiktok,@creator887_tiktok,369811,16390,1935994,87146,1370,11606,1207.0,False,Creator 887,FR,creator887@mail.example,finance
CR00888,tiktok,@creator888_tiktok,713727,58205,2001403,162248,15810,862,4308.0,False,Creator 888,GB,creator888@mail.example,finance
CR00888,youtube,@creator888_youtube,88101,10165,267455,13869,2908,311,,False,Creator 888,GB,creator888@mail.example,finance
CR00889,tiktok,@creator889_tiktok,64864,-2056,1000286,47511,18870,1541,17648.0,False,Creator 889,IN,creator889@mail.example,gaming
CR00889,youtube,@creator889_youtube,40873,4598,68303,2604,51,61,,False,Creator 889,IN,creator889@mail.example,gaming
CR00889,instagram,@creator889_instagram,9298,720,5874,167,10,15,17.0,False,Creator 889,IN,creator889@mail.example,gaming
CR00890,tiktok,@creator890_tiktok,8623,148,24084,936,102,41,0.0,False,Creator 890,BR,creator890@mail.example,travel
CR00890,instagram,@creator890_instagram,4350,477,1504,67,2,0,4.0,False,Creator 890,BR,creator890@mail.example,travel
CR00891,youtube,@creator891_youtube,1845,72,4265,141,18,11,,False,Creator 891,FR,creator891@mail.example,comedy
CR00891,tiktok,@creator891_tiktok,94129,3098,120850,2466,614,2,54.0,False,Creator 891,FR,creator891@mail.example,comedy
CR00891,instagram,@creator891_instagram,125489,11328,59842,2478,159,57,125.0,False,Creator 891,FR,creator891@mail.example,comedy
CR00892,instagram,@creator892_instagram,8913,1755,5214,165,4,2,50.0,False,Creator 892,DE,creator892@mail.example,education
CR00892,tiktok,@creator892_tiktok,292317,46723,1095701,65067,2755,931,9237.0,False,Creator 892,DE,creator892@mail.example,education
CR00892,youtube,@creator892_youtube,23682,1234,38436,2043,43,63,,False,Creator 892,DE,creator892@mail.example,education
CR00893,instagram,@creator893_instagram,15935,674,9540,423,47,21,113.0,False,Creator 893,BR,creator893@mail.example,comedy
CR00893,youtube,@creator893_youtube,118581,5127,113401,1948,45,34,,False,Creator 893,BR,creator893@mail.example,comedy
CR00894,tiktok,@creator894_tiktok,291233,10411,661283,41392,115,1054,1050.0,False,Creator 894,JP,creator894@mail.example,beauty
CR00895,youtube,@creator895_youtube,1261,198,779,34,4,1,,False,Creator 895,US,creator895@mail.example,beauty
CR00895,tiktok,@creator895_tiktok,53091,5149,27937,627,13,85,4.0,False,Creator 895,US,creator895@mail.example,beauty
CR00896,tiktok,@creator896_tiktok,51285,6830,165753,3051,49,78,0.0,False,Creator 896,DE,creator896@mail.example,travel
CR00896,instagram,@creator896_instagram,168298,10221,46763,2447,185,360,98.0,False,Creator 896,DE,creator896@mail.example,travel
CR00897,youtube,@creator897_youtube,3962,-101,2934,223,1,12,,False,Creator 897,FR,creator897@mail.example,food
CR00897,tiktok,@creator897_tiktok,135009,-7291,258669,17203,1396,2,306.0,False,Creator 897,FR,creator897@mail.example,food
CR00897,instagram,@creator897_instagram,5700,526,5638,279,16,22,7.0,False,Creator 897,FR,creator897@mail.example,food
CR00898,tiktok,@creator898_tiktok,3837,666,16275,766,53,81,119.0,False,Creator 898,DE,creator898@mail.example,travel
CR00898,youtube,@creator898_youtube,4705,638,7136,263,21,6,,False,Creator 898,DE,creator898@mail.example,travel
CR00898,instagram,@creator898_instagram,721964,95568,1245624,45017,19844,2970,8767.0,False,Creator 898,DE,creator898@mail.example,travel
CR00899,tiktok,@creator899_tiktok,31883,3289,70083,2227,310,1,54.0,False,Creator 899,FR,creator899@mail.example,music
CR00899,instagram,@creator899_instagram,246639,-23,108794,2755,513,220,1229.0,False,Creator 899,FR,creator899@mail.example,music
CR00899,youtube,@creator899_youtube,197392,-1955,62296,2626,97,60,,False,Creator 899,FR,creator899@mail.example,music
CR00900,youtube,@creator900_youtube,458773,-4123,155276,12422,132,260,,False,Creator 900,BR,creator900@mail.example,finance
CR00900,instagram,@creator900_instagram,111231,8182,88879,3253,30,194,191.0,False,Creator 900,BR,creator900@mail.example,finance
CR00901,instagram,@creator901_instagram,114981,7004,15819,629,0,47,0.0,False,Creator 901,US,creator901@mail.example,gaming
CR00901,youtube,@creator901_youtube,1026647,111679,1610420,35306,7,8371,,False,Creator 901,US,creator901@mail.example,gaming
CR00901,tiktok,@creator901_tiktok,663,97,503,25,1,0,3.0,False,Creator 901,US,creator901@mail.example,gaming
CR00902,instagram,@creator902_instagram,949,87,501,26,10,3,9.0,False,Creator 902,IN,creator902@mail.example,tech
CR00902,youtube,@creator902_youtube,50124,2295,72268,5788,133,3,,False,Creator 902,IN,creator902@mail.example,tech
CR00903,instagram,@creator903_instagram,10902,1132,14824,258,77,14,10.0,False,Creator 903,MX,creator903@mail.example,beauty
CR00903,youtube,@creator903_youtube,96352,14947,169223,13013,1,55,,False,Creator 903,MX,creator903@mail.example,beauty
CR00904,tiktok,@creator904_tiktok,190075,11030,196255,16222,769,0,941.0,False,Creator 904,GB,creator904@mail.example,education
CR00905,youtube,@creator905_youtube,80967,9429,159214,10261,1878,403,,False,Creator 905,BR,creator905@mail.example,education
CR00905,instagram,@creator905_instagram,184384,16504,90809,6122,620,496,0.0,False,Creator 905,BR,creator905@mail.example,education
CR00906,instagram,@creator906_instagram,45267,1430,13235,1104,198,34,1.0,True,Creator 906,JP,creator906@mail.example,comedy
CR00906,tiktok,@creator906_tiktok,153123,22566,293700,14505,184,3168,884.0,False,Creator 906,JP,creator906@mail.example,comedy
CR00907,tiktok,@creator907_tiktok,214855,-16629,350472,29895,74,281,3785.0,False,Creator 907,BR,creator907@mail.example,gaming
CR00907,instagram,@creator907_instagram,232000,30591,360314,33111,14,75,2055.0,False,Creator 907,BR,creator907@mail.example,gaming
CR00908,youtube,@creator908_youtube,100598,10478,183326,8479,772,144,,False,Creator 908,IN,creator908@mail.example,comedy
CR00909,instagram,@creator909_instagram,667,55,64,2,0,0,0.0,False,Creator 909,BR,creator909@mail.example,comedy
CR00910,youtube,@creator910_youtube,129257,10256,408083,6759,547,1530,,False,Creator 910,BR,creator910@mail.example,fitness
CR00910,instagram,@creator910_instagram,125137,11146,40476,782,139,0,239.0,True,Creator 910,BR,creator910@mail.example,fitness
CR00911,instagram,@creator911_instagram,117579,4124,46470,3848,233,165,97.0,False,Creator 911,JP,creator911@mail.example,gaming
CR00911,tiktok,@creator911_tiktok,7357,685,29499,2502,51,97,182.0,False,Creator 911,JP,creator911@mail.example,gaming
CR00911,youtube,@creator911_youtube,77334,17646,69732,4689,91,37,,False,Creator 911,JP,creator911@mail.example,gaming
CR00912,youtube,@creator912_youtube,10400,1100,8393,513,65,10,,False,Creator 912,BR,creator912@mail.example,food
CR00912,instagram,@creator912_instagram,115063,16897,15563,721,62,161,9.0,False,Creator 912,BR,creator912@mail.example,food
CR00912,tiktok,@creator912_tiktok,161610,16513,371724,26706,0,1913,3263.0,False,Creator 912,BR,creator912@mail.example,food
CR00913,instagram,@creator913_instagram,661383,88730,250191,10824,1328,498,58.0,False,Creator 913,IN,creator913@mail.example,beauty
CR00913,youtube,@creator913_youtube,138457,17334,204307,14971,714,402,,False,Creator 913,IN,creator913@mail.example,beauty
CR00913,tiktok,@creator913_tiktok,16461,1979,58024,3075,694,0,364.0,False,Creator 913,IN,creator913@mail.example,beauty
CR00914,tiktok,@creator914_tiktok,301010,30324,1908494,38501,6580,767,30133.0,False,Creator 914,IN,creator914@mail.example,food
CR00914,instagram,@creator914_instagram,59232,4896,22676,801,143,48,9.0,False,Creator 914,IN,creator914@mail.example,food
CR00914,youtube,@creator914_youtube,19897,2453,19963,702,98,0,,False,Creator 914,IN,creator914@mail.example,food
CR00915,instagram,@creator915_instagram,2317,358,1955,106,3,2,33.0,False,Creator 915,GB,creator915@mail.example,finance
CR00915,tiktok,@creator915_tiktok,11135,791,31697,3244,133,3,1.0,False,Creator 915,GB,creator915@mail.example,finance
CR00916,tiktok,@creator916_tiktok,36296,3289,89567,3094,27,239,125.0,False,Creator 916,KR,creator916@mail.example,fitness
CR00916,youtube,@creator916_youtube,33482,2980,50191,859,156,5,,False,Creator 916,KR,creator916@mail.example,fitness
CR00916,instagram,@creator916_instagram,2859,194,1292,77,19,0,6.0,False,Creator 916,KR,creator916@mail.example,fitness
CR00917,youtube,@creator917_youtube,29062,1266,19507,740,32,18,,False,Creator 917,JP,creator917@mail.example,fitness
CR00917,tiktok,@creator917_tiktok,193895,30495,479892,25750,2604,199,1765.0,False,Creator 917,JP,creator917@mail.example,fitness
CR00917,instagram,@creator917_instagram,8737,538,2344,66,0,6,2.0,False,Creator 917,JP,creator917@mail.example,fitness
CR00918,tiktok,@creator918_tiktok,26657,2574,48249,806,13,0,85.0,False,Creator 918,KR,creator918@mail.example,beauty
CR00918,youtube,@creator918_youtube,9032,411,33493,2712,0,14,,False,Creator 918,KR,creator918@mail.example,beauty
CR00919,tiktok,@creator919_tiktok,110631,10909,432433,12963,651,20,121.0,False,Creator 919,CA,creator919@mail.example,tech
CR00919,youtube,@creator919_youtube,29178,2027,28217,2129,199,72,,False,Creator 919,CA,creator919@mail.example,tech
CR00919,instagram,@creator919_instagram,8744,-127,9254,330,19,5,32.0,False,Creator 919,CA,creator919@mail.example,tech
CR00920,instagram,@creator920_instagram,26395,5426,8556,644,152,0,108.0,False,Creator 920,BR,creator920@mail.example,tech
CR00921,instagram,@creator921_instagram,5038,-447,860,66,0,1,0.0,False,Creator 921,JP,creator921@mail.example,comedy
CR00921,youtube,@creator921_youtube,11717,563,8442,275,49,31,,False,Creator 921,JP,creator921@mail.example,comedy
CR00921,tiktok,@creator921_tiktok,39976,6503,250055,19231,1170,709,1788.0,False,Creator 921,JP,creator921@mail.example,comedy
CR00922,tiktok,@creator922_tiktok,27280,1917,50245,2221,8,141,650.0,False,Creator 922,FR,creator922@mail.example,gaming
CR00923,tiktok,@creator923_tiktok,25394,2900,169759,6407,24,593,195.0,False,Creator 923,US,creator923@mail.example,gaming
CR00923,youtube,@creator923_youtube,24687,1771,19118,550,54,14,,False,Creator 923,US,creator923@mail.example,gaming
CR00923,instagram,@creator923_instagram,87101,9188,44522,1235,84,8,14.0,True,Creator 923,US,creator923@mail.example,gaming
CR00924,tiktok,@creator924_tiktok,60041,8445,63136,5328,537,3,67.0,False,Creator 924,KR,creator924@mail.example,beauty
CR00924,youtube,@creator924_youtube,42195,3303,32581,1358,400,87,,False,Creator 924,KR,creator924@mail.example,beauty
CR00924,instagram,@creator924_instagram,94492,2598,10531,529,0,0,67.0,False,Creator 924,KR,creator924@mail.example,beauty
CR00925,tiktok,@creator925_tiktok,42035,5819,193174,4375,350,104,576.0,False,Creator 925,CA,creator925@mail.example,food
CR00925,instagram,@creator925_instagram,161473,16438,414186,21028,2046,18,784.0,True,Creator 925,CA,creator925@mail.example,food
CR00926,instagram,@creator926_instagram,43771,2241,25231,1731,88,5,28.0,False,Creator 926,FR,creator926@mail.example,tech
CR00927,youtube,@creator927_youtube,9952,490,1830,91,16,2,,False,Creator 927,US,creator927@mail.example,gaming
CR00927,instagram,@creator927_instagram,4091,20,5603,363,0,4,1.0,False,Creator 927,US,creator927@mail.example,gaming
CR00927,tiktok,@creator927_tiktok,1091888,127662,1753264,56936,5637,2431,8184.0,False,Creator 927,US,creator927@mail.example,gaming
CR00928,tiktok,@creator928_tiktok,197387,-36347,1070517,50758,1487,585,8264.0,False,Creator 928,BR,creator928@mail.example,finance
CR00928,youtube,@creator928_youtube,19080,3184,34783,1206,43,64,,False,Creator 928,BR,creator928@mail.example,finance
CR00928,instagram,@creator928_instagram,311957,11912,244975,12918,233,602,154.0,False,Creator 928,BR,creator928@mail.example,finance
CR00929,instagram,@creator929_instagram,16069,853,32620,1125,219,316,170.0,False,Creator 929,US,creator929@mail.example,finance
CR00929,youtube,@creator929_youtube,130083,8536,212925,20267,108,106,,False,Creator 929,US,creator929@mail.example,finance
CR00930,tiktok,@creator930_tiktok,63603,664,167497,8285,484,145,34.0,False,Creator 930,KR,creator930@mail.example,education
CR00930,instagram,@creator930_instagram,71642,8109,61700,3148,319,320,614.0,True,Creator 930,KR,creator930@mail.example,education
CR00930,youtube,@creator930_youtube,42988,2133,63536,1973,30,201,,False,Creator 930,KR,creator930@mail.example,education
CR00931,youtube,@creator931_youtube,8056,516,10957,973,2,118,,False,Creator 931,CA,creator931@mail.example,comedy
CR00932,youtube,@creator932_youtube,171786,12207,904020,43508,890,674,,False,Creator 932,FR,creator932@mail.example,food
CR00932,tiktok,@creator932_tiktok,76677,9564,299773,15313,54,3,25.0,False,Creator 932,FR,creator932@mail.example,food
CR00933,tiktok,@creator933_tiktok,335130,-8095,236439,22167,1108,5,288.0,False,Creator 933,US,creator933@mail.example,education
CR00933,instagram,@creator933_instagram,25503,2181,65792,1990,202,0,16.0,True,Creator 933,US,creator933@mail.example,education
CR00933,youtube,@creator933_youtube,9090,341,7196,560,5,11,,False,Creator 933,US,creator933@mail.example,education
CR00934,tiktok,@creator934_tiktok,139137,23937,1517750,78927,2858,1200,845.0,False,Creator 934,US,creator934@mail.example,beauty
CR00934,youtube,@creator934_youtube,26397,4429,21221,879,19,17,,False,Creator 934,US,creator934@mail.example,beauty
CR00935,youtube,@creator935_youtube,71969,5559,38744,1508,1429,182,,False,Creator 935,CA,creator935@mail.example,travel
CR00935,instagram,@creator935_instagram,144655,1729,126375,4654,197,32,118.0,False,Creator 935,CA,creator935@mail.example,travel
CR00935,tiktok,@creator935_tiktok,12716,1224,21352,1363,69,0,58.0,False,Creator 935,CA,creator935@mail.example,travel
CR00936,instagram,@creator936_instagram,57672,-106,81128,3999,0,7,341.0,True,Creator 936,FR,creator936@mail.example,beauty
CR00936,tiktok,@creator936_tiktok,843835,78093,2595158,45637,13992,13,504.0,False,Creator 936,FR,creator936@mail.example,beauty
CR00937,youtube,@creator937_youtube,131804,13027,196465,5244,1153,297,,False,Creator 937,JP,creator937@mail.example,fitness
CR00937,tiktok,@creator937_tiktok,17777,3767,49870,1452,374,148,213.0,False,Creator 937,JP,creator937@mail.example,fitness
CR00937,instagram,@creator937_instagram,203503,21609,112976,8101,150,18,1096.0,False,Creator 937,JP,creator937@mail.example,fitness
CR00938,youtube,@creator938_youtube,9957,730,24951,1411,133,123,,False,Creator 938,DE,creator938@mail.example,gaming
CR00938,tiktok,@creator938_tiktok,66315,-1371,283832,18651,1325,3,457.0,False,Creator 938,DE,creator938@mail.example,gaming
CR00939,youtube,@creator939_youtube,4922,763,7621,494,5,52,,False,Creator 939,GB,creator939@mail.example,tech
CR00939,instagram,@creator939_instagram,73755,2748,15021,548,32,3,2.0,False,Creator 939,GB,creator939@mail.example,tech
CR00939,tiktok,@creator939_tiktok,493373,-19598,2117841,89843,2530,7150,7642.0,False,Creator 939,GB,creator939@mail.example,tech
CR00940,youtube,@creator940_youtube,21377,2069,23478,1294,142,3,,False,Creator 940,GB,creator940@mail.example,beauty
CR00940,instagram,@creator940_instagram,10216,157,7202,247,10,43,18.0,False,Creator 940,GB,creator940@mail.example,beauty
CR00941,instagram,@creator941_instagram,142606,5900,94412,4489,614,0,403.0,False,Creator 941,CA,creator941@mail.example,education
CR00941,youtube,@creator941_youtube,24683,2418,69801,4596,322,11,,False,Creator 941,CA,creator941@mail.example,education
CR00941,tiktok,@creator941_tiktok,14332,1386,80029,1612,47,0,143.0,False,Creator 941,CA,creator941@mail.example,education
CR00942,tiktok,@creator942_tiktok,169264,26306,550917,21070,166,702,299.0,False,Creator 942,DE,creator942@mail.example,education
CR00942,youtube,@creator942_youtube,43730,4877,107511,7187,448,0,,False,Creator 942,DE,creator942@mail.example,education
CR00942,instagram,@creator942_instagram,79150,-5864,27557,1746,29,162,77.0,False,Creator 942,DE,creator942@mail.example,education
CR00943,youtube,@creator943_youtube,23780,2448,65672,2567,215,0,,False,Creator 943,BR,creator943@mail.example,finance
CR00944,youtube,@creator944_youtube,148077,16215,86218,5076,1517,16,,False,Creator 944,CA,creator944@mail.example,comedy
CR00945,instagram,@creator945_instagram,38633,3663,39160,1128,41,1,55.0,True,Creator 945,MX,creator945@mail.example,tech
CR00945,tiktok,@creator945_tiktok,3673,236,14606,726,0,32,113.0,False,Creator 945,MX,creator945@mail.example,tech
CR00945,youtube,@creator945_youtube,266272,16821,182160,14418,930,1670,,False,Creator 945,MX,creator945@mail.example,tech
CR00946,tiktok,@creator946_tiktok,8937,214,15046,864,0,61,74.0,False,Creator 946,JP,creator946@mail.example,beauty
CR00947,tiktok,@creator947_tiktok,104559,10648,189509,10050,0,2003,898.0,False,Creator 947,US,creator947@mail.example,beauty
CR00947,instagram,@creator947_instagram,4941,621,2772,135,0,6,1.0,False,Creator 947,US,creator947@mail.example,beauty
CR00948,youtube,@creator948_youtube,36787,1390,189623,8309,276,101,,False,Creator 948,IN,creator948@mail.example,beauty
CR00948,tiktok,@creator948_tiktok,165297,7716,501830,37830,3245,255,2385.0,False,Creator 948,IN,creator948@mail.example,beauty
CR00948,instagram,@creator948_instagram,9273,788,4825,222,11,22,76.0,False,Creator 948,IN,creator948@mail.example,beauty
CR00949,tiktok,@creator949_tiktok,399003,2132,2512467,56704,9333,29011,377.0,False,Creator 949,FR,creator949@mail.example,music
CR00949,instagram,@creator949_instagram,39411,4151,36275,2219,198,180,17.0,False,Creator 949,FR,creator949@mail.example,music
CR00950,youtube,@creator950_youtube,73650,4251,20870,299,0,6,,False,Creator 950,DE,creator950@mail.example,fitness
CR00951,youtube,@creator951_youtube,97827,9695,59324,1165,404,98,,False,Creator 951,DE,creator951@mail.example,comedy
CR00951,tiktok,@creator951_tiktok,34133,3402,34523,955,18,0,19.0,False,Creator 951,DE,creator951@mail.example,comedy
CR00951,instagram,@creator951_instagram,970385,-26958,669176,16108,606,0,0.0,False,Creator 951,DE,creator951@mail.example,comedy
CR00952,youtube,@creator952_youtube,2279,433,3240,73,4,12,,False,Creator 952,JP,creator952@mail.example,finance
CR00952,instagram,@creator952_instagram,7299,1091,6783,485,8,25,28.0,False,Creator 952,JP,creator952@mail.example,finance
CR00953,tiktok,@creator953_tiktok,64063,-2511,145520,11180,393,960,1269.0,False,Creator 953,CA,creator953@mail.example,food
CR00953,youtube,@creator953_youtube,22066,1080,55756,2646,188,334,,False,Creator 953,CA,creator953@mail.example,food
CR00953,instagram,@creator953_instagram,84251,2710,64815,3398,159,319,339.0,False,Creator 953,CA,creator953@mail.example,food
CR00954,tiktok,@creator954_tiktok,12500,2107,41018,1294,188,381,1.0,False,Creator 954,GB,creator954@mail.example,food
CR00954,instagram,@creator954_instagram,1306,154,474,16,1,0,2.0,False,Creator 954,GB,creator954@mail.example,food
CR00955,instagram,@creator955_instagram,81772,-2504,27559,1220,164,178,6.0,False,Creator 955,US,creator955@mail.example,fitness
CR00955,youtube,@creator955_youtube,5514,1067,9329,478,11,19,,False,Creator 955,US,creator955@mail.example,fitness
CR00955,tiktok,@creator955_tiktok,73060,2638,254546,10487,11,412,0.0,False,Creator 955,US,creator955@mail.example,fitness
CR00956,tiktok,@creator956_tiktok,562222,55745,7054089,439087,6189,4131,9873.0,False,Creator 956,GB,creator956@mail.example,finance
CR00956,youtube,@creator956_youtube,10467,1028,12334,317,19,48,,False,Creator 956,GB,creator956@mail.example,finance
CR00956,instagram,@creator956_instagram,74790,8499,7886,241,12,18,30.0,False,Creator 956,GB,creator956@mail.example,finance
CR00957,youtube,@creator957_youtube,81939,4525,164562,11976,24,55,,False,Creator 957,IN,creator957@mail.example,education
CR00958,tiktok,@creator958_tiktok,15564,2513,279387,4708,2617,0,1.0,False,Creator 958,GB,creator958@mail.example,music
CR00958,youtube,@creator958_youtube,305812,32575,421041,33219,8793,0,,False,Creator 958,GB,creator958@mail.example,music
CR00959,tiktok,@creator959_tiktok,514544,37594,1791676,46741,3740,1150,650.0,False,Creator 959,DE,creator959@mail.example,fitness
CR00959,instagram,@creator959_instagram,1060402,87123,132204,2611,135,440,242.0,False,Creator 959,DE,creator959@mail.example,fitness
CR00960,tiktok,@creator960_tiktok,17434,-603,45054,2551,285,492,296.0,False,Creator 960,FR,creator960@mail.example,gaming
CR00961,tiktok,@creator961_tiktok,370008,-7118,1160753,36872,916,847,9422.0,False,Creator 961,GB,creator961@mail.example,music
CR00961,instagram,@creator961_instagram,46710,3264,63554,5782,111,101,320.0,False,Creator 961,GB,creator961@mail.example,music
CR00962,instagram,@creator962_instagram,45670,2602,9066,398,23,0,42.0,False,Creator 962,MX,creator962@mail.example,music
CR00962,youtube,@creator962_youtube,28550,278,34594,2103,22,27,,False,Creator 962,MX,creator962@mail.example,music
CR00962,tiktok,@creator962_tiktok,20370,1059,46457,3034,581,326,140.0,False,Creator 962,MX,creator962@mail.example,music
CR00963,youtube,@creator963_youtube,132230,22199,87376,6897,0,616,,False,Creator 963,BR,creator963@mail.example,finance
CR00963,instagram,@creator963_instagram,68772,2472,18742,580,58,132,280.0,False,Creator 963,BR,creator963@mail.example,finance
CR00964,youtube,@creator964_youtube,1769710,198567,1488466,101802,236,15269,,False,Creator 964,FR,creator964@mail.example,finance
CR00964,instagram,@creator964_instagram,90785,8508,304007,26835,3,1539,127.0,False,Creator 964,FR,creator964@mail.example,finance
CR00965,instagram,@creator965_instagram,70391,-2356,42883,2701,303,1,964.0,False,Creator 965,DE,creator965@mail.example,comedy
CR00965,tiktok,@creator965_tiktok,11499,1050,80428,5002,903,817,10.0,False,Creator 965,DE,creator965@mail.example,comedy
CR00966,instagram,@creator966_instagram,306344,29562,100181,3152,256,24,0.0,False,Creator 966,IN,creator966@mail.example,gaming
CR00967,youtube,@creator967_youtube,12595,2040,6695,108,25,9,,False,Creator 967,FR,creator967@mail.example,music
CR00967,tiktok,@creator967_tiktok,40924,-528,145190,6023,271,370,1797.0,False,Creator 967,FR,creator967@mail.example,music
CR00967,instagram,@creator967_instagram,17231,2400,12365,837,19,9,28.0,False,Creator 967,FR,creator967@mail.example,music
CR00968,youtube,@creator968_youtube,44541,1091,63886,6673,85,162,,False,Creator 968,GB,creator968@mail.example,gaming
CR00969,tiktok,@creator969_tiktok,30578,1624,108680,4606,2230,909,424.0,False,Creator 969,US,creator969@mail.example,travel
CR00969,youtube,@creator969_youtube,1246122,137368,4063774,152793,25158,4922,,False,Creator 969,US,creator969@mail.example,travel
CR00970,instagram,@creator970_instagram,67351,2320,39263,820,181,0,291.0,False,Creator 970,JP,creator970@mail.example,travel
CR00971,youtube,@creator971_youtube,210721,9894,278471,7973,1404,1697,,False,Creator 971,BR,creator971@mail.example,music
CR00971,tiktok,@creator971_tiktok,38422,4838,36614,1623,28,100,247.0,False,Creator 971,BR,creator971@mail.example,music
CR00971,instagram,@creator971_instagram,1242,241,3097,154,20,28,1.0,False,Creator 971,BR,creator971@mail.example,music
CR00972,youtube,@creator972_youtube,81835,6788,122646,6165,88,83,,False,Creator 972,DE,creator972@mail.example,food
CR00972,tiktok,@creator972_tiktok,230931,17114,1221766,72500,9690,2160,327.0,False,Creator 972,DE,creator972@mail.example,food
CR00972,instagram,@creator972_instagram,336238,-25931,150882,7817,1292,25,778.0,False,Creator 972,DE,creator972@mail.example,food
CR00973,instagram,@creator973_instagram,2982,530,1197,81,8,1,1.0,False,Creator 973,MX,creator973@mail.example,travel
CR00973,youtube,@creator973_youtube,82165,4683,637931,60197,2124,5411,,False,Creator 973,MX,creator973@mail.example,travel
CR00974,youtube,@creator974_youtube,53162,2793,53053,3295,131,589,,False,Creator 974,JP,creator974@mail.example,music
CR00974,tiktok,@creator974_tiktok,9585,868,34586,2455,0,0,113.0,False,Creator 974,JP,creator974@mail.example,music
CR00974,instagram,@creator974_instagram,186983,-21167,62431,3271,65,3,0.0,False,Creator 974,JP,creator974@mail.example,music
CR00975,tiktok,@creator975_tiktok,68668,6421,515299,36221,1553,220,2241.0,False,Creator 975,BR,creator975@mail.example,finance
CR00975,youtube,@creator975_youtube,20475,2382,27734,1227,57,43,,False,Creator 975,BR,creator975@mail.example,finance
CR00975,instagram,@creator975_instagram,91024,5741,11548,697,87,8,7.0,False,Creator 975,BR,creator975@mail.example,finance
CR00976,instagram,@creator976_instagram,18907,3108,23634,989,125,292,68.0,False,Creator 976,DE,creator976@mail.example,travel
CR00976,youtube,@creator976_youtube,47544,2455,45730,1780,557,121,,False,Creator 976,DE,creator976@mail.example,travel
CR00976,tiktok,@creator976_tiktok,4345,317,5594,185,0,35,0.0,False,Creator 976,DE,creator976@mail.example,travel
CR00977,youtube,@creator977_youtube,20218,717,20662,857,27,54,,False,Creator 977,DE,creator977@mail.example,music
CR00977,instagram,@creator977_instagram,3009,311,1380,47,1,0,1.0,False,Creator 977,DE,creator977@mail.example,music
CR00977,tiktok,@creator977_tiktok,29459,1838,222433,3399,429,45,155.0,False,Creator 977,DE,creator977@mail.example,music
CR00978,tiktok,@creator978_tiktok,41614,6961,62562,4092,85,0,199.0,False,Creator 978,JP,creator978@mail.example,comedy
CR00978,instagram,@creator978_instagram,11178,1424,6607,147,48,2,49.0,False,Creator 978,JP,creator978@mail.example,comedy
CR00979,tiktok,@creator979_tiktok,4902,669,19327,1428,1,3,4.0,False,Creator 979,US,creator979@mail.example,gaming
CR00979,youtube,@creator979_youtube,383989,33985,369506,19348,1478,160,,False,Creator 979,US,creator979@mail.example,gaming
CR00979,instagram,@creator979_instagram,12837,1279,20420,814,46,122,40.0,False,Creator 979,US,creator979@mail.example,gaming
CR00980,instagram,@creator980_instagram,12713,1443,8669,295,50,0,86.0,False,Creator 980,FR,creator980@mail.example,travel
CR00981,tiktok,@creator981_tiktok,81385,13200,128978,5057,676,237,172.0,False,Creator 981,BR,creator981@mail.example,comedy
CR00982,tiktok,@creator982_tiktok,68170,11793,97993,2484,299,38,20.0,False,Creator 982,FR,creator982@mail.example,fitness
CR00983,youtube,@creator983_youtube,419057,14174,254878,9569,1666,846,,False,Creator 983,US,creator983@mail.example,travel
CR00983,instagram,@creator983_instagram,31893,3302,14160,396,52,71,0.0,False,Creator 983,US,creator983@mail.example,travel
CR00983,tiktok,@creator983_tiktok,16516,1700,59095,1206,80,50,0.0,False,Creator 983,US,creator983@mail.example,travel
CR00984,instagram,@creator984_instagram,33949,2902,32943,2125,357,23,74.0,False,Creator 984,FR,creator984@mail.example,food
CR00985,tiktok,@creator985_tiktok,332613,50051,4592251,232327,424,14117,47072.0,False,Creator 985,US,creator985@mail.example,music
CR00985,youtube,@creator985_youtube,131122,8302,62031,3827,250,1363,,False,Creator 985,US,creator985@mail.example,music
CR00986,instagram,@creator986_instagram,749122,18153,410233,22149,886,164,390.0,False,Creator 986,JP,creator986@mail.example,gaming
CR00986,youtube,@creator986_youtube,2043,-30,729,28,4,1,,False,Creator 986,JP,creator986@mail.example,gaming
CR00987,tiktok,@creator987_tiktok,26795,2880,62631,966,11,0,42.0,False,Creator 987,GB,creator987@mail.example,travel
CR00987,instagram,@creator987_instagram,673551,100573,864915,67541,673,2965,6973.0,False,Creator 987,GB,creator987@mail.example,travel
CR00987,youtube,@creator987_youtube,23099,1608,37133,994,11,218,,False,Creator 987,GB,creator987@mail.example,travel
CR00988,instagram,@creator988_instagram,32688,5072,5972,357,0,30,0.0,False,Creator 988,US,creator988@mail.example,beauty
CR00989,tiktok,@creator989_tiktok,31010,2303,75044,2187,9,273,29.0,False,Creator 989,IN,creator989@mail.example,comedy
CR00989,youtube,@creator989_youtube,22352,2478,9211,552,36,0,,False,Creator 989,IN,creator989@mail.example,comedy
CR00989,instagram,@creator989_instagram,25551,2423,32289,2276,150,28,2.0,False,Creator 989,IN,creator989@mail.example,comedy
CR00990,youtube,@creator990_youtube,7846,1263,9805,548,3,12,,False,Creator 990,BR,creator990@mail.example,fitness
CR00990,tiktok,@creator990_tiktok,195920,9922,909217,34720,2561,5743,2035.0,False,Creator 990,BR,creator990@mail.example,fitness
CR00990,instagram,@creator990_instagram,14361,1385,12465,243,10,2,4.0,False,Creator 990,BR,creator990@mail.example,fitness
CR00991,tiktok,@creator991_tiktok,1006,91,2047,64,8,10,0.0,False,Creator 991,GB,creator991@mail.example,beauty
CR00991,instagram,@creator991_instagram,36689,2818,18900,810,204,152,38.0,False,Creator 991,GB,creator991@mail.example,beauty
CR00991,youtube,@creator991_youtube,1004186,7435,2548794,53953,206,1943,,False,Creator 991,GB,creator991@mail.example,beauty
CR00992,tiktok,@creator992_tiktok,7574,784,24268,1494,31,100,4.0,False,Creator 992,KR,creator992@mail.example,travel
CR00992,instagram,@creator992_instagram,63477,6690,42159,932,255,108,56.0,False,Creator 992,KR,creator992@mail.example,travel
CR00993,youtube,@creator993_youtube,19914,-1338,12469,404,5,0,,False,Creator 993,DE,creator993@mail.example,music
CR00994,youtube,@creator994_youtube,367985,24338,553602,25122,3197,898,,False,Creator 994,DE,creator994@mail.example,food
CR00994,instagram,@creator994_instagram,13895,1397,24634,826,36,11,40.0,True,Creator 994,DE,creator994@mail.example,food
CR00995,tiktok,@creator995_tiktok,34185,5537,83129,1295,349,132,11.0,False,Creator 995,IN,creator995@mail.example,comedy
CR00995,instagram,@creator995_instagram,12951,2174,14396,952,17,10,2.0,False,Creator 995,IN,creator995@mail.example,comedy
CR00995,youtube,@creator995_youtube,7882,728,11651,466,50,35,,False,Creator 995,IN,creator995@mail.example,comedy
CR00996,instagram,@creator996_instagram,44312,-1071,28103,1245,9,13,53.0,False,Creator 996,DE,creator996@mail.example,gaming
CR00996,tiktok,@creator996_tiktok,19441,1559,39185,2084,265,163,302.0,False,Creator 996,DE,creator996@mail.example,gaming
CR00997,youtube,@creator997_youtube,23399,341,17639,833,14,4,,False,Creator 997,KR,creator997@mail.example,food
CR00997,tiktok,@creator997_tiktok,67552,9493,115546,4924,0,479,28.0,False,Creator 997,KR,creator997@mail.example,food
CR00998,tiktok,@creator998_tiktok,4848,335,4446,201,42,12,5.0,False,Creator 998,US,creator998@mail.example,fitness
CR00998,instagram,@creator998_instagram,8946,835,13020,930,43,0,0.0,False,Creator 998,US,creator998@mail.example,fitness
CR00999,youtube,@creator999_youtube,86201,2041,19955,1291,45,34,,False,Creator 999,IN,creator999@mail.example,music
CR00999,tiktok,@creator999_tiktok,3780,547,14683,1135,19,0,0.0,False,Creator 999,IN,creator999@mail.example,music
CR00999,instagram,@creator999_instagram,2075,222,1082,54,1,5,1.0,False,Creator 999,IN,creator999@mail.example,music
CR01000,youtube,@creator1000_youtube,84118,6896,42984,1324,14,0,,False,Creator 1000,DE,creator1000@mail.example,music
CR01000,instagram,@creator1000_instagram,37620,2690,45025,2606,223,5,573.0,False,Creator 1000,DE,creator1000@mail.example,music
CR01000,tiktok,@creator1000_tiktok,74843,2789,526776,8312,3042,1377,1376.0,False,Creator 1000,DE,creator1000@mail.example,music
CR01001,instagram,@creator1001_instagram,76347,10646,43572,2952,113,38,81.0,False,Creator 1001,IN,creator1001@mail.example,education
CR01001,tiktok,@creator1001_tiktok,475085,41682,752275,18768,3112,415,4787.0,False,Creator 1001,IN,creator1001@mail.example,education
CR01001,youtube,@creator1001_youtube,9191,952,5295,121,29,5,,False,Creator 1001,IN,creator1001@mail.example,education
CR01002,youtube,@creator1002_youtube,65146,5866,48591,1635,84,0,,False,Creator 1002,IN,creator1002@mail.example,gaming
CR01002,instagram,@creator1002_instagram,411786,26985,222022,5027,997,248,4060.0,True,Creator 1002,IN,creator1002@mail.example,gaming
CR01002,tiktok,@creator1002_tiktok,158361,6480,416924,14380,1329,8,0.0,False,Creator 1002,IN,creator1002@mail.example,gaming
CR01003,tiktok,@creator1003_tiktok,63435,7066,199618,7714,45,1163,589.0,False,Creator 1003,US,creator1003@mail.example,gaming
CR01003,instagram,@creator1003_instagram,10054,1519,4526,66,0,1,11.0,False,Creator 1003,US,creator1003@mail.example,gaming
CR01003,youtube,@creator1003_youtube,9896,1571,6768,442,65,0,,False,Creator 1003,US,creator1003@mail.example,gaming
CR01004,youtube,@creator1004_youtube,21043,434,53809,2175,148,2,,False,Creator 1004,KR,creator1004@mail.example,gaming
CR01004,tiktok,@creator1004_tiktok,5963,32,35183,4294,504,6,50.0,False,Creator 1004,KR,creator1004@mail.example,gaming
CR01004,instagram,@creator1004_instagram,175406,10142,69771,2897,587,47,749.0,False,Creator 1004,KR,creator1004@mail.example,gaming
CR01005,instagram,@creator1005_instagram,70627,3045,50453,2051,22,152,33.0,False,Creator 1005,GB,creator1005@mail.example,finance
CR01005,youtube,@creator1005_youtube,32840,3494,8646,462,3,17,,False,Creator 1005,GB,creator1005@mail.example,finance
CR01005,tiktok,@creator1005_tiktok,10503,861,20452,1487,45,10,149.0,False,Creator 1005,GB,creator1005@mail.example,finance
CR01006,tiktok,@creator1006_tiktok,358374,72761,1653687,41284,104,0,6.0,False,Creator 1006,US,creator1006@mail.example,tech
CR01006,instagram,@creator1006_instagram,127259,16678,60833,3027,163,158,28.0,False,Creator 1006,US,creator1006@mail.example,tech
CR01007,youtube,@creator1007_youtube,3483640,285073,23662341,742915,115595,15609,,False,Creator 1007,BR,creator1007@mail.example,finance
CR01008,tiktok,@creator1008_tiktok,200388,11754,1164153,63017,15030,502,5070.0,False,Creator 1008,GB,creator1008@mail.example,tech
CR01008,youtube,@creator1008_youtube,102124,23104,210471,3896,568,759,,False,Creator 1008,GB,creator1008@mail.example,tech
CR01008,instagram,@creator1008_instagram,62132,1910,36034,2487,347,6,112.0,False,Creator 1008,GB,creator1008@mail.example,tech
CR01009,instagram,@creator1009_instagram,382263,30867,227239,6796,449,461,10.0,False,Creator 1009,JP,creator1009@mail.example,comedy
CR01009,youtube,@creator1009_youtube,1483963,26483,1978612,127850,1874,0,,False,Creator 1009,JP,creator1009@mail.example,comedy
CR01009,tiktok,@creator1009_tiktok,25439,159,63672,3515,57,0,125.0,False,Creator 1009,JP,creator1009@mail.example,comedy
CR01010,youtube,@creator1010_youtube,89331,11034,165953,11280,0,2499,,False,Creator 1010,JP,creator1010@mail.example,gaming
CR01011,youtube,@creator1011_youtube,25063,3836,51467,1756,57,68,,False,Creator 1011,FR,creator1011@mail.example,finance
CR01011,instagram,@creator1011_instagram,5901,751,6778,131,7,2,0.0,False,Creator 1011,FR,creator1011@mail.example,finance
CR01011,tiktok,@creator1011_tiktok,2868,480,6412,291,0,23,74.0,False,Creator 1011,FR,creator1011@mail.example,finance
CR01012,instagram,@creator1012_instagram,21351,1614,16150,440,5,205,35.0,False,Creator 1012,IN,creator1012@mail.example,beauty
CR01013,instagram,@creator1013_instagram,21896,1120,11686,707,235,0,9.0,False,Creator 1013,FR,creator1013@mail.example,tech
CR01013,youtube,@creator1013_youtube,169147,11141,191734,11275,172,679,,False,Creator 1013,FR,creator1013@mail.example,tech
CR01013,tiktok,@creator1013_tiktok,17585,2799,16088,658,41,3,7.0,False,Creator 1013,FR,creator1013@mail.example,tech
CR01014,instagram,@creator1014_instagram,75432,8224,24777,983,0,140,4.0,False,Creator 1014,JP,creator1014@mail.example,beauty
CR01015,tiktok,@creator1015_tiktok,11907,643,71589,4545,127,61,616.0,False,Creator 1015,CA,creator1015@mail.example,comedy
CR01015,instagram,@creator1015_instagram,1183884,80211,567628,26539,1085,736,144.0,True,Creator 1015,CA,creator1015@mail.example,comedy
CR01015,youtube,@creator1015_youtube,87623,4156,69658,6567,260,0,,False,Creator 1015,CA,creator1015@mail.example,comedy
CR01016,tiktok,@creator1016_tiktok,150957,13904,482564,31696,2774,1413,0.0,False,Creator 1016,JP,creator1016@mail.example,gaming
CR01016,instagram,@creator1016_instagram,899,179,664,51,0,0,0.0,False,Creator 1016,JP,creator1016@mail.example,gaming
CR01016,youtube,@creator1016_youtube,117688,-7497,24723,773,17,0,,False,Creator 1016,JP,creator1016@mail.example,gaming
CR01017,tiktok,@creator1017_tiktok,379823,52510,2258214,119623,202,0,5240.0,False,Creator 1017,CA,creator1017@mail.example,music
CR01017,instagram,@creator1017_instagram,28829,4096,14959,641,42,75,20.0,False,Creator 1017,CA,creator1017@mail.example,music
CR01017,youtube,@creator1017_youtube,26749,5380,12975,1322,67,5,,False,Creator 1017,CA,creator1017@mail.example,music
CR01018,youtube,@creator1018_youtube,3181,273,1678,57,9,7,,False,Creator 1018,US,creator1018@mail.example,food
CR01018,instagram,@creator1018_instagram,90296,11080,235686,4333,927,0,14.0,False,Creator 1018,US,creator1018@mail.example,food
CR01018,tiktok,@creator1018_tiktok,164034,16542,1813511,106738,21586,411,2533.0,False,Creator 1018,US,creator1018@mail.example,food
CR01019,youtube,@creator1019_youtube,951089,61421,296775,9457,206,242,,False,Creator 1019,IN,creator1019@mail.example,gaming
CR01019,instagram,@creator1019_instagram,7979,71,5469,194,3,38,0.0,False,Creator 1019,IN,creator1019@mail.example,gaming
CR01020,instagram,@creator1020_instagram,73759,3615,31305,952,17,52,0.0,False,Creator 1020,CA,creator1020@mail.example,tech
CR01020,youtube,@creator1020_youtube,27700,4093,15782,445,12,23,,False,Creator 1020,CA,creator1020@mail.example,tech
CR01020,tiktok,@creator1020_tiktok,16448,-516,101490,4932,328,100,583.0,False,Creator 1020,CA,creator1020@mail.example,tech
CR01021,tiktok,@creator1021_tiktok,68113,5384,117505,8449,390,915,142.0,False,Creator 1021,KR,creator1021@mail.example,beauty
CR01022,tiktok,@creator1022_tiktok,194607,10912,203072,14539,839,631,12.0,False,Creator 1022,BR,creator1022@mail.example,tech
CR01022,youtube,@creator1022_youtube,127035,9471,162283,9110,127,90,,False,Creator 1022,BR,creator1022@mail.example,tech
CR01022,instagram,@creator1022_instagram,15313,2134,11098,645,11,15,41.0,False,Creator 1022,BR,creator1022@mail.example,tech
CR01023,youtube,@creator1023_youtube,202490,-30735,170901,12085,1045,2,,False,Creator 1023,DE,creator1023@mail.example,travel
CR01023,tiktok,@creator1023_tiktok,51201,4088,158990,7769,7,66,1077.0,False,Creator 1023,DE,creator1023@mail.example,travel
CR01023,instagram,@creator1023_instagram,29744,4376,36181,2570,153,5,0.0,False,Creator 1023,DE,creator1023@mail.example,travel
CR01024,tiktok,@creator1024_tiktok,24143,3387,150304,6987,1,2800,680.0,False,Creator 1024,DE,creator1024@mail.example,fitness
CR01025,instagram,@creator1025_instagram,368640,66999,549835,43395,586,979,1130.0,False,Creator 1025,JP,creator1025@mail.example,beauty
CR01025,youtube,@creator1025_youtube,91816,4573,396256,9525,1920,114,,False,Creator 1025,JP,creator1025@mail.example,beauty
CR01025,tiktok,@creator1025_tiktok,192017,28646,591149,14542,1889,95,878.0,False,Creator 1025,JP,creator1025@mail.example,beauty
CR01026,youtube,@creator1026_youtube,11496,1698,9210,313,25,11,,False,Creator 1026,DE,creator1026@mail.example,gaming
CR01027,instagram,@creator1027_instagram,347310,32970,74242,5327,0,251,1.0,False,Creator 1027,KR,creator1027@mail.example,finance
CR01027,youtube,@creator1027_youtube,31488,2757,28255,2577,82,151,,False,Creator 1027,KR,creator1027@mail.example,finance
CR01028,tiktok,@creator1028_tiktok,122694,13714,428854,16788,8666,3017,1349.0,False,Creator 1028,GB,creator1028@mail.example,comedy
CR01029,instagram,@creator1029_instagram,8731,550,6860,107,27,5,16.0,False,Creator 1029,MX,creator1029@mail.example,tech
CR01029,youtube,@creator1029_youtube,168705,-8274,121322,5667,1700,154,,False,Creator 1029,MX,creator1029@mail.example,tech
CR01029,tiktok,@creator1029_tiktok,20431,1458,43215,2204,309,30,0.0,False,Creator 1029,MX,creator1029@mail.example,tech
CR01030,tiktok,@creator1030_tiktok,44256,2540,260414,4325,646,944,554.0,False,Creator 1030,BR,creator1030@mail.example,beauty
CR01030,youtube,@creator1030_youtube,18747,2119,7556,538,2,4,,False,Creator 1030,BR,creator1030@mail.example,beauty
CR01031,youtube,@creator1031_youtube,37719,4923,83460,3441,24,0,,False,Creator 1031,FR,creator1031@mail.example,education
CR01031,tiktok,@creator1031_tiktok,1030071,95097,4953657,203198,27919,1448,2164.0,False,Creator 1031,FR,creator1031@mail.example,education
CR01031,instagram,@creator1031_instagram,214369,24453,79518,3884,661,8,0.0,False,Creator 1031,FR,creator1031@mail.example,education
CR01032,tiktok,@creator1032_tiktok,2538,193,3440,232,0,8,0.0,False,Creator 1032,CA,creator1032@mail.example,finance
CR01033,youtube,@creator1033_youtube,14263,282,26120,1736,206,0,,False,Creator 1033,BR,creator1033@mail.example,comedy
CR01033,instagram,@creator1033_instagram,40528,3299,18674,661,76,23,26.0,False,Creator 1033,BR,creator1033@mail.example,comedy
CR01034,tiktok,@creator1034_tiktok,977698,79711,2933923,93276,7913,57,2088.0,False,Creator 1034,FR,creator1034@mail.example,fitness
CR01034,instagram,@creator1034_instagram,666,48,84,0,0,0,0.0,False,Creator 1034,FR,creator1034@mail.example,fitness
CR01035,tiktok,@creator1035_tiktok,35273,1235,123679,5850,508,18,157.0,False,Creator 1035,GB,creator1035@mail.example,education
CR01035,youtube,@creator1035_youtube,11011,1084,19432,531,8,37,,False,Creator 1035,GB,creator1035@mail.example,education
CR01035,instagram,@creator1035_instagram,96169,5000,26837,1035,47,57,6.0,False,Creator 1035,GB,creator1035@mail.example,education
CR01036,instagram,@creator1036_instagram,50449,2707,60725,1248,106,133,0.0,False,Creator 1036,US,creator1036@mail.example,beauty
CR01037,tiktok,@creator1037_tiktok,52760,3759,261245,10850,290,1169,85.0,False,Creator 1037,JP,creator1037@mail.example,comedy
CR01037,youtube,@creator1037_youtube,154210,9119,135673,8004,486,42,,False,Creator 1037,JP,creator1037@mail.example,comedy
CR01037,instagram,@creator1037_instagram,133219,285,70982,3488,38,7,198.0,False,Creator 1037,JP,creator1037@mail.example,comedy
CR01038,youtube,@creator1038_youtube,221285,-110,271595,22432,781,1621,,False,Creator 1038,MX,creator1038@mail.example,fitness
CR01039,youtube,@creator1039_youtube,3283,538,15107,1043,37,0,,False,Creator 1039,MX,creator1039@mail.example,tech
CR01039,instagram,@creator1039_instagram,21351,602,17808,338,86,123,1.0,False,Creator 1039,MX,creator1039@mail.example,tech
CR01039,tiktok,@creator1039_tiktok,3031,266,11719,430,23,3,6.0,False,Creator 1039,MX,creator1039@mail.example,tech
CR01040,tiktok,@creator1040_tiktok,17801,1565,27453,1718,11,22,56.0,False,Creator 1040,DE,creator1040@mail.example,music
CR01041,tiktok,@creator1041_tiktok,79943,12064,204251,6002,1277,0,318.0,False,Creator 1041,CA,creator1041@mail.example,finance
CR01041,youtube,@creator1041_youtube,48731,3563,141118,9025,3209,634,,False,Creator 1041,CA,creator1041@mail.example,finance
CR01041,instagram,@creator1041_instagram,34101,3738,20514,478,40,7,134.0,False,Creator 1041,CA,creator1041@mail.example,finance
CR01042,instagram,@creator1042_instagram,3328,46,4149,278,1,62,8.0,False,Creator 1042,FR,creator1042@mail.example,tech
CR01042,tiktok,@creator1042_tiktok,397172,16331,1134072,55751,3689,4292,3817.0,False,Creator 1042,FR,creator1042@mail.example,tech
CR01042,youtube,@creator1042_youtube,80824,6711,107220,8253,584,193,,False,Creator 1042,FR,creator1042@mail.example,tech
CR01043,tiktok,@creator1043_tiktok,108263,-9609,276222,12895,3443,7725,579.0,False,Creator 1043,GB,creator1043@mail.example,tech
CR01043,youtube,@creator1043_youtube,63902,7728,88059,4655,708,191,,False,Creator 1043,GB,creator1043@mail.example,tech
CR01043,instagram,@creator1043_instagram,1378256,158181,490846,36521,5850,603,3926.0,False,Creator 1043,GB,creator1043@mail.example,tech
CR01044,youtube,@creator1044_youtube,26803,2661,27579,2557,288,305,,False,Creator 1044,GB,creator1044@mail.example,food
CR01044,tiktok,@creator1044_tiktok,100485,-10787,201906,13053,1938,0,2821.0,False,Creator 1044,GB,creator1044@mail.example,food
CR01045,youtube,@creator1045_youtube,32434,3741,61130,1360,359,0,,False,Creator 1045,IN,creator1045@mail.example,beauty
CR01045,instagram,@creator1045_instagram,12090,816,9499,590,4,53,23.0,False,Creator 1045,IN,creator1045@mail.example,beauty
CR01045,tiktok,@creator1045_tiktok,21754,1287,26191,554,31,97,15.0,False,Creator 1045,IN,creator1045@mail.example,beauty
CR01046,instagram,@creator1046_instagram,14449,2593,2258,106,12,53,9.0,False,Creator 1046,KR,creator1046@mail.example,comedy
CR01046,tiktok,@creator1046_tiktok,26680,3168,93264,5772,160,18,170.0,False,Creator 1046,KR,creator1046@mail.example,comedy
CR01046,youtube,@creator1046_youtube,204935,17360,182742,14058,3246,208,,False,Creator 1046,KR,creator1046@mail.example,comedy
CR01047,tiktok,@creator1047_tiktok,319,39,2041,109,0,8,2.0,False,Creator 1047,GB,creator1047@mail.example,tech
CR01047,youtube,@creator1047_youtube,1051848,153958,1832682,72391,18792,1269,,False,Creator 1047,GB,creator1047@mail.example,tech
CR01047,instagram,@creator1047_instagram,23794,2658,3635,170,17,9,0.0,False,Creator 1047,GB,creator1047@mail.example,tech
CR01048,tiktok,@creator1048_tiktok,39056,4525,461643,36034,5819,2986,9685.0,False,Creator 1048,BR,creator1048@mail.example,education
CR01049,youtube,@creator1049_youtube,7411,573,5284,441,0,8,,False,Creator 1049,GB,creator1049@mail.example,finance
CR01049,instagram,@creator1049_instagram,141559,12476,14942,566,1,23,0.0,False,Creator 1049,GB,creator1049@mail.example,finance
CR01049,tiktok,@creator1049_tiktok,75012,-571,553584,12018,0,788,5777.0,False,Creator 1049,GB,creator1049@mail.example,finance
CR01050,tiktok,@creator1050_tiktok,542641,5385,385397,13159,355,0,900.0,False,Creator 1050,FR,creator1050@mail.example,finance
CR01050,youtube,@creator1050_youtube,247065,-13263,253774,13410,526,571,,False,Creator 1050,FR,creator1050@mail.example,finance
CR01050,instagram,@creator1050_instagram,21302,-604,9076,584,0,15,5.0,False,Creator 1050,FR,creator1050@mail.example,finance
CR01051,youtube,@creator1051_youtube,989412,119923,730300,59477,78,385,,False,Creator 1051,JP,creator1051@mail.example,food
CR01051,tiktok,@creator1051_tiktok,14124,739,59399,3064,79,3,34.0,False,Creator 1051,JP,creator1051@mail.example,food
CR01051,instagram,@creator1051_instagram,38884,3659,72759,1320,220,51,175.0,False,Creator 1051,JP,creator1051@mail.example,food
CR01052,instagram,@creator1052_instagram,32424,3308,26965,1598,330,108,8.0,False,Creator 1052,JP,creator1052@mail.example,music
CR01053,youtube,@creator1053_youtube,7915,1228,5553,400,23,9,,False,Creator 1053,CA,creator1053@mail.example,food
CR01054,tiktok,@creator1054_tiktok,11456,1726,97985,3705,964,350,263.0,False,Creator 1054,BR,creator1054@mail.example,comedy
CR01054,youtube,@creator1054_youtube,89556,12292,18295,416,169,0,,False,Creator 1054,BR,creator1054@mail.example,comedy
CR01055,youtube,@creator1055_youtube,15358,26,15585,492,136,157,,False,Creator 1055,CA,creator1055@mail.example,travel
CR01055,instagram,@creator1055_instagram,23241,3396,2477,182,0,14,8.0,False,Creator 1055,CA,creator1055@mail.example,travel
CR01055,tiktok,@creator1055_tiktok,77743,601,148079,4003,563,50,87.0,False,Creator 1055,CA,creator1055@mail.example,travel
CR01056,youtube,@creator1056_youtube,38699,3517,58224,5117,201,233,,False,Creator 1056,FR,creator1056@mail.example,education
CR01056,tiktok,@creator1056_tiktok,900867,24634,3931453,170319,10270,1754,4377.0,False,Creator 1056,FR,creator1056@mail.example,education
CR01056,instagram,@creator1056_instagram,859826,-35644,724553,43860,740,4154,33.0,False,Creator 1056,FR,creator1056@mail.example,education
CR01057,tiktok,@creator1057_tiktok,119666,1279,290414,9357,685,2154,8.0,False,Creator 1057,JP,creator1057@mail.example,comedy
CR01057,youtube,@creator1057_youtube,73961,3288,115704,4766,70,312,,False,Creator 1057,JP,creator1057@mail.example,comedy
CR01058,tiktok,@creator1058_tiktok,27056,4270,840207,64198,5433,4477,2789.0,False,Creator 1058,KR,creator1058@mail.example,tech
CR01059,instagram,@creator1059_instagram,156755,9922,87717,4126,13,127,25.0,True,Creator 1059,BR,creator1059@mail.example,finance
CR01059,youtube,@creator1059_youtube,39772,7207,51422,2600,100,0,,False,Creator 1059,BR,creator1059@mail.example,finance
CR01059,tiktok,@creator1059_tiktok,4822,357,22234,818,75,117,127.0,False,Creator 1059,BR,creator1059@mail.example,finance
CR01060,instagram,@creator1060_instagram,21066,1972,13829,392,17,49,58.0,False,Creator 1060,MX,creator1060@mail.example,education
CR01060,youtube,@creator1060_youtube,12384,149,37331,1975,304,500,,False,Creator 1060,MX,creator1060@mail.example,education
CR01061,tiktok,@creator1061_tiktok,8030,1056,20099,1000,14,11,2.0,False,Creator 1061,GB,creator1061@mail.example,education
CR01061,youtube,@creator1061_youtube,15044,2999,18608,593,87,0,,False,Creator 1061,GB,creator1061@mail.example,education
CR01061,instagram,@creator1061_instagram,24149,1203,28971,2442,17,227,45.0,True,Creator 1061,GB,creator1061@mail.example,education
CR01062,youtube,@creator1062_youtube,56432,4113,144619,7540,871,0,,False,Creator 1062,IN,creator1062@mail.example,tech
CR01063,instagram,@creator1063_instagram,46739,5810,25645,654,91,77,0.0,False,Creator 1063,IN,creator1063@mail.example,gaming
CR01063,tiktok,@creator1063_tiktok,291836,-11627,474496,31252,0,455,227.0,False,Creator 1063,IN,creator1063@mail.example,gaming
CR01064,youtube,@creator1064_youtube,28657,4163,8902,668,7,5,,False,Creator 1064,IN,creator1064@mail.example,food
CR01064,tiktok,@creator1064_tiktok,2140,368,23961,736,159,33,45.0,False,Creator 1064,IN,creator1064@mail.example,food
CR01064,instagram,@creator1064_instagram,4437,506,3478,107,0,2,0.0,True,Creator 1064,IN,creator1064@mail.example,food
CR01065,youtube,@creator1065_youtube,379040,29406,535228,21531,0,1686,,False,Creator 1065,KR,creator1065@mail.example,travel
CR01065,tiktok,@creator1065_tiktok,6228,767,25381,1330,50,14,126.0,False,Creator 1065,KR,creator1065@mail.example,travel
CR01065,instagram,@creator1065_instagram,188097,32770,120842,4826,1011,96,0.0,False,Creator 1065,KR,creator1065@mail.example,travel
CR01066,tiktok,@creator1066_tiktok,8142,1268,96111,5404,1067,13,358.0,False,Creator 1066,IN,creator1066@mail.example,food
CR01067,youtube,@creator1067_youtube,743995,96317,484775,21957,118,22,,False,Creator 1067,DE,creator1067@mail.example,food
CR01068,youtube,@creator1068_youtube,125145,15043,59259,4865,33,106,,False,Creator 1068,IN,creator1068@mail.example,comedy
CR01068,tiktok,@creator1068_tiktok,1008927,-13376,4048134,208116,543,51034,9559.0,False,Creator 1068,IN,creator1068@mail.example,comedy
CR01069,instagram,@creator1069_instagram,143074,11065,109579,5935,953,500,40.0,False,Creator 1069,IN,creator1069@mail.example,comedy
CR01069,tiktok,@creator1069_tiktok,5812,631,5935,336,4,5,32.0,False,Creator 1069,IN,creator1069@mail.example,comedy
CR01070,tiktok,@creator1070_tiktok,5092,538,11389,476,49,38,51.0,False,Creator 1070,BR,creator1070@mail.example,music
CR01071,tiktok,@creator1071_tiktok,71651,6061,503979,24837,1558,172,0.0,False,Creator 1071,JP,creator1071@mail.example,finance
CR01071,instagram,@creator1071_instagram,59086,-682,7361,584,61,2,0.0,False,Creator 1071,JP,creator1071@mail.example,finance
CR01071,youtube,@creator1071_youtube,794009,68156,459974,15085,100,21,,False,Creator 1071,JP,creator1071@mail.example,finance
CR01072,tiktok,@creator1072_tiktok,95113,9908,208371,11225,1589,8,1.0,False,Creator 1072,BR,creator1072@mail.example,music
CR01073,youtube,@creator1073_youtube,9141,1624,6537,518,0,0,,False,Creator 1073,CA,creator1073@mail.example,gaming
CR01073,tiktok,@creator1073_tiktok,70209,8034,209362,13549,1066,76,1292.0,False,Creator 1073,CA,creator1073@mail.example,gaming
CR01073,instagram,@creator1073_instagram,3559,484,6302,373,11,16,4.0,False,Creator 1073,CA,creator1073@mail.example,gaming
CR01074,tiktok,@creator1074_tiktok,190249,13374,1116359,16514,1708,479,1299.0,False,Creator 1074,BR,creator1074@mail.example,travel
CR01075,youtube,@creator1075_youtube,15141,1667,9107,393,87,46,,False,Creator 1075,BR,creator1075@mail.example,fitness
CR01075,tiktok,@creator1075_tiktok,25461,40,22607,606,18,2,8.0,False,Creator 1075,BR,creator1075@mail.example,fitness
CR01076,tiktok,@creator1076_tiktok,8794,2032,24643,494,43,7,1.0,False,Creator 1076,CA,creator1076@mail.example,food
CR01077,tiktok,@creator1077_tiktok,5049,715,17129,971,32,17,75.0,False,Creator 1077,IN,creator1077@mail.example,travel
CR01077,youtube,@creator1077_youtube,326037,-9119,194976,10089,418,407,,False,Creator 1077,IN,creator1077@mail.example,travel
CR01077,instagram,@creator1077_instagram,10333,1271,7510,294,26,3,6.0,False,Creator 1077,IN,creator1077@mail.example,travel
CR01078,instagram,@creator1078_instagram,259419,37309,171242,5466,38,172,535.0,False,Creator 1078,KR,creator1078@mail.example,comedy
CR01078,tiktok,@creator1078_tiktok,4106,260,10280,684,46,3,105.0,False,Creator 1078,KR,creator1078@mail.example,comedy
CR01078,youtube,@creator1078_youtube,38384,4182,42844,1121,29,170,,False,Creator 1078,KR,creator1078@mail.example,comedy
CR01079,tiktok,@creator1079_tiktok,38841,3734,212846,12183,2653,1628,275.0,False,Creator 1079,BR,creator1079@mail.example,travel
CR01079,youtube,@creator1079_youtube,38944,1531,35506,2262,127,48,,False,Creator 1079,BR,creator1079@mail.example,travel
CR01080,tiktok,@creator1080_tiktok,401955,-8439,1557797,64481,19790,24,11031.0,False,Creator 1080,DE,creator1080@mail.example,education
CR01080,instagram,@creator1080_instagram,58375,4575,68258,3867,75,0,824.0,False,Creator 1080,DE,creator1080@mail.example,education
CR01080,youtube,@creator1080_youtube,48709,1685,82033,2304,271,287,,False,Creator 1080,DE,creator1080@mail.example,education
CR01081,youtube,@creator1081_youtube,9487,1020,5991,239,2,13,,False,Creator 1081,GB,creator1081@mail.example,tech
CR01081,tiktok,@creator1081_tiktok,11985,1470,38376,1906,26,17,0.0,False,Creator 1081,GB,creator1081@mail.example,tech
CR01081,instagram,@creator1081_instagram,101482,19067,215517,10544,3,35,126.0,False,Creator 1081,GB,creator1081@mail.example,tech
CR01082,youtube,@creator1082_youtube,1481317,119445,3347944,78317,7582,1161,,False,Creator 1082,FR,creator1082@mail.example,tech
CR01082,instagram,@creator1082_instagram,10029,-605,5409,136,15,8,5.0,False,Creator 1082,FR,creator1082@mail.example,tech
CR01083,instagram,@creator1083_instagram,44103,1250,23924,1852,72,80,405.0,False,Creator 1083,IN,creator1083@mail.example,food
CR01084,youtube,@creator1084_youtube,199452,2386,337118,12440,1946,1440,,False,Creator 1084,BR,creator1084@mail.example,tech
CR01084,tiktok,@creator1084_tiktok,12958,1058,37363,2054,0,32,56.0,False,Creator 1084,BR,creator1084@mail.example,tech
CR01084,instagram,@creator1084_instagram,97474,8160,44262,2079,0,19,0.0,False,Creator 1084,BR,creator1084@mail.example,tech
CR01085,youtube,@creator1085_youtube,89763,4865,110437,3542,106,0,,False,Creator 1085,MX,creator1085@mail.example,gaming
CR01085,tiktok,@creator1085_tiktok,103541,1645,1237367,67525,3161,204,79.0,False,Creator 1085,MX,creator1085@mail.example,gaming
CR01085,instagram,@creator1085_instagram,13138,297,16374,968,1,16,6.0,False,Creator 1085,MX,creator1085@mail.example,gaming
CR01086,instagram,@creator1086_instagram,2751,382,823,20,1,0,0.0,False,Creator 1086,MX,creator1086@mail.example,gaming
CR01086,youtube,@creator1086_youtube,218694,-603,222021,7843,429,290,,False,Creator 1086,MX,creator1086@mail.example,gaming
CR01087,instagram,@creator1087_instagram,68346,8281,80949,4672,771,390,100.0,False,Creator 1087,BR,creator1087@mail.example,fitness
CR01087,youtube,@creator1087_youtube,121336,15467,67499,4298,603,34,,False,Creator 1087,BR,creator1087@mail.example,fitness
CR01088,instagram,@creator1088_instagram,28202,-148,14131,838,17,0,43.0,False,Creator 1088,GB,creator1088@mail.example,comedy
CR01088,youtube,@creator1088_youtube,6189,979,3779,224,0,0,,False,Creator 1088,GB,creator1088@mail.example,comedy
CR01088,tiktok,@creator1088_tiktok,47784,560,328052,21795,292,1527,124.0,False,Creator 1088,GB,creator1088@mail.example,comedy
CR01089,tiktok,@creator1089_tiktok,614851,88205,723400,23687,1648,0,109.0,False,Creator 1089,JP,creator1089@mail.example,beauty
CR01089,instagram,@creator1089_instagram,150526,8114,28445,1738,69,115,310.0,False,Creator 1089,JP,creator1089@mail.example,beauty
CR01090,youtube,@creator1090_youtube,97450,-1826,161143,3210,91,256,,False,Creator 1090,US,creator1090@mail.example,finance
CR01090,tiktok,@creator1090_tiktok,35518,5659,110638,6821,658,84,463.0,False,Creator 1090,US,creator1090@mail.example,finance
CR01091,tiktok,@creator1091_tiktok,44739,4111,143834,4806,104,21,0.0,False,Creator 1091,GB,creator1091@mail.example,travel
CR01091,youtube,@creator1091_youtube,35879,1902,222314,13268,2,1206,,False,Creator 1091,GB,creator1091@mail.example,travel
CR01092,youtube,@creator1092_youtube,217573,31343,98257,4479,291,0,,False,Creator 1092,US,creator1092@mail.example,education
CR01092,tiktok,@creator1092_tiktok,168619,-2890,515514,36290,1704,356,403.0,False,Creator 1092,US,creator1092@mail.example,education
CR01092,instagram,@creator1092_instagram,55598,1675,17974,913,0,225,85.0,False,Creator 1092,US,creator1092@mail.example,education
CR01093,youtube,@creator1093_youtube,55796,6564,37302,2168,5,430,,False,Creator 1093,JP,creator1093@mail.example,gaming
CR01093,instagram,@creator1093_instagram,16926,838,12609,432,126,163,77.0,False,Creator 1093,JP,creator1093@mail.example,gaming
CR01093,tiktok,@creator1093_tiktok,8567,577,12426,485,5,59,53.0,False,Creator 1093,JP,creator1093@mail.example,gaming
CR01094,instagram,@creator1094_instagram,25564,-2064,6363,452,3,65,0.0,False,Creator 1094,BR,creator1094@mail.example,comedy
CR01094,tiktok,@creator1094_tiktok,30457,-382,88162,6653,469,196,25.0,False,Creator 1094,BR,creator1094@mail.example,comedy
CR01095,youtube,@creator1095_youtube,28278,2391,57952,1307,8,163,,False,Creator 1095,JP,creator1095@mail.example,music
CR01095,tiktok,@creator1095_tiktok,93995,4854,215517,8677,255,138,2037.0,False,Creator 1095,JP,creator1095@mail.example,music
CR01096,youtube,@creator1096_youtube,106513,17921,125264,9092,194,610,,False,Creator 1096,DE,creator1096@mail.example,education
CR01096,tiktok,@creator1096_tiktok,267755,20993,1162620,63249,69,0,296.0,False,Creator 1096,DE,creator1096@mail.example,education
CR01097,tiktok,@creator1097_tiktok,9460,695,25981,435,238,2,186.0,False,Creator 1097,US,creator1097@mail.example,travel
CR01098,tiktok,@creator1098_tiktok,159278,16098,529597,12589,0,130,3538.0,False,Creator 1098,IN,creator1098@mail.example,beauty
CR01099,youtube,@creator1099_youtube,15951,2399,8529,370,119,26,,False,Creator 1099,BR,creator1099@mail.example,comedy
CR01099,instagram,@creator1099_instagram,33747,-135,31175,2550,3,84,7.0,False,Creator 1099,BR,creator1099@mail.example,comedy
CR01100,tiktok,@creator1100_tiktok,35230,5538,187352,9708,742,6,34.0,False,Creator 1100,GB,creator1100@mail.example,food
CR01101,tiktok,@creator1101_tiktok,111711,18783,184926,2935,0,0,1858.0,False,Creator 1101,US,creator1101@mail.example,fitness
CR01101,instagram,@creator1101_instagram,3544332,299656,2966239,97958,3978,1414,6201.0,False,Creator 1101,US,creator1101@mail.example,fitness
CR01102,tiktok,@creator1102_tiktok,65795,6704,349323,19342,4049,1712,387.0,False,Creator 1102,BR,creator1102@mail.example,music
CR01102,instagram,@creator1102_instagram,9589,1028,30016,675,91,0,214.0,False,Creator 1102,BR,creator1102@mail.example,music
CR01102,youtube,@creator1102_youtube,13638,211,9344,400,136,0,,False,Creator 1102,BR,creator1102@mail.example,music
CR01103,instagram,@creator1103_instagram,619030,-23817,299393,17186,626,679,3581.0,False,Creator 1103,KR,creator1103@mail.example,travel
CR01103,tiktok,@creator1103_tiktok,22053,1680,216895,8135,219,0,466.0,False,Creator 1103,KR,creator1103@mail.example,travel
CR01103,youtube,@creator1103_youtube,50656,-599,167631,4756,519,93,,False,Creator 1103,KR,creator1103@mail.example,travel
CR01104,instagram,@creator1104_instagram,34736,2194,52810,1988,164,180,113.0,False,Creator 1104,KR,creator1104@mail.example,travel
CR01104,youtube,@creator1104_youtube,21875,1198,65869,6882,0,305,,False,Creator 1104,KR,creator1104@mail.example,travel
CR01105,instagram,@creator1105_instagram,9017,1071,1594,85,0,0,0.0,False,Creator 1105,BR,creator1105@mail.example,fitness
CR01105,tiktok,@creator1105_tiktok,172752,11973,328936,14787,786,2325,2151.0,False,Creator 1105,BR,creator1105@mail.example,fitness
CR01105,youtube,@creator1105_youtube,66001,7353,131081,5307,77,892,,False,Creator 1105,BR,creator1105@mail.example,fitness
CR01106,instagram,@creator1106_instagram,41059,-1110,67355,3792,447,137,10.0,False,Creator 1106,GB,creator1106@mail.example,food
CR01106,youtube,@creator1106_youtube,28850,1546,13842,611,20,4,,False,Creator 1106,GB,creator1106@mail.example,food
CR01107,youtube,@creator1107_youtube,134314,15720,231972,13139,15,1217,,False,Creator 1107,DE,creator1107@mail.example,finance
CR01107,tiktok,@creator1107_tiktok,13649,1726,55087,898,9,264,28.0,False,Creator 1107,DE,creator1107@mail.example,finance
CR01108,youtube,@creator1108_youtube,56879,6046,39457,1499,74,9,,False,Creator 1108,MX,creator1108@mail.example,finance
CR01109,instagram,@creator1109_instagram,108304,3632,57775,1366,0,57,26.0,False,Creator 1109,CA,creator1109@mail.example,tech
CR01109,tiktok,@creator1109_tiktok,383421,-28762,808145,39620,5526,2502,1145.0,False,Creator 1109,CA,creator1109@mail.example,tech
CR01110,youtube,@creator1110_youtube,70807,2585,118700,3247,166,0,,False,Creator 1110,JP,creator1110@mail.example,comedy
CR01110,instagram,@creator1110_instagram,23214,2909,17003,506,46,0,39.0,False,Creator 1110,JP,creator1110@mail.example,comedy
CR01111,youtube,@creator1111_youtube,113863,5666,112265,4556,345,170,,False,Creator 1111,KR,creator1111@mail.example,beauty
CR01111,instagram,@creator1111_instagram,231633,22837,175702,11084,38,507,130.0,False,Creator 1111,KR,creator1111@mail.example,beauty
CR01111,tiktok,@creator1111_tiktok,168403,16631,334390,25296,1686,21,1916.0,False,Creator 1111,KR,creator1111@mail.example,beauty
CR01112,tiktok,@creator1112_tiktok,23661,319,73778,2889,150,108,270.0,False,Creator 1112,IN,creator1112@mail.example,education
CR01112,youtube,@creator1112_youtube,82256,3681,43673,3365,96,200,,False,Creator 1112,IN,creator1112@mail.example,education
CR01113,tiktok,@creator1113_tiktok,186649,31431,421287,30399,296,1,1585.0,False,Creator 1113,US,creator1113@mail.example,tech
CR01114,tiktok,@creator1114_tiktok,71590,3771,104075,4078,128,19,1448.0,False,Creator 1114,GB,creator1114@mail.example,fitness
CR01114,instagram,@creator1114_instagram,256946,23231,105410,8282,867,315,20.0,False,Creator 1114,GB,creator1114@mail.example,fitness
CR01115,tiktok,@creator1115_tiktok,7412,54,19286,1011,129,2,86.0,False,Creator 1115,KR,creator1115@mail.example,music
CR01115,youtube,@creator1115_youtube,155036,16958,159653,8667,64,1745,,False,Creator 1115,KR,creator1115@mail.example,music
CR01116,youtube,@creator1116_youtube,90601,-11349,117254,3565,555,583,,False,Creator 1116,KR,creator1116@mail.example,beauty
CR01116,instagram,@creator1116_instagram,42447,5742,24739,442,49,87,16.0,False,Creator 1116,KR,creator1116@mail.example,beauty
CR01117,youtube,@creator1117_youtube,105466,10513,72172,3143,2,467,,False,Creator 1117,DE,creator1117@mail.example,gaming
CR01117,instagram,@creator1117_instagram,12334,823,8399,803,11,15,0.0,False,Creator 1117,DE,creator1117@mail.example,gaming
CR01118,instagram,@creator1118_instagram,14979,438,20723,387,31,0,44.0,True,Creator 1118,BR,creator1118@mail.example,music
CR01119,youtube,@creator1119_youtube,9956,231,5685,342,7,56,,False,Creator 1119,US,creator1119@mail.example,comedy
CR01119,tiktok,@creator1119_tiktok,253714,32606,440302,7772,279,923,93.0,False,Creator 1119,US,creator1119@mail.example,comedy
CR01119,instagram,@creator1119_instagram,333309,15444,185051,5038,459,384,54.0,False,Creator 1119,US,creator1119@mail.example,comedy
CR01120,youtube,@creator1120_youtube,424236,52276,359259,10000,77,10,,False,Creator 1120,DE,creator1120@mail.example,finance
CR01120,instagram,@creator1120_instagram,298014,48540,508623,30795,3449,326,1883.0,False,Creator 1120,DE,creator1120@mail.example,finance
CR01121,tiktok,@creator1121_tiktok,45375,5000,236849,16340,938,0,544.0,False,Creator 1121,DE,creator1121@mail.example,beauty
CR01121,youtube,@creator1121_youtube,15028,2293,54973,4076,62,331,,False,Creator 1121,DE,creator1121@mail.example,beauty
CR01121,instagram,@creator1121_instagram,122827,13397,96443,5773,53,599,349.0,False,Creator 1121,DE,creator1121@mail.example,beauty
CR01122,youtube,@creator1122_youtube,84063,5310,37272,1976,130,0,,False,Creator 1122,CA,creator1122@mail.example,education
CR01122,instagram,@creator1122_instagram,100654,7022,74951,2597,0,16,0.0,False,Creator 1122,CA,creator1122@mail.example,education
CR01123,instagram,@creator1123_instagram,1361316,116387,569671,41311,1186,476,2401.0,False,Creator 1123,US,creator1123@mail.example,music
CR01124,tiktok,@creator1124_tiktok,61751,7276,125710,10129,322,45,466.0,False,Creator 1124,BR,creator1124@mail.example,finance
CR01124,instagram,@creator1124_instagram,863206,54955,980220,73327,7073,3086,1051.0,False,Creator 1124,BR,creator1124@mail.example,finance
CR01124,youtube,@creator1124_youtube,268872,19297,112084,7543,742,446,,False,Creator 1124,BR,creator1124@mail.example,finance
CR01125,youtube,@creator1125_youtube,8725,1424,13641,404,31,53,,False,Creator 1125,IN,creator1125@mail.example,fitness
CR01126,instagram,@creator1126_instagram,8110,1341,15420,496,20,67,0.0,False,Creator 1126,US,creator1126@mail.example,music
CR01126,youtube,@creator1126_youtube,17316,-254,28320,1213,176,0,,False,Creator 1126,US,creator1126@mail.example,music
CR01126,tiktok,@creator1126_tiktok,53559,-1013,177723,3720,33,209,770.0,False,Creator 1126,US,creator1126@mail.example,music
CR01127,youtube,@creator1127_youtube,53281,4261,93099,2493,30,52,,False,Creator 1127,KR,creator1127@mail.example,tech
CR01127,tiktok,@creator1127_tiktok,23078,1883,137676,3532,703,5,953.0,False,Creator 1127,KR,creator1127@mail.example,tech
CR01128,instagram,@creator1128_instagram,144329,7506,203057,14020,229,0,14.0,False,Creator 1128,BR,creator1128@mail.example,finance
CR01128,tiktok,@creator1128_tiktok,48971,-397,37032,2949,0,98,0.0,False,Creator 1128,BR,creator1128@mail.example,finance
CR01129,instagram,@creator1129_instagram,15556,2047,10252,1026,13,4,2.0,False,Creator 1129,US,creator1129@mail.example,finance
CR01129,tiktok,@creator1129_tiktok,70794,10670,695257,27857,1337,1538,0.0,False,Creator 1129,US,creator1129@mail.example,finance
CR01130,youtube,@creator1130_youtube,77888,236,141810,3276,26,123,,False,Creator 1130,DE,creator1130@mail.example,beauty
CR01130,instagram,@creator1130_instagram,584802,-12235,1245050,31209,19,481,466.0,False,Creator 1130,DE,creator1130@mail.example,beauty
CR01130,tiktok,@creator1130_tiktok,232042,25064,2766395,97231,27571,74,1441.0,False,Creator 1130,DE,creator1130@mail.example,beauty
CR01131,youtube,@creator1131_youtube,110521,6967,125977,3526,194,34,,False,Creator 1131,FR,creator1131@mail.example,music
CR01131,tiktok,@creator1131_tiktok,31840,211,132673,5102,8,943,1084.0,False,Creator 1131,FR,creator1131@mail.example,music
CR01131,instagram,@creator1131_instagram,38635,4702,7044,233,0,68,0.0,False,Creator 1131,FR,creator1131@mail.example,music
CR01132,instagram,@creator1132_instagram,51573,2601,115500,3696,68,75,307.0,False,Creator 1132,DE,creator1132@mail.example,education
CR01132,tiktok,@creator1132_tiktok,62672,-7639,293643,15778,613,1380,305.0,False,Creator 1132,DE,creator1132@mail.example,education
CR01133,instagram,@creator1133_instagram,659250,-28990,2237632,59434,11011,17329,10399.0,False,Creator 1133,CA,creator1133@mail.example,education
CR01134,youtube,@creator1134_youtube,16618,856,16759,1247,41,269,,False,Creator 1134,KR,creator1134@mail.example,tech
CR01134,instagram,@creator1134_instagram,82834,8748,79933,3703,3,221,0.0,False,Creator 1134,KR,creator1134@mail.example,tech
CR01134,tiktok,@creator1134_tiktok,419559,41163,2077813,25406,198,2315,1500.0,False,Creator 1134,KR,creator1134@mail.example,tech
CR01135,tiktok,@creator1135_tiktok,242916,1653,795697,41884,432,12,2625.0,False,Creator 1135,IN,creator1135@mail.example,travel
CR01135,instagram,@creator1135_instagram,214429,33612,337437,13487,9,468,2.0,False,Creator 1135,IN,creator1135@mail.example,travel
CR01136,instagram,@creator1136_instagram,131131,11882,73323,1642,54,148,145.0,False,Creator 1136,GB,creator1136@mail.example,tech
CR01136,tiktok,@creator1136_tiktok,44688,1597,162140,8159,2873,5,2.0,False,Creator 1136,GB,creator1136@mail.example,tech
CR01136,youtube,@creator1136_youtube,655849,63881,793755,61550,8676,1032,,False,Creator 1136,GB,creator1136@mail.example,tech
CR01137,tiktok,@creator1137_tiktok,129565,-2671,1075753,35712,2993,2151,0.0,False,Creator 1137,BR,creator1137@mail.example,travel
CR01137,youtube,@creator1137_youtube,2829,308,4680,251,49,36,,False,Creator 1137,BR,creator1137@mail.example,travel
CR01138,youtube,@creator1138_youtube,144600,13378,87060,4137,234,494,,False,Creator 1138,US,creator1138@mail.example,music
CR01138,instagram,@creator1138_instagram,17215,2040,3139,82,7,0,5.0,False,Creator 1138,US,creator1138@mail.example,music
CR01138,tiktok,@creator1138_tiktok,2452,-2,1064,52,10,11,1.0,False,Creator 1138,US,creator1138@mail.example,music
CR01139,instagram,@creator1139_instagram,67622,-1296,29234,853,81,0,17.0,False,Creator 1139,JP,creator1139@mail.example,comedy
CR01140,tiktok,@creator1140_tiktok,119589,16680,212770,13105,48,1074,64.0,False,Creator 1140,MX,creator1140@mail.example,comedy
CR01141,instagram,@creator1141_instagram,262492,21104,205659,10445,1512,473,84.0,False,Creator 1141,JP,creator1141@mail.example,finance
CR01142,youtube,@creator1142_youtube,95921,9103,72954,1699,51,3,,False,Creator 1142,GB,creator1142@mail.example,music
CR01142,instagram,@creator1142_instagram,6488,1164,10730,645,62,30,8.0,False,Creator 1142,GB,creator1142@mail.example,music
CR01143,youtube,@creator1143_youtube,56573,3365,33599,1142,53,61,,False,Creator 1143,FR,creator1143@mail.example,travel
CR01143,instagram,@creator1143_instagram,2281,316,3744,231,3,11,0.0,False,Creator 1143,FR,creator1143@mail.example,travel
CR01144,tiktok,@creator1144_tiktok,230998,28969,1860178,44128,1268,1806,1426.0,False,Creator 1144,GB,creator1144@mail.example,gaming
CR01144,youtube,@creator1144_youtube,874590,-63662,757201,48395,33,10166,,False,Creator 1144,GB,creator1144@mail.example,gaming
CR01144,instagram,@creator1144_instagram,73955,10936,66765,1292,0,377,1.0,True,Creator 1144,GB,creator1144@mail.example,gaming
CR01145,instagram,@creator1145_instagram,5586,460,2096,125,0,0,30.0,False,Creator 1145,FR,creator1145@mail.example,education
CR01145,tiktok,@creator1145_tiktok,39715,5134,108054,7262,0,184,280.0,False,Creator 1145,FR,creator1145@mail.example,education
CR01145,youtube,@creator1145_youtube,16723,-676,36118,763,33,105,,False,Creator 1145,FR,creator1145@mail.example,education
CR01146,instagram,@creator1146_instagram,346350,54872,134932,5641,627,22,790.0,False,Creator 1146,MX,creator1146@mail.example,music
CR01146,tiktok,@creator1146_tiktok,30302,179,54964,1307,97,280,175.0,False,Creator 1146,MX,creator1146@mail.example,music
CR01147,youtube,@creator1147_youtube,226595,6683,258275,5256,593,0,,False,Creator 1147,CA,creator1147@mail.example,education
CR01147,instagram,@creator1147_instagram,139872,10995,57736,1583,387,357,43.0,False,Creator 1147,CA,creator1147@mail.example,education
CR01147,tiktok,@creator1147_tiktok,3649,426,7651,668,13,32,0.0,False,Creator 1147,CA,creator1147@mail.example,education
CR01148,tiktok,@creator1148_tiktok,58265,-5420,110650,3930,167,684,368.0,False,Creator 1148,MX,creator1148@mail.example,tech
CR01148,youtube,@creator1148_youtube,156121,2402,31030,377,483,0,,False,Creator 1148,MX,creator1148@mail.example,tech
CR01148,instagram,@creator1148_instagram,110167,5827,39679,2498,115,222,110.0,False,Creator 1148,MX,creator1148@mail.example,tech
CR01149,tiktok,@creator1149_tiktok,41935,2311,50264,1269,586,261,323.0,False,Creator 1149,GB,creator1149@mail.example,fitness
CR01149,instagram,@creator1149_instagram,230756,10661,145352,5534,972,7,440.0,False,Creator 1149,GB,creator1149@mail.example,fitness
CR01150,tiktok,@creator1150_tiktok,3978056,228794,26695105,1335896,58304,167220,0.0,False,Creator 1150,CA,creator1150@mail.example,comedy
CR01150,youtube,@creator1150_youtube,6137,672,4842,109,0,2,,False,Creator 1150,CA,creator1150@mail.example,comedy
CR01150,instagram,@creator1150_instagram,11411,1266,669,30,1,1,0.0,False,Creator 1150,CA,creator1150@mail.example,comedy
CR01151,youtube,@creator1151_youtube,1182201,14685,3088904,155530,13647,17877,,False,Creator 1151,FR,creator1151@mail.example,tech
CR01151,instagram,@creator1151_instagram,72132,10257,61962,3744,3,134,59.0,False,Creator 1151,FR,creator1151@mail.example,tech
CR01152,instagram,@creator1152_instagram,452021,47971,93864,2996,1054,42,150.0,False,Creator 1152,IN,creator1152@mail.example,fitness
CR01152,tiktok,@creator1152_tiktok,37271,-505,150827,3996,76,64,154.0,False,Creator 1152,IN,creator1152@mail.example,fitness
CR01153,instagram,@creator1153_instagram,133090,7879,33042,713,286,58,2.0,False,Creator 1153,FR,creator1153@mail.example,music
CR01154,instagram,@creator1154_instagram,43636,3783,28188,1867,2,59,135.0,False,Creator 1154,IN,creator1154@mail.example,finance
CR01154,youtube,@creator1154_youtube,10307,1288,4724,256,21,0,,False,Creator 1154,IN,creator1154@mail.example,finance
CR01155,tiktok,@creator1155_tiktok,155419,7901,577307,42837,1715,91,1386.0,False,Creator 1155,IN,creator1155@mail.example,music
CR01155,youtube,@creator1155_youtube,177553,8670,179827,12710,1189,220,,False,Creator 1155,IN,creator1155@mail.example,music
CR01155,instagram,@creator1155_instagram,49377,5816,95082,5570,236,256,331.0,False,Creator 1155,IN,creator1155@mail.example,music
CR01156,instagram,@creator1156_instagram,1290912,192575,592073,12784,3169,1199,6.0,False,Creator 1156,FR,creator1156@mail.example,finance
CR01156,youtube,@creator1156_youtube,37793,1214,49111,3156,73,0,,False,Creator 1156,FR,creator1156@mail.example,finance
CR01156,tiktok,@creator1156_tiktok,23886,2840,55979,2098,111,47,11.0,False,Creator 1156,FR,creator1156@mail.example,finance
CR01157,tiktok,@creator1157_tiktok,16000,815,74684,2941,220,116,48.0,False,Creator 1157,US,creator1157@mail.example,food
CR01157,youtube,@creator1157_youtube,961959,71230,1528109,38367,4123,2329,,False,Creator 1157,US,creator1157@mail.example,food
CR01157,instagram,@creator1157_instagram,50524,6096,76302,4911,218,429,365.0,True,Creator 1157,US,creator1157@mail.example,food
CR01158,tiktok,@creator1158_tiktok,1423528,229642,3290511,210871,5688,1,18937.0,False,Creator 1158,IN,creator1158@mail.example,beauty
CR01159,youtube,@creator1159_youtube,46051,4495,67429,2011,21,85,,False,Creator 1159,KR,creator1159@mail.example,travel
CR01160,youtube,@creator1160_youtube,5959,422,8744,397,7,3,,False,Creator 1160,DE,creator1160@mail.example,travel
CR01160,tiktok,@creator1160_tiktok,31360,-181,376060,22907,626,1030,249.0,False,Creator 1160,DE,creator1160@mail.example,travel
CR01160,instagram,@creator1160_instagram,646896,-87261,202126,13874,874,631,1437.0,False,Creator 1160,DE,creator1160@mail.example,travel
CR01161,instagram,@creator1161_instagram,50515,8311,12467,672,0,56,4.0,False,Creator 1161,FR,creator1161@mail.example,finance
CR01161,youtube,@creator1161_youtube,32407,4135,73712,3483,97,765,,False,Creator 1161,FR,creator1161@mail.example,finance
CR01162,youtube,@creator1162_youtube,3737,430,2717,93,10,7,,False,Creator 1162,FR,creator1162@mail.example,food
CR01162,tiktok,@creator1162_tiktok,33930,3345,100878,1982,187,3,175.0,False,Creator 1162,FR,creator1162@mail.example,food
CR01163,youtube,@creator1163_youtube,9761,295,4293,159,0,8,,False,Creator 1163,US,creator1163@mail.example,travel
CR01163,instagram,@creator1163_instagram,64413,3862,14596,691,52,27,49.0,False,Creator 1163,US,creator1163@mail.example,travel
CR01163,tiktok,@creator1163_tiktok,5287,521,10620,700,0,0,0.0,False,Creator 1163,US,creator1163@mail.example,travel
CR01164,tiktok,@creator1164_tiktok,26104,2584,23618,750,15,113,0.0,False,Creator 1164,DE,creator1164@mail.example,food
CR01165,youtube,@creator1165_youtube,11943,706,37549,1919,309,0,,False,Creator 1165,BR,creator1165@mail.example,music
CR01165,instagram,@creator1165_instagram,24127,2243,4727,136,4,6,10.0,False,Creator 1165,BR,creator1165@mail.example,music
CR01166,instagram,@creator1166_instagram,64472,7522,31807,1602,56,76,547.0,True,Creator 1166,FR,creator1166@mail.example,gaming
CR01166,tiktok,@creator1166_tiktok,63228,1517,115778,3367,49,329,149.0,False,Creator 1166,FR,creator1166@mail.example,gaming
CR01167,instagram,@creator1167_instagram,23513,1704,44335,3478,264,189,0.0,False,Creator 1167,FR,creator1167@mail.example,gaming
CR01167,tiktok,@creator1167_tiktok,14133,675,30308,2298,0,162,0.0,False,Creator 1167,FR,creator1167@mail.example,gaming
CR01167,youtube,@creator1167_youtube,107689,12850,60949,1526,540,151,,False,Creator 1167,FR,creator1167@mail.example,gaming
CR01168,instagram,@creator1168_instagram,18439,2568,30519,675,168,220,1.0,False,Creator 1168,BR,creator1168@mail.example,gaming
CR01168,tiktok,@creator1168_tiktok,49130,3693,68983,4061,151,0,102.0,False,Creator 1168,BR,creator1168@mail.example,gaming
CR01168,youtube,@creator1168_youtube,16055,1995,19918,563,17,0,,False,Creator 1168,BR,creator1168@mail.example,gaming
CR01169,youtube,@creator1169_youtube,98155,6440,60220,2025,315,0,,False,Creator 1169,US,creator1169@mail.example,tech
CR01170,instagram,@creator1170_instagram,229524,10651,69342,2886,0,243,10.0,False,Creator 1170,FR,creator1170@mail.example,finance
CR01170,tiktok,@creator1170_tiktok,108370,15728,189873,4984,0,677,37.0,False,Creator 1170,FR,creator1170@mail.example,finance
CR01171,instagram,@creator1171_instagram,49113,3950,24149,1521,93,81,85.0,False,Creator 1171,CA,creator1171@mail.example,education
CR01171,tiktok,@creator1171_tiktok,23902,1183,328396,9743,599,432,42.0,False,Creator 1171,CA,creator1171@mail.example,education
CR01171,youtube,@creator1171_youtube,69028,1224,119764,4316,1430,56,,False,Creator 1171,CA,creator1171@mail.example,education
CR01172,tiktok,@creator1172_tiktok,7409,541,8777,574,0,10,54.0,False,Creator 1172,FR,creator1172@mail.example,tech
CR01172,youtube,@creator1172_youtube,9984,1037,4341,83,30,25,,False,Creator 1172,FR,creator1172@mail.example,tech
CR01172,instagram,@creator1172_instagram,5577,417,5370,170,6,0,32.0,False,Creator 1172,FR,creator1172@mail.example,tech
CR01173,tiktok,@creator1173_tiktok,7785,238,56143,1042,10,38,45.0,False,Creator 1173,GB,creator1173@mail.example,comedy
CR01174,instagram,@creator1174_instagram,245769,7828,239570,4516,973,87,565.0,False,Creator 1174,GB,creator1174@mail.example,tech
CR01174,youtube,@creator1174_youtube,104866,8473,125801,10158,438,0,,False,Creator 1174,GB,creator1174@mail.example,tech
CR01174,tiktok,@creator1174_tiktok,14280,1058,35342,1552,298,102,121.0,False,Creator 1174,GB,creator1174@mail.example,tech
CR01175,youtube,@creator1175_youtube,188747,2494,45929,1833,308,543,,False,Creator 1175,FR,creator1175@mail.example,comedy
CR01175,tiktok,@creator1175_tiktok,17148,2834,49203,2191,0,16,11.0,False,Creator 1175,FR,creator1175@mail.example,comedy
CR01175,instagram,@creator1175_instagram,17621,1710,11949,775,80,0,1.0,False,Creator 1175,FR,creator1175@mail.example,comedy
CR01176,tiktok,@creator1176_tiktok,7904,631,31358,1383,80,0,41.0,False,Creator 1176,KR,creator1176@mail.example,finance
CR01176,youtube,@creator1176_youtube,114434,8495,188597,5702,112,443,,False,Creator 1176,KR,creator1176@mail.example,finance
CR01176,instagram,@creator1176_instagram,67060,4043,68743,2578,32,0,73.0,False,Creator 1176,KR,creator1176@mail.example,finance
CR01177,instagram,@creator1177_instagram,16534,973,17193,705,114,99,44.0,False,Creator 1177,DE,creator1177@mail.example,music
CR01177,tiktok,@creator1177_tiktok,8423,1087,24211,1618,2,28,5.0,False,Creator 1177,DE,creator1177@mail.example,music
CR01178,instagram,@creator1178_instagram,2007,341,2250,156,8,23,7.0,False,Creator 1178,JP,creator1178@mail.example,comedy
CR01178,tiktok,@creator1178_tiktok,16547,505,24619,1440,186,85,37.0,False,Creator 1178,JP,creator1178@mail.example,comedy
CR01178,youtube,@creator1178_youtube,3390,337,19089,780,117,67,,False,Creator 1178,JP,creator1178@mail.example,comedy
CR01179,instagram,@creator1179_instagram,98581,11653,52365,2341,70,13,110.0,False,Creator 1179,CA,creator1179@mail.example,comedy
CR01179,youtube,@creator1179_youtube,26448,1838,9430,700,12,1,,False,Creator 1179,CA,creator1179@mail.example,comedy
CR01180,youtube,@creator1180_youtube,139652,12658,71111,2992,23,254,,False,Creator 1180,CA,creator1180@mail.example,music
CR01180,tiktok,@creator1180_tiktok,3843,234,8976,700,30,21,28.0,False,Creator 1180,CA,creator1180@mail.example,music
CR01181,youtube,@creator1181_youtube,46037,4605,38141,1714,321,326,,False,Creator 1181,US,creator1181@mail.example,music
CR01181,instagram,@creator1181_instagram,24440,4249,18422,1043,51,4,41.0,False,Creator 1181,US,creator1181@mail.example,music
CR01181,tiktok,@creator1181_tiktok,124290,1801,1043172,50646,7920,9704,0.0,False,Creator 1181,US,creator1181@mail.example,music
CR01182,youtube,@creator1182_youtube,2933,448,957,19,1,4,,False,Creator 1182,US,creator1182@mail.example,education
CR01182,tiktok,@creator1182_tiktok,115685,19379,499873,30767,137,858,2181.0,False,Creator 1182,US,creator1182@mail.example,education
CR01183,youtube,@creator1183_youtube,339290,8408,258585,8869,1279,1034,,False,Creator 1183,MX,creator1183@mail.example,travel
CR01184,instagram,@creator1184_instagram,76735,6961,13954,469,7,24,22.0,True,Creator 1184,CA,creator1184@mail.example,gaming
CR01184,youtube,@creator1184_youtube,155896,-22642,708559,49518,0,1935,,False,Creator 1184,CA,creator1184@mail.example,gaming
CR01184,tiktok,@creator1184_tiktok,165116,18356,1205466,56499,1123,3169,442.0,False,Creator 1184,CA,creator1184@mail.example,gaming
CR01185,tiktok,@creator1185_tiktok,2930,270,7154,326,19,15,20.0,False,Creator 1185,FR,creator1185@mail.example,finance
CR01186,tiktok,@creator1186_tiktok,35991,5007,108151,3485,565,12,1409.0,False,Creator 1186,GB,creator1186@mail.example,travel
CR01186,instagram,@creator1186_instagram,73584,11344,67549,1379,4,0,42.0,False,Creator 1186,GB,creator1186@mail.example,travel
CR01186,youtube,@creator1186_youtube,131827,2203,154154,9962,654,812,,False,Creator 1186,GB,creator1186@mail.example,travel
CR01187,youtube,@creator1187_youtube,45487,4546,23161,1715,499,5,,False,Creator 1187,KR,creator1187@mail.example,education
CR01187,instagram,@creator1187_instagram,10871,226,11224,988,66,39,2.0,False,Creator 1187,KR,creator1187@mail.example,education
CR01187,tiktok,@creator1187_tiktok,28471,1143,77943,3325,77,0,70.0,False,Creator 1187,KR,creator1187@mail.example,education
CR01188,youtube,@creator1188_youtube,12685,1655,29745,1353,153,100,,False,Creator 1188,KR,creator1188@mail.example,gaming
CR01189,youtube,@creator1189_youtube,196361,9928,415147,10241,604,0,,False,Creator 1189,DE,creator1189@mail.example,beauty
CR01189,instagram,@creator1189_instagram,1127,67,261,7,0,0,0.0,False,Creator 1189,DE,creator1189@mail.example,beauty
CR01190,tiktok,@creator1190_tiktok,11098,494,29955,531,58,16,102.0,False,Creator 1190,MX,creator1190@mail.example,comedy
CR01190,instagram,@creator1190_instagram,4297,-53,7172,612,0,0,81.0,False,Creator 1190,MX,creator1190@mail.example,comedy
CR01190,youtube,@creator1190_youtube,21267,350,5056,309,42,54,,False,Creator 1190,MX,creator1190@mail.example,comedy
CR01191,tiktok,@creator1191_tiktok,27685,2228,81948,4186,61,15,2.0,False,Creator 1191,CA,creator1191@mail.example,food
CR01191,youtube,@creator1191_youtube,22378,1712,204082,9965,3191,36,,False,Creator 1191,CA,creator1191@mail.example,food
CR01191,instagram,@creator1191_instagram,344370,54428,81041,3900,339,468,242.0,False,Creator 1191,CA,creator1191@mail.example,food
CR01192,instagram,@creator1192_instagram,24755,2754,25032,1277,2,11,157.0,False,Creator 1192,CA,creator1192@mail.example,beauty
CR01192,tiktok,@creator1192_tiktok,16579,3838,32011,2278,15,61,2.0,False,Creator 1192,CA,creator1192@mail.example,beauty
CR01193,youtube,@creator1193_youtube,72135,13341,146430,11107,153,0,,False,Creator 1193,DE,creator1193@mail.example,music
CR01193,tiktok,@creator1193_tiktok,8982,442,16476,445,43,2,44.0,False,Creator 1193,DE,creator1193@mail.example,music
CR01194,youtube,@creator1194_youtube,2969,422,11585,546,33,0,,False,Creator 1194,IN,creator1194@mail.example,travel
CR01194,instagram,@creator1194_instagram,217204,-13613,87318,2418,38,24,140.0,False,Creator 1194,IN,creator1194@mail.example,travel
CR01194,tiktok,@creator1194_tiktok,378215,-44789,726809,19254,1779,974,7039.0,False,Creator 1194,IN,creator1194@mail.example,travel
CR01195,instagram,@creator1195_instagram,20907,2996,14429,792,0,8,141.0,False,Creator 1195,CA,creator1195@mail.example,comedy
CR01195,youtube,@creator1195_youtube,30779,2699,54053,4476,132,432,,False,Creator 1195,CA,creator1195@mail.example,comedy
CR01196,youtube,@creator1196_youtube,47239,5205,298880,9737,1605,1,,False,Creator 1196,MX,creator1196@mail.example,music
CR01197,youtube,@creator1197_youtube,43971,3594,33551,2147,387,7,,False,Creator 1197,CA,creator1197@mail.example,comedy
CR01197,instagram,@creator1197_instagram,6853,266,6700,439,4,0,4.0,False,Creator 1197,CA,creator1197@mail.example,comedy
CR01198,tiktok,@creator1198_tiktok,101440,14535,329326,18985,1582,2815,238.0,False,Creator 1198,GB,creator1198@mail.example,finance
CR01198,instagram,@creator1198_instagram,731820,82433,164797,14402,416,2846,0.0,False,Creator 1198,GB,creator1198@mail.example,finance
CR01199,youtube,@creator1199_youtube,220087,16157,316792,19344,5047,11,,False,Creator 1199,GB,creator1199@mail.example,fitness
CR01199,tiktok,@creator1199_tiktok,6942,515,87809,2656,87,1,105.0,False,Creator 1199,GB,creator1199@mail.example,fitness
CR01199,instagram,@creator1199_instagram,30389,409,42716,3209,0,2,492.0,False,Creator 1199,GB,creator1199@mail.example,fitness
CR01200,youtube,@creator1200_youtube,176634,25450,130970,6736,350,519,,False,Creator 1200,FR,creator1200@mail.example,food
CR01200,instagram,@creator1200_instagram,3198,285,1486,82,3,5,0.0,False,Creator 1200,FR,creator1200@mail.example,food
CR01200,tiktok,@creator1200_tiktok,47116,4001,259952,8122,78,2078,910.0,False,Creator 1200,FR,creator1200@mail.example,food
CR01201,tiktok,@creator1201_tiktok,194420,-2049,1126183,85170,4565,0,1682.0,False,Creator 1201,JP,creator1201@mail.example,music
CR01201,instagram,@creator1201_instagram,29729,2264,24861,902,14,128,49.0,False,Creator 1201,JP,creator1201@mail.example,music
CR01201,youtube,@creator1201_youtube,74369,5204,141340,5774,957,528,,False,Creator 1201,JP,creator1201@mail.example,music
CR01202,instagram,@creator1202_instagram,6294,222,1745,144,12,0,0.0,False,Creator 1202,BR,creator1202@mail.example,education
CR01202,tiktok,@creator1202_tiktok,45231,4664,277783,20198,267,227,0.0,False,Creator 1202,BR,creator1202@mail.example,education
CR01203,tiktok,@creator1203_tiktok,876,16,785,11,1,0,0.0,False,Creator 1203,IN,creator1203@mail.example,music
CR01204,instagram,@creator1204_instagram,16084,1442,6428,160,40,9,14.0,False,Creator 1204,CA,creator1204@mail.example,education
CR01204,youtube,@creator1204_youtube,26232,3288,17112,729,53,16,,False,Creator 1204,CA,creator1204@mail.example,education
CR01204,tiktok,@creator1204_tiktok,57564,8564,887793,49636,6624,2167,9187.0,False,Creator 1204,CA,creator1204@mail.example,education
CR01205,youtube,@creator1205_youtube,12056,484,2596,67,4,0,,False,Creator 1205,US,creator1205@mail.example,finance
CR01205,instagram,@creator1205_instagram,27149,1876,14929,216,12,12,85.0,False,Creator 1205,US,creator1205@mail.example,finance
CR01206,tiktok,@creator1206_tiktok,91152,3118,359184,22429,4304,2,569.0,False,Creator 1206,JP,creator1206@mail.example,finance
CR01207,youtube,@creator1207_youtube,14886,635,18450,1066,0,11,,False,Creator 1207,DE,creator1207@mail.example,travel
CR01207,tiktok,@creator1207_tiktok,255197,23305,953810,34035,3379,26,733.0,False,Creator 1207,DE,creator1207@mail.example,travel
CR01207,instagram,@creator1207_instagram,125648,9925,129134,3457,490,14,1523.0,False,Creator 1207,DE,creator1207@mail.example,travel
CR01208,tiktok,@creator1208_tiktok,126254,10625,103249,1776,387,48,40.0,False,Creator 1208,US,creator1208@mail.example,comedy
CR01208,youtube,@creator1208_youtube,23094,2844,18769,492,88,23,,False,Creator 1208,US,creator1208@mail.example,comedy
CR01209,tiktok,@creator1209_tiktok,169844,25919,438896,12718,320,6,12.0,False,Creator 1209,KR,creator1209@mail.example,beauty
CR01210,youtube,@creator1210_youtube,516806,4796,1742597,151885,1843,304,,False,Creator 1210,FR,creator1210@mail.example,fitness
CR01210,tiktok,@creator1210_tiktok,68410,6359,132777,9413,0,0,122.0,False,Creator 1210,FR,creator1210@mail.example,fitness
CR01211,tiktok,@creator1211_tiktok,11793,-824,27687,1065,0,34,47.0,False,Creator 1211,GB,creator1211@mail.example,travel
CR01211,youtube,@creator1211_youtube,11759,394,3473,190,1,24,,False,Creator 1211,GB,creator1211@mail.example,travel
CR01211,instagram,@creator1211_instagram,17257,-491,6571,329,64,4,0.0,False,Creator 1211,GB,creator1211@mail.example,travel
CR01212,tiktok,@creator1212_tiktok,11665,1036,16439,395,64,0,16.0,False,Creator 1212,KR,creator1212@mail.example,travel
CR01212,instagram,@creator1212_instagram,99541,3083,179966,9136,1083,274,809.0,False,Creator 1212,KR,creator1212@mail.example,travel
CR01212,youtube,@creator1212_youtube,32911,2878,32840,1241,352,54,,False,Creator 1212,KR,creator1212@mail.example,travel
CR01213,instagram,@creator1213_instagram,4120,340,741,15,0,0,0.0,False,Creator 1213,CA,creator1213@mail.example,travel
CR01213,tiktok,@creator1213_tiktok,66703,3705,198059,15584,170,2607,13.0,False,Creator 1213,CA,creator1213@mail.example,travel
CR01213,youtube,@creator1213_youtube,12154,-582,7301,453,105,29,,False,Creator 1213,CA,creator1213@mail.example,travel
CR01214,instagram,@creator1214_instagram,93730,7250,10710,651,3,0,0.0,True,Creator 1214,BR,creator1214@mail.example,beauty
CR01215,tiktok,@creator1215_tiktok,69897,12339,718302,25011,8589,1619,2339.0,False,Creator 1215,KR,creator1215@mail.example,tech
CR01215,youtube,@creator1215_youtube,42943,861,34743,1895,598,7,,False,Creator 1215,KR,creator1215@mail.example,tech
CR01215,instagram,@creator1215_instagram,32702,509,11340,839,12,137,24.0,True,Creator 1215,KR,creator1215@mail.example,tech
CR01216,tiktok,@creator1216_tiktok,35388,7062,998471,18178,2233,452,891.0,False,Creator 1216,FR,creator1216@mail.example,comedy
CR01216,instagram,@creator1216_instagram,13063,1680,7016,295,0,7,1.0,False,Creator 1216,FR,creator1216@mail.example,comedy
CR01216,youtube,@creator1216_youtube,1572309,50044,2267772,111668,17067,364,,False,Creator 1216,FR,creator1216@mail.example,comedy
CR01217,tiktok,@creator1217_tiktok,56720,7160,99009,1668,0,23,3.0,False,Creator 1217,KR,creator1217@mail.example,fitness
CR01217,youtube,@creator1217_youtube,501192,16765,295760,13035,706,0,,False,Creator 1217,KR,creator1217@mail.example,fitness
CR01217,instagram,@creator1217_instagram,43202,6415,34964,1890,9,45,9.0,False,Creator 1217,KR,creator1217@mail.example,fitness
CR01218,youtube,@creator1218_youtube,21206,2786,32648,2227,35,0,,False,Creator 1218,BR,creator1218@mail.example,beauty
CR01218,instagram,@creator1218_instagram,2653,-178,1174,47,10,0,3.0,False,Creator 1218,BR,creator1218@mail.example,beauty
CR01219,tiktok,@creator1219_tiktok,48432,-895,79397,2718,105,65,0.0,False,Creator 1219,JP,creator1219@mail.example,tech
CR01219,youtube,@creator1219_youtube,50265,2893,76013,2887,11,473,,False,Creator 1219,JP,creator1219@mail.example,tech
CR01219,instagram,@creator1219_instagram,88957,13791,22723,1203,102,234,87.0,False,Creator 1219,JP,creator1219@mail.example,tech
CR01220,tiktok,@creator1220_tiktok,39713,5264,162781,8904,199,0,1030.0,False,Creator 1220,CA,creator1220@mail.example,travel
CR01220,youtube,@creator1220_youtube,1349710,226774,2571842,131688,22,40,,False,Creator 1220,CA,creator1220@mail.example,travel
CR01220,instagram,@creator1220_instagram,24286,2932,21785,663,302,17,1.0,False,Creator 1220,CA,creator1220@mail.example,travel
CR01221,tiktok,@creator1221_tiktok,49614,6146,52314,1707,69,37,32.0,False,Creator 1221,KR,creator1221@mail.example,comedy
CR01222,youtube,@creator1222_youtube,30539,1646,24505,415,0,42,,False,Creator 1222,BR,creator1222@mail.example,music
CR01222,instagram,@creator1222_instagram,52757,3054,30180,1334,35,0,46.0,True,Creator 1222,BR,creator1222@mail.example,music
CR01222,tiktok,@creator1222_tiktok,17947,1378,65627,2847,458,279,91.0,False,Creator 1222,BR,creator1222@mail.example,music
CR01223,youtube,@creator1223_youtube,335317,45951,494887,23041,4778,3761,,False,Creator 1223,US,creator1223@mail.example,fitness
CR01223,tiktok,@creator1223_tiktok,45279,763,206674,17326,563,785,690.0,False,Creator 1223,US,creator1223@mail.example,fitness
CR01223,instagram,@creator1223_instagram,54425,8290,5279,106,32,0,42.0,False,Creator 1223,US,creator1223@mail.example,fitness
CR01224,instagram,@creator1224_instagram,43909,683,19668,855,53,12,0.0,True,Creator 1224,FR,creator1224@mail.example,comedy
CR01224,youtube,@creator1224_youtube,53445,7553,90670,7014,779,3,,False,Creator 1224,FR,creator1224@mail.example,comedy
CR01224,tiktok,@creator1224_tiktok,523254,38429,1956272,90896,5665,855,3870.0,False,Creator 1224,FR,creator1224@mail.example,comedy
CR01225,youtube,@creator1225_youtube,34999,-2195,48556,2956,117,53,,False,Creator 1225,MX,creator1225@mail.example,tech
CR01226,youtube,@creator1226_youtube,9367,543,43423,2510,268,146,,False,Creator 1226,CA,creator1226@mail.example,comedy
CR01226,instagram,@creator1226_instagram,16521,1161,7957,349,90,0,1.0,False,Creator 1226,CA,creator1226@mail.example,comedy
CR01227,instagram,@creator1227_instagram,226493,36593,132992,10300,1106,0,164.0,False,Creator 1227,FR,creator1227@mail.example,food
CR01228,instagram,@creator1228_instagram,94442,3172,46173,3341,0,21,385.0,False,Creator 1228,DE,creator1228@mail.example,comedy
CR01228,tiktok,@creator1228_tiktok,15758,-248,72548,4909,175,469,169.0,False,Creator 1228,DE,creator1228@mail.example,comedy
CR01228,youtube,@creator1228_youtube,767,35,1370,63,2,0,,False,Creator 1228,DE,creator1228@mail.example,comedy
CR01229,youtube,@creator1229_youtube,11655,-129,10882,477,1,17,,False,Creator 1229,GB,creator1229@mail.example,food
CR01229,tiktok,@creator1229_tiktok,26759,5737,34689,3104,305,38,51.0,False,Creator 1229,GB,creator1229@mail.example,food
CR01229,instagram,@creator1229_instagram,25225,4751,67667,2299,80,76,113.0,False,Creator 1229,GB,creator1229@mail.example,food
CR01230,instagram,@creator1230_instagram,68089,1549,20441,865,302,3,78.0,False,Creator 1230,CA,creator1230@mail.example,music
CR01231,youtube,@creator1231_youtube,630496,30853,1223513,61342,6889,4322,,False,Creator 1231,BR,creator1231@mail.example,fitness
CR01231,tiktok,@creator1231_tiktok,15056,1981,99817,5486,838,532,71.0,False,Creator 1231,BR,creator1231@mail.example,fitness
CR01232,instagram,@creator1232_instagram,6153,565,4606,182,29,7,1.0,False,Creator 1232,BR,creator1232@mail.example,gaming
CR01232,tiktok,@creator1232_tiktok,4483,57,11749,668,4,37,5.0,False,Creator 1232,BR,creator1232@mail.example,gaming
CR01232,youtube,@creator1232_youtube,105619,5285,100483,3311,14,47,,False,Creator 1232,BR,creator1232@mail.example,gaming
CR01233,tiktok,@creator1233_tiktok,107502,-16698,674904,33604,56,1852,3657.0,False,Creator 1233,US,creator1233@mail.example,finance
CR01233,instagram,@creator1233_instagram,34855,5803,16193,628,15,0,5.0,False,Creator 1233,US,creator1233@mail.example,finance
CR01233,youtube,@creator1233_youtube,42571,4168,60867,2559,223,159,,False,Creator 1233,US,creator1233@mail.example,finance
CR01234,youtube,@creator1234_youtube,37726,-3796,17100,842,339,4,,False,Creator 1234,MX,creator1234@mail.example,finance
CR01235,youtube,@creator1235_youtube,174609,13362,126815,7647,2669,358,,False,Creator 1235,US,creator1235@mail.example,beauty
CR01235,instagram,@creator1235_instagram,75025,6130,67586,3597,221,8,412.0,False,Creator 1235,US,creator1235@mail.example,beauty
CR01235,tiktok,@creator1235_tiktok,329448,47267,1032030,22682,1546,3244,45.0,False,Creator 1235,US,creator1235@mail.example,beauty
CR01236,tiktok,@creator1236_tiktok,46139,2182,158203,6611,618,404,149.0,False,Creator 1236,DE,creator1236@mail.example,travel
CR01236,youtube,@creator1236_youtube,25196,4501,21246,554,13,14,,False,Creator 1236,DE,creator1236@mail.example,travel
CR01236,instagram,@creator1236_instagram,15887,2038,9261,598,56,74,43.0,False,Creator 1236,DE,creator1236@mail.example,travel
CR01237,instagram,@creator1237_instagram,49465,3034,5742,287,6,114,6.0,False,Creator 1237,GB,creator1237@mail.example,finance
CR01238,tiktok,@creator1238_tiktok,569220,101438,3848826,248127,2827,6014,10378.0,False,Creator 1238,FR,creator1238@mail.example,gaming
CR01239,tiktok,@creator1239_tiktok,90416,17018,436334,8551,322,55,334.0,False,Creator 1239,KR,creator1239@mail.example,music
CR01239,youtube,@creator1239_youtube,47978,-1593,127318,7734,625,2348,,False,Creator 1239,KR,creator1239@mail.example,music
CR01240,tiktok,@creator1240_tiktok,8033,1108,20331,1003,122,172,1.0,False,Creator 1240,JP,creator1240@mail.example,gaming
CR01240,youtube,@creator1240_youtube,43254,-901,71155,4063,1,50,,False,Creator 1240,JP,creator1240@mail.example,gaming
CR01240,instagram,@creator1240_instagram,49074,8354,32919,3090,445,0,23.0,False,Creator 1240,JP,creator1240@mail.example,gaming
CR01241,tiktok,@creator1241_tiktok,588137,-3169,1569601,48209,4678,227,395.0,False,Creator 1241,MX,creator1241@mail.example,gaming
CR01241,instagram,@creator1241_instagram,16420,-3982,24926,1755,57,121,62.0,True,Creator 1241,MX,creator1241@mail.example,gaming
CR01241,youtube,@creator1241_youtube,83809,4092,38483,1792,195,277,,False,Creator 1241,MX,creator1241@mail.example,gaming
CR01242,tiktok,@creator1242_tiktok,210565,-11664,613446,33249,2957,291,4921.0,False,Creator 1242,IN,creator1242@mail.example,tech
CR01243,youtube,@creator1243_youtube,277085,33977,623532,17528,869,111,,False,Creator 1243,FR,creator1243@mail.example,comedy
CR01243,tiktok,@creator1243_tiktok,48287,3818,100768,3543,554,406,0.0,False,Creator 1243,FR,creator1243@mail.example,comedy
CR01243,instagram,@creator1243_instagram,171090,35309,48431,3144,1097,5,25.0,False,Creator 1243,FR,creator1243@mail.example,comedy
CR01244,instagram,@creator1244_instagram,8098,695,4433,417,19,15,0.0,True,Creator 1244,IN,creator1244@mail.example,gaming
CR01244,tiktok,@creator1244_tiktok,394836,46632,375845,6734,1409,75,1311.0,False,Creator 1244,IN,creator1244@mail.example,gaming
CR01245,instagram,@creator1245_instagram,137677,13922,56206,2115,165,51,42.0,False,Creator 1245,KR,creator1245@mail.example,tech
CR01245,youtube,@creator1245_youtube,93921,5012,52683,2138,19,132,,False,Creator 1245,KR,creator1245@mail.example,tech
CR01246,youtube,@creator1246_youtube,582296,105279,310690,10716,0,850,,False,Creator 1246,BR,creator1246@mail.example,music
CR01246,tiktok,@creator1246_tiktok,14534,2438,31703,1152,18,2,18.0,False,Creator 1246,BR,creator1246@mail.example,music
CR01247,tiktok,@creator1247_tiktok,7059,589,35540,671,147,52,49.0,False,Creator 1247,FR,creator1247@mail.example,beauty
CR01247,instagram,@creator1247_instagram,65368,-5573,14817,768,8,0,9.0,False,Creator 1247,FR,creator1247@mail.example,beauty
CR01247,youtube,@creator1247_youtube,9256,561,10246,301,11,3,,False,Creator 1247,FR,creator1247@mail.example,beauty
CR01248,tiktok,@creator1248_tiktok,76890,3129,616098,47308,887,0,3216.0,False,Creator 1248,FR,creator1248@mail.example,finance
CR01248,instagram,@creator1248_instagram,38619,724,15456,1193,67,0,148.0,False,Creator 1248,FR,creator1248@mail.example,finance
CR01248,youtube,@creator1248_youtube,90676,17034,27569,914,14,20,,False,Creator 1248,FR,creator1248@mail.example,finance
CR01249,instagram,@creator1249_instagram,18952,1267,11800,359,3,44,4.0,False,Creator 1249,DE,creator1249@mail.example,gaming
CR01249,youtube,@creator1249_youtube,104250,-2211,358347,26912,1303,3831,,False,Creator 1249,DE,creator1249@mail.example,gaming
CR01249,tiktok,@creator1249_tiktok,9293,833,48802,1888,0,319,10.0,False,Creator 1249,DE,creator1249@mail.example,gaming
CR01250,tiktok,@creator1250_tiktok,49095,4771,117301,6113,258,848,11.0,False,Creator 1250,JP,creator1250@mail.example,gaming
CR01250,instagram,@creator1250_instagram,44080,2671,29562,1475,9,24,218.0,False,Creator 1250,JP,creator1250@mail.example,gaming
CR01251,tiktok,@creator1251_tiktok,105121,-10441,725163,62819,242,2855,0.0,False,Creator 1251,MX,creator1251@mail.example,food
CR01251,youtube,@creator1251_youtube,48051,3320,27639,484,31,47,,False,Creator 1251,MX,creator1251@mail.example,food
CR01251,instagram,@creator1251_instagram,14408,1748,13680,511,16,7,8.0,False,Creator 1251,MX,creator1251@mail.example,food
CR01252,tiktok,@creator1252_tiktok,6996,301,69721,4571,11,145,630.0,False,Creator 1252,JP,creator1252@mail.example,fitness
CR01252,youtube,@creator1252_youtube,281087,31469,474915,9729,1014,1153,,False,Creator 1252,JP,creator1252@mail.example,fitness
CR01252,instagram,@creator1252_instagram,73935,7928,24126,1806,151,211,108.0,False,Creator 1252,JP,creator1252@mail.example,fitness
CR01253,instagram,@creator1253_instagram,98637,14178,11904,298,7,86,83.0,False,Creator 1253,CA,creator1253@mail.example,education
CR01253,youtube,@creator1253_youtube,40430,2682,95021,4817,204,441,,False,Creator 1253,CA,creator1253@mail.example,education
CR01253,tiktok,@creator1253_tiktok,326434,3622,3815272,162476,6743,6337,11994.0,False,Creator 1253,CA,creator1253@mail.example,education
CR01254,instagram,@creator1254_instagram,50945,3561,22492,824,118,1,161.0,False,Creator 1254,US,creator1254@mail.example,comedy
CR01254,youtube,@creator1254_youtube,181744,23237,519304,18724,930,3497,,False,Creator 1254,US,creator1254@mail.example,comedy
CR01254,tiktok,@creator1254_tiktok,14215,163,85659,4434,104,0,888.0,False,Creator 1254,US,creator1254@mail.example,comedy
CR01255,youtube,@creator1255_youtube,4772941,454127,17085537,1158270,62584,0,,False,Creator 1255,US,creator1255@mail.example,finance
CR01255,tiktok,@creator1255_tiktok,47906,62,39232,2682,349,8,59.0,False,Creator 1255,US,creator1255@mail.example,finance
CR01255,instagram,@creator1255_instagram,93253,-13137,79811,5836,422,39,84.0,False,Creator 1255,US,creator1255@mail.example,finance
CR01256,youtube,@creator1256_youtube,41010,-445,16914,1630,152,10,,False,Creator 1256,KR,creator1256@mail.example,tech
CR01257,youtube,@creator1257_youtube,32369,2462,41575,1989,246,0,,False,Creator 1257,JP,creator1257@mail.example,comedy
CR01257,tiktok,@creator1257_tiktok,170922,4444,497872,19902,447,2132,8966.0,False,Creator 1257,JP,creator1257@mail.example,comedy
CR01258,youtube,@creator1258_youtube,57137,8017,37746,2791,20,3,,False,Creator 1258,JP,creator1258@mail.example,comedy
CR01259,tiktok,@creator1259_tiktok,566399,19621,4936650,408251,6251,894,7964.0,False,Creator 1259,BR,creator1259@mail.example,fitness
CR01259,youtube,@creator1259_youtube,26027,2531,40194,783,1,18,,False,Creator 1259,BR,creator1259@mail.example,fitness
CR01259,instagram,@creator1259_instagram,278648,17621,136667,7382,413,680,1910.0,False,Creator 1259,BR,creator1259@mail.example,fitness
CR01260,tiktok,@creator1260_tiktok,75034,7781,211231,17611,815,3215,357.0,False,Creator 1260,JP,creator1260@mail.example,finance
CR01261,tiktok,@creator1261_tiktok,444674,71144,570469,25160,1359,2613,1066.0,False,Creator 1261,KR,creator1261@mail.example,food
CR01261,instagram,@creator1261_instagram,8257,1569,10174,475,79,14,0.0,False,Creator 1261,KR,creator1261@mail.example,food
CR01262,youtube,@creator1262_youtube,3712,249,34669,1375,17,1,,False,Creator 1262,JP,creator1262@mail.example,music
CR01262,tiktok,@creator1262_tiktok,128414,17745,272810,10694,478,4048,3181.0,False,Creator 1262,JP,creator1262@mail.example,music
CR01263,tiktok,@creator1263_tiktok,43235,2971,431529,24866,850,3116,2998.0,False,Creator 1263,CA,creator1263@mail.example,finance
CR01264,youtube,@creator1264_youtube,49355,4556,64526,4731,1202,273,,False,Creator 1264,JP,creator1264@mail.example,beauty
CR01265,instagram,@creator1265_instagram,20932,-130,6526,131,1,5,27.0,False,Creator 1265,FR,creator1265@mail.example,fitness
CR01265,youtube,@creator1265_youtube,80742,-5374,183319,13648,69,146,,False,Creator 1265,FR,creator1265@mail.example,fitness
CR01266,tiktok,@creator1266_tiktok,78237,13632,97254,2602,0,181,3.0,False,Creator 1266,GB,creator1266@mail.example,fitness
CR01266,youtube,@creator1266_youtube,27791,-1950,93848,4836,633,482,,False,Creator 1266,GB,creator1266@mail.example,fitness
CR01266,instagram,@creator1266_instagram,13047,741,3072,230,32,0,0.0,False,Creator 1266,GB,creator1266@mail.example,fitness
CR01267,youtube,@creator1267_youtube,115823,-962,174127,13657,265,8,,False,Creator 1267,GB,creator1267@mail.example,comedy
CR01267,tiktok,@creator1267_tiktok,439189,41584,1067861,37504,1761,32,11529.0,False,Creator 1267,GB,creator1267@mail.example,comedy
CR01267,instagram,@creator1267_instagram,2602,384,1177,30,2,2,4.0,False,Creator 1267,GB,creator1267@mail.example,comedy
CR01268,youtube,@creator1268_youtube,89177,4049,65327,4347,142,450,,False,Creator 1268,CA,creator1268@mail.example,comedy
CR01268,tiktok,@creator1268_tiktok,21810,-888,41362,2053,102,48,227.0,False,Creator 1268,CA,creator1268@mail.example,comedy
CR01268,instagram,@creator1268_instagram,64169,-1203,111236,3991,159,406,229.0,False,Creator 1268,CA,creator1268@mail.example,comedy
CR01269,instagram,@creator1269_instagram,322498,30708,48929,3659,250,337,8.0,False,Creator 1269,DE,creator1269@mail.example,beauty
CR01269,youtube,@creator1269_youtube,148826,23881,166850,4100,78,22,,False,Creator 1269,DE,creator1269@mail.example,beauty
CR01269,tiktok,@creator1269_tiktok,277086,24207,546568,44389,2431,4178,1198.0,False,Creator 1269,DE,creator1269@mail.example,beauty
CR01270,instagram,@creator1270_instagram,84061,9306,32296,1266,69,109,57.0,False,Creator 1270,FR,creator1270@mail.example,gaming
CR01270,youtube,@creator1270_youtube,31316,3497,14630,618,56,3,,False,Creator 1270,FR,creator1270@mail.example,gaming
CR01270,tiktok,@creator1270_tiktok,362584,18486,211612,7999,13,140,246.0,False,Creator 1270,FR,creator1270@mail.example,gaming
CR01271,youtube,@creator1271_youtube,36918,1499,37590,2213,520,0,,False,Creator 1271,DE,creator1271@mail.example,beauty
CR01271,tiktok,@creator1271_tiktok,103491,4305,519968,29711,2754,403,464.0,False,Creator 1271,DE,creator1271@mail.example,beauty
CR01272,instagram,@creator1272_instagram,51365,4447,14998,585,7,0,0.0,False,Creator 1272,GB,creator1272@mail.example,beauty
CR01272,youtube,@creator1272_youtube,94700,8486,73765,6221,243,258,,False,Creator 1272,GB,creator1272@mail.example,beauty
CR01273,instagram,@creator1273_instagram,127060,10112,344246,6907,98,3,0.0,False,Creator 1273,JP,creator1273@mail.example,fitness
CR01273,tiktok,@creator1273_tiktok,13033,1926,47639,1286,250,74,3.0,False,Creator 1273,JP,creator1273@mail.example,fitness
CR01273,youtube,@creator1273_youtube,404311,10918,460471,28370,50,549,,False,Creator 1273,JP,creator1273@mail.example,fitness
CR01274,youtube,@creator1274_youtube,5830,345,22841,654,4,1,,False,Creator 1274,MX,creator1274@mail.example,comedy
CR01274,instagram,@creator1274_instagram,25481,3051,8638,258,6,16,9.0,False,Creator 1274,MX,creator1274@mail.example,comedy
CR01274,tiktok,@creator1274_tiktok,20464,961,93710,6385,239,0,104.0,False,Creator 1274,MX,creator1274@mail.example,comedy
CR01275,tiktok,@creator1275_tiktok,587,51,4621,334,20,29,6.0,False,Creator 1275,MX,creator1275@mail.example,education
CR01276,instagram,@creator1276_instagram,47009,4147,20637,1178,21,132,0.0,False,Creator 1276,US,creator1276@mail.example,education
CR01276,tiktok,@creator1276_tiktok,15357,1559,64176,3830,138,361,0.0,False,Creator 1276,US,creator1276@mail.example,education
CR01277,instagram,@creator1277_instagram,8671,1828,11272,836,5,13,4.0,False,Creator 1277,US,creator1277@mail.example,finance
CR01277,tiktok,@creator1277_tiktok,66880,6617,293243,5818,90,21,25.0,False,Creator 1277,US,creator1277@mail.example,finance
CR01278,youtube,@creator1278_youtube,102038,6846,41986,2986,242,106,,False,Creator 1278,CA,creator1278@mail.example,music
CR01279,instagram,@creator1279_instagram,32902,7197,29526,951,96,32,157.0,True,Creator 1279,GB,creator1279@mail.example,gaming
CR01279,youtube,@creator1279_youtube,5999,1016,2075,159,0,14,,False,Creator 1279,GB,creator1279@mail.example,gaming
CR01280,instagram,@creator1280_instagram,34171,5830,20021,539,2,9,0.0,False,Creator 1280,DE,creator1280@mail.example,gaming
CR01280,tiktok,@creator1280_tiktok,62479,-710,133228,5754,807,0,0.0,False,Creator 1280,DE,creator1280@mail.example,gaming
CR01280,youtube,@creator1280_youtube,151732,7068,262313,14671,498,43,,False,Creator 1280,DE,creator1280@mail.example,gaming
CR01281,instagram,@creator1281_instagram,11064,995,39615,3110,110,138,0.0,False,Creator 1281,MX,creator1281@mail.example,finance
CR01281,tiktok,@creator1281_tiktok,107882,16792,794636,33011,552,842,266.0,False,Creator 1281,MX,creator1281@mail.example,finance
CR01282,tiktok,@creator1282_tiktok,163525,18510,189696,13342,615,128,141.0,False,Creator 1282,GB,creator1282@mail.example,travel
CR01283,instagram,@creator1283_instagram,22303,623,10476,345,1,0,107.0,False,Creator 1283,US,creator1283@mail.example,fitness
CR01283,youtube,@creator1283_youtube,8152,120,8062,845,18,31,,False,Creator 1283,US,creator1283@mail.example,fitness
CR01283,tiktok,@creator1283_tiktok,2913,308,9777,448,4,9,14.0,False,Creator 1283,US,creator1283@mail.example,fitness
CR01284,instagram,@creator1284_instagram,24950,1115,4226,281,30,0,18.0,False,Creator 1284,MX,creator1284@mail.example,food
CR01284,youtube,@creator1284_youtube,398863,43122,263442,13363,1109,2771,,False,Creator 1284,MX,creator1284@mail.example,food
CR01284,tiktok,@creator1284_tiktok,22564,-540,17357,294,48,2,13.0,False,Creator 1284,MX,creator1284@mail.example,food
CR01285,instagram,@creator1285_instagram,26368,3053,10295,513,13,185,4.0,False,Creator 1285,FR,creator1285@mail.example,travel
CR01285,youtube,@creator1285_youtube,53993,4516,135851,4925,432,192,,False,Creator 1285,FR,creator1285@mail.example,travel
CR01286,tiktok,@creator1286_tiktok,6810,139,41024,1777,152,68,1.0,False,Creator 1286,CA,creator1286@mail.example,tech
CR01286,youtube,@creator1286_youtube,716651,11402,2701450,175214,47080,6389,,False,Creator 1286,CA,creator1286@mail.example,tech
CR01286,instagram,@creator1286_instagram,6911,979,5616,214,4,0,14.0,False,Creator 1286,CA,creator1286@mail.example,tech
CR01287,tiktok,@creator1287_tiktok,13057,-450,128910,3466,1048,203,138.0,False,Creator 1287,US,creator1287@mail.example,fitness
CR01287,youtube,@creator1287_youtube,109398,9144,198788,7190,552,29,,False,Creator 1287,US,creator1287@mail.example,fitness
CR01287,instagram,@creator1287_instagram,5216,926,775,68,1,1,0.0,False,Creator 1287,US,creator1287@mail.example,fitness
CR01288,instagram,@creator1288_instagram,9077,423,6860,565,62,8,27.0,False,Creator 1288,GB,creator1288@mail.example,gaming
CR01288,youtube,@creator1288_youtube,21004,1394,29676,2036,28,4,,False,Creator 1288,GB,creator1288@mail.example,gaming
CR01289,youtube,@creator1289_youtube,29854,4889,44625,1956,941,32,,False,Creator 1289,KR,creator1289@mail.example,tech
CR01289,instagram,@creator1289_instagram,1284186,158735,1002742,41332,641,476,2494.0,False,Creator 1289,KR,creator1289@mail.example,tech
CR01290,tiktok,@creator1290_tiktok,127359,6944,170754,9992,992,901,1854.0,False,Creator 1290,GB,creator1290@mail.example,beauty
CR01290,youtube,@creator1290_youtube,3481,292,10228,431,58,40,,False,Creator 1290,GB,creator1290@mail.example,beauty
CR01290,instagram,@creator1290_instagram,37515,6472,107015,3122,407,445,115.0,False,Creator 1290,GB,creator1290@mail.example,beauty
CR01291,instagram,@creator1291_instagram,24085,611,11139,468,76,0,26.0,False,Creator 1291,BR,creator1291@mail.example,finance
CR01291,youtube,@creator1291_youtube,237126,36131,238920,7644,46,25,,False,Creator 1291,BR,creator1291@mail.example,finance
CR01291,tiktok,@creator1291_tiktok,320942,28147,818562,15200,55,758,0.0,False,Creator 1291,BR,creator1291@mail.example,finance
CR01292,instagram,@creator1292_instagram,98642,-2384,25054,1369,186,392,197.0,True,Creator 1292,CA,creator1292@mail.example,beauty
CR01292,youtube,@creator1292_youtube,244039,23540,362922,21017,715,848,,False,Creator 1292,CA,creator1292@mail.example,beauty
CR01292,tiktok,@creator1292_tiktok,44760,230,120001,8232,0,0,709.0,False,Creator 1292,CA,creator1292@mail.example,beauty
CR01293,tiktok,@creator1293_tiktok,6678,1069,56633,2759,42,0,2.0,False,Creator 1293,JP,creator1293@mail.example,travel
CR01294,youtube,@creator1294_youtube,35390,3232,60357,2185,89,102,,False,Creator 1294,IN,creator1294@mail.example,food
CR01294,tiktok,@creator1294_tiktok,30249,3398,48395,1950,2,165,134.0,False,Creator 1294,IN,creator1294@mail.example,food
CR01294,instagram,@creator1294_instagram,1661665,168605,460412,12270,3458,1268,5312.0,False,Creator 1294,IN,creator1294@mail.example,food
CR01295,youtube,@creator1295_youtube,1354219,-2359,761395,36162,105,8083,,False,Creator 1295,CA,creator1295@mail.example,education
CR01295,tiktok,@creator1295_tiktok,20137,1999,140921,7999,12,85,81.0,False,Creator 1295,CA,creator1295@mail.example,education
CR01295,instagram,@creator1295_instagram,11742,842,1667,35,1,0,0.0,True,Creator 1295,CA,creator1295@mail.example,education
CR01296,youtube,@creator1296_youtube,6565,688,9234,675,84,42,,False,Creator 1296,BR,creator1296@mail.example,finance
CR01296,instagram,@creator1296_instagram,1243826,145736,1343349,55258,1068,61,4430.0,False,Creator 1296,BR,creator1296@mail.example,finance
CR01296,tiktok,@creator1296_tiktok,28734,256,90250,5106,217,250,0.0,False,Creator 1296,BR,creator1296@mail.example,finance
CR01297,tiktok,@creator1297_tiktok,260536,39019,383270,16606,0,1145,202.0,False,Creator 1297,GB,creator1297@mail.example,music
CR01297,instagram,@creator1297_instagram,603545,-8318,671747,44336,1037,3041,3751.0,False,Creator 1297,GB,creator1297@mail.example,music
CR01298,youtube,@creator1298_youtube,9200,92,21714,417,19,0,,False,Creator 1298,DE,creator1298@mail.example,gaming
CR01298,tiktok,@creator1298_tiktok,7959,694,26766,1365,29,0,153.0,False,Creator 1298,DE,creator1298@mail.example,gaming
CR01298,instagram,@creator1298_instagram,22709,1548,28842,615,24,51,14.0,False,Creator 1298,DE,creator1298@mail.example,gaming
CR01299,instagram,@creator1299_instagram,28587,3588,11298,967,16,30,10.0,False,Creator 1299,KR,creator1299@mail.example,gaming
CR01300,youtube,@creator1300_youtube,60494,407,129465,6168,1468,0,,False,Creator 1300,IN,creator1300@mail.example,food
CR01300,instagram,@creator1300_instagram,19318,-486,9945,539,3,9,1.0,False,Creator 1300,IN,creator1300@mail.example,food
CR01300,tiktok,@creator1300_tiktok,201194,-23604,408414,14753,671,151,3472.0,False,Creator 1300,IN,creator1300@mail.example,food
CR01301,youtube,@creator1301_youtube,596885,-5336,791751,50552,97,3383,,False,Creator 1301,CA,creator1301@mail.example,music
CR01302,instagram,@creator1302_instagram,15809,3305,10948,382,6,0,134.0,False,Creator 1302,DE,creator1302@mail.example,finance
CR01302,youtube,@creator1302_youtube,1527568,336310,2486119,129970,14195,2772,,False,Creator 1302,DE,creator1302@mail.example,finance
CR01302,tiktok,@creator1302_tiktok,71530,5508,237040,5688,47,347,170.0,False,Creator 1302,DE,creator1302@mail.example,finance
CR01303,youtube,@creator1303_youtube,133255,12460,75250,4229,73,131,,False,Creator 1303,KR,creator1303@mail.example,gaming
CR01303,tiktok,@creator1303_tiktok,4928,245,25182,1437,3,167,58.0,False,Creator 1303,KR,creator1303@mail.example,gaming
CR01303,instagram,@creator1303_instagram,190378,5129,160090,9330,1811,806,2886.0,False,Creator 1303,KR,creator1303@mail.example,gaming
CR01304,youtube,@creator1304_youtube,8657,-354,17547,939,55,14,,False,Creator 1304,IN,creator1304@mail.example,education
CR01304,tiktok,@creator1304_tiktok,9430,-153,17633,1013,322,0,213.0,False,Creator 1304,IN,creator1304@mail.example,education
CR01304,instagram,@creator1304_instagram,70113,11219,42458,1653,165,14,307.0,False,Creator 1304,IN,creator1304@mail.example,education
CR01305,youtube,@creator1305_youtube,34550,2860,9803,512,13,22,,False,Creator 1305,JP,creator1305@mail.example,gaming
CR01306,tiktok,@creator1306_tiktok,19022,1139,382198,15916,586,1878,446.0,False,Creator 1306,CA,creator1306@mail.example,finance
CR01306,youtube,@creator1306_youtube,37429,3167,55526,960,115,28,,False,Creator 1306,CA,creator1306@mail.example,finance
CR01306,instagram,@creator1306_instagram,22986,-1032,4164,272,3,13,0.0,False,Creator 1306,CA,creator1306@mail.example,finance
CR01307,tiktok,@creator1307_tiktok,38824,3589,66422,1547,104,223,161.0,False,Creator 1307,IN,creator1307@mail.example,food
CR01307,instagram,@creator1307_instagram,313838,38264,46466,1835,93,66,465.0,False,Creator 1307,IN,creator1307@mail.example,food
CR01307,youtube,@creator1307_youtube,194318,8151,279423,20919,345,776,,False,Creator 1307,IN,creator1307@mail.example,food
CR01308,instagram,@creator1308_instagram,712760,18902,193938,10750,0,0,882.0,False,Creator 1308,MX,creator1308@mail.example,food
CR01308,youtube,@creator1308_youtube,55944,3867,46676,1028,227,1,,False,Creator 1308,MX,creator1308@mail.example,food
CR01309,instagram,@creator1309_instagram,59896,7041,83339,1744,255,303,145.0,False,Creator 1309,JP,creator1309@mail.example,food
CR01309,tiktok,@creator1309_tiktok,74052,11498,156361,8020,808,218,84.0,False,Creator 1309,JP,creator1309@mail.example,food
CR01309,youtube,@creator1309_youtube,90826,9655,116741,3145,4,84,,False,Creator 1309,JP,creator1309@mail.example,food
CR01310,instagram,@creator1310_instagram,8948,829,21087,392,82,68,46.0,False,Creator 1310,BR,creator1310@mail.example,gaming
CR01310,youtube,@creator1310_youtube,78932,10555,102979,1766,601,0,,False,Creator 1310,BR,creator1310@mail.example,gaming
CR01311,youtube,@creator1311_youtube,282459,10715,159990,5449,235,109,,False,Creator 1311,KR,creator1311@mail.example,fitness
CR01311,instagram,@creator1311_instagram,106617,1044,128973,4519,0,7,91.0,False,Creator 1311,KR,creator1311@mail.example,fitness
CR01312,youtube,@creator1312_youtube,29918,5645,56324,2906,47,17,,False,Creator 1312,IN,creator1312@mail.example,finance
CR01312,tiktok,@creator1312_tiktok,4798,650,19252,662,185,2,0.0,False,Creator 1312,IN,creator1312@mail.example,finance
CR01313,youtube,@creator1313_youtube,11113,1192,7238,429,0,12,,False,Creator 1313,KR,creator1313@mail.example,fitness
CR01313,tiktok,@creator1313_tiktok,2374,242,15746,507,102,0,76.0,False,Creator 1313,KR,creator1313@mail.example,fitness
CR01313,instagram,@creator1313_instagram,74865,5663,22095,676,27,11,0.0,False,Creator 1313,KR,creator1313@mail.example,fitness
CR01314,youtube,@creator1314_youtube,42095,6593,112064,3568,335,123,,False,Creator 1314,MX,creator1314@mail.example,travel
CR01314,instagram,@creator1314_instagram,258450,16092,213158,8382,1308,39,38.0,False,Creator 1314,MX,creator1314@mail.example,travel
CR01314,tiktok,@creator1314_tiktok,22126,1450,237037,7914,1384,138,693.0,False,Creator 1314,MX,creator1314@mail.example,travel
CR01315,instagram,@creator1315_instagram,80577,14267,64201,4208,1,165,8.0,False,Creator 1315,BR,creator1315@mail.example,gaming
CR01315,tiktok,@creator1315_tiktok,9431,914,10822,545,63,22,31.0,False,Creator 1315,BR,creator1315@mail.example,gaming
CR01316,instagram,@creator1316_instagram,12960,1206,6305,361,21,16,1.0,False,Creator 1316,DE,creator1316@mail.example,education
CR01316,tiktok,@creator1316_tiktok,121160,-811,276848,19066,5955,19,252.0,False,Creator 1316,DE,creator1316@mail.example,education
CR01317,tiktok,@creator1317_tiktok,63802,2619,833104,41637,1259,8119,1997.0,False,Creator 1317,DE,creator1317@mail.example,tech
CR01318,tiktok,@creator1318_tiktok,50897,8303,171771,5378,28,15,177.0,False,Creator 1318,US,creator1318@mail.example,music
CR01319,instagram,@creator1319_instagram,7115,194,2561,98,20,0,0.0,False,Creator 1319,BR,creator1319@mail.example,finance
CR01319,tiktok,@creator1319_tiktok,68724,1834,339139,10812,65,366,676.0,False,Creator 1319,BR,creator1319@mail.example,finance
CR01319,youtube,@creator1319_youtube,830,140,1069,20,5,2,,False,Creator 1319,BR,creator1319@mail.example,finance
CR01320,instagram,@creator1320_instagram,2349,341,1630,65,11,4,8.0,True,Creator 1320,CA,creator1320@mail.example,tech
CR01320,tiktok,@creator1320_tiktok,8233,-19,12285,919,125,5,20.0,False,Creator 1320,CA,creator1320@mail.example,tech
CR01321,tiktok,@creator1321_tiktok,258004,8651,136642,2299,210,97,8.0,False,Creator 1321,FR,creator1321@mail.example,education
CR01321,instagram,@creator1321_instagram,40849,4712,13714,316,28,0,8.0,False,Creator 1321,FR,creator1321@mail.example,education
CR01322,instagram,@creator1322_instagram,33926,1296,20516,1043,75,50,0.0,True,Creator 1322,CA,creator1322@mail.example,beauty
CR01322,youtube,@creator1322_youtube,7170,968,25184,2108,0,349,,False,Creator 1322,CA,creator1322@mail.example,beauty
CR01322,tiktok,@creator1322_tiktok,27096,3098,84465,6759,109,0,0.0,False,Creator 1322,CA,creator1322@mail.example,beauty
CR01323,tiktok,@creator1323_tiktok,214660,3620,1115516,26193,219,1292,934.0,False,Creator 1323,IN,creator1323@mail.example,food
CR01323,instagram,@creator1323_instagram,22101,1323,7886,338,0,56,0.0,False,Creator 1323,IN,creator1323@mail.example,food
CR01323,youtube,@creator1323_youtube,113618,5317,100841,2217,56,0,,False,Creator 1323,IN,creator1323@mail.example,food
CR01324,instagram,@creator1324_instagram,176636,16703,73397,3134,149,104,15.0,False,Creator 1324,DE,creator1324@mail.example,music
CR01324,youtube,@creator1324_youtube,97489,11860,161826,6838,52,0,,False,Creator 1324,DE,creator1324@mail.example,music
CR01324,tiktok,@creator1324_tiktok,28750,1028,104039,3619,503,13,403.0,False,Creator 1324,DE,creator1324@mail.example,music
CR01325,instagram,@creator1325_instagram,111481,-3790,100841,6134,136,50,2057.0,False,Creator 1325,FR,creator1325@mail.example,finance
CR01325,tiktok,@creator1325_tiktok,71284,11023,652329,37483,7439,18099,713.0,False,Creator 1325,FR,creator1325@mail.example,finance
CR01325,youtube,@creator1325_youtube,6237,372,14432,900,0,15,,False,Creator 1325,FR,creator1325@mail.example,finance
CR01326,youtube,@creator1326_youtube,14773,1245,10489,460,160,0,,False,Creator 1326,CA,creator1326@mail.example,food
CR01326,tiktok,@creator1326_tiktok,14723,454,14160,1012,32,13,10.0,False,Creator 1326,CA,creator1326@mail.example,food
CR01327,instagram,@creator1327_instagram,77675,3186,18377,838,248,0,22.0,False,Creator 1327,IN,creator1327@mail.example,music
CR01327,tiktok,@creator1327_tiktok,33836,2368,138669,8510,1033,58,496.0,False,Creator 1327,IN,creator1327@mail.example,music
CR01327,youtube,@creator1327_youtube,50750,2117,113356,6007,701,141,,False,Creator 1327,IN,creator1327@mail.example,music
CR01328,tiktok,@creator1328_tiktok,210648,23268,1669275,99146,3699,775,16788.0,False,Creator 1328,GB,creator1328@mail.example,tech
CR01328,instagram,@creator1328_instagram,23317,3921,21524,1372,35,235,35.0,False,Creator 1328,GB,creator1328@mail.example,tech
CR01329,youtube,@creator1329_youtube,367447,8039,1696806,80770,9096,3724,,False,Creator 1329,MX,creator1329@mail.example,music
CR01329,tiktok,@creator1329_tiktok,26991,2303,44121,1451,254,461,33.0,False,Creator 1329,MX,creator1329@mail.example,music
CR01330,youtube,@creator1330_youtube,207459,23450,117125,8512,905,61,,False,Creator 1330,US,creator1330@mail.example,education
CR01330,instagram,@creator1330_instagram,31415,3406,2204,120,7,15,3.0,True,Creator 1330,US,creator1330@mail.example,education
CR01330,tiktok,@creator1330_tiktok,4375,704,5572,435,13,0,43.0,False,Creator 1330,US,creator1330@mail.example,education
CR01331,youtube,@creator1331_youtube,237262,34915,152134,10939,112,784,,False,Creator 1331,DE,creator1331@mail.example,gaming
CR01331,instagram,@creator1331_instagram,6158,837,4992,79,8,12,0.0,False,Creator 1331,DE,creator1331@mail.example,gaming
CR01332,instagram,@creator1332_instagram,2353,133,4970,495,19,75,0.0,True,Creator 1332,JP,creator1332@mail.example,food
CR01333,tiktok,@creator1333_tiktok,99571,13659,403545,14367,5,7,1856.0,False,Creator 1333,MX,creator1333@mail.example,beauty
CR01333,instagram,@creator1333_instagram,260386,16694,166145,6704,14,33,0.0,False,Creator 1333,MX,creator1333@mail.example,beauty
CR01334,youtube,@creator1334_youtube,162475,10806,274521,17893,0,3169,,False,Creator 1334,MX,creator1334@mail.example,fitness
CR01334,instagram,@creator1334_instagram,63459,10488,12946,595,80,37,168.0,False,Creator 1334,MX,creator1334@mail.example,fitness
CR01334,tiktok,@creator1334_tiktok,24388,1012,115551,3589,0,550,342.0,False,Creator 1334,MX,creator1334@mail.example,fitness
CR01335,tiktok,@creator1335_tiktok,84823,3003,415542,14634,901,67,87.0,False,Creator 1335,KR,creator1335@mail.example,fitness
CR01335,youtube,@creator1335_youtube,29777,-1240,30809,1215,0,10,,False,Creator 1335,KR,creator1335@mail.example,fitness
CR01336,youtube,@creator1336_youtube,298638,26964,240419,17413,614,16,,False,Creator 1336,GB,creator1336@mail.example,travel
CR01337,youtube,@creator1337_youtube,38271,4654,30552,1628,114,0,,False,Creator 1337,IN,creator1337@mail.example,music
CR01337,tiktok,@creator1337_tiktok,32792,3736,113294,4264,477,711,700.0,False,Creator 1337,IN,creator1337@mail.example,music
CR01337,instagram,@creator1337_instagram,17624,2687,3720,151,0,22,6.0,False,Creator 1337,IN,creator1337@mail.example,music
CR01338,tiktok,@creator1338_tiktok,92796,6819,454306,12542,876,0,256.0,False,Creator 1338,MX,creator1338@mail.example,fitness
CR01339,instagram,@creator1339_instagram,26023,5216,14864,667,9,0,3.0,False,Creator 1339,FR,creator1339@mail.example,gaming
CR01339,tiktok,@creator1339_tiktok,8623,-75,39442,1992,753,19,131.0,False,Creator 1339,FR,creator1339@mail.example,gaming
CR01340,youtube,@creator1340_youtube,2512,-31,1115,72,5,0,,False,Creator 1340,DE,creator1340@mail.example,tech
CR01341,instagram,@creator1341_instagram,7059543,522750,4841249,290911,3395,3377,9361.0,False,Creator 1341,IN,creator1341@mail.example,music
CR01341,youtube,@creator1341_youtube,12080,1905,22443,1527,5,15,,False,Creator 1341,IN,creator1341@mail.example,music
CR01342,youtube,@creator1342_youtube,3763,405,5151,511,58,33,,False,Creator 1342,FR,creator1342@mail.example,comedy
CR01342,instagram,@creator1342_instagram,169455,20309,171739,3506,3,428,128.0,False,Creator 1342,FR,creator1342@mail.example,comedy
CR01342,tiktok,@creator1342_tiktok,15906,2379,47301,2816,238,0,311.0,False,Creator 1342,FR,creator1342@mail.example,comedy
CR01343,instagram,@creator1343_instagram,59947,6177,475814,9833,64,64,51.0,False,Creator 1343,DE,creator1343@mail.example,travel
CR01343,tiktok,@creator1343_tiktok,8715,1271,12142,679,57,12,77.0,False,Creator 1343,DE,creator1343@mail.example,travel
CR01343,youtube,@creator1343_youtube,178256,17418,133842,1985,348,38,,False,Creator 1343,DE,creator1343@mail.example,travel
CR01344,tiktok,@creator1344_tiktok,41463,65,119268,7090,85,390,173.0,False,Creator 1344,KR,creator1344@mail.example,beauty
CR01345,instagram,@creator1345_instagram,202628,-1635,94174,2805,814,164,623.0,False,Creator 1345,CA,creator1345@mail.example,travel
CR01345,tiktok,@creator1345_tiktok,4958,182,30804,2042,310,0,516.0,False,Creator 1345,CA,creator1345@mail.example,travel
CR01346,tiktok,@creator1346_tiktok,14443,1555,25371,2466,106,0,9.0,False,Creator 1346,DE,creator1346@mail.example,comedy
CR01347,youtube,@creator1347_youtube,1038024,32956,1267036,79807,11784,455,,False,Creator 1347,DE,creator1347@mail.example,music
CR01347,tiktok,@creator1347_tiktok,20093,3117,72526,2668,23,172,80.0,False,Creator 1347,DE,creator1347@mail.example,music
CR01347,instagram,@creator1347_instagram,226690,-18495,72869,3574,542,142,817.0,False,Creator 1347,DE,creator1347@mail.example,music
CR01348,tiktok,@creator1348_tiktok,130411,27684,574640,21856,94,1210,2.0,False,Creator 1348,GB,creator1348@mail.example,travel
CR01348,instagram,@creator1348_instagram,338705,41026,149062,2523,220,1690,146.0,False,Creator 1348,GB,creator1348@mail.example,travel
CR01349,instagram,@creator1349_instagram,8847,637,4915,185,4,9,21.0,False,Creator 1349,JP,creator1349@mail.example,music
CR01349,youtube,@creator1349_youtube,236244,36547,116202,6682,778,869,,False,Creator 1349,JP,creator1349@mail.example,music
CR01349,tiktok,@creator1349_tiktok,465260,38554,4602446,291836,314,276,56931.0,False,Creator 1349,JP,creator1349@mail.example,music
CR01350,instagram,@creator1350_instagram,51006,-641,58928,1193,221,168,100.0,False,Creator 1350,BR,creator1350@mail.example,beauty
CR01350,youtube,@creator1350_youtube,55082,-2715,42221,3609,24,18,,False,Creator 1350,BR,creator1350@mail.example,beauty
CR01350,tiktok,@creator1350_tiktok,118940,9062,659127,13370,106,823,393.0,False,Creator 1350,BR,creator1350@mail.example,beauty
CR01351,tiktok,@creator1351_tiktok,81996,11329,131419,6143,227,45,352.0,False,Creator 1351,CA,creator1351@mail.example,beauty
CR01352,tiktok,@creator1352_tiktok,105529,11662,452318,18022,969,233,783.0,False,Creator 1352,KR,creator1352@mail.example,music
CR01352,instagram,@creator1352_instagram,60585,7040,11945,422,18,53,8.0,True,Creator 1352,KR,creator1352@mail.example,music
CR01352,youtube,@creator1352_youtube,44530,6270,36277,1069,0,23,,False,Creator 1352,KR,creator1352@mail.example,music
CR01353,instagram,@creator1353_instagram,398691,47246,256798,7459,1669,295,1728.0,False,Creator 1353,US,creator1353@mail.example,travel
CR01353,youtube,@creator1353_youtube,8606,311,2845,57,12,2,,False,Creator 1353,US,creator1353@mail.example,travel
CR01353,tiktok,@creator1353_tiktok,14061,27,185625,7715,243,31,50.0,False,Creator 1353,US,creator1353@mail.example,travel
CR01354,instagram,@creator1354_instagram,139749,14519,165371,5277,2568,352,382.0,False,Creator 1354,IN,creator1354@mail.example,comedy
CR01354,youtube,@creator1354_youtube,58331,5449,44229,1489,3,60,,False,Creator 1354,IN,creator1354@mail.example,comedy
CR01354,tiktok,@creator1354_tiktok,7566,690,51566,1855,807,42,12.0,False,Creator 1354,IN,creator1354@mail.example,comedy
CR01355,youtube,@creator1355_youtube,405169,54087,772528,55581,1354,59,,False,Creator 1355,MX,creator1355@mail.example,food
CR01355,tiktok,@creator1355_tiktok,70737,4739,654321,26803,503,0,2613.0,False,Creator 1355,MX,creator1355@mail.example,food
CR01355,instagram,@creator1355_instagram,15785,1456,13497,259,0,0,23.0,False,Creator 1355,MX,creator1355@mail.example,food
CR01356,tiktok,@creator1356_tiktok,135087,9508,907813,22661,4763,12,324.0,False,Creator 1356,IN,creator1356@mail.example,music
CR01356,instagram,@creator1356_instagram,1306699,68228,571815,9255,985,373,1430.0,False,Creator 1356,IN,creator1356@mail.example,music
CR01357,youtube,@creator1357_youtube,16816,2191,20339,783,8,45,,False,Creator 1357,IN,creator1357@mail.example,food
CR01357,instagram,@creator1357_instagram,30281,-2714,54636,1529,285,78,50.0,False,Creator 1357,IN,creator1357@mail.example,food
CR01357,tiktok,@creator1357_tiktok,5841,-176,5700,255,5,2,1.0,False,Creator 1357,IN,creator1357@mail.example,food
CR01358,youtube,@creator1358_youtube,13276,1732,10564,856,28,62,,False,Creator 1358,KR,creator1358@mail.example,education
CR01358,tiktok,@creator1358_tiktok,18125,1066,8006,235,0,1,15.0,False,Creator 1358,KR,creator1358@mail.example,education
CR01359,instagram,@creator1359_instagram,33413,4778,50375,2144,285,65,36.0,False,Creator 1359,DE,creator1359@mail.example,tech
CR01359,tiktok,@creator1359_tiktok,136132,5859,563254,24956,453,0,738.0,False,Creator 1359,DE,creator1359@mail.example,tech
CR01360,youtube,@creator1360_youtube,4942,745,2996,244,4,13,,False,Creator 1360,US,creator1360@mail.example,travel
CR01360,instagram,@creator1360_instagram,49475,4578,67783,1148,126,213,214.0,False,Creator 1360,US,creator1360@mail.example,travel
CR01361,youtube,@creator1361_youtube,27594,1740,53541,5887,198,0,,False,Creator 1361,US,creator1361@mail.example,food
CR01361,tiktok,@creator1361_tiktok,178993,8317,513159,8206,273,2606,699.0,False,Creator 1361,US,creator1361@mail.example,food
CR01362,tiktok,@creator1362_tiktok,276664,25571,1980127,116497,15200,585,4375.0,False,Creator 1362,BR,creator1362@mail.example,music
CR01362,youtube,@creator1362_youtube,3735,615,5848,157,40,16,,False,Creator 1362,BR,creator1362@mail.example,music
CR01362,instagram,@creator1362_instagram,13816,1486,1902,69,3,4,2.0,False,Creator 1362,BR,creator1362@mail.example,music
CR01363,tiktok,@creator1363_tiktok,135184,10786,432436,12525,79,10,197.0,False,Creator 1363,CA,creator1363@mail.example,gaming
CR01364,instagram,@creator1364_instagram,18479,2042,5122,165,29,46,1.0,False,Creator 1364,IN,creator1364@mail.example,tech
CR01364,tiktok,@creator1364_tiktok,50085,8422,371213,23823,437,410,72.0,False,Creator 1364,IN,creator1364@mail.example,tech
CR01365,tiktok,@creator1365_tiktok,19642,2115,59402,4668,70,632,62.0,False,Creator 1365,KR,creator1365@mail.example,gaming
CR01365,instagram,@creator1365_instagram,23593,1403,18391,983,33,0,71.0,False,Creator 1365,KR,creator1365@mail.example,gaming
CR01365,youtube,@creator1365_youtube,19291,1246,16915,721,67,3,,False,Creator 1365,KR,creator1365@mail.example,gaming
CR01366,instagram,@creator1366_instagram,137381,7933,17147,1296,0,45,27.0,False,Creator 1366,FR,creator1366@mail.example,travel
CR01367,tiktok,@creator1367_tiktok,34299,250,51533,2424,17,16,17.0,False,Creator 1367,FR,creator1367@mail.example,fitness
CR01367,youtube,@creator1367_youtube,178274,24817,79552,5931,685,1395,,False,Creator 1367,FR,creator1367@mail.example,fitness
CR01367,instagram,@creator1367_instagram,73826,14327,119653,3823,1225,363,77.0,False,Creator 1367,FR,creator1367@mail.example,fitness
CR01368,instagram,@creator1368_instagram,17262,2129,6795,424,0,3,39.0,False,Creator 1368,MX,creator1368@mail.example,food
CR01369,tiktok,@creator1369_tiktok,12177,1459,28293,1868,286,0,0.0,False,Creator 1369,DE,creator1369@mail.example,fitness
CR01370,tiktok,@creator1370_tiktok,48394,4616,187080,6078,930,11,250.0,False,Creator 1370,US,creator1370@mail.example,beauty
CR01370,youtube,@creator1370_youtube,28778,-422,40028,2545,169,782,,False,Creator 1370,US,creator1370@mail.example,beauty
CR01371,tiktok,@creator1371_tiktok,18114,1171,136277,4991,109,361,8.0,False,Creator 1371,CA,creator1371@mail.example,food
CR01371,youtube,@creator1371_youtube,222365,12205,647076,33165,3493,1870,,False,Creator 1371,CA,creator1371@mail.example,food
CR01372,instagram,@creator1372_instagram,958384,-59104,398673,12651,41,1273,0.0,False,Creator 1372,JP,creator1372@mail.example,tech
CR01372,youtube,@creator1372_youtube,96123,7964,284807,8751,0,432,,False,Creator 1372,JP,creator1372@mail.example,tech
CR01372,tiktok,@creator1372_tiktok,34801,-1370,103050,2298,336,101,9.0,False,Creator 1372,JP,creator1372@mail.example,tech
CR01373,instagram,@creator1373_instagram,19799,-1624,23642,479,98,5,69.0,False,Creator 1373,BR,creator1373@mail.example,comedy
CR01373,tiktok,@creator1373_tiktok,95197,12809,372429,21872,3229,7,0.0,False,Creator 1373,BR,creator1373@mail.example,comedy
CR01373,youtube,@creator1373_youtube,45320,3425,181580,8452,116,469,,False,Creator 1373,BR,creator1373@mail.example,comedy
CR01374,tiktok,@creator1374_tiktok,138576,15503,57869,2116,81,141,89.0,False,Creator 1374,KR,creator1374@mail.example,fitness
CR01374,instagram,@creator1374_instagram,8880,1805,14659,563,14,1,49.0,False,Creator 1374,KR,creator1374@mail.example,fitness
CR01374,youtube,@creator1374_youtube,284674,4060,87251,4829,495,63,,False,Creator 1374,KR,creator1374@mail.example,fitness
CR01375,instagram,@creator1375_instagram,5717,440,3300,269,46,0,1.0,False,Creator 1375,US,creator1375@mail.example,comedy
CR01376,instagram,@creator1376_instagram,22503,2631,43950,1289,0,202,230.0,False,Creator 1376,US,creator1376@mail.example,education
CR01376,tiktok,@creator1376_tiktok,62024,7567,81654,6864,861,424,319.0,False,Creator 1376,US,creator1376@mail.example,education
CR01376,youtube,@creator1376_youtube,400930,-1927,208322,17732,3,334,,False,Creator 1376,US,creator1376@mail.example,education
CR01377,tiktok,@creator1377_tiktok,10966,936,84983,3216,129,4,409.0,False,Creator 1377,US,creator1377@mail.example,education
CR01377,youtube,@creator1377_youtube,53501,-5333,32279,1164,10,60,,False,Creator 1377,US,creator1377@mail.example,education
CR01378,youtube,@creator1378_youtube,14295,3144,16051,616,29,55,,False,Creator 1378,US,creator1378@mail.example,food
CR01378,instagram,@creator1378_instagram,202869,31137,542479,38805,274,3,2812.0,False,Creator 1378,US,creator1378@mail.example,food
CR01379,tiktok,@creator1379_tiktok,557625,29418,1526498,101911,0,1735,4132.0,False,Creator 1379,KR,creator1379@mail.example,fitness
CR01379,instagram,@creator1379_instagram,21848,-3488,16769,526,39,146,15.0,False,Creator 1379,KR,creator1379@mail.example,fitness
CR01380,instagram,@creator1380_instagram,33954,-221,19339,1233,208,3,0.0,False,Creator 1380,DE,creator1380@mail.example,travel
CR01380,tiktok,@creator1380_tiktok,36915,5054,96493,8053,256,497,443.0,False,Creator 1380,DE,creator1380@mail.example,travel
CR01381,tiktok,@creator1381_tiktok,2018942,140224,17840424,573622,36533,63777,86991.0,False,Creator 1381,IN,creator1381@mail.example,travel
CR01381,instagram,@creator1381_instagram,554833,-28768,534104,35270,542,65,896.0,False,Creator 1381,IN,creator1381@mail.example,travel
CR01381,youtube,@creator1381_youtube,531485,21559,2298971,81354,1328,4840,,False,Creator 1381,IN,creator1381@mail.example,travel
CR01382,tiktok,@creator1382_tiktok,13702,613,132153,7462,127,71,538.0,False,Creator 1382,GB,creator1382@mail.example,food
CR01383,tiktok,@creator1383_tiktok,248707,43080,1027863,105603,4491,1707,1347.0,False,Creator 1383,MX,creator1383@mail.example,music
CR01383,instagram,@creator1383_instagram,261204,15098,94261,5685,946,0,188.0,False,Creator 1383,MX,creator1383@mail.example,music
CR01383,youtube,@creator1383_youtube,2305,323,4301,107,21,13,,False,Creator 1383,MX,creator1383@mail.example,music
CR01384,tiktok,@creator1384_tiktok,60597,4321,59955,849,433,410,35.0,False,Creator 1384,DE,creator1384@mail.example,music
CR01384,instagram,@creator1384_instagram,22740,1311,7545,293,33,17,65.0,False,Creator 1384,DE,creator1384@mail.example,music
CR01384,youtube,@creator1384_youtube,10463,1883,29082,1768,90,241,,False,Creator 1384,DE,creator1384@mail.example,music
CR01385,instagram,@creator1385_instagram,93436,-2323,69647,2490,4,12,125.0,False,Creator 1385,MX,creator1385@mail.example,finance
CR01385,tiktok,@creator1385_tiktok,43705,3027,383990,9092,992,679,31.0,False,Creator 1385,MX,creator1385@mail.example,finance
CR01385,youtube,@creator1385_youtube,2240,414,1869,103,12,7,,False,Creator 1385,MX,creator1385@mail.example,finance
CR01386,instagram,@creator1386_instagram,3664,477,2621,68,16,0,11.0,False,Creator 1386,BR,creator1386@mail.example,food
CR01386,youtube,@creator1386_youtube,183632,9016,405111,22303,2794,1099,,False,Creator 1386,BR,creator1386@mail.example,food
CR01387,youtube,@creator1387_youtube,110637,7937,72177,3250,180,168,,False,Creator 1387,FR,creator1387@mail.example,tech
CR01387,instagram,@creator1387_instagram,145539,14929,72086,1765,169,55,46.0,False,Creator 1387,FR,creator1387@mail.example,tech
CR01387,tiktok,@creator1387_tiktok,126014,-2211,128707,2985,284,367,304.0,False,Creator 1387,FR,creator1387@mail.example,tech
CR01388,youtube,@creator1388_youtube,1534611,206675,2587956,79274,9254,3002,,False,Creator 1388,KR,creator1388@mail.example,education
CR01388,instagram,@creator1388_instagram,21304,1825,5571,148,0,0,20.0,False,Creator 1388,KR,creator1388@mail.example,education
CR01388,tiktok,@creator1388_tiktok,9498,1028,58555,1935,22,174,93.0,False,Creator 1388,KR,creator1388@mail.example,education
CR01389,instagram,@creator1389_instagram,45159,2732,27187,2281,3,0,168.0,False,Creator 1389,IN,creator1389@mail.example,comedy
CR01390,youtube,@creator1390_youtube,46889,6880,56459,3123,161,104,,False,Creator 1390,KR,creator1390@mail.example,food
CR01390,tiktok,@creator1390_tiktok,106863,3132,146448,4160,302,121,648.0,False,Creator 1390,KR,creator1390@mail.example,food
CR01390,instagram,@creator1390_instagram,8837,798,7599,284,0,50,16.0,False,Creator 1390,KR,creator1390@mail.example,food
CR01391,youtube,@creator1391_youtube,147051,19685,310854,20309,6253,1130,,False,Creator 1391,CA,creator1391@mail.example,food
CR01392,tiktok,@creator1392_tiktok,26064,454,124274,3641,1398,9,81.0,False,Creator 1392,BR,creator1392@mail.example,education
CR01392,youtube,@creator1392_youtube,54658,4610,71228,1903,179,248,,False,Creator 1392,BR,creator1392@mail.example,education
CR01392,instagram,@creator1392_instagram,43774,5866,15790,406,12,0,1.0,False,Creator 1392,BR,creator1392@mail.example,education
CR01393,tiktok,@creator1393_tiktok,15445,619,31027,1073,276,41,0.0,False,Creator 1393,DE,creator1393@mail.example,fitness
CR01393,youtube,@creator1393_youtube,54149,1319,66668,1434,97,0,,False,Creator 1393,DE,creator1393@mail.example,fitness
CR01393,instagram,@creator1393_instagram,3186,391,2462,56,2,1,2.0,False,Creator 1393,DE,creator1393@mail.example,fitness
CR01394,instagram,@creator1394_instagram,36980,4129,41244,981,123,0,5.0,False,Creator 1394,KR,creator1394@mail.example,tech
CR01394,tiktok,@creator1394_tiktok,163420,10651,240542,7788,38,473,1830.0,False,Creator 1394,KR,creator1394@mail.example,tech
CR01395,instagram,@creator1395_instagram,268003,27285,231107,7502,608,686,439.0,False,Creator 1395,JP,creator1395@mail.example,finance
CR01395,youtube,@creator1395_youtube,179936,12320,79396,1708,272,76,,False,Creator 1395,JP,creator1395@mail.example,finance
CR01395,tiktok,@creator1395_tiktok,42208,-533,29472,1630,185,258,263.0,False,Creator 1395,JP,creator1395@mail.example,finance
CR01396,tiktok,@creator1396_tiktok,13780,923,12957,338,0,23,1.0,False,Creator 1396,CA,creator1396@mail.example,education
CR01396,instagram,@creator1396_instagram,430796,11869,413116,6290,47,882,252.0,False,Creator 1396,CA,creator1396@mail.example,education
CR01396,youtube,@creator1396_youtube,2671,326,5107,231,49,24,,False,Creator 1396,CA,creator1396@mail.example,education
CR01397,tiktok,@creator1397_tiktok,6169,736,13573,915,94,82,0.0,False,Creator 1397,CA,creator1397@mail.example,finance
CR01397,instagram,@creator1397_instagram,6044,-181,10210,424,44,11,88.0,False,Creator 1397,CA,creator1397@mail.example,finance
CR01398,tiktok,@creator1398_tiktok,24051,4771,193941,10827,1233,253,304.0,False,Creator 1398,US,creator1398@mail.example,travel
CR01398,instagram,@creator1398_instagram,18193,-518,13667,786,54,0,43.0,False,Creator 1398,US,creator1398@mail.example,travel
CR01399,instagram,@creator1399_instagram,88792,4633,6375,332,0,4,56.0,False,Creator 1399,BR,creator1399@mail.example,comedy
CR01399,youtube,@creator1399_youtube,34660,3581,55654,2480,462,34,,False,Creator 1399,BR,creator1399@mail.example,comedy
CR01400,instagram,@creator1400_instagram,448119,49753,1289896,70675,4051,3746,0.0,False,Creator 1400,CA,creator1400@mail.example,food
CR01400,youtube,@creator1400_youtube,528637,65447,883852,31269,7893,428,,False,Creator 1400,CA,creator1400@mail.example,food
CR01400,tiktok,@creator1400_tiktok,91268,-3137,200814,12773,1016,59,1864.0,False,Creator 1400,CA,creator1400@mail.example,food
CR01401,youtube,@creator1401_youtube,127622,6614,205896,13606,1250,1103,,False,Creator 1401,JP,creator1401@mail.example,music
CR01401,instagram,@creator1401_instagram,106522,2016,27894,2125,4,14,67.0,False,Creator 1401,JP,creator1401@mail.example,music
CR01402,youtube,@creator1402_youtube,39526,3149,161727,4154,387,188,,False,Creator 1402,GB,creator1402@mail.example,finance
CR01402,tiktok,@creator1402_tiktok,20609,1060,42623,3377,51,190,150.0,False,Creator 1402,GB,creator1402@mail.example,finance
CR01402,instagram,@creator1402_instagram,86386,1025,49245,3494,141,88,40.0,False,Creator 1402,GB,creator1402@mail.example,finance
CR01403,youtube,@creator1403_youtube,1696,3,382,8,0,0,,False,Creator 1403,GB,creator1403@mail.example,comedy
CR01404,youtube,@creator1404_youtube,96783,4158,58642,1329,2,0,,False,Creator 1404,CA,creator1404@mail.example,food
CR01405,youtube,@creator1405_youtube,44802,3878,33844,2247,211,36,,False,Creator 1405,IN,creator1405@mail.example,fitness
CR01406,tiktok,@creator1406_tiktok,23397,2770,43763,2097,94,1,114.0,False,Creator 1406,FR,creator1406@mail.example,beauty
CR01406,instagram,@creator1406_instagram,206953,6085,109001,6922,915,1038,311.0,False,Creator 1406,FR,creator1406@mail.example,beauty
CR01406,youtube,@creator1406_youtube,15680,2980,26395,1407,2,1,,False,Creator 1406,FR,creator1406@mail.example,beauty
CR01407,instagram,@creator1407_instagram,30927,928,5743,93,14,0,17.0,False,Creator 1407,IN,creator1407@mail.example,comedy
CR01408,youtube,@creator1408_youtube,17346,2118,20858,1877,36,16,,False,Creator 1408,US,creator1408@mail.example,beauty
CR01408,instagram,@creator1408_instagram,12031,2491,4643,162,22,0,2.0,False,Creator 1408,US,creator1408@mail.example,beauty
CR01409,instagram,@creator1409_instagram,8374,-171,3372,199,45,14,12.0,False,Creator 1409,US,creator1409@mail.example,comedy
CR01409,tiktok,@creator1409_tiktok,23707,3426,17483,1193,0,126,457.0,False,Creator 1409,US,creator1409@mail.example,comedy
CR01409,youtube,@creator1409_youtube,49198,1036,51040,2001,378,0,,False,Creator 1409,US,creator1409@mail.example,comedy
CR01410,instagram,@creator1410_instagram,133694,184,288571,7801,754,0,691.0,False,Creator 1410,MX,creator1410@mail.example,tech
CR01411,instagram,@creator1411_instagram,255160,27964,250706,8499,4,2,1150.0,False,Creator 1411,DE,creator1411@mail.example,music
CR01412,instagram,@creator1412_instagram,20959,4122,1369,27,11,3,6.0,False,Creator 1412,KR,creator1412@mail.example,gaming
CR01412,youtube,@creator1412_youtube,12593,1260,16862,1743,15,50,,False,Creator 1412,KR,creator1412@mail.example,gaming
CR01412,tiktok,@creator1412_tiktok,13276,1960,27665,2927,66,32,0.0,False,Creator 1412,KR,creator1412@mail.example,gaming
CR01413,tiktok,@creator1413_tiktok,1397678,142617,4047794,82130,724,7620,79.0,False,Creator 1413,KR,creator1413@mail.example,finance
CR01413,instagram,@creator1413_instagram,20270,2062,55170,2994,0,243,1.0,False,Creator 1413,KR,creator1413@mail.example,finance
CR01414,tiktok,@creator1414_tiktok,25064,454,220791,7969,63,206,71.0,False,Creator 1414,JP,creator1414@mail.example,fitness
CR01415,youtube,@creator1415_youtube,27327,1881,45502,2552,92,61,,False,Creator 1415,KR,creator1415@mail.example,tech
CR01415,instagram,@creator1415_instagram,88859,11305,9756,315,0,3,22.0,False,Creator 1415,KR,creator1415@mail.example,tech
CR01415,tiktok,@creator1415_tiktok,183903,15242,585168,45471,737,1505,2695.0,False,Creator 1415,KR,creator1415@mail.example,tech
CR01416,youtube,@creator1416_youtube,43601,7669,221702,9854,706,1624,,False,Creator 1416,MX,creator1416@mail.example,gaming
CR01416,instagram,@creator1416_instagram,6016,779,2864,76,6,0,1.0,True,Creator 1416,MX,creator1416@mail.example,gaming
CR01416,tiktok,@creator1416_tiktok,23251,2835,108712,3427,8,42,105.0,False,Creator 1416,MX,creator1416@mail.example,gaming
CR01417,instagram,@creator1417_instagram,18834,2102,16165,545,45,0,226.0,True,Creator 1417,JP,creator1417@mail.example,music
CR01418,tiktok,@creator1418_tiktok,177750,8632,1022027,72844,9,3968,3462.0,False,Creator 1418,BR,creator1418@mail.example,beauty
CR01419,tiktok,@creator1419_tiktok,71297,6873,116316,7112,465,86,490.0,False,Creator 1419,CA,creator1419@mail.example,fitness
CR01419,youtube,@creator1419_youtube,158716,21791,340132,12188,1419,399,,False,Creator 1419,CA,creator1419@mail.example,fitness
CR01419,instagram,@creator1419_instagram,26286,-2786,5682,227,20,39,43.0,False,Creator 1419,CA,creator1419@mail.example,fitness
CR01420,instagram,@creator1420_instagram,54302,684,148615,7192,896,0,116.0,True,Creator 1420,US,creator1420@mail.example,food
CR01421,instagram,@creator1421_instagram,251109,51265,128183,6581,206,0,366.0,False,Creator 1421,US,creator1421@mail.example,travel
CR01421,tiktok,@creator1421_tiktok,5690,-323,13682,408,23,101,37.0,False,Creator 1421,US,creator1421@mail.example,travel
CR01422,tiktok,@creator1422_tiktok,1943,309,11082,381,9,0,26.0,False,Creator 1422,US,creator1422@mail.example,food
CR01422,youtube,@creator1422_youtube,85170,12291,107795,11350,419,29,,False,Creator 1422,US,creator1422@mail.example,food
CR01423,youtube,@creator1423_youtube,88320,12552,104657,2294,313,0,,False,Creator 1423,MX,creator1423@mail.example,beauty
CR01424,youtube,@creator1424_youtube,41476,2129,45134,1676,0,171,,False,Creator 1424,US,creator1424@mail.example,beauty
CR01424,tiktok,@creator1424_tiktok,24820,2309,185691,5010,75,1,615.0,False,Creator 1424,US,creator1424@mail.example,beauty
CR01424,instagram,@creator1424_instagram,280486,47229,196361,9377,365,346,845.0,False,Creator 1424,US,creator1424@mail.example,beauty
CR01425,youtube,@creator1425_youtube,1251830,90671,383158,8926,154,91,,False,Creator 1425,FR,creator1425@mail.example,comedy
CR01426,youtube,@creator1426_youtube,99351,7434,37353,1025,52,6,,False,Creator 1426,CA,creator1426@mail.example,travel
CR01426,tiktok,@creator1426_tiktok,1507,197,7566,718,55,7,68.0,False,Creator 1426,CA,creator1426@mail.example,travel
CR01427,tiktok,@creator1427_tiktok,14792,1865,250567,14096,1563,3461,1702.0,False,Creator 1427,BR,creator1427@mail.example,comedy
CR01427,instagram,@creator1427_instagram,307095,-6237,278693,11575,401,589,0.0,True,Creator 1427,BR,creator1427@mail.example,comedy
CR01427,youtube,@creator1427_youtube,39624,6268,14722,782,15,66,,False,Creator 1427,BR,creator1427@mail.example,comedy
CR01428,instagram,@creator1428_instagram,64524,5234,46493,2580,406,176,629.0,False,Creator 1428,CA,creator1428@mail.example,tech
CR01429,tiktok,@creator1429_tiktok,210189,33655,136655,9155,802,35,196.0,False,Creator 1429,US,creator1429@mail.example,food
CR01429,instagram,@creator1429_instagram,477175,-2194,185880,5968,0,0,0.0,False,Creator 1429,US,creator1429@mail.example,food
CR01430,tiktok,@creator1430_tiktok,27301,2429,53427,1213,488,0,38.0,False,Creator 1430,GB,creator1430@mail.example,beauty
CR01430,youtube,@creator1430_youtube,570932,115922,594254,29982,2154,67,,False,Creator 1430,GB,creator1430@mail.example,beauty
CR01431,instagram,@creator1431_instagram,8796,1047,16314,1102,12,80,110.0,True,Creator 1431,US,creator1431@mail.example,tech
CR01431,youtube,@creator1431_youtube,547,33,148,9,0,0,,False,Creator 1431,US,creator1431@mail.example,tech
CR01432,tiktok,@creator1432_tiktok,16204,1193,205050,12414,168,1982,38.0,False,Creator 1432,KR,creator1432@mail.example,beauty
CR01432,youtube,@creator1432_youtube,10646,1890,15319,1212,87,16,,False,Creator 1432,KR,creator1432@mail.example,beauty
CR01432,instagram,@creator1432_instagram,38215,2850,35279,1464,10,0,125.0,False,Creator 1432,KR,creator1432@mail.example,beauty
CR01433,tiktok,@creator1433_tiktok,23043,1445,110510,5752,226,49,42.0,False,Creator 1433,MX,creator1433@mail.example,food
CR01433,youtube,@creator1433_youtube,289727,-7002,650051,35726,6719,26,,False,Creator 1433,MX,creator1433@mail.example,food
CR01434,instagram,@creator1434_instagram,12891,350,3076,124,18,21,6.0,False,Creator 1434,BR,creator1434@mail.example,tech
CR01434,tiktok,@creator1434_tiktok,188753,8579,669305,29037,15,448,2125.0,False,Creator 1434,BR,creator1434@mail.example,tech
CR01435,instagram,@creator1435_instagram,53034,1169,36869,3505,32,105,7.0,False,Creator 1435,CA,creator1435@mail.example,fitness
CR01436,tiktok,@creator1436_tiktok,96233,12384,39404,2156,517,105,415.0,False,Creator 1436,FR,creator1436@mail.example,music
CR01436,youtube,@creator1436_youtube,28994,4453,25342,1279,40,36,,False,Creator 1436,FR,creator1436@mail.example,music
CR01436,instagram,@creator1436_instagram,122143,7708,134995,5563,1897,214,79.0,False,Creator 1436,FR,creator1436@mail.example,music
CR01437,tiktok,@creator1437_tiktok,20882,4690,85395,3080,386,0,171.0,False,Creator 1437,BR,creator1437@mail.example,tech
CR01437,instagram,@creator1437_instagram,102711,4129,35174,2285,16,32,20.0,False,Creator 1437,BR,creator1437@mail.example,tech
CR01437,youtube,@creator1437_youtube,59458,7788,65658,1103,167,0,,False,Creator 1437,BR,creator1437@mail.example,tech
CR01438,tiktok,@creator1438_tiktok,27864,3737,37608,1793,64,497,2.0,False,Creator 1438,MX,creator1438@mail.example,travel
CR01438,youtube,@creator1438_youtube,28729,3742,22946,770,17,13,,False,Creator 1438,MX,creator1438@mail.example,travel
CR01439,tiktok,@creator1439_tiktok,220621,39475,443748,13176,3389,64,1268.0,False,Creator 1439,KR,creator1439@mail.example,music
CR01440,instagram,@creator1440_instagram,215673,-1903,59978,3922,732,0,167.0,False,Creator 1440,MX,creator1440@mail.example,education
CR01440,youtube,@creator1440_youtube,15373,1495,27754,1651,0,108,,False,Creator 1440,MX,creator1440@mail.example,education
CR01440,tiktok,@creator1440_tiktok,28659,4749,81503,6172,164,172,51.0,False,Creator 1440,MX,creator1440@mail.example,education
CR01441,instagram,@creator1441_instagram,190840,14946,122487,4476,399,7,830.0,False,Creator 1441,FR,creator1441@mail.example,fitness
CR01441,youtube,@creator1441_youtube,57918,5424,52896,1333,28,8,,False,Creator 1441,FR,creator1441@mail.example,fitness
CR01442,tiktok,@creator1442_tiktok,11709,1671,83342,1736,130,191,184.0,False,Creator 1442,KR,creator1442@mail.example,tech
CR01442,instagram,@creator1442_instagram,19627,33,41383,1311,86,0,1.0,False,Creator 1442,KR,creator1442@mail.example,tech
CR01443,instagram,@creator1443_instagram,15371,1064,7872,350,33,0,119.0,False,Creator 1443,CA,creator1443@mail.example,fitness
CR01443,tiktok,@creator1443_tiktok,14604,2126,46391,1560,25,394,0.0,False,Creator 1443,CA,creator1443@mail.example,fitness
CR01443,youtube,@creator1443_youtube,109244,7156,155767,3969,40,75,,False,Creator 1443,CA,creator1443@mail.example,fitness
CR01444,instagram,@creator1444_instagram,20283,2123,2631,174,6,15,13.0,True,Creator 1444,MX,creator1444@mail.example,gaming
CR01445,instagram,@creator1445_instagram,17811,1913,58655,1382,47,242,423.0,False,Creator 1445,IN,creator1445@mail.example,travel
CR01446,youtube,@creator1446_youtube,66480,6705,77633,1619,269,194,,False,Creator 1446,GB,creator1446@mail.example,travel
CR01447,youtube,@creator1447_youtube,1697428,122647,8111530,212908,18623,16531,,False,Creator 1447,IN,creator1447@mail.example,music
CR01447,instagram,@creator1447_instagram,20742,2229,9476,356,18,39,23.0,False,Creator 1447,IN,creator1447@mail.example,music
CR01447,tiktok,@creator1447_tiktok,117458,13818,205601,5590,2,29,3.0,False,Creator 1447,IN,creator1447@mail.example,music
CR01448,tiktok,@creator1448_tiktok,253928,-23887,283852,12476,124,569,1.0,False,Creator 1448,US,creator1448@mail.example,gaming
CR01448,instagram,@creator1448_instagram,90970,7706,139495,7033,125,0,988.0,False,Creator 1448,US,creator1448@mail.example,gaming
CR01448,youtube,@creator1448_youtube,37635,7459,53031,1362,3,139,,False,Creator 1448,US,creator1448@mail.example,gaming
CR01449,instagram,@creator1449_instagram,224685,-32835,56125,3177,177,110,1.0,False,Creator 1449,JP,creator1449@mail.example,education
CR01449,youtube,@creator1449_youtube,18471,1462,31973,2826,425,0,,False,Creator 1449,JP,creator1449@mail.example,education
CR01449,tiktok,@creator1449_tiktok,50256,355,282337,12846,1150,36,1.0,False,Creator 1449,JP,creator1449@mail.example,education
CR01450,youtube,@creator1450_youtube,230781,41894,510399,24653,3316,743,,False,Creator 1450,MX,creator1450@mail.example,food
CR01450,tiktok,@creator1450_tiktok,147294,15285,817292,24325,2357,4589,1783.0,False,Creator 1450,MX,creator1450@mail.example,food
CR01450,instagram,@creator1450_instagram,13379,-748,2790,44,0,0,0.0,False,Creator 1450,MX,creator1450@mail.example,food
CR01451,tiktok,@creator1451_tiktok,2602,423,3807,91,1,1,19.0,False,Creator 1451,US,creator1451@mail.example,music
CR01451,instagram,@creator1451_instagram,272868,26792,116855,2888,225,0,47.0,False,Creator 1451,US,creator1451@mail.example,music
CR01452,youtube,@creator1452_youtube,51999,3027,32657,666,196,1,,False,Creator 1452,FR,creator1452@mail.example,travel
CR01452,instagram,@creator1452_instagram,8318,1212,7288,297,0,22,17.0,False,Creator 1452,FR,creator1452@mail.example,travel
CR01452,tiktok,@creator1452_tiktok,27229,4684,46652,2775,15,197,294.0,False,Creator 1452,FR,creator1452@mail.example,travel
CR01453,youtube,@creator1453_youtube,267682,18417,169455,3513,119,249,,False,Creator 1453,FR,creator1453@mail.example,beauty
CR01454,tiktok,@creator1454_tiktok,56754,9639,106380,4550,6,279,146.0,False,Creator 1454,JP,creator1454@mail.example,fitness
CR01454,youtube,@creator1454_youtube,35921,3194,86904,3463,87,5,,False,Creator 1454,JP,creator1454@mail.example,fitness
CR01454,instagram,@creator1454_instagram,10575,1112,7474,337,5,13,3.0,False,Creator 1454,JP,creator1454@mail.example,fitness
CR01455,youtube,@creator1455_youtube,81431,7113,123931,7708,1445,80,,False,Creator 1455,GB,creator1455@mail.example,tech
CR01455,instagram,@creator1455_instagram,23999,848,9479,286,5,3,6.0,False,Creator 1455,GB,creator1455@mail.example,tech
CR01455,tiktok,@creator1455_tiktok,113497,5241,338234,18092,113,1183,203.0,False,Creator 1455,GB,creator1455@mail.example,tech
CR01456,tiktok,@creator1456_tiktok,27313,1288,90214,3912,247,32,178.0,False,Creator 1456,JP,creator1456@mail.example,beauty
CR01456,instagram,@creator1456_instagram,264553,21496,69758,1818,189,130,18.0,False,Creator 1456,JP,creator1456@mail.example,beauty
CR01457,tiktok,@creator1457_tiktok,106892,7121,96974,4444,157,80,272.0,False,Creator 1457,CA,creator1457@mail.example,tech
CR01457,youtube,@creator1457_youtube,117379,14255,220103,6192,988,781,,False,Creator 1457,CA,creator1457@mail.example,tech
CR01458,instagram,@creator1458_instagram,53775,7060,25569,1905,217,15,14.0,False,Creator 1458,BR,creator1458@mail.example,finance
CR01458,youtube,@creator1458_youtube,6755,780,13886,543,93,3,,False,Creator 1458,BR,creator1458@mail.example,finance
CR01458,tiktok,@creator1458_tiktok,46221,2691,293773,17212,18,1710,359.0,False,Creator 1458,BR,creator1458@mail.example,finance
CR01459,tiktok,@creator1459_tiktok,76319,5422,286205,7664,1314,1672,2635.0,False,Creator 1459,GB,creator1459@mail.example,food
CR01459,instagram,@creator1459_instagram,18044,1940,5112,350,17,15,15.0,False,Creator 1459,GB,creator1459@mail.example,food
CR01460,instagram,@creator1460_instagram,164386,13372,32794,2749,4,2,62.0,False,Creator 1460,IN,creator1460@mail.example,gaming
CR01460,tiktok,@creator1460_tiktok,23672,1977,63527,5058,0,38,350.0,False,Creator 1460,IN,creator1460@mail.example,gaming
CR01461,instagram,@creator1461_instagram,9667,381,4453,277,0,13,2.0,False,Creator 1461,BR,creator1461@mail.example,music
CR01461,youtube,@creator1461_youtube,53384,259,45623,2301,340,40,,False,Creator 1461,BR,creator1461@mail.example,music
CR01461,tiktok,@creator1461_tiktok,97853,9480,237811,13938,335,85,1008.0,False,Creator 1461,BR,creator1461@mail.example,music
CR01462,tiktok,@creator1462_tiktok,7150,404,15041,1015,39,106,31.0,False,Creator 1462,US,creator1462@mail.example,gaming
CR01462,instagram,@creator1462_instagram,11413,583,18237,560,18,13,15.0,False,Creator 1462,US,creator1462@mail.example,gaming
CR01462,youtube,@creator1462_youtube,6926,-907,9506,360,40,0,,False,Creator 1462,US,creator1462@mail.example,gaming
CR01463,youtube,@creator1463_youtube,19753,1357,107423,2337,148,0,,False,Creator 1463,GB,creator1463@mail.example,finance
CR01463,instagram,@creator1463_instagram,63224,4686,51518,1117,121,0,332.0,False,Creator 1463,GB,creator1463@mail.example,finance
CR01463,tiktok,@creator1463_tiktok,334839,-885,3509929,113105,2204,8,11418.0,False,Creator 1463,GB,creator1463@mail.example,finance
CR01464,tiktok,@creator1464_tiktok,68588,11726,293953,13670,2853,0,576.0,False,Creator 1464,DE,creator1464@mail.example,fitness
CR01465,instagram,@creator1465_instagram,19122,994,24935,1864,59,1,29.0,False,Creator 1465,IN,creator1465@mail.example,music
CR01465,tiktok,@creator1465_tiktok,32772,3398,274125,10621,2767,2,2337.0,False,Creator 1465,IN,creator1465@mail.example,music
CR01466,youtube,@creator1466_youtube,213431,32039,327812,8285,1851,101,,False,Creator 1466,US,creator1466@mail.example,food
CR01466,instagram,@creator1466_instagram,70205,7393,51327,2710,230,88,344.0,False,Creator 1466,US,creator1466@mail.example,food
CR01467,tiktok,@creator1467_tiktok,15282,1215,19460,1254,14,9,52.0,False,Creator 1467,IN,creator1467@mail.example,tech
CR01467,instagram,@creator1467_instagram,14519,1333,9488,730,0,61,0.0,False,Creator 1467,IN,creator1467@mail.example,tech
CR01468,instagram,@creator1468_instagram,42174,-329,215358,8030,23,158,0.0,False,Creator 1468,MX,creator1468@mail.example,fitness
CR01469,youtube,@creator1469_youtube,103461,-11732,165914,7897,2,560,,False,Creator 1469,FR,creator1469@mail.example,music
CR01469,instagram,@creator1469_instagram,15346,1790,11762,640,103,2,0.0,False,Creator 1469,FR,creator1469@mail.example,music
CR01469,tiktok,@creator1469_tiktok,19579,1264,112211,3710,638,5,157.0,False,Creator 1469,FR,creator1469@mail.example,music
CR01470,instagram,@creator1470_instagram,121340,1912,19285,635,11,4,0.0,False,Creator 1470,MX,creator1470@mail.example,gaming
CR01470,tiktok,@creator1470_tiktok,56040,1206,233675,15555,372,0,1810.0,False,Creator 1470,MX,creator1470@mail.example,gaming
CR01470,youtube,@creator1470_youtube,140407,1962,136855,6543,36,588,,False,Creator 1470,MX,creator1470@mail.example,gaming
CR01471,instagram,@creator1471_instagram,392112,6462,107527,1673,524,9,315.0,False,Creator 1471,IN,creator1471@mail.example,comedy
CR01471,tiktok,@creator1471_tiktok,194702,-16223,314835,17496,5452,1883,1763.0,False,Creator 1471,IN,creator1471@mail.example,comedy
CR01472,tiktok,@creator1472_tiktok,49703,2920,483556,36256,399,0,49.0,False,Creator 1472,IN,creator1472@mail.example,tech
CR01472,instagram,@creator1472_instagram,133562,18710,13459,522,36,6,94.0,False,Creator 1472,IN,creator1472@mail.example,tech
CR01472,youtube,@creator1472_youtube,24607,-671,39602,819,74,3,,False,Creator 1472,IN,creator1472@mail.example,tech
CR01473,youtube,@creator1473_youtube,54776,4903,47091,1006,277,30,,False,Creator 1473,BR,creator1473@mail.example,fitness
CR01473,instagram,@creator1473_instagram,52298,9048,37335,2359,74,221,119.0,False,Creator 1473,BR,creator1473@mail.example,fitness
CR01473,tiktok,@creator1473_tiktok,9991,418,8990,355,8,35,44.0,False,Creator 1473,BR,creator1473@mail.example,fitness
CR01474,youtube,@creator1474_youtube,80916,12348,85288,4898,15,536,,False,Creator 1474,GB,creator1474@mail.example,finance
CR01474,instagram,@creator1474_instagram,256658,17769,98833,3625,308,53,205.0,True,Creator 1474,GB,creator1474@mail.example,finance
CR01474,tiktok,@creator1474_tiktok,161932,4800,392662,5048,216,2627,1.0,False,Creator 1474,GB,creator1474@mail.example,finance
CR01475,youtube,@creator1475_youtube,297713,21236,532191,42596,1793,1124,,False,Creator 1475,MX,creator1475@mail.example,food
CR01475,tiktok,@creator1475_tiktok,10125,1123,36514,804,56,59,80.0,False,Creator 1475,MX,creator1475@mail.example,food
CR01475,instagram,@creator1475_instagram,28414,-3442,19599,416,0,9,11.0,False,Creator 1475,MX,creator1475@mail.example,food
CR01476,instagram,@creator1476_instagram,12245,1009,9074,319,34,0,10.0,False,Creator 1476,US,creator1476@mail.example,finance
CR01476,tiktok,@creator1476_tiktok,85710,7237,433045,30752,1079,1,67.0,False,Creator 1476,US,creator1476@mail.example,finance
CR01477,instagram,@creator1477_instagram,12512,1991,5305,133,8,0,29.0,False,Creator 1477,CA,creator1477@mail.example,education
CR01477,tiktok,@creator1477_tiktok,65114,476,165141,9697,1680,0,1046.0,False,Creator 1477,CA,creator1477@mail.example,education
CR01477,youtube,@creator1477_youtube,1435,21,1203,97,0,0,,False,Creator 1477,CA,creator1477@mail.example,education
CR01478,instagram,@creator1478_instagram,2835,252,2343,136,9,0,3.0,True,Creator 1478,IN,creator1478@mail.example,comedy
CR01478,youtube,@creator1478_youtube,94577,2495,105059,6192,781,103,,False,Creator 1478,IN,creator1478@mail.example,comedy
CR01479,youtube,@creator1479_youtube,314019,17836,168114,9549,739,618,,False,Creator 1479,BR,creator1479@mail.example,tech
CR01479,instagram,@creator1479_instagram,111796,13170,101760,4048,0,108,432.0,False,Creator 1479,BR,creator1479@mail.example,tech
CR01479,tiktok,@creator1479_tiktok,29930,2987,329618,17851,606,129,1287.0,False,Creator 1479,BR,creator1479@mail.example,tech
CR01480,tiktok,@creator1480_tiktok,415812,42214,1091521,72289,0,196,1197.0,False,Creator 1480,BR,creator1480@mail.example,music
CR01480,youtube,@creator1480_youtube,37651,659,37990,3227,137,29,,False,Creator 1480,BR,creator1480@mail.example,music
CR01481,tiktok,@creator1481_tiktok,145921,7604,244197,6170,331,978,92.0,False,Creator 1481,CA,creator1481@mail.example,finance
CR01481,instagram,@creator1481_instagram,74242,3314,46025,1265,45,229,55.0,False,Creator 1481,CA,creator1481@mail.example,finance
CR01481,youtube,@creator1481_youtube,131407,14862,74703,3071,252,29,,False,Creator 1481,CA,creator1481@mail.example,finance
CR01482,youtube,@creator1482_youtube,76662,2551,62455,4255,87,133,,False,Creator 1482,DE,creator1482@mail.example,travel
CR01482,instagram,@creator1482_instagram,9725,-614,5231,399,19,0,1.0,True,Creator 1482,DE,creator1482@mail.example,travel
CR01482,tiktok,@creator1482_tiktok,25409,3773,110776,7945,4,143,237.0,False,Creator 1482,DE,creator1482@mail.example,travel
CR01483,tiktok,@creator1483_tiktok,30075,5127,63828,1303,136,53,15.0,False,Creator 1483,BR,creator1483@mail.example,gaming
CR01483,youtube,@creator1483_youtube,412339,52943,147932,3263,541,254,,False,Creator 1483,BR,creator1483@mail.example,gaming
CR01483,instagram,@creator1483_instagram,150634,22164,154346,5557,11,34,0.0,False,Creator 1483,BR,creator1483@mail.example,gaming
CR01484,instagram,@creator1484_instagram,127345,13956,56234,3966,181,229,213.0,False,Creator 1484,FR,creator1484@mail.example,beauty
CR01484,tiktok,@creator1484_tiktok,75698,6404,151220,7536,559,246,2.0,False,Creator 1484,FR,creator1484@mail.example,beauty
CR01484,youtube,@creator1484_youtube,219161,509,199942,11367,450,84,,False,Creator 1484,FR,creator1484@mail.example,beauty
CR01485,tiktok,@creator1485_tiktok,278351,35019,853446,18194,628,4938,93.0,False,Creator 1485,DE,creator1485@mail.example,tech
CR01485,instagram,@creator1485_instagram,8033,566,2226,89,2,10,1.0,False,Creator 1485,DE,creator1485@mail.example,tech
CR01485,youtube,@creator1485_youtube,15032,2746,23136,1325,84,18,,False,Creator 1485,DE,creator1485@mail.example,tech
CR01486,youtube,@creator1486_youtube,4852,512,18275,554,9,0,,False,Creator 1486,KR,creator1486@mail.example,gaming
CR01486,instagram,@creator1486_instagram,55912,3596,16253,911,6,0,45.0,True,Creator 1486,KR,creator1486@mail.example,gaming
CR01486,tiktok,@creator1486_tiktok,68438,6500,225344,11943,985,3925,1042.0,False,Creator 1486,KR,creator1486@mail.example,gaming
CR01487,youtube,@creator1487_youtube,41062,8257,95742,7580,98,1449,,False,Creator 1487,BR,creator1487@mail.example,finance
CR01487,instagram,@creator1487_instagram,115337,10517,70133,1765,401,86,25.0,False,Creator 1487,BR,creator1487@mail.example,finance
CR01488,instagram,@creator1488_instagram,288171,-4652,92171,4960,258,167,119.0,False,Creator 1488,FR,creator1488@mail.example,finance
CR01488,youtube,@creator1488_youtube,9848902,937688,23290477,977695,37452,54305,,False,Creator 1488,FR,creator1488@mail.example,finance
CR01488,tiktok,@creator1488_tiktok,654309,93183,1060591,26234,148,0,0.0,False,Creator 1488,FR,creator1488@mail.example,finance
CR01489,youtube,@creator1489_youtube,453601,6172,1488689,139775,125,0,,False,Creator 1489,MX,creator1489@mail.example,gaming
CR01489,instagram,@creator1489_instagram,177300,28228,22801,1218,7,0,289.0,False,Creator 1489,MX,creator1489@mail.example,gaming
CR01489,tiktok,@creator1489_tiktok,25953,2796,122842,4271,1463,510,114.0,False,Creator 1489,MX,creator1489@mail.example,gaming
CR01490,instagram,@creator1490_instagram,25754,1521,7520,277,0,48,46.0,False,Creator 1490,JP,creator1490@mail.example,food
CR01490,youtube,@creator1490_youtube,2380,575,2106,81,5,3,,False,Creator 1490,JP,creator1490@mail.example,food
CR01491,tiktok,@creator1491_tiktok,23493,1812,107494,8731,2,9,376.0,False,Creator 1491,JP,creator1491@mail.example,beauty
CR01491,youtube,@creator1491_youtube,878724,36496,1006196,71463,5771,120,,False,Creator 1491,JP,creator1491@mail.example,beauty
CR01492,youtube,@creator1492_youtube,69556,-411,150792,4218,147,26,,False,Creator 1492,MX,creator1492@mail.example,gaming
CR01492,tiktok,@creator1492_tiktok,81845,-3519,181764,6527,316,0,5.0,False,Creator 1492,MX,creator1492@mail.example,gaming
CR01492,instagram,@creator1492_instagram,319781,74604,1169693,32835,668,10179,2476.0,False,Creator 1492,MX,creator1492@mail.example,gaming
CR01493,instagram,@creator1493_instagram,152335,28314,139750,5078,271,108,0.0,True,Creator 1493,US,creator1493@mail.example,travel
CR01493,tiktok,@creator1493_tiktok,80857,9737,526979,28810,0,2008,8634.0,False,Creator 1493,US,creator1493@mail.example,travel
CR01493,youtube,@creator1493_youtube,104832,-1753,31171,666,167,42,,False,Creator 1493,US,creator1493@mail.example,travel
CR01494,instagram,@creator1494_instagram,116758,4645,62313,2881,795,190,159.0,False,Creator 1494,US,creator1494@mail.example,food
CR01494,youtube,@creator1494_youtube,102778,5257,138222,6148,384,253,,False,Creator 1494,US,creator1494@mail.example,food
CR01495,tiktok,@creator1495_tiktok,93628,7500,108356,4654,318,1,314.0,False,Creator 1495,FR,creator1495@mail.example,travel
CR01495,youtube,@creator1495_youtube,127979,13145,169671,6074,64,3,,False,Creator 1495,FR,creator1495@mail.example,travel
CR01495,instagram,@creator1495_instagram,84350,7958,50052,1664,0,28,116.0,False,Creator 1495,FR,creator1495@mail.example,travel
CR01496,tiktok,@creator1496_tiktok,10007,-6,8147,662,0,0,30.0,False,Creator 1496,BR,creator1496@mail.example,beauty
CR01496,youtube,@creator1496_youtube,42014,2769,38804,1742,82,84,,False,Creator 1496,BR,creator1496@mail.example,beauty
CR01497,youtube,@creator1497_youtube,640612,60961,1382592,93882,2798,79,,False,Creator 1497,KR,creator1497@mail.example,music
CR01497,tiktok,@creator1497_tiktok,526496,-33784,1136829,69920,382,4339,3547.0,False,Creator 1497,KR,creator1497@mail.example,music
CR01498,youtube,@creator1498_youtube,290435,49492,1759003,35062,6066,4639,,False,Creator 1498,IN,creator1498@mail.example,music
CR01499,instagram,@creator1499_instagram,27676,2272,25923,2649,222,63,18.0,False,Creator 1499,BR,creator1499@mail.example,finance
