creator_id,platform,handle,follower_count,net_new_followers_90d,views_90d,likes_90d,comments_90d,shares_90d,saves_90d,likes_hidden,display_name,country,contact_email,category
CR00000,tiktok,@creator0_tiktok,52716,5938,224239,6142,751,1255,1105.0,False,Creator 0,DE,creator0@mail.example,music
CR00000,instagram,@creator0_instagram,88949,4130,25839,1263,13,2,24.0,False,Creator 0,DE,creator0@mail.example,music
CR00000,youtube,@creator0_youtube,65070,1978,17564,2115,0,0,,False,Creator 0,DE,creator0@mail.example,music
CR00001,tiktok,@creator1_tiktok,15510,1408,100048,2542,131,136,0.0,False,Creator 1,CA,creator1@mail.example,finance
CR00001,youtube,@creator1_youtube,188767,19663,83621,4162,207,0,,False,Creator 1,CA,creator1@mail.example,finance
CR00002,youtube,@creator2_youtube,433121,-5306,778428,50523,1735,0,,False,Creator 2,FR,creator2@mail.example,finance
CR00002,instagram,@creator2_instagram,124532,-8122,48804,882,53,1,88.0,False,Creator 2,FR,creator2@mail.example,finance
CR00002,tiktok,@creator2_tiktok,33500,3433,126043,8183,531,0,989.0,False,Creator 2,FR,creator2@mail.example,finance
CR00003,instagram,@creator3_instagram,32742,3827,19787,435,28,24,13.0,True,Creator 3,US,creator3@mail.example,beauty
CR00003,tiktok,@creator3_tiktok,20623,1886,70759,3423,139,0,154.0,False,Creator 3,US,creator3@mail.example,beauty
CR00003,youtube,@creator3_youtube,73613,824,291987,7323,129,17,,False,Creator 3,US,creator3@mail.example,beauty
CR00004,youtube,@creator4_youtube,3963,516,3829,154,15,4,,False,Creator 4,GB,creator4@mail.example,finance
CR00004,tiktok,@creator4_tiktok,261981,9699,1123688,29082,16107,4627,10141.0,False,Creator 4,GB,creator4@mail.example,finance
CR00004,instagram,@creator4_instagram,31053,1723,31093,1005,0,185,5.0,False,Creator 4,GB,creator4@mail.example,finance
CR00005,youtube,@creator5_youtube,17677,2862,9390,659,104,34,,False,Creator 5,MX,creator5@mail.example,fitness
CR00005,instagram,@creator5_instagram,39847,528,9988,240,33,0,0.0,False,Creator 5,MX,creator5@mail.example,fitness
CR00005,tiktok,@creator5_tiktok,311198,36193,700946,14263,1493,272,645.0,False,Creator 5,MX,creator5@mail.example,fitness
CR00006,tiktok,@creator6_tiktok,201759,10971,1696070,29297,4508,3825,2064.0,False,Creator 6,GB,creator6@mail.example,fitness
CR00007,instagram,@creator7_instagram,168150,639,74297,4564,372,586,25.0,False,Creator 7,DE,creator7@mail.example,gaming
CR00007,youtube,@creator7_youtube,5378,209,4898,138,3,2,,False,Creator 7,DE,creator7@mail.example,gaming
CR00008,youtube,@creator8_youtube,16374,984,23585,743,115,11,,False,Creator 8,KR,creator8@mail.example,gaming
CR00009,youtube,@creator9_youtube,57832,2558,169502,8007,2,15,,False,Creator 9,US,creator9@mail.example,beauty
CR00009,tiktok,@creator9_tiktok,8630,31,55773,3241,109,292,66.0,False,Creator 9,US,creator9@mail.example,beauty
CR00009,instagram,@creator9_instagram,108059,6354,142734,6115,46,526,535.0,False,Creator 9,US,creator9@mail.example,beauty
CR00010,youtube,@creator10_youtube,80930,-7513,134100,7653,127,759,,False,Creator 10,MX,creator10@mail.example,beauty
CR00011,youtube,@creator11_youtube,22244,1005,6183,587,157,11,,False,Creator 11,BR,creator11@mail.example,finance
CR00011,tiktok,@creator11_tiktok,511241,71148,2591237,113719,7444,4235,5433.0,False,Creator 11,BR,creator11@mail.example,finance
CR00012,instagram,@creator12_instagram,188396,10627,83428,1795,30,209,27.0,False,Creator 12,US,creator12@mail.example,fitness
CR00012,youtube,@creator12_youtube,7143,1188,9022,596,8,4,,False,Creator 12,US,creator12@mail.example,fitness
CR00012,tiktok,@creator12_tiktok,78992,-1900,94146,5166,1253,602,239.0,False,Creator 12,US,creator12@mail.example,fitness
CR00013,youtube,@creator13_youtube,20108,-253,18451,569,0,8,,False,Creator 13,GB,creator13@mail.example,travel
CR00013,tiktok,@creator13_tiktok,33153,1922,151873,4434,322,0,1794.0,False,Creator 13,GB,creator13@mail.example,travel
CR00013,instagram,@creator13_instagram,192447,25046,156939,5151,592,147,3216.0,False,Creator 13,GB,creator13@mail.example,travel
CR00014,tiktok,@creator14_tiktok,47355,5251,49166,2580,505,438,110.0,False,Creator 14,FR,creator14@mail.example,fitness
CR00015,tiktok,@creator15_tiktok,6974,-96,36777,947,0,48,101.0,False,Creator 15,FR,creator15@mail.example,gaming
CR00015,instagram,@creator15_instagram,244387,20557,64696,2560,0,86,291.0,False,Creator 15,FR,creator15@mail.example,gaming
CR00015,youtube,@creator15_youtube,31686,-342,237749,5168,224,44,,False,Creator 15,FR,creator15@mail.example,gaming
CR00016,tiktok,@creator16_tiktok,81937,-1394,140694,5853,391,54,1277.0,False,Creator 16,GB,creator16@mail.example,gaming
CR00017,instagram,@creator17_instagram,181188,-7779,135172,6538,62,1958,545.0,False,Creator 17,BR,creator17@mail.example,gaming
CR00017,tiktok,@creator17_tiktok,17276,2132,43958,2484,102,142,441.0,False,Creator 17,BR,creator17@mail.example,gaming
CR00018,tiktok,@creator18_tiktok,4090,605,4724,247,10,17,9.0,False,Creator 18,GB,creator18@mail.example,fitness
CR00019,instagram,@creator19_instagram,15034,553,12456,473,0,21,23.0,False,Creator 19,MX,creator19@mail.example,gaming
CR00019,youtube,@creator19_youtube,74659,4497,76695,5591,0,153,,False,Creator 19,MX,creator19@mail.example,gaming
CR00020,tiktok,@creator20_tiktok,169453,-3628,184128,10972,470,2,330.0,False,Creator 20,FR,creator20@mail.example,beauty
CR00020,youtube,@creator20_youtube,5238,163,10537,445,0,10,,False,Creator 20,FR,creator20@mail.example,beauty
CR00021,instagram,@creator21_instagram,46933,3201,65168,4025,194,35,197.0,True,Creator 21,US,creator21@mail.example,gaming
CR00022,tiktok,@creator22_tiktok,127918,11310,305423,19858,99,2846,688.0,False,Creator 22,KR,creator22@mail.example,beauty
CR00022,instagram,@creator22_instagram,53952,-3086,15930,377,89,22,49.0,False,Creator 22,KR,creator22@mail.example,beauty
CR00023,youtube,@creator23_youtube,33826,2213,42445,2009,26,299,,False,Creator 23,GB,creator23@mail.example,finance
CR00023,tiktok,@creator23_tiktok,75627,6271,376789,24544,554,1333,0.0,False,Creator 23,GB,creator23@mail.example,finance
CR00024,tiktok,@creator24_tiktok,237607,18417,248974,10250,512,349,95.0,False,Creator 24,BR,creator24@mail.example,travel
CR00025,tiktok,@creator25_tiktok,30189,1758,211024,8764,5,94,0.0,False,Creator 25,KR,creator25@mail.example,food
CR00025,instagram,@creator25_instagram,49335,4613,45794,1836,114,130,0.0,True,Creator 25,KR,creator25@mail.example,food
CR00025,youtube,@creator25_youtube,76112,-2942,72013,3947,207,287,,False,Creator 25,KR,creator25@mail.example,food
CR00026,youtube,@creator26_youtube,845,98,1777,91,4,2,,False,Creator 26,US,creator26@mail.example,comedy
CR00026,tiktok,@creator26_tiktok,964632,60468,1835139,92784,30257,20380,2047.0,False,Creator 26,US,creator26@mail.example,comedy
CR00026,instagram,@creator26_instagram,13431,822,5551,354,18,0,1.0,False,Creator 26,US,creator26@mail.example,comedy
CR00027,youtube,@creator27_youtube,12788,345,13817,970,10,7,,False,Creator 27,KR,creator27@mail.example,beauty
CR00028,tiktok,@creator28_tiktok,19773,524,134537,8608,904,78,529.0,False,Creator 28,KR,creator28@mail.example,music
CR00029,tiktok,@creator29_tiktok,98183,-824,56284,4384,84,0,259.0,False,Creator 29,FR,creator29@mail.example,beauty
CR00029,youtube,@creator29_youtube,13509,1240,6596,366,14,7,,False,Creator 29,FR,creator29@mail.example,beauty
CR00029,instagram,@creator29_instagram,2399669,314208,1920197,96904,274,9484,5052.0,False,Creator 29,FR,creator29@mail.example,beauty
CR00030,youtube,@creator30_youtube,997781,186757,1448343,45707,1636,43,,False,Creator 30,US,creator30@mail.example,food
CR00030,instagram,@creator30_instagram,16890,818,6908,244,41,92,1.0,False,Creator 30,US,creator30@mail.example,food
CR00030,tiktok,@creator30_tiktok,12919,341,23910,426,0,25,0.0,False,Creator 30,US,creator30@mail.example,food
CR00031,youtube,@creator31_youtube,22532,998,4811,138,18,0,,False,Creator 31,BR,creator31@mail.example,food
CR00031,tiktok,@creator31_tiktok,33731,1773,61605,3511,745,44,419.0,False,Creator 31,BR,creator31@mail.example,food
CR00031,instagram,@creator31_instagram,9742,748,9158,342,0,0,88.0,False,Creator 31,BR,creator31@mail.example,food
CR00032,tiktok,@creator32_tiktok,143938,15956,887789,10769,391,343,5870.0,False,Creator 32,US,creator32@mail.example,food
CR00032,instagram,@creator32_instagram,20017,1574,17234,1346,42,37,102.0,False,Creator 32,US,creator32@mail.example,food
CR00032,youtube,@creator32_youtube,2801,339,4098,190,16,5,,False,Creator 32,US,creator32@mail.example,food
CR00033,tiktok,@creator33_tiktok,40111,2932,189148,7454,28,199,137.0,False,Creator 33,MX,creator33@mail.example,beauty
CR00033,instagram,@creator33_instagram,57859,3790,49510,2017,777,0,4.0,True,Creator 33,MX,creator33@mail.example,beauty
CR00033,youtube,@creator33_youtube,9140,128,7127,189,8,42,,False,Creator 33,MX,creator33@mail.example,beauty
CR00034,youtube,@creator34_youtube,118791,6060,87225,4301,16,0,,False,Creator 34,CA,creator34@mail.example,gaming
CR00034,tiktok,@creator34_tiktok,20979,1839,429174,30713,1926,0,0.0,False,Creator 34,CA,creator34@mail.example,gaming
CR00034,instagram,@creator34_instagram,53386,6476,95350,1857,413,133,54.0,False,Creator 34,CA,creator34@mail.example,gaming
CR00035,tiktok,@creator35_tiktok,721506,20367,2155062,111714,6508,0,1155.0,False,Creator 35,IN,creator35@mail.example,gaming
CR00035,instagram,@creator35_instagram,52321,6439,16852,1610,27,37,16.0,False,Creator 35,IN,creator35@mail.example,gaming
CR00036,youtube,@creator36_youtube,62497,4790,233302,5799,1235,42,,False,Creator 36,FR,creator36@mail.example,beauty
CR00036,instagram,@creator36_instagram,105177,5372,14801,788,33,37,6.0,False,Creator 36,FR,creator36@mail.example,beauty
CR00036,tiktok,@creator36_tiktok,81590,4487,524443,19987,90,0,1522.0,False,Creator 36,FR,creator36@mail.example,beauty
CR00037,tiktok,@creator37_tiktok,220477,30358,260347,5753,437,0,365.0,False,Creator 37,CA,creator37@mail.example,tech
CR00038,tiktok,@creator38_tiktok,52899,2815,108636,1964,465,301,501.0,False,Creator 38,MX,creator38@mail.example,education
CR00038,instagram,@creator38_instagram,35036,7214,79449,4201,560,95,341.0,False,Creator 38,MX,creator38@mail.example,education
CR00038,youtube,@creator38_youtube,127743,7016,299261,16956,1294,1583,,False,Creator 38,MX,creator38@mail.example,education
CR00039,instagram,@creator39_instagram,238305,12370,247754,6188,744,0,62.0,True,Creator 39,GB,creator39@mail.example,beauty
CR00039,tiktok,@creator39_tiktok,14158,2416,28471,1427,57,3,32.0,False,Creator 39,GB,creator39@mail.example,beauty
CR00040,youtube,@creator40_youtube,211466,5829,125764,7837,115,0,,False,Creator 40,KR,creator40@mail.example,fitness
CR00040,tiktok,@creator40_tiktok,17648,2115,54801,1284,0,16,473.0,False,Creator 40,KR,creator40@mail.example,fitness
CR00040,instagram,@creator40_instagram,6785,761,3554,236,5,6,9.0,False,Creator 40,KR,creator40@mail.example,fitness
CR00041,youtube,@creator41_youtube,179853,14718,644314,47791,1395,1425,,False,Creator 41,IN,creator41@mail.example,beauty
CR00041,tiktok,@creator41_tiktok,273573,3860,521655,49453,81,0,985.0,False,Creator 41,IN,creator41@mail.example,beauty
CR00041,instagram,@creator41_instagram,20691,1934,33306,1200,242,28,0.0,True,Creator 41,IN,creator41@mail.example,beauty
CR00042,instagram,@creator42_instagram,9816,676,6990,423,76,52,0.0,False,Creator 42,MX,creator42@mail.example,food
CR00043,tiktok,@creator43_tiktok,69261,-254,136096,8044,41,49,947.0,False,Creator 43,CA,creator43@mail.example,tech
CR00044,youtube,@creator44_youtube,22899,972,11927,475,0,1,,False,Creator 44,GB,creator44@mail.example,travel
CR00045,youtube,@creator45_youtube,56389,5854,37374,1111,122,0,,False,Creator 45,KR,creator45@mail.example,travel
CR00045,instagram,@creator45_instagram,276561,-8973,47790,1478,524,216,252.0,True,Creator 45,KR,creator45@mail.example,travel
CR00045,tiktok,@creator45_tiktok,83602,6141,481596,28469,2736,0,879.0,False,Creator 45,KR,creator45@mail.example,travel
CR00046,tiktok,@creator46_tiktok,12575,1597,38630,2261,50,258,78.0,False,Creator 46,KR,creator46@mail.example,music
CR00046,youtube,@creator46_youtube,4297,301,7448,355,47,5,,False,Creator 46,KR,creator46@mail.example,music
CR00047,youtube,@creator47_youtube,527522,-88151,512283,36030,2332,773,,False,Creator 47,BR,creator47@mail.example,tech
CR00047,instagram,@creator47_instagram,316264,40229,451261,8926,198,1920,553.0,False,Creator 47,BR,creator47@mail.example,tech
CR00047,tiktok,@creator47_tiktok,13710,1184,74275,2130,17,50,0.0,False,Creator 47,BR,creator47@mail.example,tech
CR00048,instagram,@creator48_instagram,712945,31549,147615,8895,587,103,155.0,False,Creator 48,DE,creator48@mail.example,gaming
CR00048,tiktok,@creator48_tiktok,29394,1849,73355,2777,674,0,549.0,False,Creator 48,DE,creator48@mail.example,gaming
CR00048,youtube,@creator48_youtube,43292,4350,49560,1943,582,296,,False,Creator 48,DE,creator48@mail.example,gaming
CR00049,tiktok,@creator49_tiktok,1290,132,2295,88,2,4,0.0,False,Creator 49,GB,creator49@mail.example,travel
CR00049,youtube,@creator49_youtube,75506,8615,35688,1559,65,46,,False,Creator 49,GB,creator49@mail.example,travel
CR00050,instagram,@creator50_instagram,19153,1919,11239,479,101,41,18.0,False,Creator 50,MX,creator50@mail.example,tech
CR00050,tiktok,@creator50_tiktok,131748,14290,523340,26360,754,625,1.0,False,Creator 50,MX,creator50@mail.example,tech
CR00050,youtube,@creator50_youtube,336640,32249,1217425,89913,8831,12123,,False,Creator 50,MX,creator50@mail.example,tech
CR00051,instagram,@creator51_instagram,73297,3503,39778,2770,0,79,0.0,False,Creator 51,GB,creator51@mail.example,tech
CR00051,youtube,@creator51_youtube,1063,76,1943,50,0,3,,False,Creator 51,GB,creator51@mail.example,tech
CR00051,tiktok,@creator51_tiktok,219217,49097,1038762,43506,3818,2242,2644.0,False,Creator 51,GB,creator51@mail.example,tech
CR00052,youtube,@creator52_youtube,98413,8560,70111,3045,6,1334,,False,Creator 52,KR,creator52@mail.example,gaming
CR00053,youtube,@creator53_youtube,976623,21922,488806,19585,3418,748,,False,Creator 53,US,creator53@mail.example,travel
CR00053,tiktok,@creator53_tiktok,6400,296,18972,1019,109,31,50.0,False,Creator 53,US,creator53@mail.example,travel
CR00054,instagram,@creator54_instagram,2108,255,2493,163,3,1,8.0,False,Creator 54,KR,creator54@mail.example,travel
CR00054,tiktok,@creator54_tiktok,9420,1338,19116,1158,469,13,16.0,False,Creator 54,KR,creator54@mail.example,travel
CR00055,instagram,@creator55_instagram,47589,-1626,28484,1388,0,407,18.0,False,Creator 55,BR,creator55@mail.example,finance
CR00056,youtube,@creator56_youtube,51242,7829,32664,1142,93,7,,False,Creator 56,JP,creator56@mail.example,comedy
CR00056,instagram,@creator56_instagram,12887,-477,3088,88,0,0,0.0,False,Creator 56,JP,creator56@mail.example,comedy
CR00057,youtube,@creator57_youtube,81062,8735,85909,2422,34,274,,False,Creator 57,MX,creator57@mail.example,education
CR00057,instagram,@creator57_instagram,14750,408,15582,1205,258,3,40.0,False,Creator 57,MX,creator57@mail.example,education
CR00057,tiktok,@creator57_tiktok,2945846,500648,8844967,553868,458,189,0.0,False,Creator 57,MX,creator57@mail.example,education
CR00058,tiktok,@creator58_tiktok,64886,13292,121661,5445,806,1,1634.0,False,Creator 58,FR,creator58@mail.example,tech
CR00058,instagram,@creator58_instagram,23543,1359,16806,941,83,192,30.0,False,Creator 58,FR,creator58@mail.example,tech
CR00059,youtube,@creator59_youtube,48903,3793,29108,1523,0,112,,False,Creator 59,DE,creator59@mail.example,finance
CR00059,instagram,@creator59_instagram,9051,1670,3790,335,17,5,2.0,False,Creator 59,DE,creator59@mail.example,finance
CR00060,youtube,@creator60_youtube,19428,2121,11649,681,49,15,,False,Creator 60,JP,creator60@mail.example,gaming
CR00060,instagram,@creator60_instagram,29892,3027,26211,884,639,117,27.0,False,Creator 60,JP,creator60@mail.example,gaming
CR00060,tiktok,@creator60_tiktok,402966,-24169,1088764,114725,939,21935,5340.0,False,Creator 60,JP,creator60@mail.example,gaming
CR00061,instagram,@creator61_instagram,39027,-3880,25815,1949,7,12,132.0,False,Creator 61,KR,creator61@mail.example,music
CR00061,youtube,@creator61_youtube,81890,-2159,143635,11509,170,0,,False,Creator 61,KR,creator61@mail.example,music
CR00061,tiktok,@creator61_tiktok,8938,382,43590,1828,243,53,18.0,False,Creator 61,KR,creator61@mail.example,music
CR00062,youtube,@creator62_youtube,97721,16013,165245,14930,12,0,,False,Creator 62,JP,creator62@mail.example,gaming
CR00062,instagram,@creator62_instagram,2522,241,1066,52,5,8,6.0,False,Creator 62,JP,creator62@mail.example,gaming
CR00062,tiktok,@creator62_tiktok,39079,6021,51905,2257,162,0,252.0,False,Creator 62,JP,creator62@mail.example,gaming
CR00063,instagram,@creator63_instagram,10512,150,3267,243,4,0,4.0,False,Creator 63,DE,creator63@mail.example,music
CR00063,tiktok,@creator63_tiktok,82541,2743,181862,5538,264,807,38.0,False,Creator 63,DE,creator63@mail.example,music
CR00063,youtube,@creator63_youtube,26139,5098,22842,1426,116,1,,False,Creator 63,DE,creator63@mail.example,music
CR00064,instagram,@creator64_instagram,120142,-2243,61323,1952,283,20,15.0,True,Creator 64,IN,creator64@mail.example,comedy
CR00065,instagram,@creator65_instagram,90003,-3471,36611,1194,30,11,86.0,False,Creator 65,BR,creator65@mail.example,beauty
CR00065,tiktok,@creator65_tiktok,27323,3334,36570,1914,143,76,250.0,False,Creator 65,BR,creator65@mail.example,beauty
CR00065,youtube,@creator65_youtube,6050,213,7051,198,34,113,,False,Creator 65,BR,creator65@mail.example,beauty
CR00066,instagram,@creator66_instagram,92536,-3742,89618,1080,129,45,504.0,False,Creator 66,CA,creator66@mail.example,travel
CR00067,youtube,@creator67_youtube,34912,4727,12193,195,0,0,,False,Creator 67,BR,creator67@mail.example,education
CR00067,instagram,@creator67_instagram,137480,9126,161341,5955,442,468,39.0,False,Creator 67,BR,creator67@mail.example,education
CR00067,tiktok,@creator67_tiktok,17849,759,29530,523,0,1,3.0,False,Creator 67,BR,creator67@mail.example,education
CR00068,tiktok,@creator68_tiktok,14094,976,19186,1320,319,54,0.0,False,Creator 68,GB,creator68@mail.example,gaming
CR00068,instagram,@creator68_instagram,101554,1875,72216,3675,1156,150,9.0,False,Creator 68,GB,creator68@mail.example,gaming
CR00068,youtube,@creator68_youtube,81254,7914,150124,8820,2433,34,,False,Creator 68,GB,creator68@mail.example,gaming
CR00069,youtube,@creator69_youtube,9562,-166,39763,3497,25,9,,False,Creator 69,KR,creator69@mail.example,comedy
CR00069,tiktok,@creator69_tiktok,5680,1113,16419,1239,10,238,32.0,False,Creator 69,KR,creator69@mail.example,comedy
CR00070,instagram,@creator70_instagram,32861,6496,15789,661,4,75,0.0,False,Creator 70,IN,creator70@mail.example,finance
CR00070,tiktok,@creator70_tiktok,12360,1485,12141,808,60,120,20.0,False,Creator 70,IN,creator70@mail.example,finance
CR00070,youtube,@creator70_youtube,6388,339,8435,310,35,12,,False,Creator 70,IN,creator70@mail.example,finance
CR00071,youtube,@creator71_youtube,279100,19708,674285,33934,216,513,,False,Creator 71,MX,creator71@mail.example,food
CR00071,instagram,@creator71_instagram,46290,6628,23378,2106,3,102,39.0,True,Creator 71,MX,creator71@mail.example,food
CR00072,instagram,@creator72_instagram,200698,-602,119201,9790,583,49,330.0,False,Creator 72,JP,creator72@mail.example,beauty
CR00072,tiktok,@creator72_tiktok,1663,247,8211,391,21,0,6.0,False,Creator 72,JP,creator72@mail.example,beauty
CR00072,youtube,@creator72_youtube,36098,3180,68206,2620,8,217,,False,Creator 72,JP,creator72@mail.example,beauty
CR00073,youtube,@creator73_youtube,22165,1645,14520,705,11,0,,False,Creator 73,DE,creator73@mail.example,finance
CR00073,tiktok,@creator73_tiktok,427899,58472,3080024,196205,26557,1205,26834.0,False,Creator 73,DE,creator73@mail.example,finance
CR00074,instagram,@creator74_instagram,9709,668,3191,197,0,8,30.0,False,Creator 74,JP,creator74@mail.example,tech
CR00075,tiktok,@creator75_tiktok,2895,295,7731,241,1,1,0.0,False,Creator 75,IN,creator75@mail.example,fitness
CR00076,youtube,@creator76_youtube,33429,942,65326,4054,386,0,,False,Creator 76,KR,creator76@mail.example,music
CR00077,youtube,@creator77_youtube,8645,141,8114,407,0,15,,False,Creator 77,GB,creator77@mail.example,gaming
CR00077,tiktok,@creator77_tiktok,31431,1461,108402,5478,479,105,304.0,False,Creator 77,GB,creator77@mail.example,gaming
CR00077,instagram,@creator77_instagram,23092,1378,4169,172,3,0,1.0,False,Creator 77,GB,creator77@mail.example,gaming
CR00078,youtube,@creator78_youtube,13975,-113,14928,298,15,18,,False,Creator 78,GB,creator78@mail.example,comedy
CR00078,tiktok,@creator78_tiktok,48204,6742,96375,1120,399,81,250.0,False,Creator 78,GB,creator78@mail.example,comedy
CR00079,instagram,@creator79_instagram,683055,93347,709145,18091,673,715,1037.0,False,Creator 79,MX,creator79@mail.example,food
CR00079,youtube,@creator79_youtube,6968,921,4453,138,1,2,,False,Creator 79,MX,creator79@mail.example,food
CR00079,tiktok,@creator79_tiktok,16925,2110,38308,3722,87,0,315.0,False,Creator 79,MX,creator79@mail.example,food
CR00080,tiktok,@creator80_tiktok,798391,28177,1675654,121187,16814,5594,5796.0,False,Creator 80,FR,creator80@mail.example,tech
CR00080,instagram,@creator80_instagram,68128,59612,10187,636,1,89,22.0,False,Creator 80,FR,creator80@mail.example,tech
CR00081,instagram,@creator81_instagram,125289,9169,32425,1488,35,0,0.0,False,Creator 81,CA,creator81@mail.example,gaming
CR00082,youtube,@creator82_youtube,110279,-7586,812002,49770,3198,45,,False,Creator 82,DE,creator82@mail.example,gaming
CR00082,tiktok,@creator82_tiktok,49483,6778,205259,10662,22,1424,1630.0,False,Creator 82,DE,creator82@mail.example,gaming
CR00082,instagram,@creator82_instagram,43617,309,19062,848,125,70,0.0,False,Creator 82,DE,creator82@mail.example,gaming
CR00083,tiktok,@creator83_tiktok,5167,653,22139,638,25,0,0.0,False,Creator 83,CA,creator83@mail.example,travel
CR00083,youtube,@creator83_youtube,57379,4012,112053,4372,363,8,,False,Creator 83,CA,creator83@mail.example,travel
CR00083,instagram,@creator83_instagram,17808,671,20818,1023,56,0,60.0,False,Creator 83,CA,creator83@mail.example,travel
CR00084,instagram,@creator84_instagram,191887,22861,381261,10934,456,194,0.0,False,Creator 84,JP,creator84@mail.example,education
CR00084,tiktok,@creator84_tiktok,101563,-1094,845988,16704,2118,3125,386.0,False,Creator 84,JP,creator84@mail.example,education
CR00084,youtube,@creator84_youtube,6205,549,5213,336,12,2,,False,Creator 84,JP,creator84@mail.example,education
CR00085,instagram,@creator85_instagram,55410,2472,48417,3259,8,25,232.0,False,Creator 85,FR,creator85@mail.example,beauty
CR00085,youtube,@creator85_youtube,6472,810,54781,3745,21,386,,False,Creator 85,FR,creator85@mail.example,beauty
CR00086,youtube,@creator86_youtube,93167,6381,60817,4301,542,0,,False,Creator 86,US,creator86@mail.example,education
CR00086,tiktok,@creator86_tiktok,221618,-5145,617718,32555,1438,1662,0.0,False,Creator 86,US,creator86@mail.example,education
CR00086,instagram,@creator86_instagram,17524,1106,82192,2839,207,298,35.0,False,Creator 86,US,creator86@mail.example,education
CR00087,tiktok,@creator87_tiktok,244866,8607,1890770,121663,14333,26,4850.0,False,Creator 87,GB,creator87@mail.example,fitness
CR00087,youtube,@creator87_youtube,16560,1746,15006,441,102,4,,False,Creator 87,GB,creator87@mail.example,fitness
CR00088,youtube,@creator88_youtube,75395,880,66578,2060,77,283,,False,Creator 88,MX,creator88@mail.example,education
CR00089,instagram,@creator89_instagram,38938,199,17639,1297,20,0,2.0,False,Creator 89,KR,creator89@mail.example,finance
CR00089,youtube,@creator89_youtube,24972,2766,27803,1852,61,15,,False,Creator 89,KR,creator89@mail.example,finance
CR00090,youtube,@creator90_youtube,28700,500,63543,2803,400,3,,False,Creator 90,DE,creator90@mail.example,travel
CR00090,instagram,@creator90_instagram,41496,2709,14109,351,32,0,18.0,False,Creator 90,DE,creator90@mail.example,travel
CR00090,tiktok,@creator90_tiktok,18303,1397,199503,6090,445,2073,116.0,False,Creator 90,DE,creator90@mail.example,travel
CR00091,tiktok,@creator91_tiktok,5909,-40,30679,565,2,2,48.0,False,Creator 91,DE,creator91@mail.example,comedy
CR00092,youtube,@creator92_youtube,3730036,608543,3746503,212775,22553,80840,,False,Creator 92,DE,creator92@mail.example,tech
CR00092,tiktok,@creator92_tiktok,431191,-11618,890708,37407,3011,37,0.0,False,Creator 92,DE,creator92@mail.example,tech
CR00093,youtube,@creator93_youtube,40116,5231,21258,705,14,33,,False,Creator 93,KR,creator93@mail.example,finance
CR00093,instagram,@creator93_instagram,5886,718,1185,62,0,3,6.0,False,Creator 93,KR,creator93@mail.example,finance
CR00094,youtube,@creator94_youtube,36928,4185,25150,995,226,51,,False,Creator 94,JP,creator94@mail.example,fitness
CR00095,instagram,@creator95_instagram,34062,164,31964,1769,47,107,354.0,False,Creator 95,KR,creator95@mail.example,tech
CR00095,youtube,@creator95_youtube,34273,184,32908,2356,95,121,,False,Creator 95,KR,creator95@mail.example,tech
CR00095,tiktok,@creator95_tiktok,82206,14363,563436,16967,1310,385,88.0,False,Creator 95,KR,creator95@mail.example,tech
CR00096,tiktok,@creator96_tiktok,2183,116,2626,75,6,0,13.0,False,Creator 96,JP,creator96@mail.example,food
CR00096,youtube,@creator96_youtube,8976,1454,19480,1737,82,59,,False,Creator 96,JP,creator96@mail.example,food
CR00096,instagram,@creator96_instagram,122748,7537,93790,1792,94,1,551.0,False,Creator 96,JP,creator96@mail.example,food
CR00097,youtube,@creator97_youtube,54689,6209,48291,1822,310,0,,False,Creator 97,GB,creator97@mail.example,food
CR00097,instagram,@creator97_instagram,94734,10461,40544,1561,218,0,87.0,False,Creator 97,GB,creator97@mail.example,food
CR00097,tiktok,@creator97_tiktok,1230702,73870,1033524,27449,504,835,3.0,False,Creator 97,GB,creator97@mail.example,food
CR00098,tiktok,@creator98_tiktok,2169,262,20193,1384,304,13,1.0,False,Creator 98,GB,creator98@mail.example,education
CR00098,instagram,@creator98_instagram,22111,2724,8817,560,10,1,3.0,False,Creator 98,GB,creator98@mail.example,education
CR00099,tiktok,@creator99_tiktok,23952,1563,138428,5598,25,0,476.0,False,Creator 99,IN,creator99@mail.example,fitness
CR00099,youtube,@creator99_youtube,50027,2279,60222,4838,110,0,,False,Creator 99,IN,creator99@mail.example,fitness
CR00099,instagram,@creator99_instagram,16524,1396,11915,272,108,3,9.0,False,Creator 99,IN,creator99@mail.example,fitness
CR00100,tiktok,@creator100_tiktok,9198,1330,18640,338,69,0,17.0,False,Creator 100,JP,creator100@mail.example,beauty
CR00100,youtube,@creator100_youtube,32074,4403,71720,2526,38,114,,False,Creator 100,JP,creator100@mail.example,beauty
CR00100,instagram,@creator100_instagram,5461,336,7665,353,32,0,23.0,False,Creator 100,JP,creator100@mail.example,beauty
CR00101,instagram,@creator101_instagram,275801,30719,93013,3683,0,282,21.0,True,Creator 101,GB,creator101@mail.example,beauty
CR00101,youtube,@creator101_youtube,28619,2759,10185,837,134,0,,False,Creator 101,GB,creator101@mail.example,beauty
CR00101,tiktok,@creator101_tiktok,125429,3368,813025,31466,5249,6683,6104.0,False,Creator 101,GB,creator101@mail.example,beauty
CR00102,tiktok,@creator102_tiktok,306171,12759,412496,10970,143,23,401.0,False,Creator 102,US,creator102@mail.example,education
CR00102,youtube,@creator102_youtube,112528,7051,317178,23668,925,348,,False,Creator 102,US,creator102@mail.example,education
CR00102,instagram,@creator102_instagram,122570,1762,110839,5420,603,822,615.0,False,Creator 102,US,creator102@mail.example,education
CR00103,instagram,@creator103_instagram,146891,-1357,87541,3228,26,510,5.0,False,Creator 103,IN,creator103@mail.example,comedy
CR00103,youtube,@creator103_youtube,102631,9263,208419,4401,2,609,,False,Creator 103,IN,creator103@mail.example,comedy
CR00103,tiktok,@creator103_tiktok,3075,206,14822,984,1,5,47.0,False,Creator 103,IN,creator103@mail.example,comedy
CR00104,youtube,@creator104_youtube,12813,2586,10608,525,1,20,,False,Creator 104,KR,creator104@mail.example,beauty
CR00104,tiktok,@creator104_tiktok,15859,1451,44745,1021,78,0,345.0,False,Creator 104,KR,creator104@mail.example,beauty
CR00105,instagram,@creator105_instagram,115474,6512,32334,1684,31,166,12.0,False,Creator 105,JP,creator105@mail.example,travel
CR00106,instagram,@creator106_instagram,4847,-56,2572,126,5,0,14.0,False,Creator 106,IN,creator106@mail.example,travel
CR00107,tiktok,@creator107_tiktok,12114,847,46756,3553,147,226,162.0,False,Creator 107,FR,creator107@mail.example,beauty
CR00107,youtube,@creator107_youtube,59984,10484,43915,1250,68,14,,False,Creator 107,FR,creator107@mail.example,beauty
CR00108,youtube,@creator108_youtube,342715,13587,150452,7999,0,683,,False,Creator 108,DE,creator108@mail.example,music
CR00108,tiktok,@creator108_tiktok,31858,-1036,70469,1925,173,290,68.0,False,Creator 108,DE,creator108@mail.example,music
CR00108,instagram,@creator108_instagram,235425,14202,120798,5389,19,155,99.0,False,Creator 108,DE,creator108@mail.example,music
CR00109,instagram,@creator109_instagram,62476,2057,38772,844,43,0,24.0,False,Creator 109,US,creator109@mail.example,music
CR00109,tiktok,@creator109_tiktok,17923,2245,40438,2057,356,256,17.0,False,Creator 109,US,creator109@mail.example,music
CR00110,instagram,@creator110_instagram,76238,5873,13717,717,16,25,67.0,False,Creator 110,JP,creator110@mail.example,beauty
CR00110,tiktok,@creator110_tiktok,226601,20406,731953,36556,344,1242,835.0,False,Creator 110,JP,creator110@mail.example,beauty
CR00110,youtube,@creator110_youtube,239244,18147,409169,23237,5834,106,,False,Creator 110,JP,creator110@mail.example,beauty
CR00111,tiktok,@creator111_tiktok,79483,10556,574956,11977,1152,0,144.0,False,Creator 111,DE,creator111@mail.example,music
CR00111,youtube,@creator111_youtube,23458,37,36019,2677,74,85,,False,Creator 111,DE,creator111@mail.example,music
CR00112,youtube,@creator112_youtube,84994,-1270,214466,13936,89,0,,False,Creator 112,CA,creator112@mail.example,gaming
CR00112,tiktok,@creator112_tiktok,5390,642,6371,301,18,0,3.0,False,Creator 112,CA,creator112@mail.example,gaming
CR00113,youtube,@creator113_youtube,22590,1167,14961,662,119,0,,False,Creator 113,KR,creator113@mail.example,travel
CR00113,instagram,@creator113_instagram,205052,299,71703,4539,842,8,353.0,False,Creator 113,KR,creator113@mail.example,travel
CR00113,tiktok,@creator113_tiktok,178876,5818,238118,12283,1186,532,74.0,False,Creator 113,KR,creator113@mail.example,travel
CR00114,instagram,@creator114_instagram,89766,7030,272135,17979,360,258,48.0,False,Creator 114,GB,creator114@mail.example,food
CR00115,youtube,@creator115_youtube,116885,17931,247953,4550,290,306,,False,Creator 115,JP,creator115@mail.example,tech
CR00116,instagram,@creator116_instagram,4803,218,3173,171,0,2,47.0,False,Creator 116,US,creator116@mail.example,tech
CR00116,youtube,@creator116_youtube,1010173,-10389,370189,12697,133,798,,False,Creator 116,US,creator116@mail.example,tech
CR00117,instagram,@creator117_instagram,155370,10320,109224,4935,26,0,598.0,False,Creator 117,BR,creator117@mail.example,music
CR00117,tiktok,@creator117_tiktok,43845,3991,100433,4354,2398,639,441.0,False,Creator 117,BR,creator117@mail.example,music
CR00117,youtube,@creator117_youtube,8837,672,13203,546,13,0,,False,Creator 117,BR,creator117@mail.example,music
CR00118,youtube,@creator118_youtube,9660,1715,16182,737,82,13,,False,Creator 118,IN,creator118@mail.example,comedy
CR00118,instagram,@creator118_instagram,980234,-76856,618099,19283,4431,6003,708.0,False,Creator 118,IN,creator118@mail.example,comedy
CR00119,youtube,@creator119_youtube,108858,17155,191553,11412,1786,80,,False,Creator 119,CA,creator119@mail.example,comedy
CR00119,tiktok,@creator119_tiktok,28305,2001,83199,3400,55,106,389.0,False,Creator 119,CA,creator119@mail.example,comedy
CR00120,tiktok,@creator120_tiktok,107132,7661,1812071,67250,3316,10990,3514.0,False,Creator 120,BR,creator120@mail.example,fitness
CR00121,instagram,@creator121_instagram,56458,-1879,45984,3383,88,53,469.0,False,Creator 121,FR,creator121@mail.example,music
CR00121,tiktok,@creator121_tiktok,150936,7634,367564,20984,1092,9,2978.0,False,Creator 121,FR,creator121@mail.example,music
CR00121,youtube,@creator121_youtube,18128,2288,51554,3849,0,305,,False,Creator 121,FR,creator121@mail.example,music
CR00122,tiktok,@creator122_tiktok,192333,-866,328698,7367,1232,395,61.0,False,Creator 122,FR,creator122@mail.example,food
CR00122,instagram,@creator122_instagram,27502,962,24387,1782,74,0,0.0,True,Creator 122,FR,creator122@mail.example,food
CR00123,youtube,@creator123_youtube,562079,18221,1275563,54567,81,22,,False,Creator 123,JP,creator123@mail.example,education
CR00123,tiktok,@creator123_tiktok,980793,42798,2588400,149959,26982,106,8408.0,False,Creator 123,JP,creator123@mail.example,education
CR00124,youtube,@creator124_youtube,6257,389,4279,286,71,0,,False,Creator 124,GB,creator124@mail.example,fitness
CR00125,tiktok,@creator125_tiktok,18355,1932,387325,13892,14,12,3.0,False,Creator 125,CA,creator125@mail.example,comedy
CR00125,instagram,@creator125_instagram,2131419,52355,2886662,95802,2063,2848,1206.0,True,Creator 125,CA,creator125@mail.example,comedy
CR00125,youtube,@creator125_youtube,203450,25220,382867,11686,2,1648,,False,Creator 125,CA,creator125@mail.example,comedy
CR00126,youtube,@creator126_youtube,55174,8135,90834,7600,11,282,,False,Creator 126,JP,creator126@mail.example,finance
CR00126,instagram,@creator126_instagram,67484,-2057,26728,1021,51,137,31.0,False,Creator 126,JP,creator126@mail.example,finance
CR00127,tiktok,@creator127_tiktok,5755,-90,21833,835,36,0,0.0,False,Creator 127,FR,creator127@mail.example,finance
CR00127,instagram,@creator127_instagram,15645,517,2158,204,9,14,3.0,False,Creator 127,FR,creator127@mail.example,finance
CR00128,tiktok,@creator128_tiktok,442091,34073,327007,7827,609,54,60.0,False,Creator 128,MX,creator128@mail.example,gaming
CR00128,instagram,@creator128_instagram,18487,620,4838,222,44,41,31.0,False,Creator 128,MX,creator128@mail.example,gaming
CR00128,youtube,@creator128_youtube,463857,43635,946515,23432,165,1478,,False,Creator 128,MX,creator128@mail.example,gaming
CR00129,instagram,@creator129_instagram,11874,306,4312,206,10,8,64.0,False,Creator 129,IN,creator129@mail.example,travel
CR00129,tiktok,@creator129_tiktok,38643,2079,230586,13168,182,202,2593.0,False,Creator 129,IN,creator129@mail.example,travel
CR00130,youtube,@creator130_youtube,14316,675,14767,726,48,136,,False,Creator 130,CA,creator130@mail.example,finance
CR00130,tiktok,@creator130_tiktok,1319023,-4150,2049532,45777,1742,5273,3978.0,False,Creator 130,CA,creator130@mail.example,finance
CR00130,instagram,@creator130_instagram,96044,7083,72491,4170,304,166,472.0,False,Creator 130,CA,creator130@mail.example,finance
CR00131,tiktok,@creator131_tiktok,57843,1107,512429,32438,255,637,419.0,False,Creator 131,FR,creator131@mail.example,travel
CR00131,instagram,@creator131_instagram,59876,-3421,35152,2174,529,239,178.0,True,Creator 131,FR,creator131@mail.example,travel
CR00131,youtube,@creator131_youtube,37463,1888,50487,899,0,198,,False,Creator 131,FR,creator131@mail.example,travel
CR00132,youtube,@creator132_youtube,65984,1777,76673,3509,545,163,,False,Creator 132,MX,creator132@mail.example,comedy
CR00132,tiktok,@creator132_tiktok,94419,17651,280093,10371,3743,428,271.0,False,Creator 132,MX,creator132@mail.example,comedy
CR00133,youtube,@creator133_youtube,868227,-99982,1715799,145371,27009,12307,,False,Creator 133,IN,creator133@mail.example,fitness
CR00134,instagram,@creator134_instagram,28385,-464,40451,1008,28,6,138.0,False,Creator 134,FR,creator134@mail.example,education
CR00134,youtube,@creator134_youtube,13868,2691,12470,1233,27,73,,False,Creator 134,FR,creator134@mail.example,education
CR00135,youtube,@creator135_youtube,372447,40877,469057,19712,1851,363,,False,Creator 135,DE,creator135@mail.example,comedy
CR00136,youtube,@creator136_youtube,198961,24505,311604,19401,4952,0,,False,Creator 136,FR,creator136@mail.example,travel
CR00136,instagram,@creator136_instagram,93315,4042,34239,834,188,103,468.0,False,Creator 136,FR,creator136@mail.example,travel
CR00136,tiktok,@creator136_tiktok,85584,3851,359860,17555,2896,3933,602.0,False,Creator 136,FR,creator136@mail.example,travel
CR00137,instagram,@creator137_instagram,13354,1481,5699,131,0,1,7.0,False,Creator 137,BR,creator137@mail.example,fitness
CR00137,youtube,@creator137_youtube,35439,7120,42321,1560,95,15,,False,Creator 137,BR,creator137@mail.example,fitness
CR00138,instagram,@creator138_instagram,4674,102,1185,34,0,0,0.0,False,Creator 138,CA,creator138@mail.example,education
CR00138,youtube,@creator138_youtube,69604,1440,15705,846,34,60,,False,Creator 138,CA,creator138@mail.example,education
CR00138,tiktok,@creator138_tiktok,20694,2343,28027,1796,121,107,358.0,False,Creator 138,CA,creator138@mail.example,education
CR00139,tiktok,@creator139_tiktok,6324,480,48356,4750,151,19,224.0,False,Creator 139,GB,creator139@mail.example,education
CR00139,instagram,@creator139_instagram,109108,13415,32858,643,0,50,38.0,False,Creator 139,GB,creator139@mail.example,education
CR00140,tiktok,@creator140_tiktok,53537,8417,137430,4854,1869,9,616.0,False,Creator 140,CA,creator140@mail.example,tech
CR00140,youtube,@creator140_youtube,99117,11805,105587,3069,92,95,,False,Creator 140,CA,creator140@mail.example,tech
CR00141,instagram,@creator141_instagram,56314,6511,12773,714,7,27,7.0,False,Creator 141,CA,creator141@mail.example,finance
CR00141,youtube,@creator141_youtube,16010,2931,37517,2169,629,32,,False,Creator 141,CA,creator141@mail.example,finance
CR00142,youtube,@creator142_youtube,54521,8298,37831,1038,255,135,,False,Creator 142,BR,creator142@mail.example,food
CR00143,youtube,@creator143_youtube,34613,3467,26666,503,160,0,,False,Creator 143,BR,creator143@mail.example,fitness
CR00143,tiktok,@creator143_tiktok,53777,859,383038,23106,1400,920,133.0,False,Creator 143,BR,creator143@mail.example,fitness
CR00143,instagram,@creator143_instagram,227850,41146,1059702,44656,1671,0,77.0,False,Creator 143,BR,creator143@mail.example,fitness
CR00144,tiktok,@creator144_tiktok,55668,11095,326436,13312,343,382,41.0,False,Creator 144,US,creator144@mail.example,travel
CR00144,instagram,@creator144_instagram,49489,6693,46708,4334,407,42,34.0,True,Creator 144,US,creator144@mail.example,travel
CR00145,youtube,@creator145_youtube,13569,1917,27897,1264,114,131,,False,Creator 145,JP,creator145@mail.example,education
CR00146,instagram,@creator146_instagram,1687708,150141,1238940,59088,69,1200,8192.0,False,Creator 146,KR,creator146@mail.example,food
CR00146,tiktok,@creator146_tiktok,255295,-4356,1314142,27853,3080,340,271.0,False,Creator 146,KR,creator146@mail.example,food
CR00147,youtube,@creator147_youtube,94170,-4712,255433,19386,171,254,,False,Creator 147,CA,creator147@mail.example,comedy
CR00147,tiktok,@creator147_tiktok,2501,-37,7877,556,10,0,6.0,False,Creator 147,CA,creator147@mail.example,comedy
CR00147,instagram,@creator147_instagram,83823,5425,17699,559,3,6,1.0,False,Creator 147,CA,creator147@mail.example,comedy
CR00148,youtube,@creator148_youtube,100482,4377,196853,11680,617,31,,False,Creator 148,IN,creator148@mail.example,food
CR00148,instagram,@creator148_instagram,25870,1528,10936,635,0,0,0.0,False,Creator 148,IN,creator148@mail.example,food
CR00149,tiktok,@creator149_tiktok,329384,47401,760957,20611,1386,756,306.0,False,Creator 149,IN,creator149@mail.example,tech
CR00149,instagram,@creator149_instagram,60030,6665,24524,956,63,14,2.0,False,Creator 149,IN,creator149@mail.example,tech
CR00149,youtube,@creator149_youtube,28736,-1473,42409,2204,93,0,,False,Creator 149,IN,creator149@mail.example,tech
CR00150,tiktok,@creator150_tiktok,24020,1332,332403,9631,41,373,30.0,False,Creator 150,US,creator150@mail.example,tech
CR00150,instagram,@creator150_instagram,320811,31464,294117,10310,1639,233,2821.0,False,Creator 150,US,creator150@mail.example,tech
CR00151,youtube,@creator151_youtube,7034,1019,6496,418,6,61,,False,Creator 151,CA,creator151@mail.example,finance
CR00151,tiktok,@creator151_tiktok,15959,1537,69004,1189,240,191,7.0,False,Creator 151,CA,creator151@mail.example,finance
CR00151,instagram,@creator151_instagram,26182,4143,9342,259,6,0,0.0,False,Creator 151,CA,creator151@mail.example,finance
CR00152,instagram,@creator152_instagram,45456,7595,14758,473,63,0,4.0,False,Creator 152,FR,creator152@mail.example,fitness
CR00152,tiktok,@creator152_tiktok,12619,2556,25362,1995,0,19,34.0,False,Creator 152,FR,creator152@mail.example,fitness
CR00152,youtube,@creator152_youtube,26000,3303,16601,604,7,0,,False,Creator 152,FR,creator152@mail.example,fitness
CR00153,instagram,@creator153_instagram,368939,25130,225789,13796,78,1280,85.0,False,Creator 153,MX,creator153@mail.example,fitness
CR00153,tiktok,@creator153_tiktok,1215100,60494,5226417,243788,7905,328,7423.0,False,Creator 153,MX,creator153@mail.example,fitness
CR00153,youtube,@creator153_youtube,15459,1296,42597,1280,116,8,,False,Creator 153,MX,creator153@mail.example,fitness
CR00154,instagram,@creator154_instagram,156669,10221,29057,1918,2,71,0.0,False,Creator 154,DE,creator154@mail.example,food
CR00154,youtube,@creator154_youtube,43574,263,166891,4124,119,568,,False,Creator 154,DE,creator154@mail.example,food
CR00155,instagram,@creator155_instagram,141097,21200,47272,2493,257,8,81.0,False,Creator 155,KR,creator155@mail.example,travel
CR00155,tiktok,@creator155_tiktok,121151,13937,863032,58742,2723,2485,2093.0,False,Creator 155,KR,creator155@mail.example,travel
CR00155,youtube,@creator155_youtube,245772,1032,527546,28232,231,0,,False,Creator 155,KR,creator155@mail.example,travel
CR00156,instagram,@creator156_instagram,48872,682,32899,734,24,86,19.0,False,Creator 156,KR,creator156@mail.example,finance
CR00156,tiktok,@creator156_tiktok,92612,10341,478906,13331,1065,1243,1593.0,False,Creator 156,KR,creator156@mail.example,finance
CR00157,tiktok,@creator157_tiktok,42506,5396,137713,7991,922,117,1014.0,False,Creator 157,DE,creator157@mail.example,comedy
CR00158,youtube,@creator158_youtube,36661,1245,156928,11377,50,0,,False,Creator 158,CA,creator158@mail.example,travel
CR00158,tiktok,@creator158_tiktok,216194,12229,323081,6693,958,4,0.0,False,Creator 158,CA,creator158@mail.example,travel
CR00158,instagram,@creator158_instagram,31062,653,20449,330,77,6,40.0,False,Creator 158,CA,creator158@mail.example,travel
CR00159,instagram,@creator159_instagram,6149,-103,5389,111,48,2,1.0,False,Creator 159,MX,creator159@mail.example,fitness
CR00160,instagram,@creator160_instagram,117546,11014,92617,2984,242,0,180.0,False,Creator 160,KR,creator160@mail.example,food
CR00160,youtube,@creator160_youtube,144467,6546,733541,26113,2559,282,,False,Creator 160,KR,creator160@mail.example,food
CR00160,tiktok,@creator160_tiktok,575339,89046,798300,20548,162,258,757.0,False,Creator 160,KR,creator160@mail.example,food
CR00161,tiktok,@creator161_tiktok,6380,1090,16573,996,160,96,40.0,False,Creator 161,US,creator161@mail.example,travel
CR00161,instagram,@creator161_instagram,35941,2317,21130,1789,29,29,39.0,False,Creator 161,US,creator161@mail.example,travel
CR00162,tiktok,@creator162_tiktok,168927,12867,310508,5980,122,1133,246.0,False,Creator 162,JP,creator162@mail.example,food
CR00163,instagram,@creator163_instagram,3074,51,1755,63,7,1,13.0,False,Creator 163,MX,creator163@mail.example,tech
CR00164,instagram,@creator164_instagram,1544,122,1612,59,4,1,7.0,True,Creator 164,FR,creator164@mail.example,beauty
CR00164,tiktok,@creator164_tiktok,288306,48569,721918,16661,805,131,17.0,False,Creator 164,FR,creator164@mail.example,beauty
CR00165,youtube,@creator165_youtube,22183,1056,30825,1194,0,58,,False,Creator 165,FR,creator165@mail.example,fitness
CR00165,instagram,@creator165_instagram,243683,21444,359794,8969,909,1086,2829.0,False,Creator 165,FR,creator165@mail.example,fitness
CR00166,instagram,@creator166_instagram,2041,55,2925,186,11,1,0.0,False,Creator 166,FR,creator166@mail.example,beauty
CR00166,tiktok,@creator166_tiktok,31031,4597,141075,6769,1224,888,5.0,False,Creator 166,FR,creator166@mail.example,beauty
CR00166,youtube,@creator166_youtube,2537,-117,6201,349,32,11,,False,Creator 166,FR,creator166@mail.example,beauty
CR00167,instagram,@creator167_instagram,10264,1229,2189,71,4,0,23.0,False,Creator 167,FR,creator167@mail.example,food
CR00168,instagram,@creator168_instagram,52398,795,46840,3283,454,308,103.0,False,Creator 168,GB,creator168@mail.example,music
CR00168,youtube,@creator168_youtube,57142,7544,218677,6108,751,74,,False,Creator 168,GB,creator168@mail.example,music
CR00168,tiktok,@creator168_tiktok,20837,1986,24488,1266,142,80,0.0,False,Creator 168,GB,creator168@mail.example,music
CR00169,tiktok,@creator169_tiktok,63433,7444,599114,22297,768,0,6099.0,False,Creator 169,JP,creator169@mail.example,fitness
CR00170,instagram,@creator170_instagram,263985,35904,110969,5799,812,7,28.0,False,Creator 170,FR,creator170@mail.example,fitness
CR00171,youtube,@creator171_youtube,41114,5820,126444,5274,254,246,,False,Creator 171,US,creator171@mail.example,tech
CR00172,tiktok,@creator172_tiktok,82386,10893,449908,10368,438,166,429.0,False,Creator 172,BR,creator172@mail.example,tech
CR00172,instagram,@creator172_instagram,14615,-913,2237,77,3,10,4.0,False,Creator 172,BR,creator172@mail.example,tech
CR00172,youtube,@creator172_youtube,47758,6564,67862,3782,62,82,,False,Creator 172,BR,creator172@mail.example,tech
CR00173,youtube,@creator173_youtube,14578,3057,6931,563,30,0,,False,Creator 173,GB,creator173@mail.example,music
CR00173,tiktok,@creator173_tiktok,168038,16109,669761,41879,189,7289,83.0,False,Creator 173,GB,creator173@mail.example,music
CR00173,instagram,@creator173_instagram,8265,1126,2289,104,0,4,7.0,False,Creator 173,GB,creator173@mail.example,music
CR00174,youtube,@creator174_youtube,2644,207,4187,107,18,0,,False,Creator 174,BR,creator174@mail.example,tech
CR00174,tiktok,@creator174_tiktok,59407,-3175,97041,2530,18,0,0.0,False,Creator 174,BR,creator174@mail.example,tech
CR00174,instagram,@creator174_instagram,3297,276,2437,108,21,7,0.0,False,Creator 174,BR,creator174@mail.example,tech
CR00175,tiktok,@creator175_tiktok,998925,28199,6101877,346629,21199,0,50274.0,False,Creator 175,JP,creator175@mail.example,food
CR00175,instagram,@creator175_instagram,49249,7945,21632,1004,0,0,80.0,False,Creator 175,JP,creator175@mail.example,food
CR00175,youtube,@creator175_youtube,14329,588,14112,568,59,76,,False,Creator 175,JP,creator175@mail.example,food
CR00176,instagram,@creator176_instagram,49996,3688,17475,1213,0,141,145.0,False,Creator 176,CA,creator176@mail.example,beauty
CR00176,youtube,@creator176_youtube,69392,4187,71435,2721,129,134,,False,Creator 176,CA,creator176@mail.example,beauty
CR00176,tiktok,@creator176_tiktok,1474,121,14594,610,0,61,83.0,False,Creator 176,CA,creator176@mail.example,beauty
CR00177,tiktok,@creator177_tiktok,3424,225,31110,988,10,19,43.0,False,Creator 177,GB,creator177@mail.example,beauty
CR00177,youtube,@creator177_youtube,1597311,78782,3093719,122109,629,2092,,False,Creator 177,GB,creator177@mail.example,beauty
CR00177,instagram,@creator177_instagram,201664,10534,581650,48940,9380,4,90.0,False,Creator 177,GB,creator177@mail.example,beauty
CR00178,instagram,@creator178_instagram,31897,4265,22933,539,9,13,4.0,False,Creator 178,DE,creator178@mail.example,tech
CR00178,youtube,@creator178_youtube,51442,6820,27062,1342,75,0,,False,Creator 178,DE,creator178@mail.example,tech
CR00178,tiktok,@creator178_tiktok,1558613,90864,4903809,237971,7525,3368,11891.0,False,Creator 178,DE,creator178@mail.example,tech
CR00179,youtube,@creator179_youtube,24726,1869,10796,502,213,2,,False,Creator 179,KR,creator179@mail.example,food
CR00179,tiktok,@creator179_tiktok,29051,636,92867,1406,288,494,53.0,False,Creator 179,KR,creator179@mail.example,food
CR00179,instagram,@creator179_instagram,26188,1449,3412,125,14,6,10.0,False,Creator 179,KR,creator179@mail.example,food
CR00180,tiktok,@creator180_tiktok,33397,2720,81226,1515,444,104,96.0,False,Creator 180,US,creator180@mail.example,music
CR00180,youtube,@creator180_youtube,4684,940,8629,196,0,5,,False,Creator 180,US,creator180@mail.example,music
CR00180,instagram,@creator180_instagram,52713,817,45296,1596,104,12,1.0,False,Creator 180,US,creator180@mail.example,music
CR00181,instagram,@creator181_instagram,8895,1369,3264,99,8,7,0.0,False,Creator 181,GB,creator181@mail.example,education
CR00181,tiktok,@creator181_tiktok,37377,2918,168263,2484,0,606,113.0,False,Creator 181,GB,creator181@mail.example,education
CR00181,youtube,@creator181_youtube,242715,10981,246488,5362,956,9,,False,Creator 181,GB,creator181@mail.example,education
CR00182,youtube,@creator182_youtube,52294,5686,111308,5114,1065,8,,False,Creator 182,US,creator182@mail.example,gaming
CR00182,tiktok,@creator182_tiktok,125140,-196,1926548,49161,6239,439,4737.0,False,Creator 182,US,creator182@mail.example,gaming
CR00183,youtube,@creator183_youtube,14677,120,6529,238,18,145,,False,Creator 183,KR,creator183@mail.example,gaming
CR00183,tiktok,@creator183_tiktok,148807,18353,916876,68596,8069,0,4975.0,False,Creator 183,KR,creator183@mail.example,gaming
CR00183,instagram,@creator183_instagram,175515,12327,38666,1208,20,0,45.0,False,Creator 183,KR,creator183@mail.example,gaming
CR00184,instagram,@creator184_instagram,176979,3644,46519,1837,127,13,219.0,False,Creator 184,CA,creator184@mail.example,music
CR00184,tiktok,@creator184_tiktok,40467,3427,46061,1883,447,497,71.0,False,Creator 184,CA,creator184@mail.example,music
CR00184,youtube,@creator184_youtube,293184,20373,388835,18190,37,81,,False,Creator 184,CA,creator184@mail.example,music
CR00185,youtube,@creator185_youtube,90893,1899,130027,8793,11,12,,False,Creator 185,MX,creator185@mail.example,music
CR00185,tiktok,@creator185_tiktok,120222,17057,179443,9822,2415,81,149.0,False,Creator 185,MX,creator185@mail.example,music
CR00186,tiktok,@creator186_tiktok,38441,6812,239522,13936,885,21,0.0,False,Creator 186,GB,creator186@mail.example,food
CR00186,instagram,@creator186_instagram,13125,667,17115,402,32,13,0.0,True,Creator 186,GB,creator186@mail.example,food
CR00186,youtube,@creator186_youtube,18981,2841,20025,1828,2,1,,False,Creator 186,GB,creator186@mail.example,food
CR00187,tiktok,@creator187_tiktok,1260032,50326,3629299,135697,5174,14949,11310.0,False,Creator 187,DE,creator187@mail.example,comedy
CR00187,instagram,@creator187_instagram,29830,2241,9305,312,187,6,26.0,False,Creator 187,DE,creator187@mail.example,comedy
CR00187,youtube,@creator187_youtube,1745647,70074,2354283,201369,29017,1,,False,Creator 187,DE,creator187@mail.example,comedy
CR00188,instagram,@creator188_instagram,98567,3519,132645,7160,85,274,398.0,False,Creator 188,KR,creator188@mail.example,tech
CR00188,youtube,@creator188_youtube,15720,1787,40545,950,4,0,,False,Creator 188,KR,creator188@mail.example,tech
CR00189,youtube,@creator189_youtube,187495,24069,281272,14642,626,1568,,False,Creator 189,US,creator189@mail.example,education
CR00189,instagram,@creator189_instagram,42984,1503,92680,4040,447,530,1000.0,False,Creator 189,US,creator189@mail.example,education
CR00190,tiktok,@creator190_tiktok,255474,20896,654908,48289,2591,3975,4518.0,False,Creator 190,GB,creator190@mail.example,gaming
CR00190,instagram,@creator190_instagram,11778,-86,20220,1387,145,91,93.0,False,Creator 190,GB,creator190@mail.example,gaming
CR00191,tiktok,@creator191_tiktok,223326,-11081,326068,8016,189,158,536.0,False,Creator 191,BR,creator191@mail.example,fitness
CR00191,instagram,@creator191_instagram,20140,2628,17417,864,61,0,69.0,False,Creator 191,BR,creator191@mail.example,fitness
CR00191,youtube,@creator191_youtube,391105,20085,1084007,44347,1081,10526,,False,Creator 191,BR,creator191@mail.example,fitness
CR00192,youtube,@creator192_youtube,17266,2311,11477,565,93,66,,False,Creator 192,KR,creator192@mail.example,tech
CR00192,tiktok,@creator192_tiktok,12608,1727,58805,3968,15,497,147.0,False,Creator 192,KR,creator192@mail.example,tech
CR00192,instagram,@creator192_instagram,82711,344,53347,1958,105,101,0.0,False,Creator 192,KR,creator192@mail.example,tech
CR00193,tiktok,@creator193_tiktok,59170,7256,229281,8624,0,0,42.0,False,Creator 193,FR,creator193@mail.example,finance
CR00193,youtube,@creator193_youtube,34589,902,81854,1964,1,607,,False,Creator 193,FR,creator193@mail.example,finance
CR00194,tiktok,@creator194_tiktok,52231,9917,194817,9243,767,4,1017.0,False,Creator 194,CA,creator194@mail.example,music
CR00194,youtube,@creator194_youtube,96602,1349,644642,17287,1698,59,,False,Creator 194,CA,creator194@mail.example,music
CR00194,instagram,@creator194_instagram,24788,1725,11717,258,7,30,26.0,False,Creator 194,CA,creator194@mail.example,music
CR00195,youtube,@creator195_youtube,91646,11520,43516,1175,8,19,,False,Creator 195,IN,creator195@mail.example,gaming
CR00196,tiktok,@creator196_tiktok,687749,2511,5188665,140864,16526,8865,5201.0,False,Creator 196,DE,creator196@mail.example,food
CR00197,instagram,@creator197_instagram,27155,2116,18919,433,6,51,7.0,False,Creator 197,KR,creator197@mail.example,music
CR00197,tiktok,@creator197_tiktok,14957,1663,19932,1361,358,115,93.0,False,Creator 197,KR,creator197@mail.example,music
CR00197,youtube,@creator197_youtube,80839,10566,52138,2184,0,63,,False,Creator 197,KR,creator197@mail.example,music
CR00198,youtube,@creator198_youtube,389846,-1185,76898,7236,33,21,,False,Creator 198,DE,creator198@mail.example,finance
CR00198,instagram,@creator198_instagram,137877,-3340,108925,7887,27,526,1016.0,True,Creator 198,DE,creator198@mail.example,finance
CR00199,youtube,@creator199_youtube,63074,6151,33258,1726,127,1,,False,Creator 199,JP,creator199@mail.example,finance
CR00199,instagram,@creator199_instagram,702454,4490,435474,12420,577,474,26.0,False,Creator 199,JP,creator199@mail.example,finance
CR00200,tiktok,@creator200_tiktok,2967,704,19756,1598,133,119,105.0,False,Creator 200,GB,creator200@mail.example,music
CR00200,youtube,@creator200_youtube,22359,-736,13774,484,74,16,,False,Creator 200,GB,creator200@mail.example,music
CR00200,instagram,@creator200_instagram,27984,6,15014,904,40,154,115.0,False,Creator 200,GB,creator200@mail.example,music
CR00201,youtube,@creator201_youtube,14888,830,17705,1580,0,170,,False,Creator 201,GB,creator201@mail.example,food
CR00201,tiktok,@creator201_tiktok,17219,2038,50671,2883,45,81,324.0,False,Creator 201,GB,creator201@mail.example,food
CR00202,instagram,@creator202_instagram,41539,-1705,22712,1447,153,62,104.0,False,Creator 202,JP,creator202@mail.example,finance
CR00202,youtube,@creator202_youtube,14061,700,48469,1858,1,25,,False,Creator 202,JP,creator202@mail.example,finance
CR00202,tiktok,@creator202_tiktok,26512,781,54783,4391,83,2,67.0,False,Creator 202,JP,creator202@mail.example,finance
CR00203,tiktok,@creator203_tiktok,30347,3828,171044,6585,1024,0,211.0,False,Creator 203,JP,creator203@mail.example,food
CR00203,instagram,@creator203_instagram,69403,6557,27105,1540,79,17,22.0,False,Creator 203,JP,creator203@mail.example,food
CR00204,instagram,@creator204_instagram,197885,12909,242967,4331,43,15,189.0,False,Creator 204,JP,creator204@mail.example,fitness
CR00204,tiktok,@creator204_tiktok,9900,1036,135473,4318,1014,30,101.0,False,Creator 204,JP,creator204@mail.example,fitness
CR00205,youtube,@creator205_youtube,185077,19989,223542,9764,1532,495,,False,Creator 205,JP,creator205@mail.example,beauty
CR00205,tiktok,@creator205_tiktok,9813,986,22274,978,5,15,99.0,False,Creator 205,JP,creator205@mail.example,beauty
CR00206,tiktok,@creator206_tiktok,7022,931,10996,269,0,0,84.0,False,Creator 206,IN,creator206@mail.example,education
CR00206,instagram,@creator206_instagram,35411,3477,38805,4132,245,9,5.0,False,Creator 206,IN,creator206@mail.example,education
CR00207,youtube,@creator207_youtube,37602,5794,59930,5412,159,576,,False,Creator 207,GB,creator207@mail.example,music
CR00208,instagram,@creator208_instagram,9497,1293,4724,220,22,0,0.0,False,Creator 208,CA,creator208@mail.example,travel
CR00208,youtube,@creator208_youtube,30357,3113,9999,580,59,71,,False,Creator 208,CA,creator208@mail.example,travel
CR00208,tiktok,@creator208_tiktok,4853,69,18422,1474,67,0,10.0,False,Creator 208,CA,creator208@mail.example,travel
CR00209,tiktok,@creator209_tiktok,62505,2641,144294,6432,15,0,175.0,False,Creator 209,GB,creator209@mail.example,tech
CR00210,youtube,@creator210_youtube,3813,787,12821,930,1,23,,False,Creator 210,DE,creator210@mail.example,beauty
CR00210,tiktok,@creator210_tiktok,42920,4275,101333,6337,400,103,910.0,False,Creator 210,DE,creator210@mail.example,beauty
CR00211,youtube,@creator211_youtube,57586,-515,121594,5689,525,8,,False,Creator 211,IN,creator211@mail.example,music
CR00211,instagram,@creator211_instagram,8932,907,3503,136,10,3,38.0,True,Creator 211,IN,creator211@mail.example,music
CR00212,tiktok,@creator212_tiktok,120684,10269,548384,20050,24,1108,0.0,False,Creator 212,JP,creator212@mail.example,food
CR00212,youtube,@creator212_youtube,57225,-179,43819,2622,943,185,,False,Creator 212,JP,creator212@mail.example,food
CR00212,instagram,@creator212_instagram,187156,26391,383918,12161,831,194,23.0,False,Creator 212,JP,creator212@mail.example,food
CR00213,instagram,@creator213_instagram,3520,222,2673,227,0,8,0.0,False,Creator 213,CA,creator213@mail.example,music
CR00214,youtube,@creator214_youtube,43474,5041,48098,1860,0,238,,False,Creator 214,MX,creator214@mail.example,fitness
CR00214,instagram,@creator214_instagram,70068,1341,53134,2097,283,0,53.0,False,Creator 214,MX,creator214@mail.example,fitness
CR00215,tiktok,@creator215_tiktok,49686,7379,71459,4386,140,138,1201.0,False,Creator 215,US,creator215@mail.example,tech
CR00215,instagram,@creator215_instagram,3563,139,7269,329,11,0,44.0,False,Creator 215,US,creator215@mail.example,tech
CR00215,youtube,@creator215_youtube,110313,13516,49365,2240,184,766,,False,Creator 215,US,creator215@mail.example,tech
CR00216,tiktok,@creator216_tiktok,11747,1204,102144,3056,214,0,290.0,False,Creator 216,BR,creator216@mail.example,music
CR00216,instagram,@creator216_instagram,25129,-30,71982,4155,335,21,120.0,False,Creator 216,BR,creator216@mail.example,music
CR00216,youtube,@creator216_youtube,56763,6833,90753,1607,470,19,,False,Creator 216,BR,creator216@mail.example,music
CR00217,instagram,@creator217_instagram,36179,1169,5559,377,10,1,0.0,True,Creator 217,MX,creator217@mail.example,education
CR00218,instagram,@creator218_instagram,4000,499,1182,93,5,9,2.0,False,Creator 218,DE,creator218@mail.example,education
CR00219,youtube,@creator219_youtube,26004,1133,69625,2671,58,38,,False,Creator 219,CA,creator219@mail.example,gaming
CR00220,tiktok,@creator220_tiktok,1900254,144747,4015749,166923,2664,1611,4.0,False,Creator 220,MX,creator220@mail.example,finance
CR00221,instagram,@creator221_instagram,67456,12711,218837,8871,624,2210,96.0,False,Creator 221,US,creator221@mail.example,music
CR00221,tiktok,@creator221_tiktok,134050,10931,444385,11214,989,834,736.0,False,Creator 221,US,creator221@mail.example,music
CR00222,tiktok,@creator222_tiktok,426653,5826,2455262,36552,312,49,18066.0,False,Creator 222,MX,creator222@mail.example,comedy
CR00223,youtube,@creator223_youtube,102340,7705,99187,6143,421,416,,False,Creator 223,IN,creator223@mail.example,fitness
CR00223,instagram,@creator223_instagram,10635,829,887,70,1,2,4.0,False,Creator 223,IN,creator223@mail.example,fitness
CR00223,tiktok,@creator223_tiktok,657788,76478,1709493,61453,3835,12627,13.0,False,Creator 223,IN,creator223@mail.example,fitness
CR00224,instagram,@creator224_instagram,17329,2515,6607,433,8,2,24.0,False,Creator 224,GB,creator224@mail.example,travel
CR00224,youtube,@creator224_youtube,92694,12993,409705,28494,2780,0,,False,Creator 224,GB,creator224@mail.example,travel
CR00224,tiktok,@creator224_tiktok,86173,10098,285385,13016,601,0,583.0,False,Creator 224,GB,creator224@mail.example,travel
CR00225,tiktok,@creator225_tiktok,21278,3056,152471,6779,813,0,30.0,False,Creator 225,IN,creator225@mail.example,gaming
CR00226,tiktok,@creator226_tiktok,41908,2419,96678,6284,243,732,1.0,False,Creator 226,MX,creator226@mail.example,music
CR00226,youtube,@creator226_youtube,41117,-1431,17204,1212,26,40,,False,Creator 226,MX,creator226@mail.example,music
CR00227,tiktok,@creator227_tiktok,1861179,238987,3037447,231316,1,15115,25383.0,False,Creator 227,DE,creator227@mail.example,education
CR00227,instagram,@creator227_instagram,26971,524,6543,329,23,8,0.0,False,Creator 227,DE,creator227@mail.example,education
CR00227,youtube,@creator227_youtube,48316,-2810,30192,737,35,0,,False,Creator 227,DE,creator227@mail.example,education
CR00228,tiktok,@creator228_tiktok,17466,1446,55702,1436,164,192,150.0,False,Creator 228,CA,creator228@mail.example,beauty
CR00228,youtube,@creator228_youtube,26928,1899,17096,919,42,65,,False,Creator 228,CA,creator228@mail.example,beauty
CR00228,instagram,@creator228_instagram,116895,8196,51234,3511,38,0,734.0,False,Creator 228,CA,creator228@mail.example,beauty
CR00229,youtube,@creator229_youtube,15267,1212,11369,538,0,59,,False,Creator 229,DE,creator229@mail.example,gaming
CR00230,tiktok,@creator230_tiktok,99028,3080,168977,9497,11,100,28.0,False,Creator 230,BR,creator230@mail.example,tech
CR00230,youtube,@creator230_youtube,42053,6955,85570,3006,1099,418,,False,Creator 230,BR,creator230@mail.example,tech
CR00230,instagram,@creator230_instagram,22785,2728,28336,1052,2,9,131.0,False,Creator 230,BR,creator230@mail.example,tech
CR00231,instagram,@creator231_instagram,208487,24898,188454,7292,1653,73,639.0,False,Creator 231,MX,creator231@mail.example,comedy
CR00231,tiktok,@creator231_tiktok,105638,8457,294909,19638,324,2074,3416.0,False,Creator 231,MX,creator231@mail.example,comedy
CR00231,youtube,@creator231_youtube,149628,13348,172640,5172,91,1190,,False,Creator 231,MX,creator231@mail.example,comedy
CR00232,instagram,@creator232_instagram,280982,24587,296942,24172,761,381,5.0,False,Creator 232,MX,creator232@mail.example,food
CR00233,tiktok,@creator233_tiktok,99530,8294,1077167,34239,8,331,84.0,False,Creator 233,MX,creator233@mail.example,fitness
CR00233,instagram,@creator233_instagram,82717,11195,33139,2545,69,38,30.0,False,Creator 233,MX,creator233@mail.example,fitness
CR00233,youtube,@creator233_youtube,22674,713,43064,3414,34,0,,False,Creator 233,MX,creator233@mail.example,fitness
CR00234,instagram,@creator234_instagram,22639,2029,11265,892,51,0,7.0,False,Creator 234,DE,creator234@mail.example,food
CR00234,youtube,@creator234_youtube,12108,2314,24400,1603,48,45,,False,Creator 234,DE,creator234@mail.example,food
CR00235,tiktok,@creator235_tiktok,57895,3717,70709,3146,7,9,122.0,False,Creator 235,BR,creator235@mail.example,comedy
CR00235,youtube,@creator235_youtube,352452,17595,1406376,19710,2311,54,,False,Creator 235,BR,creator235@mail.example,comedy
CR00235,instagram,@creator235_instagram,105827,-5411,31168,1862,25,77,184.0,False,Creator 235,BR,creator235@mail.example,comedy
CR00236,instagram,@creator236_instagram,33427,1888,71156,1754,11,79,236.0,False,Creator 236,KR,creator236@mail.example,travel
CR00236,tiktok,@creator236_tiktok,206751,29801,463914,20226,630,17,1923.0,False,Creator 236,KR,creator236@mail.example,travel
CR00237,instagram,@creator237_instagram,13847,933,10134,384,7,0,6.0,False,Creator 237,BR,creator237@mail.example,beauty
CR00238,youtube,@creator238_youtube,45591,5123,104005,5506,192,260,,False,Creator 238,BR,creator238@mail.example,finance
CR00239,instagram,@creator239_instagram,845150,103436,292363,11748,3210,799,2182.0,False,Creator 239,FR,creator239@mail.example,education
CR00239,youtube,@creator239_youtube,1723339,68825,3846099,251685,9833,0,,False,Creator 239,FR,creator239@mail.example,education
CR00240,youtube,@creator240_youtube,80699,7162,182114,14639,106,1909,,False,Creator 240,BR,creator240@mail.example,comedy
CR00240,tiktok,@creator240_tiktok,17475,2402,33757,2695,157,0,200.0,False,Creator 240,BR,creator240@mail.example,comedy
CR00240,instagram,@creator240_instagram,60184,7706,43471,1690,163,31,47.0,False,Creator 240,BR,creator240@mail.example,comedy
CR00241,youtube,@creator241_youtube,17387,2045,3872,298,1,0,,False,Creator 241,BR,creator241@mail.example,food
CR00242,instagram,@creator242_instagram,11849,2614,3570,201,0,77,49.0,True,Creator 242,MX,creator242@mail.example,education
CR00242,tiktok,@creator242_tiktok,548064,10223,5132779,109332,12191,6759,24258.0,False,Creator 242,MX,creator242@mail.example,education
CR00243,instagram,@creator243_instagram,45195,-273,12565,804,35,103,85.0,False,Creator 243,JP,creator243@mail.example,comedy
CR00243,tiktok,@creator243_tiktok,47213,-890,83278,5265,38,922,381.0,False,Creator 243,JP,creator243@mail.example,comedy
CR00243,youtube,@creator243_youtube,100170,9710,402759,17992,1565,501,,False,Creator 243,JP,creator243@mail.example,comedy
CR00244,tiktok,@creator244_tiktok,104054,12692,195144,14457,198,141,1394.0,False,Creator 244,DE,creator244@mail.example,gaming
CR00244,youtube,@creator244_youtube,98313,2100,190685,5012,11,188,,False,Creator 244,DE,creator244@mail.example,gaming
CR00245,instagram,@creator245_instagram,54333,-1375,6338,305,5,10,2.0,False,Creator 245,US,creator245@mail.example,travel
CR00246,instagram,@creator246_instagram,134743,-2771,236517,20242,108,629,0.0,False,Creator 246,US,creator246@mail.example,comedy
CR00247,instagram,@creator247_instagram,120872,15179,91666,7211,533,717,299.0,False,Creator 247,IN,creator247@mail.example,travel
CR00247,tiktok,@creator247_tiktok,8943,273,7413,269,52,49,65.0,False,Creator 247,IN,creator247@mail.example,travel
CR00248,tiktok,@creator248_tiktok,65292,9304,109704,6340,0,154,209.0,False,Creator 248,JP,creator248@mail.example,music
CR00248,youtube,@creator248_youtube,155650,19282,415142,13793,1,1683,,False,Creator 248,JP,creator248@mail.example,music
CR00248,instagram,@creator248_instagram,93719,5933,58045,1003,68,53,306.0,False,Creator 248,JP,creator248@mail.example,music
CR00249,youtube,@creator249_youtube,758716,34472,2082642,66060,7174,3317,,False,Creator 249,IN,creator249@mail.example,education
CR00249,instagram,@creator249_instagram,30539,1522,7997,424,0,23,34.0,False,Creator 249,IN,creator249@mail.example,education
CR00250,tiktok,@creator250_tiktok,3532,352,7454,480,9,35,0.0,False,Creator 250,BR,creator250@mail.example,food
CR00251,tiktok,@creator251_tiktok,45245,921,73047,4636,80,414,137.0,False,Creator 251,KR,creator251@mail.example,fitness
CR00252,youtube,@creator252_youtube,329612,76050,509298,39057,371,2039,,False,Creator 252,DE,creator252@mail.example,music
CR00252,instagram,@creator252_instagram,43182,1317,32405,1521,107,37,84.0,False,Creator 252,DE,creator252@mail.example,music
CR00253,instagram,@creator253_instagram,233776,8871,67662,1944,698,56,52.0,False,Creator 253,JP,creator253@mail.example,comedy
CR00254,instagram,@creator254_instagram,17477,1709,2881,74,1,4,6.0,False,Creator 254,DE,creator254@mail.example,beauty
CR00254,youtube,@creator254_youtube,15878,2285,22710,1536,99,70,,False,Creator 254,DE,creator254@mail.example,beauty
CR00254,tiktok,@creator254_tiktok,11417,696,24409,1498,108,290,0.0,False,Creator 254,DE,creator254@mail.example,beauty
CR00255,youtube,@creator255_youtube,51929,1700,194105,5979,1254,300,,False,Creator 255,DE,creator255@mail.example,finance
CR00255,instagram,@creator255_instagram,11204,1230,20996,908,15,60,0.0,False,Creator 255,DE,creator255@mail.example,finance
CR00255,tiktok,@creator255_tiktok,22692,-262,59565,3365,310,1,526.0,False,Creator 255,DE,creator255@mail.example,finance
CR00256,tiktok,@creator256_tiktok,14421,1949,41752,3020,119,0,219.0,False,Creator 256,GB,creator256@mail.example,travel
CR00257,instagram,@creator257_instagram,14650,2043,15151,1009,60,57,0.0,False,Creator 257,BR,creator257@mail.example,gaming
CR00257,youtube,@creator257_youtube,10819,345,10564,787,52,4,,False,Creator 257,BR,creator257@mail.example,gaming
CR00257,tiktok,@creator257_tiktok,22991,2169,21479,390,1,0,12.0,False,Creator 257,BR,creator257@mail.example,gaming
CR00258,youtube,@creator258_youtube,64018,11686,57930,4922,19,608,,False,Creator 258,GB,creator258@mail.example,tech
CR00258,instagram,@creator258_instagram,64186,4213,18876,755,0,41,88.0,False,Creator 258,GB,creator258@mail.example,tech
CR00259,instagram,@creator259_instagram,90619,3702,99832,7248,192,280,10.0,True,Creator 259,BR,creator259@mail.example,tech
CR00259,tiktok,@creator259_tiktok,3244,399,8901,170,2,6,4.0,False,Creator 259,BR,creator259@mail.example,tech
CR00260,instagram,@creator260_instagram,19943,1580,18398,1377,38,37,135.0,False,Creator 260,JP,creator260@mail.example,music
CR00260,tiktok,@creator260_tiktok,15168,1559,102231,6445,56,22,323.0,False,Creator 260,JP,creator260@mail.example,music
CR00260,youtube,@creator260_youtube,33352,-32,96559,9472,339,0,,False,Creator 260,JP,creator260@mail.example,music
CR00261,instagram,@creator261_instagram,108430,17536,74074,1799,16,0,6.0,False,Creator 261,BR,creator261@mail.example,music
CR00261,youtube,@creator261_youtube,219579,19646,247346,20459,1214,128,,False,Creator 261,BR,creator261@mail.example,music
CR00261,tiktok,@creator261_tiktok,62373,589,468124,22929,4069,1744,3794.0,False,Creator 261,BR,creator261@mail.example,music
CR00262,tiktok,@creator262_tiktok,2618,49,8436,463,77,3,1.0,False,Creator 262,DE,creator262@mail.example,gaming
CR00262,youtube,@creator262_youtube,22554,-1685,27477,1852,123,1,,False,Creator 262,DE,creator262@mail.example,gaming
CR00263,tiktok,@creator263_tiktok,354730,25757,1557379,74169,1247,7158,1783.0,False,Creator 263,BR,creator263@mail.example,gaming
CR00264,youtube,@creator264_youtube,57356,-1786,69726,2679,34,25,,False,Creator 264,JP,creator264@mail.example,beauty
CR00264,tiktok,@creator264_tiktok,14210,2228,15302,690,30,145,19.0,False,Creator 264,JP,creator264@mail.example,beauty
CR00264,instagram,@creator264_instagram,464658,-7249,524434,10354,0,250,409.0,False,Creator 264,JP,creator264@mail.example,beauty
CR00265,instagram,@creator265_instagram,11466,1310,25800,1214,334,27,679.0,False,Creator 265,KR,creator265@mail.example,music
CR00266,instagram,@creator266_instagram,15553,1899,19398,500,28,42,176.0,False,Creator 266,KR,creator266@mail.example,music
CR00266,youtube,@creator266_youtube,10853,825,3419,190,19,2,,False,Creator 266,KR,creator266@mail.example,music
CR00267,youtube,@creator267_youtube,2714382,-314855,3447783,130996,3983,1394,,False,Creator 267,US,creator267@mail.example,travel
CR00268,tiktok,@creator268_tiktok,186393,24544,425051,22694,895,100,217.0,False,Creator 268,JP,creator268@mail.example,finance
CR00268,youtube,@creator268_youtube,55050,3793,166436,3165,821,262,,False,Creator 268,JP,creator268@mail.example,finance
CR00268,instagram,@creator268_instagram,1458651,137588,509752,29480,286,74,1.0,False,Creator 268,JP,creator268@mail.example,finance
CR00269,instagram,@creator269_instagram,17480,1368,21452,565,127,1,10.0,False,Creator 269,DE,creator269@mail.example,tech
CR00269,tiktok,@creator269_tiktok,20146,1158,47481,3433,272,0,366.0,False,Creator 269,DE,creator269@mail.example,tech
CR00269,youtube,@creator269_youtube,332006,-7790,1043802,47594,513,5423,,False,Creator 269,DE,creator269@mail.example,tech
CR00270,instagram,@creator270_instagram,127824,23105,41863,1763,237,545,48.0,False,Creator 270,GB,creator270@mail.example,beauty
CR00271,tiktok,@creator271_tiktok,11190,1520,30115,2081,135,4,65.0,False,Creator 271,GB,creator271@mail.example,food
CR00271,youtube,@creator271_youtube,11222,1575,20426,470,54,51,,False,Creator 271,GB,creator271@mail.example,food
CR00271,instagram,@creator271_instagram,227525,9692,154629,7495,1132,108,856.0,False,Creator 271,GB,creator271@mail.example,food
CR00272,instagram,@creator272_instagram,88322,5294,38553,1550,126,42,590.0,True,Creator 272,FR,creator272@mail.example,tech
CR00273,youtube,@creator273_youtube,254554,37647,192790,18330,1556,13,,False,Creator 273,BR,creator273@mail.example,music
CR00273,instagram,@creator273_instagram,73193,3433,35660,2386,146,477,0.0,False,Creator 273,BR,creator273@mail.example,music
CR00274,youtube,@creator274_youtube,416083,-3227,464183,33425,108,0,,False,Creator 274,JP,creator274@mail.example,comedy
CR00274,instagram,@creator274_instagram,29721,1362,30421,1347,55,0,81.0,False,Creator 274,JP,creator274@mail.example,comedy
CR00275,instagram,@creator275_instagram,28430,1392,8953,373,0,0,13.0,False,Creator 275,CA,creator275@mail.example,food
CR00275,tiktok,@creator275_tiktok,65253,13396,236258,16805,2121,125,847.0,False,Creator 275,CA,creator275@mail.example,food
CR00276,instagram,@creator276_instagram,67687,4942,21294,1131,0,31,118.0,False,Creator 276,FR,creator276@mail.example,music
CR00276,youtube,@creator276_youtube,9133,364,9896,827,88,20,,False,Creator 276,FR,creator276@mail.example,music
CR00277,instagram,@creator277_instagram,87666,4489,136676,2346,688,284,553.0,True,Creator 277,DE,creator277@mail.example,education
CR00277,youtube,@creator277_youtube,224374,47068,232694,17580,628,561,,False,Creator 277,DE,creator277@mail.example,education
CR00277,tiktok,@creator277_tiktok,26408,2575,96839,6499,43,192,688.0,False,Creator 277,DE,creator277@mail.example,education
CR00278,youtube,@creator278_youtube,284672,40325,888867,30936,4865,159,,False,Creator 278,GB,creator278@mail.example,food
CR00279,youtube,@creator279_youtube,246213,27176,124223,12508,120,28,,False,Creator 279,FR,creator279@mail.example,fitness
CR00279,instagram,@creator279_instagram,30667,1893,4693,116,2,5,0.0,False,Creator 279,FR,creator279@mail.example,fitness
CR00279,tiktok,@creator279_tiktok,134356,20549,393052,8400,1322,254,278.0,False,Creator 279,FR,creator279@mail.example,fitness
CR00280,tiktok,@creator280_tiktok,287680,21909,276933,11870,212,2458,848.0,False,Creator 280,JP,creator280@mail.example,fitness
CR00281,tiktok,@creator281_tiktok,20361,40,30730,2300,117,0,63.0,False,Creator 281,FR,creator281@mail.example,beauty
CR00281,youtube,@creator281_youtube,101244,12238,172736,9994,1353,658,,False,Creator 281,FR,creator281@mail.example,beauty
CR00281,instagram,@creator281_instagram,64493,-520,15101,407,22,11,14.0,False,Creator 281,FR,creator281@mail.example,beauty
CR00282,instagram,@creator282_instagram,3225,286,689,17,0,0,1.0,False,Creator 282,GB,creator282@mail.example,food
CR00282,youtube,@creator282_youtube,262846,33720,407001,18713,2943,225,,False,Creator 282,GB,creator282@mail.example,food
CR00282,tiktok,@creator282_tiktok,59258,6162,195952,16970,187,249,954.0,False,Creator 282,GB,creator282@mail.example,food
CR00283,youtube,@creator283_youtube,46387,5255,121788,4602,12,934,,False,Creator 283,CA,creator283@mail.example,education
CR00283,instagram,@creator283_instagram,1963,153,1801,95,22,2,14.0,True,Creator 283,CA,creator283@mail.example,education
CR00283,tiktok,@creator283_tiktok,41943,6199,87765,7149,1049,409,30.0,False,Creator 283,CA,creator283@mail.example,education
CR00284,instagram,@creator284_instagram,21902,1811,15900,529,30,0,13.0,False,Creator 284,CA,creator284@mail.example,comedy
CR00284,youtube,@creator284_youtube,103883,18889,42680,3008,238,0,,False,Creator 284,CA,creator284@mail.example,comedy
CR00285,instagram,@creator285_instagram,118211,-2065,150954,12082,48,0,747.0,True,Creator 285,CA,creator285@mail.example,food
CR00285,tiktok,@creator285_tiktok,33003,6138,78927,4893,243,541,860.0,False,Creator 285,CA,creator285@mail.example,food
CR00285,youtube,@creator285_youtube,12297,908,15232,973,0,18,,False,Creator 285,CA,creator285@mail.example,food
CR00286,youtube,@creator286_youtube,11303,1100,4133,249,7,2,,False,Creator 286,US,creator286@mail.example,fitness
CR00286,instagram,@creator286_instagram,11775,851,10524,539,64,0,17.0,False,Creator 286,US,creator286@mail.example,fitness
CR00286,tiktok,@creator286_tiktok,90913,10323,313562,33498,5,0,1713.0,False,Creator 286,US,creator286@mail.example,fitness
CR00287,tiktok,@creator287_tiktok,42470,3020,160175,7153,728,106,55.0,False,Creator 287,CA,creator287@mail.example,travel
CR00287,instagram,@creator287_instagram,61392,3007,40069,2543,125,71,29.0,False,Creator 287,CA,creator287@mail.example,travel
CR00287,youtube,@creator287_youtube,38853,3248,16331,1821,0,23,,False,Creator 287,CA,creator287@mail.example,travel
CR00288,youtube,@creator288_youtube,42176,5270,38245,3923,319,5,,False,Creator 288,KR,creator288@mail.example,music
CR00289,instagram,@creator289_instagram,10526,1539,3606,289,46,2,4.0,False,Creator 289,JP,creator289@mail.example,education
CR00289,tiktok,@creator289_tiktok,57034,570,137325,2910,384,0,367.0,False,Creator 289,JP,creator289@mail.example,education
CR00289,youtube,@creator289_youtube,116843,13618,198697,14086,91,1221,,False,Creator 289,JP,creator289@mail.example,education
CR00290,youtube,@creator290_youtube,40206,4081,87246,3977,265,0,,False,Creator 290,CA,creator290@mail.example,tech
CR00290,tiktok,@creator290_tiktok,53872,8954,118744,8523,124,1208,0.0,False,Creator 290,CA,creator290@mail.example,tech
CR00290,instagram,@creator290_instagram,110784,4572,36171,2711,302,23,60.0,False,Creator 290,CA,creator290@mail.example,tech
CR00291,tiktok,@creator291_tiktok,52887,3418,184619,14120,233,99,822.0,False,Creator 291,KR,creator291@mail.example,comedy
CR00291,instagram,@creator291_instagram,51680,1327,38811,1540,126,5,26.0,False,Creator 291,KR,creator291@mail.example,comedy
CR00291,youtube,@creator291_youtube,55078,5001,19307,1253,79,8,,False,Creator 291,KR,creator291@mail.example,comedy
CR00292,instagram,@creator292_instagram,103463,12853,104376,3238,89,62,33.0,False,Creator 292,KR,creator292@mail.example,fitness
CR00292,youtube,@creator292_youtube,1376,158,347,11,0,0,,False,Creator 292,KR,creator292@mail.example,fitness
CR00293,tiktok,@creator293_tiktok,123897,13768,182906,8632,616,0,579.0,False,Creator 293,JP,creator293@mail.example,education
CR00293,youtube,@creator293_youtube,479568,48133,922819,79153,342,1979,,False,Creator 293,JP,creator293@mail.example,education
CR00293,instagram,@creator293_instagram,244449,-5737,207965,6973,178,268,1907.0,False,Creator 293,JP,creator293@mail.example,education
CR00294,youtube,@creator294_youtube,38005,3747,30013,1437,67,0,,False,Creator 294,DE,creator294@mail.example,travel
CR00294,instagram,@creator294_instagram,16995,2227,10376,295,10,25,4.0,False,Creator 294,DE,creator294@mail.example,travel
CR00294,tiktok,@creator294_tiktok,8378,496,32640,2348,31,42,131.0,False,Creator 294,DE,creator294@mail.example,travel
CR00295,instagram,@creator295_instagram,154616,19190,176374,8599,1979,552,1693.0,False,Creator 295,CA,creator295@mail.example,food
CR00295,tiktok,@creator295_tiktok,28062,1927,189308,8357,348,1145,1104.0,False,Creator 295,CA,creator295@mail.example,food
CR00295,youtube,@creator295_youtube,98419,6015,148363,5770,936,854,,False,Creator 295,CA,creator295@mail.example,food
CR00296,youtube,@creator296_youtube,123014,2724,308241,11947,42,0,,False,Creator 296,MX,creator296@mail.example,tech
CR00296,instagram,@creator296_instagram,111190,13534,34219,2887,25,0,64.0,False,Creator 296,MX,creator296@mail.example,tech
CR00296,tiktok,@creator296_tiktok,68889,1220,239605,4111,196,1,902.0,False,Creator 296,MX,creator296@mail.example,tech
CR00297,youtube,@creator297_youtube,16053,1685,42868,1795,73,22,,False,Creator 297,MX,creator297@mail.example,music
CR00297,tiktok,@creator297_tiktok,16527,3706,88519,6098,1352,29,349.0,False,Creator 297,MX,creator297@mail.example,music
CR00297,instagram,@creator297_instagram,53483,2273,31916,2159,136,55,29.0,True,Creator 297,MX,creator297@mail.example,music
CR00298,tiktok,@creator298_tiktok,16134,1206,38459,2300,47,0,0.0,False,Creator 298,CA,creator298@mail.example,tech
CR00298,instagram,@creator298_instagram,26433,3287,73790,1744,192,242,24.0,False,Creator 298,CA,creator298@mail.example,tech
CR00298,youtube,@creator298_youtube,228010,14221,54203,2286,127,323,,False,Creator 298,CA,creator298@mail.example,tech
CR00299,instagram,@creator299_instagram,10293,1033,2774,146,0,3,30.0,False,Creator 299,US,creator299@mail.example,music
CR00299,tiktok,@creator299_tiktok,64947,4240,211987,8919,0,186,350.0,False,Creator 299,US,creator299@mail.example,music
CR00300,youtube,@creator300_youtube,14725,1127,17440,511,57,5,,False,Creator 300,US,creator300@mail.example,fitness
CR00300,instagram,@creator300_instagram,19024,2857,7623,665,29,7,55.0,False,Creator 300,US,creator300@mail.example,fitness
CR00300,tiktok,@creator300_tiktok,613997,59189,2874305,173902,28672,4515,30961.0,False,Creator 300,US,creator300@mail.example,fitness
CR00301,youtube,@creator301_youtube,58613,4246,132030,2743,151,374,,False,Creator 301,GB,creator301@mail.example,education
CR00301,tiktok,@creator301_tiktok,64776,-4584,255182,8598,492,2036,23.0,False,Creator 301,GB,creator301@mail.example,education
CR00302,tiktok,@creator302_tiktok,6809,560,22650,342,57,31,88.0,False,Creator 302,MX,creator302@mail.example,gaming
CR00302,instagram,@creator302_instagram,197863,30393,66897,4416,1523,417,45.0,False,Creator 302,MX,creator302@mail.example,gaming
CR00302,youtube,@creator302_youtube,410611,5283,429614,22264,6791,831,,False,Creator 302,MX,creator302@mail.example,gaming
CR00303,tiktok,@creator303_tiktok,151733,15569,262737,13661,355,19,497.0,False,Creator 303,CA,creator303@mail.example,tech
CR00303,youtube,@creator303_youtube,9171,609,8065,453,21,63,,False,Creator 303,CA,creator303@mail.example,tech
CR00303,instagram,@creator303_instagram,111737,3612,46884,904,39,29,194.0,True,Creator 303,CA,creator303@mail.example,tech
CR00304,instagram,@creator304_instagram,91899,549,85071,1462,44,290,281.0,False,Creator 304,FR,creator304@mail.example,travel
CR00304,youtube,@creator304_youtube,48073,7467,71104,4148,2,154,,False,Creator 304,FR,creator304@mail.example,travel
CR00305,tiktok,@creator305_tiktok,34841,-4794,211796,6658,101,484,3.0,False,Creator 305,BR,creator305@mail.example,food
CR00305,youtube,@creator305_youtube,33463,1677,59256,2043,127,75,,False,Creator 305,BR,creator305@mail.example,food
CR00306,tiktok,@creator306_tiktok,2400512,394270,2947138,178632,2996,13027,27838.0,False,Creator 306,BR,creator306@mail.example,tech
CR00306,instagram,@creator306_instagram,830300,98876,1379248,79822,7382,3272,1052.0,True,Creator 306,BR,creator306@mail.example,tech
CR00307,tiktok,@creator307_tiktok,18280,-214,81354,4214,347,19,1.0,False,Creator 307,US,creator307@mail.example,travel
CR00307,instagram,@creator307_instagram,197172,22751,27927,824,46,91,8.0,False,Creator 307,US,creator307@mail.example,travel
CR00308,tiktok,@creator308_tiktok,14511,1491,42467,1800,115,75,37.0,False,Creator 308,IN,creator308@mail.example,education
CR00309,tiktok,@creator309_tiktok,340829,52320,289742,12295,1204,1031,310.0,False,Creator 309,BR,creator309@mail.example,education
CR00310,youtube,@creator310_youtube,11578,853,17874,996,0,0,,False,Creator 310,IN,creator310@mail.example,music
CR00310,instagram,@creator310_instagram,106381,20818,69398,2515,165,23,149.0,False,Creator 310,IN,creator310@mail.example,music
CR00311,instagram,@creator311_instagram,225363,23565,198968,8522,754,1856,1603.0,False,Creator 311,MX,creator311@mail.example,finance
CR00311,tiktok,@creator311_tiktok,44028,3329,104874,2847,198,81,218.0,False,Creator 311,MX,creator311@mail.example,finance
CR00311,youtube,@creator311_youtube,642395,76311,2178870,187325,11672,0,,False,Creator 311,MX,creator311@mail.example,finance
CR00312,instagram,@creator312_instagram,11577,1171,12090,695,45,11,16.0,False,Creator 312,BR,creator312@mail.example,beauty
CR00312,tiktok,@creator312_tiktok,10222,1606,8748,288,12,0,0.0,False,Creator 312,BR,creator312@mail.example,beauty
CR00313,youtube,@creator313_youtube,67443,7978,71859,2978,813,286,,False,Creator 313,KR,creator313@mail.example,travel
CR00313,tiktok,@creator313_tiktok,180183,28210,438534,17858,1226,823,30.0,False,Creator 313,KR,creator313@mail.example,travel
CR00314,tiktok,@creator314_tiktok,22937,4318,54038,1731,104,15,0.0,False,Creator 314,DE,creator314@mail.example,fitness
CR00314,instagram,@creator314_instagram,9829,612,5167,286,50,16,7.0,False,Creator 314,DE,creator314@mail.example,fitness
CR00315,tiktok,@creator315_tiktok,7763,1311,29267,2172,120,28,155.0,False,Creator 315,IN,creator315@mail.example,tech
CR00315,instagram,@creator315_instagram,986532,5252,688272,48389,138,964,253.0,False,Creator 315,IN,creator315@mail.example,tech
CR00315,youtube,@creator315_youtube,317694,20964,280902,7383,72,255,,False,Creator 315,IN,creator315@mail.example,tech
CR00316,instagram,@creator316_instagram,40485,7648,18168,916,0,16,67.0,False,Creator 316,MX,creator316@mail.example,music
CR00317,tiktok,@creator317_tiktok,30291,2937,24336,704,10,28,3.0,False,Creator 317,FR,creator317@mail.example,gaming
CR00317,youtube,@creator317_youtube,17013,2083,9887,710,5,13,,False,Creator 317,FR,creator317@mail.example,gaming
CR00317,instagram,@creator317_instagram,18749,1543,7380,537,10,44,0.0,False,Creator 317,FR,creator317@mail.example,gaming
CR00318,youtube,@creator318_youtube,16391,3067,35428,2030,238,34,,False,Creator 318,CA,creator318@mail.example,beauty
CR00318,tiktok,@creator318_tiktok,105900,15430,933942,36254,4761,482,2202.0,False,Creator 318,CA,creator318@mail.example,beauty
CR00318,instagram,@creator318_instagram,398983,-13890,138422,4591,962,532,0.0,False,Creator 318,CA,creator318@mail.example,beauty
CR00319,youtube,@creator319_youtube,26894,3766,68466,2344,22,18,,False,Creator 319,US,creator319@mail.example,finance
CR00319,tiktok,@creator319_tiktok,15829,-97,180196,5173,872,953,1287.0,False,Creator 319,US,creator319@mail.example,finance
CR00319,instagram,@creator319_instagram,50281,6177,38846,2463,286,22,76.0,False,Creator 319,US,creator319@mail.example,finance
CR00320,tiktok,@creator320_tiktok,1696,212,1848,153,2,4,0.0,False,Creator 320,DE,creator320@mail.example,travel
CR00320,youtube,@creator320_youtube,374068,14449,167281,6214,383,182,,False,Creator 320,DE,creator320@mail.example,travel
CR00321,youtube,@creator321_youtube,29740,3163,49066,2592,84,51,,False,Creator 321,JP,creator321@mail.example,fitness
CR00321,tiktok,@creator321_tiktok,3987,156,14155,414,6,0,47.0,False,Creator 321,JP,creator321@mail.example,fitness
CR00322,youtube,@creator322_youtube,202401,20262,858929,59616,236,0,,False,Creator 322,KR,creator322@mail.example,comedy
CR00322,instagram,@creator322_instagram,41264,5503,19352,629,96,74,8.0,False,Creator 322,KR,creator322@mail.example,comedy
CR00322,tiktok,@creator322_tiktok,237667,8047,556390,41433,2243,1050,3089.0,False,Creator 322,KR,creator322@mail.example,comedy
CR00323,instagram,@creator323_instagram,19571,1276,21828,1748,15,0,62.0,False,Creator 323,MX,creator323@mail.example,travel
CR00323,youtube,@creator323_youtube,91187,4825,157624,13957,13,1,,False,Creator 323,MX,creator323@mail.example,travel
CR00323,tiktok,@creator323_tiktok,39886,5159,215818,17280,1579,37,398.0,False,Creator 323,MX,creator323@mail.example,travel
CR00324,youtube,@creator324_youtube,32062,-433,41364,1530,149,0,,False,Creator 324,FR,creator324@mail.example,finance
CR00324,instagram,@creator324_instagram,5048,347,5291,361,29,14,1.0,False,Creator 324,FR,creator324@mail.example,finance
CR00325,instagram,@creator325_instagram,10699,502,2588,82,4,21,2.0,False,Creator 325,MX,creator325@mail.example,gaming
CR00325,tiktok,@creator325_tiktok,85718,-4304,290793,26080,854,0,18.0,False,Creator 325,MX,creator325@mail.example,gaming
CR00325,youtube,@creator325_youtube,21114,1559,33344,2376,4,10,,False,Creator 325,MX,creator325@mail.example,gaming
CR00326,tiktok,@creator326_tiktok,153457,12354,766167,38448,3239,7134,825.0,False,Creator 326,CA,creator326@mail.example,gaming
CR00326,instagram,@creator326_instagram,226985,28257,385487,17379,91,644,336.0,False,Creator 326,CA,creator326@mail.example,gaming
CR00326,youtube,@creator326_youtube,152859,689,89080,3389,224,723,,False,Creator 326,CA,creator326@mail.example,gaming
CR00327,instagram,@creator327_instagram,28610,2923,58511,1693,323,35,81.0,False,Creator 327,MX,creator327@mail.example,food
CR00327,tiktok,@creator327_tiktok,15446,2176,34617,1153,15,0,0.0,False,Creator 327,MX,creator327@mail.example,food
CR00327,youtube,@creator327_youtube,55193,-1451,48174,2817,8,384,,False,Creator 327,MX,creator327@mail.example,food
CR00328,tiktok,@creator328_tiktok,57259,-5524,153731,6164,1597,271,222.0,False,Creator 328,CA,creator328@mail.example,beauty
CR00328,instagram,@creator328_instagram,119692,582,52468,3569,0,84,73.0,False,Creator 328,CA,creator328@mail.example,beauty
CR00328,youtube,@creator328_youtube,79023,16317,265282,5392,156,400,,False,Creator 328,CA,creator328@mail.example,beauty
CR00329,youtube,@creator329_youtube,13226,-170,27089,560,90,50,,False,Creator 329,MX,creator329@mail.example,tech
CR00330,youtube,@creator330_youtube,684800,599200,1281254,42373,28,3546,,False,Creator 330,MX,creator330@mail.example,tech
CR00330,instagram,@creator330_instagram,5987,383,1714,120,9,1,3.0,False,Creator 330,MX,creator330@mail.example,tech
CR00330,tiktok,@creator330_tiktok,65493,5324,159795,3857,396,58,505.0,False,Creator 330,MX,creator330@mail.example,tech
CR00331,tiktok,@creator331_tiktok,26002,1348,35568,1314,113,103,75.0,False,Creator 331,US,creator331@mail.example,finance
CR00331,youtube,@creator331_youtube,22635,2059,16389,1014,0,0,,False,Creator 331,US,creator331@mail.example,finance
CR00331,instagram,@creator331_instagram,29395,3835,7757,228,11,4,5.0,False,Creator 331,US,creator331@mail.example,finance
CR00332,instagram,@creator332_instagram,68722,5709,32029,1310,695,28,121.0,False,Creator 332,JP,creator332@mail.example,beauty
CR00332,tiktok,@creator332_tiktok,109940,2577,220809,14889,187,101,215.0,False,Creator 332,JP,creator332@mail.example,beauty
CR00332,youtube,@creator332_youtube,4862,488,4290,80,5,0,,False,Creator 332,JP,creator332@mail.example,beauty
CR00333,instagram,@creator333_instagram,11804,1123,10800,474,0,0,4.0,False,Creator 333,CA,creator333@mail.example,finance
CR00333,youtube,@creator333_youtube,4570,385,4773,95,4,0,,False,Creator 333,CA,creator333@mail.example,finance
CR00333,tiktok,@creator333_tiktok,172020,13873,733061,60615,2597,1601,4656.0,False,Creator 333,CA,creator333@mail.example,finance
CR00334,tiktok,@creator334_tiktok,77937,-6223,199195,8521,116,177,397.0,False,Creator 334,KR,creator334@mail.example,fitness
CR00335,youtube,@creator335_youtube,122680,-12430,219981,15837,2215,0,,False,Creator 335,US,creator335@mail.example,food
CR00335,tiktok,@creator335_tiktok,6330,769,14998,751,216,125,196.0,False,Creator 335,US,creator335@mail.example,food
CR00335,instagram,@creator335_instagram,62083,914,23183,1355,188,26,144.0,False,Creator 335,US,creator335@mail.example,food
CR00336,youtube,@creator336_youtube,112707,17380,206025,4559,707,62,,False,Creator 336,CA,creator336@mail.example,fitness
CR00336,instagram,@creator336_instagram,43850,-680,36653,1180,44,151,69.0,False,Creator 336,CA,creator336@mail.example,fitness
CR00337,tiktok,@creator337_tiktok,15004,2181,49491,2570,497,269,27.0,False,Creator 337,CA,creator337@mail.example,education
CR00337,instagram,@creator337_instagram,42682,1913,19305,1248,300,1,24.0,False,Creator 337,CA,creator337@mail.example,education
CR00337,youtube,@creator337_youtube,3055,13,2250,86,0,0,,False,Creator 337,CA,creator337@mail.example,education
CR00338,youtube,@creator338_youtube,51129,1503,107108,6354,1842,0,,False,Creator 338,CA,creator338@mail.example,travel
CR00338,tiktok,@creator338_tiktok,16846,-845,83847,5222,71,57,397.0,False,Creator 338,CA,creator338@mail.example,travel
CR00339,tiktok,@creator339_tiktok,349157,33747,1052918,70724,14552,222,12.0,False,Creator 339,JP,creator339@mail.example,fitness
CR00339,youtube,@creator339_youtube,16438,423,5825,321,0,0,,False,Creator 339,JP,creator339@mail.example,fitness
CR00340,tiktok,@creator340_tiktok,1388,147,1637,42,2,3,4.0,False,Creator 340,KR,creator340@mail.example,food
CR00340,youtube,@creator340_youtube,19856,2141,34964,1361,192,207,,False,Creator 340,KR,creator340@mail.example,food
CR00340,instagram,@creator340_instagram,122057,14062,118147,2903,393,604,50.0,False,Creator 340,KR,creator340@mail.example,food
CR00341,tiktok,@creator341_tiktok,20665,1176,27920,1096,81,37,0.0,False,Creator 341,GB,creator341@mail.example,music
CR00341,youtube,@creator341_youtube,26419,2039,16232,695,11,32,,False,Creator 341,GB,creator341@mail.example,music
CR00341,instagram,@creator341_instagram,37868,-8549,13644,788,8,204,34.0,False,Creator 341,GB,creator341@mail.example,music
CR00342,instagram,@creator342_instagram,63543,3167,37200,1696,516,349,56.0,False,Creator 342,MX,creator342@mail.example,comedy
CR00342,tiktok,@creator342_tiktok,45223,5535,294376,21692,1729,2693,5391.0,False,Creator 342,MX,creator342@mail.example,comedy
CR00343,youtube,@creator343_youtube,40803,-3035,156057,11424,302,64,,False,Creator 343,US,creator343@mail.example,fitness
CR00343,tiktok,@creator343_tiktok,54252,9543,59133,3642,0,0,17.0,False,Creator 343,US,creator343@mail.example,fitness
CR00344,tiktok,@creator344_tiktok,66468,1631,275648,12597,3517,1823,345.0,False,Creator 344,DE,creator344@mail.example,finance
CR00344,youtube,@creator344_youtube,252864,25953,405874,23619,1784,2822,,False,Creator 344,DE,creator344@mail.example,finance
CR00344,instagram,@creator344_instagram,102936,16776,31554,3147,166,85,0.0,False,Creator 344,DE,creator344@mail.example,finance
CR00345,tiktok,@creator345_tiktok,32861,1190,101557,9146,819,67,43.0,False,Creator 345,MX,creator345@mail.example,finance
CR00345,instagram,@creator345_instagram,22943,5483,15214,361,9,35,1.0,False,Creator 345,MX,creator345@mail.example,finance
CR00346,instagram,@creator346_instagram,352542,44183,136306,5290,501,0,2940.0,False,Creator 346,MX,creator346@mail.example,beauty
CR00346,tiktok,@creator346_tiktok,10935,69,13202,617,5,44,26.0,False,Creator 346,MX,creator346@mail.example,beauty
CR00346,youtube,@creator346_youtube,84322,7671,68403,3008,192,322,,False,Creator 346,MX,creator346@mail.example,beauty
CR00347,instagram,@creator347_instagram,4943,418,4181,315,48,21,4.0,False,Creator 347,MX,creator347@mail.example,comedy
CR00347,youtube,@creator347_youtube,38656,1518,109308,5895,99,2,,False,Creator 347,MX,creator347@mail.example,comedy
CR00348,youtube,@creator348_youtube,23085,3766,21707,1765,193,0,,False,Creator 348,JP,creator348@mail.example,tech
CR00349,tiktok,@creator349_tiktok,448416,31754,1463262,30906,281,1,371.0,False,Creator 349,GB,creator349@mail.example,food
CR00349,instagram,@creator349_instagram,33563,2757,11769,628,19,28,30.0,False,Creator 349,GB,creator349@mail.example,food
CR00349,youtube,@creator349_youtube,65221,7510,103160,2954,338,144,,False,Creator 349,GB,creator349@mail.example,food
CR00350,youtube,@creator350_youtube,38900,-1791,21612,685,10,133,,False,Creator 350,MX,creator350@mail.example,education
CR00351,youtube,@creator351_youtube,5775,245,6814,179,5,31,,False,Creator 351,US,creator351@mail.example,food
CR00351,instagram,@creator351_instagram,18886,1521,17086,482,89,0,37.0,False,Creator 351,US,creator351@mail.example,food
CR00351,tiktok,@creator351_tiktok,65583,4822,133513,5600,163,19,468.0,False,Creator 351,US,creator351@mail.example,food
CR00352,youtube,@creator352_youtube,3964919,108445,2973704,109464,10617,318,,False,Creator 352,BR,creator352@mail.example,comedy
CR00352,tiktok,@creator352_tiktok,28899,1397,34871,3661,701,110,266.0,False,Creator 352,BR,creator352@mail.example,comedy
CR00352,instagram,@creator352_instagram,57465,4043,44576,4429,29,0,0.0,False,Creator 352,BR,creator352@mail.example,comedy
CR00353,tiktok,@creator353_tiktok,72379,7344,136242,3640,132,700,1.0,False,Creator 353,BR,creator353@mail.example,beauty
CR00353,instagram,@creator353_instagram,118427,8814,48037,3221,454,33,62.0,False,Creator 353,BR,creator353@mail.example,beauty
CR00353,youtube,@creator353_youtube,90169,667,41847,3415,36,123,,False,Creator 353,BR,creator353@mail.example,beauty
CR00354,youtube,@creator354_youtube,45210,325,51014,1435,3,272,,False,Creator 354,IN,creator354@mail.example,education
CR00354,tiktok,@creator354_tiktok,382456,-10529,3043613,206985,6291,14605,4654.0,False,Creator 354,IN,creator354@mail.example,education
CR00354,instagram,@creator354_instagram,30819,-2703,31076,1525,7,42,52.0,False,Creator 354,IN,creator354@mail.example,education
CR00355,tiktok,@creator355_tiktok,51830,4207,292483,17187,250,239,294.0,False,Creator 355,US,creator355@mail.example,beauty
CR00355,instagram,@creator355_instagram,31775,4402,14226,1082,25,0,10.0,False,Creator 355,US,creator355@mail.example,beauty
CR00355,youtube,@creator355_youtube,167692,15810,168386,7338,2387,0,,False,Creator 355,US,creator355@mail.example,beauty
CR00356,youtube,@creator356_youtube,195988,23219,299231,12112,96,0,,False,Creator 356,GB,creator356@mail.example,comedy
CR00356,tiktok,@creator356_tiktok,130858,8615,189304,6466,322,0,565.0,False,Creator 356,GB,creator356@mail.example,comedy
CR00356,instagram,@creator356_instagram,166876,19347,54802,2959,515,348,210.0,False,Creator 356,GB,creator356@mail.example,comedy
CR00357,youtube,@creator357_youtube,290026,-2141,1026128,21083,2407,4,,False,Creator 357,MX,creator357@mail.example,beauty
CR00357,instagram,@creator357_instagram,21313,2750,76419,7114,18,217,5.0,False,Creator 357,MX,creator357@mail.example,beauty
CR00357,tiktok,@creator357_tiktok,118579,8637,398530,28000,284,4755,4188.0,False,Creator 357,MX,creator357@mail.example,beauty
CR00358,instagram,@creator358_instagram,17088,1218,15222,1058,55,2,143.0,False,Creator 358,JP,creator358@mail.example,tech
CR00358,youtube,@creator358_youtube,4378486,568374,6555942,151564,12954,593,,False,Creator 358,JP,creator358@mail.example,tech
CR00358,tiktok,@creator358_tiktok,184539,10200,654765,47806,0,0,66.0,False,Creator 358,JP,creator358@mail.example,tech
CR00359,youtube,@creator359_youtube,29557,3423,85322,5893,289,134,,False,Creator 359,MX,creator359@mail.example,music
CR00359,tiktok,@creator359_tiktok,466963,38920,2626228,89950,117,220,0.0,False,Creator 359,MX,creator359@mail.example,music
CR00359,instagram,@creator359_instagram,63391,126,29209,738,42,19,109.0,False,Creator 359,MX,creator359@mail.example,music
CR00360,youtube,@creator360_youtube,6948,646,7154,292,58,28,,False,Creator 360,US,creator360@mail.example,food
CR00360,tiktok,@creator360_tiktok,224735,1025,61853,2490,523,1,0.0,False,Creator 360,US,creator360@mail.example,food
CR00360,instagram,@creator360_instagram,541100,19246,579681,35424,2447,3777,2384.0,False,Creator 360,US,creator360@mail.example,food
CR00361,youtube,@creator361_youtube,10018,1304,68206,1558,210,180,,False,Creator 361,GB,creator361@mail.example,fitness
CR00361,tiktok,@creator361_tiktok,60762,3283,270558,22152,483,155,888.0,False,Creator 361,GB,creator361@mail.example,fitness
CR00361,instagram,@creator361_instagram,120728,1394,201928,13377,171,0,744.0,False,Creator 361,GB,creator361@mail.example,fitness
CR00362,tiktok,@creator362_tiktok,19427,1488,82845,6069,143,59,9.0,False,Creator 362,JP,creator362@mail.example,education
CR00362,instagram,@creator362_instagram,29874,2814,14161,387,26,10,68.0,False,Creator 362,JP,creator362@mail.example,education
CR00363,instagram,@creator363_instagram,10098,854,5841,323,0,25,4.0,False,Creator 363,DE,creator363@mail.example,education
CR00363,youtube,@creator363_youtube,127097,11949,111963,3891,41,399,,False,Creator 363,DE,creator363@mail.example,education
CR00363,tiktok,@creator363_tiktok,13637,1786,33508,1336,40,224,58.0,False,Creator 363,DE,creator363@mail.example,education
CR00364,instagram,@creator364_instagram,2884,203,2814,198,13,12,16.0,False,Creator 364,KR,creator364@mail.example,comedy
CR00364,tiktok,@creator364_tiktok,26861,1731,32724,803,27,11,2.0,False,Creator 364,KR,creator364@mail.example,comedy
CR00365,tiktok,@creator365_tiktok,386366,-24960,197744,15191,90,48,419.0,False,Creator 365,MX,creator365@mail.example,gaming
CR00366,youtube,@creator366_youtube,915457,177479,727322,35087,1523,5488,,False,Creator 366,KR,creator366@mail.example,education
CR00366,instagram,@creator366_instagram,136465,2609,192744,9147,664,435,1110.0,False,Creator 366,KR,creator366@mail.example,education
CR00366,tiktok,@creator366_tiktok,3637,281,30951,1660,13,0,127.0,False,Creator 366,KR,creator366@mail.example,education
CR00367,tiktok,@creator367_tiktok,80007,5841,224418,8180,7,1798,111.0,False,Creator 367,MX,creator367@mail.example,education
CR00367,instagram,@creator367_instagram,79174,2782,22309,1442,101,38,3.0,False,Creator 367,MX,creator367@mail.example,education
CR00368,tiktok,@creator368_tiktok,36928,2226,534808,29044,1360,530,10.0,False,Creator 368,BR,creator368@mail.example,fitness
CR00368,instagram,@creator368_instagram,19548,3552,36184,518,1,63,19.0,False,Creator 368,BR,creator368@mail.example,fitness
CR00368,youtube,@creator368_youtube,536427,54728,152301,3272,40,193,,False,Creator 368,BR,creator368@mail.example,fitness
CR00369,tiktok,@creator369_tiktok,7335,549,14523,559,0,2,2.0,False,Creator 369,IN,creator369@mail.example,education
CR00369,instagram,@creator369_instagram,287503,4293,114742,6945,0,49,105.0,False,Creator 369,IN,creator369@mail.example,education
CR00369,youtube,@creator369_youtube,82567,10131,96872,5871,4,0,,False,Creator 369,IN,creator369@mail.example,education
CR00370,youtube,@creator370_youtube,355866,59528,445349,18360,88,22,,False,Creator 370,JP,creator370@mail.example,food
CR00371,tiktok,@creator371_tiktok,10862,2122,71395,2787,28,6,424.0,False,Creator 371,MX,creator371@mail.example,education
CR00371,instagram,@creator371_instagram,1035571,147282,831631,29797,84,3699,7068.0,False,Creator 371,MX,creator371@mail.example,education
CR00372,instagram,@creator372_instagram,179295,20923,143113,3615,285,0,213.0,False,Creator 372,MX,creator372@mail.example,fitness
CR00372,youtube,@creator372_youtube,56739,6401,35689,1720,99,118,,False,Creator 372,MX,creator372@mail.example,fitness
CR00373,youtube,@creator373_youtube,10302,1124,40862,943,299,336,,False,Creator 373,JP,creator373@mail.example,comedy
CR00373,tiktok,@creator373_tiktok,142207,-180,277006,14832,246,939,403.0,False,Creator 373,JP,creator373@mail.example,comedy
CR00373,instagram,@creator373_instagram,20560,1923,37457,1754,85,58,197.0,False,Creator 373,JP,creator373@mail.example,comedy
CR00374,instagram,@creator374_instagram,7483,38,13455,312,93,0,11.0,False,Creator 374,MX,creator374@mail.example,finance
CR00374,tiktok,@creator374_tiktok,181011,1779,641673,36946,3289,6134,326.0,False,Creator 374,MX,creator374@mail.example,finance
CR00374,youtube,@creator374_youtube,24259,3149,50347,3619,344,496,,False,Creator 374,MX,creator374@mail.example,finance
CR00375,youtube,@creator375_youtube,245858,43143,557498,36170,1725,5921,,False,Creator 375,BR,creator375@mail.example,gaming
CR00375,tiktok,@creator375_tiktok,72295,11357,172572,8861,299,441,570.0,False,Creator 375,BR,creator375@mail.example,gaming
CR00376,tiktok,@creator376_tiktok,48753,7386,298661,20309,63,1528,1316.0,False,Creator 376,MX,creator376@mail.example,fitness
CR00376,youtube,@creator376_youtube,640541,92374,295525,7151,1091,22,,False,Creator 376,MX,creator376@mail.example,fitness
CR00376,instagram,@creator376_instagram,61766,5308,6875,329,68,19,41.0,False,Creator 376,MX,creator376@mail.example,fitness
CR00377,instagram,@creator377_instagram,28521,4291,54949,2375,16,129,133.0,False,Creator 377,IN,creator377@mail.example,travel
CR00377,tiktok,@creator377_tiktok,40815,1720,176971,7906,982,71,34.0,False,Creator 377,IN,creator377@mail.example,travel
CR00377,youtube,@creator377_youtube,298569,57492,80122,7988,341,9,,False,Creator 377,IN,creator377@mail.example,travel
CR00378,youtube,@creator378_youtube,579,24,3233,114,44,0,,False,Creator 378,MX,creator378@mail.example,education
CR00379,instagram,@creator379_instagram,141999,8098,285235,13463,428,215,530.0,False,Creator 379,BR,creator379@mail.example,finance
CR00379,tiktok,@creator379_tiktok,116328,20525,663272,34764,1636,1093,14145.0,False,Creator 379,BR,creator379@mail.example,finance
CR00379,youtube,@creator379_youtube,1075,138,959,56,3,0,,False,Creator 379,BR,creator379@mail.example,finance
CR00380,tiktok,@creator380_tiktok,58593,-3901,302406,4882,34,244,3111.0,False,Creator 380,JP,creator380@mail.example,education
CR00380,instagram,@creator380_instagram,8273,142,1151,84,7,0,10.0,False,Creator 380,JP,creator380@mail.example,education
CR00380,youtube,@creator380_youtube,61898,2325,36107,1447,477,0,,False,Creator 380,JP,creator380@mail.example,education
CR00381,youtube,@creator381_youtube,36727,3101,140172,10156,917,18,,False,Creator 381,CA,creator381@mail.example,tech
CR00381,instagram,@creator381_instagram,4176,275,2127,155,2,0,1.0,False,Creator 381,CA,creator381@mail.example,tech
CR00381,tiktok,@creator381_tiktok,13195,2279,72629,4301,95,318,874.0,False,Creator 381,CA,creator381@mail.example,tech
CR00382,youtube,@creator382_youtube,12253,1596,34634,1887,36,130,,False,Creator 382,FR,creator382@mail.example,education
CR00382,tiktok,@creator382_tiktok,503802,-2857,1051755,59032,18273,6390,4287.0,False,Creator 382,FR,creator382@mail.example,education
CR00383,youtube,@creator383_youtube,1385,11,1920,110,8,7,,False,Creator 383,GB,creator383@mail.example,travel
CR00383,instagram,@creator383_instagram,6600,380,6723,363,78,3,0.0,False,Creator 383,GB,creator383@mail.example,travel
CR00383,tiktok,@creator383_tiktok,1548938,221876,7873781,524437,15655,26310,1.0,False,Creator 383,GB,creator383@mail.example,travel
CR00384,instagram,@creator384_instagram,267479,25450,156839,6661,971,200,56.0,False,Creator 384,FR,creator384@mail.example,music
CR00384,youtube,@creator384_youtube,245872,7968,279934,16267,139,24,,False,Creator 384,FR,creator384@mail.example,music
CR00385,instagram,@creator385_instagram,66695,6156,292243,11444,629,8,311.0,False,Creator 385,JP,creator385@mail.example,music
CR00385,tiktok,@creator385_tiktok,95687,10892,246756,10887,1153,616,16.0,False,Creator 385,JP,creator385@mail.example,music
CR00386,instagram,@creator386_instagram,253800,16992,83547,5471,66,286,88.0,False,Creator 386,DE,creator386@mail.example,beauty
CR00386,tiktok,@creator386_tiktok,29019,3401,115551,3133,305,35,659.0,False,Creator 386,DE,creator386@mail.example,beauty
CR00387,instagram,@creator387_instagram,11961,928,3745,301,5,4,16.0,False,Creator 387,GB,creator387@mail.example,fitness
CR00387,tiktok,@creator387_tiktok,591821,16140,1129298,26287,181,138,859.0,False,Creator 387,GB,creator387@mail.example,fitness
CR00388,instagram,@creator388_instagram,24992,2621,17999,1447,134,77,52.0,False,Creator 388,BR,creator388@mail.example,travel
CR00388,youtube,@creator388_youtube,72202,4158,250552,13816,754,0,,False,Creator 388,BR,creator388@mail.example,travel
CR00389,tiktok,@creator389_tiktok,34436,-785,170643,5230,1429,11,749.0,False,Creator 389,FR,creator389@mail.example,gaming
CR00389,instagram,@creator389_instagram,13192,1283,16633,783,0,23,22.0,False,Creator 389,FR,creator389@mail.example,gaming
CR00390,instagram,@creator390_instagram,137075,4411,44355,2267,61,11,64.0,False,Creator 390,GB,creator390@mail.example,gaming
CR00390,tiktok,@creator390_tiktok,244720,1558,1360208,44787,19486,0,174.0,False,Creator 390,GB,creator390@mail.example,gaming
CR00390,youtube,@creator390_youtube,48425,3548,275353,14417,1144,1075,,False,Creator 390,GB,creator390@mail.example,gaming
CR00391,instagram,@creator391_instagram,69405,11029,15812,847,4,73,110.0,False,Creator 391,BR,creator391@mail.example,finance
CR00391,tiktok,@creator391_tiktok,55216,-541,183139,6949,54,0,357.0,False,Creator 391,BR,creator391@mail.example,finance
CR00391,youtube,@creator391_youtube,4371,751,14196,693,173,385,,False,Creator 391,BR,creator391@mail.example,finance
CR00392,youtube,@creator392_youtube,7368,1107,2857,181,18,1,,False,Creator 392,IN,creator392@mail.example,gaming
CR00393,tiktok,@creator393_tiktok,7467,620,21078,1011,35,147,13.0,False,Creator 393,GB,creator393@mail.example,travel
CR00393,instagram,@creator393_instagram,27746,1048,30186,1466,211,27,28.0,False,Creator 393,GB,creator393@mail.example,travel
CR00393,youtube,@creator393_youtube,42950,6273,64395,3069,727,28,,False,Creator 393,GB,creator393@mail.example,travel
CR00394,instagram,@creator394_instagram,24482,1952,18130,1388,141,35,22.0,False,Creator 394,CA,creator394@mail.example,beauty
CR00394,tiktok,@creator394_tiktok,4620,550,9813,640,44,20,19.0,False,Creator 394,CA,creator394@mail.example,beauty
CR00394,youtube,@creator394_youtube,45563,1242,49871,719,141,54,,False,Creator 394,CA,creator394@mail.example,beauty
CR00395,instagram,@creator395_instagram,58753,5517,48929,1924,34,226,1.0,False,Creator 395,DE,creator395@mail.example,comedy
CR00395,tiktok,@creator395_tiktok,59295,4632,117642,8911,60,0,43.0,False,Creator 395,DE,creator395@mail.example,comedy
CR00395,youtube,@creator395_youtube,12931,1215,14509,614,56,34,,False,Creator 395,DE,creator395@mail.example,comedy
CR00396,tiktok,@creator396_tiktok,5544,607,11889,188,9,35,8.0,False,Creator 396,CA,creator396@mail.example,education
CR00396,instagram,@creator396_instagram,45945,-2968,34761,941,118,379,0.0,False,Creator 396,CA,creator396@mail.example,education
CR00396,youtube,@creator396_youtube,146391,1448,32946,1949,256,300,,False,Creator 396,CA,creator396@mail.example,education
CR00397,tiktok,@creator397_tiktok,83388,6874,74381,4054,21,958,30.0,False,Creator 397,IN,creator397@mail.example,education
CR00397,instagram,@creator397_instagram,173207,25681,28408,1980,146,90,7.0,False,Creator 397,IN,creator397@mail.example,education
CR00397,youtube,@creator397_youtube,31049,2760,67212,6474,4,57,,False,Creator 397,IN,creator397@mail.example,education
CR00398,instagram,@creator398_instagram,17359,1038,16946,845,95,1,9.0,False,Creator 398,CA,creator398@mail.example,fitness
CR00399,youtube,@creator399_youtube,11802211,579547,10229106,830198,34,102085,,False,Creator 399,JP,creator399@mail.example,gaming
CR00399,tiktok,@creator399_tiktok,368204,-21821,1899617,112725,8649,0,1591.0,False,Creator 399,JP,creator399@mail.example,gaming
CR00399,instagram,@creator399_instagram,39004,2868,24526,2228,82,0,570.0,False,Creator 399,JP,creator399@mail.example,gaming
CR00400,tiktok,@creator400_tiktok,11486,714,36309,2335,32,119,97.0,False,Creator 400,BR,creator400@mail.example,food
CR00400,instagram,@creator400_instagram,3026,259,524,13,0,0,0.0,False,Creator 400,BR,creator400@mail.example,food
CR00400,youtube,@creator400_youtube,5174,483,7336,540,0,0,,False,Creator 400,BR,creator400@mail.example,food
CR00401,instagram,@creator401_instagram,35777,2039,378026,29460,4584,1235,5.0,False,Creator 401,GB,creator401@mail.example,music
CR00401,tiktok,@creator401_tiktok,114034,-2625,1553263,55785,5178,21647,6490.0,False,Creator 401,GB,creator401@mail.example,music
CR00401,youtube,@creator401_youtube,181050,27340,175897,4711,84,0,,False,Creator 401,GB,creator401@mail.example,music
CR00402,tiktok,@creator402_tiktok,12984,584,29743,2090,0,0,69.0,False,Creator 402,FR,creator402@mail.example,fitness
CR00403,instagram,@creator403_instagram,523254,54652,641422,45847,36,5,150.0,True,Creator 403,JP,creator403@mail.example,travel
CR00403,youtube,@creator403_youtube,319976,21757,1051525,39710,723,821,,False,Creator 403,JP,creator403@mail.example,travel
CR00403,tiktok,@creator403_tiktok,27424,-945,14521,541,0,24,23.0,False,Creator 403,JP,creator403@mail.example,travel
CR00404,youtube,@creator404_youtube,95937,17220,390317,16080,150,3166,,False,Creator 404,CA,creator404@mail.example,beauty
CR00404,instagram,@creator404_instagram,1201017,-12076,1884295,44133,3978,1279,2052.0,False,Creator 404,CA,creator404@mail.example,beauty
CR00404,tiktok,@creator404_tiktok,302500,12272,1027066,49170,1609,8535,4403.0,False,Creator 404,CA,creator404@mail.example,beauty
CR00405,instagram,@creator405_instagram,6057,917,10097,437,28,0,44.0,False,Creator 405,BR,creator405@mail.example,travel
CR00405,youtube,@creator405_youtube,130563,4513,492914,25392,5546,1698,,False,Creator 405,BR,creator405@mail.example,travel
CR00405,tiktok,@creator405_tiktok,36303,-1282,197111,20360,920,163,17.0,False,Creator 405,BR,creator405@mail.example,travel
CR00406,instagram,@creator406_instagram,21573,409,32283,2762,24,6,126.0,False,Creator 406,CA,creator406@mail.example,travel
CR00406,youtube,@creator406_youtube,295426,-11167,766438,36198,6227,1049,,False,Creator 406,CA,creator406@mail.example,travel
CR00407,tiktok,@creator407_tiktok,30807,3258,221419,17121,7,789,66.0,False,Creator 407,FR,creator407@mail.example,education
CR00407,youtube,@creator407_youtube,344059,25124,451295,26557,9947,691,,False,Creator 407,FR,creator407@mail.example,education
CR00407,instagram,@creator407_instagram,29452,2078,14123,688,149,1,60.0,False,Creator 407,FR,creator407@mail.example,education
CR00408,instagram,@creator408_instagram,120452,7531,86551,4065,827,681,102.0,False,Creator 408,MX,creator408@mail.example,comedy
CR00409,instagram,@creator409_instagram,88436,6550,27517,1668,57,1,49.0,False,Creator 409,FR,creator409@mail.example,comedy
CR00409,youtube,@creator409_youtube,25723,828,18295,1142,122,8,,False,Creator 409,FR,creator409@mail.example,comedy
CR00409,tiktok,@creator409_tiktok,99436,8891,267592,8414,511,34,834.0,False,Creator 409,FR,creator409@mail.example,comedy
CR00410,youtube,@creator410_youtube,192563,1098,118731,4177,702,125,,False,Creator 410,DE,creator410@mail.example,food
CR00411,youtube,@creator411_youtube,127887,28919,79091,1394,95,0,,False,Creator 411,FR,creator411@mail.example,tech
CR00411,tiktok,@creator411_tiktok,29344,-477,108730,2386,62,93,387.0,False,Creator 411,FR,creator411@mail.example,tech
CR00412,instagram,@creator412_instagram,99229,11100,64324,1754,319,47,276.0,False,Creator 412,BR,creator412@mail.example,music
CR00412,youtube,@creator412_youtube,112450,15640,71480,2354,11,24,,False,Creator 412,BR,creator412@mail.example,music
CR00412,tiktok,@creator412_tiktok,38164,1983,129128,7770,113,6,23.0,False,Creator 412,BR,creator412@mail.example,music
CR00413,youtube,@creator413_youtube,409886,-6998,433933,23297,4008,4057,,False,Creator 413,DE,creator413@mail.example,travel
CR00413,instagram,@creator413_instagram,262770,28888,268042,17876,356,388,877.0,False,Creator 413,DE,creator413@mail.example,travel
CR00413,tiktok,@creator413_tiktok,68835,6000,80409,5530,561,0,548.0,False,Creator 413,DE,creator413@mail.example,travel
CR00414,tiktok,@creator414_tiktok,353738,66296,336435,8769,33,893,24.0,False,Creator 414,DE,creator414@mail.example,music
CR00414,youtube,@creator414_youtube,37160,1658,48523,2106,105,1,,False,Creator 414,DE,creator414@mail.example,music
CR00414,instagram,@creator414_instagram,49282,4337,17802,1527,16,39,0.0,False,Creator 414,DE,creator414@mail.example,music
CR00415,instagram,@creator415_instagram,95226,6743,76402,2044,48,387,60.0,False,Creator 415,GB,creator415@mail.example,tech
CR00415,tiktok,@creator415_tiktok,579874,-4213,780948,27014,6500,741,854.0,False,Creator 415,GB,creator415@mail.example,tech
CR00416,youtube,@creator416_youtube,25668,-735,49281,1634,75,412,,False,Creator 416,DE,creator416@mail.example,comedy
CR00416,instagram,@creator416_instagram,95646,1304,23834,2391,71,204,0.0,False,Creator 416,DE,creator416@mail.example,comedy
CR00416,tiktok,@creator416_tiktok,21227,4393,78497,3488,8,490,0.0,False,Creator 416,DE,creator416@mail.example,comedy
CR00417,instagram,@creator417_instagram,170334,20196,186563,5931,607,0,80.0,True,Creator 417,US,creator417@mail.example,gaming
CR00417,tiktok,@creator417_tiktok,15416,915,85890,2291,11,253,1105.0,False,Creator 417,US,creator417@mail.example,gaming
CR00417,youtube,@creator417_youtube,9326,1033,10330,245,24,0,,False,Creator 417,US,creator417@mail.example,gaming
CR00418,instagram,@creator418_instagram,39937,4004,20855,949,659,61,4.0,False,Creator 418,DE,creator418@mail.example,tech
CR00418,youtube,@creator418_youtube,9614,974,11159,517,26,0,,False,Creator 418,DE,creator418@mail.example,tech
CR00419,tiktok,@creator419_tiktok,127671,16169,891811,53760,3705,6594,0.0,False,Creator 419,MX,creator419@mail.example,tech
CR00419,instagram,@creator419_instagram,26337,4190,5255,98,1,1,2.0,False,Creator 419,MX,creator419@mail.example,tech
CR00420,tiktok,@creator420_tiktok,111309,5789,164045,12001,446,2650,12.0,False,Creator 420,JP,creator420@mail.example,travel
CR00420,instagram,@creator420_instagram,297391,-26192,157378,6068,913,96,58.0,True,Creator 420,JP,creator420@mail.example,travel
CR00420,youtube,@creator420_youtube,13319,-540,12807,899,1,10,,False,Creator 420,JP,creator420@mail.example,travel
CR00421,youtube,@creator421_youtube,15768,-306,7601,229,18,20,,False,Creator 421,JP,creator421@mail.example,education
CR00422,youtube,@creator422_youtube,4027,446,4083,222,2,6,,False,Creator 422,US,creator422@mail.example,music
CR00422,instagram,@creator422_instagram,127514,17045,25989,896,53,40,2.0,False,Creator 422,US,creator422@mail.example,music
CR00422,tiktok,@creator422_tiktok,3091,190,6700,243,5,1,1.0,False,Creator 422,US,creator422@mail.example,music
CR00423,youtube,@creator423_youtube,40338,4072,154067,9684,917,130,,False,Creator 423,FR,creator423@mail.example,travel
CR00423,instagram,@creator423_instagram,527546,63172,54542,2087,210,75,58.0,False,Creator 423,FR,creator423@mail.example,travel
CR00424,instagram,@creator424_instagram,24557,2674,5288,125,37,5,25.0,False,Creator 424,DE,creator424@mail.example,comedy
CR00424,youtube,@creator424_youtube,11717,1111,25957,1632,2,24,,False,Creator 424,DE,creator424@mail.example,comedy
CR00424,tiktok,@creator424_tiktok,63233,6382,123798,10472,681,1880,171.0,False,Creator 424,DE,creator424@mail.example,comedy
CR00425,youtube,@creator425_youtube,15783,2301,20992,932,306,4,,False,Creator 425,MX,creator425@mail.example,tech
CR00426,tiktok,@creator426_tiktok,5514,-43,17630,805,101,117,139.0,False,Creator 426,KR,creator426@mail.example,comedy
CR00427,instagram,@creator427_instagram,32044,1246,16933,432,2,13,76.0,False,Creator 427,IN,creator427@mail.example,travel
CR00427,youtube,@creator427_youtube,26728,2813,33583,660,49,25,,False,Creator 427,IN,creator427@mail.example,travel
CR00427,tiktok,@creator427_tiktok,6545,1165,30423,1911,1296,158,14.0,False,Creator 427,IN,creator427@mail.example,travel
CR00428,tiktok,@creator428_tiktok,7525,103,14250,782,103,0,86.0,False,Creator 428,MX,creator428@mail.example,food
CR00428,youtube,@creator428_youtube,188012,15259,170840,3600,111,13,,False,Creator 428,MX,creator428@mail.example,food
CR00428,instagram,@creator428_instagram,5740,766,6357,235,15,16,28.0,True,Creator 428,MX,creator428@mail.example,food
CR00429,instagram,@creator429_instagram,17484,1016,42085,2615,1,113,369.0,False,Creator 429,GB,creator429@mail.example,education
CR00429,tiktok,@creator429_tiktok,416156,47194,6072698,250362,16101,33556,18864.0,False,Creator 429,GB,creator429@mail.example,education
CR00430,youtube,@creator430_youtube,172511,26698,123633,12219,199,715,,False,Creator 430,GB,creator430@mail.example,beauty
CR00430,tiktok,@creator430_tiktok,69954,3732,632433,22136,2151,134,597.0,False,Creator 430,GB,creator430@mail.example,beauty
CR00430,instagram,@creator430_instagram,69566,3646,28257,1450,1,53,90.0,False,Creator 430,GB,creator430@mail.example,beauty
CR00431,tiktok,@creator431_tiktok,37548,3502,110537,7282,285,96,77.0,False,Creator 431,BR,creator431@mail.example,travel
CR00431,instagram,@creator431_instagram,15337,1323,43034,977,15,84,192.0,False,Creator 431,BR,creator431@mail.example,travel
CR00432,tiktok,@creator432_tiktok,185502,14414,382438,19580,344,91,3584.0,False,Creator 432,GB,creator432@mail.example,food
CR00432,youtube,@creator432_youtube,3741,150,2751,46,9,0,,False,Creator 432,GB,creator432@mail.example,food
CR00432,instagram,@creator432_instagram,10407,668,3953,276,11,0,12.0,False,Creator 432,GB,creator432@mail.example,food
CR00433,tiktok,@creator433_tiktok,225436,26277,1015590,76620,661,4778,3831.0,False,Creator 433,GB,creator433@mail.example,travel
CR00433,instagram,@creator433_instagram,235429,-10596,118561,8711,652,31,595.0,True,Creator 433,GB,creator433@mail.example,travel
CR00433,youtube,@creator433_youtube,27067,1027,17472,1318,0,0,,False,Creator 433,GB,creator433@mail.example,travel
CR00434,tiktok,@creator434_tiktok,20525,901,81653,5454,22,640,61.0,False,Creator 434,IN,creator434@mail.example,tech
CR00434,youtube,@creator434_youtube,56926,11950,69492,4414,219,0,,False,Creator 434,IN,creator434@mail.example,tech
CR00434,instagram,@creator434_instagram,8878,885,12334,362,15,51,12.0,False,Creator 434,IN,creator434@mail.example,tech
CR00435,tiktok,@creator435_tiktok,35820,5248,60525,1570,160,0,40.0,False,Creator 435,IN,creator435@mail.example,fitness
CR00435,instagram,@creator435_instagram,12824,843,14979,477,113,22,38.0,False,Creator 435,IN,creator435@mail.example,fitness
CR00435,youtube,@creator435_youtube,45605,3184,158567,10369,331,2004,,False,Creator 435,IN,creator435@mail.example,fitness
CR00436,youtube,@creator436_youtube,1784,218,1152,47,3,0,,False,Creator 436,US,creator436@mail.example,finance
CR00436,instagram,@creator436_instagram,26214,5591,10729,434,315,6,18.0,False,Creator 436,US,creator436@mail.example,finance
CR00436,tiktok,@creator436_tiktok,99580,3825,273754,12151,359,1124,221.0,False,Creator 436,US,creator436@mail.example,finance
CR00437,youtube,@creator437_youtube,56385,6923,85685,3937,446,432,,False,Creator 437,CA,creator437@mail.example,beauty
CR00437,instagram,@creator437_instagram,18274,1865,20152,414,4,25,2.0,False,Creator 437,CA,creator437@mail.example,beauty
CR00437,tiktok,@creator437_tiktok,44637,4614,185094,10564,347,31,2300.0,False,Creator 437,CA,creator437@mail.example,beauty
CR00438,instagram,@creator438_instagram,10948,1563,5594,186,14,31,39.0,False,Creator 438,IN,creator438@mail.example,gaming
CR00438,tiktok,@creator438_tiktok,8882,508,36993,2755,222,0,147.0,False,Creator 438,IN,creator438@mail.example,gaming
CR00438,youtube,@creator438_youtube,94090,9221,178650,6926,1076,871,,False,Creator 438,IN,creator438@mail.example,gaming
CR00439,instagram,@creator439_instagram,280288,-2611,134514,3067,795,10,94.0,False,Creator 439,CA,creator439@mail.example,music
CR00439,tiktok,@creator439_tiktok,1049747,131144,8104692,166727,19633,17177,16640.0,False,Creator 439,CA,creator439@mail.example,music
CR00439,youtube,@creator439_youtube,3366,419,2749,66,5,0,,False,Creator 439,CA,creator439@mail.example,music
CR00440,tiktok,@creator440_tiktok,38211,122,99855,5312,178,133,388.0,False,Creator 440,FR,creator440@mail.example,comedy
CR00440,instagram,@creator440_instagram,22192,3027,3631,285,25,10,11.0,False,Creator 440,FR,creator440@mail.example,comedy
CR00440,youtube,@creator440_youtube,12162,535,67733,2859,527,322,,False,Creator 440,FR,creator440@mail.example,comedy
CR00441,youtube,@creator441_youtube,3304,185,7032,119,14,0,,False,Creator 441,IN,creator441@mail.example,music
CR00442,youtube,@creator442_youtube,100564,9872,81830,5061,24,201,,False,Creator 442,FR,creator442@mail.example,comedy
CR00442,tiktok,@creator442_tiktok,8918,1032,32558,1967,180,11,11.0,False,Creator 442,FR,creator442@mail.example,comedy
CR00442,instagram,@creator442_instagram,221987,5721,104270,3369,101,4,347.0,False,Creator 442,FR,creator442@mail.example,comedy
CR00443,youtube,@creator443_youtube,763576,128094,1196408,105215,3,3707,,False,Creator 443,CA,creator443@mail.example,finance
CR00443,tiktok,@creator443_tiktok,85005,-1024,239555,11560,860,972,2170.0,False,Creator 443,CA,creator443@mail.example,finance
CR00443,instagram,@creator443_instagram,14635,1195,12287,690,155,7,6.0,True,Creator 443,CA,creator443@mail.example,finance
CR00444,youtube,@creator444_youtube,44917,-680,136039,12046,5,0,,False,Creator 444,MX,creator444@mail.example,gaming
CR00444,instagram,@creator444_instagram,4357,202,991,71,15,0,0.0,False,Creator 444,MX,creator444@mail.example,gaming
CR00444,tiktok,@creator444_tiktok,32612,-814,289044,14418,2441,275,751.0,False,Creator 444,MX,creator444@mail.example,gaming
CR00445,instagram,@creator445_instagram,218762,35690,59834,1546,56,81,9.0,False,Creator 445,MX,creator445@mail.example,music
CR00446,youtube,@creator446_youtube,30796,3746,21198,1076,101,84,,False,Creator 446,KR,creator446@mail.example,tech
CR00446,tiktok,@creator446_tiktok,58651,9049,219985,5940,941,210,4.0,False,Creator 446,KR,creator446@mail.example,tech
CR00446,instagram,@creator446_instagram,1671,45,663,29,0,0,4.0,False,Creator 446,KR,creator446@mail.example,tech
CR00447,tiktok,@creator447_tiktok,58248,906,25949,1347,124,27,29.0,False,Creator 447,JP,creator447@mail.example,beauty
CR00448,youtube,@creator448_youtube,62718,1552,124768,4326,89,3151,,False,Creator 448,DE,creator448@mail.example,gaming
CR00448,instagram,@creator448_instagram,8611,-206,10577,292,25,0,141.0,False,Creator 448,DE,creator448@mail.example,gaming
CR00449,instagram,@creator449_instagram,388373,22832,165282,12634,384,90,626.0,False,Creator 449,GB,creator449@mail.example,gaming
CR00449,tiktok,@creator449_tiktok,180744,25862,289875,7721,2096,2136,7.0,False,Creator 449,GB,creator449@mail.example,gaming
CR00449,youtube,@creator449_youtube,122544,9808,332712,23693,957,115,,False,Creator 449,GB,creator449@mail.example,gaming
CR00450,tiktok,@creator450_tiktok,18165,1650,45150,685,143,43,0.0,False,Creator 450,IN,creator450@mail.example,food
CR00450,instagram,@creator450_instagram,13840,-1075,26642,2064,188,0,241.0,True,Creator 450,IN,creator450@mail.example,food
CR00451,tiktok,@creator451_tiktok,14003,-135,26613,419,202,0,27.0,False,Creator 451,US,creator451@mail.example,education
CR00451,youtube,@creator451_youtube,17448,958,7151,427,0,8,,False,Creator 451,US,creator451@mail.example,education
CR00452,instagram,@creator452_instagram,288684,-2552,82331,3799,387,566,0.0,True,Creator 452,CA,creator452@mail.example,finance
CR00452,youtube,@creator452_youtube,58895,6184,44697,4658,0,265,,False,Creator 452,CA,creator452@mail.example,finance
CR00453,youtube,@creator453_youtube,6466,376,4621,76,13,2,,False,Creator 453,FR,creator453@mail.example,gaming
CR00454,tiktok,@creator454_tiktok,51558,6154,186574,4711,113,421,288.0,False,Creator 454,GB,creator454@mail.example,comedy
CR00454,youtube,@creator454_youtube,276536,29986,539835,17056,1652,37,,False,Creator 454,GB,creator454@mail.example,comedy
CR00454,instagram,@creator454_instagram,140904,25429,83527,2095,104,60,64.0,True,Creator 454,GB,creator454@mail.example,comedy
CR00455,instagram,@creator455_instagram,81073,-282,7083,269,79,60,64.0,False,Creator 455,IN,creator455@mail.example,comedy
CR00455,tiktok,@creator455_tiktok,1180231,64153,5855639,285358,5256,120310,12913.0,False,Creator 455,IN,creator455@mail.example,comedy
CR00456,youtube,@creator456_youtube,38690,3287,118529,5289,1325,1220,,False,Creator 456,US,creator456@mail.example,finance
CR00457,instagram,@creator457_instagram,23572,5206,13737,368,9,0,12.0,True,Creator 457,GB,creator457@mail.example,music
CR00457,tiktok,@creator457_tiktok,16951,-1269,48177,643,90,119,50.0,False,Creator 457,GB,creator457@mail.example,music
CR00458,instagram,@creator458_instagram,53172,6933,49382,2364,218,359,20.0,False,Creator 458,IN,creator458@mail.example,finance
CR00458,tiktok,@creator458_tiktok,202965,11396,314707,16775,3755,3256,1090.0,False,Creator 458,IN,creator458@mail.example,finance
CR00458,youtube,@creator458_youtube,59556,3180,135268,9146,360,1894,,False,Creator 458,IN,creator458@mail.example,finance
CR00459,tiktok,@creator459_tiktok,154556,32418,371609,19137,2197,945,3023.0,False,Creator 459,GB,creator459@mail.example,fitness
CR00460,tiktok,@creator460_tiktok,216295,29015,215330,18807,189,3535,176.0,False,Creator 460,KR,creator460@mail.example,finance
CR00460,youtube,@creator460_youtube,104841,15844,71351,1923,0,128,,False,Creator 460,KR,creator460@mail.example,finance
CR00460,instagram,@creator460_instagram,116149,4612,73491,3445,592,15,299.0,False,Creator 460,KR,creator460@mail.example,finance
CR00461,instagram,@creator461_instagram,52016,5693,41125,1711,332,182,6.0,False,Creator 461,BR,creator461@mail.example,beauty
CR00461,youtube,@creator461_youtube,17717,142,18968,878,41,9,,False,Creator 461,BR,creator461@mail.example,beauty
CR00461,tiktok,@creator461_tiktok,24649,3206,71653,2353,7,10,94.0,False,Creator 461,BR,creator461@mail.example,beauty
CR00462,instagram,@creator462_instagram,2596756,271490,1252381,55634,507,12,2709.0,False,Creator 462,GB,creator462@mail.example,food
CR00462,youtube,@creator462_youtube,28683,-73,34804,1302,275,40,,False,Creator 462,GB,creator462@mail.example,food
CR00462,tiktok,@creator462_tiktok,20874,3544,63617,2163,57,67,16.0,False,Creator 462,GB,creator462@mail.example,food
CR00463,tiktok,@creator463_tiktok,14691,628,32639,1626,84,173,25.0,False,Creator 463,IN,creator463@mail.example,gaming
CR00463,instagram,@creator463_instagram,25184,1988,20328,1181,55,112,0.0,False,Creator 463,IN,creator463@mail.example,gaming
CR00463,youtube,@creator463_youtube,99271,6418,33430,1819,15,181,,False,Creator 463,IN,creator463@mail.example,gaming
CR00464,instagram,@creator464_instagram,162754,9432,177828,5395,0,970,13.0,False,Creator 464,GB,creator464@mail.example,education
CR00465,instagram,@creator465_instagram,167735,9180,156508,10488,309,125,709.0,False,Creator 465,JP,creator465@mail.example,fitness
CR00465,tiktok,@creator465_tiktok,62644,5169,125239,5017,226,747,77.0,False,Creator 465,JP,creator465@mail.example,fitness
CR00465,youtube,@creator465_youtube,9698,572,14322,709,218,88,,False,Creator 465,JP,creator465@mail.example,fitness
CR00466,instagram,@creator466_instagram,6510,228,2226,173,29,10,12.0,False,Creator 466,US,creator466@mail.example,beauty
CR00466,tiktok,@creator466_tiktok,35535,2074,169035,2409,0,604,204.0,False,Creator 466,US,creator466@mail.example,beauty
CR00467,tiktok,@creator467_tiktok,461402,60140,304059,16290,3787,4,25.0,False,Creator 467,DE,creator467@mail.example,fitness
CR00467,instagram,@creator467_instagram,9847,817,2138,109,6,3,4.0,False,Creator 467,DE,creator467@mail.example,fitness
CR00468,instagram,@creator468_instagram,61386,8658,78424,1957,4,22,0.0,True,Creator 468,MX,creator468@mail.example,gaming
CR00468,tiktok,@creator468_tiktok,54724,583,229233,6578,1038,964,18.0,False,Creator 468,MX,creator468@mail.example,gaming
CR00468,youtube,@creator468_youtube,41809,1414,25514,1437,15,28,,False,Creator 468,MX,creator468@mail.example,gaming
CR00469,tiktok,@creator469_tiktok,164496,7209,269678,11591,614,59,649.0,False,Creator 469,FR,creator469@mail.example,music
CR00470,tiktok,@creator470_tiktok,5691,85,12735,113,24,2,23.0,False,Creator 470,IN,creator470@mail.example,beauty
CR00470,instagram,@creator470_instagram,35538,947,10426,485,4,40,1.0,False,Creator 470,IN,creator470@mail.example,beauty
CR00471,instagram,@creator471_instagram,491516,44681,334400,33135,5088,814,841.0,False,Creator 471,KR,creator471@mail.example,gaming
CR00471,youtube,@creator471_youtube,165969,15237,74674,5991,14,156,,False,Creator 471,KR,creator471@mail.example,gaming
CR00471,tiktok,@creator471_tiktok,63385,9614,169184,2591,855,136,3.0,False,Creator 471,KR,creator471@mail.example,gaming
CR00472,tiktok,@creator472_tiktok,1492775,117649,6377522,143014,5587,11602,22885.0,False,Creator 472,CA,creator472@mail.example,travel
CR00472,instagram,@creator472_instagram,5264,591,4860,96,15,4,0.0,False,Creator 472,CA,creator472@mail.example,travel
CR00472,youtube,@creator472_youtube,8049,623,9138,262,11,80,,False,Creator 472,CA,creator472@mail.example,travel
CR00473,instagram,@creator473_instagram,35942,4855,50502,2643,68,35,77.0,False,Creator 473,US,creator473@mail.example,fitness
CR00473,youtube,@creator473_youtube,45843,3748,31279,2011,193,25,,False,Creator 473,US,creator473@mail.example,fitness
CR00473,tiktok,@creator473_tiktok,139784,18616,1070103,31420,1763,4835,7508.0,False,Creator 473,US,creator473@mail.example,fitness
CR00474,tiktok,@creator474_tiktok,11882,1304,5882,550,36,7,21.0,False,Creator 474,MX,creator474@mail.example,tech
CR00475,tiktok,@creator475_tiktok,35805,870,264067,6343,146,43,39.0,False,Creator 475,BR,creator475@mail.example,comedy
CR00475,instagram,@creator475_instagram,36238,2803,13733,568,28,29,5.0,True,Creator 475,BR,creator475@mail.example,comedy
CR00476,tiktok,@creator476_tiktok,8308,1527,12952,673,20,73,39.0,False,Creator 476,GB,creator476@mail.example,tech
CR00476,instagram,@creator476_instagram,1694,85,730,13,0,0,1.0,False,Creator 476,GB,creator476@mail.example,tech
CR00477,tiktok,@creator477_tiktok,131749,4755,782240,40106,798,440,1490.0,False,Creator 477,CA,creator477@mail.example,tech
CR00477,instagram,@creator477_instagram,151284,27056,89825,4189,108,371,1204.0,False,Creator 477,CA,creator477@mail.example,tech
CR00477,youtube,@creator477_youtube,4085,489,4431,237,9,31,,False,Creator 477,CA,creator477@mail.example,tech
CR00478,tiktok,@creator478_tiktok,31799,1425,68744,4702,87,2,16.0,False,Creator 478,IN,creator478@mail.example,fitness
CR00478,instagram,@creator478_instagram,114613,7584,103151,1678,345,55,89.0,False,Creator 478,IN,creator478@mail.example,fitness
CR00479,youtube,@creator479_youtube,175605,16037,90829,5470,242,1,,False,Creator 479,US,creator479@mail.example,music
CR00479,instagram,@creator479_instagram,262782,3630,83693,7221,1,322,23.0,False,Creator 479,US,creator479@mail.example,music
CR00479,tiktok,@creator479_tiktok,135123,18951,616927,28509,1379,0,2533.0,False,Creator 479,US,creator479@mail.example,music
CR00480,youtube,@creator480_youtube,725199,85726,2460107,124296,16564,1246,,False,Creator 480,CA,creator480@mail.example,gaming
CR00481,tiktok,@creator481_tiktok,171396,14738,894173,35038,1129,4130,3019.0,False,Creator 481,BR,creator481@mail.example,travel
CR00481,instagram,@creator481_instagram,1252144,101640,791620,26965,701,0,748.0,False,Creator 481,BR,creator481@mail.example,travel
CR00482,tiktok,@creator482_tiktok,22582,1006,78175,2905,62,1,454.0,False,Creator 482,IN,creator482@mail.example,gaming
CR00483,tiktok,@creator483_tiktok,281621,27316,811190,52323,9229,110,1867.0,False,Creator 483,IN,creator483@mail.example,music
CR00483,instagram,@creator483_instagram,39799,5659,31497,734,9,96,16.0,True,Creator 483,IN,creator483@mail.example,music
CR00483,youtube,@creator483_youtube,74887,-786,267400,9565,638,886,,False,Creator 483,IN,creator483@mail.example,music
CR00484,youtube,@creator484_youtube,326536,33759,676313,33984,2765,1542,,False,Creator 484,MX,creator484@mail.example,finance
CR00484,instagram,@creator484_instagram,141599,3405,201842,6343,158,212,2152.0,False,Creator 484,MX,creator484@mail.example,finance
CR00485,tiktok,@creator485_tiktok,272887,34292,740708,29725,229,325,518.0,False,Creator 485,BR,creator485@mail.example,finance
CR00485,youtube,@creator485_youtube,791776,-112367,1549233,96385,13093,8168,,False,Creator 485,BR,creator485@mail.example,finance
CR00485,instagram,@creator485_instagram,216920,36705,44413,2882,618,0,95.0,False,Creator 485,BR,creator485@mail.example,finance
CR00486,tiktok,@creator486_tiktok,23742,1306,122611,4474,1031,521,666.0,False,Creator 486,IN,creator486@mail.example,gaming
CR00486,instagram,@creator486_instagram,170367,8362,39878,1579,130,8,143.0,False,Creator 486,IN,creator486@mail.example,gaming
CR00487,youtube,@creator487_youtube,310635,71428,399440,20494,516,1245,,False,Creator 487,JP,creator487@mail.example,education
CR00487,instagram,@creator487_instagram,56579,4960,37398,2176,58,104,340.0,True,Creator 487,JP,creator487@mail.example,education
CR00488,instagram,@creator488_instagram,80085,15376,65032,2994,118,0,117.0,False,Creator 488,MX,creator488@mail.example,finance
CR00488,youtube,@creator488_youtube,70643,7512,87391,6689,119,74,,False,Creator 488,MX,creator488@mail.example,finance
CR00488,tiktok,@creator488_tiktok,6726,-613,46076,1814,155,8,110.0,False,Creator 488,MX,creator488@mail.example,finance
CR00489,youtube,@creator489_youtube,94379,5526,150824,3810,1295,63,,False,Creator 489,CA,creator489@mail.example,comedy
CR00489,tiktok,@creator489_tiktok,24694,2144,121644,4026,206,427,0.0,False,Creator 489,CA,creator489@mail.example,comedy
CR00489,instagram,@creator489_instagram,165999,14189,384045,17609,1027,621,1731.0,False,Creator 489,CA,creator489@mail.example,comedy
CR00490,tiktok,@creator490_tiktok,74263,8709,85038,5557,403,342,18.0,False,Creator 490,IN,creator490@mail.example,gaming
CR00490,instagram,@creator490_instagram,28975,3037,40178,1066,4,253,1.0,False,Creator 490,IN,creator490@mail.example,gaming
CR00491,tiktok,@creator491_tiktok,64724,3106,186110,9975,2139,3,305.0,False,Creator 491,DE,creator491@mail.example,beauty
CR00491,instagram,@creator491_instagram,2293,145,1562,33,0,3,0.0,True,Creator 491,DE,creator491@mail.example,beauty
CR00491,youtube,@creator491_youtube,15259,1468,27949,1786,57,22,,False,Creator 491,DE,creator491@mail.example,beauty
CR00492,tiktok,@creator492_tiktok,97473,3260,884738,49006,73,0,3271.0,False,Creator 492,US,creator492@mail.example,music
CR00493,instagram,@creator493_instagram,7397,720,1996,113,8,0,2.0,False,Creator 493,IN,creator493@mail.example,finance
CR00493,tiktok,@creator493_tiktok,7674,422,27776,602,3,0,35.0,False,Creator 493,IN,creator493@mail.example,finance
CR00493,youtube,@creator493_youtube,139625,12193,91158,2852,69,1,,False,Creator 493,IN,creator493@mail.example,finance
CR00494,instagram,@creator494_instagram,150085,10860,60290,1613,231,139,51.0,False,Creator 494,US,creator494@mail.example,music
CR00494,tiktok,@creator494_tiktok,26986,2043,71438,4103,227,419,56.0,False,Creator 494,US,creator494@mail.example,music
CR00494,youtube,@creator494_youtube,8460,1874,9764,306,14,4,,False,Creator 494,US,creator494@mail.example,music
CR00495,tiktok,@creator495_tiktok,327649,44078,529639,18430,2304,1400,173.0,False,Creator 495,US,creator495@mail.example,education
CR00495,instagram,@creator495_instagram,4210,397,2604,107,0,2,10.0,False,Creator 495,US,creator495@mail.example,education
CR00495,youtube,@creator495_youtube,44522,-4260,70294,4379,171,6,,False,Creator 495,US,creator495@mail.example,education
CR00496,tiktok,@creator496_tiktok,13681,1158,56478,3862,207,3,1234.0,False,Creator 496,US,creator496@mail.example,beauty
CR00497,instagram,@creator497_instagram,19776,1380,29084,1558,6,0,17.0,False,Creator 497,MX,creator497@mail.example,gaming
CR00498,tiktok,@creator498_tiktok,45376,1919,627860,46561,4600,2310,1221.0,False,Creator 498,MX,creator498@mail.example,music
CR00499,instagram,@creator499_instagram,44013,2510,28610,1862,71,46,19.0,False,Creator 499,BR,creator499@mail.example,finance
CR00499,youtube,@creator499_youtube,175235,17236,210734,12079,1406,1726,,False,Creator 499,BR,creator499@mail.example,finance
CR00499,tiktok,@creator499_tiktok,21907,504,48926,2639,471,31,721.0,False,Creator 499,BR,creator499@mail.example,finance
CR00500,tiktok,@creator500_tiktok,48951,3528,85044,3805,72,0,202.0,False,Creator 500,MX,creator500@mail.example,finance
CR00501,tiktok,@creator501_tiktok,127092,3778,312639,13776,3001,78,66.0,False,Creator 501,JP,creator501@mail.example,fitness
CR00501,instagram,@creator501_instagram,123640,7367,69597,4594,32,7,322.0,False,Creator 501,JP,creator501@mail.example,fitness
CR00501,youtube,@creator501_youtube,10837,302,5782,241,59,0,,False,Creator 501,JP,creator501@mail.example,fitness
CR00502,youtube,@creator502_youtube,72532,7271,37888,1761,11,31,,False,Creator 502,BR,creator502@mail.example,education
CR00502,tiktok,@creator502_tiktok,10398,859,69213,3758,946,79,343.0,False,Creator 502,BR,creator502@mail.example,education
CR00503,tiktok,@creator503_tiktok,1051477,70955,1859134,92999,845,0,210.0,False,Creator 503,JP,creator503@mail.example,music
CR00504,instagram,@creator504_instagram,16550,1567,5523,480,0,95,31.0,True,Creator 504,GB,creator504@mail.example,comedy
CR00504,youtube,@creator504_youtube,23583,497,21287,765,45,56,,False,Creator 504,GB,creator504@mail.example,comedy
CR00504,tiktok,@creator504_tiktok,229534,14224,1606024,59917,130,13319,4207.0,False,Creator 504,GB,creator504@mail.example,comedy
CR00505,instagram,@creator505_instagram,63199,2236,123014,5185,2,944,441.0,True,Creator 505,FR,creator505@mail.example,beauty
CR00505,youtube,@creator505_youtube,9959,887,2860,225,30,12,,False,Creator 505,FR,creator505@mail.example,beauty
CR00505,tiktok,@creator505_tiktok,5950,475,25153,1264,0,39,100.0,False,Creator 505,FR,creator505@mail.example,beauty
CR00506,tiktok,@creator506_tiktok,268712,36488,1655742,103889,13503,6788,332.0,False,Creator 506,JP,creator506@mail.example,beauty
CR00506,instagram,@creator506_instagram,286693,10950,154606,8135,32,76,444.0,False,Creator 506,JP,creator506@mail.example,beauty
CR00507,youtube,@creator507_youtube,67441,-2540,642169,11174,1916,29,,False,Creator 507,MX,creator507@mail.example,education
CR00507,tiktok,@creator507_tiktok,34045,5585,50722,1808,226,6,16.0,False,Creator 507,MX,creator507@mail.example,education
CR00508,youtube,@creator508_youtube,31938,2407,69684,4939,113,18,,False,Creator 508,FR,creator508@mail.example,food
CR00508,instagram,@creator508_instagram,87367,10985,24938,1661,54,1,101.0,True,Creator 508,FR,creator508@mail.example,food
CR00508,tiktok,@creator508_tiktok,12236,1392,67295,3415,0,255,1199.0,False,Creator 508,FR,creator508@mail.example,food
CR00509,youtube,@creator509_youtube,49892,5197,136082,4846,132,277,,False,Creator 509,MX,creator509@mail.example,fitness
CR00509,tiktok,@creator509_tiktok,7498,853,8185,232,28,61,16.0,False,Creator 509,MX,creator509@mail.example,fitness
CR00509,instagram,@creator509_instagram,277514,18632,197037,12655,250,202,6.0,False,Creator 509,MX,creator509@mail.example,fitness
CR00510,youtube,@creator510_youtube,127392,19827,120278,3902,110,635,,False,Creator 510,IN,creator510@mail.example,gaming
CR00510,instagram,@creator510_instagram,22672,4602,6049,387,18,5,0.0,False,Creator 510,IN,creator510@mail.example,gaming
CR00510,tiktok,@creator510_tiktok,11232,42,14622,741,14,6,12.0,False,Creator 510,IN,creator510@mail.example,gaming
CR00511,youtube,@creator511_youtube,8741,763,29190,1939,6,158,,False,Creator 511,BR,creator511@mail.example,music
CR00511,instagram,@creator511_instagram,22171,2748,9578,543,3,6,0.0,False,Creator 511,BR,creator511@mail.example,music
CR00511,tiktok,@creator511_tiktok,57331,2074,177676,8347,937,517,175.0,False,Creator 511,BR,creator511@mail.example,music
CR00512,youtube,@creator512_youtube,100192,4578,143338,2651,960,39,,False,Creator 512,BR,creator512@mail.example,gaming
CR00512,tiktok,@creator512_tiktok,4007,408,11269,864,15,0,36.0,False,Creator 512,BR,creator512@mail.example,gaming
CR00513,instagram,@creator513_instagram,21882,1732,5094,303,54,20,1.0,False,Creator 513,DE,creator513@mail.example,gaming
CR00513,tiktok,@creator513_tiktok,748140,67926,491715,19960,493,1035,16.0,False,Creator 513,DE,creator513@mail.example,gaming
CR00513,youtube,@creator513_youtube,55240,4074,174405,5302,782,9,,False,Creator 513,DE,creator513@mail.example,gaming
CR00514,youtube,@creator514_youtube,445000,3663,2286858,92177,4216,10165,,False,Creator 514,BR,creator514@mail.example,beauty
CR00514,instagram,@creator514_instagram,1142445,228150,688990,21884,538,2725,7.0,False,Creator 514,BR,creator514@mail.example,beauty
CR00514,tiktok,@creator514_tiktok,19076,-568,24066,525,0,7,35.0,False,Creator 514,BR,creator514@mail.example,beauty
CR00515,instagram,@creator515_instagram,2813,404,2569,94,10,10,8.0,False,Creator 515,CA,creator515@mail.example,beauty
CR00515,tiktok,@creator515_tiktok,88889,8703,401771,16193,457,485,115.0,False,Creator 515,CA,creator515@mail.example,beauty
CR00515,youtube,@creator515_youtube,66371,9710,108499,4493,1219,784,,False,Creator 515,CA,creator515@mail.example,beauty
CR00516,tiktok,@creator516_tiktok,339071,15708,2591209,107932,14669,5291,15.0,False,Creator 516,FR,creator516@mail.example,food
CR00516,youtube,@creator516_youtube,6951,285,1988,110,16,13,,False,Creator 516,FR,creator516@mail.example,food
CR00517,youtube,@creator517_youtube,154898,2923,415246,18232,2101,1046,,False,Creator 517,DE,creator517@mail.example,beauty
CR00517,instagram,@creator517_instagram,3228,451,984,14,0,1,0.0,False,Creator 517,DE,creator517@mail.example,beauty
CR00517,tiktok,@creator517_tiktok,108801,5032,587388,22328,376,1844,3313.0,False,Creator 517,DE,creator517@mail.example,beauty
CR00518,youtube,@creator518_youtube,646112,-31369,1249735,20926,600,1679,,False,Creator 518,US,creator518@mail.example,fitness
CR00518,tiktok,@creator518_tiktok,1232316,88479,4713303,174000,780,15716,336.0,False,Creator 518,US,creator518@mail.example,fitness
CR00519,instagram,@creator519_instagram,77258,5543,93004,4797,36,0,12.0,False,Creator 519,CA,creator519@mail.example,education
CR00519,youtube,@creator519_youtube,57315,4601,48609,2066,225,121,,False,Creator 519,CA,creator519@mail.example,education
CR00519,tiktok,@creator519_tiktok,48293,1416,129326,3139,14,103,0.0,False,Creator 519,CA,creator519@mail.example,education
CR00520,youtube,@creator520_youtube,13435,-422,6508,296,8,0,,False,Creator 520,US,creator520@mail.example,gaming
CR00521,tiktok,@creator521_tiktok,82995,3277,108422,7054,65,55,58.0,False,Creator 521,GB,creator521@mail.example,tech
CR00522,youtube,@creator522_youtube,321453,20943,330663,8370,250,8,,False,Creator 522,IN,creator522@mail.example,finance
CR00522,instagram,@creator522_instagram,45725,7764,17493,592,25,72,35.0,False,Creator 522,IN,creator522@mail.example,finance
CR00522,tiktok,@creator522_tiktok,858823,12754,11190986,555431,26284,22507,62744.0,False,Creator 522,IN,creator522@mail.example,finance
CR00523,youtube,@creator523_youtube,32620,-2420,54711,1051,97,92,,False,Creator 523,FR,creator523@mail.example,food
CR00523,tiktok,@creator523_tiktok,150966,8979,406772,20482,1069,1208,60.0,False,Creator 523,FR,creator523@mail.example,food
CR00523,instagram,@creator523_instagram,245686,18535,69448,2848,187,32,0.0,False,Creator 523,FR,creator523@mail.example,food
CR00524,instagram,@creator524_instagram,8936,668,4138,218,11,3,36.0,False,Creator 524,CA,creator524@mail.example,education
CR00524,tiktok,@creator524_tiktok,448871,53240,1751418,70228,581,2819,18753.0,False,Creator 524,CA,creator524@mail.example,education
CR00525,instagram,@creator525_instagram,171829,-8963,103066,6745,0,316,335.0,True,Creator 525,US,creator525@mail.example,fitness
CR00525,tiktok,@creator525_tiktok,22556,2132,80577,2052,686,0,28.0,False,Creator 525,US,creator525@mail.example,fitness
CR00525,youtube,@creator525_youtube,9489,530,17398,451,13,64,,False,Creator 525,US,creator525@mail.example,fitness
CR00526,tiktok,@creator526_tiktok,27886,-7809,133007,4558,633,106,275.0,False,Creator 526,GB,creator526@mail.example,gaming
CR00526,instagram,@creator526_instagram,51253,-901,19767,280,52,4,86.0,False,Creator 526,GB,creator526@mail.example,gaming
CR00526,youtube,@creator526_youtube,19508,1470,2428,47,10,0,,False,Creator 526,GB,creator526@mail.example,gaming
CR00527,instagram,@creator527_instagram,67587,4811,34898,859,20,102,3.0,False,Creator 527,FR,creator527@mail.example,travel
CR00527,tiktok,@creator527_tiktok,168042,4402,525701,15396,2081,1987,107.0,False,Creator 527,FR,creator527@mail.example,travel
CR00527,youtube,@creator527_youtube,127434,18204,86797,5481,463,1021,,False,Creator 527,FR,creator527@mail.example,travel
CR00528,instagram,@creator528_instagram,37200,3445,31750,1804,10,399,8.0,False,Creator 528,MX,creator528@mail.example,fitness
CR00529,youtube,@creator529_youtube,6406,944,5404,142,14,2,,False,Creator 529,IN,creator529@mail.example,beauty
CR00529,instagram,@creator529_instagram,132594,9603,91337,1814,51,1,304.0,False,Creator 529,IN,creator529@mail.example,beauty
CR00529,tiktok,@creator529_tiktok,94177,22285,116377,5919,76,162,318.0,False,Creator 529,IN,creator529@mail.example,beauty
CR00530,tiktok,@creator530_tiktok,19580,2286,71841,1988,1,22,80.0,False,Creator 530,KR,creator530@mail.example,tech
CR00530,youtube,@creator530_youtube,23658,2524,59948,3681,15,110,,False,Creator 530,KR,creator530@mail.example,tech
CR00530,instagram,@creator530_instagram,16836,-264,4434,171,12,9,2.0,True,Creator 530,KR,creator530@mail.example,tech
CR00531,instagram,@creator531_instagram,16173,286,8982,284,16,69,68.0,True,Creator 531,BR,creator531@mail.example,comedy
CR00532,instagram,@creator532_instagram,661823,33826,357541,19217,477,495,573.0,False,Creator 532,IN,creator532@mail.example,education
CR00532,youtube,@creator532_youtube,52947,4545,59639,2950,365,367,,False,Creator 532,IN,creator532@mail.example,education
CR00533,instagram,@creator533_instagram,223385,23964,199547,11918,103,432,921.0,True,Creator 533,US,creator533@mail.example,education
CR00533,youtube,@creator533_youtube,254339,10591,95417,3957,458,285,,False,Creator 533,US,creator533@mail.example,education
CR00533,tiktok,@creator533_tiktok,144217,12949,222901,9807,399,57,346.0,False,Creator 533,US,creator533@mail.example,education
CR00534,instagram,@creator534_instagram,395804,-13095,367274,20483,1370,380,74.0,False,Creator 534,JP,creator534@mail.example,tech
CR00534,youtube,@creator534_youtube,4310,824,2548,113,3,3,,False,Creator 534,JP,creator534@mail.example,tech
CR00534,tiktok,@creator534_tiktok,48577,4210,76921,2152,221,131,3.0,False,Creator 534,JP,creator534@mail.example,tech
CR00535,tiktok,@creator535_tiktok,207114,15931,612501,34712,3227,1921,1515.0,False,Creator 535,CA,creator535@mail.example,gaming
CR00535,youtube,@creator535_youtube,822155,184510,2208310,91707,25,0,,False,Creator 535,CA,creator535@mail.example,gaming
CR00535,instagram,@creator535_instagram,160200,13884,58001,3994,88,183,303.0,False,Creator 535,CA,creator535@mail.example,gaming
CR00536,tiktok,@creator536_tiktok,10453,1171,54466,4198,15,242,0.0,False,Creator 536,CA,creator536@mail.example,gaming
CR00536,instagram,@creator536_instagram,85687,3363,64682,651,149,557,10.0,False,Creator 536,CA,creator536@mail.example,gaming
CR00536,youtube,@creator536_youtube,15145,965,18680,1312,50,46,,False,Creator 536,CA,creator536@mail.example,gaming
CR00537,instagram,@creator537_instagram,107972,14129,44625,1893,40,138,184.0,False,Creator 537,IN,creator537@mail.example,gaming
CR00537,youtube,@creator537_youtube,21724,2476,64543,3972,282,568,,False,Creator 537,IN,creator537@mail.example,gaming
CR00538,youtube,@creator538_youtube,46412,2474,12450,548,211,32,,False,Creator 538,JP,creator538@mail.example,gaming
CR00538,tiktok,@creator538_tiktok,424670,20094,1051912,36924,2867,2758,2757.0,False,Creator 538,JP,creator538@mail.example,gaming
CR00539,tiktok,@creator539_tiktok,140001,5264,179604,10403,322,98,436.0,False,Creator 539,US,creator539@mail.example,gaming
CR00539,instagram,@creator539_instagram,34555,3054,23781,1875,165,124,122.0,False,Creator 539,US,creator539@mail.example,gaming
CR00540,youtube,@creator540_youtube,64951,5443,39650,2390,12,0,,False,Creator 540,IN,creator540@mail.example,finance
CR00540,instagram,@creator540_instagram,27573,719,47223,2873,110,0,436.0,False,Creator 540,IN,creator540@mail.example,finance
CR00540,tiktok,@creator540_tiktok,58376,5399,36581,1490,136,1,122.0,False,Creator 540,IN,creator540@mail.example,finance
CR00541,tiktok,@creator541_tiktok,21931,3544,224398,10923,4208,3721,118.0,False,Creator 541,DE,creator541@mail.example,beauty
CR00541,instagram,@creator541_instagram,24537,2948,9809,259,14,0,17.0,False,Creator 541,DE,creator541@mail.example,beauty
CR00542,tiktok,@creator542_tiktok,2135080,50391,14832804,1342136,8086,155163,7235.0,False,Creator 542,DE,creator542@mail.example,music
CR00542,instagram,@creator542_instagram,440672,-36271,522860,35251,6,1902,276.0,False,Creator 542,DE,creator542@mail.example,music
CR00542,youtube,@creator542_youtube,8554,544,4978,281,34,0,,False,Creator 542,DE,creator542@mail.example,music
CR00543,youtube,@creator543_youtube,72479,6190,52362,2210,2,18,,False,Creator 543,MX,creator543@mail.example,tech
CR00544,tiktok,@creator544_tiktok,31228,4448,144760,8821,7,193,443.0,False,Creator 544,DE,creator544@mail.example,tech
CR00544,instagram,@creator544_instagram,159482,25916,53659,1179,0,126,57.0,False,Creator 544,DE,creator544@mail.example,tech
CR00545,tiktok,@creator545_tiktok,51733,2107,210279,11317,1848,587,141.0,False,Creator 545,BR,creator545@mail.example,finance
CR00545,youtube,@creator545_youtube,64061,6930,109924,4143,368,3,,False,Creator 545,BR,creator545@mail.example,finance
CR00545,instagram,@creator545_instagram,77094,6835,123494,3433,4,29,592.0,True,Creator 545,BR,creator545@mail.example,finance
CR00546,instagram,@creator546_instagram,88147,11958,120012,9675,104,653,19.0,False,Creator 546,US,creator546@mail.example,fitness
CR00546,youtube,@creator546_youtube,63417,9053,58167,2648,216,78,,False,Creator 546,US,creator546@mail.example,fitness
CR00546,tiktok,@creator546_tiktok,135460,13476,254679,8470,29,0,0.0,False,Creator 546,US,creator546@mail.example,fitness
CR00547,tiktok,@creator547_tiktok,77915,13804,458446,10206,429,40,1716.0,False,Creator 547,IN,creator547@mail.example,education
CR00547,youtube,@creator547_youtube,43500,195,145554,10106,218,1352,,False,Creator 547,IN,creator547@mail.example,education
CR00548,instagram,@creator548_instagram,288400,28652,75871,4769,1263,85,0.0,False,Creator 548,BR,creator548@mail.example,finance
CR00548,youtube,@creator548_youtube,61071,10570,259217,12760,555,968,,False,Creator 548,BR,creator548@mail.example,finance
CR00548,tiktok,@creator548_tiktok,16782,615,55803,3266,269,124,126.0,False,Creator 548,BR,creator548@mail.example,finance
CR00549,youtube,@creator549_youtube,10865,683,1047,42,3,1,,False,Creator 549,DE,creator549@mail.example,gaming
CR00549,tiktok,@creator549_tiktok,15394,2088,33895,716,14,50,51.0,False,Creator 549,DE,creator549@mail.example,gaming
CR00550,instagram,@creator550_instagram,42613,432,36077,2377,102,17,78.0,False,Creator 550,CA,creator550@mail.example,travel
CR00550,youtube,@creator550_youtube,175668,25167,216173,14024,848,39,,False,Creator 550,CA,creator550@mail.example,travel
CR00550,tiktok,@creator550_tiktok,150356,16217,466426,11915,2092,568,252.0,False,Creator 550,CA,creator550@mail.example,travel
CR00551,instagram,@creator551_instagram,34885,6567,2079,72,7,0,2.0,False,Creator 551,US,creator551@mail.example,travel
CR00551,youtube,@creator551_youtube,470260,-63876,957462,72695,5191,105,,False,Creator 551,US,creator551@mail.example,travel
CR00551,tiktok,@creator551_tiktok,57502,5528,162039,8966,0,18,551.0,False,Creator 551,US,creator551@mail.example,travel
CR00552,youtube,@creator552_youtube,796,111,1234,72,12,2,,False,Creator 552,DE,creator552@mail.example,finance
CR00552,tiktok,@creator552_tiktok,20106,683,137369,8957,724,490,1024.0,False,Creator 552,DE,creator552@mail.example,finance
CR00552,instagram,@creator552_instagram,276160,15617,114334,3765,213,152,45.0,False,Creator 552,DE,creator552@mail.example,finance
CR00553,instagram,@creator553_instagram,1444594,173185,793552,44543,20062,0,5707.0,False,Creator 553,FR,creator553@mail.example,education
CR00553,tiktok,@creator553_tiktok,89929,3841,385466,9073,1064,262,676.0,False,Creator 553,FR,creator553@mail.example,education
CR00553,youtube,@creator553_youtube,27338,928,52987,2358,341,219,,False,Creator 553,FR,creator553@mail.example,education
CR00554,instagram,@creator554_instagram,98887,6829,73357,4690,253,179,179.0,False,Creator 554,GB,creator554@mail.example,education
CR00554,youtube,@creator554_youtube,82098,632,167258,11251,3,263,,False,Creator 554,GB,creator554@mail.example,education
CR00555,instagram,@creator555_instagram,2062,124,1424,34,9,1,3.0,False,Creator 555,JP,creator555@mail.example,fitness
CR00555,tiktok,@creator555_tiktok,37471,1555,40600,852,59,0,5.0,False,Creator 555,JP,creator555@mail.example,fitness
CR00555,youtube,@creator555_youtube,39778,6842,52612,3362,388,0,,False,Creator 555,JP,creator555@mail.example,fitness
CR00556,youtube,@creator556_youtube,6565,368,6624,236,1,26,,False,Creator 556,IN,creator556@mail.example,fitness
CR00557,tiktok,@creator557_tiktok,85650,11332,469895,17512,787,0,2199.0,False,Creator 557,MX,creator557@mail.example,beauty
CR00557,youtube,@creator557_youtube,992152,-25062,2624945,66787,10733,2310,,False,Creator 557,MX,creator557@mail.example,beauty
CR00557,instagram,@creator557_instagram,12343,1102,6046,263,3,0,0.0,False,Creator 557,MX,creator557@mail.example,beauty
CR00558,instagram,@creator558_instagram,175385,20686,96466,5492,292,1657,626.0,False,Creator 558,BR,creator558@mail.example,travel
CR00559,instagram,@creator559_instagram,7371,571,6725,313,34,86,0.0,False,Creator 559,BR,creator559@mail.example,fitness
CR00559,tiktok,@creator559_tiktok,12632,1245,22221,394,10,45,16.0,False,Creator 559,BR,creator559@mail.example,fitness
CR00560,tiktok,@creator560_tiktok,14122,830,53029,2895,162,137,401.0,False,Creator 560,MX,creator560@mail.example,music
CR00560,youtube,@creator560_youtube,655637,-17778,319952,18831,2820,3292,,False,Creator 560,MX,creator560@mail.example,music
CR00560,instagram,@creator560_instagram,58249,5401,36356,1054,11,459,269.0,False,Creator 560,MX,creator560@mail.example,music
CR00561,youtube,@creator561_youtube,41354,8635,26271,917,6,1,,False,Creator 561,US,creator561@mail.example,education
CR00561,tiktok,@creator561_tiktok,12328,1048,76337,4127,1395,14,97.0,False,Creator 561,US,creator561@mail.example,education
CR00562,youtube,@creator562_youtube,35048,365,21810,759,11,0,,False,Creator 562,GB,creator562@mail.example,music
CR00562,tiktok,@creator562_tiktok,35852,3893,112252,8177,984,13,1514.0,False,Creator 562,GB,creator562@mail.example,music
CR00562,instagram,@creator562_instagram,338836,38060,343735,7329,67,133,326.0,True,Creator 562,GB,creator562@mail.example,music
CR00563,youtube,@creator563_youtube,82177,6556,137627,4229,447,45,,False,Creator 563,IN,creator563@mail.example,education
CR00563,tiktok,@creator563_tiktok,161217,-11876,675996,26277,4751,0,560.0,False,Creator 563,IN,creator563@mail.example,education
CR00564,youtube,@creator564_youtube,45154,1615,54036,3075,29,307,,False,Creator 564,GB,creator564@mail.example,tech
CR00565,tiktok,@creator565_tiktok,7149,-16,6427,120,7,8,3.0,False,Creator 565,CA,creator565@mail.example,finance
CR00566,instagram,@creator566_instagram,10756,1887,3941,116,21,7,36.0,False,Creator 566,FR,creator566@mail.example,travel
CR00566,tiktok,@creator566_tiktok,844067,44354,6415841,319219,60747,56032,4756.0,False,Creator 566,FR,creator566@mail.example,travel
CR00566,youtube,@creator566_youtube,27870,3070,56172,1342,49,0,,False,Creator 566,FR,creator566@mail.example,travel
CR00567,tiktok,@creator567_tiktok,10439,1154,17837,489,10,0,7.0,False,Creator 567,KR,creator567@mail.example,tech
CR00567,youtube,@creator567_youtube,257875,13369,1009933,39139,38,1279,,False,Creator 567,KR,creator567@mail.example,tech
CR00567,instagram,@creator567_instagram,19416,544,1929,106,3,4,1.0,False,Creator 567,KR,creator567@mail.example,tech
CR00568,youtube,@creator568_youtube,51451,8034,53207,1741,33,24,,False,Creator 568,US,creator568@mail.example,tech
CR00568,instagram,@creator568_instagram,96003,5433,69249,1323,7,0,33.0,False,Creator 568,US,creator568@mail.example,tech
CR00568,tiktok,@creator568_tiktok,39124,1867,304945,7600,649,552,108.0,False,Creator 568,US,creator568@mail.example,tech
CR00569,instagram,@creator569_instagram,63087,489,35357,2119,18,49,5.0,False,Creator 569,FR,creator569@mail.example,gaming
CR00569,youtube,@creator569_youtube,76597,-2102,124380,8318,42,1580,,False,Creator 569,FR,creator569@mail.example,gaming
CR00569,tiktok,@creator569_tiktok,22699,1156,39547,1305,119,0,50.0,False,Creator 569,FR,creator569@mail.example,gaming
CR00570,youtube,@creator570_youtube,9863,1876,7180,170,8,2,,False,Creator 570,US,creator570@mail.example,finance
CR00570,tiktok,@creator570_tiktok,18428,858,123496,5467,401,347,0.0,False,Creator 570,US,creator570@mail.example,finance
CR00570,instagram,@creator570_instagram,53030,4034,26008,1888,3,0,70.0,False,Creator 570,US,creator570@mail.example,finance
CR00571,tiktok,@creator571_tiktok,1739,104,2679,284,1,0,1.0,False,Creator 571,IN,creator571@mail.example,finance
CR00571,youtube,@creator571_youtube,209224,17839,196264,13851,1099,575,,False,Creator 571,IN,creator571@mail.example,finance
CR00572,instagram,@creator572_instagram,70916,2391,94015,7193,23,193,822.0,False,Creator 572,IN,creator572@mail.example,travel
CR00572,tiktok,@creator572_tiktok,23797,3752,73619,2413,151,0,69.0,False,Creator 572,IN,creator572@mail.example,travel
CR00573,tiktok,@creator573_tiktok,93246,591,77819,1576,24,5,110.0,False,Creator 573,BR,creator573@mail.example,finance
CR00574,youtube,@creator574_youtube,146263,14383,209952,6874,25,0,,False,Creator 574,GB,creator574@mail.example,gaming
CR00574,tiktok,@creator574_tiktok,113543,13745,274642,11940,314,514,3.0,False,Creator 574,GB,creator574@mail.example,gaming
CR00574,instagram,@creator574_instagram,7256,610,4943,441,6,3,13.0,False,Creator 574,GB,creator574@mail.example,gaming
CR00575,tiktok,@creator575_tiktok,15204,2262,32217,913,60,37,146.0,False,Creator 575,KR,creator575@mail.example,fitness
CR00576,tiktok,@creator576_tiktok,2374767,303202,3695321,147412,3156,286,9168.0,False,Creator 576,MX,creator576@mail.example,finance
CR00576,instagram,@creator576_instagram,549416,21703,972525,59032,2634,1529,4992.0,False,Creator 576,MX,creator576@mail.example,finance
CR00576,youtube,@creator576_youtube,233092,29610,1046055,30878,0,35,,False,Creator 576,MX,creator576@mail.example,finance
CR00577,tiktok,@creator577_tiktok,366326,50990,712042,31776,6194,1192,643.0,False,Creator 577,CA,creator577@mail.example,tech
CR00577,instagram,@creator577_instagram,285016,27794,121481,6603,101,1184,551.0,False,Creator 577,CA,creator577@mail.example,tech
CR00577,youtube,@creator577_youtube,7796,554,3638,174,74,1,,False,Creator 577,CA,creator577@mail.example,tech
CR00578,youtube,@creator578_youtube,48645,3952,58941,4546,315,215,,False,Creator 578,KR,creator578@mail.example,finance
CR00579,youtube,@creator579_youtube,8450,339,10652,173,5,0,,False,Creator 579,FR,creator579@mail.example,music
CR00579,instagram,@creator579_instagram,10458,1640,6197,395,2,47,72.0,False,Creator 579,FR,creator579@mail.example,music
CR00580,tiktok,@creator580_tiktok,42919,3998,120594,6390,111,953,798.0,False,Creator 580,DE,creator580@mail.example,food
CR00580,instagram,@creator580_instagram,64648,-1045,41687,2273,41,61,194.0,False,Creator 580,DE,creator580@mail.example,food
CR00580,youtube,@creator580_youtube,24621,4383,7831,358,5,3,,False,Creator 580,DE,creator580@mail.example,food
CR00581,instagram,@creator581_instagram,72041,3309,164813,5983,1776,0,396.0,False,Creator 581,JP,creator581@mail.example,music
CR00581,youtube,@creator581_youtube,90953,3327,695737,45305,1506,4776,,False,Creator 581,JP,creator581@mail.example,music
CR00581,tiktok,@creator581_tiktok,260325,18829,270018,18758,687,197,641.0,False,Creator 581,JP,creator581@mail.example,music
CR00582,tiktok,@creator582_tiktok,20918,4144,110549,6544,868,1,1293.0,False,Creator 582,CA,creator582@mail.example,music
CR00583,instagram,@creator583_instagram,117277,5113,48828,1218,280,1,215.0,False,Creator 583,IN,creator583@mail.example,music
CR00583,tiktok,@creator583_tiktok,76158,9598,131325,3256,168,234,871.0,False,Creator 583,IN,creator583@mail.example,music
CR00583,youtube,@creator583_youtube,282889,11197,256262,18955,2530,0,,False,Creator 583,IN,creator583@mail.example,music
CR00584,tiktok,@creator584_tiktok,174901,9593,290860,4762,150,50,25.0,False,Creator 584,KR,creator584@mail.example,finance
CR00584,youtube,@creator584_youtube,22358,2499,28460,537,2,25,,False,Creator 584,KR,creator584@mail.example,finance
CR00584,instagram,@creator584_instagram,241500,16800,166612,9961,393,0,2716.0,False,Creator 584,KR,creator584@mail.example,finance
CR00585,tiktok,@creator585_tiktok,1088,106,3450,78,8,8,4.0,False,Creator 585,CA,creator585@mail.example,food
CR00585,youtube,@creator585_youtube,37901,7172,58112,2349,993,3,,False,Creator 585,CA,creator585@mail.example,food
CR00586,instagram,@creator586_instagram,17832,786,36344,1058,29,24,33.0,True,Creator 586,US,creator586@mail.example,education
CR00587,youtube,@creator587_youtube,116740,5483,71634,1429,50,0,,False,Creator 587,MX,creator587@mail.example,tech
CR00587,instagram,@creator587_instagram,3365,810,2420,107,15,0,27.0,False,Creator 587,MX,creator587@mail.example,tech
CR00587,tiktok,@creator587_tiktok,301952,43326,536996,38759,9,1441,12772.0,False,Creator 587,MX,creator587@mail.example,tech
CR00588,instagram,@creator588_instagram,7945,436,26652,2558,152,8,3.0,False,Creator 588,FR,creator588@mail.example,gaming
CR00588,tiktok,@creator588_tiktok,41121,3465,171938,3623,270,138,84.0,False,Creator 588,FR,creator588@mail.example,gaming
CR00588,youtube,@creator588_youtube,123837,5421,70534,1349,270,123,,False,Creator 588,FR,creator588@mail.example,gaming
CR00589,tiktok,@creator589_tiktok,11849,446,111937,6385,825,352,76.0,False,Creator 589,MX,creator589@mail.example,travel
CR00589,youtube,@creator589_youtube,108266,15198,145797,6153,477,99,,False,Creator 589,MX,creator589@mail.example,travel
CR00590,youtube,@creator590_youtube,44296,7573,93408,3357,130,0,,False,Creator 590,CA,creator590@mail.example,tech
CR00591,youtube,@creator591_youtube,4867,524,3998,327,2,0,,False,Creator 591,MX,creator591@mail.example,tech
CR00591,instagram,@creator591_instagram,78741,3330,96553,3445,218,263,648.0,False,Creator 591,MX,creator591@mail.example,tech
CR00591,tiktok,@creator591_tiktok,76136,7657,165131,12453,2674,122,306.0,False,Creator 591,MX,creator591@mail.example,tech
CR00592,tiktok,@creator592_tiktok,86753,14039,395673,13799,59,0,278.0,False,Creator 592,MX,creator592@mail.example,music
CR00593,instagram,@creator593_instagram,58812,6578,63366,2218,190,0,109.0,False,Creator 593,KR,creator593@mail.example,fitness
CR00593,youtube,@creator593_youtube,8283,1928,38002,1356,163,65,,False,Creator 593,KR,creator593@mail.example,fitness
CR00593,tiktok,@creator593_tiktok,214934,9966,1107756,19773,231,1164,0.0,False,Creator 593,KR,creator593@mail.example,fitness
CR00594,tiktok,@creator594_tiktok,191411,7519,578026,21958,7569,134,1615.0,False,Creator 594,US,creator594@mail.example,finance
CR00594,instagram,@creator594_instagram,139710,3605,140525,5535,2,346,455.0,False,Creator 594,US,creator594@mail.example,finance
CR00595,instagram,@creator595_instagram,25480,3826,17645,1469,66,15,10.0,True,Creator 595,KR,creator595@mail.example,gaming
CR00595,youtube,@creator595_youtube,154434,9008,608755,12974,730,9,,False,Creator 595,KR,creator595@mail.example,gaming
CR00596,instagram,@creator596_instagram,147247,20508,117249,4555,6,424,186.0,True,Creator 596,BR,creator596@mail.example,tech
CR00596,youtube,@creator596_youtube,580425,21577,853315,56766,238,941,,False,Creator 596,BR,creator596@mail.example,tech
CR00596,tiktok,@creator596_tiktok,18998,1011,159263,5987,554,88,1279.0,False,Creator 596,BR,creator596@mail.example,tech
CR00597,youtube,@creator597_youtube,35302,4299,20111,687,198,5,,False,Creator 597,GB,creator597@mail.example,fitness
CR00598,tiktok,@creator598_tiktok,89201,17481,156537,4468,169,72,333.0,False,Creator 598,US,creator598@mail.example,finance
CR00599,tiktok,@creator599_tiktok,1411,141,9642,647,1,40,0.0,False,Creator 599,US,creator599@mail.example,fitness
CR00599,youtube,@creator599_youtube,16987,795,28176,863,56,71,,False,Creator 599,US,creator599@mail.example,fitness
CR00599,instagram,@creator599_instagram,58647,4111,28939,1067,205,0,10.0,False,Creator 599,US,creator599@mail.example,fitness
CR00600,youtube,@creator600_youtube,19444,3062,10341,545,15,40,,False,Creator 600,CA,creator600@mail.example,tech
CR00600,tiktok,@creator600_tiktok,17812,1474,67031,1538,281,3,0.0,False,Creator 600,CA,creator600@mail.example,tech
CR00600,instagram,@creator600_instagram,146421,-6010,122854,6006,36,444,249.0,False,Creator 600,CA,creator600@mail.example,tech
CR00601,tiktok,@creator601_tiktok,22090,-372,51702,2829,298,39,44.0,False,Creator 601,DE,creator601@mail.example,comedy
CR00601,youtube,@creator601_youtube,300647,3664,746593,21303,290,6,,False,Creator 601,DE,creator601@mail.example,comedy
CR00601,instagram,@creator601_instagram,10828,931,4715,142,36,0,0.0,False,Creator 601,DE,creator601@mail.example,comedy
CR00602,youtube,@creator602_youtube,134341,14410,392499,16655,1913,1110,,False,Creator 602,GB,creator602@mail.example,education
CR00602,instagram,@creator602_instagram,97267,8730,21775,1529,25,125,2.0,False,Creator 602,GB,creator602@mail.example,education
CR00602,tiktok,@creator602_tiktok,2560,394,1333,64,0,1,1.0,False,Creator 602,GB,creator602@mail.example,education
CR00603,youtube,@creator603_youtube,5220,348,2404,145,4,0,,False,Creator 603,FR,creator603@mail.example,travel
CR00604,instagram,@creator604_instagram,33812,-3338,28768,1018,5,3,173.0,False,Creator 604,JP,creator604@mail.example,comedy
CR00604,tiktok,@creator604_tiktok,29259,2065,298151,14644,234,3,195.0,False,Creator 604,JP,creator604@mail.example,comedy
CR00605,youtube,@creator605_youtube,19279,1798,23041,1398,0,23,,False,Creator 605,MX,creator605@mail.example,beauty
CR00605,instagram,@creator605_instagram,40445,4043,38594,2417,7,3,539.0,False,Creator 605,MX,creator605@mail.example,beauty
CR00605,tiktok,@creator605_tiktok,115296,6123,190601,7380,1036,136,347.0,False,Creator 605,MX,creator605@mail.example,beauty
CR00606,instagram,@creator606_instagram,258440,3929,427638,25372,2373,93,209.0,False,Creator 606,US,creator606@mail.example,comedy
CR00606,youtube,@creator606_youtube,15282,1097,19645,1056,228,4,,False,Creator 606,US,creator606@mail.example,comedy
CR00606,tiktok,@creator606_tiktok,107071,11669,652178,53322,703,4268,1422.0,False,Creator 606,US,creator606@mail.example,comedy
CR00607,tiktok,@creator607_tiktok,27025,-1057,71018,3593,12,114,39.0,False,Creator 607,US,creator607@mail.example,comedy
CR00608,youtube,@creator608_youtube,78782,4103,77115,5197,82,83,,False,Creator 608,MX,creator608@mail.example,education
CR00608,tiktok,@creator608_tiktok,527411,38739,827335,41369,1485,7012,545.0,False,Creator 608,MX,creator608@mail.example,education
CR00608,instagram,@creator608_instagram,2120,139,1477,51,8,41,1.0,False,Creator 608,MX,creator608@mail.example,education
CR00609,instagram,@creator609_instagram,37098,1810,6182,419,49,9,23.0,False,Creator 609,BR,creator609@mail.example,music
CR00609,youtube,@creator609_youtube,508713,5412,1073793,70884,2088,10144,,False,Creator 609,BR,creator609@mail.example,music
CR00609,tiktok,@creator609_tiktok,124533,-1166,274747,9173,2148,216,794.0,False,Creator 609,BR,creator609@mail.example,music
CR00610,tiktok,@creator610_tiktok,123723,5855,245026,14636,264,413,726.0,False,Creator 610,JP,creator610@mail.example,food
CR00610,instagram,@creator610_instagram,827368,63539,394109,8591,1,0,1223.0,False,Creator 610,JP,creator610@mail.example,food
CR00610,youtube,@creator610_youtube,33754,3460,37510,1319,122,239,,False,Creator 610,JP,creator610@mail.example,food
CR00611,tiktok,@creator611_tiktok,11482,2313,42364,2693,15,46,203.0,False,Creator 611,IN,creator611@mail.example,food
CR00612,tiktok,@creator612_tiktok,99827,-1832,234083,17289,6734,2460,413.0,False,Creator 612,US,creator612@mail.example,tech
CR00612,youtube,@creator612_youtube,425183,7470,1073777,48709,2438,147,,False,Creator 612,US,creator612@mail.example,tech
CR00613,instagram,@creator613_instagram,17617,465,16409,1057,17,45,22.0,False,Creator 613,JP,creator613@mail.example,finance
CR00613,tiktok,@creator613_tiktok,3324,153,11148,749,5,0,118.0,False,Creator 613,JP,creator613@mail.example,finance
CR00613,youtube,@creator613_youtube,49648,7174,45826,1762,99,0,,False,Creator 613,JP,creator613@mail.example,finance
CR00614,tiktok,@creator614_tiktok,18300,-1214,34332,1959,0,0,0.0,False,Creator 614,GB,creator614@mail.example,gaming
CR00615,youtube,@creator615_youtube,249484,24528,59726,1626,277,45,,False,Creator 615,MX,creator615@mail.example,music
CR00615,instagram,@creator615_instagram,10653,397,8877,271,24,4,57.0,True,Creator 615,MX,creator615@mail.example,music
CR00615,tiktok,@creator615_tiktok,79111,8494,435770,17758,2572,375,2572.0,False,Creator 615,MX,creator615@mail.example,music
CR00616,instagram,@creator616_instagram,56177,6214,12587,339,69,78,3.0,False,Creator 616,MX,creator616@mail.example,education
CR00616,tiktok,@creator616_tiktok,66400,-2526,218086,5448,281,226,224.0,False,Creator 616,MX,creator616@mail.example,education
CR00616,youtube,@creator616_youtube,11299,1057,36356,2424,36,39,,False,Creator 616,MX,creator616@mail.example,education
CR00617,instagram,@creator617_instagram,51705,5527,15516,386,27,31,90.0,False,Creator 617,GB,creator617@mail.example,food
CR00617,youtube,@creator617_youtube,106,14,96,1,0,0,,False,Creator 617,GB,creator617@mail.example,food
CR00618,youtube,@creator618_youtube,517398,73747,258709,16335,0,720,,False,Creator 618,MX,creator618@mail.example,tech
CR00618,instagram,@creator618_instagram,208468,38695,51290,1830,169,112,0.0,False,Creator 618,MX,creator618@mail.example,tech
CR00618,tiktok,@creator618_tiktok,664209,2499,435616,18787,1339,1952,1873.0,False,Creator 618,MX,creator618@mail.example,tech
CR00619,instagram,@creator619_instagram,33386,3254,5474,204,1,26,9.0,False,Creator 619,GB,creator619@mail.example,finance
CR00619,tiktok,@creator619_tiktok,20284,2558,64459,3062,704,284,100.0,False,Creator 619,GB,creator619@mail.example,finance
CR00620,youtube,@creator620_youtube,6331,1226,15453,476,26,0,,False,Creator 620,JP,creator620@mail.example,gaming
CR00620,tiktok,@creator620_tiktok,60979,-252,293179,3072,1822,519,326.0,False,Creator 620,JP,creator620@mail.example,gaming
CR00620,instagram,@creator620_instagram,862442,113030,1894859,112658,14722,2743,2053.0,False,Creator 620,JP,creator620@mail.example,gaming
CR00621,tiktok,@creator621_tiktok,15658,2180,46260,1689,526,54,19.0,False,Creator 621,IN,creator621@mail.example,music
CR00621,instagram,@creator621_instagram,4273,762,1432,128,0,0,1.0,False,Creator 621,IN,creator621@mail.example,music
CR00621,youtube,@creator621_youtube,103207,4636,195238,8718,2148,812,,False,Creator 621,IN,creator621@mail.example,music
CR00622,youtube,@creator622_youtube,84909,-850,122401,6383,29,108,,False,Creator 622,GB,creator622@mail.example,education
CR00622,instagram,@creator622_instagram,192755,8264,164060,5133,706,6,37.0,False,Creator 622,GB,creator622@mail.example,education
CR00622,tiktok,@creator622_tiktok,48627,2408,183517,10057,1699,233,1081.0,False,Creator 622,GB,creator622@mail.example,education
CR00623,instagram,@creator623_instagram,242947,27078,95952,4571,200,50,33.0,False,Creator 623,IN,creator623@mail.example,comedy
CR00623,youtube,@creator623_youtube,357929,27684,318861,16476,1840,2819,,False,Creator 623,IN,creator623@mail.example,comedy
CR00624,instagram,@creator624_instagram,61113,936,59307,2408,181,6,193.0,False,Creator 624,BR,creator624@mail.example,beauty
CR00624,youtube,@creator624_youtube,475167,26823,443357,37000,2600,290,,False,Creator 624,BR,creator624@mail.example,beauty
CR00624,tiktok,@creator624_tiktok,12965,694,64562,1324,70,0,0.0,False,Creator 624,BR,creator624@mail.example,beauty
CR00625,tiktok,@creator625_tiktok,110633,13618,392621,17465,265,321,8548.0,False,Creator 625,BR,creator625@mail.example,comedy
CR00625,youtube,@creator625_youtube,39214,2219,79712,4871,18,331,,False,Creator 625,BR,creator625@mail.example,comedy
CR00625,instagram,@creator625_instagram,2132,91,475,18,1,0,0.0,False,Creator 625,BR,creator625@mail.example,comedy
CR00626,instagram,@creator626_instagram,13660,1614,3080,130,11,0,7.0,False,Creator 626,BR,creator626@mail.example,travel
CR00627,youtube,@creator627_youtube,297312,8411,590605,32172,817,43,,False,Creator 627,JP,creator627@mail.example,beauty
CR00627,tiktok,@creator627_tiktok,196461,-9244,2263810,40276,153,11453,6769.0,False,Creator 627,JP,creator627@mail.example,beauty
CR00627,instagram,@creator627_instagram,47009,2514,26278,1140,88,12,28.0,False,Creator 627,JP,creator627@mail.example,beauty
CR00628,instagram,@creator628_instagram,3733,246,1526,83,2,0,8.0,False,Creator 628,JP,creator628@mail.example,food
CR00629,youtube,@creator629_youtube,5121,766,2897,147,18,0,,False,Creator 629,FR,creator629@mail.example,music
CR00629,instagram,@creator629_instagram,81840,6880,97334,5568,79,291,3.0,False,Creator 629,FR,creator629@mail.example,music
CR00630,tiktok,@creator630_tiktok,68594,6809,593111,52238,1335,0,1338.0,False,Creator 630,GB,creator630@mail.example,finance
CR00630,youtube,@creator630_youtube,546562,17301,503719,20736,303,0,,False,Creator 630,GB,creator630@mail.example,finance
CR00631,tiktok,@creator631_tiktok,3417,479,4716,147,1,0,3.0,False,Creator 631,JP,creator631@mail.example,comedy
CR00631,youtube,@creator631_youtube,265275,15835,535718,22644,4347,200,,False,Creator 631,JP,creator631@mail.example,comedy
CR00631,instagram,@creator631_instagram,81256,71099,179886,5163,17,84,1018.0,False,Creator 631,JP,creator631@mail.example,comedy
CR00632,instagram,@creator632_instagram,7609012,876112,4470373,260688,51852,38594,3107.0,False,Creator 632,IN,creator632@mail.example,tech
CR00632,youtube,@creator632_youtube,25000,2722,58041,4691,67,0,,False,Creator 632,IN,creator632@mail.example,tech
CR00633,tiktok,@creator633_tiktok,629141,23949,781766,52632,1887,54,4828.0,False,Creator 633,US,creator633@mail.example,comedy
CR00634,tiktok,@creator634_tiktok,85045,7062,206505,9436,0,1389,659.0,False,Creator 634,KR,creator634@mail.example,travel
CR00635,youtube,@creator635_youtube,7691,408,17504,563,42,0,,False,Creator 635,BR,creator635@mail.example,education
CR00635,tiktok,@creator635_tiktok,334439,45452,989579,50888,206,3,9097.0,False,Creator 635,BR,creator635@mail.example,education
CR00635,instagram,@creator635_instagram,628967,-100931,93310,2450,124,34,252.0,False,Creator 635,BR,creator635@mail.example,education
CR00636,instagram,@creator636_instagram,259504,24401,101812,5532,677,10,390.0,False,Creator 636,GB,creator636@mail.example,comedy
CR00636,tiktok,@creator636_tiktok,139727,21528,1292859,93128,6528,5714,3.0,False,Creator 636,GB,creator636@mail.example,comedy
CR00637,instagram,@creator637_instagram,25426,4606,6505,515,38,12,5.0,False,Creator 637,KR,creator637@mail.example,finance
CR00638,tiktok,@creator638_tiktok,16358,-185,51467,3853,318,0,97.0,False,Creator 638,CA,creator638@mail.example,food
CR00638,instagram,@creator638_instagram,399520,5986,1057706,66494,9988,6927,7007.0,False,Creator 638,CA,creator638@mail.example,food
CR00639,tiktok,@creator639_tiktok,48145,6762,87258,5842,2,416,204.0,False,Creator 639,DE,creator639@mail.example,food
CR00639,youtube,@creator639_youtube,42985,3393,26696,1235,16,0,,False,Creator 639,DE,creator639@mail.example,food
CR00640,youtube,@creator640_youtube,96951,4147,103118,5386,317,0,,False,Creator 640,IN,creator640@mail.example,food
CR00640,tiktok,@creator640_tiktok,17988,2454,72170,2312,44,29,46.0,False,Creator 640,IN,creator640@mail.example,food
CR00641,tiktok,@creator641_tiktok,112358,23744,323822,23700,3741,823,1287.0,False,Creator 641,IN,creator641@mail.example,food
CR00641,instagram,@creator641_instagram,19443,226,35814,648,76,85,0.0,False,Creator 641,IN,creator641@mail.example,food
CR00641,youtube,@creator641_youtube,311788,18045,264944,15693,2440,276,,False,Creator 641,IN,creator641@mail.example,food
CR00642,tiktok,@creator642_tiktok,63981,246,347047,7681,800,40,0.0,False,Creator 642,KR,creator642@mail.example,beauty
CR00642,youtube,@creator642_youtube,56007,9486,31281,2707,251,36,,False,Creator 642,KR,creator642@mail.example,beauty
CR00642,instagram,@creator642_instagram,4468,403,5339,90,19,2,6.0,False,Creator 642,KR,creator642@mail.example,beauty
CR00643,youtube,@creator643_youtube,130599,11241,231772,4428,990,266,,False,Creator 643,KR,creator643@mail.example,fitness
CR00644,youtube,@creator644_youtube,20138,1948,31745,2269,143,0,,False,Creator 644,CA,creator644@mail.example,tech
CR00644,instagram,@creator644_instagram,319853,36683,413850,8177,89,1788,523.0,False,Creator 644,CA,creator644@mail.example,tech
CR00644,tiktok,@creator644_tiktok,45242,3834,132000,9163,464,1446,515.0,False,Creator 644,CA,creator644@mail.example,tech
CR00645,tiktok,@creator645_tiktok,106400,13691,976308,43458,2162,776,6298.0,False,Creator 645,US,creator645@mail.example,travel
CR00645,youtube,@creator645_youtube,40041,1743,53324,2808,156,2,,False,Creator 645,US,creator645@mail.example,travel
CR00645,instagram,@creator645_instagram,23463,231,23034,955,330,99,138.0,False,Creator 645,US,creator645@mail.example,travel
CR00646,youtube,@creator646_youtube,375576,33027,130865,13738,9,1,,False,Creator 646,JP,creator646@mail.example,finance
CR00646,tiktok,@creator646_tiktok,113924,16684,976695,65384,15,5239,5743.0,False,Creator 646,JP,creator646@mail.example,finance
CR00646,instagram,@creator646_instagram,246403,37400,440672,10893,575,0,455.0,False,Creator 646,JP,creator646@mail.example,finance
CR00647,instagram,@creator647_instagram,42617,-2459,4233,97,6,36,25.0,False,Creator 647,US,creator647@mail.example,finance
CR00648,tiktok,@creator648_tiktok,526969,-9047,1381081,27581,3307,2710,5151.0,False,Creator 648,JP,creator648@mail.example,travel
CR00648,youtube,@creator648_youtube,194168,169897,312587,21705,777,31,,False,Creator 648,JP,creator648@mail.example,travel
CR00648,instagram,@creator648_instagram,29876,3021,15159,443,0,39,64.0,False,Creator 648,JP,creator648@mail.example,travel
CR00649,tiktok,@creator649_tiktok,13101,1557,13049,460,6,0,30.0,False,Creator 649,IN,creator649@mail.example,music
CR00649,youtube,@creator649_youtube,129088,-14146,79773,2857,261,171,,False,Creator 649,IN,creator649@mail.example,music
CR00649,instagram,@creator649_instagram,13953,1660,6576,62,31,27,0.0,True,Creator 649,IN,creator649@mail.example,music
CR00650,youtube,@creator650_youtube,727394,1589,299098,17140,979,1252,,False,Creator 650,GB,creator650@mail.example,comedy
CR00650,tiktok,@creator650_tiktok,24951,2379,45756,1000,120,150,9.0,False,Creator 650,GB,creator650@mail.example,comedy
CR00651,tiktok,@creator651_tiktok,32301,3477,94910,1801,45,128,266.0,False,Creator 651,BR,creator651@mail.example,fitness
CR00652,youtube,@creator652_youtube,221055,2635,141874,14079,23,560,,False,Creator 652,JP,creator652@mail.example,food
CR00653,tiktok,@creator653_tiktok,21290,2221,143451,4131,344,28,1509.0,False,Creator 653,IN,creator653@mail.example,gaming
CR00653,youtube,@creator653_youtube,860,73,366,16,0,0,,False,Creator 653,IN,creator653@mail.example,gaming
CR00653,instagram,@creator653_instagram,282363,39479,191791,4790,315,111,592.0,False,Creator 653,IN,creator653@mail.example,gaming
CR00654,youtube,@creator654_youtube,142489,18363,108687,7550,39,881,,False,Creator 654,MX,creator654@mail.example,education
CR00655,instagram,@creator655_instagram,138282,1891,38051,3266,301,88,5.0,False,Creator 655,IN,creator655@mail.example,travel
CR00655,youtube,@creator655_youtube,28656,-815,43113,1953,47,227,,False,Creator 655,IN,creator655@mail.example,travel
CR00656,instagram,@creator656_instagram,102665,8820,71379,3968,318,346,634.0,False,Creator 656,JP,creator656@mail.example,beauty
CR00656,youtube,@creator656_youtube,48891,6935,21773,2046,162,95,,False,Creator 656,JP,creator656@mail.example,beauty
CR00656,tiktok,@creator656_tiktok,181284,19280,315582,12812,1159,1400,18.0,False,Creator 656,JP,creator656@mail.example,beauty
CR00657,tiktok,@creator657_tiktok,501312,50806,476741,36099,2603,111,295.0,False,Creator 657,JP,creator657@mail.example,travel
CR00658,youtube,@creator658_youtube,132558,10520,128059,4136,89,783,,False,Creator 658,JP,creator658@mail.example,education
CR00659,instagram,@creator659_instagram,4760,147,1779,93,8,2,30.0,False,Creator 659,GB,creator659@mail.example,beauty
CR00659,youtube,@creator659_youtube,125798,9431,907802,33497,946,7073,,False,Creator 659,GB,creator659@mail.example,beauty
CR00659,tiktok,@creator659_tiktok,70363,4989,52797,4220,223,677,0.0,False,Creator 659,GB,creator659@mail.example,beauty
CR00660,instagram,@creator660_instagram,4720,956,549,24,2,7,0.0,True,Creator 660,MX,creator660@mail.example,fitness
CR00661,youtube,@creator661_youtube,56699,3768,84031,5708,65,377,,False,Creator 661,BR,creator661@mail.example,travel
CR00661,tiktok,@creator661_tiktok,9278,1686,45555,1775,9,37,28.0,False,Creator 661,BR,creator661@mail.example,travel
CR00662,youtube,@creator662_youtube,110177,18208,401696,25079,2573,1110,,False,Creator 662,IN,creator662@mail.example,finance
CR00662,instagram,@creator662_instagram,46388,6757,35251,2566,65,88,198.0,False,Creator 662,IN,creator662@mail.example,finance
CR00663,instagram,@creator663_instagram,354247,44681,346878,21973,4861,15,70.0,False,Creator 663,GB,creator663@mail.example,gaming
CR00663,youtube,@creator663_youtube,778170,111795,1312272,68094,13010,5786,,False,Creator 663,GB,creator663@mail.example,gaming
CR00663,tiktok,@creator663_tiktok,21488,836,8979,401,12,30,114.0,False,Creator 663,GB,creator663@mail.example,gaming
CR00664,tiktok,@creator664_tiktok,28609,2185,71008,4281,246,32,250.0,False,Creator 664,JP,creator664@mail.example,travel
CR00665,youtube,@creator665_youtube,11257,589,12384,752,74,50,,False,Creator 665,US,creator665@mail.example,tech
CR00665,instagram,@creator665_instagram,25894,3836,8341,521,15,35,54.0,False,Creator 665,US,creator665@mail.example,tech
CR00665,tiktok,@creator665_tiktok,45680,6161,71957,3394,1631,0,436.0,False,Creator 665,US,creator665@mail.example,tech
CR00666,instagram,@creator666_instagram,12142,1158,2435,100,6,48,2.0,False,Creator 666,IN,creator666@mail.example,comedy
CR00667,instagram,@creator667_instagram,51015,9350,10682,683,28,0,0.0,False,Creator 667,JP,creator667@mail.example,finance
CR00667,tiktok,@creator667_tiktok,7139,590,19910,850,75,0,16.0,False,Creator 667,JP,creator667@mail.example,finance
CR00667,youtube,@creator667_youtube,64482,1883,73920,2648,477,445,,False,Creator 667,JP,creator667@mail.example,finance
CR00668,tiktok,@creator668_tiktok,10449,1623,30069,413,241,1,394.0,False,Creator 668,GB,creator668@mail.example,gaming
CR00668,youtube,@creator668_youtube,129994,9128,293231,16809,3468,4384,,False,Creator 668,GB,creator668@mail.example,gaming
CR00669,instagram,@creator669_instagram,23653,3545,11855,465,5,5,35.0,False,Creator 669,MX,creator669@mail.example,beauty
CR00669,tiktok,@creator669_tiktok,45590,2416,49436,1869,84,139,77.0,False,Creator 669,MX,creator669@mail.example,beauty
CR00670,youtube,@creator670_youtube,59309,2885,60744,2232,138,33,,False,Creator 670,JP,creator670@mail.example,gaming
CR00670,instagram,@creator670_instagram,5124,202,5463,134,4,9,0.0,False,Creator 670,JP,creator670@mail.example,gaming
CR00670,tiktok,@creator670_tiktok,281985,14896,1819912,97763,11470,4631,1406.0,False,Creator 670,JP,creator670@mail.example,gaming
CR00671,tiktok,@creator671_tiktok,114215,12774,288537,18708,47,207,103.0,False,Creator 671,IN,creator671@mail.example,food
CR00672,youtube,@creator672_youtube,46377,2213,18377,396,18,38,,False,Creator 672,FR,creator672@mail.example,finance
CR00672,instagram,@creator672_instagram,508853,62409,127824,1843,7,247,48.0,False,Creator 672,FR,creator672@mail.example,finance
CR00672,tiktok,@creator672_tiktok,132028,14263,302379,9234,1191,198,181.0,False,Creator 672,FR,creator672@mail.example,finance
CR00673,instagram,@creator673_instagram,7781,-399,3683,120,13,20,0.0,False,Creator 673,BR,creator673@mail.example,education
CR00673,tiktok,@creator673_tiktok,440010,15820,848105,19386,1098,5608,2224.0,False,Creator 673,BR,creator673@mail.example,education
CR00673,youtube,@creator673_youtube,84825,6571,85948,3699,362,3,,False,Creator 673,BR,creator673@mail.example,education
CR00674,youtube,@creator674_youtube,62403,3952,162542,12087,779,388,,False,Creator 674,BR,creator674@mail.example,finance
CR00674,tiktok,@creator674_tiktok,15516,689,40733,742,216,79,16.0,False,Creator 674,BR,creator674@mail.example,finance
CR00674,instagram,@creator674_instagram,103217,-586,119857,4587,1008,140,6.0,False,Creator 674,BR,creator674@mail.example,finance
CR00675,instagram,@creator675_instagram,13034,1306,13882,417,7,2,95.0,False,Creator 675,GB,creator675@mail.example,finance
CR00676,instagram,@creator676_instagram,220145,33031,328517,33327,2038,903,744.0,False,Creator 676,KR,creator676@mail.example,food
CR00676,tiktok,@creator676_tiktok,674477,79183,1240426,60197,1581,0,4897.0,False,Creator 676,KR,creator676@mail.example,food
CR00676,youtube,@creator676_youtube,92988,11840,337378,13748,222,992,,False,Creator 676,KR,creator676@mail.example,food
CR00677,youtube,@creator677_youtube,104955,13699,186781,8637,1345,81,,False,Creator 677,GB,creator677@mail.example,tech
CR00678,youtube,@creator678_youtube,152179,19022,50759,4082,132,0,,False,Creator 678,CA,creator678@mail.example,tech
CR00679,instagram,@creator679_instagram,312392,24541,245243,5888,2091,0,189.0,False,Creator 679,MX,creator679@mail.example,music
CR00679,tiktok,@creator679_tiktok,31121,-517,84176,3559,1478,0,112.0,False,Creator 679,MX,creator679@mail.example,music
CR00679,youtube,@creator679_youtube,3708,115,4552,143,0,40,,False,Creator 679,MX,creator679@mail.example,music
CR00680,tiktok,@creator680_tiktok,78537,9634,252235,18148,242,0,1166.0,False,Creator 680,IN,creator680@mail.example,beauty
CR00681,tiktok,@creator681_tiktok,38016,-963,153218,5050,826,0,579.0,False,Creator 681,DE,creator681@mail.example,education
CR00681,youtube,@creator681_youtube,285842,29537,310203,15455,286,1609,,False,Creator 681,DE,creator681@mail.example,education
CR00681,instagram,@creator681_instagram,2483754,91080,4318408,194149,3642,301,23570.0,False,Creator 681,DE,creator681@mail.example,education
CR00682,youtube,@creator682_youtube,29726,1081,40986,3048,3,10,,False,Creator 682,CA,creator682@mail.example,finance
CR00682,instagram,@creator682_instagram,121527,16234,353485,8366,615,66,20.0,False,Creator 682,CA,creator682@mail.example,finance
CR00682,tiktok,@creator682_tiktok,39065,5942,142134,8659,92,102,213.0,False,Creator 682,CA,creator682@mail.example,finance
CR00683,instagram,@creator683_instagram,68155,-3971,16003,1145,112,2,70.0,False,Creator 683,KR,creator683@mail.example,finance
CR00684,instagram,@creator684_instagram,107314,6409,99177,2675,41,133,124.0,False,Creator 684,MX,creator684@mail.example,fitness
CR00684,tiktok,@creator684_tiktok,201446,4743,1063534,28623,3593,10,2675.0,False,Creator 684,MX,creator684@mail.example,fitness
CR00684,youtube,@creator684_youtube,12990,1948,25522,409,142,0,,False,Creator 684,MX,creator684@mail.example,fitness
CR00685,youtube,@creator685_youtube,280280,17281,207037,19588,1210,349,,False,Creator 685,IN,creator685@mail.example,tech
CR00685,tiktok,@creator685_tiktok,71684,-2387,118986,8390,0,178,103.0,False,Creator 685,IN,creator685@mail.example,tech
CR00685,instagram,@creator685_instagram,619240,23361,578195,10583,381,82,376.0,False,Creator 685,IN,creator685@mail.example,tech
CR00686,tiktok,@creator686_tiktok,111871,14199,280129,13320,816,192,356.0,False,Creator 686,GB,creator686@mail.example,gaming
CR00686,instagram,@creator686_instagram,206474,27856,166497,6738,461,0,3279.0,False,Creator 686,GB,creator686@mail.example,gaming
CR00686,youtube,@creator686_youtube,60771,8642,145510,9681,25,204,,False,Creator 686,GB,creator686@mail.example,gaming
CR00687,instagram,@creator687_instagram,137202,18644,45756,1103,0,89,100.0,False,Creator 687,DE,creator687@mail.example,travel
CR00687,tiktok,@creator687_tiktok,11793,-264,65722,2336,38,140,339.0,False,Creator 687,DE,creator687@mail.example,travel
CR00687,youtube,@creator687_youtube,58825,5791,119182,2429,104,2,,False,Creator 687,DE,creator687@mail.example,travel
CR00688,youtube,@creator688_youtube,98716,13588,230978,13494,113,505,,False,Creator 688,BR,creator688@mail.example,food
CR00688,tiktok,@creator688_tiktok,442075,32980,1894089,82655,6972,982,2823.0,False,Creator 688,BR,creator688@mail.example,food
CR00688,instagram,@creator688_instagram,19173,791,16078,975,1,22,0.0,True,Creator 688,BR,creator688@mail.example,food
CR00689,instagram,@creator689_instagram,4888,17,1138,74,6,8,7.0,False,Creator 689,JP,creator689@mail.example,fitness
CR00689,tiktok,@creator689_tiktok,58340,10380,230785,4570,784,843,0.0,False,Creator 689,JP,creator689@mail.example,fitness
CR00689,youtube,@creator689_youtube,496717,111106,1215361,23990,396,1833,,False,Creator 689,JP,creator689@mail.example,fitness
CR00690,tiktok,@creator690_tiktok,4940,489,20660,968,5,49,6.0,False,Creator 690,JP,creator690@mail.example,music
CR00690,youtube,@creator690_youtube,5628,121,4110,127,7,0,,False,Creator 690,JP,creator690@mail.example,music
CR00690,instagram,@creator690_instagram,9573,1624,6603,203,10,13,22.0,True,Creator 690,JP,creator690@mail.example,music
CR00691,tiktok,@creator691_tiktok,13619,-274,53726,4129,248,8,146.0,False,Creator 691,FR,creator691@mail.example,beauty
CR00691,instagram,@creator691_instagram,21270,3496,7924,360,16,13,2.0,True,Creator 691,FR,creator691@mail.example,beauty
CR00692,tiktok,@creator692_tiktok,87832,4880,226360,11962,261,7,2457.0,False,Creator 692,US,creator692@mail.example,gaming
CR00692,instagram,@creator692_instagram,29809,1311,31220,1874,644,0,194.0,False,Creator 692,US,creator692@mail.example,gaming
CR00692,youtube,@creator692_youtube,14303,954,15508,520,76,0,,False,Creator 692,US,creator692@mail.example,gaming
CR00693,tiktok,@creator693_tiktok,276641,23285,663612,25611,2893,11,184.0,False,Creator 693,CA,creator693@mail.example,gaming
CR00693,instagram,@creator693_instagram,1994898,169087,379300,7506,1506,51,494.0,False,Creator 693,CA,creator693@mail.example,gaming
CR00694,youtube,@creator694_youtube,2553,325,5904,281,18,14,,False,Creator 694,US,creator694@mail.example,gaming
CR00694,tiktok,@creator694_tiktok,13196,1890,46811,1708,252,547,315.0,False,Creator 694,US,creator694@mail.example,gaming
CR00694,instagram,@creator694_instagram,22986,970,31601,1902,17,18,2.0,False,Creator 694,US,creator694@mail.example,gaming
CR00695,tiktok,@creator695_tiktok,74072,6760,125741,7410,397,335,319.0,False,Creator 695,JP,creator695@mail.example,comedy
CR00695,youtube,@creator695_youtube,565745,64604,720332,35470,20,1711,,False,Creator 695,JP,creator695@mail.example,comedy
CR00695,instagram,@creator695_instagram,18004,410,8553,347,17,8,40.0,True,Creator 695,JP,creator695@mail.example,comedy
CR00696,youtube,@creator696_youtube,180042,12603,82816,1593,223,44,,False,Creator 696,JP,creator696@mail.example,travel
CR00696,tiktok,@creator696_tiktok,55968,9031,240059,10791,566,516,1889.0,False,Creator 696,JP,creator696@mail.example,travel
CR00696,instagram,@creator696_instagram,38206,5411,36506,1684,95,244,398.0,False,Creator 696,JP,creator696@mail.example,travel
CR00697,youtube,@creator697_youtube,210122,-7899,106285,2624,242,0,,False,Creator 697,FR,creator697@mail.example,education
CR00697,instagram,@creator697_instagram,42334,4957,8413,528,59,11,84.0,False,Creator 697,FR,creator697@mail.example,education
CR00697,tiktok,@creator697_tiktok,157979,12420,260303,12903,21,192,1195.0,False,Creator 697,FR,creator697@mail.example,education
CR00698,instagram,@creator698_instagram,9043,444,7197,177,38,0,10.0,False,Creator 698,IN,creator698@mail.example,education
CR00698,tiktok,@creator698_tiktok,192754,7039,201478,10532,518,899,88.0,False,Creator 698,IN,creator698@mail.example,education
CR00699,tiktok,@creator699_tiktok,30183,463,362460,7163,1577,0,1216.0,False,Creator 699,CA,creator699@mail.example,beauty
CR00700,instagram,@creator700_instagram,37927,3810,26569,575,0,8,11.0,False,Creator 700,FR,creator700@mail.example,finance
CR00701,instagram,@creator701_instagram,96114,3259,55504,4365,7,39,45.0,False,Creator 701,DE,creator701@mail.example,music
CR00701,youtube,@creator701_youtube,122043,4649,113093,7111,901,1183,,False,Creator 701,DE,creator701@mail.example,music
CR00701,tiktok,@creator701_tiktok,72699,14656,48004,1347,50,59,6.0,False,Creator 701,DE,creator701@mail.example,music
CR00702,instagram,@creator702_instagram,23763,565,20767,482,68,49,18.0,False,Creator 702,FR,creator702@mail.example,beauty
CR00702,tiktok,@creator702_tiktok,2070,62,6172,147,18,6,3.0,False,Creator 702,FR,creator702@mail.example,beauty
CR00702,youtube,@creator702_youtube,8053,137,4518,197,16,1,,False,Creator 702,FR,creator702@mail.example,beauty
CR00703,instagram,@creator703_instagram,558444,72212,227046,5174,91,0,278.0,False,Creator 703,DE,creator703@mail.example,beauty
CR00703,youtube,@creator703_youtube,159034,11481,89852,3600,304,112,,False,Creator 703,DE,creator703@mail.example,beauty
CR00703,tiktok,@creator703_tiktok,11740,-58,28115,1880,59,12,192.0,False,Creator 703,DE,creator703@mail.example,beauty
CR00704,instagram,@creator704_instagram,19542,1959,14794,682,6,190,58.0,False,Creator 704,GB,creator704@mail.example,tech
CR00704,youtube,@creator704_youtube,24488,2090,7813,710,27,0,,False,Creator 704,GB,creator704@mail.example,tech
CR00705,instagram,@creator705_instagram,278963,19328,147127,4696,254,142,91.0,False,Creator 705,DE,creator705@mail.example,travel
CR00705,tiktok,@creator705_tiktok,21892,2719,48229,1701,269,20,76.0,False,Creator 705,DE,creator705@mail.example,travel
CR00706,instagram,@creator706_instagram,60838,7674,150847,7984,0,150,1313.0,False,Creator 706,US,creator706@mail.example,finance
CR00707,instagram,@creator707_instagram,22968,-248,8768,490,47,0,4.0,False,Creator 707,DE,creator707@mail.example,food
CR00707,tiktok,@creator707_tiktok,30868,1699,65643,3078,319,73,36.0,False,Creator 707,DE,creator707@mail.example,food
CR00707,youtube,@creator707_youtube,414417,-19308,601077,54688,1846,61,,False,Creator 707,DE,creator707@mail.example,food
CR00708,tiktok,@creator708_tiktok,5480,-939,13501,472,30,0,11.0,False,Creator 708,DE,creator708@mail.example,beauty
CR00708,youtube,@creator708_youtube,168777,14113,192434,18069,125,371,,False,Creator 708,DE,creator708@mail.example,beauty
CR00709,youtube,@creator709_youtube,894850,61887,524585,37817,3355,431,,False,Creator 709,FR,creator709@mail.example,comedy
CR00709,tiktok,@creator709_tiktok,89927,2846,461000,20842,0,706,261.0,False,Creator 709,FR,creator709@mail.example,comedy
CR00709,instagram,@creator709_instagram,4627,310,3241,156,2,2,0.0,False,Creator 709,FR,creator709@mail.example,comedy
CR00710,youtube,@creator710_youtube,78783,-5568,194629,16426,2486,346,,False,Creator 710,GB,creator710@mail.example,music
CR00710,instagram,@creator710_instagram,16786,-2961,7302,182,37,19,32.0,False,Creator 710,GB,creator710@mail.example,music
CR00711,youtube,@creator711_youtube,32153,3975,153120,3780,506,855,,False,Creator 711,BR,creator711@mail.example,fitness
CR00712,tiktok,@creator712_tiktok,70553,6548,408442,8781,1391,530,53.0,False,Creator 712,US,creator712@mail.example,education
CR00713,instagram,@creator713_instagram,32261,3508,7554,421,43,0,52.0,False,Creator 713,IN,creator713@mail.example,fitness
CR00713,youtube,@creator713_youtube,87678,13274,138379,11532,541,132,,False,Creator 713,IN,creator713@mail.example,fitness
CR00714,tiktok,@creator714_tiktok,427601,596,4278923,245793,68840,11249,4953.0,False,Creator 714,IN,creator714@mail.example,travel
CR00714,youtube,@creator714_youtube,199224,23097,210465,8333,139,830,,False,Creator 714,IN,creator714@mail.example,travel
CR00715,tiktok,@creator715_tiktok,34558,4310,48677,1092,68,9,473.0,False,Creator 715,DE,creator715@mail.example,food
CR00716,youtube,@creator716_youtube,172981,-375,119767,8411,100,381,,False,Creator 716,GB,creator716@mail.example,food
CR00716,tiktok,@creator716_tiktok,229501,31867,187874,12051,1275,229,620.0,False,Creator 716,GB,creator716@mail.example,food
CR00716,instagram,@creator716_instagram,165413,14197,97110,7034,326,28,91.0,False,Creator 716,GB,creator716@mail.example,food
CR00717,tiktok,@creator717_tiktok,1572,299,5477,204,5,0,2.0,False,Creator 717,FR,creator717@mail.example,fitness
CR00718,instagram,@creator718_instagram,38234,1834,15031,1020,53,85,117.0,False,Creator 718,FR,creator718@mail.example,gaming
CR00718,tiktok,@creator718_tiktok,37321,1375,408489,21930,1203,144,2810.0,False,Creator 718,FR,creator718@mail.example,gaming
CR00718,youtube,@creator718_youtube,121607,5637,62186,3991,216,305,,False,Creator 718,FR,creator718@mail.example,gaming
CR00719,youtube,@creator719_youtube,99846,13061,158928,7580,289,0,,False,Creator 719,KR,creator719@mail.example,tech
CR00719,instagram,@creator719_instagram,238207,28767,56060,3744,303,53,6.0,False,Creator 719,KR,creator719@mail.example,tech
CR00720,instagram,@creator720_instagram,15380,2659,29361,1246,53,215,7.0,False,Creator 720,GB,creator720@mail.example,travel
CR00721,tiktok,@creator721_tiktok,75476,1185,292218,16392,2988,456,1429.0,False,Creator 721,DE,creator721@mail.example,gaming
CR00721,youtube,@creator721_youtube,807223,66475,932397,74669,323,3470,,False,Creator 721,DE,creator721@mail.example,gaming
CR00721,instagram,@creator721_instagram,81529,4066,65866,4477,380,491,311.0,False,Creator 721,DE,creator721@mail.example,gaming
CR00722,instagram,@creator722_instagram,93420,10462,36197,987,41,5,26.0,False,Creator 722,FR,creator722@mail.example,comedy
CR00722,youtube,@creator722_youtube,202868,34159,240753,18106,1010,975,,False,Creator 722,FR,creator722@mail.example,comedy
CR00722,tiktok,@creator722_tiktok,110950,3083,85813,3858,27,151,187.0,False,Creator 722,FR,creator722@mail.example,comedy
CR00723,tiktok,@creator723_tiktok,16387,1541,463604,12642,334,137,4249.0,False,Creator 723,IN,creator723@mail.example,gaming
CR00724,instagram,@creator724_instagram,73100,4857,91662,6717,0,244,14.0,True,Creator 724,US,creator724@mail.example,gaming
CR00724,youtube,@creator724_youtube,454211,20745,130924,7539,95,0,,False,Creator 724,US,creator724@mail.example,gaming
CR00724,tiktok,@creator724_tiktok,74103,1047,208096,15097,613,397,290.0,False,Creator 724,US,creator724@mail.example,gaming
CR00725,instagram,@creator725_instagram,327641,7159,110802,4701,1156,479,1.0,False,Creator 725,IN,creator725@mail.example,tech
CR00725,youtube,@creator725_youtube,17500,1748,27496,533,35,29,,False,Creator 725,IN,creator725@mail.example,tech
CR00725,tiktok,@creator725_tiktok,11262,-1126,11265,355,0,0,47.0,False,Creator 725,IN,creator725@mail.example,tech
CR00726,instagram,@creator726_instagram,96380,6502,41353,1708,116,17,23.0,False,Creator 726,GB,creator726@mail.example,comedy
CR00726,youtube,@creator726_youtube,38332,2418,40744,1697,135,0,,False,Creator 726,GB,creator726@mail.example,comedy
CR00726,tiktok,@creator726_tiktok,59933,4814,353419,20461,961,5139,729.0,False,Creator 726,GB,creator726@mail.example,comedy
CR00727,instagram,@creator727_instagram,28896,4687,62714,3897,496,173,31.0,False,Creator 727,US,creator727@mail.example,education
CR00727,tiktok,@creator727_tiktok,136489,8074,376617,26841,179,774,24.0,False,Creator 727,US,creator727@mail.example,education
CR00727,youtube,@creator727_youtube,34769,4971,31241,1980,406,0,,False,Creator 727,US,creator727@mail.example,education
CR00728,youtube,@creator728_youtube,181842,27248,63681,2743,233,248,,False,Creator 728,IN,creator728@mail.example,gaming
CR00728,tiktok,@creator728_tiktok,62651,9468,47304,2186,78,14,5.0,False,Creator 728,IN,creator728@mail.example,gaming
CR00728,instagram,@creator728_instagram,120981,10528,49689,4159,3,214,16.0,False,Creator 728,IN,creator728@mail.example,gaming
CR00729,instagram,@creator729_instagram,19344,229,4640,336,7,0,3.0,False,Creator 729,CA,creator729@mail.example,beauty
CR00729,youtube,@creator729_youtube,199723,21803,136737,7910,83,24,,False,Creator 729,CA,creator729@mail.example,beauty
CR00729,tiktok,@creator729_tiktok,422954,36370,2168029,160807,4983,162,421.0,False,Creator 729,CA,creator729@mail.example,beauty
CR00730,instagram,@creator730_instagram,4502,-90,2260,88,13,17,4.0,False,Creator 730,BR,creator730@mail.example,fitness
CR00730,youtube,@creator730_youtube,107518,16146,88376,5964,189,602,,False,Creator 730,BR,creator730@mail.example,fitness
CR00730,tiktok,@creator730_tiktok,119098,12868,662121,46285,8146,2004,1896.0,False,Creator 730,BR,creator730@mail.example,fitness
CR00731,youtube,@creator731_youtube,68160,-2865,116905,2134,0,137,,False,Creator 731,IN,creator731@mail.example,travel
CR00731,tiktok,@creator731_tiktok,77294,9210,291375,14456,576,9,2479.0,False,Creator 731,IN,creator731@mail.example,travel
CR00732,tiktok,@creator732_tiktok,63905,6663,245054,6656,171,82,178.0,False,Creator 732,FR,creator732@mail.example,gaming
CR00732,youtube,@creator732_youtube,13457,404,26981,2706,90,0,,False,Creator 732,FR,creator732@mail.example,gaming
CR00732,instagram,@creator732_instagram,8176,847,4893,223,0,2,25.0,True,Creator 732,FR,creator732@mail.example,gaming
CR00733,tiktok,@creator733_tiktok,73619,8963,274606,16451,1297,2634,577.0,False,Creator 733,MX,creator733@mail.example,food
CR00733,instagram,@creator733_instagram,77917,-720,10976,773,0,13,2.0,False,Creator 733,MX,creator733@mail.example,food
CR00733,youtube,@creator733_youtube,8700,483,14496,731,46,66,,False,Creator 733,MX,creator733@mail.example,food
CR00734,youtube,@creator734_youtube,106588,2245,256850,13795,4493,858,,False,Creator 734,DE,creator734@mail.example,tech
CR00734,instagram,@creator734_instagram,10058,619,3526,128,22,16,19.0,False,Creator 734,DE,creator734@mail.example,tech
CR00735,tiktok,@creator735_tiktok,239356,25123,664520,43997,355,5235,3748.0,False,Creator 735,BR,creator735@mail.example,finance
CR00735,youtube,@creator735_youtube,3032,168,2245,135,26,20,,False,Creator 735,BR,creator735@mail.example,finance
CR00735,instagram,@creator735_instagram,3057,428,1783,150,4,3,9.0,False,Creator 735,BR,creator735@mail.example,finance
CR00736,instagram,@creator736_instagram,241571,8572,47387,2843,7,16,73.0,False,Creator 736,DE,creator736@mail.example,finance
CR00736,tiktok,@creator736_tiktok,19356,1736,81708,3755,327,170,507.0,False,Creator 736,DE,creator736@mail.example,finance
CR00737,youtube,@creator737_youtube,7401,1070,5113,144,3,17,,False,Creator 737,FR,creator737@mail.example,education
CR00737,instagram,@creator737_instagram,80207,8684,47198,3567,79,62,4.0,False,Creator 737,FR,creator737@mail.example,education
CR00738,instagram,@creator738_instagram,652493,40179,124228,7553,218,18,1351.0,False,Creator 738,US,creator738@mail.example,beauty
CR00739,instagram,@creator739_instagram,1844399,236134,558940,14469,125,953,0.0,False,Creator 739,FR,creator739@mail.example,education
CR00739,tiktok,@creator739_tiktok,53541,5900,104498,3199,69,237,262.0,False,Creator 739,FR,creator739@mail.example,education
CR00739,youtube,@creator739_youtube,20251,2806,18059,946,1,96,,False,Creator 739,FR,creator739@mail.example,education
CR00740,youtube,@creator740_youtube,70416,4289,62393,2562,0,94,,False,Creator 740,MX,creator740@mail.example,travel
CR00740,instagram,@creator740_instagram,149065,6171,79536,4339,219,9,35.0,False,Creator 740,MX,creator740@mail.example,travel
CR00741,instagram,@creator741_instagram,26351,5148,43756,1350,79,0,6.0,False,Creator 741,MX,creator741@mail.example,travel
CR00741,youtube,@creator741_youtube,312558,-6040,119258,5584,2,484,,False,Creator 741,MX,creator741@mail.example,travel
CR00742,tiktok,@creator742_tiktok,11877,1379,11924,206,45,17,19.0,False,Creator 742,BR,creator742@mail.example,tech
CR00743,instagram,@creator743_instagram,88092,9209,52683,3596,300,70,722.0,False,Creator 743,GB,creator743@mail.example,music
CR00743,tiktok,@creator743_tiktok,126419,2722,487198,15954,523,1622,1491.0,False,Creator 743,GB,creator743@mail.example,music
CR00744,tiktok,@creator744_tiktok,37838,3019,229088,9873,118,139,1794.0,False,Creator 744,US,creator744@mail.example,beauty
CR00744,instagram,@creator744_instagram,182778,33190,70294,2664,26,63,0.0,False,Creator 744,US,creator744@mail.example,beauty
CR00745,instagram,@creator745_instagram,21948,2561,13900,701,232,302,50.0,False,Creator 745,FR,creator745@mail.example,travel
CR00745,tiktok,@creator745_tiktok,34489,3542,36669,685,56,0,9.0,False,Creator 745,FR,creator745@mail.example,travel
CR00745,youtube,@creator745_youtube,304907,31050,79485,6961,374,54,,False,Creator 745,FR,creator745@mail.example,travel
CR00746,instagram,@creator746_instagram,4634,111,1784,47,6,0,2.0,False,Creator 746,JP,creator746@mail.example,education
CR00746,youtube,@creator746_youtube,63548,4538,65922,4500,315,232,,False,Creator 746,JP,creator746@mail.example,education
CR00746,tiktok,@creator746_tiktok,49554,3029,122787,4700,0,1288,1084.0,False,Creator 746,JP,creator746@mail.example,education
CR00747,instagram,@creator747_instagram,631400,38949,334705,6497,5,182,50.0,False,Creator 747,KR,creator747@mail.example,music
CR00747,tiktok,@creator747_tiktok,24176,2162,73256,3245,173,217,19.0,False,Creator 747,KR,creator747@mail.example,music
CR00747,youtube,@creator747_youtube,14730,375,28417,2415,287,186,,False,Creator 747,KR,creator747@mail.example,music
CR00748,youtube,@creator748_youtube,42541,1498,9927,837,181,47,,False,Creator 748,CA,creator748@mail.example,fitness
CR00748,tiktok,@creator748_tiktok,187083,-238,1043432,49200,2196,1922,5242.0,False,Creator 748,CA,creator748@mail.example,fitness
CR00749,instagram,@creator749_instagram,1223039,128503,611147,17751,1013,157,6.0,False,Creator 749,IN,creator749@mail.example,education
CR00749,youtube,@creator749_youtube,35014,448,28481,1998,299,13,,False,Creator 749,IN,creator749@mail.example,education
CR00750,instagram,@creator750_instagram,15209,1844,11603,352,31,45,9.0,False,Creator 750,JP,creator750@mail.example,food
CR00750,tiktok,@creator750_tiktok,81809,8001,222879,7201,30,82,1584.0,False,Creator 750,JP,creator750@mail.example,food
CR00751,tiktok,@creator751_tiktok,186664,2807,295288,17317,973,1696,962.0,False,Creator 751,US,creator751@mail.example,fitness
CR00751,instagram,@creator751_instagram,6291,-39,3976,134,3,0,9.0,False,Creator 751,US,creator751@mail.example,fitness
CR00751,youtube,@creator751_youtube,434558,38016,1689123,131216,0,35927,,False,Creator 751,US,creator751@mail.example,fitness
CR00752,tiktok,@creator752_tiktok,27516,909,151143,5948,1505,723,221.0,False,Creator 752,MX,creator752@mail.example,gaming
CR00752,instagram,@creator752_instagram,199561,17622,83720,3588,70,575,408.0,True,Creator 752,MX,creator752@mail.example,gaming
CR00752,youtube,@creator752_youtube,19781,601,77749,6786,530,0,,False,Creator 752,MX,creator752@mail.example,gaming
CR00753,youtube,@creator753_youtube,258766,-36388,187484,3266,63,446,,False,Creator 753,CA,creator753@mail.example,education
CR00753,instagram,@creator753_instagram,238710,38320,74178,3401,430,603,430.0,False,Creator 753,CA,creator753@mail.example,education
CR00753,tiktok,@creator753_tiktok,24319,-383,62827,3308,472,0,1.0,False,Creator 753,CA,creator753@mail.example,education
CR00754,tiktok,@creator754_tiktok,2349048,266710,3519875,281177,234,3,7709.0,False,Creator 754,CA,creator754@mail.example,food
CR00754,youtube,@creator754_youtube,23498,1385,22101,1162,66,86,,False,Creator 754,CA,creator754@mail.example,food
CR00754,instagram,@creator754_instagram,16308,2671,12090,707,142,26,14.0,True,Creator 754,CA,creator754@mail.example,food
CR00755,instagram,@creator755_instagram,5637,419,2259,121,0,5,0.0,True,Creator 755,JP,creator755@mail.example,gaming
CR00755,youtube,@creator755_youtube,53423,6146,23398,2065,9,106,,False,Creator 755,JP,creator755@mail.example,gaming
CR00755,tiktok,@creator755_tiktok,6274,341,80975,6911,884,0,274.0,False,Creator 755,JP,creator755@mail.example,gaming
CR00756,youtube,@creator756_youtube,401920,72547,405575,16857,94,0,,False,Creator 756,FR,creator756@mail.example,fitness
CR00756,tiktok,@creator756_tiktok,29650,546,84134,5824,141,0,51.0,False,Creator 756,FR,creator756@mail.example,fitness
CR00757,tiktok,@creator757_tiktok,4288,462,7606,164,2,7,25.0,False,Creator 757,DE,creator757@mail.example,food
CR00757,instagram,@creator757_instagram,175910,10600,73653,2231,495,403,433.0,False,Creator 757,DE,creator757@mail.example,food
CR00757,youtube,@creator757_youtube,5670,131,4126,241,130,44,,False,Creator 757,DE,creator757@mail.example,food
CR00758,instagram,@creator758_instagram,7618,575,2839,70,11,3,16.0,False,Creator 758,IN,creator758@mail.example,beauty
CR00758,tiktok,@creator758_tiktok,212717,31396,1684799,86396,4993,3062,597.0,False,Creator 758,IN,creator758@mail.example,beauty
CR00759,instagram,@creator759_instagram,21900,2621,11047,716,6,62,191.0,True,Creator 759,IN,creator759@mail.example,finance
CR00759,youtube,@creator759_youtube,7981,1045,7974,373,16,13,,False,Creator 759,IN,creator759@mail.example,finance
CR00759,tiktok,@creator759_tiktok,84859,6026,244189,13792,1231,6,693.0,False,Creator 759,IN,creator759@mail.example,finance
CR00760,tiktok,@creator760_tiktok,126856,11601,285421,22915,2117,888,717.0,False,Creator 760,IN,creator760@mail.example,travel
CR00760,instagram,@creator760_instagram,22402,1631,8478,357,0,12,0.0,False,Creator 760,IN,creator760@mail.example,travel
CR00760,youtube,@creator760_youtube,362680,17919,795368,16558,418,73,,False,Creator 760,IN,creator760@mail.example,travel
CR00761,instagram,@creator761_instagram,3456,554,310,14,0,0,3.0,False,Creator 761,IN,creator761@mail.example,fitness
CR00761,youtube,@creator761_youtube,20029,1670,9512,975,19,4,,False,Creator 761,IN,creator761@mail.example,fitness
CR00762,tiktok,@creator762_tiktok,103562,11306,471457,23897,0,302,0.0,False,Creator 762,FR,creator762@mail.example,education
CR00762,youtube,@creator762_youtube,520951,52391,857270,63770,1716,49,,False,Creator 762,FR,creator762@mail.example,education
CR00763,youtube,@creator763_youtube,163023,846,289001,6017,44,85,,False,Creator 763,BR,creator763@mail.example,beauty
CR00764,tiktok,@creator764_tiktok,199660,15934,254921,17040,1798,56,1809.0,False,Creator 764,IN,creator764@mail.example,music
CR00764,instagram,@creator764_instagram,35692,1099,82201,1332,10,26,54.0,True,Creator 764,IN,creator764@mail.example,music
CR00764,youtube,@creator764_youtube,264105,-3424,322072,11449,311,186,,False,Creator 764,IN,creator764@mail.example,music
CR00765,youtube,@creator765_youtube,12390,565,21604,776,58,79,,False,Creator 765,JP,creator765@mail.example,gaming
CR00765,instagram,@creator765_instagram,86065,9952,66183,4160,61,66,335.0,False,Creator 765,JP,creator765@mail.example,gaming
CR00766,youtube,@creator766_youtube,433537,69318,486851,23032,768,756,,False,Creator 766,MX,creator766@mail.example,beauty
CR00766,instagram,@creator766_instagram,103748,8647,100796,6145,196,562,64.0,True,Creator 766,MX,creator766@mail.example,beauty
CR00766,tiktok,@creator766_tiktok,183301,14745,695822,64136,2859,4854,3224.0,False,Creator 766,MX,creator766@mail.example,beauty
CR00767,instagram,@creator767_instagram,236119,34499,56840,1927,131,0,74.0,False,Creator 767,FR,creator767@mail.example,education
CR00767,youtube,@creator767_youtube,92389,9464,152729,7164,888,5,,False,Creator 767,FR,creator767@mail.example,education
CR00768,tiktok,@creator768_tiktok,122106,15709,122062,8847,15,493,747.0,False,Creator 768,GB,creator768@mail.example,travel
CR00768,instagram,@creator768_instagram,17186,811,8127,206,0,17,24.0,False,Creator 768,GB,creator768@mail.example,travel
CR00768,youtube,@creator768_youtube,84939,16539,307489,13776,0,463,,False,Creator 768,GB,creator768@mail.example,travel
CR00769,instagram,@creator769_instagram,22892,1611,61251,2008,228,28,20.0,False,Creator 769,CA,creator769@mail.example,travel
CR00769,tiktok,@creator769_tiktok,5186,641,98418,2392,343,74,741.0,False,Creator 769,CA,creator769@mail.example,travel
CR00769,youtube,@creator769_youtube,170267,-10095,60572,3594,641,3,,False,Creator 769,CA,creator769@mail.example,travel
CR00770,youtube,@creator770_youtube,361800,-3091,2553993,245296,3193,9427,,False,Creator 770,CA,creator770@mail.example,food
CR00771,instagram,@creator771_instagram,102131,14975,51154,1751,284,432,246.0,False,Creator 771,GB,creator771@mail.example,education
CR00771,youtube,@creator771_youtube,506049,50883,230030,12391,1874,1044,,False,Creator 771,GB,creator771@mail.example,education
CR00771,tiktok,@creator771_tiktok,62554,6120,230886,5170,123,216,806.0,False,Creator 771,GB,creator771@mail.example,education
CR00772,tiktok,@creator772_tiktok,37726,4515,64691,2189,199,25,55.0,False,Creator 772,BR,creator772@mail.example,beauty
CR00773,instagram,@creator773_instagram,14701,2334,7699,463,36,45,0.0,True,Creator 773,MX,creator773@mail.example,travel
CR00774,tiktok,@creator774_tiktok,48627,7370,49196,2116,7,30,64.0,False,Creator 774,JP,creator774@mail.example,fitness
CR00775,tiktok,@creator775_tiktok,1613,211,9170,495,131,3,11.0,False,Creator 775,MX,creator775@mail.example,travel
CR00776,tiktok,@creator776_tiktok,39920,-139,19471,636,30,0,14.0,False,Creator 776,BR,creator776@mail.example,food
CR00776,youtube,@creator776_youtube,27852,2236,25309,1742,6,54,,False,Creator 776,BR,creator776@mail.example,food
CR00776,instagram,@creator776_instagram,12676,2167,5002,86,3,9,4.0,False,Creator 776,BR,creator776@mail.example,food
CR00777,youtube,@creator777_youtube,41218,2170,138441,7800,529,148,,False,Creator 777,JP,creator777@mail.example,gaming
CR00777,tiktok,@creator777_tiktok,115941,16506,2512401,63383,1351,10766,3460.0,False,Creator 777,JP,creator777@mail.example,gaming
CR00778,tiktok,@creator778_tiktok,36992,-248,34706,1758,172,132,108.0,False,Creator 778,DE,creator778@mail.example,fitness
CR00779,youtube,@creator779_youtube,29901,2424,85787,2775,666,316,,False,Creator 779,JP,creator779@mail.example,education
CR00779,instagram,@creator779_instagram,184445,16327,61615,1518,2,114,305.0,False,Creator 779,JP,creator779@mail.example,education
CR00779,tiktok,@creator779_tiktok,34390,5391,240009,3800,829,0,1130.0,False,Creator 779,JP,creator779@mail.example,education
CR00780,instagram,@creator780_instagram,6573,648,8863,405,15,0,14.0,False,Creator 780,FR,creator780@mail.example,comedy
CR00781,instagram,@creator781_instagram,12425,492,5192,316,24,0,0.0,False,Creator 781,CA,creator781@mail.example,fitness
CR00781,youtube,@creator781_youtube,31407,3409,55191,3157,5,7,,False,Creator 781,CA,creator781@mail.example,fitness
CR00781,tiktok,@creator781_tiktok,138681,11444,1247361,84793,8608,1099,3699.0,False,Creator 781,CA,creator781@mail.example,fitness
CR00782,youtube,@creator782_youtube,416338,61109,322798,23830,6044,1794,,False,Creator 782,MX,creator782@mail.example,education
CR00782,tiktok,@creator782_tiktok,45890,2608,50509,755,487,4,0.0,False,Creator 782,MX,creator782@mail.example,education
CR00782,instagram,@creator782_instagram,126200,5921,169153,11409,2365,210,0.0,False,Creator 782,MX,creator782@mail.example,education
CR00783,youtube,@creator783_youtube,19925,3642,15981,966,49,56,,False,Creator 783,BR,creator783@mail.example,fitness
CR00783,tiktok,@creator783_tiktok,166186,12096,514905,21957,5735,0,2616.0,False,Creator 783,BR,creator783@mail.example,fitness
CR00784,tiktok,@creator784_tiktok,19602,1983,12973,246,40,13,18.0,False,Creator 784,BR,creator784@mail.example,tech
CR00784,youtube,@creator784_youtube,673339,-53880,269091,12541,1230,183,,False,Creator 784,BR,creator784@mail.example,tech
CR00784,instagram,@creator784_instagram,4103,137,1248,20,6,0,6.0,False,Creator 784,BR,creator784@mail.example,tech
CR00785,youtube,@creator785_youtube,48975,191,143468,7104,1031,0,,False,Creator 785,GB,creator785@mail.example,music
CR00785,instagram,@creator785_instagram,31478,5281,9137,295,14,6,14.0,False,Creator 785,GB,creator785@mail.example,music
CR00786,youtube,@creator786_youtube,6896,699,7557,195,1,9,,False,Creator 786,CA,creator786@mail.example,music
CR00786,tiktok,@creator786_tiktok,85762,-3774,366757,11791,653,302,13.0,False,Creator 786,CA,creator786@mail.example,music
CR00786,instagram,@creator786_instagram,54488,12398,36266,585,27,159,11.0,False,Creator 786,CA,creator786@mail.example,music
CR00787,youtube,@creator787_youtube,9592,792,8325,626,31,0,,False,Creator 787,DE,creator787@mail.example,food
CR00787,instagram,@creator787_instagram,665470,31662,793989,61493,4252,6317,7779.0,False,Creator 787,DE,creator787@mail.example,food
CR00787,tiktok,@creator787_tiktok,88485,7815,644186,14183,909,755,3006.0,False,Creator 787,DE,creator787@mail.example,food
CR00788,youtube,@creator788_youtube,53521,-1241,161553,13767,1007,918,,False,Creator 788,MX,creator788@mail.example,fitness
CR00788,tiktok,@creator788_tiktok,714295,7311,1291375,54384,3142,1287,4041.0,False,Creator 788,MX,creator788@mail.example,fitness
CR00789,youtube,@creator789_youtube,19297,3619,90906,5754,754,218,,False,Creator 789,GB,creator789@mail.example,gaming
CR00789,instagram,@creator789_instagram,3309,416,9540,725,29,23,87.0,False,Creator 789,GB,creator789@mail.example,gaming
CR00789,tiktok,@creator789_tiktok,98233,7612,327740,19714,0,146,403.0,False,Creator 789,GB,creator789@mail.example,gaming
CR00790,tiktok,@creator790_tiktok,3923271,214432,17769346,1361966,80836,51721,9294.0,False,Creator 790,DE,creator790@mail.example,tech
CR00790,instagram,@creator790_instagram,475249,50167,264367,12145,681,573,194.0,False,Creator 790,DE,creator790@mail.example,tech
CR00791,youtube,@creator791_youtube,13696,1020,8343,470,63,9,,False,Creator 791,BR,creator791@mail.example,finance
CR00791,tiktok,@creator791_tiktok,15103,996,155797,3729,1497,240,745.0,False,Creator 791,BR,creator791@mail.example,finance
CR00791,instagram,@creator791_instagram,19977,967,24416,1170,181,7,66.0,False,Creator 791,BR,creator791@mail.example,finance
CR00792,youtube,@creator792_youtube,82218,3783,99395,5646,1249,139,,False,Creator 792,DE,creator792@mail.example,tech
CR00792,instagram,@creator792_instagram,138604,-8543,64572,3872,253,0,75.0,False,Creator 792,DE,creator792@mail.example,tech
CR00793,tiktok,@creator793_tiktok,20952,1604,35598,1530,246,144,145.0,False,Creator 793,IN,creator793@mail.example,travel
CR00793,youtube,@creator793_youtube,19614,2212,14533,407,2,205,,False,Creator 793,IN,creator793@mail.example,travel
CR00794,instagram,@creator794_instagram,183816,3994,59683,3838,763,278,157.0,False,Creator 794,KR,creator794@mail.example,fitness
CR00795,tiktok,@creator795_tiktok,153921,23881,260184,12117,1343,1534,184.0,False,Creator 795,BR,creator795@mail.example,tech
CR00795,youtube,@creator795_youtube,248563,15916,152499,8365,748,65,,False,Creator 795,BR,creator795@mail.example,tech
CR00795,instagram,@creator795_instagram,79344,5093,102595,2943,81,384,283.0,False,Creator 795,BR,creator795@mail.example,tech
CR00796,youtube,@creator796_youtube,95369,7691,117391,7878,17,0,,False,Creator 796,US,creator796@mail.example,education
CR00797,instagram,@creator797_instagram,37111,517,58514,5465,302,66,205.0,False,Creator 797,FR,creator797@mail.example,beauty
CR00798,youtube,@creator798_youtube,159114,3995,421383,6283,1417,12,,False,Creator 798,FR,creator798@mail.example,travel
CR00799,tiktok,@creator799_tiktok,411992,28410,2595651,60275,5271,211,6.0,False,Creator 799,FR,creator799@mail.example,education
CR00799,instagram,@creator799_instagram,285309,38752,235864,17195,905,514,753.0,False,Creator 799,FR,creator799@mail.example,education
CR00799,youtube,@creator799_youtube,174776,20680,202247,6058,512,654,,False,Creator 799,FR,creator799@mail.example,education
CR00800,instagram,@creator800_instagram,10365,1769,11979,601,97,129,17.0,False,Creator 800,MX,creator800@mail.example,education
CR00800,youtube,@creator800_youtube,75150,7372,23238,2262,48,703,,False,Creator 800,MX,creator800@mail.example,education
CR00801,instagram,@creator801_instagram,173855,25613,46845,1219,0,11,117.0,False,Creator 801,BR,creator801@mail.example,beauty
CR00801,youtube,@creator801_youtube,25744,-1383,60210,2000,101,8,,False,Creator 801,BR,creator801@mail.example,beauty
CR00802,tiktok,@creator802_tiktok,15628,852,11631,363,29,0,8.0,False,Creator 802,FR,creator802@mail.example,fitness
CR00802,youtube,@creator802_youtube,50671,8436,66886,4115,247,86,,False,Creator 802,FR,creator802@mail.example,fitness
CR00803,tiktok,@creator803_tiktok,370534,58112,756929,18361,1283,1345,6411.0,False,Creator 803,IN,creator803@mail.example,comedy
CR00803,youtube,@creator803_youtube,139923,18922,306371,17346,1624,1,,False,Creator 803,IN,creator803@mail.example,comedy
CR00803,instagram,@creator803_instagram,1834,296,791,44,9,5,1.0,False,Creator 803,IN,creator803@mail.example,comedy
CR00804,tiktok,@creator804_tiktok,11873,931,60163,3663,860,95,0.0,False,Creator 804,DE,creator804@mail.example,gaming
CR00805,tiktok,@creator805_tiktok,31138,4478,74685,4791,50,175,388.0,False,Creator 805,US,creator805@mail.example,food
CR00806,youtube,@creator806_youtube,65911,-1692,98150,6565,163,16,,False,Creator 806,JP,creator806@mail.example,comedy
CR00806,instagram,@creator806_instagram,28967,4707,61155,2565,27,87,0.0,False,Creator 806,JP,creator806@mail.example,comedy
CR00807,instagram,@creator807_instagram,50299,4762,36100,2084,109,20,65.0,False,Creator 807,IN,creator807@mail.example,education
CR00808,instagram,@creator808_instagram,217525,23282,238432,8870,2822,660,1.0,False,Creator 808,KR,creator808@mail.example,tech
CR00808,tiktok,@creator808_tiktok,204677,13531,482625,18923,1148,437,1755.0,False,Creator 808,KR,creator808@mail.example,tech
CR00808,youtube,@creator808_youtube,156293,4625,214586,6936,72,213,,False,Creator 808,KR,creator808@mail.example,tech
CR00809,instagram,@creator809_instagram,53455,3351,12357,291,58,0,14.0,False,Creator 809,DE,creator809@mail.example,beauty
CR00809,youtube,@creator809_youtube,21548,3462,69100,1545,85,49,,False,Creator 809,DE,creator809@mail.example,beauty
CR00809,tiktok,@creator809_tiktok,20222,1342,37092,1342,64,42,18.0,False,Creator 809,DE,creator809@mail.example,beauty
CR00810,tiktok,@creator810_tiktok,59839,2001,585677,25115,472,249,7186.0,False,Creator 810,CA,creator810@mail.example,tech
CR00810,instagram,@creator810_instagram,23239,3950,37674,915,75,66,12.0,False,Creator 810,CA,creator810@mail.example,tech
CR00810,youtube,@creator810_youtube,26902,-226,31634,1203,34,0,,False,Creator 810,CA,creator810@mail.example,tech
CR00811,youtube,@creator811_youtube,29098,207,98628,4457,115,600,,False,Creator 811,MX,creator811@mail.example,food
CR00811,instagram,@creator811_instagram,148063,20087,93989,6618,1046,418,283.0,False,Creator 811,MX,creator811@mail.example,food
CR00811,tiktok,@creator811_tiktok,34234,2321,349960,8422,789,161,257.0,False,Creator 811,MX,creator811@mail.example,food
CR00812,tiktok,@creator812_tiktok,121820,11478,282517,13131,0,284,65.0,False,Creator 812,MX,creator812@mail.example,travel
CR00812,youtube,@creator812_youtube,17430,1926,4429,122,19,16,,False,Creator 812,MX,creator812@mail.example,travel
CR00813,instagram,@creator813_instagram,37365,4589,11056,728,7,5,116.0,False,Creator 813,BR,creator813@mail.example,music
CR00813,youtube,@creator813_youtube,43071,3136,36672,1826,39,86,,False,Creator 813,BR,creator813@mail.example,music
CR00813,tiktok,@creator813_tiktok,367785,31901,2500044,42572,11862,3599,3606.0,False,Creator 813,BR,creator813@mail.example,music
CR00814,youtube,@creator814_youtube,13821,746,8868,638,8,14,,False,Creator 814,GB,creator814@mail.example,tech
CR00814,tiktok,@creator814_tiktok,40131,5012,185720,14408,10,1088,163.0,False,Creator 814,GB,creator814@mail.example,tech
CR00815,youtube,@creator815_youtube,14144,1178,20974,527,45,18,,False,Creator 815,IN,creator815@mail.example,food
CR00815,instagram,@creator815_instagram,49402,5480,45023,830,198,5,0.0,False,Creator 815,IN,creator815@mail.example,food
CR00816,youtube,@creator816_youtube,44069,1599,18908,731,196,9,,False,Creator 816,BR,creator816@mail.example,food
CR00817,tiktok,@creator817_tiktok,16452,559,47966,1244,52,229,2.0,False,Creator 817,FR,creator817@mail.example,beauty
CR00817,youtube,@creator817_youtube,354462,23292,263403,13498,0,133,,False,Creator 817,FR,creator817@mail.example,beauty
CR00817,instagram,@creator817_instagram,20851,464,7763,463,0,19,0.0,False,Creator 817,FR,creator817@mail.example,beauty
CR00818,youtube,@creator818_youtube,12840,1625,12160,525,83,95,,False,Creator 818,FR,creator818@mail.example,music
CR00819,instagram,@creator819_instagram,56493,8414,8837,590,15,0,12.0,False,Creator 819,JP,creator819@mail.example,tech
CR00819,youtube,@creator819_youtube,79032,10466,81648,2528,290,456,,False,Creator 819,JP,creator819@mail.example,tech
CR00820,youtube,@creator820_youtube,139239,5873,149352,9298,1230,44,,False,Creator 820,FR,creator820@mail.example,music
CR00820,tiktok,@creator820_tiktok,789,57,2688,173,0,1,7.0,False,Creator 820,FR,creator820@mail.example,music
CR00820,instagram,@creator820_instagram,112845,21391,71589,4526,699,220,322.0,False,Creator 820,FR,creator820@mail.example,music
CR00821,tiktok,@creator821_tiktok,23695,1465,30723,2703,155,0,288.0,False,Creator 821,IN,creator821@mail.example,fitness
CR00822,youtube,@creator822_youtube,840,106,2684,135,2,5,,False,Creator 822,US,creator822@mail.example,gaming
CR00822,tiktok,@creator822_tiktok,41149,3325,134784,7016,113,286,1214.0,False,Creator 822,US,creator822@mail.example,gaming
CR00822,instagram,@creator822_instagram,98275,14185,37307,3053,209,85,12.0,False,Creator 822,US,creator822@mail.example,gaming
CR00823,youtube,@creator823_youtube,38525,1342,49961,3195,1,13,,False,Creator 823,CA,creator823@mail.example,tech
CR00823,instagram,@creator823_instagram,52404,7236,7128,110,2,0,2.0,True,Creator 823,CA,creator823@mail.example,tech
CR00823,tiktok,@creator823_tiktok,116383,-7373,563457,33057,5452,425,5505.0,False,Creator 823,CA,creator823@mail.example,tech
CR00824,tiktok,@creator824_tiktok,39452,1322,199113,16361,217,740,33.0,False,Creator 824,US,creator824@mail.example,fitness
CR00825,tiktok,@creator825_tiktok,9178,976,14261,941,18,44,0.0,False,Creator 825,FR,creator825@mail.example,gaming
CR00826,tiktok,@creator826_tiktok,11613,631,44227,1020,25,1,98.0,False,Creator 826,JP,creator826@mail.example,education
CR00826,youtube,@creator826_youtube,40355,5416,44234,3147,110,13,,False,Creator 826,JP,creator826@mail.example,education
CR00826,instagram,@creator826_instagram,51301,7118,19933,314,42,16,139.0,False,Creator 826,JP,creator826@mail.example,education
CR00827,youtube,@creator827_youtube,950426,94819,1308408,91849,3196,257,,False,Creator 827,KR,creator827@mail.example,comedy
CR00828,instagram,@creator828_instagram,977,33,1069,31,1,0,0.0,False,Creator 828,JP,creator828@mail.example,travel
CR00828,tiktok,@creator828_tiktok,121356,7307,740754,37193,6601,3483,59.0,False,Creator 828,JP,creator828@mail.example,travel
CR00828,youtube,@creator828_youtube,2609,329,2874,208,21,1,,False,Creator 828,JP,creator828@mail.example,travel
CR00829,tiktok,@creator829_tiktok,308956,7368,830485,52160,5077,421,1956.0,False,Creator 829,US,creator829@mail.example,comedy
CR00829,youtube,@creator829_youtube,11530,1409,13213,465,10,61,,False,Creator 829,US,creator829@mail.example,comedy
CR00830,youtube,@creator830_youtube,28544,4026,94023,3835,9,0,,False,Creator 830,GB,creator830@mail.example,fitness
CR00830,tiktok,@creator830_tiktok,153543,-6434,648728,40937,3536,1954,2863.0,False,Creator 830,GB,creator830@mail.example,fitness
CR00830,instagram,@creator830_instagram,89742,7515,53099,1361,218,35,0.0,False,Creator 830,GB,creator830@mail.example,fitness
CR00831,youtube,@creator831_youtube,49834,4611,39808,2829,565,3,,False,Creator 831,FR,creator831@mail.example,education
CR00831,tiktok,@creator831_tiktok,62836,4506,36636,2010,403,161,99.0,False,Creator 831,FR,creator831@mail.example,education
CR00831,instagram,@creator831_instagram,66265,8575,102269,6385,409,0,619.0,False,Creator 831,FR,creator831@mail.example,education
CR00832,youtube,@creator832_youtube,16362,2245,16799,1466,8,159,,False,Creator 832,MX,creator832@mail.example,gaming
CR00832,tiktok,@creator832_tiktok,45363,366,100146,6315,1558,441,673.0,False,Creator 832,MX,creator832@mail.example,gaming
CR00832,instagram,@creator832_instagram,134742,15026,63502,3875,12,678,447.0,False,Creator 832,MX,creator832@mail.example,gaming
CR00833,tiktok,@creator833_tiktok,245003,36239,372745,20667,854,1188,724.0,False,Creator 833,JP,creator833@mail.example,comedy
CR00833,instagram,@creator833_instagram,51937,6943,31746,1531,25,21,0.0,True,Creator 833,JP,creator833@mail.example,comedy
CR00833,youtube,@creator833_youtube,42687,-921,51737,2589,257,316,,False,Creator 833,JP,creator833@mail.example,comedy
CR00834,instagram,@creator834_instagram,42997,3971,12065,735,44,39,88.0,False,Creator 834,JP,creator834@mail.example,tech
CR00834,tiktok,@creator834_tiktok,783679,64411,10741906,573987,3624,47568,294.0,False,Creator 834,JP,creator834@mail.example,tech
CR00834,youtube,@creator834_youtube,971107,-25552,1753466,107727,9990,4213,,False,Creator 834,JP,creator834@mail.example,tech
CR00835,youtube,@creator835_youtube,64124,670,35961,1255,20,1,,False,Creator 835,BR,creator835@mail.example,fitness
CR00835,tiktok,@creator835_tiktok,61750,-2847,537043,37831,2638,1066,52.0,False,Creator 835,BR,creator835@mail.example,fitness
CR00835,instagram,@creator835_instagram,952450,103295,299425,12680,306,0,1478.0,False,Creator 835,BR,creator835@mail.example,fitness
CR00836,youtube,@creator836_youtube,39131,5075,36471,2284,41,406,,False,Creator 836,GB,creator836@mail.example,travel
CR00836,tiktok,@creator836_tiktok,52183,6187,150306,2921,451,144,0.0,False,Creator 836,GB,creator836@mail.example,travel
CR00837,tiktok,@creator837_tiktok,331777,8374,1315616,23362,983,370,4581.0,False,Creator 837,BR,creator837@mail.example,music
CR00838,instagram,@creator838_instagram,76266,6300,79038,2168,64,267,2.0,False,Creator 838,CA,creator838@mail.example,gaming
CR00838,youtube,@creator838_youtube,96795,3228,108898,3571,439,0,,False,Creator 838,CA,creator838@mail.example,gaming
CR00838,tiktok,@creator838_tiktok,4235,608,26262,524,133,0,0.0,False,Creator 838,CA,creator838@mail.example,gaming
CR00839,youtube,@creator839_youtube,5138,125,5227,222,38,6,,False,Creator 839,CA,creator839@mail.example,music
CR00839,tiktok,@creator839_tiktok,6851,1137,22909,1261,3,3,66.0,False,Creator 839,CA,creator839@mail.example,music
CR00839,instagram,@creator839_instagram,19279,-624,10661,488,37,0,68.0,False,Creator 839,CA,creator839@mail.example,music
CR00840,instagram,@creator840_instagram,11069,718,3149,141,0,50,0.0,True,Creator 840,MX,creator840@mail.example,food
CR00840,youtube,@creator840_youtube,176701,1092,176987,7333,348,58,,False,Creator 840,MX,creator840@mail.example,food
CR00841,instagram,@creator841_instagram,101451,2157,32218,1899,74,6,613.0,False,Creator 841,GB,creator841@mail.example,tech
CR00842,instagram,@creator842_instagram,60205,7733,39245,2527,314,32,10.0,False,Creator 842,JP,creator842@mail.example,finance
CR00842,youtube,@creator842_youtube,39804,622,43990,2696,44,88,,False,Creator 842,JP,creator842@mail.example,finance
CR00842,tiktok,@creator842_tiktok,145011,17562,1363850,55116,2548,7134,4823.0,False,Creator 842,JP,creator842@mail.example,finance
CR00843,youtube,@creator843_youtube,274723,5379,299734,24275,705,1,,False,Creator 843,GB,creator843@mail.example,fitness
CR00843,tiktok,@creator843_tiktok,154532,27812,284098,7309,735,217,404.0,False,Creator 843,GB,creator843@mail.example,fitness
CR00843,instagram,@creator843_instagram,141037,4409,25207,682,34,0,4.0,False,Creator 843,GB,creator843@mail.example,fitness
CR00844,youtube,@creator844_youtube,130408,19515,115937,5316,165,314,,False,Creator 844,MX,creator844@mail.example,fitness
CR00844,instagram,@creator844_instagram,257580,17514,63534,903,244,126,72.0,False,Creator 844,MX,creator844@mail.example,fitness
CR00845,youtube,@creator845_youtube,535427,36114,1042907,62969,7940,7339,,False,Creator 845,US,creator845@mail.example,fitness
CR00845,instagram,@creator845_instagram,8625,342,1390,109,1,1,1.0,False,Creator 845,US,creator845@mail.example,fitness
CR00845,tiktok,@creator845_tiktok,35652,2098,93662,8861,0,145,0.0,False,Creator 845,US,creator845@mail.example,fitness
CR00846,instagram,@creator846_instagram,12238,1262,3245,275,0,6,0.0,False,Creator 846,US,creator846@mail.example,comedy
CR00846,tiktok,@creator846_tiktok,118728,8009,330948,23381,1072,4050,4996.0,False,Creator 846,US,creator846@mail.example,comedy
CR00847,instagram,@creator847_instagram,72826,9875,27144,997,130,53,3.0,True,Creator 847,CA,creator847@mail.example,food
CR00847,youtube,@creator847_youtube,212817,23672,313421,24070,4905,704,,False,Creator 847,CA,creator847@mail.example,food
CR00847,tiktok,@creator847_tiktok,11217,-931,78875,4126,210,29,76.0,False,Creator 847,CA,creator847@mail.example,food
CR00848,youtube,@creator848_youtube,214920,4819,223857,18636,124,0,,False,Creator 848,BR,creator848@mail.example,fitness
CR00848,instagram,@creator848_instagram,7115,905,3514,212,15,0,10.0,False,Creator 848,BR,creator848@mail.example,fitness
CR00848,tiktok,@creator848_tiktok,133944,17840,1053331,44020,9209,6958,923.0,False,Creator 848,BR,creator848@mail.example,fitness
CR00849,youtube,@creator849_youtube,70033,1996,27944,1095,28,175,,False,Creator 849,KR,creator849@mail.example,food
CR00850,youtube,@creator850_youtube,22978,1449,15317,439,183,0,,False,Creator 850,US,creator850@mail.example,finance
CR00851,tiktok,@creator851_tiktok,92390,11814,535256,23303,1656,1474,4958.0,False,Creator 851,IN,creator851@mail.example,beauty
CR00851,instagram,@creator851_instagram,25073,-403,34211,1243,162,11,215.0,False,Creator 851,IN,creator851@mail.example,beauty
CR00851,youtube,@creator851_youtube,75898,3793,152884,6008,266,143,,False,Creator 851,IN,creator851@mail.example,beauty
CR00852,instagram,@creator852_instagram,25439,406,12465,712,9,0,98.0,False,Creator 852,CA,creator852@mail.example,beauty
CR00852,tiktok,@creator852_tiktok,421159,12734,5278298,233571,4023,29785,4157.0,False,Creator 852,CA,creator852@mail.example,beauty
CR00852,youtube,@creator852_youtube,49002,7938,80313,3599,301,151,,False,Creator 852,CA,creator852@mail.example,beauty
CR00853,tiktok,@creator853_tiktok,1194,262,9356,342,83,173,57.0,False,Creator 853,IN,creator853@mail.example,finance
CR00854,instagram,@creator854_instagram,51337,8667,11184,556,0,107,35.0,True,Creator 854,MX,creator854@mail.example,education
CR00855,instagram,@creator855_instagram,6189,8,1301,76,0,6,7.0,False,Creator 855,FR,creator855@mail.example,tech
CR00855,youtube,@creator855_youtube,24879,2806,20269,540,0,1,,False,Creator 855,FR,creator855@mail.example,tech
CR00855,tiktok,@creator855_tiktok,451369,47441,1860781,135149,1,14127,4119.0,False,Creator 855,FR,creator855@mail.example,tech
CR00856,youtube,@creator856_youtube,194074,17839,486759,13408,2386,58,,False,Creator 856,GB,creator856@mail.example,fitness
CR00856,instagram,@creator856_instagram,166461,10642,42347,1965,78,4,10.0,False,Creator 856,GB,creator856@mail.example,fitness
CR00857,tiktok,@creator857_tiktok,45582,2648,298605,10620,891,0,2844.0,False,Creator 857,GB,creator857@mail.example,food
CR00857,youtube,@creator857_youtube,640,27,165,7,0,0,,False,Creator 857,GB,creator857@mail.example,food
CR00857,instagram,@creator857_instagram,25896,4294,12646,850,82,70,34.0,False,Creator 857,GB,creator857@mail.example,food
CR00858,instagram,@creator858_instagram,16109,2157,17629,1088,22,0,0.0,False,Creator 858,GB,creator858@mail.example,fitness
CR00858,tiktok,@creator858_tiktok,5815,248,48426,3622,102,15,399.0,False,Creator 858,GB,creator858@mail.example,fitness
CR00858,youtube,@creator858_youtube,106341,9989,119871,5964,31,722,,False,Creator 858,GB,creator858@mail.example,fitness
CR00859,tiktok,@creator859_tiktok,36567,490,146534,3019,90,64,393.0,False,Creator 859,IN,creator859@mail.example,finance
CR00859,instagram,@creator859_instagram,6794,988,4206,80,25,0,3.0,False,Creator 859,IN,creator859@mail.example,finance
CR00859,youtube,@creator859_youtube,26101,3723,41408,798,121,14,,False,Creator 859,IN,creator859@mail.example,finance
CR00860,tiktok,@creator860_tiktok,56687,8336,1006052,34620,4859,556,1788.0,False,Creator 860,MX,creator860@mail.example,food
CR00860,instagram,@creator860_instagram,273261,35186,135339,8886,4,1015,564.0,False,Creator 860,MX,creator860@mail.example,food
CR00861,tiktok,@creator861_tiktok,11226,837,41557,1741,759,23,22.0,False,Creator 861,KR,creator861@mail.example,finance
CR00861,instagram,@creator861_instagram,32649,1193,23109,1603,85,45,99.0,False,Creator 861,KR,creator861@mail.example,finance
CR00862,instagram,@creator862_instagram,52634,1296,24657,412,24,15,37.0,True,Creator 862,BR,creator862@mail.example,tech
CR00862,youtube,@creator862_youtube,36945,-5890,55254,3375,0,4,,False,Creator 862,BR,creator862@mail.example,tech
CR00863,tiktok,@creator863_tiktok,43955,3660,68056,2632,37,0,93.0,False,Creator 863,FR,creator863@mail.example,food
CR00863,youtube,@creator863_youtube,83968,-236,63158,1875,8,0,,False,Creator 863,FR,creator863@mail.example,food
CR00864,youtube,@creator864_youtube,62763,3654,48845,2970,43,52,,False,Creator 864,IN,creator864@mail.example,gaming
CR00864,tiktok,@creator864_tiktok,157445,7533,273307,15806,1376,0,5328.0,False,Creator 864,IN,creator864@mail.example,gaming
CR00864,instagram,@creator864_instagram,171157,20241,249640,11521,4359,1315,0.0,False,Creator 864,IN,creator864@mail.example,gaming
CR00865,youtube,@creator865_youtube,3385,347,5163,433,13,27,,False,Creator 865,BR,creator865@mail.example,beauty
CR00865,tiktok,@creator865_tiktok,1602,68,4206,125,0,2,2.0,False,Creator 865,BR,creator865@mail.example,beauty
CR00865,instagram,@creator865_instagram,1351701,143424,522241,11803,208,0,1469.0,False,Creator 865,BR,creator865@mail.example,beauty
CR00866,youtube,@creator866_youtube,58056,7069,76564,3757,3,154,,False,Creator 866,KR,creator866@mail.example,comedy
CR00866,tiktok,@creator866_tiktok,560124,-21939,2363139,181213,1780,7477,1401.0,False,Creator 866,KR,creator866@mail.example,comedy
CR00867,instagram,@creator867_instagram,5647,370,1118,59,7,0,1.0,False,Creator 867,US,creator867@mail.example,music
CR00868,youtube,@creator868_youtube,3044,236,6847,237,15,0,,False,Creator 868,US,creator868@mail.example,gaming
CR00869,instagram,@creator869_instagram,87632,-3592,60106,2069,2,29,287.0,False,Creator 869,MX,creator869@mail.example,comedy
CR00869,youtube,@creator869_youtube,10020,1086,14632,1239,384,8,,False,Creator 869,MX,creator869@mail.example,comedy
CR00870,instagram,@creator870_instagram,1849735,245095,1014752,53745,184,3,1589.0,False,Creator 870,IN,creator870@mail.example,travel
CR00870,tiktok,@creator870_tiktok,10393,1405,66285,3093,407,69,104.0,False,Creator 870,IN,creator870@mail.example,travel
CR00870,youtube,@creator870_youtube,232514,7022,36514,2086,211,0,,False,Creator 870,IN,creator870@mail.example,travel
CR00871,tiktok,@creator871_tiktok,182619,18193,126298,12278,550,15,1045.0,False,Creator 871,JP,creator871@mail.example,travel
CR00872,youtube,@creator872_youtube,18343,875,32479,1244,11,91,,False,Creator 872,IN,creator872@mail.example,tech
CR00872,instagram,@creator872_instagram,50870,5649,9618,539,0,74,4.0,False,Creator 872,IN,creator872@mail.example,tech
CR00873,tiktok,@creator873_tiktok,453373,51950,2451896,79719,6618,1362,3905.0,False,Creator 873,DE,creator873@mail.example,education
CR00873,youtube,@creator873_youtube,12725,2308,4346,195,20,6,,False,Creator 873,DE,creator873@mail.example,education
CR00873,instagram,@creator873_instagram,82610,4492,35618,904,235,364,25.0,False,Creator 873,DE,creator873@mail.example,education
CR00874,youtube,@creator874_youtube,49933,4871,99951,2773,35,1375,,False,Creator 874,BR,creator874@mail.example,beauty
CR00874,instagram,@creator874_instagram,95042,1887,49198,4395,1,122,62.0,False,Creator 874,BR,creator874@mail.example,beauty
CR00874,tiktok,@creator874_tiktok,4324,93,12966,356,35,5,19.0,False,Creator 874,BR,creator874@mail.example,beauty
CR00875,youtube,@creator875_youtube,22029,2310,9217,608,88,18,,False,Creator 875,JP,creator875@mail.example,gaming
CR00875,tiktok,@creator875_tiktok,45602,4158,98323,3466,135,175,23.0,False,Creator 875,JP,creator875@mail.example,gaming
CR00875,instagram,@creator875_instagram,293680,28398,136881,4551,105,360,232.0,False,Creator 875,JP,creator875@mail.example,gaming
CR00876,tiktok,@creator876_tiktok,20330,1863,80146,3242,2,81,13.0,False,Creator 876,MX,creator876@mail.example,music
CR00876,instagram,@creator876_instagram,105799,4487,64029,2651,559,162,358.0,False,Creator 876,MX,creator876@mail.example,music
CR00876,youtube,@creator876_youtube,75461,1780,86714,2159,0,81,,False,Creator 876,MX,creator876@mail.example,music
CR00877,instagram,@creator877_instagram,62626,7538,13502,474,8,0,15.0,False,Creator 877,BR,creator877@mail.example,education
CR00878,tiktok,@creator878_tiktok,2401,57,6303,292,0,2,11.0,False,Creator 878,MX,creator878@mail.example,fitness
CR00878,youtube,@creator878_youtube,10686,736,12433,801,31,32,,False,Creator 878,MX,creator878@mail.example,fitness
CR00878,instagram,@creator878_instagram,32677,631,6248,424,27,1,0.0,False,Creator 878,MX,creator878@mail.example,fitness
CR00879,youtube,@creator879_youtube,148607,27678,76255,5289,351,77,,False,Creator 879,BR,creator879@mail.example,tech
CR00880,instagram,@creator880_instagram,43331,5101,33116,2536,298,59,7.0,False,Creator 880,US,creator880@mail.example,food
CR00880,tiktok,@creator880_tiktok,158162,4883,477900,14012,1663,9,235.0,False,Creator 880,US,creator880@mail.example,food
CR00880,youtube,@creator880_youtube,8257,167,3051,283,2,1,,False,Creator 880,US,creator880@mail.example,food
CR00881,instagram,@creator881_instagram,37458,-6499,32635,1328,79,6,34.0,False,Creator 881,FR,creator881@mail.example,fitness
CR00881,youtube,@creator881_youtube,545935,46056,456853,10921,252,409,,False,Creator 881,FR,creator881@mail.example,fitness
CR00881,tiktok,@creator881_tiktok,6362,793,35251,870,0,0,4.0,False,Creator 881,FR,creator881@mail.example,fitness
CR00882,youtube,@creator882_youtube,79201,9183,31516,1631,86,1,,False,Creator 882,IN,creator882@mail.example,finance
CR00882,instagram,@creator882_instagram,266861,-34171,608793,12969,1747,145,1141.0,False,Creator 882,IN,creator882@mail.example,finance
CR00882,tiktok,@creator882_tiktok,113134,7370,195765,14190,893,195,368.0,False,Creator 882,IN,creator882@mail.example,finance
CR00883,tiktok,@creator883_tiktok,762793,-17296,6168171,258421,183979,21952,4813.0,False,Creator 883,US,creator883@mail.example,travel
CR00883,instagram,@creator883_instagram,3810191,366806,472955,30151,1292,32,1210.0,False,Creator 883,US,creator883@mail.example,travel
CR00883,youtube,@creator883_youtube,204376,7385,162495,14410,270,0,,False,Creator 883,US,creator883@mail.example,travel
CR00884,tiktok,@creator884_tiktok,65800,5581,225352,7334,47,335,829.0,False,Creator 884,US,creator884@mail.example,gaming
CR00884,instagram,@creator884_instagram,27526,3011,14210,265,36,4,22.0,False,Creator 884,US,creator884@mail.example,gaming
CR00885,tiktok,@creator885_tiktok,321937,26557,420631,23828,2928,1469,0.0,False,Creator 885,BR,creator885@mail.example,fitness
CR00886,youtube,@creator886_youtube,252380,23002,266533,6070,65,239,,False,Creator 886,JP,creator886@mail.example,travel
CR00887,instagram,@creator887_instagram,13217,1731,9067,428,19,20,0.0,False,Creator 887,FR,creator887@mail.example,finance
CR00887,youtube,@creator887_youtube,28554,2215,37933,2122,54,15,,False,Creator 887,FR,creator887@mail.example,finance
CR00887,tiktok,@creator887_tiktok,375706,27165,1244046,49783,37,12311,480.0,False,Creator 887,FR,creator887@mail.example,finance
CR00888,tiktok,@creator888_tiktok,736245,74632,3727332,343591,15203,4155,25240.0,False,Creator 888,GB,creator888@mail.example,finance
CR00888,youtube,@creator888_youtube,92549,11249,250498,15321,1867,882,,False,Creator 888,GB,creator888@mail.example,finance
CR00889,tiktok,@creator889_tiktok,64730,818,626526,22157,6833,540,14335.0,False,Creator 889,IN,creator889@mail.example,gaming
CR00889,youtube,@creator889_youtube,42477,3699,47673,1567,36,18,,False,Creator 889,IN,creator889@mail.example,gaming
CR00889,instagram,@creator889_instagram,9566,626,4161,157,15,3,2.0,False,Creator 889,IN,creator889@mail.example,gaming
CR00890,tiktok,@creator890_tiktok,8674,95,25145,891,142,109,0.0,False,Creator 890,BR,creator890@mail.example,travel
CR00890,instagram,@creator890_instagram,4450,293,1635,46,2,0,7.0,False,Creator 890,BR,creator890@mail.example,travel
CR00891,youtube,@creator891_youtube,1874,134,5308,180,19,17,,False,Creator 891,FR,creator891@mail.example,comedy
CR00891,tiktok,@creator891_tiktok,96344,4327,120540,1546,540,56,33.0,False,Creator 891,FR,creator891@mail.example,comedy
CR00891,instagram,@creator891_instagram,129527,13351,74937,4860,170,105,26.0,False,Creator 891,FR,creator891@mail.example,comedy
CR00892,instagram,@creator892_instagram,9611,1502,4293,122,19,3,47.0,False,Creator 892,DE,creator892@mail.example,education
CR00892,tiktok,@creator892_tiktok,307486,52074,1623697,126119,6501,2,16054.0,False,Creator 892,DE,creator892@mail.example,education
CR00892,youtube,@creator892_youtube,24580,3006,43634,2174,107,16,,False,Creator 892,DE,creator892@mail.example,education
CR00893,instagram,@creator893_instagram,16302,1448,8576,278,26,7,47.0,False,Creator 893,BR,creator893@mail.example,comedy
CR00893,youtube,@creator893_youtube,119330,-2148,98007,3452,31,56,,False,Creator 893,BR,creator893@mail.example,comedy
CR00894,tiktok,@creator894_tiktok,295450,19676,951064,57448,773,153,1488.0,False,Creator 894,JP,creator894@mail.example,beauty
CR00895,youtube,@creator895_youtube,1314,147,1259,49,0,3,,False,Creator 895,US,creator895@mail.example,beauty
CR00895,tiktok,@creator895_tiktok,55256,7819,46730,1206,3,159,28.0,False,Creator 895,US,creator895@mail.example,beauty
CR00896,tiktok,@creator896_tiktok,54390,5825,363491,5901,928,0,0.0,False,Creator 896,DE,creator896@mail.example,travel
CR00896,instagram,@creator896_instagram,170079,2956,51766,1998,170,458,1.0,False,Creator 896,DE,creator896@mail.example,travel
CR00897,youtube,@creator897_youtube,3973,3,2804,140,5,23,,False,Creator 897,FR,creator897@mail.example,food
CR00897,tiktok,@creator897_tiktok,137238,9609,326786,16661,997,0,138.0,False,Creator 897,FR,creator897@mail.example,food
CR00897,instagram,@creator897_instagram,5987,932,7047,359,36,9,2.0,False,Creator 897,FR,creator897@mail.example,food
CR00898,tiktok,@creator898_tiktok,4068,743,20148,900,201,15,67.0,False,Creator 898,DE,creator898@mail.example,travel
CR00898,youtube,@creator898_youtube,4947,708,7138,236,2,17,,False,Creator 898,DE,creator898@mail.example,travel
CR00898,instagram,@creator898_instagram,771525,137537,850484,20831,11488,884,2502.0,False,Creator 898,DE,creator898@mail.example,travel
CR00899,tiktok,@creator899_tiktok,33190,3691,99394,3567,126,11,16.0,False,Creator 899,FR,creator899@mail.example,music
CR00899,instagram,@creator899_instagram,249146,13546,134094,3727,660,46,411.0,False,Creator 899,FR,creator899@mail.example,music
CR00899,youtube,@creator899_youtube,199001,-5842,63863,2543,32,155,,False,Creator 899,FR,creator899@mail.example,music
CR00900,youtube,@creator900_youtube,459572,-837,234251,16620,346,52,,False,Creator 900,BR,creator900@mail.example,finance
CR00900,instagram,@creator900_instagram,112193,6018,123113,3506,24,242,22.0,False,Creator 900,BR,creator900@mail.example,finance
CR00901,instagram,@creator901_instagram,118370,8691,17137,650,2,3,0.0,False,Creator 901,US,creator901@mail.example,gaming
CR00901,youtube,@creator901_youtube,1051859,49805,1301316,42488,0,2443,,False,Creator 901,US,creator901@mail.example,gaming
CR00901,tiktok,@creator901_tiktok,706,109,376,23,1,0,3.0,False,Creator 901,US,creator901@mail.example,gaming
CR00902,instagram,@creator902_instagram,988,136,997,57,24,0,5.0,False,Creator 902,IN,creator902@mail.example,tech
CR00902,youtube,@creator902_youtube,50350,-457,62477,4401,32,192,,False,Creator 902,IN,creator902@mail.example,tech
CR00903,instagram,@creator903_instagram,11352,981,18229,296,77,37,27.0,False,Creator 903,MX,creator903@mail.example,beauty
CR00903,youtube,@creator903_youtube,101501,15883,142889,9861,0,739,,False,Creator 903,MX,creator903@mail.example,beauty
CR00904,tiktok,@creator904_tiktok,192615,-2674,155605,11412,76,7,680.0,False,Creator 904,GB,creator904@mail.example,education
CR00905,youtube,@creator905_youtube,85012,14013,145322,8435,332,621,,False,Creator 905,BR,creator905@mail.example,education
CR00905,instagram,@creator905_instagram,189629,12467,154211,9646,1342,2318,0.0,False,Creator 905,BR,creator905@mail.example,education
CR00906,instagram,@creator906_instagram,45778,-405,15049,754,369,31,25.0,True,Creator 906,JP,creator906@mail.example,comedy
CR00906,tiktok,@creator906_tiktok,163367,28039,203071,14990,2,1600,95.0,False,Creator 906,JP,creator906@mail.example,comedy
CR00907,tiktok,@creator907_tiktok,210228,-8731,309295,18010,31,633,5470.0,False,Creator 907,BR,creator907@mail.example,gaming
CR00907,instagram,@creator907_instagram,243941,32131,413813,32214,1046,1406,1923.0,False,Creator 907,BR,creator907@mail.example,gaming
CR00908,youtube,@creator908_youtube,104209,8150,239310,11876,1354,204,,False,Creator 908,IN,creator908@mail.example,comedy
CR00909,instagram,@creator909_instagram,680,30,38,0,0,0,0.0,False,Creator 909,BR,creator909@mail.example,comedy
CR00910,youtube,@creator910_youtube,132867,6034,245041,5061,224,528,,False,Creator 910,BR,creator910@mail.example,fitness
CR00910,instagram,@creator910_instagram,125656,432,50033,1285,17,0,318.0,True,Creator 910,BR,creator910@mail.example,fitness
CR00911,instagram,@creator911_instagram,118970,8010,33058,2598,247,7,73.0,False,Creator 911,JP,creator911@mail.example,gaming
CR00911,tiktok,@creator911_tiktok,7623,1009,45725,3899,11,3,145.0,False,Creator 911,JP,creator911@mail.example,gaming
CR00911,youtube,@creator911_youtube,84420,18904,98246,5013,237,7,,False,Creator 911,JP,creator911@mail.example,gaming
CR00912,youtube,@creator912_youtube,10753,1064,15509,648,149,5,,False,Creator 912,BR,creator912@mail.example,food
CR00912,instagram,@creator912_instagram,123621,23518,22178,1301,38,104,20.0,False,Creator 912,BR,creator912@mail.example,food
CR00912,tiktok,@creator912_tiktok,168155,7421,498249,35556,6,1278,4944.0,False,Creator 912,BR,creator912@mail.example,food
CR00913,instagram,@creator913_instagram,695613,111283,158459,10764,1565,316,46.0,False,Creator 913,IN,creator913@mail.example,beauty
CR00913,youtube,@creator913_youtube,143869,10378,194684,14918,1065,1998,,False,Creator 913,IN,creator913@mail.example,beauty
CR00913,tiktok,@creator913_tiktok,17406,2425,49465,2699,165,0,800.0,False,Creator 913,IN,creator913@mail.example,beauty
CR00914,tiktok,@creator914_tiktok,313559,48388,1770277,61999,3229,2871,18694.0,False,Creator 914,IN,creator914@mail.example,food
CR00914,instagram,@creator914_instagram,60862,4002,28019,915,130,57,0.0,False,Creator 914,IN,creator914@mail.example,food
CR00914,youtube,@creator914_youtube,20849,3223,32815,1109,47,0,,False,Creator 914,IN,creator914@mail.example,food
CR00915,instagram,@creator915_instagram,2424,316,1229,79,2,0,7.0,False,Creator 915,GB,creator915@mail.example,finance
CR00915,tiktok,@creator915_tiktok,11220,59,30444,2436,136,0,0.0,False,Creator 915,GB,creator915@mail.example,finance
CR00916,tiktok,@creator916_tiktok,37361,2473,125505,3981,0,433,199.0,False,Creator 916,KR,creator916@mail.example,fitness
CR00916,youtube,@creator916_youtube,34705,4351,69410,1670,319,12,,False,Creator 916,KR,creator916@mail.example,fitness
CR00916,instagram,@creator916_instagram,2937,112,1495,102,35,0,3.0,False,Creator 916,KR,creator916@mail.example,fitness
CR00917,youtube,@creator917_youtube,29993,2355,21111,1022,38,9,,False,Creator 917,JP,creator917@mail.example,fitness
CR00917,tiktok,@creator917_tiktok,205592,26227,526798,30772,2714,1665,3144.0,False,Creator 917,JP,creator917@mail.example,fitness
CR00917,instagram,@creator917_instagram,8907,921,2465,56,2,3,5.0,False,Creator 917,JP,creator917@mail.example,fitness
CR00918,tiktok,@creator918_tiktok,27721,2730,26348,494,9,4,52.0,False,Creator 918,KR,creator918@mail.example,beauty
CR00918,youtube,@creator918_youtube,9178,548,40094,2945,0,39,,False,Creator 918,KR,creator918@mail.example,beauty
CR00919,tiktok,@creator919_tiktok,113305,6016,831794,24431,651,0,39.0,False,Creator 919,CA,creator919@mail.example,tech
CR00919,youtube,@creator919_youtube,30249,2515,17566,1274,187,242,,False,Creator 919,CA,creator919@mail.example,tech
CR00919,instagram,@creator919_instagram,8845,282,9848,448,0,0,18.0,False,Creator 919,CA,creator919@mail.example,tech
CR00920,instagram,@creator920_instagram,28478,5065,10861,714,107,0,112.0,False,Creator 920,BR,creator920@mail.example,tech
CR00921,instagram,@creator921_instagram,4914,-500,1260,85,6,1,7.0,False,Creator 921,JP,creator921@mail.example,comedy
CR00921,youtube,@creator921_youtube,11793,187,7823,268,14,21,,False,Creator 921,JP,creator921@mail.example,comedy
CR00921,tiktok,@creator921_tiktok,42375,5936,221485,11821,1325,1576,2775.0,False,Creator 921,JP,creator921@mail.example,comedy
CR00922,tiktok,@creator922_tiktok,28052,2109,56897,3005,93,31,331.0,False,Creator 922,FR,creator922@mail.example,gaming
CR00923,tiktok,@creator923_tiktok,26580,2948,221155,6508,235,632,23.0,False,Creator 923,US,creator923@mail.example,gaming
CR00923,youtube,@creator923_youtube,25312,2394,22216,678,4,1,,False,Creator 923,US,creator923@mail.example,gaming
CR00923,instagram,@creator923_instagram,91353,11772,61597,1458,15,89,2.0,True,Creator 923,US,creator923@mail.example,gaming
CR00924,tiktok,@creator924_tiktok,63457,7733,76149,5240,188,65,200.0,False,Creator 924,KR,creator924@mail.example,beauty
CR00924,youtube,@creator924_youtube,43195,1900,40885,1756,404,57,,False,Creator 924,KR,creator924@mail.example,beauty
CR00924,instagram,@creator924_instagram,95112,1492,7172,407,0,2,97.0,False,Creator 924,KR,creator924@mail.example,beauty
CR00925,tiktok,@creator925_tiktok,44105,6445,281921,11139,132,202,385.0,False,Creator 925,CA,creator925@mail.example,food
CR00925,instagram,@creator925_instagram,166385,9875,419567,21147,726,332,749.0,True,Creator 925,CA,creator925@mail.example,food
CR00926,instagram,@creator926_instagram,44832,-227,34022,2588,83,12,12.0,False,Creator 926,FR,creator926@mail.example,tech
CR00927,youtube,@creator927_youtube,10274,317,3598,116,12,2,,False,Creator 927,US,creator927@mail.example,gaming
CR00927,instagram,@creator927_instagram,4107,-144,3917,153,0,33,8.0,False,Creator 927,US,creator927@mail.example,gaming
CR00927,tiktok,@creator927_tiktok,1141104,131669,2004364,75315,3458,2446,4650.0,False,Creator 927,US,creator927@mail.example,gaming
CR00928,tiktok,@creator928_tiktok,187869,-37766,907592,52637,3015,59,4805.0,False,Creator 928,BR,creator928@mail.example,finance
CR00928,youtube,@creator928_youtube,20497,4011,36237,1135,91,15,,False,Creator 928,BR,creator928@mail.example,finance
CR00928,instagram,@creator928_instagram,317060,29478,204357,8296,336,152,198.0,False,Creator 928,BR,creator928@mail.example,finance
CR00929,instagram,@creator929_instagram,16312,1090,26379,1160,58,395,191.0,False,Creator 929,US,creator929@mail.example,finance
CR00929,youtube,@creator929_youtube,133306,6367,223404,22740,1295,27,,False,Creator 929,US,creator929@mail.example,finance
CR00930,tiktok,@creator930_tiktok,63216,-762,213234,15700,907,113,27.0,False,Creator 930,KR,creator930@mail.example,education
CR00930,instagram,@creator930_instagram,74336,7929,79064,5208,458,269,1101.0,True,Creator 930,KR,creator930@mail.example,education
CR00930,youtube,@creator930_youtube,43669,-310,146487,4934,176,461,,False,Creator 930,KR,creator930@mail.example,education
CR00931,youtube,@creator931_youtube,8275,825,12722,1085,18,16,,False,Creator 931,CA,creator931@mail.example,comedy
CR00932,youtube,@creator932_youtube,178997,22660,1227226,68282,29,284,,False,Creator 932,FR,creator932@mail.example,food
CR00932,tiktok,@creator932_tiktok,79743,8160,331468,14716,120,0,0.0,False,Creator 932,FR,creator932@mail.example,food
CR00933,tiktok,@creator933_tiktok,334195,6867,217217,15147,3059,463,0.0,False,Creator 933,US,creator933@mail.example,education
CR00933,instagram,@creator933_instagram,26412,3141,31296,701,18,0,27.0,True,Creator 933,US,creator933@mail.example,education
CR00933,youtube,@creator933_youtube,9293,303,4957,446,21,2,,False,Creator 933,US,creator933@mail.example,education
CR00934,tiktok,@creator934_tiktok,147838,22733,1248348,78419,973,4547,1857.0,False,Creator 934,US,creator934@mail.example,beauty
CR00934,youtube,@creator934_youtube,27888,3851,22260,670,66,4,,False,Creator 934,US,creator934@mail.example,beauty
CR00935,youtube,@creator935_youtube,73853,7444,43156,1502,1292,168,,False,Creator 935,CA,creator935@mail.example,travel
CR00935,instagram,@creator935_instagram,145706,7873,124325,5176,146,178,50.0,False,Creator 935,CA,creator935@mail.example,travel
CR00935,tiktok,@creator935_tiktok,13077,1464,20505,1115,111,0,119.0,False,Creator 935,CA,creator935@mail.example,travel
CR00936,instagram,@creator936_instagram,58628,2173,116231,7322,97,242,170.0,True,Creator 936,FR,creator936@mail.example,beauty
CR00936,tiktok,@creator936_tiktok,870950,88513,3732652,60536,19886,36,86.0,False,Creator 936,FR,creator936@mail.example,beauty
CR00937,youtube,@creator937_youtube,135983,13505,174199,7601,1695,131,,False,Creator 937,JP,creator937@mail.example,fitness
CR00937,tiktok,@creator937_tiktok,19207,4149,39367,1796,431,26,35.0,False,Creator 937,JP,creator937@mail.example,fitness
CR00937,instagram,@creator937_instagram,216007,33201,184253,9154,11,6,388.0,False,Creator 937,JP,creator937@mail.example,fitness
CR00938,youtube,@creator938_youtube,10249,985,22352,1233,211,20,,False,Creator 938,DE,creator938@mail.example,gaming
CR00938,tiktok,@creator938_tiktok,66250,702,153764,9310,2940,0,331.0,False,Creator 938,DE,creator938@mail.example,gaming
CR00939,youtube,@creator939_youtube,5229,796,5233,441,0,29,,False,Creator 939,GB,creator939@mail.example,tech
CR00939,instagram,@creator939_instagram,74517,2855,14381,645,63,9,6.0,False,Creator 939,GB,creator939@mail.example,tech
CR00939,tiktok,@creator939_tiktok,493488,9168,2089021,88082,4695,6615,2542.0,False,Creator 939,GB,creator939@mail.example,tech
CR00940,youtube,@creator940_youtube,22133,1685,36507,1350,315,5,,False,Creator 940,GB,creator940@mail.example,beauty
CR00940,instagram,@creator940_instagram,10206,-4,10422,228,27,45,39.0,False,Creator 940,GB,creator940@mail.example,beauty
CR00941,instagram,@creator941_instagram,143688,3978,91447,5923,1343,3,890.0,False,Creator 941,CA,creator941@mail.example,education
CR00941,youtube,@creator941_youtube,25720,2825,62352,5017,335,314,,False,Creator 941,CA,creator941@mail.example,education
CR00941,tiktok,@creator941_tiktok,14716,262,73287,1498,234,0,161.0,False,Creator 941,CA,creator941@mail.example,education
CR00942,tiktok,@creator942_tiktok,180911,25096,633334,24173,136,2963,80.0,False,Creator 942,DE,creator942@mail.example,education
CR00942,youtube,@creator942_youtube,44787,2693,63487,3273,60,0,,False,Creator 942,DE,creator942@mail.example,education
CR00942,instagram,@creator942_instagram,78309,-5257,22826,1634,78,464,13.0,False,Creator 942,DE,creator942@mail.example,education
CR00943,youtube,@creator943_youtube,24780,1147,42538,1427,381,0,,False,Creator 943,BR,creator943@mail.example,finance
CR00944,youtube,@creator944_youtube,155597,16085,152154,8695,1092,378,,False,Creator 944,CA,creator944@mail.example,comedy
CR00945,instagram,@creator945_instagram,39921,2261,85805,1972,73,0,36.0,True,Creator 945,MX,creator945@mail.example,tech
CR00945,tiktok,@creator945_tiktok,3791,363,18167,1221,10,26,179.0,False,Creator 945,MX,creator945@mail.example,tech
CR00945,youtube,@creator945_youtube,275971,20370,207938,17282,559,1940,,False,Creator 945,MX,creator945@mail.example,tech
CR00946,tiktok,@creator946_tiktok,9081,54,19775,1116,0,34,70.0,False,Creator 946,JP,creator946@mail.example,beauty
CR00947,tiktok,@creator947_tiktok,108778,10850,158665,9565,0,1912,1203.0,False,Creator 947,US,creator947@mail.example,beauty
CR00947,instagram,@creator947_instagram,5118,457,3624,170,2,7,0.0,False,Creator 947,US,creator947@mail.example,beauty
CR00948,youtube,@creator948_youtube,37211,1843,119924,4542,573,0,,False,Creator 948,IN,creator948@mail.example,beauty
CR00948,tiktok,@creator948_tiktok,170767,13088,358554,22952,1558,302,1977.0,False,Creator 948,IN,creator948@mail.example,beauty
CR00948,instagram,@creator948_instagram,9606,1001,5225,505,0,28,56.0,False,Creator 948,IN,creator948@mail.example,beauty
CR00949,tiktok,@creator949_tiktok,405190,-2964,1765877,34014,4448,11739,937.0,False,Creator 949,FR,creator949@mail.example,music
CR00949,instagram,@creator949_instagram,40701,3551,42006,2253,133,466,74.0,False,Creator 949,FR,creator949@mail.example,music
CR00950,youtube,@creator950_youtube,74302,4775,46412,855,6,16,,False,Creator 950,DE,creator950@mail.example,fitness
CR00951,youtube,@creator951_youtube,100178,10488,144681,3833,791,263,,False,Creator 951,DE,creator951@mail.example,comedy
CR00951,tiktok,@creator951_tiktok,35086,2736,28392,588,10,0,57.0,False,Creator 951,DE,creator951@mail.example,comedy
CR00951,instagram,@creator951_instagram,973847,4803,618329,15856,264,0,405.0,False,Creator 951,DE,creator951@mail.example,comedy
CR00952,youtube,@creator952_youtube,2480,502,2910,74,1,1,,False,Creator 952,JP,creator952@mail.example,finance
CR00952,instagram,@creator952_instagram,7668,990,7331,378,22,11,32.0,False,Creator 952,JP,creator952@mail.example,finance
CR00953,tiktok,@creator953_tiktok,64043,1240,69416,4943,214,152,465.0,False,Creator 953,CA,creator953@mail.example,food
CR00953,youtube,@creator953_youtube,21969,-654,28819,1814,421,5,,False,Creator 953,CA,creator953@mail.example,food
CR00953,instagram,@creator953_instagram,85273,2378,41563,1947,183,23,187.0,False,Creator 953,CA,creator953@mail.example,food
CR00954,tiktok,@creator954_tiktok,13450,3020,37688,902,300,333,23.0,False,Creator 954,GB,creator954@mail.example,food
CR00954,instagram,@creator954_instagram,1345,84,870,31,0,1,0.0,False,Creator 954,GB,creator954@mail.example,food
CR00955,instagram,@creator955_instagram,81010,1383,48503,1647,322,475,22.0,False,Creator 955,US,creator955@mail.example,fitness
CR00955,youtube,@creator955_youtube,5872,986,11515,602,21,27,,False,Creator 955,US,creator955@mail.example,fitness
CR00955,tiktok,@creator955_tiktok,74274,4680,146822,7662,396,0,0.0,False,Creator 955,US,creator955@mail.example,fitness
CR00956,tiktok,@creator956_tiktok,594229,104121,4283346,257848,367,3134,35663.0,False,Creator 956,GB,creator956@mail.example,finance
CR00956,youtube,@creator956_youtube,10816,896,9056,199,17,15,,False,Creator 956,GB,creator956@mail.example,finance
CR00956,instagram,@creator956_instagram,77833,11317,6237,201,20,8,18.0,False,Creator 956,GB,creator956@mail.example,finance
CR00957,youtube,@creator957_youtube,84293,7606,200853,17717,59,0,,False,Creator 957,IN,creator957@mail.example,education
CR00958,tiktok,@creator958_tiktok,16477,2674,171654,3599,698,13,3.0,False,Creator 958,GB,creator958@mail.example,music
CR00958,youtube,@creator958_youtube,317607,23424,228102,12859,4297,0,,False,Creator 958,GB,creator958@mail.example,music
CR00959,tiktok,@creator959_tiktok,529612,50527,714812,18242,741,58,29.0,False,Creator 959,DE,creator959@mail.example,fitness
CR00959,instagram,@creator959_instagram,1089500,99365,137183,2541,357,331,283.0,False,Creator 959,DE,creator959@mail.example,fitness
CR00960,tiktok,@creator960_tiktok,17252,-150,46810,2825,230,593,23.0,False,Creator 960,FR,creator960@mail.example,gaming
CR00961,tiktok,@creator961_tiktok,365433,-15160,540231,21304,1353,321,1324.0,False,Creator 961,GB,creator961@mail.example,music
CR00961,instagram,@creator961_instagram,47978,3436,53189,3587,0,199,416.0,False,Creator 961,GB,creator961@mail.example,music
CR00962,instagram,@creator962_instagram,46480,3515,8308,396,21,0,20.0,False,Creator 962,MX,creator962@mail.example,music
CR00962,youtube,@creator962_youtube,29059,33,22943,1720,9,203,,False,Creator 962,MX,creator962@mail.example,music
CR00962,tiktok,@creator962_tiktok,20775,1500,86879,6274,478,190,6.0,False,Creator 962,MX,creator962@mail.example,music
CR00963,youtube,@creator963_youtube,140407,22803,80036,5725,313,275,,False,Creator 963,BR,creator963@mail.example,finance
CR00963,instagram,@creator963_instagram,70212,5854,20513,861,159,85,218.0,False,Creator 963,BR,creator963@mail.example,finance
CR00964,youtube,@creator964_youtube,1847187,256706,1695726,116687,5595,14911,,False,Creator 964,FR,creator964@mail.example,finance
CR00964,instagram,@creator964_instagram,95035,13186,483356,47169,112,4531,497.0,False,Creator 964,FR,creator964@mail.example,finance
CR00965,instagram,@creator965_instagram,70074,-5755,47777,3330,424,2,710.0,False,Creator 965,DE,creator965@mail.example,comedy
CR00965,tiktok,@creator965_tiktok,11824,1212,47299,3469,575,508,0.0,False,Creator 965,DE,creator965@mail.example,comedy
CR00966,instagram,@creator966_instagram,319995,42321,150728,5705,199,2,9.0,False,Creator 966,IN,creator966@mail.example,gaming
CR00967,youtube,@creator967_youtube,13370,2121,14696,263,68,20,,False,Creator 967,FR,creator967@mail.example,music
CR00967,tiktok,@creator967_tiktok,40867,308,79309,2950,177,67,1381.0,False,Creator 967,FR,creator967@mail.example,music
CR00967,instagram,@creator967_instagram,18227,3226,7935,502,6,8,12.0,False,Creator 967,FR,creator967@mail.example,music
CR00968,youtube,@creator968_youtube,45225,1838,54454,4487,120,51,,False,Creator 968,GB,creator968@mail.example,gaming
CR00969,tiktok,@creator969_tiktok,31077,2876,70375,3215,935,554,464.0,False,Creator 969,US,creator969@mail.example,travel
CR00969,youtube,@creator969_youtube,1298247,88613,3493079,78705,21746,7724,,False,Creator 969,US,creator969@mail.example,travel
CR00970,instagram,@creator970_instagram,67554,4605,34610,819,149,0,164.0,False,Creator 970,JP,creator970@mail.example,travel
CR00971,youtube,@creator971_youtube,211505,12097,384695,19787,2253,2370,,False,Creator 971,BR,creator971@mail.example,music
CR00971,tiktok,@creator971_tiktok,40475,5347,25094,1288,55,389,136.0,False,Creator 971,BR,creator971@mail.example,music
CR00971,instagram,@creator971_instagram,1332,260,3401,170,6,21,5.0,False,Creator 971,BR,creator971@mail.example,music
CR00972,youtube,@creator972_youtube,84127,7184,125045,6734,46,32,,False,Creator 972,DE,creator972@mail.example,food
CR00972,tiktok,@creator972_tiktok,239586,31441,1005183,40081,6356,5355,252.0,False,Creator 972,DE,creator972@mail.example,food
CR00972,instagram,@creator972_instagram,328076,-24102,139062,4433,1080,19,795.0,False,Creator 972,DE,creator972@mail.example,food
CR00973,instagram,@creator973_instagram,3165,553,1011,60,1,0,0.0,False,Creator 973,MX,creator973@mail.example,travel
CR00973,youtube,@creator973_youtube,84373,6593,627645,43266,389,4583,,False,Creator 973,MX,creator973@mail.example,travel
CR00974,youtube,@creator974_youtube,54205,348,58689,4590,7,666,,False,Creator 974,JP,creator974@mail.example,music
CR00974,tiktok,@creator974_tiktok,10061,1478,45498,2306,0,91,47.0,False,Creator 974,JP,creator974@mail.example,music
CR00974,instagram,@creator974_instagram,180045,-27550,44945,3205,52,5,0.0,False,Creator 974,JP,creator974@mail.example,music
CR00975,tiktok,@creator975_tiktok,71563,9898,328727,16987,253,710,4.0,False,Creator 975,BR,creator975@mail.example,finance
CR00975,youtube,@creator975_youtube,21627,3142,62172,3223,47,33,,False,Creator 975,BR,creator975@mail.example,finance
CR00975,instagram,@creator975_instagram,93996,7168,10520,465,93,0,18.0,False,Creator 975,BR,creator975@mail.example,finance
CR00976,instagram,@creator976_instagram,20054,3492,20520,694,34,205,24.0,False,Creator 976,DE,creator976@mail.example,travel
CR00976,youtube,@creator976_youtube,48727,3599,40737,1117,442,197,,False,Creator 976,DE,creator976@mail.example,travel
CR00976,tiktok,@creator976_tiktok,4491,396,8103,244,2,36,0.0,False,Creator 976,DE,creator976@mail.example,travel
CR00977,youtube,@creator977_youtube,20517,1402,17268,592,1,149,,False,Creator 977,DE,creator977@mail.example,music
CR00977,instagram,@creator977_instagram,3078,77,2369,67,1,2,5.0,False,Creator 977,DE,creator977@mail.example,music
CR00977,tiktok,@creator977_tiktok,30775,3282,289704,6201,489,141,666.0,False,Creator 977,DE,creator977@mail.example,music
CR00978,tiktok,@creator978_tiktok,43972,7035,95589,4349,156,0,1.0,False,Creator 978,JP,creator978@mail.example,comedy
CR00978,instagram,@creator978_instagram,11708,1255,4101,135,19,11,16.0,False,Creator 978,JP,creator978@mail.example,comedy
CR00979,tiktok,@creator979_tiktok,5093,512,26630,1911,62,49,12.0,False,Creator 979,US,creator979@mail.example,gaming
CR00979,youtube,@creator979_youtube,397270,44424,207457,15348,1489,212,,False,Creator 979,US,creator979@mail.example,gaming
CR00979,instagram,@creator979_instagram,13153,938,24654,950,60,69,43.0,False,Creator 979,US,creator979@mail.example,gaming
CR00980,instagram,@creator980_instagram,13142,1385,12540,617,65,2,91.0,False,Creator 980,FR,creator980@mail.example,travel
CR00981,tiktok,@creator981_tiktok,87460,15429,183195,7831,126,394,236.0,False,Creator 981,BR,creator981@mail.example,comedy
CR00982,tiktok,@creator982_tiktok,71373,10002,76312,1653,201,10,45.0,False,Creator 982,FR,creator982@mail.example,fitness
CR00983,youtube,@creator983_youtube,417527,-1387,303274,11082,637,665,,False,Creator 983,US,creator983@mail.example,travel
CR00983,instagram,@creator983_instagram,33082,2770,11813,300,33,17,3.0,False,Creator 983,US,creator983@mail.example,travel
CR00983,tiktok,@creator983_tiktok,17657,2969,47506,1502,25,19,0.0,False,Creator 983,US,creator983@mail.example,travel
CR00984,instagram,@creator984_instagram,34745,525,26778,2168,508,0,0.0,False,Creator 984,FR,creator984@mail.example,food
CR00985,tiktok,@creator985_tiktok,343066,32966,3468697,121622,556,4680,18586.0,False,Creator 985,US,creator985@mail.example,music
CR00985,youtube,@creator985_youtube,132677,14116,39643,3566,87,943,,False,Creator 985,US,creator985@mail.example,music
CR00986,instagram,@creator986_instagram,753237,39295,326636,20491,397,2,1293.0,False,Creator 986,JP,creator986@mail.example,gaming
CR00986,youtube,@creator986_youtube,2056,43,952,36,9,0,,False,Creator 986,JP,creator986@mail.example,gaming
CR00987,tiktok,@creator987_tiktok,28055,2647,80457,1577,27,0,36.0,False,Creator 987,GB,creator987@mail.example,travel
CR00987,instagram,@creator987_instagram,716919,118149,740446,58992,440,897,4268.0,False,Creator 987,GB,creator987@mail.example,travel
CR00987,youtube,@creator987_youtube,23526,1868,25063,962,1,207,,False,Creator 987,GB,creator987@mail.example,travel
CR00988,instagram,@creator988_instagram,34859,4112,6166,314,0,15,2.0,False,Creator 988,US,creator988@mail.example,beauty
CR00989,tiktok,@creator989_tiktok,31583,2430,67516,1433,2,327,74.0,False,Creator 989,IN,creator989@mail.example,comedy
CR00989,youtube,@creator989_youtube,23085,3143,9367,617,5,0,,False,Creator 989,IN,creator989@mail.example,comedy
CR00989,instagram,@creator989_instagram,26459,3320,33437,2555,336,0,100.0,False,Creator 989,IN,creator989@mail.example,comedy
CR00990,youtube,@creator990_youtube,8410,1328,9416,500,5,5,,False,Creator 990,BR,creator990@mail.example,fitness
CR00990,tiktok,@creator990_tiktok,201674,12474,1108001,39663,1799,3233,572.0,False,Creator 990,BR,creator990@mail.example,fitness
CR00990,instagram,@creator990_instagram,14921,1702,16121,333,18,8,9.0,False,Creator 990,BR,creator990@mail.example,fitness
CR00991,tiktok,@creator991_tiktok,1044,112,1714,76,3,16,0.0,False,Creator 991,GB,creator991@mail.example,beauty
CR00991,instagram,@creator991_instagram,38034,4475,10316,579,112,61,8.0,False,Creator 991,GB,creator991@mail.example,beauty
CR00991,youtube,@creator991_youtube,1009675,-26422,3345600,102272,5302,1572,,False,Creator 991,GB,creator991@mail.example,beauty
CR00992,tiktok,@creator992_tiktok,7876,882,30458,1393,12,142,16.0,False,Creator 992,KR,creator992@mail.example,travel
CR00992,instagram,@creator992_instagram,65776,7689,57441,1407,155,299,25.0,False,Creator 992,KR,creator992@mail.example,travel
CR00993,youtube,@creator993_youtube,20010,-198,11010,418,9,6,,False,Creator 993,DE,creator993@mail.example,music
CR00994,youtube,@creator994_youtube,373970,13088,221535,8941,802,1565,,False,Creator 994,DE,creator994@mail.example,food
CR00994,instagram,@creator994_instagram,14563,2216,17682,487,122,0,34.0,True,Creator 994,DE,creator994@mail.example,food
CR00995,tiktok,@creator995_tiktok,35990,5176,107008,1666,179,293,163.0,False,Creator 995,IN,creator995@mail.example,comedy
CR00995,instagram,@creator995_instagram,13897,2680,14022,1046,11,13,16.0,False,Creator 995,IN,creator995@mail.example,comedy
CR00995,youtube,@creator995_youtube,8168,1065,27425,1400,92,158,,False,Creator 995,IN,creator995@mail.example,comedy
CR00996,instagram,@creator996_instagram,43538,-1197,43761,1752,20,14,60.0,False,Creator 996,DE,creator996@mail.example,gaming
CR00996,tiktok,@creator996_tiktok,19883,2397,41361,2316,153,101,68.0,False,Creator 996,DE,creator996@mail.example,gaming
CR00997,youtube,@creator997_youtube,23653,74,18681,1209,229,0,,False,Creator 997,KR,creator997@mail.example,food
CR00997,tiktok,@creator997_tiktok,70153,5464,154517,8965,0,747,0.0,False,Creator 997,KR,creator997@mail.example,food
CR00998,tiktok,@creator998_tiktok,4977,371,4437,245,25,13,4.0,False,Creator 998,US,creator998@mail.example,fitness
CR00998,instagram,@creator998_instagram,9302,1206,17059,750,15,0,42.0,False,Creator 998,US,creator998@mail.example,fitness
CR00999,youtube,@creator999_youtube,87117,2711,19831,1211,6,26,,False,Creator 999,IN,creator999@mail.example,music
CR00999,tiktok,@creator999_tiktok,4019,764,33059,1837,110,0,0.0,False,Creator 999,IN,creator999@mail.example,music
CR00999,instagram,@creator999_instagram,2134,175,1578,93,7,5,5.0,False,Creator 999,IN,creator999@mail.example,music
CR01000,youtube,@creator1000_youtube,86634,10032,56639,1642,27,11,,False,Creator 1000,DE,creator1000@mail.example,music
CR01000,instagram,@creator1000_instagram,39012,2656,35080,2799,74,0,808.0,False,Creator 1000,DE,creator1000@mail.example,music
CR01000,tiktok,@creator1000_tiktok,74609,804,497677,8320,2815,302,1777.0,False,Creator 1000,DE,creator1000@mail.example,music
CR01001,instagram,@creator1001_instagram,79507,13447,22722,1443,41,52,58.0,False,Creator 1001,IN,creator1001@mail.example,education
CR01001,tiktok,@creator1001_tiktok,490571,19377,1628792,54328,7572,2880,1232.0,False,Creator 1001,IN,creator1001@mail.example,education
CR01001,youtube,@creator1001_youtube,9462,831,3676,92,4,16,,False,Creator 1001,IN,creator1001@mail.example,education
CR01002,youtube,@creator1002_youtube,66771,7540,19541,632,26,17,,False,Creator 1002,IN,creator1002@mail.example,gaming
CR01002,instagram,@creator1002_instagram,416711,11349,90464,2227,189,289,1369.0,True,Creator 1002,IN,creator1002@mail.example,gaming
CR01002,tiktok,@creator1002_tiktok,163346,18869,635909,19893,663,1,0.0,False,Creator 1002,IN,creator1002@mail.example,gaming
CR01003,tiktok,@creator1003_tiktok,66212,7569,234313,9718,15,1488,319.0,False,Creator 1003,US,creator1003@mail.example,gaming
CR01003,instagram,@creator1003_instagram,10562,1450,7970,126,0,0,5.0,False,Creator 1003,US,creator1003@mail.example,gaming
CR01003,youtube,@creator1003_youtube,10469,1534,7514,447,47,0,,False,Creator 1003,US,creator1003@mail.example,gaming
CR01004,youtube,@creator1004_youtube,21434,1216,56601,2016,199,5,,False,Creator 1004,KR,creator1004@mail.example,gaming
CR01004,tiktok,@creator1004_tiktok,5993,-302,21580,1494,298,147,43.0,False,Creator 1004,KR,creator1004@mail.example,gaming
CR01004,instagram,@creator1004_instagram,176071,2685,89429,4325,947,163,2102.0,False,Creator 1004,KR,creator1004@mail.example,gaming
CR01005,instagram,@creator1005_instagram,72601,6856,37467,1431,47,34,55.0,False,Creator 1005,GB,creator1005@mail.example,finance
CR01005,youtube,@creator1005_youtube,34305,4033,9517,601,10,23,,False,Creator 1005,GB,creator1005@mail.example,finance
CR01005,tiktok,@creator1005_tiktok,10800,80,16845,1401,37,0,38.0,False,Creator 1005,GB,creator1005@mail.example,finance
CR01006,tiktok,@creator1006_tiktok,386938,80579,2065643,49802,330,11,526.0,False,Creator 1006,US,creator1006@mail.example,tech
CR01006,instagram,@creator1006_instagram,131974,11845,86101,4187,178,379,137.0,False,Creator 1006,US,creator1006@mail.example,tech
CR01007,youtube,@creator1007_youtube,3615320,297684,36296322,1150033,32735,24157,,False,Creator 1007,BR,creator1007@mail.example,finance
CR01008,tiktok,@creator1008_tiktok,203551,13851,713877,39344,10731,493,1327.0,False,Creator 1008,GB,creator1008@mail.example,tech
CR01008,youtube,@creator1008_youtube,110688,23755,292935,4111,488,1504,,False,Creator 1008,GB,creator1008@mail.example,tech
CR01008,instagram,@creator1008_instagram,62862,2071,44411,2824,112,0,13.0,False,Creator 1008,GB,creator1008@mail.example,tech
CR01009,instagram,@creator1009_instagram,395646,44921,332021,9242,1567,2193,68.0,False,Creator 1009,JP,creator1009@mail.example,comedy
CR01009,youtube,@creator1009_youtube,1504424,144500,2094183,178065,5087,0,,False,Creator 1009,JP,creator1009@mail.example,comedy
CR01009,tiktok,@creator1009_tiktok,25620,-195,89357,6153,40,0,579.0,False,Creator 1009,JP,creator1009@mail.example,comedy
CR01010,youtube,@creator1010_youtube,93522,15737,141985,10183,7,592,,False,Creator 1010,JP,creator1010@mail.example,gaming
CR01011,youtube,@creator1011_youtube,26512,3353,87301,3147,18,144,,False,Creator 1011,FR,creator1011@mail.example,finance
CR01011,instagram,@creator1011_instagram,6151,848,3701,89,11,0,2.0,False,Creator 1011,FR,creator1011@mail.example,finance
CR01011,tiktok,@creator1011_tiktok,3056,522,6442,387,0,14,97.0,False,Creator 1011,FR,creator1011@mail.example,finance
CR01012,instagram,@creator1012_instagram,21928,1533,19825,651,0,101,16.0,False,Creator 1012,IN,creator1012@mail.example,beauty
CR01013,instagram,@creator1013_instagram,22286,1373,13704,915,56,0,70.0,False,Creator 1013,FR,creator1013@mail.example,tech
CR01013,youtube,@creator1013_youtube,172371,14569,184781,10546,31,1935,,False,Creator 1013,FR,creator1013@mail.example,tech
CR01013,tiktok,@creator1013_tiktok,18647,3227,29308,1052,76,58,7.0,False,Creator 1013,FR,creator1013@mail.example,tech
CR01014,instagram,@creator1014_instagram,78031,8557,25130,641,2,124,11.0,False,Creator 1014,JP,creator1014@mail.example,beauty
CR01015,tiktok,@creator1015_tiktok,12398,1524,79604,4730,1170,210,375.0,False,Creator 1015,CA,creator1015@mail.example,comedy
CR01015,instagram,@creator1015_instagram,1195620,46214,965468,42575,3396,2429,1942.0,True,Creator 1015,CA,creator1015@mail.example,comedy
CR01015,youtube,@creator1015_youtube,89789,5116,66907,4717,178,0,,False,Creator 1015,CA,creator1015@mail.example,comedy
CR01016,tiktok,@creator1016_tiktok,155783,18102,799565,39705,8211,2483,1590.0,False,Creator 1016,JP,creator1016@mail.example,gaming
CR01016,instagram,@creator1016_instagram,973,177,696,43,0,0,4.0,False,Creator 1016,JP,creator1016@mail.example,gaming
CR01016,youtube,@creator1016_youtube,118778,1311,44185,1879,56,0,,False,Creator 1016,JP,creator1016@mail.example,gaming
CR01017,tiktok,@creator1017_tiktok,400680,67534,2650054,160345,842,4494,4539.0,False,Creator 1017,CA,creator1017@mail.example,music
CR01017,instagram,@creator1017_instagram,30490,3300,15865,1188,38,5,43.0,False,Creator 1017,CA,creator1017@mail.example,music
CR01017,youtube,@creator1017_youtube,213992,187243,117872,12081,129,6,,False,Creator 1017,CA,creator1017@mail.example,music
CR01018,youtube,@creator1018_youtube,3302,352,3214,118,7,10,,False,Creator 1018,US,creator1018@mail.example,food
CR01018,instagram,@creator1018_instagram,93412,11867,92917,1651,207,0,1.0,False,Creator 1018,US,creator1018@mail.example,food
CR01018,tiktok,@creator1018_tiktok,167325,8591,926424,42302,20257,453,0.0,False,Creator 1018,US,creator1018@mail.example,food
CR01019,youtube,@creator1019_youtube,947587,-62059,371434,15344,115,314,,False,Creator 1019,IN,creator1019@mail.example,gaming
CR01019,instagram,@creator1019_instagram,7918,-216,6488,195,2,17,0.0,False,Creator 1019,IN,creator1019@mail.example,gaming
CR01020,instagram,@creator1020_instagram,75827,8167,17798,526,26,9,0.0,False,Creator 1020,CA,creator1020@mail.example,tech
CR01020,youtube,@creator1020_youtube,29306,4268,25978,567,14,72,,False,Creator 1020,CA,creator1020@mail.example,tech
CR01020,tiktok,@creator1020_tiktok,16461,648,116605,4462,146,43,224.0,False,Creator 1020,CA,creator1020@mail.example,tech
CR01021,tiktok,@creator1021_tiktok,70012,3266,128411,8325,791,1265,10.0,False,Creator 1021,KR,creator1021@mail.example,beauty
CR01022,tiktok,@creator1022_tiktok,197174,-337,196876,17010,2469,4,0.0,False,Creator 1022,BR,creator1022@mail.example,tech
CR01022,youtube,@creator1022_youtube,131614,17685,186961,10679,286,45,,False,Creator 1022,BR,creator1022@mail.example,tech
CR01022,instagram,@creator1022_instagram,15915,1692,11926,513,37,0,7.0,False,Creator 1022,BR,creator1022@mail.example,tech
CR01023,youtube,@creator1023_youtube,195636,-9632,134943,7208,506,296,,False,Creator 1023,DE,creator1023@mail.example,travel
CR01023,tiktok,@creator1023_tiktok,53959,8435,119978,3920,3,96,1007.0,False,Creator 1023,DE,creator1023@mail.example,travel
CR01023,instagram,@creator1023_instagram,31520,4275,18429,1330,40,54,6.0,False,Creator 1023,DE,creator1023@mail.example,travel
CR01024,tiktok,@creator1024_tiktok,25305,2117,157205,9811,0,2941,671.0,False,Creator 1024,DE,creator1024@mail.example,fitness
CR01025,instagram,@creator1025_instagram,397320,75638,256063,14413,864,231,201.0,False,Creator 1025,JP,creator1025@mail.example,beauty
CR01025,youtube,@creator1025_youtube,92519,2134,680420,14782,722,1,,False,Creator 1025,JP,creator1025@mail.example,beauty
CR01025,tiktok,@creator1025_tiktok,201980,25747,1026198,35647,450,0,105.0,False,Creator 1025,JP,creator1025@mail.example,beauty
CR01026,youtube,@creator1026_youtube,12037,1876,11370,283,3,19,,False,Creator 1026,DE,creator1026@mail.example,gaming
CR01027,instagram,@creator1027_instagram,362751,50237,73007,4838,0,252,54.0,False,Creator 1027,KR,creator1027@mail.example,finance
CR01027,youtube,@creator1027_youtube,32503,2651,28237,2244,22,232,,False,Creator 1027,KR,creator1027@mail.example,finance
CR01028,tiktok,@creator1028_tiktok,125925,10966,362475,16599,4649,4948,319.0,False,Creator 1028,GB,creator1028@mail.example,comedy
CR01029,instagram,@creator1029_instagram,8955,880,8804,171,68,5,2.0,False,Creator 1029,MX,creator1029@mail.example,tech
CR01029,youtube,@creator1029_youtube,164188,-12593,71189,4993,518,54,,False,Creator 1029,MX,creator1029@mail.example,tech
CR01029,tiktok,@creator1029_tiktok,20717,799,39165,2080,56,18,187.0,False,Creator 1029,MX,creator1029@mail.example,tech
CR01030,tiktok,@creator1030_tiktok,45383,5016,338966,8206,550,1738,8.0,False,Creator 1030,BR,creator1030@mail.example,beauty
CR01030,youtube,@creator1030_youtube,19537,2693,5226,455,8,0,,False,Creator 1030,BR,creator1030@mail.example,beauty
CR01031,youtube,@creator1031_youtube,39165,2003,86780,2886,2,0,,False,Creator 1031,FR,creator1031@mail.example,education
CR01031,tiktok,@creator1031_tiktok,1051896,78861,11171947,437325,68428,73106,24789.0,False,Creator 1031,FR,creator1031@mail.example,education
CR01031,instagram,@creator1031_instagram,220976,15701,73466,3933,103,178,59.0,False,Creator 1031,FR,creator1031@mail.example,education
CR01032,tiktok,@creator1032_tiktok,2593,231,4251,330,0,31,5.0,False,Creator 1032,CA,creator1032@mail.example,finance
CR01033,youtube,@creator1033_youtube,14313,330,34873,2229,86,0,,False,Creator 1033,BR,creator1033@mail.example,comedy
CR01033,instagram,@creator1033_instagram,41951,5054,24078,739,133,44,49.0,False,Creator 1033,BR,creator1033@mail.example,comedy
CR01034,tiktok,@creator1034_tiktok,1017959,155129,3558664,125438,16392,33,350.0,False,Creator 1034,FR,creator1034@mail.example,fitness
CR01034,instagram,@creator1034_instagram,698,60,56,0,0,0,0.0,False,Creator 1034,FR,creator1034@mail.example,fitness
CR01035,tiktok,@creator1035_tiktok,35538,-609,67826,4990,136,32,12.0,False,Creator 1035,GB,creator1035@mail.example,education
CR01035,youtube,@creator1035_youtube,11507,1293,21284,661,6,75,,False,Creator 1035,GB,creator1035@mail.example,education
CR01035,instagram,@creator1035_instagram,96796,3139,54481,1781,108,328,48.0,False,Creator 1035,GB,creator1035@mail.example,education
CR01036,instagram,@creator1036_instagram,51887,3757,39417,872,161,170,0.0,False,Creator 1036,US,creator1036@mail.example,beauty
CR01037,tiktok,@creator1037_tiktok,54151,2420,211114,5822,580,984,236.0,False,Creator 1037,JP,creator1037@mail.example,comedy
CR01037,youtube,@creator1037_youtube,158993,19263,265423,14399,476,825,,False,Creator 1037,JP,creator1037@mail.example,comedy
CR01037,instagram,@creator1037_instagram,132119,1501,55072,2547,1,70,249.0,False,Creator 1037,JP,creator1037@mail.example,comedy
CR01038,youtube,@creator1038_youtube,220483,-6011,296049,22631,1399,1634,,False,Creator 1038,MX,creator1038@mail.example,fitness
CR01039,youtube,@creator1039_youtube,3477,497,23773,1635,71,38,,False,Creator 1039,MX,creator1039@mail.example,tech
CR01039,instagram,@creator1039_instagram,21969,2062,11021,269,73,49,2.0,False,Creator 1039,MX,creator1039@mail.example,tech
CR01039,tiktok,@creator1039_tiktok,3178,402,7106,259,10,0,13.0,False,Creator 1039,MX,creator1039@mail.example,tech
CR01040,tiktok,@creator1040_tiktok,18642,1790,28571,1689,28,0,0.0,False,Creator 1040,DE,creator1040@mail.example,music
CR01041,tiktok,@creator1041_tiktok,84430,11565,306044,11684,1895,46,485.0,False,Creator 1041,CA,creator1041@mail.example,finance
CR01041,youtube,@creator1041_youtube,50241,4172,111557,7564,2590,540,,False,Creator 1041,CA,creator1041@mail.example,finance
CR01041,instagram,@creator1041_instagram,35315,2702,17504,612,103,8,70.0,False,Creator 1041,CA,creator1041@mail.example,finance
CR01042,instagram,@creator1042_instagram,3324,-57,4325,362,2,44,5.0,False,Creator 1042,FR,creator1042@mail.example,tech
CR01042,tiktok,@creator1042_tiktok,401969,13705,1451275,66418,4422,8142,10184.0,False,Creator 1042,FR,creator1042@mail.example,tech
CR01042,youtube,@creator1042_youtube,81980,2447,96062,5246,854,26,,False,Creator 1042,FR,creator1042@mail.example,tech
CR01043,tiktok,@creator1043_tiktok,107610,-2296,380333,20615,5480,3092,143.0,False,Creator 1043,GB,creator1043@mail.example,tech
CR01043,youtube,@creator1043_youtube,67290,9967,109226,8333,57,82,,False,Creator 1043,GB,creator1043@mail.example,tech
CR01043,instagram,@creator1043_instagram,1448831,167388,505409,30304,529,87,6796.0,False,Creator 1043,GB,creator1043@mail.example,tech
CR01044,youtube,@creator1044_youtube,28030,3789,20939,1234,188,263,,False,Creator 1044,GB,creator1044@mail.example,food
CR01044,tiktok,@creator1044_tiktok,97560,-5158,126866,9702,1041,0,113.0,False,Creator 1044,GB,creator1044@mail.example,food
CR01045,youtube,@creator1045_youtube,33537,2672,74381,2037,304,0,,False,Creator 1045,IN,creator1045@mail.example,beauty
CR01045,instagram,@creator1045_instagram,12370,-21,5535,332,28,10,17.0,False,Creator 1045,IN,creator1045@mail.example,beauty
CR01045,tiktok,@creator1045_tiktok,22375,1647,21824,438,15,47,0.0,False,Creator 1045,IN,creator1045@mail.example,beauty
CR01046,instagram,@creator1046_instagram,15485,2757,3783,110,6,55,32.0,False,Creator 1046,KR,creator1046@mail.example,comedy
CR01046,tiktok,@creator1046_tiktok,27584,1395,143209,8268,893,156,1218.0,False,Creator 1046,KR,creator1046@mail.example,comedy
CR01046,youtube,@creator1046_youtube,209782,15430,266217,17970,1838,10,,False,Creator 1046,KR,creator1046@mail.example,comedy
CR01047,tiktok,@creator1047_tiktok,337,53,4325,303,0,14,11.0,False,Creator 1047,GB,creator1047@mail.example,tech
CR01047,youtube,@creator1047_youtube,1091735,101307,1757123,60717,14678,396,,False,Creator 1047,GB,creator1047@mail.example,tech
CR01047,instagram,@creator1047_instagram,24655,2026,2942,140,14,6,0.0,False,Creator 1047,GB,creator1047@mail.example,tech
CR01048,tiktok,@creator1048_tiktok,41108,5582,580650,36372,337,3210,6278.0,False,Creator 1048,BR,creator1048@mail.example,education
CR01049,youtube,@creator1049_youtube,7540,-206,7793,674,54,32,,False,Creator 1049,GB,creator1049@mail.example,finance
CR01049,instagram,@creator1049_instagram,146602,14131,21626,715,16,28,16.0,False,Creator 1049,GB,creator1049@mail.example,finance
CR01049,tiktok,@creator1049_tiktok,75416,2043,329567,10908,0,140,1185.0,False,Creator 1049,GB,creator1049@mail.example,finance
CR01050,tiktok,@creator1050_tiktok,545472,2586,410272,11456,660,74,1244.0,False,Creator 1050,FR,creator1050@mail.example,finance
CR01050,youtube,@creator1050_youtube,244713,4628,249266,14294,315,21,,False,Creator 1050,FR,creator1050@mail.example,finance
CR01050,instagram,@creator1050_instagram,21182,-1032,7016,336,25,31,51.0,False,Creator 1050,FR,creator1050@mail.example,finance
CR01051,youtube,@creator1051_youtube,1033286,125603,594708,61756,873,2488,,False,Creator 1051,JP,creator1051@mail.example,food
CR01051,tiktok,@creator1051_tiktok,14599,1253,63296,2077,119,97,75.0,False,Creator 1051,JP,creator1051@mail.example,food
CR01051,instagram,@creator1051_instagram,40667,4683,45213,1102,209,102,257.0,False,Creator 1051,JP,creator1051@mail.example,food
CR01052,instagram,@creator1052_instagram,33269,2336,32544,1756,196,325,164.0,False,Creator 1052,JP,creator1052@mail.example,music
CR01053,youtube,@creator1053_youtube,8424,1339,3516,116,9,2,,False,Creator 1053,CA,creator1053@mail.example,food
CR01054,tiktok,@creator1054_tiktok,12097,1321,112771,3409,2694,258,571.0,False,Creator 1054,BR,creator1054@mail.example,comedy
CR01054,youtube,@creator1054_youtube,94726,15541,45244,1047,303,0,,False,Creator 1054,BR,creator1054@mail.example,comedy
CR01055,youtube,@creator1055_youtube,15565,414,12912,639,48,54,,False,Creator 1055,CA,creator1055@mail.example,travel
CR01055,instagram,@creator1055_instagram,24623,4318,1768,113,0,11,6.0,False,Creator 1055,CA,creator1055@mail.example,travel
CR01055,tiktok,@creator1055_tiktok,77683,5,175728,3035,292,7,200.0,False,Creator 1055,CA,creator1055@mail.example,travel
CR01056,youtube,@creator1056_youtube,39748,3517,133852,9984,244,576,,False,Creator 1056,FR,creator1056@mail.example,education
CR01056,tiktok,@creator1056_tiktok,897675,23098,7468020,384831,21907,31,4255.0,False,Creator 1056,FR,creator1056@mail.example,education
CR01056,instagram,@creator1056_instagram,849279,-86245,516720,32249,1366,1887,476.0,False,Creator 1056,FR,creator1056@mail.example,education
CR01057,tiktok,@creator1057_tiktok,121136,7394,441038,14117,1386,1508,285.0,False,Creator 1057,JP,creator1057@mail.example,comedy
CR01057,youtube,@creator1057_youtube,75001,-2621,92572,2828,103,64,,False,Creator 1057,JP,creator1057@mail.example,comedy
CR01058,tiktok,@creator1058_tiktok,28774,4466,508171,32535,7277,637,3621.0,False,Creator 1058,KR,creator1058@mail.example,tech
CR01059,instagram,@creator1059_instagram,160209,3500,72772,3947,16,28,0.0,True,Creator 1059,BR,creator1059@mail.example,finance
CR01059,youtube,@creator1059_youtube,43015,7912,38421,1929,30,7,,False,Creator 1059,BR,creator1059@mail.example,finance
CR01059,tiktok,@creator1059_tiktok,4907,216,29139,755,178,25,116.0,False,Creator 1059,BR,creator1059@mail.example,finance
CR01060,instagram,@creator1060_instagram,21882,2974,11685,253,22,15,88.0,False,Creator 1060,MX,creator1060@mail.example,education
CR01060,youtube,@creator1060_youtube,12458,-116,42911,1699,346,325,,False,Creator 1060,MX,creator1060@mail.example,education
CR01061,tiktok,@creator1061_tiktok,8397,1103,27054,1260,86,20,0.0,False,Creator 1061,GB,creator1061@mail.example,education
CR01061,youtube,@creator1061_youtube,16079,2696,21529,822,8,0,,False,Creator 1061,GB,creator1061@mail.example,education
CR01061,instagram,@creator1061_instagram,24614,930,29594,1581,309,58,176.0,True,Creator 1061,GB,creator1061@mail.example,education
CR01062,youtube,@creator1062_youtube,57673,2670,142601,8051,1296,0,,False,Creator 1062,IN,creator1062@mail.example,tech
CR01063,instagram,@creator1063_instagram,48634,4917,28744,517,95,19,3.0,False,Creator 1063,IN,creator1063@mail.example,gaming
CR01063,tiktok,@creator1063_tiktok,295008,10701,541424,40481,679,152,230.0,False,Creator 1063,IN,creator1063@mail.example,gaming
CR01064,youtube,@creator1064_youtube,30053,4465,6993,510,7,1,,False,Creator 1064,IN,creator1064@mail.example,food
CR01064,tiktok,@creator1064_tiktok,2297,421,28270,1085,297,6,20.0,False,Creator 1064,IN,creator1064@mail.example,food
CR01064,instagram,@creator1064_instagram,4621,251,5867,196,6,25,0.0,True,Creator 1064,IN,creator1064@mail.example,food
CR01065,youtube,@creator1065_youtube,389100,22940,480652,25866,298,1081,,False,Creator 1065,KR,creator1065@mail.example,travel
CR01065,tiktok,@creator1065_tiktok,6423,730,23562,1445,3,4,197.0,False,Creator 1065,KR,creator1065@mail.example,travel
CR01065,instagram,@creator1065_instagram,202081,40475,132871,5844,1407,311,0.0,False,Creator 1065,KR,creator1065@mail.example,travel
CR01066,tiktok,@creator1066_tiktok,8598,1256,56968,1914,530,125,204.0,False,Creator 1066,IN,creator1066@mail.example,food
CR01067,youtube,@creator1067_youtube,776382,116729,642874,43858,163,0,,False,Creator 1067,DE,creator1067@mail.example,food
CR01068,youtube,@creator1068_youtube,130533,14898,57338,4275,468,46,,False,Creator 1068,IN,creator1068@mail.example,comedy
CR01068,tiktok,@creator1068_tiktok,1025926,39629,5385951,206440,252,23599,13321.0,False,Creator 1068,IN,creator1068@mail.example,comedy
CR01069,instagram,@creator1069_instagram,148063,18607,165066,7317,150,1487,77.0,False,Creator 1069,IN,creator1069@mail.example,comedy
CR01069,tiktok,@creator1069_tiktok,6164,1020,4724,278,25,25,44.0,False,Creator 1069,IN,creator1069@mail.example,comedy
CR01070,tiktok,@creator1070_tiktok,5250,503,9891,320,48,35,23.0,False,Creator 1070,BR,creator1070@mail.example,music
CR01071,tiktok,@creator1071_tiktok,74659,9173,396712,21356,4191,342,79.0,False,Creator 1071,JP,creator1071@mail.example,finance
CR01071,instagram,@creator1071_instagram,59439,802,10489,502,108,70,0.0,False,Creator 1071,JP,creator1071@mail.example,finance
CR01071,youtube,@creator1071_youtube,810844,34139,676087,20809,441,9,,False,Creator 1071,JP,creator1071@mail.example,finance
CR01072,tiktok,@creator1072_tiktok,97810,2064,207652,11016,1298,154,9.0,False,Creator 1072,BR,creator1072@mail.example,music
CR01073,youtube,@creator1073_youtube,9636,1156,20306,1989,0,0,,False,Creator 1073,CA,creator1073@mail.example,gaming
CR01073,tiktok,@creator1073_tiktok,73943,13344,289565,17935,46,5,1184.0,False,Creator 1073,CA,creator1073@mail.example,gaming
CR01073,instagram,@creator1073_instagram,3740,592,9293,620,23,80,4.0,False,Creator 1073,CA,creator1073@mail.example,gaming
CR01074,tiktok,@creator1074_tiktok,195635,8169,2260713,49207,3364,1857,1172.0,False,Creator 1074,BR,creator1074@mail.example,travel
CR01075,youtube,@creator1075_youtube,16069,2216,13686,491,157,4,,False,Creator 1075,BR,creator1075@mail.example,fitness
CR01075,tiktok,@creator1075_tiktok,25587,-363,11536,235,25,15,13.0,False,Creator 1075,BR,creator1075@mail.example,fitness
CR01076,tiktok,@creator1076_tiktok,9510,1901,22666,538,44,6,14.0,False,Creator 1076,CA,creator1076@mail.example,food
CR01077,tiktok,@creator1077_tiktok,5334,787,25211,1904,32,24,64.0,False,Creator 1077,IN,creator1077@mail.example,travel
CR01077,youtube,@creator1077_youtube,322047,-3498,237073,14958,1606,139,,False,Creator 1077,IN,creator1077@mail.example,travel
CR01077,instagram,@creator1077_instagram,10828,1334,15347,504,71,6,13.0,False,Creator 1077,IN,creator1077@mail.example,travel
CR01078,instagram,@creator1078_instagram,273298,33515,170013,6375,319,184,607.0,False,Creator 1078,KR,creator1078@mail.example,comedy
CR01078,tiktok,@creator1078_tiktok,4229,314,11182,709,63,21,35.0,False,Creator 1078,KR,creator1078@mail.example,comedy
CR01078,youtube,@creator1078_youtube,39337,2009,45448,1163,26,183,,False,Creator 1078,KR,creator1078@mail.example,comedy
CR01079,tiktok,@creator1079_tiktok,39998,3632,218504,13008,1905,475,22.0,False,Creator 1079,BR,creator1079@mail.example,travel
CR01079,youtube,@creator1079_youtube,39609,1150,69693,3378,658,720,,False,Creator 1079,BR,creator1079@mail.example,travel
CR01080,tiktok,@creator1080_tiktok,397918,-9237,1937106,71557,20717,48,20323.0,False,Creator 1080,DE,creator1080@mail.example,education
CR01080,instagram,@creator1080_instagram,59281,2274,85898,3937,174,1,925.0,False,Creator 1080,DE,creator1080@mail.example,education
CR01080,youtube,@creator1080_youtube,49526,2604,50247,1767,332,95,,False,Creator 1080,DE,creator1080@mail.example,education
CR01081,youtube,@creator1081_youtube,9871,1177,8766,341,5,24,,False,Creator 1081,GB,creator1081@mail.example,tech
CR01081,tiktok,@creator1081_tiktok,12243,957,48657,2859,120,113,2.0,False,Creator 1081,GB,creator1081@mail.example,tech
CR01081,instagram,@creator1081_instagram,108314,16009,156637,9461,48,79,398.0,False,Creator 1081,GB,creator1081@mail.example,tech
CR01082,youtube,@creator1082_youtube,1521304,151554,2021266,33658,2704,419,,False,Creator 1082,FR,creator1082@mail.example,tech
CR01082,instagram,@creator1082_instagram,9914,-347,4164,104,2,1,0.0,False,Creator 1082,FR,creator1082@mail.example,tech
CR01083,instagram,@creator1083_instagram,44996,2750,16285,1205,95,22,97.0,False,Creator 1083,IN,creator1083@mail.example,food
CR01084,youtube,@creator1084_youtube,203625,12830,292892,17755,1664,912,,False,Creator 1084,BR,creator1084@mail.example,tech
CR01084,tiktok,@creator1084_tiktok,13495,1880,36770,2181,0,6,40.0,False,Creator 1084,BR,creator1084@mail.example,tech
CR01084,instagram,@creator1084_instagram,99959,12412,32332,1282,0,1,0.0,False,Creator 1084,BR,creator1084@mail.example,tech
CR01085,youtube,@creator1085_youtube,90390,564,123739,3012,121,0,,False,Creator 1085,MX,creator1085@mail.example,gaming
CR01085,tiktok,@creator1085_tiktok,104878,10764,776746,39980,894,89,206.0,False,Creator 1085,MX,creator1085@mail.example,gaming
CR01085,instagram,@creator1085_instagram,13274,133,13265,666,13,17,0.0,False,Creator 1085,MX,creator1085@mail.example,gaming
CR01086,instagram,@creator1086_instagram,2894,324,731,17,0,0,0.0,False,Creator 1086,MX,creator1086@mail.example,gaming
CR01086,youtube,@creator1086_youtube,221084,-3803,246935,8643,642,397,,False,Creator 1086,MX,creator1086@mail.example,gaming
CR01087,instagram,@creator1087_instagram,72064,12168,76574,6077,80,189,111.0,False,Creator 1087,BR,creator1087@mail.example,fitness
CR01087,youtube,@creator1087_youtube,126602,15147,193426,16574,1846,22,,False,Creator 1087,BR,creator1087@mail.example,fitness
CR01088,instagram,@creator1088_instagram,28966,2675,11893,706,76,2,66.0,False,Creator 1088,GB,creator1088@mail.example,comedy
CR01088,youtube,@creator1088_youtube,6492,738,2727,174,0,0,,False,Creator 1088,GB,creator1088@mail.example,comedy
CR01088,tiktok,@creator1088_tiktok,47716,1710,265243,21262,286,543,135.0,False,Creator 1088,GB,creator1088@mail.example,comedy
CR01089,tiktok,@creator1089_tiktok,645747,69047,1474241,64880,15591,0,131.0,False,Creator 1089,JP,creator1089@mail.example,beauty
CR01089,instagram,@creator1089_instagram,155266,13397,27614,1313,0,85,389.0,False,Creator 1089,JP,creator1089@mail.example,beauty
CR01090,youtube,@creator1090_youtube,97076,-6300,193089,3909,149,427,,False,Creator 1090,US,creator1090@mail.example,finance
CR01090,tiktok,@creator1090_tiktok,37765,5533,79858,8038,278,151,37.0,False,Creator 1090,US,creator1090@mail.example,finance
CR01091,tiktok,@creator1091_tiktok,46317,3051,100172,3565,35,2,0.0,False,Creator 1091,GB,creator1091@mail.example,travel
CR01091,youtube,@creator1091_youtube,36926,3183,212430,16207,168,1259,,False,Creator 1091,GB,creator1091@mail.example,travel
CR01092,youtube,@creator1092_youtube,229507,39837,118169,3118,460,15,,False,Creator 1092,US,creator1092@mail.example,education
CR01092,tiktok,@creator1092_tiktok,164178,-7024,374867,28253,438,53,23.0,False,Creator 1092,US,creator1092@mail.example,education
CR01092,instagram,@creator1092_instagram,56131,2670,17398,643,0,41,0.0,False,Creator 1092,US,creator1092@mail.example,education
CR01093,youtube,@creator1093_youtube,57722,5468,54214,2948,55,928,,False,Creator 1093,JP,creator1093@mail.example,gaming
CR01093,instagram,@creator1093_instagram,17293,624,8330,313,116,47,59.0,False,Creator 1093,JP,creator1093@mail.example,gaming
CR01093,tiktok,@creator1093_tiktok,8714,664,18971,999,3,131,42.0,False,Creator 1093,JP,creator1093@mail.example,gaming
CR01094,instagram,@creator1094_instagram,24739,-2857,5855,333,3,73,0.0,False,Creator 1094,BR,creator1094@mail.example,comedy
CR01094,tiktok,@creator1094_tiktok,30258,-2135,108790,8169,313,494,130.0,False,Creator 1094,BR,creator1094@mail.example,comedy
CR01095,youtube,@creator1095_youtube,29744,5094,65044,1576,5,31,,False,Creator 1095,JP,creator1095@mail.example,music
CR01095,tiktok,@creator1095_tiktok,95862,5940,169016,7131,856,67,1619.0,False,Creator 1095,JP,creator1095@mail.example,music
CR01096,youtube,@creator1096_youtube,111167,15112,128244,10451,199,124,,False,Creator 1096,DE,creator1096@mail.example,education
CR01096,tiktok,@creator1096_tiktok,275342,9721,1700868,82796,791,0,69.0,False,Creator 1096,DE,creator1096@mail.example,education
CR01097,tiktok,@creator1097_tiktok,9712,687,14433,279,136,0,61.0,False,Creator 1097,US,creator1097@mail.example,travel
CR01098,tiktok,@creator1098_tiktok,164574,12474,270239,5805,0,25,1688.0,False,Creator 1098,IN,creator1098@mail.example,beauty
CR01099,youtube,@creator1099_youtube,16611,1421,10111,370,87,22,,False,Creator 1099,BR,creator1099@mail.example,comedy
CR01099,instagram,@creator1099_instagram,33478,-536,25055,1821,0,56,175.0,False,Creator 1099,BR,creator1099@mail.example,comedy
CR01100,tiktok,@creator1100_tiktok,37467,5807,179370,9588,10,56,69.0,False,Creator 1100,GB,creator1100@mail.example,food
CR01101,tiktok,@creator1101_tiktok,119086,17558,253281,3889,0,119,3333.0,False,Creator 1101,US,creator1101@mail.example,fitness
CR01101,instagram,@creator1101_instagram,3661164,432750,3303499,125159,1477,2301,6336.0,False,Creator 1101,US,creator1101@mail.example,fitness
CR01102,tiktok,@creator1102_tiktok,68449,8092,310210,19277,4081,2082,446.0,False,Creator 1102,BR,creator1102@mail.example,music
CR01102,instagram,@creator1102_instagram,9863,692,28685,764,92,0,293.0,False,Creator 1102,BR,creator1102@mail.example,music
CR01102,youtube,@creator1102_youtube,13863,594,10697,544,212,2,,False,Creator 1102,BR,creator1102@mail.example,music
CR01103,instagram,@creator1103_instagram,609918,-31023,363093,20679,745,152,2808.0,False,Creator 1103,KR,creator1103@mail.example,travel
CR01103,tiktok,@creator1103_tiktok,22908,2182,126886,2928,115,0,36.0,False,Creator 1103,KR,creator1103@mail.example,travel
CR01103,youtube,@creator1103_youtube,51147,2774,188599,3988,1962,40,,False,Creator 1103,KR,creator1103@mail.example,travel
CR01104,instagram,@creator1104_instagram,35872,1714,57923,2813,73,90,501.0,False,Creator 1104,KR,creator1104@mail.example,travel
CR01104,youtube,@creator1104_youtube,22318,2185,62476,5621,4,327,,False,Creator 1104,KR,creator1104@mail.example,travel
CR01105,instagram,@creator1105_instagram,9493,1403,1035,46,0,0,0.0,False,Creator 1105,BR,creator1105@mail.example,fitness
CR01105,tiktok,@creator1105_tiktok,177111,12150,206777,9213,478,177,1097.0,False,Creator 1105,BR,creator1105@mail.example,fitness
CR01105,youtube,@creator1105_youtube,69482,10166,157536,6878,331,1642,,False,Creator 1105,BR,creator1105@mail.example,fitness
CR01106,instagram,@creator1106_instagram,40952,1416,110548,4428,1434,77,426.0,False,Creator 1106,GB,creator1106@mail.example,food
CR01106,youtube,@creator1106_youtube,29360,1266,14516,635,11,8,,False,Creator 1106,GB,creator1106@mail.example,food
CR01107,youtube,@creator1107_youtube,139958,23043,182944,13010,626,1111,,False,Creator 1107,DE,creator1107@mail.example,finance
CR01107,tiktok,@creator1107_tiktok,14273,2043,36897,545,1,115,35.0,False,Creator 1107,DE,creator1107@mail.example,finance
CR01108,youtube,@creator1108_youtube,58303,2135,30070,1289,81,0,,False,Creator 1108,MX,creator1108@mail.example,finance
CR01109,instagram,@creator1109_instagram,108098,1120,74580,2038,1,46,8.0,False,Creator 1109,CA,creator1109@mail.example,tech
CR01109,tiktok,@creator1109_tiktok,374340,-42431,600137,32408,5075,2927,1832.0,False,Creator 1109,CA,creator1109@mail.example,tech
CR01110,youtube,@creator1110_youtube,72910,7357,192838,5114,82,39,,False,Creator 1110,JP,creator1110@mail.example,comedy
CR01110,instagram,@creator1110_instagram,24284,3025,10031,397,15,0,12.0,False,Creator 1110,JP,creator1110@mail.example,comedy
CR01111,youtube,@creator1111_youtube,118585,10389,151770,5367,110,326,,False,Creator 1111,KR,creator1111@mail.example,beauty
CR01111,instagram,@creator1111_instagram,240325,24851,307793,18073,597,1369,3.0,False,Creator 1111,KR,creator1111@mail.example,beauty
CR01111,tiktok,@creator1111_tiktok,171647,15075,227530,17525,2420,12,241.0,False,Creator 1111,KR,creator1111@mail.example,beauty
CR01112,tiktok,@creator1112_tiktok,23837,334,72592,3183,249,84,213.0,False,Creator 1112,IN,creator1112@mail.example,education
CR01112,youtube,@creator1112_youtube,83543,3641,50518,4224,84,39,,False,Creator 1112,IN,creator1112@mail.example,education
CR01113,tiktok,@creator1113_tiktok,202007,45080,287708,21606,2415,63,1700.0,False,Creator 1113,US,creator1113@mail.example,tech
CR01114,tiktok,@creator1114_tiktok,72773,5743,116501,3530,174,1,1235.0,False,Creator 1114,GB,creator1114@mail.example,fitness
CR01114,instagram,@creator1114_instagram,268765,41837,49558,2545,638,192,54.0,False,Creator 1114,GB,creator1114@mail.example,fitness
CR01115,tiktok,@creator1115_tiktok,7409,-10,16828,800,92,37,84.0,False,Creator 1115,KR,creator1115@mail.example,music
CR01115,youtube,@creator1115_youtube,158299,7646,124419,10390,90,652,,False,Creator 1115,KR,creator1115@mail.example,music
CR01116,youtube,@creator1116_youtube,88422,-9389,126688,3345,368,333,,False,Creator 1116,KR,creator1116@mail.example,beauty
CR01116,instagram,@creator1116_instagram,44603,6046,17271,353,30,82,6.0,False,Creator 1116,KR,creator1116@mail.example,beauty
CR01117,youtube,@creator1117_youtube,108427,7511,75713,2409,60,460,,False,Creator 1117,DE,creator1117@mail.example,gaming
CR01117,instagram,@creator1117_instagram,12608,1134,10053,935,10,58,4.0,False,Creator 1117,DE,creator1117@mail.example,gaming
CR01118,instagram,@creator1118_instagram,15500,1058,14885,226,15,0,54.0,True,Creator 1118,BR,creator1118@mail.example,music
CR01119,youtube,@creator1119_youtube,10174,393,11475,657,16,83,,False,Creator 1119,US,creator1119@mail.example,comedy
CR01119,tiktok,@creator1119_tiktok,265409,46802,275244,4428,396,424,23.0,False,Creator 1119,US,creator1119@mail.example,comedy
CR01119,instagram,@creator1119_instagram,343020,35276,143349,4356,256,388,15.0,False,Creator 1119,US,creator1119@mail.example,comedy
CR01120,youtube,@creator1120_youtube,447309,63675,467678,14091,27,5,,False,Creator 1120,DE,creator1120@mail.example,finance
CR01120,instagram,@creator1120_instagram,313827,27799,321866,16167,1871,406,976.0,False,Creator 1120,DE,creator1120@mail.example,finance
CR01121,tiktok,@creator1121_tiktok,46582,4276,247078,17509,3098,0,1132.0,False,Creator 1121,DE,creator1121@mail.example,beauty
CR01121,youtube,@creator1121_youtube,15876,2120,35225,1929,18,111,,False,Creator 1121,DE,creator1121@mail.example,beauty
CR01121,instagram,@creator1121_instagram,125431,6824,133699,8476,79,675,931.0,False,Creator 1121,DE,creator1121@mail.example,beauty
CR01122,youtube,@creator1122_youtube,85965,6322,33356,1382,79,22,,False,Creator 1122,CA,creator1122@mail.example,education
CR01122,instagram,@creator1122_instagram,103011,3728,96378,2551,0,328,16.0,False,Creator 1122,CA,creator1122@mail.example,education
CR01123,instagram,@creator1123_instagram,1406445,158150,877870,57988,4341,435,1024.0,False,Creator 1123,US,creator1123@mail.example,music
CR01124,tiktok,@creator1124_tiktok,64326,7864,90483,4939,163,1,504.0,False,Creator 1124,BR,creator1124@mail.example,finance
CR01124,instagram,@creator1124_instagram,883299,38848,642471,46462,382,1683,229.0,False,Creator 1124,BR,creator1124@mail.example,finance
CR01124,youtube,@creator1124_youtube,274587,11354,195690,12950,869,893,,False,Creator 1124,BR,creator1124@mail.example,finance
CR01125,youtube,@creator1125_youtube,9328,1699,11434,330,27,40,,False,Creator 1125,IN,creator1125@mail.example,fitness
CR01126,instagram,@creator1126_instagram,8579,1189,15923,509,30,99,1.0,False,Creator 1126,US,creator1126@mail.example,music
CR01126,youtube,@creator1126_youtube,17301,-1456,16279,708,103,3,,False,Creator 1126,US,creator1126@mail.example,music
CR01126,tiktok,@creator1126_tiktok,54220,-391,182091,3901,111,23,289.0,False,Creator 1126,US,creator1126@mail.example,music
CR01127,youtube,@creator1127_youtube,53942,1338,120264,3212,68,90,,False,Creator 1127,KR,creator1127@mail.example,tech
CR01127,tiktok,@creator1127_tiktok,23915,2630,103641,2056,183,1,1057.0,False,Creator 1127,KR,creator1127@mail.example,tech
CR01128,instagram,@creator1128_instagram,145023,1527,180059,10245,1035,434,473.0,False,Creator 1128,BR,creator1128@mail.example,finance
CR01128,tiktok,@creator1128_tiktok,48999,537,57037,4158,0,53,0.0,False,Creator 1128,BR,creator1128@mail.example,finance
CR01129,instagram,@creator1129_instagram,16169,1954,8360,652,0,37,0.0,False,Creator 1129,US,creator1129@mail.example,finance
CR01129,tiktok,@creator1129_tiktok,74733,10895,502322,25016,380,203,0.0,False,Creator 1129,US,creator1129@mail.example,finance
CR01130,youtube,@creator1130_youtube,79426,5977,158892,3328,76,109,,False,Creator 1130,DE,creator1130@mail.example,beauty
CR01130,instagram,@creator1130_instagram,580086,-35086,1037114,24281,582,1983,107.0,False,Creator 1130,DE,creator1130@mail.example,beauty
CR01130,tiktok,@creator1130_tiktok,237055,13999,2502374,68365,14269,549,3976.0,False,Creator 1130,DE,creator1130@mail.example,beauty
CR01131,youtube,@creator1131_youtube,113221,12747,140470,3040,106,4,,False,Creator 1131,FR,creator1131@mail.example,music
CR01131,tiktok,@creator1131_tiktok,32305,1777,158261,7070,9,372,515.0,False,Creator 1131,FR,creator1131@mail.example,music
CR01131,instagram,@creator1131_instagram,40216,3237,7744,210,1,80,0.0,False,Creator 1131,FR,creator1131@mail.example,music
CR01132,instagram,@creator1132_instagram,52990,3351,101569,2667,18,14,103.0,False,Creator 1132,DE,creator1132@mail.example,education
CR01132,tiktok,@creator1132_tiktok,60826,-11067,290237,13566,74,685,751.0,False,Creator 1132,DE,creator1132@mail.example,education
CR01133,instagram,@creator1133_instagram,656624,-1721,968220,13840,934,5094,1308.0,False,Creator 1133,CA,creator1133@mail.example,education
CR01134,youtube,@creator1134_youtube,17035,1563,13617,729,34,44,,False,Creator 1134,KR,creator1134@mail.example,tech
CR01134,instagram,@creator1134_instagram,86357,9752,157370,6839,342,328,1.0,False,Creator 1134,KR,creator1134@mail.example,tech
CR01134,tiktok,@creator1134_tiktok,433228,38834,3138846,71231,1917,3198,5883.0,False,Creator 1134,KR,creator1134@mail.example,tech
CR01135,tiktok,@creator1135_tiktok,244881,-10013,2080874,124010,1567,321,7469.0,False,Creator 1135,IN,creator1135@mail.example,travel
CR01135,instagram,@creator1135_instagram,224144,26447,314773,12086,635,726,0.0,False,Creator 1135,IN,creator1135@mail.example,travel
CR01136,instagram,@creator1136_instagram,132689,6132,67345,1386,121,203,62.0,False,Creator 1136,GB,creator1136@mail.example,tech
CR01136,tiktok,@creator1136_tiktok,45544,746,173733,9316,2454,206,0.0,False,Creator 1136,GB,creator1136@mail.example,tech
CR01136,youtube,@creator1136_youtube,680656,64550,1263521,72892,6765,6112,,False,Creator 1136,GB,creator1136@mail.example,tech
CR01137,tiktok,@creator1137_tiktok,129426,-3426,1230191,32359,1658,2356,0.0,False,Creator 1137,BR,creator1137@mail.example,travel
CR01137,youtube,@creator1137_youtube,2927,391,3879,208,68,17,,False,Creator 1137,BR,creator1137@mail.example,travel
CR01138,youtube,@creator1138_youtube,148303,8488,59620,2045,165,569,,False,Creator 1138,US,creator1138@mail.example,music
CR01138,instagram,@creator1138_instagram,17938,1958,3699,123,15,3,12.0,False,Creator 1138,US,creator1138@mail.example,music
CR01138,tiktok,@creator1138_tiktok,2421,-63,2754,160,32,26,3.0,False,Creator 1138,US,creator1138@mail.example,music
CR01139,instagram,@creator1139_instagram,67364,90,12560,282,16,0,5.0,False,Creator 1139,JP,creator1139@mail.example,comedy
CR01140,tiktok,@creator1140_tiktok,124545,5216,310943,18012,3,1046,8.0,False,Creator 1140,MX,creator1140@mail.example,comedy
CR01141,instagram,@creator1141_instagram,270251,21518,235516,13032,4515,1285,856.0,False,Creator 1141,JP,creator1141@mail.example,finance
CR01142,youtube,@creator1142_youtube,99737,14096,102184,2048,129,0,,False,Creator 1142,GB,creator1142@mail.example,music
CR01142,instagram,@creator1142_instagram,6877,1204,9295,705,105,72,22.0,False,Creator 1142,GB,creator1142@mail.example,music
CR01143,youtube,@creator1143_youtube,57632,1978,43505,1469,23,71,,False,Creator 1143,FR,creator1143@mail.example,travel
CR01143,instagram,@creator1143_instagram,2415,338,2116,152,5,5,4.0,False,Creator 1143,FR,creator1143@mail.example,travel
CR01144,tiktok,@creator1144_tiktok,237502,15761,1889300,51432,2722,4548,399.0,False,Creator 1144,GB,creator1144@mail.example,gaming
CR01144,youtube,@creator1144_youtube,857348,-17815,1359579,113492,8536,5924,,False,Creator 1144,GB,creator1144@mail.example,gaming
CR01144,instagram,@creator1144_instagram,77993,11059,69539,1420,20,347,98.0,True,Creator 1144,GB,creator1144@mail.example,gaming
CR01145,instagram,@creator1145_instagram,5818,875,2061,113,5,4,4.0,False,Creator 1145,FR,creator1145@mail.example,education
CR01145,tiktok,@creator1145_tiktok,40965,3931,108845,9788,5,471,257.0,False,Creator 1145,FR,creator1145@mail.example,education
CR01145,youtube,@creator1145_youtube,16587,-52,26672,394,40,84,,False,Creator 1145,FR,creator1145@mail.example,education
CR01146,instagram,@creator1146_instagram,366981,50052,167571,11622,43,0,524.0,False,Creator 1146,MX,creator1146@mail.example,music
CR01146,tiktok,@creator1146_tiktok,30122,-798,34645,813,45,56,55.0,False,Creator 1146,MX,creator1146@mail.example,music
CR01147,youtube,@creator1147_youtube,227416,4252,246426,5255,38,0,,False,Creator 1147,CA,creator1147@mail.example,education
CR01147,instagram,@creator1147_instagram,141438,7025,30368,775,137,282,21.0,False,Creator 1147,CA,creator1147@mail.example,education
CR01147,tiktok,@creator1147_tiktok,3862,666,4772,281,15,1,0.0,False,Creator 1147,CA,creator1147@mail.example,education
CR01148,tiktok,@creator1148_tiktok,57211,-2000,58761,3087,82,40,61.0,False,Creator 1148,MX,creator1148@mail.example,tech
CR01148,youtube,@creator1148_youtube,159615,9399,29540,507,395,96,,False,Creator 1148,MX,creator1148@mail.example,tech
CR01148,instagram,@creator1148_instagram,111463,2709,54335,4135,33,322,42.0,False,Creator 1148,MX,creator1148@mail.example,tech
CR01149,tiktok,@creator1149_tiktok,43296,3398,69520,2050,613,179,444.0,False,Creator 1149,GB,creator1149@mail.example,fitness
CR01149,instagram,@creator1149_instagram,233350,10164,120117,5149,590,0,382.0,False,Creator 1149,GB,creator1149@mail.example,fitness
CR01150,tiktok,@creator1150_tiktok,4066835,116294,24282265,1406676,48646,111560,1313.0,False,Creator 1150,CA,creator1150@mail.example,comedy
CR01150,youtube,@creator1150_youtube,6425,748,6391,200,0,1,,False,Creator 1150,CA,creator1150@mail.example,comedy
CR01150,instagram,@creator1150_instagram,11865,1622,1083,46,4,0,0.0,False,Creator 1150,CA,creator1150@mail.example,comedy
CR01151,youtube,@creator1151_youtube,1197210,11823,3113382,204290,8772,7443,,False,Creator 1151,FR,creator1151@mail.example,tech
CR01151,instagram,@creator1151_instagram,74759,8497,65268,4091,30,373,41.0,False,Creator 1151,FR,creator1151@mail.example,tech
CR01152,instagram,@creator1152_instagram,467591,49082,70561,2450,354,70,169.0,False,Creator 1152,IN,creator1152@mail.example,fitness
CR01152,tiktok,@creator1152_tiktok,36954,-622,154403,7317,44,305,188.0,False,Creator 1152,IN,creator1152@mail.example,fitness
CR01153,instagram,@creator1153_instagram,134545,9924,34082,722,285,21,0.0,False,Creator 1153,FR,creator1153@mail.example,music
CR01154,instagram,@creator1154_instagram,44479,-831,27652,1619,36,5,238.0,False,Creator 1154,IN,creator1154@mail.example,finance
CR01154,youtube,@creator1154_youtube,10817,1725,4775,354,1,1,,False,Creator 1154,IN,creator1154@mail.example,finance
CR01155,tiktok,@creator1155_tiktok,157803,2226,536074,40817,818,358,75.0,False,Creator 1155,IN,creator1155@mail.example,music
CR01155,youtube,@creator1155_youtube,180413,10752,177904,9761,14,0,,False,Creator 1155,IN,creator1155@mail.example,music
CR01155,instagram,@creator1155_instagram,51601,4588,36916,1891,12,110,74.0,False,Creator 1155,IN,creator1155@mail.example,music
CR01156,instagram,@creator1156_instagram,1368472,251072,675084,17558,1764,1241,34.0,False,Creator 1156,FR,creator1156@mail.example,finance
CR01156,youtube,@creator1156_youtube,38739,2513,47042,2469,165,115,,False,Creator 1156,FR,creator1156@mail.example,finance
CR01156,tiktok,@creator1156_tiktok,24822,2942,91874,4083,28,617,92.0,False,Creator 1156,FR,creator1156@mail.example,finance
CR01157,tiktok,@creator1157_tiktok,16309,266,72277,3824,43,132,3.0,False,Creator 1157,US,creator1157@mail.example,food
CR01157,youtube,@creator1157_youtube,986669,122351,2527664,71444,3425,1615,,False,Creator 1157,US,creator1157@mail.example,food
CR01157,instagram,@creator1157_instagram,52709,7203,73879,4143,305,923,307.0,True,Creator 1157,US,creator1157@mail.example,food
CR01158,tiktok,@creator1158_tiktok,1504152,215576,2848231,153318,15004,37,11250.0,False,Creator 1158,IN,creator1158@mail.example,beauty
CR01159,youtube,@creator1159_youtube,47928,4200,37084,1016,16,37,,False,Creator 1159,KR,creator1159@mail.example,travel
CR01160,youtube,@creator1160_youtube,6208,679,7910,267,6,8,,False,Creator 1160,DE,creator1160@mail.example,travel
CR01160,tiktok,@creator1160_tiktok,31416,70,261203,16506,1409,771,67.0,False,Creator 1160,DE,creator1160@mail.example,travel
CR01160,instagram,@creator1160_instagram,621496,-83354,254745,11962,2354,114,2340.0,False,Creator 1160,DE,creator1160@mail.example,travel
CR01161,instagram,@creator1161_instagram,53358,7388,15258,731,19,112,3.0,False,Creator 1161,FR,creator1161@mail.example,finance
CR01161,youtube,@creator1161_youtube,33691,4190,95088,5967,258,1282,,False,Creator 1161,FR,creator1161@mail.example,finance
CR01162,youtube,@creator1162_youtube,3914,399,2922,123,0,5,,False,Creator 1162,FR,creator1162@mail.example,food
CR01162,tiktok,@creator1162_tiktok,34998,1843,148599,2764,257,0,141.0,False,Creator 1162,FR,creator1162@mail.example,food
CR01163,youtube,@creator1163_youtube,9781,711,3284,107,0,2,,False,Creator 1163,US,creator1163@mail.example,travel
CR01163,instagram,@creator1163_instagram,65306,800,12539,900,84,53,96.0,False,Creator 1163,US,creator1163@mail.example,travel
CR01163,tiktok,@creator1163_tiktok,5476,399,15786,1055,1,0,0.0,False,Creator 1163,US,creator1163@mail.example,travel
CR01164,tiktok,@creator1164_tiktok,26883,2746,38140,1231,162,61,0.0,False,Creator 1164,DE,creator1164@mail.example,food
CR01165,youtube,@creator1165_youtube,12433,2155,19390,637,265,13,,False,Creator 1165,BR,creator1165@mail.example,music
CR01165,instagram,@creator1165_instagram,24843,2267,5243,132,3,1,8.0,False,Creator 1165,BR,creator1165@mail.example,music
CR01166,instagram,@creator1166_instagram,67516,7825,28064,1718,159,37,104.0,True,Creator 1166,FR,creator1166@mail.example,gaming
CR01166,tiktok,@creator1166_tiktok,63366,2164,109189,2270,215,128,40.0,False,Creator 1166,FR,creator1166@mail.example,gaming
CR01167,instagram,@creator1167_instagram,24460,2831,37900,2869,148,44,12.0,False,Creator 1167,FR,creator1167@mail.example,gaming
CR01167,tiktok,@creator1167_tiktok,14434,1138,35091,2769,0,300,132.0,False,Creator 1167,FR,creator1167@mail.example,gaming
CR01167,youtube,@creator1167_youtube,113714,16275,113712,2891,555,20,,False,Creator 1167,FR,creator1167@mail.example,gaming
CR01168,instagram,@creator1168_instagram,19257,2376,16171,344,67,61,8.0,False,Creator 1168,BR,creator1168@mail.example,gaming
CR01168,tiktok,@creator1168_tiktok,50965,6434,68621,2543,493,5,3.0,False,Creator 1168,BR,creator1168@mail.example,gaming
CR01168,youtube,@creator1168_youtube,16595,1701,23331,1272,68,0,,False,Creator 1168,BR,creator1168@mail.example,gaming
CR01169,youtube,@creator1169_youtube,98578,3244,55598,1503,140,15,,False,Creator 1169,US,creator1169@mail.example,tech
CR01170,instagram,@creator1170_instagram,235372,20345,64879,2295,3,218,0.0,False,Creator 1170,FR,creator1170@mail.example,finance
CR01170,tiktok,@creator1170_tiktok,113463,15249,140902,3625,4,244,374.0,False,Creator 1170,FR,creator1170@mail.example,finance
CR01171,instagram,@creator1171_instagram,49661,3050,31991,1921,9,46,62.0,False,Creator 1171,CA,creator1171@mail.example,education
CR01171,tiktok,@creator1171_tiktok,24627,2013,232486,7997,315,183,0.0,False,Creator 1171,CA,creator1171@mail.example,education
CR01171,youtube,@creator1171_youtube,70362,4503,96694,3843,425,0,,False,Creator 1171,CA,creator1171@mail.example,education
CR01172,tiktok,@creator1172_tiktok,7546,454,9506,568,0,0,91.0,False,Creator 1172,FR,creator1172@mail.example,tech
CR01172,youtube,@creator1172_youtube,10128,558,5516,97,37,9,,False,Creator 1172,FR,creator1172@mail.example,tech
CR01172,instagram,@creator1172_instagram,5800,949,6332,150,9,0,21.0,False,Creator 1172,FR,creator1172@mail.example,tech
CR01173,tiktok,@creator1173_tiktok,7850,-170,47143,1383,23,14,47.0,False,Creator 1173,GB,creator1173@mail.example,comedy
CR01174,instagram,@creator1174_instagram,246952,12594,142836,2547,522,10,56.0,False,Creator 1174,GB,creator1174@mail.example,tech
CR01174,youtube,@creator1174_youtube,108862,13858,82522,6640,0,82,,False,Creator 1174,GB,creator1174@mail.example,tech
CR01174,tiktok,@creator1174_tiktok,14743,1563,33753,2024,73,0,101.0,False,Creator 1174,GB,creator1174@mail.example,tech
CR01175,youtube,@creator1175_youtube,188290,2587,39742,1890,185,582,,False,Creator 1175,FR,creator1175@mail.example,comedy
CR01175,tiktok,@creator1175_tiktok,18435,3575,64757,3536,0,14,7.0,False,Creator 1175,FR,creator1175@mail.example,comedy
CR01175,instagram,@creator1175_instagram,17871,517,13956,1276,49,0,0.0,False,Creator 1175,FR,creator1175@mail.example,comedy
CR01176,tiktok,@creator1176_tiktok,8174,519,30803,1116,132,0,39.0,False,Creator 1176,KR,creator1176@mail.example,finance
CR01176,youtube,@creator1176_youtube,116809,2974,228140,6523,829,412,,False,Creator 1176,KR,creator1176@mail.example,finance
CR01176,instagram,@creator1176_instagram,68811,6586,65403,2431,58,0,0.0,False,Creator 1176,KR,creator1176@mail.example,finance
CR01177,instagram,@creator1177_instagram,16679,1132,15281,861,47,220,48.0,False,Creator 1177,DE,creator1177@mail.example,music
CR01177,tiktok,@creator1177_tiktok,8862,1238,33268,1705,24,350,41.0,False,Creator 1177,DE,creator1177@mail.example,music
CR01178,instagram,@creator1178_instagram,2123,283,2306,181,22,32,9.0,False,Creator 1178,JP,creator1178@mail.example,comedy
CR01178,tiktok,@creator1178_tiktok,16935,725,35408,1631,290,0,134.0,False,Creator 1178,JP,creator1178@mail.example,comedy
CR01178,youtube,@creator1178_youtube,3524,429,25695,1132,246,192,,False,Creator 1178,JP,creator1178@mail.example,comedy
CR01179,instagram,@creator1179_instagram,103753,11858,98191,5173,337,107,51.0,False,Creator 1179,CA,creator1179@mail.example,comedy
CR01179,youtube,@creator1179_youtube,27289,1928,15331,1007,35,34,,False,Creator 1179,CA,creator1179@mail.example,comedy
CR01180,youtube,@creator1180_youtube,142050,9718,55630,2267,5,345,,False,Creator 1180,CA,creator1180@mail.example,music
CR01180,tiktok,@creator1180_tiktok,3938,191,8950,554,13,79,9.0,False,Creator 1180,CA,creator1180@mail.example,music
CR01181,youtube,@creator1181_youtube,48389,6808,36026,1177,311,450,,False,Creator 1181,US,creator1181@mail.example,music
CR01181,instagram,@creator1181_instagram,26289,4140,18370,933,38,51,5.0,False,Creator 1181,US,creator1181@mail.example,music
CR01181,tiktok,@creator1181_tiktok,125449,-379,957417,53158,8100,5478,264.0,False,Creator 1181,US,creator1181@mail.example,music
CR01182,youtube,@creator1182_youtube,3090,377,1292,35,0,4,,False,Creator 1182,US,creator1182@mail.example,education
CR01182,tiktok,@creator1182_tiktok,122976,22918,330072,13558,1187,412,675.0,False,Creator 1182,US,creator1182@mail.example,education
CR01183,youtube,@creator1183_youtube,342621,23810,441896,18715,1801,1369,,False,Creator 1183,MX,creator1183@mail.example,travel
CR01184,instagram,@creator1184_instagram,79130,2272,16015,391,12,12,3.0,True,Creator 1184,CA,creator1184@mail.example,gaming
CR01184,youtube,@creator1184_youtube,150812,-21806,1211381,63664,14,8903,,False,Creator 1184,CA,creator1184@mail.example,gaming
CR01184,tiktok,@creator1184_tiktok,169691,25939,1683084,83769,1544,52,1241.0,False,Creator 1184,CA,creator1184@mail.example,gaming
CR01185,tiktok,@creator1185_tiktok,3069,293,3173,158,3,7,29.0,False,Creator 1185,FR,creator1185@mail.example,finance
CR01186,tiktok,@creator1186_tiktok,38651,6653,98351,4164,618,8,765.0,False,Creator 1186,GB,creator1186@mail.example,travel
CR01186,instagram,@creator1186_instagram,78222,12345,83334,2251,60,0,73.0,False,Creator 1186,GB,creator1186@mail.example,travel
CR01186,youtube,@creator1186_youtube,132929,2202,164561,12310,280,262,,False,Creator 1186,GB,creator1186@mail.example,travel
CR01187,youtube,@creator1187_youtube,46630,3950,38269,3417,974,94,,False,Creator 1187,KR,creator1187@mail.example,education
CR01187,instagram,@creator1187_instagram,11053,183,9663,705,1,10,17.0,False,Creator 1187,KR,creator1187@mail.example,education
CR01187,tiktok,@creator1187_tiktok,28599,-409,73007,3250,221,2,0.0,False,Creator 1187,KR,creator1187@mail.example,education
CR01188,youtube,@creator1188_youtube,13381,1807,16469,723,95,44,,False,Creator 1188,KR,creator1188@mail.example,gaming
CR01189,youtube,@creator1189_youtube,200337,18898,262272,7205,190,0,,False,Creator 1189,DE,creator1189@mail.example,beauty
CR01189,instagram,@creator1189_instagram,1128,8,230,5,0,0,0.0,False,Creator 1189,DE,creator1189@mail.example,beauty
CR01190,tiktok,@creator1190_tiktok,11229,206,35123,589,47,0,138.0,False,Creator 1190,MX,creator1190@mail.example,comedy
CR01190,instagram,@creator1190_instagram,4280,43,3395,214,7,0,25.0,False,Creator 1190,MX,creator1190@mail.example,comedy
CR01190,youtube,@creator1190_youtube,21348,54,6995,271,51,41,,False,Creator 1190,MX,creator1190@mail.example,comedy
CR01191,tiktok,@creator1191_tiktok,28918,2773,138054,5418,145,16,471.0,False,Creator 1191,CA,creator1191@mail.example,food
CR01191,youtube,@creator1191_youtube,23058,2431,128271,6503,900,84,,False,Creator 1191,CA,creator1191@mail.example,food
CR01191,instagram,@creator1191_instagram,366729,61850,101451,5417,103,148,377.0,False,Creator 1191,CA,creator1191@mail.example,food
CR01192,instagram,@creator1192_instagram,25537,1802,30641,1569,0,39,408.0,False,Creator 1192,CA,creator1192@mail.example,beauty
CR01192,tiktok,@creator1192_tiktok,18198,3408,42721,2570,104,34,53.0,False,Creator 1192,CA,creator1192@mail.example,beauty
CR01193,youtube,@creator1193_youtube,76640,7069,225104,15275,102,17,,False,Creator 1193,DE,creator1193@mail.example,music
CR01193,tiktok,@creator1193_tiktok,9145,875,24699,786,56,16,114.0,False,Creator 1193,DE,creator1193@mail.example,music
CR01194,youtube,@creator1194_youtube,3125,558,7192,504,89,0,,False,Creator 1194,IN,creator1194@mail.example,travel
CR01194,instagram,@creator1194_instagram,219312,1984,87937,1413,204,67,165.0,False,Creator 1194,IN,creator1194@mail.example,travel
CR01194,tiktok,@creator1194_tiktok,367817,-41501,553187,15834,3429,103,2548.0,False,Creator 1194,IN,creator1194@mail.example,travel
CR01195,instagram,@creator1195_instagram,22076,2460,9403,691,0,5,50.0,False,Creator 1195,CA,creator1195@mail.example,comedy
CR01195,youtube,@creator1195_youtube,31806,4185,37266,2504,31,295,,False,Creator 1195,CA,creator1195@mail.example,comedy
CR01196,youtube,@creator1196_youtube,49500,6733,218771,10487,498,260,,False,Creator 1196,MX,creator1196@mail.example,music
CR01197,youtube,@creator1197_youtube,44831,761,48740,3157,179,169,,False,Creator 1197,CA,creator1197@mail.example,comedy
CR01197,instagram,@creator1197_instagram,6955,515,7979,605,28,0,29.0,False,Creator 1197,CA,creator1197@mail.example,comedy
CR01198,tiktok,@creator1198_tiktok,107417,20210,547240,36385,2955,8868,428.0,False,Creator 1198,GB,creator1198@mail.example,finance
CR01198,instagram,@creator1198_instagram,763588,105638,124867,7807,1276,1536,0.0,False,Creator 1198,GB,creator1198@mail.example,finance
CR01199,youtube,@creator1199_youtube,222354,13228,309169,15231,3916,663,,False,Creator 1199,GB,creator1199@mail.example,fitness
CR01199,tiktok,@creator1199_tiktok,7255,613,49532,1270,45,26,41.0,False,Creator 1199,GB,creator1199@mail.example,fitness
CR01199,instagram,@creator1199_instagram,30472,14,34092,3007,3,2,391.0,False,Creator 1199,GB,creator1199@mail.example,fitness
CR01200,youtube,@creator1200_youtube,187594,27900,188437,8739,122,444,,False,Creator 1200,FR,creator1200@mail.example,food
CR01200,instagram,@creator1200_instagram,3275,241,1125,72,1,0,0.0,False,Creator 1200,FR,creator1200@mail.example,food
CR01200,tiktok,@creator1200_tiktok,49145,5684,219581,5683,0,2469,243.0,False,Creator 1200,FR,creator1200@mail.example,food
CR01201,tiktok,@creator1201_tiktok,191766,3702,1056471,71998,30,0,4731.0,False,Creator 1201,JP,creator1201@mail.example,music
CR01201,instagram,@creator1201_instagram,30488,158,22998,1060,59,18,52.0,False,Creator 1201,JP,creator1201@mail.example,music
CR01201,youtube,@creator1201_youtube,78706,12184,154425,10171,996,762,,False,Creator 1201,JP,creator1201@mail.example,music
CR01202,instagram,@creator1202_instagram,6374,448,2016,154,2,1,0.0,False,Creator 1202,BR,creator1202@mail.example,education
CR01202,tiktok,@creator1202_tiktok,46716,2567,165434,10541,138,113,0.0,False,Creator 1202,BR,creator1202@mail.example,education
CR01203,tiktok,@creator1203_tiktok,879,47,789,10,2,0,0.0,False,Creator 1203,IN,creator1203@mail.example,music
CR01204,instagram,@creator1204_instagram,16358,725,5491,160,55,7,3.0,False,Creator 1204,CA,creator1204@mail.example,education
CR01204,youtube,@creator1204_youtube,27710,3913,19263,867,115,46,,False,Creator 1204,CA,creator1204@mail.example,education
CR01204,tiktok,@creator1204_tiktok,60089,7719,541491,30637,3036,3415,4670.0,False,Creator 1204,CA,creator1204@mail.example,education
CR01205,youtube,@creator1205_youtube,12293,465,2326,53,3,3,,False,Creator 1205,US,creator1205@mail.example,finance
CR01205,instagram,@creator1205_instagram,27624,711,21882,340,1,25,62.0,False,Creator 1205,US,creator1205@mail.example,finance
CR01206,tiktok,@creator1206_tiktok,90931,2039,305228,21463,3860,0,1782.0,False,Creator 1206,JP,creator1206@mail.example,finance
CR01207,youtube,@creator1207_youtube,15436,1607,21577,1066,3,19,,False,Creator 1207,DE,creator1207@mail.example,travel
CR01207,tiktok,@creator1207_tiktok,260282,6778,550547,22013,3585,0,146.0,False,Creator 1207,DE,creator1207@mail.example,travel
CR01207,instagram,@creator1207_instagram,127632,2450,71442,2409,511,0,540.0,False,Creator 1207,DE,creator1207@mail.example,travel
CR01208,tiktok,@creator1208_tiktok,133056,18126,110843,2043,277,404,50.0,False,Creator 1208,US,creator1208@mail.example,comedy
CR01208,youtube,@creator1208_youtube,24233,3121,19874,466,16,17,,False,Creator 1208,US,creator1208@mail.example,comedy
CR01209,tiktok,@creator1209_tiktok,178373,23080,632214,18912,89,181,0.0,False,Creator 1209,KR,creator1209@mail.example,beauty
CR01210,youtube,@creator1210_youtube,524503,30948,1615583,91524,1,7,,False,Creator 1210,FR,creator1210@mail.example,fitness
CR01210,tiktok,@creator1210_tiktok,70254,6606,106235,9650,0,16,281.0,False,Creator 1210,FR,creator1210@mail.example,fitness
CR01211,tiktok,@creator1211_tiktok,11701,-949,28253,1054,0,66,114.0,False,Creator 1211,GB,creator1211@mail.example,travel
CR01211,youtube,@creator1211_youtube,12011,893,2464,110,5,24,,False,Creator 1211,GB,creator1211@mail.example,travel
CR01211,instagram,@creator1211_instagram,17352,498,4689,179,67,12,0.0,False,Creator 1211,GB,creator1211@mail.example,travel
CR01212,tiktok,@creator1212_tiktok,12029,926,16281,380,71,0,43.0,False,Creator 1212,KR,creator1212@mail.example,travel
CR01212,instagram,@creator1212_instagram,98770,-1661,170257,11489,1577,299,218.0,False,Creator 1212,KR,creator1212@mail.example,travel
CR01212,youtube,@creator1212_youtube,33335,1899,18594,629,409,13,,False,Creator 1212,KR,creator1212@mail.example,travel
CR01213,instagram,@creator1213_instagram,4299,576,802,16,0,0,0.0,False,Creator 1213,CA,creator1213@mail.example,travel
CR01213,tiktok,@creator1213_tiktok,67363,1930,234356,19145,115,2396,451.0,False,Creator 1213,CA,creator1213@mail.example,travel
CR01213,youtube,@creator1213_youtube,12049,-813,6419,395,15,3,,False,Creator 1213,CA,creator1213@mail.example,travel
CR01214,instagram,@creator1214_instagram,98101,15778,5806,564,12,0,4.0,True,Creator 1214,BR,creator1214@mail.example,beauty
CR01215,tiktok,@creator1215_tiktok,74366,9861,798448,30521,5404,1925,2580.0,False,Creator 1215,KR,creator1215@mail.example,tech
CR01215,youtube,@creator1215_youtube,42403,-216,27984,1998,308,114,,False,Creator 1215,KR,creator1215@mail.example,tech
CR01215,instagram,@creator1215_instagram,32994,1772,12072,799,28,71,4.0,True,Creator 1215,KR,creator1215@mail.example,tech
CR01216,tiktok,@creator1216_tiktok,37938,5412,678420,12729,581,1718,950.0,False,Creator 1216,FR,creator1216@mail.example,comedy
CR01216,instagram,@creator1216_instagram,13746,1750,4674,177,8,1,9.0,False,Creator 1216,FR,creator1216@mail.example,comedy
CR01216,youtube,@creator1216_youtube,1561310,40099,3597513,175185,29457,10,,False,Creator 1216,FR,creator1216@mail.example,comedy
CR01217,tiktok,@creator1217_tiktok,59040,6791,76403,1182,7,12,132.0,False,Creator 1217,KR,creator1217@mail.example,fitness
CR01217,youtube,@creator1217_youtube,510396,7499,394223,17628,235,0,,False,Creator 1217,KR,creator1217@mail.example,fitness
CR01217,instagram,@creator1217_instagram,45000,5169,59589,2993,74,25,122.0,False,Creator 1217,KR,creator1217@mail.example,fitness
CR01218,youtube,@creator1218_youtube,22158,2412,54066,5394,17,1,,False,Creator 1218,BR,creator1218@mail.example,beauty
CR01218,instagram,@creator1218_instagram,2639,-71,1696,62,4,0,9.0,False,Creator 1218,BR,creator1218@mail.example,beauty
CR01219,tiktok,@creator1219_tiktok,48885,1943,82093,3399,8,79,0.0,False,Creator 1219,JP,creator1219@mail.example,tech
CR01219,youtube,@creator1219_youtube,51983,3402,59321,1844,4,299,,False,Creator 1219,JP,creator1219@mail.example,tech
CR01219,instagram,@creator1219_instagram,94658,12493,29828,1751,134,51,323.0,False,Creator 1219,JP,creator1219@mail.example,tech
CR01220,tiktok,@creator1220_tiktok,41256,4704,234081,17525,981,0,1866.0,False,Creator 1220,CA,creator1220@mail.example,travel
CR01220,youtube,@creator1220_youtube,1441571,291016,3530456,206589,0,0,,False,Creator 1220,CA,creator1220@mail.example,travel
CR01220,instagram,@creator1220_instagram,25214,2215,19121,523,92,42,4.0,False,Creator 1220,CA,creator1220@mail.example,travel
CR01221,tiktok,@creator1221_tiktok,51489,5702,59782,1678,96,51,42.0,False,Creator 1221,KR,creator1221@mail.example,comedy
CR01222,youtube,@creator1222_youtube,31135,1378,39461,1104,0,284,,False,Creator 1222,BR,creator1222@mail.example,music
CR01222,instagram,@creator1222_instagram,54396,2783,29395,1500,144,0,29.0,True,Creator 1222,BR,creator1222@mail.example,music
CR01222,tiktok,@creator1222_tiktok,18549,2183,50250,2761,123,183,96.0,False,Creator 1222,BR,creator1222@mail.example,music
CR01223,youtube,@creator1223_youtube,354693,61525,317462,15906,2603,198,,False,Creator 1223,US,creator1223@mail.example,fitness
CR01223,tiktok,@creator1223_tiktok,45640,2427,326204,30162,1445,207,3197.0,False,Creator 1223,US,creator1223@mail.example,fitness
CR01223,instagram,@creator1223_instagram,58910,12792,10746,271,75,0,38.0,False,Creator 1223,US,creator1223@mail.example,fitness
CR01224,instagram,@creator1224_instagram,43964,-425,16549,496,38,2,0.0,True,Creator 1224,FR,creator1224@mail.example,comedy
CR01224,youtube,@creator1224_youtube,55618,6102,50639,3650,689,58,,False,Creator 1224,FR,creator1224@mail.example,comedy
CR01224,tiktok,@creator1224_tiktok,541815,48631,1693856,57140,9204,1126,0.0,False,Creator 1224,FR,creator1224@mail.example,comedy
CR01225,youtube,@creator1225_youtube,34832,684,52066,2583,420,22,,False,Creator 1225,MX,creator1225@mail.example,tech
CR01226,youtube,@creator1226_youtube,9604,826,27293,1746,176,0,,False,Creator 1226,CA,creator1226@mail.example,comedy
CR01226,instagram,@creator1226_instagram,17058,1070,6121,253,56,0,0.0,False,Creator 1226,CA,creator1226@mail.example,comedy
CR01227,instagram,@creator1227_instagram,239751,30813,172758,15007,1012,0,235.0,False,Creator 1227,FR,creator1227@mail.example,food
CR01228,instagram,@creator1228_instagram,96942,6033,40431,2083,2,106,200.0,False,Creator 1228,DE,creator1228@mail.example,comedy
CR01228,tiktok,@creator1228_tiktok,15984,984,77817,5435,138,583,13.0,False,Creator 1228,DE,creator1228@mail.example,comedy
CR01228,youtube,@creator1228_youtube,780,40,1441,113,5,1,,False,Creator 1228,DE,creator1228@mail.example,comedy
CR01229,youtube,@creator1229_youtube,11540,-635,17574,622,32,24,,False,Creator 1229,GB,creator1229@mail.example,food
CR01229,tiktok,@creator1229_tiktok,28942,6743,54334,4007,987,0,9.0,False,Creator 1229,GB,creator1229@mail.example,food
CR01229,instagram,@creator1229_instagram,26996,4676,45687,1267,14,50,47.0,False,Creator 1229,GB,creator1229@mail.example,food
CR01230,instagram,@creator1230_instagram,67883,-2150,30550,1514,192,3,175.0,False,Creator 1230,CA,creator1230@mail.example,music
CR01231,youtube,@creator1231_youtube,645328,66622,949275,64405,360,2837,,False,Creator 1231,BR,creator1231@mail.example,fitness
CR01231,tiktok,@creator1231_tiktok,15933,1936,129556,10382,253,389,1366.0,False,Creator 1231,BR,creator1231@mail.example,fitness
CR01232,instagram,@creator1232_instagram,6312,392,5098,195,59,0,14.0,False,Creator 1232,BR,creator1232@mail.example,gaming
CR01232,tiktok,@creator1232_tiktok,4523,-76,12364,772,22,34,11.0,False,Creator 1232,BR,creator1232@mail.example,gaming
CR01232,youtube,@creator1232_youtube,108067,11463,94408,2426,212,5,,False,Creator 1232,BR,creator1232@mail.example,gaming
CR01233,tiktok,@creator1233_tiktok,102571,-20977,658399,55310,1360,3370,2395.0,False,Creator 1233,US,creator1233@mail.example,finance
CR01233,instagram,@creator1233_instagram,36869,5404,16710,464,26,1,106.0,False,Creator 1233,US,creator1233@mail.example,finance
CR01233,youtube,@creator1233_youtube,44762,5608,44563,1376,126,277,,False,Creator 1233,US,creator1233@mail.example,finance
CR01234,youtube,@creator1234_youtube,37177,-3184,20517,706,382,2,,False,Creator 1234,MX,creator1234@mail.example,finance
CR01235,youtube,@creator1235_youtube,181117,11929,167528,8625,3588,1786,,False,Creator 1235,US,creator1235@mail.example,beauty
CR01235,instagram,@creator1235_instagram,77589,9109,103844,7338,1801,0,271.0,False,Creator 1235,US,creator1235@mail.example,beauty
CR01235,tiktok,@creator1235_tiktok,343695,39339,1058021,21448,13,4277,2236.0,False,Creator 1235,US,creator1235@mail.example,beauty
CR01236,tiktok,@creator1236_tiktok,46769,1427,175805,6024,257,352,27.0,False,Creator 1236,DE,creator1236@mail.example,travel
CR01236,youtube,@creator1236_youtube,27223,5264,50383,1222,28,122,,False,Creator 1236,DE,creator1236@mail.example,travel
CR01236,instagram,@creator1236_instagram,16697,2383,13638,921,8,29,142.0,False,Creator 1236,DE,creator1236@mail.example,travel
CR01237,instagram,@creator1237_instagram,50763,2748,8277,632,19,110,4.0,False,Creator 1237,GB,creator1237@mail.example,finance
CR01238,tiktok,@creator1238_tiktok,605525,92988,6942090,352612,26569,4547,21738.0,False,Creator 1238,FR,creator1238@mail.example,gaming
CR01239,tiktok,@creator1239_tiktok,97048,14526,447463,10530,746,265,234.0,False,Creator 1239,KR,creator1239@mail.example,music
CR01239,youtube,@creator1239_youtube,47639,-3456,208794,11541,868,2225,,False,Creator 1239,KR,creator1239@mail.example,music
CR01240,tiktok,@creator1240_tiktok,8452,1084,13666,624,116,82,11.0,False,Creator 1240,JP,creator1240@mail.example,gaming
CR01240,youtube,@creator1240_youtube,43080,-1825,59043,3068,25,63,,False,Creator 1240,JP,creator1240@mail.example,gaming
CR01240,instagram,@creator1240_instagram,52370,8364,50199,3133,581,34,5.0,False,Creator 1240,JP,creator1240@mail.example,gaming
CR01241,tiktok,@creator1241_tiktok,591029,-23830,1576381,47835,9568,568,701.0,False,Creator 1241,MX,creator1241@mail.example,gaming
CR01241,instagram,@creator1241_instagram,15623,-4582,16119,1068,31,53,46.0,True,Creator 1241,MX,creator1241@mail.example,gaming
CR01241,youtube,@creator1241_youtube,85784,3197,49747,2462,328,527,,False,Creator 1241,MX,creator1241@mail.example,gaming
CR01242,tiktok,@creator1242_tiktok,204526,-22375,316315,12787,2850,0,1397.0,False,Creator 1242,IN,creator1242@mail.example,tech
CR01243,youtube,@creator1243_youtube,287255,26849,701932,20679,54,80,,False,Creator 1243,FR,creator1243@mail.example,comedy
CR01243,tiktok,@creator1243_tiktok,49506,2001,97473,3151,938,177,9.0,False,Creator 1243,FR,creator1243@mail.example,comedy
CR01243,instagram,@creator1243_instagram,182889,34798,93334,6455,1763,310,453.0,False,Creator 1243,FR,creator1243@mail.example,comedy
CR01244,instagram,@creator1244_instagram,8234,261,5427,440,5,12,0.0,True,Creator 1244,IN,creator1244@mail.example,gaming
CR01244,tiktok,@creator1244_tiktok,416653,66607,697210,17137,2408,703,296.0,False,Creator 1244,IN,creator1244@mail.example,gaming
CR01245,instagram,@creator1245_instagram,143687,18378,63776,1064,303,0,165.0,False,Creator 1245,KR,creator1245@mail.example,tech
CR01245,youtube,@creator1245_youtube,95708,2519,38192,1363,81,75,,False,Creator 1245,KR,creator1245@mail.example,tech
CR01246,youtube,@creator1246_youtube,622799,116238,257789,11108,119,307,,False,Creator 1246,BR,creator1246@mail.example,music
CR01246,tiktok,@creator1246_tiktok,15537,1997,58085,1842,5,16,108.0,False,Creator 1246,BR,creator1246@mail.example,music
CR01247,tiktok,@creator1247_tiktok,7134,160,52878,1084,129,159,195.0,False,Creator 1247,FR,creator1247@mail.example,beauty
CR01247,instagram,@creator1247_instagram,64128,-6935,12637,617,12,0,17.0,False,Creator 1247,FR,creator1247@mail.example,beauty
CR01247,youtube,@creator1247_youtube,9653,1463,17384,512,2,5,,False,Creator 1247,FR,creator1247@mail.example,beauty
CR01248,tiktok,@creator1248_tiktok,78709,4225,419943,27314,56,58,239.0,False,Creator 1248,FR,creator1248@mail.example,finance
CR01248,instagram,@creator1248_instagram,39528,1721,22397,1582,124,0,275.0,False,Creator 1248,FR,creator1248@mail.example,finance
CR01248,youtube,@creator1248_youtube,96701,17455,39591,917,7,0,,False,Creator 1248,FR,creator1248@mail.example,finance
CR01249,instagram,@creator1249_instagram,19144,408,12127,339,7,42,8.0,False,Creator 1249,DE,creator1249@mail.example,gaming
CR01249,youtube,@creator1249_youtube,104594,810,256024,18820,386,491,,False,Creator 1249,DE,creator1249@mail.example,gaming
CR01249,tiktok,@creator1249_tiktok,9613,1284,104827,3798,0,225,50.0,False,Creator 1249,DE,creator1249@mail.example,gaming
CR01250,tiktok,@creator1250_tiktok,51233,7227,122754,3746,877,802,612.0,False,Creator 1250,JP,creator1250@mail.example,gaming
CR01250,instagram,@creator1250_instagram,44497,2928,30927,1754,17,1,9.0,False,Creator 1250,JP,creator1250@mail.example,gaming
CR01251,tiktok,@creator1251_tiktok,103145,-6251,947622,65089,3990,773,1.0,False,Creator 1251,MX,creator1251@mail.example,food
CR01251,youtube,@creator1251_youtube,49555,4592,39919,990,36,156,,False,Creator 1251,MX,creator1251@mail.example,food
CR01251,instagram,@creator1251_instagram,15028,2220,8705,225,3,19,7.0,False,Creator 1251,MX,creator1251@mail.example,food
CR01252,tiktok,@creator1252_tiktok,7095,294,43930,3045,36,24,514.0,False,Creator 1252,JP,creator1252@mail.example,fitness
CR01252,youtube,@creator1252_youtube,297017,38685,628683,9590,267,3166,,False,Creator 1252,JP,creator1252@mail.example,fitness
CR01252,instagram,@creator1252_instagram,76302,8674,43093,2648,193,35,641.0,False,Creator 1252,JP,creator1252@mail.example,fitness
CR01253,instagram,@creator1253_instagram,103664,12485,27560,821,43,175,262.0,False,Creator 1253,CA,creator1253@mail.example,education
CR01253,youtube,@creator1253_youtube,40823,584,54562,2611,132,132,,False,Creator 1253,CA,creator1253@mail.example,education
CR01253,tiktok,@creator1253_tiktok,327542,7493,1957023,68854,6538,4701,12847.0,False,Creator 1253,CA,creator1253@mail.example,education
CR01254,instagram,@creator1254_instagram,52672,3444,25802,1015,69,11,305.0,False,Creator 1254,US,creator1254@mail.example,comedy
CR01254,youtube,@creator1254_youtube,188515,15283,438527,19429,2715,3322,,False,Creator 1254,US,creator1254@mail.example,comedy
CR01254,tiktok,@creator1254_tiktok,14312,215,123312,7207,199,13,814.0,False,Creator 1254,US,creator1254@mail.example,comedy
CR01255,youtube,@creator1255_youtube,4973597,553653,15701555,1093711,49781,58,,False,Creator 1255,US,creator1255@mail.example,finance
CR01255,tiktok,@creator1255_tiktok,48569,2422,68859,5566,420,49,117.0,False,Creator 1255,US,creator1255@mail.example,finance
CR01255,instagram,@creator1255_instagram,90081,-10966,80439,4158,171,1,2.0,False,Creator 1255,US,creator1255@mail.example,finance
CR01256,youtube,@creator1256_youtube,40587,-1775,16782,899,70,0,,False,Creator 1256,KR,creator1256@mail.example,tech
CR01257,youtube,@creator1257_youtube,33210,2008,52585,3144,365,0,,False,Creator 1257,JP,creator1257@mail.example,comedy
CR01257,tiktok,@creator1257_tiktok,175032,14844,838272,30289,3105,5246,7908.0,False,Creator 1257,JP,creator1257@mail.example,comedy
CR01258,youtube,@creator1258_youtube,59671,7521,26856,2436,0,23,,False,Creator 1258,JP,creator1258@mail.example,comedy
CR01259,tiktok,@creator1259_tiktok,584883,62687,5186547,437525,10574,1965,11701.0,False,Creator 1259,BR,creator1259@mail.example,fitness
CR01259,youtube,@creator1259_youtube,27397,4083,57470,926,8,2,,False,Creator 1259,BR,creator1259@mail.example,fitness
CR01259,instagram,@creator1259_instagram,283785,4640,117068,6883,795,247,1562.0,False,Creator 1259,BR,creator1259@mail.example,fitness
CR01260,tiktok,@creator1260_tiktok,78186,11174,177064,9035,1683,899,5.0,False,Creator 1260,JP,creator1260@mail.example,finance
CR01261,tiktok,@creator1261_tiktok,467422,51390,546162,18678,965,2374,1193.0,False,Creator 1261,KR,creator1261@mail.example,food
CR01261,instagram,@creator1261_instagram,8801,1648,14057,605,63,18,0.0,False,Creator 1261,KR,creator1261@mail.example,food
CR01262,youtube,@creator1262_youtube,3814,316,34037,1408,24,13,,False,Creator 1262,JP,creator1262@mail.example,music
CR01262,tiktok,@creator1262_tiktok,136612,19748,260793,11172,28,1234,1744.0,False,Creator 1262,JP,creator1262@mail.example,music
CR01263,tiktok,@creator1263_tiktok,44363,2623,288363,24242,0,1268,732.0,False,Creator 1263,CA,creator1263@mail.example,finance
CR01264,youtube,@creator1264_youtube,51373,5345,60312,3664,807,40,,False,Creator 1264,JP,creator1264@mail.example,beauty
CR01265,instagram,@creator1265_instagram,21041,429,7909,171,10,2,18.0,False,Creator 1265,FR,creator1265@mail.example,fitness
CR01265,youtube,@creator1265_youtube,79836,-3209,97710,5573,50,291,,False,Creator 1265,FR,creator1265@mail.example,fitness
CR01266,tiktok,@creator1266_tiktok,82835,11307,41977,1745,0,75,0.0,False,Creator 1266,GB,creator1266@mail.example,fitness
CR01266,youtube,@creator1266_youtube,27503,-1971,66641,2179,1242,212,,False,Creator 1266,GB,creator1266@mail.example,fitness
CR01266,instagram,@creator1266_instagram,13566,1414,3444,278,14,22,0.0,False,Creator 1266,GB,creator1266@mail.example,fitness
CR01267,youtube,@creator1267_youtube,116884,6685,355718,25529,245,86,,False,Creator 1267,GB,creator1267@mail.example,comedy
CR01267,tiktok,@creator1267_tiktok,455537,26857,1190578,42235,3624,322,14019.0,False,Creator 1267,GB,creator1267@mail.example,comedy
CR01267,instagram,@creator1267_instagram,2740,399,880,21,0,1,6.0,False,Creator 1267,GB,creator1267@mail.example,comedy
CR01268,youtube,@creator1268_youtube,92572,8518,72846,4651,79,938,,False,Creator 1268,CA,creator1268@mail.example,comedy
CR01268,tiktok,@creator1268_tiktok,21634,-187,40984,2477,68,105,177.0,False,Creator 1268,CA,creator1268@mail.example,comedy
CR01268,instagram,@creator1268_instagram,64379,1292,74410,3298,3,7,428.0,False,Creator 1268,CA,creator1268@mail.example,comedy
CR01269,instagram,@creator1269_instagram,332980,36441,95247,6738,1303,598,7.0,False,Creator 1269,DE,creator1269@mail.example,beauty
CR01269,youtube,@creator1269_youtube,158898,22835,186413,2802,428,226,,False,Creator 1269,DE,creator1269@mail.example,beauty
CR01269,tiktok,@creator1269_tiktok,286490,21619,484710,34598,912,2179,457.0,False,Creator 1269,DE,creator1269@mail.example,beauty
CR01270,instagram,@creator1270_instagram,86900,9064,25287,846,34,119,116.0,False,Creator 1270,FR,creator1270@mail.example,gaming
CR01270,youtube,@creator1270_youtube,32870,4995,27073,1435,149,0,,False,Creator 1270,FR,creator1270@mail.example,gaming
CR01270,tiktok,@creator1270_tiktok,367334,-2136,377084,15066,183,569,943.0,False,Creator 1270,FR,creator1270@mail.example,gaming
CR01271,youtube,@creator1271_youtube,37571,1959,43345,3048,594,0,,False,Creator 1271,DE,creator1271@mail.example,beauty
CR01271,tiktok,@creator1271_tiktok,102995,1352,801718,44473,6546,5576,3494.0,False,Creator 1271,DE,creator1271@mail.example,beauty
CR01272,instagram,@creator1272_instagram,53546,4518,14088,758,29,11,0.0,False,Creator 1272,GB,creator1272@mail.example,beauty
CR01272,youtube,@creator1272_youtube,98230,9843,101252,5327,156,387,,False,Creator 1272,GB,creator1272@mail.example,beauty
CR01273,instagram,@creator1273_instagram,131615,9049,567890,14346,1547,216,0.0,False,Creator 1273,JP,creator1273@mail.example,fitness
CR01273,tiktok,@creator1273_tiktok,13695,1825,67976,1571,1285,23,14.0,False,Creator 1273,JP,creator1273@mail.example,fitness
CR01273,youtube,@creator1273_youtube,410309,14421,305038,15592,106,24,,False,Creator 1273,JP,creator1273@mail.example,fitness
CR01274,youtube,@creator1274_youtube,5900,316,29562,1172,29,4,,False,Creator 1274,MX,creator1274@mail.example,comedy
CR01274,instagram,@creator1274_instagram,26633,3018,18060,287,60,32,3.0,False,Creator 1274,MX,creator1274@mail.example,comedy
CR01274,tiktok,@creator1274_tiktok,21203,2389,80969,4625,568,48,162.0,False,Creator 1274,MX,creator1274@mail.example,comedy
CR01275,tiktok,@creator1275_tiktok,612,73,3284,245,5,4,0.0,False,Creator 1275,MX,creator1275@mail.example,education
CR01276,instagram,@creator1276_instagram,48835,4966,52264,3901,9,207,65.0,False,Creator 1276,US,creator1276@mail.example,education
CR01276,tiktok,@creator1276_tiktok,15938,1979,64413,4485,311,226,50.0,False,Creator 1276,US,creator1276@mail.example,education
CR01277,instagram,@creator1277_instagram,9295,1403,9640,655,16,16,4.0,False,Creator 1277,US,creator1277@mail.example,finance
CR01277,tiktok,@creator1277_tiktok,68671,6100,268610,7651,380,0,0.0,False,Creator 1277,US,creator1277@mail.example,finance
CR01278,youtube,@creator1278_youtube,104988,11499,35760,2385,117,59,,False,Creator 1278,CA,creator1278@mail.example,music
CR01279,instagram,@creator1279_instagram,35301,6819,39499,1359,38,118,114.0,True,Creator 1279,GB,creator1279@mail.example,gaming
CR01279,youtube,@creator1279_youtube,6396,971,2524,140,0,42,,False,Creator 1279,GB,creator1279@mail.example,gaming
CR01280,instagram,@creator1280_instagram,36065,6062,28669,1488,30,88,67.0,False,Creator 1280,DE,creator1280@mail.example,gaming
CR01280,tiktok,@creator1280_tiktok,63246,3226,161923,9644,899,0,0.0,False,Creator 1280,DE,creator1280@mail.example,gaming
CR01280,youtube,@creator1280_youtube,154543,7506,388071,26218,216,3,,False,Creator 1280,DE,creator1280@mail.example,gaming
CR01281,instagram,@creator1281_instagram,11571,1622,25912,2075,156,22,0.0,False,Creator 1281,MX,creator1281@mail.example,finance
CR01281,tiktok,@creator1281_tiktok,111359,12488,1254481,38113,1564,5783,833.0,False,Creator 1281,MX,creator1281@mail.example,finance
CR01282,tiktok,@creator1282_tiktok,169252,16817,113112,9753,14,421,606.0,False,Creator 1282,GB,creator1282@mail.example,travel
CR01283,instagram,@creator1283_instagram,22506,798,16823,396,0,3,113.0,False,Creator 1283,US,creator1283@mail.example,fitness
CR01283,youtube,@creator1283_youtube,8326,110,13037,816,97,146,,False,Creator 1283,US,creator1283@mail.example,fitness
CR01283,tiktok,@creator1283_tiktok,3041,154,12285,758,11,0,82.0,False,Creator 1283,US,creator1283@mail.example,fitness
CR01284,instagram,@creator1284_instagram,25459,-94,12948,610,103,0,88.0,False,Creator 1284,MX,creator1284@mail.example,food
CR01284,youtube,@creator1284_youtube,411608,42165,306097,15968,1355,2610,,False,Creator 1284,MX,creator1284@mail.example,food
CR01284,tiktok,@creator1284_tiktok,22442,586,29573,834,18,0,87.0,False,Creator 1284,MX,creator1284@mail.example,food
CR01285,instagram,@creator1285_instagram,27577,4915,16422,532,0,279,41.0,False,Creator 1285,FR,creator1285@mail.example,travel
CR01285,youtube,@creator1285_youtube,55124,3103,186579,6666,755,332,,False,Creator 1285,FR,creator1285@mail.example,travel
CR01286,tiktok,@creator1286_tiktok,6742,-293,44661,1995,81,12,0.0,False,Creator 1286,CA,creator1286@mail.example,tech
CR01286,youtube,@creator1286_youtube,719192,-8375,3746355,135936,66474,21371,,False,Creator 1286,CA,creator1286@mail.example,tech
CR01286,instagram,@creator1286_instagram,7182,316,5468,254,13,0,4.0,False,Creator 1286,CA,creator1286@mail.example,tech
CR01287,tiktok,@creator1287_tiktok,13059,74,83373,2106,402,93,173.0,False,Creator 1287,US,creator1287@mail.example,fitness
CR01287,youtube,@creator1287_youtube,112674,9434,177341,6285,303,30,,False,Creator 1287,US,creator1287@mail.example,fitness
CR01287,instagram,@creator1287_instagram,5570,1072,1414,91,1,4,4.0,False,Creator 1287,US,creator1287@mail.example,fitness
CR01288,instagram,@creator1288_instagram,9257,360,4675,271,59,7,1.0,False,Creator 1288,GB,creator1288@mail.example,gaming
CR01288,youtube,@creator1288_youtube,21245,-825,21140,1645,22,24,,False,Creator 1288,GB,creator1288@mail.example,gaming
CR01289,youtube,@creator1289_youtube,31692,3591,42254,2237,1060,11,,False,Creator 1289,KR,creator1289@mail.example,tech
CR01289,instagram,@creator1289_instagram,1341124,168935,886770,34343,2410,803,3832.0,False,Creator 1289,KR,creator1289@mail.example,tech
CR01290,tiktok,@creator1290_tiktok,129565,5143,479547,30989,3119,1915,5028.0,False,Creator 1290,GB,creator1290@mail.example,beauty
CR01290,youtube,@creator1290_youtube,3582,248,7315,415,13,4,,False,Creator 1290,GB,creator1290@mail.example,beauty
CR01290,instagram,@creator1290_instagram,40188,7286,45895,1647,88,49,34.0,False,Creator 1290,GB,creator1290@mail.example,beauty
CR01291,instagram,@creator1291_instagram,23966,-2285,17077,689,146,23,1.0,False,Creator 1291,BR,creator1291@mail.example,finance
CR01291,youtube,@creator1291_youtube,250319,37157,264867,8482,178,293,,False,Creator 1291,BR,creator1291@mail.example,finance
CR01291,tiktok,@creator1291_tiktok,331773,29975,1378192,29087,1480,1410,117.0,False,Creator 1291,BR,creator1291@mail.example,finance
CR01292,instagram,@creator1292_instagram,98225,-2368,27890,1103,106,283,59.0,True,Creator 1292,CA,creator1292@mail.example,beauty
CR01292,youtube,@creator1292_youtube,254654,19009,284123,16596,25,292,,False,Creator 1292,CA,creator1292@mail.example,beauty
CR01292,tiktok,@creator1292_tiktok,45578,1134,78343,4325,0,1,596.0,False,Creator 1292,CA,creator1292@mail.example,beauty
CR01293,tiktok,@creator1293_tiktok,7072,1099,50209,1858,111,0,286.0,False,Creator 1293,JP,creator1293@mail.example,travel
CR01294,youtube,@creator1294_youtube,36491,2650,54780,1871,13,194,,False,Creator 1294,IN,creator1294@mail.example,food
CR01294,tiktok,@creator1294_tiktok,31716,4555,53582,1538,12,295,101.0,False,Creator 1294,IN,creator1294@mail.example,food
CR01294,instagram,@creator1294_instagram,1730410,189138,707428,19623,13614,2557,6297.0,False,Creator 1294,IN,creator1294@mail.example,food
CR01295,youtube,@creator1295_youtube,1372667,60818,1094697,53271,65,6546,,False,Creator 1295,CA,creator1295@mail.example,education
CR01295,tiktok,@creator1295_tiktok,20917,2697,146635,5954,89,509,147.0,False,Creator 1295,CA,creator1295@mail.example,education
CR01295,instagram,@creator1295_instagram,11750,672,1976,42,0,0,1.0,True,Creator 1295,CA,creator1295@mail.example,education
CR01296,youtube,@creator1296_youtube,6856,688,17276,1285,338,72,,False,Creator 1296,BR,creator1296@mail.example,finance
CR01296,instagram,@creator1296_instagram,1285755,103823,678774,22911,1185,18,1974.0,False,Creator 1296,BR,creator1296@mail.example,finance
CR01296,tiktok,@creator1296_tiktok,28782,1606,164890,9939,198,1047,0.0,False,Creator 1296,BR,creator1296@mail.example,finance
CR01297,tiktok,@creator1297_tiktok,277269,36728,348628,15289,15,709,35.0,False,Creator 1297,GB,creator1297@mail.example,music
CR01297,instagram,@creator1297_instagram,601589,17493,250658,18313,656,4822,259.0,False,Creator 1297,GB,creator1297@mail.example,music
CR01298,youtube,@creator1298_youtube,9393,251,29240,642,14,4,,False,Creator 1298,DE,creator1298@mail.example,gaming
CR01298,tiktok,@creator1298_tiktok,8303,885,20485,936,116,0,126.0,False,Creator 1298,DE,creator1298@mail.example,gaming
CR01298,instagram,@creator1298_instagram,23727,2680,45410,1177,65,64,102.0,False,Creator 1298,DE,creator1298@mail.example,gaming
CR01299,instagram,@creator1299_instagram,29862,3633,10742,799,12,0,47.0,False,Creator 1299,KR,creator1299@mail.example,gaming
CR01300,youtube,@creator1300_youtube,61496,4126,78689,4370,699,0,,False,Creator 1300,IN,creator1300@mail.example,food
CR01300,instagram,@creator1300_instagram,19291,-574,6962,288,2,12,7.0,False,Creator 1300,IN,creator1300@mail.example,food
CR01300,tiktok,@creator1300_tiktok,199151,-12167,1575761,35283,373,797,7630.0,False,Creator 1300,IN,creator1300@mail.example,food
CR01301,youtube,@creator1301_youtube,592137,9942,613485,26868,1226,2251,,False,Creator 1301,CA,creator1301@mail.example,music
CR01302,instagram,@creator1302_instagram,17160,3445,9120,467,0,0,95.0,False,Creator 1302,DE,creator1302@mail.example,finance
CR01302,youtube,@creator1302_youtube,1650606,325274,2749039,152963,14470,905,,False,Creator 1302,DE,creator1302@mail.example,finance
CR01302,tiktok,@creator1302_tiktok,73160,5022,271286,5929,237,117,25.0,False,Creator 1302,DE,creator1302@mail.example,finance
CR01303,youtube,@creator1303_youtube,138004,14746,138283,5466,229,204,,False,Creator 1303,KR,creator1303@mail.example,gaming
CR01303,tiktok,@creator1303_tiktok,5093,548,27470,1277,4,4,88.0,False,Creator 1303,KR,creator1303@mail.example,gaming
CR01303,instagram,@creator1303_instagram,192582,10327,153096,6335,1330,376,2244.0,False,Creator 1303,KR,creator1303@mail.example,gaming
CR01304,youtube,@creator1304_youtube,8520,-586,16413,873,49,149,,False,Creator 1304,IN,creator1304@mail.example,education
CR01304,tiktok,@creator1304_tiktok,9581,568,21982,801,174,1,225.0,False,Creator 1304,IN,creator1304@mail.example,education
CR01304,instagram,@creator1304_instagram,73550,11892,47705,1693,176,109,394.0,False,Creator 1304,IN,creator1304@mail.example,education
CR01305,youtube,@creator1305_youtube,35977,3603,15615,1076,3,0,,False,Creator 1305,JP,creator1305@mail.example,gaming
CR01306,tiktok,@creator1306_tiktok,19509,1575,195135,8618,341,497,88.0,False,Creator 1306,CA,creator1306@mail.example,finance
CR01306,youtube,@creator1306_youtube,38555,3337,73244,1448,51,106,,False,Creator 1306,CA,creator1306@mail.example,finance
CR01306,instagram,@creator1306_instagram,23171,995,3600,307,0,25,1.0,False,Creator 1306,CA,creator1306@mail.example,finance
CR01307,tiktok,@creator1307_tiktok,40236,3984,72742,1518,125,887,74.0,False,Creator 1307,IN,creator1307@mail.example,food
CR01307,instagram,@creator1307_instagram,334594,60362,108136,3331,197,174,609.0,False,Creator 1307,IN,creator1307@mail.example,food
CR01307,youtube,@creator1307_youtube,198754,12595,191259,16147,322,209,,False,Creator 1307,IN,creator1307@mail.example,food
CR01308,instagram,@creator1308_instagram,710856,-12701,472425,20944,0,0,1652.0,False,Creator 1308,MX,creator1308@mail.example,food
CR01308,youtube,@creator1308_youtube,57149,1807,35627,1152,155,3,,False,Creator 1308,MX,creator1308@mail.example,food
CR01309,instagram,@creator1309_instagram,61901,7605,109884,1786,525,457,8.0,False,Creator 1309,JP,creator1309@mail.example,food
CR01309,tiktok,@creator1309_tiktok,78751,12515,200611,13044,100,1146,116.0,False,Creator 1309,JP,creator1309@mail.example,food
CR01309,youtube,@creator1309_youtube,93549,7268,138532,3865,34,0,,False,Creator 1309,JP,creator1309@mail.example,food
CR01310,instagram,@creator1310_instagram,9094,640,17686,406,51,30,60.0,False,Creator 1310,BR,creator1310@mail.example,gaming
CR01310,youtube,@creator1310_youtube,83317,11874,151485,2548,1678,82,,False,Creator 1310,BR,creator1310@mail.example,gaming
CR01311,youtube,@creator1311_youtube,294000,43250,247625,8547,31,898,,False,Creator 1311,KR,creator1311@mail.example,fitness
CR01311,instagram,@creator1311_instagram,108472,5411,106879,4926,0,0,121.0,False,Creator 1311,KR,creator1311@mail.example,fitness
CR01312,youtube,@creator1312_youtube,31902,4556,97603,4225,67,47,,False,Creator 1312,IN,creator1312@mail.example,finance
CR01312,tiktok,@creator1312_tiktok,5070,778,30804,1135,292,0,4.0,False,Creator 1312,IN,creator1312@mail.example,finance
CR01313,youtube,@creator1313_youtube,11517,1146,14258,1034,0,40,,False,Creator 1313,KR,creator1313@mail.example,fitness
CR01313,tiktok,@creator1313_tiktok,2435,205,15578,407,114,0,119.0,False,Creator 1313,KR,creator1313@mail.example,fitness
CR01313,instagram,@creator1313_instagram,78773,13449,8498,253,6,0,2.0,False,Creator 1313,KR,creator1313@mail.example,fitness
CR01314,youtube,@creator1314_youtube,44828,8010,152087,5956,1231,172,,False,Creator 1314,MX,creator1314@mail.example,travel
CR01314,instagram,@creator1314_instagram,265051,19368,155353,6700,706,325,149.0,False,Creator 1314,MX,creator1314@mail.example,travel
CR01314,tiktok,@creator1314_tiktok,22819,2972,202007,7410,691,278,1154.0,False,Creator 1314,MX,creator1314@mail.example,travel
CR01315,instagram,@creator1315_instagram,86391,17444,66360,4199,36,380,7.0,False,Creator 1315,BR,creator1315@mail.example,gaming
CR01315,tiktok,@creator1315_tiktok,9651,552,12979,653,24,102,70.0,False,Creator 1315,BR,creator1315@mail.example,gaming
CR01316,instagram,@creator1316_instagram,13169,363,6660,364,23,12,1.0,False,Creator 1316,DE,creator1316@mail.example,education
CR01316,tiktok,@creator1316_tiktok,122152,-2689,278220,23403,6171,0,0.0,False,Creator 1316,DE,creator1316@mail.example,education
CR01317,tiktok,@creator1317_tiktok,64147,2611,1346175,69641,2627,7038,5723.0,False,Creator 1317,DE,creator1317@mail.example,tech
CR01318,tiktok,@creator1318_tiktok,53623,8006,224583,9636,253,87,227.0,False,Creator 1318,US,creator1318@mail.example,music
CR01319,instagram,@creator1319_instagram,7174,309,3268,106,8,10,0.0,False,Creator 1319,BR,creator1319@mail.example,finance
CR01319,tiktok,@creator1319_tiktok,68952,-254,385217,14013,36,653,310.0,False,Creator 1319,BR,creator1319@mail.example,finance
CR01319,youtube,@creator1319_youtube,886,165,1255,25,3,0,,False,Creator 1319,BR,creator1319@mail.example,finance
CR01320,instagram,@creator1320_instagram,2433,113,1009,43,3,7,1.0,True,Creator 1320,CA,creator1320@mail.example,tech
CR01320,tiktok,@creator1320_tiktok,8143,-86,16188,784,259,0,39.0,False,Creator 1320,CA,creator1320@mail.example,tech
CR01321,tiktok,@creator1321_tiktok,263888,22279,167789,2804,174,25,131.0,False,Creator 1321,FR,creator1321@mail.example,education
CR01321,instagram,@creator1321_instagram,42244,4266,17769,310,29,0,35.0,False,Creator 1321,FR,creator1321@mail.example,education
CR01322,instagram,@creator1322_instagram,34685,2023,26006,905,172,45,28.0,True,Creator 1322,CA,creator1322@mail.example,beauty
CR01322,youtube,@creator1322_youtube,7437,669,19874,1626,143,228,,False,Creator 1322,CA,creator1322@mail.example,beauty
CR01322,tiktok,@creator1322_tiktok,28546,3784,94585,7428,396,1,0.0,False,Creator 1322,CA,creator1322@mail.example,beauty
CR01323,tiktok,@creator1323_tiktok,217223,3816,530182,10291,150,161,1107.0,False,Creator 1323,IN,creator1323@mail.example,food
CR01323,instagram,@creator1323_instagram,22451,903,15617,827,0,24,0.0,False,Creator 1323,IN,creator1323@mail.example,food
CR01323,youtube,@creator1323_youtube,115506,6505,74835,2455,137,0,,False,Creator 1323,IN,creator1323@mail.example,food
CR01324,instagram,@creator1324_instagram,182379,17562,81898,2933,90,19,14.0,False,Creator 1324,DE,creator1324@mail.example,music
CR01324,youtube,@creator1324_youtube,102388,15368,112827,4444,163,0,,False,Creator 1324,DE,creator1324@mail.example,music
CR01324,tiktok,@creator1324_tiktok,28866,577,114600,6051,1059,1,354.0,False,Creator 1324,DE,creator1324@mail.example,music
CR01325,instagram,@creator1325_instagram,110941,3413,113693,7831,977,726,1521.0,False,Creator 1325,FR,creator1325@mail.example,finance
CR01325,tiktok,@creator1325_tiktok,75513,13977,661445,31636,3076,8512,5290.0,False,Creator 1325,FR,creator1325@mail.example,finance
CR01325,youtube,@creator1325_youtube,6284,126,13877,543,2,23,,False,Creator 1325,FR,creator1325@mail.example,finance
CR01326,youtube,@creator1326_youtube,15301,1295,17102,650,258,13,,False,Creator 1326,CA,creator1326@mail.example,food
CR01326,tiktok,@creator1326_tiktok,14852,7,11734,915,15,7,0.0,False,Creator 1326,CA,creator1326@mail.example,food
CR01327,instagram,@creator1327_instagram,78859,3956,35452,1469,535,0,26.0,False,Creator 1327,IN,creator1327@mail.example,music
CR01327,tiktok,@creator1327_tiktok,34244,-706,139679,11620,906,266,232.0,False,Creator 1327,IN,creator1327@mail.example,music
CR01327,youtube,@creator1327_youtube,51946,4143,157077,8015,1931,351,,False,Creator 1327,IN,creator1327@mail.example,music
CR01328,tiktok,@creator1328_tiktok,217987,15718,1560276,80753,14341,15897,12441.0,False,Creator 1328,GB,creator1328@mail.example,tech
CR01328,instagram,@creator1328_instagram,24680,4313,25704,1357,75,552,0.0,False,Creator 1328,GB,creator1328@mail.example,tech
CR01329,youtube,@creator1329_youtube,367983,9353,1729106,50022,4997,3466,,False,Creator 1329,MX,creator1329@mail.example,music
CR01329,tiktok,@creator1329_tiktok,28031,3428,52890,1452,319,452,79.0,False,Creator 1329,MX,creator1329@mail.example,music
CR01330,youtube,@creator1330_youtube,212842,11090,96233,6686,365,175,,False,Creator 1330,US,creator1330@mail.example,education
CR01330,instagram,@creator1330_instagram,32573,3689,2964,135,16,28,9.0,True,Creator 1330,US,creator1330@mail.example,education
CR01330,tiktok,@creator1330_tiktok,4674,992,8174,693,5,1,13.0,False,Creator 1330,US,creator1330@mail.example,education
CR01331,youtube,@creator1331_youtube,247295,33113,151948,11040,80,131,,False,Creator 1331,DE,creator1331@mail.example,gaming
CR01331,instagram,@creator1331_instagram,6503,706,3674,80,4,10,1.0,False,Creator 1331,DE,creator1331@mail.example,gaming
CR01332,instagram,@creator1332_instagram,2406,-13,7859,501,20,61,0.0,True,Creator 1332,JP,creator1332@mail.example,food
CR01333,tiktok,@creator1333_tiktok,105907,16894,301377,14389,29,113,1016.0,False,Creator 1333,MX,creator1333@mail.example,beauty
CR01333,instagram,@creator1333_instagram,266587,16444,188331,6611,46,14,13.0,False,Creator 1333,MX,creator1333@mail.example,beauty
CR01334,youtube,@creator1334_youtube,165914,1791,239275,17788,63,2553,,False,Creator 1334,MX,creator1334@mail.example,fitness
CR01334,instagram,@creator1334_instagram,66275,5745,10257,479,61,26,33.0,False,Creator 1334,MX,creator1334@mail.example,fitness
CR01334,tiktok,@creator1334_tiktok,24937,761,150350,4705,0,514,389.0,False,Creator 1334,MX,creator1334@mail.example,fitness
CR01335,tiktok,@creator1335_tiktok,86102,1633,458044,13318,678,297,12.0,False,Creator 1335,KR,creator1335@mail.example,fitness
CR01335,youtube,@creator1335_youtube,29490,-329,28469,1233,6,1,,False,Creator 1335,KR,creator1335@mail.example,fitness
CR01336,youtube,@creator1336_youtube,314148,41260,207479,9342,275,75,,False,Creator 1336,GB,creator1336@mail.example,travel
CR01337,youtube,@creator1337_youtube,39110,4170,45341,2392,394,49,,False,Creator 1337,IN,creator1337@mail.example,music
CR01337,tiktok,@creator1337_tiktok,33941,3114,89049,3459,303,873,335.0,False,Creator 1337,IN,creator1337@mail.example,music
CR01337,instagram,@creator1337_instagram,18841,3189,4577,218,0,5,0.0,False,Creator 1337,IN,creator1337@mail.example,music
CR01338,tiktok,@creator1338_tiktok,96877,10550,406938,18036,16,1,652.0,False,Creator 1338,MX,creator1338@mail.example,fitness
CR01339,instagram,@creator1339_instagram,27486,5213,34003,1645,38,30,13.0,False,Creator 1339,FR,creator1339@mail.example,gaming
CR01339,tiktok,@creator1339_tiktok,8543,-482,51847,1975,1133,81,227.0,False,Creator 1339,FR,creator1339@mail.example,gaming
CR01340,youtube,@creator1340_youtube,2544,43,1119,62,5,0,,False,Creator 1340,DE,creator1340@mail.example,tech
CR01341,instagram,@creator1341_instagram,7166607,417724,5255390,277209,4013,2522,11264.0,False,Creator 1341,IN,creator1341@mail.example,music
CR01341,youtube,@creator1341_youtube,12969,2325,36090,1656,4,117,,False,Creator 1341,IN,creator1341@mail.example,music
CR01342,youtube,@creator1342_youtube,3856,279,12348,1085,36,178,,False,Creator 1342,FR,creator1342@mail.example,comedy
CR01342,instagram,@creator1342_instagram,177414,23378,232864,4736,39,460,98.0,False,Creator 1342,FR,creator1342@mail.example,comedy
CR01342,tiktok,@creator1342_tiktok,16757,1891,97227,5311,683,0,178.0,False,Creator 1342,FR,creator1342@mail.example,comedy
CR01343,instagram,@creator1343_instagram,62469,5622,458650,9455,238,0,158.0,False,Creator 1343,DE,creator1343@mail.example,travel
CR01343,tiktok,@creator1343_tiktok,9362,1535,23122,1581,242,0,217.0,False,Creator 1343,DE,creator1343@mail.example,travel
CR01343,youtube,@creator1343_youtube,183619,25424,181338,3418,436,66,,False,Creator 1343,DE,creator1343@mail.example,travel
CR01344,tiktok,@creator1344_tiktok,42079,3794,88938,7682,1039,230,62.0,False,Creator 1344,KR,creator1344@mail.example,beauty
CR01345,instagram,@creator1345_instagram,203886,1508,105854,2000,441,11,171.0,False,Creator 1345,CA,creator1345@mail.example,travel
CR01345,tiktok,@creator1345_tiktok,5024,268,21577,1097,202,0,698.0,False,Creator 1345,CA,creator1345@mail.example,travel
CR01346,tiktok,@creator1346_tiktok,14810,1300,25603,2210,0,4,31.0,False,Creator 1346,DE,creator1346@mail.example,comedy
CR01347,youtube,@creator1347_youtube,1049753,60363,1015022,85983,6997,1133,,False,Creator 1347,DE,creator1347@mail.example,music
CR01347,tiktok,@creator1347_tiktok,21386,3684,55828,1502,6,57,66.0,False,Creator 1347,DE,creator1347@mail.example,music
CR01347,instagram,@creator1347_instagram,223981,-8610,71460,3183,287,136,648.0,False,Creator 1347,DE,creator1347@mail.example,music
CR01348,tiktok,@creator1348_tiktok,140147,26135,686420,25848,32,2060,176.0,False,Creator 1348,GB,creator1348@mail.example,travel
CR01348,instagram,@creator1348_instagram,348735,36674,101731,2286,148,609,132.0,False,Creator 1348,GB,creator1348@mail.example,travel
CR01349,instagram,@creator1349_instagram,9106,747,8445,411,0,25,101.0,False,Creator 1349,JP,creator1349@mail.example,music
CR01349,youtube,@creator1349_youtube,248938,41595,197006,13465,2024,570,,False,Creator 1349,JP,creator1349@mail.example,music
CR01349,tiktok,@creator1349_tiktok,486468,72402,4561932,410436,2423,1740,58647.0,False,Creator 1349,JP,creator1349@mail.example,music
CR01350,instagram,@creator1350_instagram,50591,1935,46772,669,101,104,210.0,False,Creator 1350,BR,creator1350@mail.example,beauty
CR01350,youtube,@creator1350_youtube,55095,-1367,20405,1518,21,31,,False,Creator 1350,BR,creator1350@mail.example,beauty
CR01350,tiktok,@creator1350_tiktok,123751,9680,388008,7181,206,919,381.0,False,Creator 1350,BR,creator1350@mail.example,beauty
CR01351,tiktok,@creator1351_tiktok,86519,9092,104857,4933,342,231,146.0,False,Creator 1351,CA,creator1351@mail.example,beauty
CR01352,tiktok,@creator1352_tiktok,107652,5905,438659,17920,2418,449,215.0,False,Creator 1352,KR,creator1352@mail.example,music
CR01352,instagram,@creator1352_instagram,63289,5981,19258,901,50,139,19.0,True,Creator 1352,KR,creator1352@mail.example,music
CR01352,youtube,@creator1352_youtube,46728,6891,132527,5433,0,159,,False,Creator 1352,KR,creator1352@mail.example,music
CR01353,instagram,@creator1353_instagram,407040,14390,215434,9053,671,999,1839.0,False,Creator 1353,US,creator1353@mail.example,travel
CR01353,youtube,@creator1353_youtube,8692,172,5140,86,21,0,,False,Creator 1353,US,creator1353@mail.example,travel
CR01353,tiktok,@creator1353_tiktok,14155,-25,261780,14673,296,257,181.0,False,Creator 1353,US,creator1353@mail.example,travel
CR01354,instagram,@creator1354_instagram,144326,11499,194896,4995,3694,472,251.0,False,Creator 1354,IN,creator1354@mail.example,comedy
CR01354,youtube,@creator1354_youtube,60652,7417,29270,884,0,97,,False,Creator 1354,IN,creator1354@mail.example,comedy
CR01354,tiktok,@creator1354_tiktok,7878,484,35947,900,426,73,15.0,False,Creator 1354,IN,creator1354@mail.example,comedy
CR01355,youtube,@creator1355_youtube,429426,82466,645762,32608,6773,0,,False,Creator 1355,MX,creator1355@mail.example,food
CR01355,tiktok,@creator1355_tiktok,72791,5213,601428,32671,709,0,3802.0,False,Creator 1355,MX,creator1355@mail.example,food
CR01355,instagram,@creator1355_instagram,16147,1235,18050,414,0,0,39.0,False,Creator 1355,MX,creator1355@mail.example,food
CR01356,tiktok,@creator1356_tiktok,137657,9156,1687473,32889,2436,1144,2567.0,False,Creator 1356,IN,creator1356@mail.example,music
CR01356,instagram,@creator1356_instagram,1355740,152251,833881,9460,917,1297,1484.0,False,Creator 1356,IN,creator1356@mail.example,music
CR01357,youtube,@creator1357_youtube,17722,1507,23789,1039,0,122,,False,Creator 1357,IN,creator1357@mail.example,food
CR01357,instagram,@creator1357_instagram,30108,-413,25121,592,106,77,18.0,False,Creator 1357,IN,creator1357@mail.example,food
CR01357,tiktok,@creator1357_tiktok,5730,-621,5000,243,0,3,8.0,False,Creator 1357,IN,creator1357@mail.example,food
CR01358,youtube,@creator1358_youtube,14023,2267,10524,1002,0,154,,False,Creator 1358,KR,creator1358@mail.example,education
CR01358,tiktok,@creator1358_tiktok,18421,643,7513,237,0,15,10.0,False,Creator 1358,KR,creator1358@mail.example,education
CR01359,instagram,@creator1359_instagram,35587,6616,47960,1457,431,33,34.0,False,Creator 1359,DE,creator1359@mail.example,tech
CR01359,tiktok,@creator1359_tiktok,139602,12583,583339,22375,912,12,98.0,False,Creator 1359,DE,creator1359@mail.example,tech
CR01360,youtube,@creator1360_youtube,5217,706,4989,315,52,30,,False,Creator 1360,US,creator1360@mail.example,travel
CR01360,instagram,@creator1360_instagram,52128,8892,43533,766,78,22,45.0,False,Creator 1360,US,creator1360@mail.example,travel
CR01361,youtube,@creator1361_youtube,28071,1996,50865,3230,807,21,,False,Creator 1361,US,creator1361@mail.example,food
CR01361,tiktok,@creator1361_tiktok,181703,15380,687031,11137,533,3489,737.0,False,Creator 1361,US,creator1361@mail.example,food
CR01362,tiktok,@creator1362_tiktok,285689,24338,1618608,79573,7434,2298,3939.0,False,Creator 1362,BR,creator1362@mail.example,music
CR01362,youtube,@creator1362_youtube,3920,628,4099,105,54,16,,False,Creator 1362,BR,creator1362@mail.example,music
CR01362,instagram,@creator1362_instagram,14298,1762,1629,71,10,0,8.0,False,Creator 1362,BR,creator1362@mail.example,music
CR01363,tiktok,@creator1363_tiktok,137493,7484,304726,7906,0,268,1155.0,False,Creator 1363,CA,creator1363@mail.example,gaming
CR01364,instagram,@creator1364_instagram,19148,1459,5080,143,31,19,0.0,False,Creator 1364,IN,creator1364@mail.example,tech
CR01364,tiktok,@creator1364_tiktok,53091,8169,573133,47210,4867,4692,2220.0,False,Creator 1364,IN,creator1364@mail.example,tech
CR01365,tiktok,@creator1365_tiktok,20236,2469,87482,3562,332,827,19.0,False,Creator 1365,KR,creator1365@mail.example,gaming
CR01365,instagram,@creator1365_instagram,24245,1072,27298,2814,0,2,7.0,False,Creator 1365,KR,creator1365@mail.example,gaming
CR01365,youtube,@creator1365_youtube,19788,1185,15682,990,31,0,,False,Creator 1365,KR,creator1365@mail.example,gaming
CR01366,instagram,@creator1366_instagram,140046,12694,11587,1081,14,9,11.0,False,Creator 1366,FR,creator1366@mail.example,travel
CR01367,tiktok,@creator1367_tiktok,34402,115,55711,1839,60,6,27.0,False,Creator 1367,FR,creator1367@mail.example,fitness
CR01367,youtube,@creator1367_youtube,184945,23490,67254,4394,308,1091,,False,Creator 1367,FR,creator1367@mail.example,fitness
CR01367,instagram,@creator1367_instagram,78463,12754,110873,6990,690,299,408.0,False,Creator 1367,FR,creator1367@mail.example,fitness
CR01368,instagram,@creator1368_instagram,17906,1991,7968,504,2,4,77.0,False,Creator 1368,MX,creator1368@mail.example,food
CR01369,tiktok,@creator1369_tiktok,12675,1863,37319,1823,438,0,0.0,False,Creator 1369,DE,creator1369@mail.example,fitness
CR01370,tiktok,@creator1370_tiktok,50488,5215,126927,4524,339,22,353.0,False,Creator 1370,US,creator1370@mail.example,beauty
CR01370,youtube,@creator1370_youtube,28876,468,35066,2295,10,448,,False,Creator 1370,US,creator1370@mail.example,beauty
CR01371,tiktok,@creator1371_tiktok,18490,864,114156,5972,555,434,104.0,False,Creator 1371,CA,creator1371@mail.example,food
CR01371,youtube,@creator1371_youtube,228451,26561,608463,54558,2866,2511,,False,Creator 1371,CA,creator1371@mail.example,food
CR01372,instagram,@creator1372_instagram,938038,-62379,221112,6002,0,146,19.0,False,Creator 1372,JP,creator1372@mail.example,tech
CR01372,youtube,@creator1372_youtube,98549,7330,295177,9442,24,847,,False,Creator 1372,JP,creator1372@mail.example,tech
CR01372,tiktok,@creator1372_tiktok,34042,-1098,88556,1896,460,0,56.0,False,Creator 1372,JP,creator1372@mail.example,tech
CR01373,instagram,@creator1373_instagram,19309,-2041,25619,350,141,1,39.0,False,Creator 1373,BR,creator1373@mail.example,comedy
CR01373,tiktok,@creator1373_tiktok,100080,13423,498384,31335,1599,0,0.0,False,Creator 1373,BR,creator1373@mail.example,comedy
CR01373,youtube,@creator1373_youtube,46495,2591,221770,11904,219,53,,False,Creator 1373,BR,creator1373@mail.example,comedy
CR01374,tiktok,@creator1374_tiktok,143722,16359,73101,3281,72,228,475.0,False,Creator 1374,KR,creator1374@mail.example,fitness
CR01374,instagram,@creator1374_instagram,9506,1786,23997,692,0,0,24.0,False,Creator 1374,KR,creator1374@mail.example,fitness
CR01374,youtube,@creator1374_youtube,282551,-22851,64185,3454,391,142,,False,Creator 1374,KR,creator1374@mail.example,fitness
CR01375,instagram,@creator1375_instagram,5973,611,3256,209,59,0,1.0,False,Creator 1375,US,creator1375@mail.example,comedy
CR01376,instagram,@creator1376_instagram,23610,3872,46416,1203,0,203,206.0,False,Creator 1376,US,creator1376@mail.example,education
CR01376,tiktok,@creator1376_tiktok,64666,7431,63310,3705,740,259,190.0,False,Creator 1376,US,creator1376@mail.example,education
CR01376,youtube,@creator1376_youtube,404805,2839,388555,21878,0,314,,False,Creator 1376,US,creator1376@mail.example,education
CR01377,tiktok,@creator1377_tiktok,11354,1409,67853,1468,390,0,150.0,False,Creator 1377,US,creator1377@mail.example,education
CR01377,youtube,@creator1377_youtube,51297,-4574,46713,1301,150,95,,False,Creator 1377,US,creator1377@mail.example,education
CR01378,youtube,@creator1378_youtube,15445,3123,22934,617,74,26,,False,Creator 1378,US,creator1378@mail.example,food
CR01378,instagram,@creator1378_instagram,213892,38679,418302,32641,2946,0,73.0,False,Creator 1378,US,creator1378@mail.example,food
CR01379,tiktok,@creator1379_tiktok,565395,20692,2317986,221055,721,2267,5886.0,False,Creator 1379,KR,creator1379@mail.example,fitness
CR01379,instagram,@creator1379_instagram,21112,-1334,14245,527,22,65,108.0,False,Creator 1379,KR,creator1379@mail.example,fitness
CR01380,instagram,@creator1380_instagram,34622,1820,29101,1055,414,21,0.0,False,Creator 1380,DE,creator1380@mail.example,travel
CR01380,tiktok,@creator1380_tiktok,38610,4997,82814,7750,236,127,1181.0,False,Creator 1380,DE,creator1380@mail.example,travel
CR01381,tiktok,@creator1381_tiktok,2071289,159817,13025629,549978,107933,33,28546.0,False,Creator 1381,IN,creator1381@mail.example,travel
CR01381,instagram,@creator1381_instagram,545177,-20430,643096,39664,1495,186,4830.0,False,Creator 1381,IN,creator1381@mail.example,travel
CR01381,youtube,@creator1381_youtube,546737,42346,1567730,48903,2093,2735,,False,Creator 1381,IN,creator1381@mail.example,travel
CR01382,tiktok,@creator1382_tiktok,13984,904,91259,4548,38,36,23.0,False,Creator 1382,GB,creator1382@mail.example,food
CR01383,tiktok,@creator1383_tiktok,263786,36004,1366190,83242,9686,4370,4053.0,False,Creator 1383,MX,creator1383@mail.example,music
CR01383,instagram,@creator1383_instagram,269197,40057,126328,8074,562,0,368.0,False,Creator 1383,MX,creator1383@mail.example,music
CR01383,youtube,@creator1383_youtube,2431,336,4223,104,22,4,,False,Creator 1383,MX,creator1383@mail.example,music
CR01384,tiktok,@creator1384_tiktok,62956,6748,78550,2372,549,219,67.0,False,Creator 1384,DE,creator1384@mail.example,music
CR01384,instagram,@creator1384_instagram,23013,1010,10417,504,90,42,75.0,False,Creator 1384,DE,creator1384@mail.example,music
CR01384,youtube,@creator1384_youtube,11077,2238,20169,860,116,49,,False,Creator 1384,DE,creator1384@mail.example,music
CR01385,instagram,@creator1385_instagram,94078,1770,46589,1003,0,0,87.0,False,Creator 1385,MX,creator1385@mail.example,finance
CR01385,tiktok,@creator1385_tiktok,45385,5492,498849,14719,1251,406,524.0,False,Creator 1385,MX,creator1385@mail.example,finance
CR01385,youtube,@creator1385_youtube,2358,289,1785,95,7,11,,False,Creator 1385,MX,creator1385@mail.example,finance
CR01386,instagram,@creator1386_instagram,3859,619,3026,97,21,0,10.0,False,Creator 1386,BR,creator1386@mail.example,food
CR01386,youtube,@creator1386_youtube,186765,17204,165034,10591,239,172,,False,Creator 1386,BR,creator1386@mail.example,food
CR01387,youtube,@creator1387_youtube,111794,121,107163,4283,22,190,,False,Creator 1387,FR,creator1387@mail.example,tech
CR01387,instagram,@creator1387_instagram,151392,18866,71078,1700,237,13,12.0,False,Creator 1387,FR,creator1387@mail.example,tech
CR01387,tiktok,@creator1387_tiktok,125541,4564,139708,4741,246,1072,210.0,False,Creator 1387,FR,creator1387@mail.example,tech
CR01388,youtube,@creator1388_youtube,1626862,270129,2718371,91508,8102,5395,,False,Creator 1388,KR,creator1388@mail.example,education
CR01388,instagram,@creator1388_instagram,22286,2567,4654,172,0,0,21.0,False,Creator 1388,KR,creator1388@mail.example,education
CR01388,tiktok,@creator1388_tiktok,9922,1210,47949,1154,107,109,0.0,False,Creator 1388,KR,creator1388@mail.example,education
CR01389,instagram,@creator1389_instagram,45947,3920,35476,2235,94,0,338.0,False,Creator 1389,IN,creator1389@mail.example,comedy
CR01390,youtube,@creator1390_youtube,49254,6646,69588,3593,0,131,,False,Creator 1390,KR,creator1390@mail.example,food
CR01390,tiktok,@creator1390_tiktok,107019,3149,124562,3975,57,526,469.0,False,Creator 1390,KR,creator1390@mail.example,food
CR01390,instagram,@creator1390_instagram,9002,454,7296,456,1,36,0.0,False,Creator 1390,KR,creator1390@mail.example,food
CR01391,youtube,@creator1391_youtube,154318,19637,188837,9424,1388,703,,False,Creator 1391,CA,creator1391@mail.example,food
CR01392,tiktok,@creator1392_tiktok,26389,1495,99260,2129,931,47,33.0,False,Creator 1392,BR,creator1392@mail.example,education
CR01392,youtube,@creator1392_youtube,56933,3461,73654,1906,131,3,,False,Creator 1392,BR,creator1392@mail.example,education
CR01392,instagram,@creator1392_instagram,46215,8934,23198,750,9,27,1.0,False,Creator 1392,BR,creator1392@mail.example,education
CR01393,tiktok,@creator1393_tiktok,15979,1349,24247,1019,149,23,0.0,False,Creator 1393,DE,creator1393@mail.example,fitness
CR01393,youtube,@creator1393_youtube,54907,255,107641,2287,105,0,,False,Creator 1393,DE,creator1393@mail.example,fitness
CR01393,instagram,@creator1393_instagram,3356,520,3723,67,4,0,3.0,False,Creator 1393,DE,creator1393@mail.example,fitness
CR01394,instagram,@creator1394_instagram,38263,3528,49086,1345,186,0,8.0,False,Creator 1394,KR,creator1394@mail.example,tech
CR01394,tiktok,@creator1394_tiktok,165927,12275,179084,3408,64,346,1977.0,False,Creator 1394,KR,creator1394@mail.example,tech
CR01395,instagram,@creator1395_instagram,278936,39322,332812,10831,256,1296,128.0,False,Creator 1395,JP,creator1395@mail.example,finance
CR01395,youtube,@creator1395_youtube,186966,15532,72127,1943,289,61,,False,Creator 1395,JP,creator1395@mail.example,finance
CR01395,tiktok,@creator1395_tiktok,42161,359,50111,1735,645,398,93.0,False,Creator 1395,JP,creator1395@mail.example,finance
CR01396,tiktok,@creator1396_tiktok,14173,1201,18799,408,0,23,2.0,False,Creator 1396,CA,creator1396@mail.example,education
CR01396,instagram,@creator1396_instagram,438585,1181,535708,8923,148,760,101.0,False,Creator 1396,CA,creator1396@mail.example,education
CR01396,youtube,@creator1396_youtube,2772,114,5212,213,130,77,,False,Creator 1396,CA,creator1396@mail.example,education
CR01397,tiktok,@creator1397_tiktok,6484,963,9295,667,40,109,0.0,False,Creator 1397,CA,creator1397@mail.example,finance
CR01397,instagram,@creator1397_instagram,6020,33,15450,416,101,36,72.0,False,Creator 1397,CA,creator1397@mail.example,finance
CR01398,tiktok,@creator1398_tiktok,25631,4734,117152,7979,27,836,517.0,False,Creator 1398,US,creator1398@mail.example,travel
CR01398,instagram,@creator1398_instagram,18217,-529,17780,873,116,0,9.0,False,Creator 1398,US,creator1398@mail.example,travel
CR01399,instagram,@creator1399_instagram,90073,3223,7248,278,2,21,92.0,False,Creator 1399,BR,creator1399@mail.example,comedy
CR01399,youtube,@creator1399_youtube,36153,3824,70529,4108,257,116,,False,Creator 1399,BR,creator1399@mail.example,comedy
CR01400,instagram,@creator1400_instagram,466481,47353,1346292,72426,744,487,0.0,False,Creator 1400,CA,creator1400@mail.example,food
CR01400,youtube,@creator1400_youtube,550973,53484,1224504,47950,9558,603,,False,Creator 1400,CA,creator1400@mail.example,food
CR01400,tiktok,@creator1400_tiktok,90941,4839,255833,15772,1517,200,1828.0,False,Creator 1400,CA,creator1400@mail.example,food
CR01401,youtube,@creator1401_youtube,130864,9928,169683,11689,1234,62,,False,Creator 1401,JP,creator1401@mail.example,music
CR01401,instagram,@creator1401_instagram,109116,10988,70375,5216,100,345,54.0,False,Creator 1401,JP,creator1401@mail.example,music
CR01402,youtube,@creator1402_youtube,40307,2112,158710,2909,265,215,,False,Creator 1402,GB,creator1402@mail.example,finance
CR01402,tiktok,@creator1402_tiktok,20995,2081,43220,3709,150,195,442.0,False,Creator 1402,GB,creator1402@mail.example,finance
CR01402,instagram,@creator1402_instagram,86358,2747,62453,5198,107,211,162.0,False,Creator 1402,GB,creator1402@mail.example,finance
CR01403,youtube,@creator1403_youtube,1716,-15,386,9,0,0,,False,Creator 1403,GB,creator1403@mail.example,comedy
CR01404,youtube,@creator1404_youtube,96556,-874,51128,1038,98,0,,False,Creator 1404,CA,creator1404@mail.example,food
CR01405,youtube,@creator1405_youtube,45654,3031,82659,4159,553,53,,False,Creator 1405,IN,creator1405@mail.example,fitness
CR01406,tiktok,@creator1406_tiktok,24301,2144,43436,2744,59,10,235.0,False,Creator 1406,FR,creator1406@mail.example,beauty
CR01406,instagram,@creator1406_instagram,208955,1775,131662,7466,442,1401,430.0,False,Creator 1406,FR,creator1406@mail.example,beauty
CR01406,youtube,@creator1406_youtube,16645,2986,20368,1521,7,0,,False,Creator 1406,FR,creator1406@mail.example,beauty
CR01407,instagram,@creator1407_instagram,31374,2251,4357,98,5,0,16.0,False,Creator 1407,IN,creator1407@mail.example,comedy
CR01408,youtube,@creator1408_youtube,18021,2092,7656,825,6,6,,False,Creator 1408,US,creator1408@mail.example,beauty
CR01408,instagram,@creator1408_instagram,12945,2645,6833,207,54,0,15.0,False,Creator 1408,US,creator1408@mail.example,beauty
CR01409,instagram,@creator1409_instagram,8395,-126,3484,201,88,24,7.0,False,Creator 1409,US,creator1409@mail.example,comedy
CR01409,tiktok,@creator1409_tiktok,24757,3220,24896,1141,57,13,725.0,False,Creator 1409,US,creator1409@mail.example,comedy
CR01409,youtube,@creator1409_youtube,49880,5289,50338,2147,617,38,,False,Creator 1409,US,creator1409@mail.example,comedy
CR01410,instagram,@creator1410_instagram,136054,6465,297388,6182,211,0,205.0,False,Creator 1410,MX,creator1410@mail.example,tech
CR01411,instagram,@creator1411_instagram,263764,20722,389757,14679,123,337,2043.0,False,Creator 1411,DE,creator1411@mail.example,music
CR01412,instagram,@creator1412_instagram,21979,2254,1796,43,6,7,11.0,False,Creator 1412,KR,creator1412@mail.example,gaming
CR01412,youtube,@creator1412_youtube,13150,1640,15676,1313,47,9,,False,Creator 1412,KR,creator1412@mail.example,gaming
CR01412,tiktok,@creator1412_tiktok,13939,1672,25961,2409,49,69,0.0,False,Creator 1412,KR,creator1412@mail.example,gaming
CR01413,tiktok,@creator1413_tiktok,1466091,196883,6926868,156715,629,11382,6389.0,False,Creator 1413,KR,creator1413@mail.example,finance
CR01413,instagram,@creator1413_instagram,20810,1552,68684,2987,0,144,2.0,False,Creator 1413,KR,creator1413@mail.example,finance
CR01414,tiktok,@creator1414_tiktok,25674,3451,94847,3382,170,21,104.0,False,Creator 1414,JP,creator1414@mail.example,fitness
CR01415,youtube,@creator1415_youtube,27829,1682,45402,2315,410,192,,False,Creator 1415,KR,creator1415@mail.example,tech
CR01415,instagram,@creator1415_instagram,94030,13549,6652,187,0,3,8.0,False,Creator 1415,KR,creator1415@mail.example,tech
CR01415,tiktok,@creator1415_tiktok,191538,8171,659016,38258,1459,9541,3863.0,False,Creator 1415,KR,creator1415@mail.example,tech
CR01416,youtube,@creator1416_youtube,46608,8408,176076,9625,3,1911,,False,Creator 1416,MX,creator1416@mail.example,gaming
CR01416,instagram,@creator1416_instagram,6243,589,2061,65,2,2,1.0,True,Creator 1416,MX,creator1416@mail.example,gaming
CR01416,tiktok,@creator1416_tiktok,24296,2044,116490,4079,81,103,464.0,False,Creator 1416,MX,creator1416@mail.example,gaming
CR01417,instagram,@creator1417_instagram,19485,1228,17228,684,66,0,151.0,True,Creator 1417,JP,creator1417@mail.example,music
CR01418,tiktok,@creator1418_tiktok,182785,10530,725735,53171,18,3407,256.0,False,Creator 1418,BR,creator1418@mail.example,beauty
CR01419,tiktok,@creator1419_tiktok,72894,4562,100496,5358,321,34,366.0,False,Creator 1419,CA,creator1419@mail.example,fitness
CR01419,youtube,@creator1419_youtube,164640,15782,412763,19930,1229,802,,False,Creator 1419,CA,creator1419@mail.example,fitness
CR01419,instagram,@creator1419_instagram,25787,-1461,8651,595,24,197,30.0,False,Creator 1419,CA,creator1419@mail.example,fitness
CR01420,instagram,@creator1420_instagram,54362,1896,97757,6928,735,0,103.0,True,Creator 1420,US,creator1420@mail.example,food
CR01421,instagram,@creator1421_instagram,267050,26815,145276,7644,215,0,1494.0,False,Creator 1421,US,creator1421@mail.example,travel
CR01421,tiktok,@creator1421_tiktok,5627,-54,13717,346,22,89,9.0,False,Creator 1421,US,creator1421@mail.example,travel
CR01422,tiktok,@creator1422_tiktok,2063,342,13356,403,10,0,32.0,False,Creator 1422,US,creator1422@mail.example,food
CR01422,youtube,@creator1422_youtube,90046,11682,85476,7524,125,286,,False,Creator 1422,US,creator1422@mail.example,food
CR01423,youtube,@creator1423_youtube,92695,9378,178414,4880,663,0,,False,Creator 1423,MX,creator1423@mail.example,beauty
CR01424,youtube,@creator1424_youtube,42858,5454,37924,1443,17,44,,False,Creator 1424,US,creator1424@mail.example,beauty
CR01424,tiktok,@creator1424_tiktok,25878,4144,220806,4881,102,48,712.0,False,Creator 1424,US,creator1424@mail.example,beauty
CR01424,instagram,@creator1424_instagram,297846,44237,124746,7288,598,141,618.0,False,Creator 1424,US,creator1424@mail.example,beauty
CR01425,youtube,@creator1425_youtube,1293850,68012,463573,9419,123,443,,False,Creator 1425,FR,creator1425@mail.example,comedy
CR01426,youtube,@creator1426_youtube,102344,6753,60250,1735,353,10,,False,Creator 1426,CA,creator1426@mail.example,travel
CR01426,tiktok,@creator1426_tiktok,1590,249,11498,747,34,10,30.0,False,Creator 1426,CA,creator1426@mail.example,travel
CR01427,tiktok,@creator1427_tiktok,15375,848,149773,8340,1054,1875,2985.0,False,Creator 1427,BR,creator1427@mail.example,comedy
CR01427,instagram,@creator1427_instagram,310795,16498,191797,8825,8,160,19.0,True,Creator 1427,BR,creator1427@mail.example,comedy
CR01427,youtube,@creator1427_youtube,41770,6236,24276,1659,41,56,,False,Creator 1427,BR,creator1427@mail.example,comedy
CR01428,instagram,@creator1428_instagram,65877,2069,29653,2000,58,177,700.0,False,Creator 1428,CA,creator1428@mail.example,tech
CR01429,tiktok,@creator1429_tiktok,219510,24705,232294,14154,902,1049,81.0,False,Creator 1429,US,creator1429@mail.example,food
CR01429,instagram,@creator1429_instagram,464615,-74757,276234,11524,33,0,599.0,False,Creator 1429,US,creator1429@mail.example,food
CR01430,tiktok,@creator1430_tiktok,28038,1134,40818,788,267,0,12.0,False,Creator 1430,GB,creator1430@mail.example,beauty
CR01430,youtube,@creator1430_youtube,609348,84582,500951,31694,1389,875,,False,Creator 1430,GB,creator1430@mail.example,beauty
CR01431,instagram,@creator1431_instagram,9190,799,13774,722,32,40,5.0,True,Creator 1431,US,creator1431@mail.example,tech
CR01431,youtube,@creator1431_youtube,570,72,136,7,0,0,,False,Creator 1431,US,creator1431@mail.example,tech
CR01432,tiktok,@creator1432_tiktok,16654,405,136946,9938,228,869,25.0,False,Creator 1432,KR,creator1432@mail.example,beauty
CR01432,youtube,@creator1432_youtube,11390,1552,19079,1290,116,1,,False,Creator 1432,KR,creator1432@mail.example,beauty
CR01432,instagram,@creator1432_instagram,38964,2468,31331,1395,71,30,124.0,False,Creator 1432,KR,creator1432@mail.example,beauty
CR01433,tiktok,@creator1433_tiktok,23556,1393,69088,3165,292,31,0.0,False,Creator 1433,MX,creator1433@mail.example,food
CR01433,youtube,@creator1433_youtube,293474,-7751,373655,19910,7213,1,,False,Creator 1433,MX,creator1433@mail.example,food
CR01434,instagram,@creator1434_instagram,13200,928,2813,146,25,11,12.0,False,Creator 1434,BR,creator1434@mail.example,tech
CR01434,tiktok,@creator1434_tiktok,195937,16008,931000,37839,525,462,3291.0,False,Creator 1434,BR,creator1434@mail.example,tech
CR01435,instagram,@creator1435_instagram,53611,2908,44473,2262,31,197,17.0,False,Creator 1435,CA,creator1435@mail.example,fitness
CR01436,tiktok,@creator1436_tiktok,102351,16620,32506,1916,247,485,66.0,False,Creator 1436,FR,creator1436@mail.example,music
CR01436,youtube,@creator1436_youtube,30499,3850,22338,863,56,21,,False,Creator 1436,FR,creator1436@mail.example,music
CR01436,instagram,@creator1436_instagram,126143,10593,177251,8921,1936,494,15.0,False,Creator 1436,FR,creator1436@mail.example,music
CR01437,tiktok,@creator1437_tiktok,22786,4774,79601,4073,85,12,223.0,False,Creator 1437,BR,creator1437@mail.example,tech
CR01437,instagram,@creator1437_instagram,105212,11581,19653,1192,67,49,22.0,False,Creator 1437,BR,creator1437@mail.example,tech
CR01437,youtube,@creator1437_youtube,62586,8185,49490,1312,120,0,,False,Creator 1437,BR,creator1437@mail.example,tech
CR01438,tiktok,@creator1438_tiktok,29314,4265,44888,1667,113,1026,12.0,False,Creator 1438,MX,creator1438@mail.example,travel
CR01438,youtube,@creator1438_youtube,30316,3063,18346,765,2,43,,False,Creator 1438,MX,creator1438@mail.example,travel
CR01439,tiktok,@creator1439_tiktok,233284,37559,475885,16697,5156,926,1538.0,False,Creator 1439,KR,creator1439@mail.example,music
CR01440,instagram,@creator1440_instagram,214798,-6694,84671,4905,855,0,213.0,False,Creator 1440,MX,creator1440@mail.example,education
CR01440,youtube,@creator1440_youtube,16021,2254,22564,1081,0,61,,False,Creator 1440,MX,creator1440@mail.example,education
CR01440,tiktok,@creator1440_tiktok,29882,3886,139465,11331,261,24,848.0,False,Creator 1440,MX,creator1440@mail.example,education
CR01441,instagram,@creator1441_instagram,197474,14999,193376,4570,143,292,1275.0,False,Creator 1441,FR,creator1441@mail.example,fitness
CR01441,youtube,@creator1441_youtube,59204,2738,43270,664,49,86,,False,Creator 1441,FR,creator1441@mail.example,fitness
CR01442,tiktok,@creator1442_tiktok,12350,1864,92366,1634,61,232,61.0,False,Creator 1442,KR,creator1442@mail.example,tech
CR01442,instagram,@creator1442_instagram,19580,-322,40072,1538,134,55,34.0,False,Creator 1442,KR,creator1442@mail.example,tech
CR01443,instagram,@creator1443_instagram,15847,1197,13507,551,13,6,249.0,False,Creator 1443,CA,creator1443@mail.example,fitness
CR01443,tiktok,@creator1443_tiktok,15110,1099,56632,1885,2,410,0.0,False,Creator 1443,CA,creator1443@mail.example,fitness
CR01443,youtube,@creator1443_youtube,111610,5816,151174,2869,85,26,,False,Creator 1443,CA,creator1443@mail.example,fitness
CR01444,instagram,@creator1444_instagram,21131,2431,3842,249,34,75,36.0,True,Creator 1444,MX,creator1444@mail.example,gaming
CR01445,instagram,@creator1445_instagram,18167,1197,77984,1781,143,259,433.0,False,Creator 1445,IN,creator1445@mail.example,travel
CR01446,youtube,@creator1446_youtube,69022,5010,131455,2632,282,60,,False,Creator 1446,GB,creator1446@mail.example,travel
CR01447,youtube,@creator1447_youtube,1731917,47514,7426655,123136,36065,6471,,False,Creator 1447,IN,creator1447@mail.example,music
CR01447,instagram,@creator1447_instagram,21672,2201,7629,270,20,27,24.0,False,Creator 1447,IN,creator1447@mail.example,music
CR01447,tiktok,@creator1447_tiktok,122514,16658,363244,10286,0,15,8.0,False,Creator 1447,IN,creator1447@mail.example,music
CR01448,tiktok,@creator1448_tiktok,249825,-1065,212979,14471,249,551,2.0,False,Creator 1448,US,creator1448@mail.example,gaming
CR01448,instagram,@creator1448_instagram,94807,10541,111406,6825,114,0,472.0,False,Creator 1448,US,creator1448@mail.example,gaming
CR01448,youtube,@creator1448_youtube,40499,8244,57568,2137,54,44,,False,Creator 1448,US,creator1448@mail.example,gaming
CR01449,instagram,@creator1449_instagram,218621,-28411,47493,1986,254,1,25.0,False,Creator 1449,JP,creator1449@mail.example,education
CR01449,youtube,@creator1449_youtube,19108,2367,19258,1521,248,9,,False,Creator 1449,JP,creator1449@mail.example,education
CR01449,tiktok,@creator1449_tiktok,50162,-1737,192312,9332,1294,19,145.0,False,Creator 1449,JP,creator1449@mail.example,education
CR01450,youtube,@creator1450_youtube,247176,40261,559540,34632,4380,338,,False,Creator 1450,MX,creator1450@mail.example,food
CR01450,tiktok,@creator1450_tiktok,153367,15603,748118,20135,492,2935,476.0,False,Creator 1450,MX,creator1450@mail.example,food
CR01450,instagram,@creator1450_instagram,13123,-750,1692,41,1,0,0.0,False,Creator 1450,MX,creator1450@mail.example,food
CR01451,tiktok,@creator1451_tiktok,2730,402,5457,120,10,0,9.0,False,Creator 1451,US,creator1451@mail.example,music
CR01451,instagram,@creator1451_instagram,283166,22245,367946,12770,2362,478,181.0,False,Creator 1451,US,creator1451@mail.example,music
CR01452,youtube,@creator1452_youtube,53494,5055,47684,1146,330,0,,False,Creator 1452,FR,creator1452@mail.example,travel
CR01452,instagram,@creator1452_instagram,8743,1088,5768,226,0,2,9.0,False,Creator 1452,FR,creator1452@mail.example,travel
CR01452,tiktok,@creator1452_tiktok,28591,2583,55103,4124,442,330,323.0,False,Creator 1452,FR,creator1452@mail.example,travel
CR01453,youtube,@creator1453_youtube,273009,20596,143883,3682,309,63,,False,Creator 1453,FR,creator1453@mail.example,beauty
CR01454,tiktok,@creator1454_tiktok,59682,6712,92695,2703,40,557,271.0,False,Creator 1454,JP,creator1454@mail.example,fitness
CR01454,youtube,@creator1454_youtube,37364,3706,104941,2855,358,314,,False,Creator 1454,JP,creator1454@mail.example,fitness
CR01454,instagram,@creator1454_instagram,11001,1169,8816,379,6,11,0.0,False,Creator 1454,JP,creator1454@mail.example,fitness
CR01455,youtube,@creator1455_youtube,81833,-2434,94006,5494,848,0,,False,Creator 1455,GB,creator1455@mail.example,tech
CR01455,instagram,@creator1455_instagram,24289,360,8604,225,12,1,0.0,False,Creator 1455,GB,creator1455@mail.example,tech
CR01455,tiktok,@creator1455_tiktok,114035,-4391,207325,12624,201,16,260.0,False,Creator 1455,GB,creator1455@mail.example,tech
CR01456,tiktok,@creator1456_tiktok,27925,2095,129161,5291,254,53,634.0,False,Creator 1456,JP,creator1456@mail.example,beauty
CR01456,instagram,@creator1456_instagram,268402,13863,50948,1276,45,51,54.0,False,Creator 1456,JP,creator1456@mail.example,beauty
CR01457,tiktok,@creator1457_tiktok,109069,4771,129703,5023,122,0,545.0,False,Creator 1457,CA,creator1457@mail.example,tech
CR01457,youtube,@creator1457_youtube,121516,15785,188480,4448,876,610,,False,Creator 1457,CA,creator1457@mail.example,tech
CR01458,instagram,@creator1458_instagram,55721,4322,29643,2990,153,107,0.0,False,Creator 1458,BR,creator1458@mail.example,finance
CR01458,youtube,@creator1458_youtube,7030,833,11753,371,47,3,,False,Creator 1458,BR,creator1458@mail.example,finance
CR01458,tiktok,@creator1458_tiktok,47217,2930,412917,37423,0,9,0.0,False,Creator 1458,BR,creator1458@mail.example,finance
CR01459,tiktok,@creator1459_tiktok,79193,9811,266241,6435,237,2351,760.0,False,Creator 1459,GB,creator1459@mail.example,food
CR01459,instagram,@creator1459_instagram,18942,2045,6863,606,32,51,0.0,False,Creator 1459,GB,creator1459@mail.example,food
CR01460,instagram,@creator1460_instagram,169174,12618,28043,2289,58,51,252.0,False,Creator 1460,IN,creator1460@mail.example,gaming
CR01460,tiktok,@creator1460_tiktok,24381,2216,82984,6221,13,137,468.0,False,Creator 1460,IN,creator1460@mail.example,gaming
CR01461,instagram,@creator1461_instagram,9888,866,4012,291,0,4,14.0,False,Creator 1461,BR,creator1461@mail.example,music
CR01461,youtube,@creator1461_youtube,52832,820,44733,2791,23,42,,False,Creator 1461,BR,creator1461@mail.example,music
CR01461,tiktok,@creator1461_tiktok,101066,10677,284914,12580,4300,432,2287.0,False,Creator 1461,BR,creator1461@mail.example,music
CR01462,tiktok,@creator1462_tiktok,7273,112,18096,1324,155,110,48.0,False,Creator 1462,US,creator1462@mail.example,gaming
CR01462,instagram,@creator1462_instagram,11833,958,28346,685,72,25,23.0,False,Creator 1462,US,creator1462@mail.example,gaming
CR01462,youtube,@creator1462_youtube,6771,-615,6844,348,30,0,,False,Creator 1462,US,creator1462@mail.example,gaming
CR01463,youtube,@creator1463_youtube,20234,1665,199102,6514,780,0,,False,Creator 1463,GB,creator1463@mail.example,finance
CR01463,instagram,@creator1463_instagram,64900,4178,67731,2320,172,0,269.0,False,Creator 1463,GB,creator1463@mail.example,finance
CR01463,tiktok,@creator1463_tiktok,334950,9603,3476406,97294,2637,1598,3043.0,False,Creator 1463,GB,creator1463@mail.example,finance
CR01464,tiktok,@creator1464_tiktok,74038,14065,496819,29452,6079,4,759.0,False,Creator 1464,DE,creator1464@mail.example,fitness
CR01465,instagram,@creator1465_instagram,19981,3156,23214,1587,45,0,15.0,False,Creator 1465,IN,creator1465@mail.example,music
CR01465,tiktok,@creator1465_tiktok,34418,5484,162776,8954,1629,6,1433.0,False,Creator 1465,IN,creator1465@mail.example,music
CR01466,youtube,@creator1466_youtube,228190,40422,286975,11773,691,5,,False,Creator 1466,US,creator1466@mail.example,food
CR01466,instagram,@creator1466_instagram,72828,9125,77793,3082,155,488,199.0,False,Creator 1466,US,creator1466@mail.example,food
CR01467,tiktok,@creator1467_tiktok,15755,1621,20739,1207,9,25,84.0,False,Creator 1467,IN,creator1467@mail.example,tech
CR01467,instagram,@creator1467_instagram,14861,796,21297,2543,4,118,75.0,False,Creator 1467,IN,creator1467@mail.example,tech
CR01468,instagram,@creator1468_instagram,42207,-73,147642,4592,87,55,65.0,False,Creator 1468,MX,creator1468@mail.example,fitness
CR01469,youtube,@creator1469_youtube,102740,262,109234,4194,0,694,,False,Creator 1469,FR,creator1469@mail.example,music
CR01469,instagram,@creator1469_instagram,15843,1277,16330,1078,196,0,32.0,False,Creator 1469,FR,creator1469@mail.example,music
CR01469,tiktok,@creator1469_tiktok,20315,2429,127097,4192,476,49,141.0,False,Creator 1469,FR,creator1469@mail.example,music
CR01470,instagram,@creator1470_instagram,121667,1006,27470,999,19,9,15.0,False,Creator 1470,MX,creator1470@mail.example,gaming
CR01470,tiktok,@creator1470_tiktok,56285,462,274199,22541,1042,0,1161.0,False,Creator 1470,MX,creator1470@mail.example,gaming
CR01470,youtube,@creator1470_youtube,141476,1708,243540,17328,163,375,,False,Creator 1470,MX,creator1470@mail.example,gaming
CR01471,instagram,@creator1471_instagram,398287,25542,122519,1682,896,2,289.0,False,Creator 1471,IN,creator1471@mail.example,comedy
CR01471,tiktok,@creator1471_tiktok,192137,-8948,151622,11422,977,592,1806.0,False,Creator 1471,IN,creator1471@mail.example,comedy
CR01472,tiktok,@creator1472_tiktok,50876,2527,843067,53648,1530,79,5.0,False,Creator 1472,IN,creator1472@mail.example,tech
CR01472,instagram,@creator1472_instagram,1068496,934934,132641,5348,416,745,177.0,False,Creator 1472,IN,creator1472@mail.example,tech
CR01472,youtube,@creator1472_youtube,24534,282,43183,803,102,0,,False,Creator 1472,IN,creator1472@mail.example,tech
CR01473,youtube,@creator1473_youtube,56640,5852,57760,1113,360,68,,False,Creator 1473,BR,creator1473@mail.example,fitness
CR01473,instagram,@creator1473_instagram,54661,6146,53024,3641,61,271,358.0,False,Creator 1473,BR,creator1473@mail.example,fitness
CR01473,tiktok,@creator1473_tiktok,10155,419,7776,247,13,41,16.0,False,Creator 1473,BR,creator1473@mail.example,fitness
CR01474,youtube,@creator1474_youtube,84809,8964,127007,8247,453,727,,False,Creator 1474,GB,creator1474@mail.example,finance
CR01474,instagram,@creator1474_instagram,264836,42109,75083,1832,159,35,280.0,True,Creator 1474,GB,creator1474@mail.example,finance
CR01474,tiktok,@creator1474_tiktok,165633,10764,355872,5462,867,1061,305.0,False,Creator 1474,GB,creator1474@mail.example,finance
CR01475,youtube,@creator1475_youtube,307575,34175,393599,29165,4879,3350,,False,Creator 1475,MX,creator1475@mail.example,food
CR01475,tiktok,@creator1475_tiktok,10520,1199,39975,702,65,83,25.0,False,Creator 1475,MX,creator1475@mail.example,food
CR01475,instagram,@creator1475_instagram,27435,-5150,16149,419,3,22,4.0,False,Creator 1475,MX,creator1475@mail.example,food
CR01476,instagram,@creator1476_instagram,12635,1345,5145,180,8,2,7.0,False,Creator 1476,US,creator1476@mail.example,finance
CR01476,tiktok,@creator1476_tiktok,87894,7115,644280,35852,317,23,1.0,False,Creator 1476,US,creator1476@mail.example,finance
CR01477,instagram,@creator1477_instagram,13016,1709,6967,253,0,0,64.0,False,Creator 1477,CA,creator1477@mail.example,education
CR01477,tiktok,@creator1477_tiktok,65804,1802,119336,10473,752,0,249.0,False,Creator 1477,CA,creator1477@mail.example,education
CR01477,youtube,@creator1477_youtube,1464,28,1477,87,0,1,,False,Creator 1477,CA,creator1477@mail.example,education
CR01478,instagram,@creator1478_instagram,2908,124,1494,71,6,0,0.0,True,Creator 1478,IN,creator1478@mail.example,comedy
CR01478,youtube,@creator1478_youtube,95024,1982,142813,8932,412,65,,False,Creator 1478,IN,creator1478@mail.example,comedy
CR01479,youtube,@creator1479_youtube,322720,29601,212532,16046,287,366,,False,Creator 1479,BR,creator1479@mail.example,tech
CR01479,instagram,@creator1479_instagram,116230,13791,59881,3068,0,95,84.0,False,Creator 1479,BR,creator1479@mail.example,tech
CR01479,tiktok,@creator1479_tiktok,30699,2401,343998,22309,270,4726,1778.0,False,Creator 1479,BR,creator1479@mail.example,tech
CR01480,tiktok,@creator1480_tiktok,430945,30647,1983006,155051,3,606,6185.0,False,Creator 1480,BR,creator1480@mail.example,music
CR01480,youtube,@creator1480_youtube,38281,1087,47403,3706,248,9,,False,Creator 1480,BR,creator1480@mail.example,music
CR01481,tiktok,@creator1481_tiktok,147628,9428,198369,5077,283,1778,164.0,False,Creator 1481,CA,creator1481@mail.example,finance
CR01481,instagram,@creator1481_instagram,76035,4293,51560,1091,22,165,57.0,False,Creator 1481,CA,creator1481@mail.example,finance
CR01481,youtube,@creator1481_youtube,137991,19651,57658,2272,143,57,,False,Creator 1481,CA,creator1481@mail.example,finance
CR01482,youtube,@creator1482_youtube,78836,8517,53044,3363,34,9,,False,Creator 1482,DE,creator1482@mail.example,travel
CR01482,instagram,@creator1482_instagram,9804,420,2932,112,7,0,0.0,True,Creator 1482,DE,creator1482@mail.example,travel
CR01482,tiktok,@creator1482_tiktok,27089,3305,109940,9609,143,230,1658.0,False,Creator 1482,DE,creator1482@mail.example,travel
CR01483,tiktok,@creator1483_tiktok,31503,3929,77092,1434,218,165,0.0,False,Creator 1483,BR,creator1483@mail.example,gaming
CR01483,youtube,@creator1483_youtube,422930,15349,110594,2492,419,265,,False,Creator 1483,BR,creator1483@mail.example,gaming
CR01483,instagram,@creator1483_instagram,158821,21713,91441,4404,10,45,1.0,False,Creator 1483,BR,creator1483@mail.example,gaming
CR01484,instagram,@creator1484_instagram,133229,11106,86569,5462,85,116,124.0,False,Creator 1484,FR,creator1484@mail.example,beauty
CR01484,tiktok,@creator1484_tiktok,78902,10195,185896,13677,672,1758,659.0,False,Creator 1484,FR,creator1484@mail.example,beauty
CR01484,youtube,@creator1484_youtube,216490,-7361,176767,10522,190,301,,False,Creator 1484,FR,creator1484@mail.example,beauty
CR01485,tiktok,@creator1485_tiktok,293191,41682,1109404,18512,209,3159,482.0,False,Creator 1485,DE,creator1485@mail.example,tech
CR01485,instagram,@creator1485_instagram,8270,547,2742,115,0,12,4.0,False,Creator 1485,DE,creator1485@mail.example,tech
CR01485,youtube,@creator1485_youtube,16312,2772,34555,2269,137,85,,False,Creator 1485,DE,creator1485@mail.example,tech
CR01486,youtube,@creator1486_youtube,5008,533,10936,293,4,1,,False,Creator 1486,KR,creator1486@mail.example,gaming
CR01486,instagram,@creator1486_instagram,58607,6552,17878,881,0,0,31.0,True,Creator 1486,KR,creator1486@mail.example,gaming
CR01486,tiktok,@creator1486_tiktok,70419,7650,184574,8814,111,1432,696.0,False,Creator 1486,KR,creator1486@mail.example,gaming
CR01487,youtube,@creator1487_youtube,44168,8092,137147,8619,49,1269,,False,Creator 1487,BR,creator1487@mail.example,finance
CR01487,instagram,@creator1487_instagram,118656,10721,50018,938,184,29,24.0,False,Creator 1487,BR,creator1487@mail.example,finance
CR01488,instagram,@creator1488_instagram,288453,1823,131852,6940,38,161,679.0,False,Creator 1488,FR,creator1488@mail.example,finance
CR01488,youtube,@creator1488_youtube,10162028,782305,24814851,1014626,25576,123143,,False,Creator 1488,FR,creator1488@mail.example,finance
CR01488,tiktok,@creator1488_tiktok,687113,71903,1021811,33561,219,2,0.0,False,Creator 1488,FR,creator1488@mail.example,finance
CR01489,youtube,@creator1489_youtube,451909,-22799,1635967,126068,12,1952,,False,Creator 1489,MX,creator1489@mail.example,gaming
CR01489,instagram,@creator1489_instagram,184665,17369,37582,2143,1,0,247.0,False,Creator 1489,MX,creator1489@mail.example,gaming
CR01489,tiktok,@creator1489_tiktok,26848,2678,82585,1528,402,567,1.0,False,Creator 1489,MX,creator1489@mail.example,gaming
CR01490,instagram,@creator1490_instagram,26708,2977,6501,351,0,61,43.0,False,Creator 1490,JP,creator1490@mail.example,food
CR01490,youtube,@creator1490_youtube,2651,661,3627,125,10,4,,False,Creator 1490,JP,creator1490@mail.example,food
CR01491,tiktok,@creator1491_tiktok,24232,1200,172599,14047,353,20,1.0,False,Creator 1491,JP,creator1491@mail.example,beauty
CR01491,youtube,@creator1491_youtube,888264,-12431,1205221,91560,5700,2995,,False,Creator 1491,JP,creator1491@mail.example,beauty
CR01492,youtube,@creator1492_youtube,71016,1332,174089,5151,491,11,,False,Creator 1492,MX,creator1492@mail.example,gaming
CR01492,tiktok,@creator1492_tiktok,81777,84,174578,8185,211,3,73.0,False,Creator 1492,MX,creator1492@mail.example,gaming
CR01492,instagram,@creator1492_instagram,346300,74387,773195,26581,1901,6563,259.0,False,Creator 1492,MX,creator1492@mail.example,gaming
CR01493,instagram,@creator1493_instagram,163686,34248,154563,7870,1015,10,88.0,True,Creator 1493,US,creator1493@mail.example,travel
CR01493,tiktok,@creator1493_tiktok,84772,10206,449155,24787,0,4653,8645.0,False,Creator 1493,US,creator1493@mail.example,travel
CR01493,youtube,@creator1493_youtube,103616,-1588,48494,843,213,108,,False,Creator 1493,US,creator1493@mail.example,travel
CR01494,instagram,@creator1494_instagram,118392,6183,87118,2974,588,441,139.0,False,Creator 1494,US,creator1494@mail.example,food
CR01494,youtube,@creator1494_youtube,105367,9128,124050,8130,434,461,,False,Creator 1494,US,creator1494@mail.example,food
CR01495,tiktok,@creator1495_tiktok,96133,3413,213514,8197,1086,59,201.0,False,Creator 1495,FR,creator1495@mail.example,travel
CR01495,youtube,@creator1495_youtube,131617,10937,111407,3549,6,2,,False,Creator 1495,FR,creator1495@mail.example,travel
CR01495,instagram,@creator1495_instagram,86848,6437,77800,4018,0,54,306.0,False,Creator 1495,FR,creator1495@mail.example,travel
CR01496,tiktok,@creator1496_tiktok,10065,517,7388,550,1,1,28.0,False,Creator 1496,BR,creator1496@mail.example,beauty
CR01496,youtube,@creator1496_youtube,43219,5013,37056,2273,66,80,,False,Creator 1496,BR,creator1496@mail.example,beauty
CR01497,youtube,@creator1497_youtube,656115,71382,951925,66883,1829,489,,False,Creator 1497,KR,creator1497@mail.example,music
CR01497,tiktok,@creator1497_tiktok,517895,-12612,1343715,73267,386,7510,1999.0,False,Creator 1497,KR,creator1497@mail.example,music
CR01498,youtube,@creator1498_youtube,308215,42946,1337628,28005,9986,3999,,False,Creator 1498,IN,creator1498@mail.example,music
CR01499,instagram,@creator1499_instagram,28228,2672,28000,1101,153,33,94.0,False,Creator 1499,BR,creator1499@mail.example,finance
