creator_id,platform,handle,follower_count,net_new_followers_90d,views_90d,likes_90d,comments_90d,shares_90d,saves_90d,likes_hidden,display_name,country,contact_email,category
CR00000,tiktok,@creator0_tiktok,49111,3360,130743,4063,422,490,280.0,False,Creator 0,DE,creator0@mail.example,music
CR00000,instagram,@creator0_instagram,83728,5754,26502,1871,17,17,0.0,False,Creator 0,DE,creator0@mail.example,music
CR00000,youtube,@creator0_youtube,62014,6570,10991,1195,0,0,,False,Creator 0,DE,creator0@mail.example,music
CR00001,tiktok,@creator1_tiktok,14598,1458,66271,1726,130,79,15.0,False,Creator 1,CA,creator1@mail.example,finance
CR00001,youtube,@creator1_youtube,177917,19394,186083,10616,429,14,,False,Creator 1,CA,creator1@mail.example,finance
CR00002,youtube,@creator2_youtube,424125,1688,538937,27307,3020,1,,False,Creator 2,FR,creator2@mail.example,finance
CR00002,instagram,@creator2_instagram,129360,-4235,50686,1194,33,16,51.0,False,Creator 2,FR,creator2@mail.example,finance
CR00002,tiktok,@creator2_tiktok,31084,2462,77816,3433,148,0,232.0,False,Creator 2,FR,creator2@mail.example,finance
CR00003,instagram,@creator3_instagram,29442,4370,22913,358,16,36,5.0,True,Creator 3,US,creator3@mail.example,beauty
CR00003,tiktok,@creator3_tiktok,19227,1861,106706,4712,382,0,393.0,False,Creator 3,US,creator3@mail.example,beauty
CR00003,youtube,@creator3_youtube,72385,1886,155017,3064,24,19,,False,Creator 3,US,creator3@mail.example,beauty
CR00004,youtube,@creator4_youtube,3571,478,1880,56,7,0,,False,Creator 4,GB,creator4@mail.example,finance
CR00004,tiktok,@creator4_tiktok,254709,15317,640226,29008,4545,6091,6476.0,False,Creator 4,GB,creator4@mail.example,finance
CR00004,instagram,@creator4_instagram,30030,2423,20230,721,5,159,8.0,False,Creator 4,GB,creator4@mail.example,finance
CR00005,youtube,@creator5_youtube,15609,2711,10261,585,15,9,,False,Creator 5,MX,creator5@mail.example,fitness
CR00005,instagram,@creator5_instagram,39562,1786,11923,320,25,0,2.0,False,Creator 5,MX,creator5@mail.example,fitness
CR00005,tiktok,@creator5_tiktok,286290,31409,1289616,22742,7969,715,851.0,False,Creator 5,MX,creator5@mail.example,fitness
CR00006,tiktok,@creator6_tiktok,195257,1207,1783838,41094,3882,4746,720.0,False,Creator 6,GB,creator6@mail.example,fitness
CR00007,instagram,@creator7_instagram,166930,1069,82159,5736,532,369,10.0,False,Creator 7,DE,creator7@mail.example,gaming
CR00007,youtube,@creator7_youtube,5063,450,4509,97,8,2,,False,Creator 7,DE,creator7@mail.example,gaming
CR00008,youtube,@creator8_youtube,15146,1876,21486,697,17,3,,False,Creator 8,KR,creator8@mail.example,gaming
CR00009,youtube,@creator9_youtube,55358,1974,105878,5876,0,35,,False,Creator 9,US,creator9@mail.example,beauty
CR00009,tiktok,@creator9_tiktok,8443,561,64207,3317,145,172,241.0,False,Creator 9,US,creator9@mail.example,beauty
CR00009,instagram,@creator9_instagram,105520,8740,158439,6353,76,568,368.0,False,Creator 9,US,creator9@mail.example,beauty
CR00010,youtube,@creator10_youtube,86509,-11502,126350,5641,54,218,,False,Creator 10,MX,creator10@mail.example,beauty
CR00011,youtube,@creator11_youtube,21314,1364,6859,780,55,9,,False,Creator 11,BR,creator11@mail.example,finance
CR00011,tiktok,@creator11_tiktok,473422,66139,1405245,49755,2836,5325,1048.0,False,Creator 11,BR,creator11@mail.example,finance
CR00012,instagram,@creator12_instagram,181768,6382,94125,3345,26,262,12.0,False,Creator 12,US,creator12@mail.example,fitness
CR00012,youtube,@creator12_youtube,6246,1034,5433,323,6,0,,False,Creator 12,US,creator12@mail.example,fitness
CR00012,tiktok,@creator12_tiktok,79113,299,77870,2748,733,477,592.0,False,Creator 12,US,creator12@mail.example,fitness
CR00013,youtube,@creator13_youtube,20140,943,27981,792,5,21,,False,Creator 13,GB,creator13@mail.example,travel
CR00013,tiktok,@creator13_tiktok,31314,2207,79174,2279,382,0,1317.0,False,Creator 13,GB,creator13@mail.example,travel
CR00013,instagram,@creator13_instagram,176655,27390,113981,4667,164,0,1105.0,False,Creator 13,GB,creator13@mail.example,travel
CR00014,tiktok,@creator14_tiktok,45064,2899,73094,4792,374,421,218.0,False,Creator 14,FR,creator14@mail.example,fitness
CR00015,tiktok,@creator15_tiktok,6977,-150,52290,1342,5,19,88.0,False,Creator 15,FR,creator15@mail.example,gaming
CR00015,instagram,@creator15_instagram,229525,27861,51462,2537,0,84,430.0,False,Creator 15,FR,creator15@mail.example,gaming
CR00015,youtube,@creator15_youtube,31459,1523,184299,3163,446,59,,False,Creator 15,FR,creator15@mail.example,gaming
CR00016,tiktok,@creator16_tiktok,81296,1558,225359,9751,12,36,1006.0,False,Creator 16,GB,creator16@mail.example,gaming
CR00017,instagram,@creator17_instagram,184298,-11236,88426,4994,88,672,129.0,False,Creator 17,BR,creator17@mail.example,gaming
CR00017,tiktok,@creator17_tiktok,15819,2479,40731,1877,330,18,166.0,False,Creator 17,BR,creator17@mail.example,gaming
CR00018,tiktok,@creator18_tiktok,3704,524,9735,608,30,33,9.0,False,Creator 18,GB,creator18@mail.example,fitness
CR00019,instagram,@creator19_instagram,14602,644,14241,578,5,15,30.0,False,Creator 19,MX,creator19@mail.example,gaming
CR00019,youtube,@creator19_youtube,70678,4749,94290,7421,32,33,,False,Creator 19,MX,creator19@mail.example,gaming
CR00020,tiktok,@creator20_tiktok,167806,-7805,198874,13455,386,259,921.0,False,Creator 20,FR,creator20@mail.example,beauty
CR00020,youtube,@creator20_youtube,5118,272,11363,518,0,0,,False,Creator 20,FR,creator20@mail.example,beauty
CR00021,instagram,@creator21_instagram,44381,3044,57590,6255,201,88,323.0,True,Creator 21,US,creator21@mail.example,gaming
CR00022,tiktok,@creator22_tiktok,121681,13944,732375,44234,1001,5159,2304.0,False,Creator 22,KR,creator22@mail.example,beauty
CR00022,instagram,@creator22_instagram,54213,-679,29477,670,218,14,129.0,False,Creator 22,KR,creator22@mail.example,beauty
CR00023,youtube,@creator23_youtube,32710,1959,57930,2142,94,174,,False,Creator 23,GB,creator23@mail.example,finance
CR00023,tiktok,@creator23_tiktok,70583,11519,338631,26271,1137,213,0.0,False,Creator 23,GB,creator23@mail.example,finance
CR00024,tiktok,@creator24_tiktok,222906,17803,188496,8081,904,648,227.0,False,Creator 24,BR,creator24@mail.example,travel
CR00025,tiktok,@creator25_tiktok,28105,2823,337564,13224,4,195,0.0,False,Creator 25,KR,creator25@mail.example,food
CR00025,instagram,@creator25_instagram,45066,3699,41636,1772,53,358,0.0,True,Creator 25,KR,creator25@mail.example,food
CR00025,youtube,@creator25_youtube,77855,-6271,61899,3852,31,8,,False,Creator 25,KR,creator25@mail.example,food
CR00026,youtube,@creator26_youtube,780,76,1723,95,10,0,,False,Creator 26,US,creator26@mail.example,comedy
CR00026,tiktok,@creator26_tiktok,923723,21294,3359454,130368,29042,14974,6460.0,False,Creator 26,US,creator26@mail.example,comedy
CR00026,instagram,@creator26_instagram,12423,1656,5553,329,20,0,5.0,False,Creator 26,US,creator26@mail.example,comedy
CR00027,youtube,@creator27_youtube,12487,325,19869,1510,7,0,,False,Creator 27,KR,creator27@mail.example,beauty
CR00028,tiktok,@creator28_tiktok,18980,557,134869,10723,729,304,269.0,False,Creator 28,KR,creator28@mail.example,music
CR00029,tiktok,@creator29_tiktok,96497,3246,58206,4074,297,9,127.0,False,Creator 29,FR,creator29@mail.example,beauty
CR00029,youtube,@creator29_youtube,12899,610,8241,405,11,14,,False,Creator 29,FR,creator29@mail.example,beauty
CR00029,instagram,@creator29_instagram,2187913,290644,1303796,67857,1516,981,7515.0,False,Creator 29,FR,creator29@mail.example,beauty
CR00030,youtube,@creator30_youtube,878793,149549,1563493,30088,3066,96,,False,Creator 30,US,creator30@mail.example,food
CR00030,instagram,@creator30_instagram,16121,1847,6300,224,29,92,0.0,False,Creator 30,US,creator30@mail.example,food
CR00030,tiktok,@creator30_tiktok,12825,586,23483,409,0,51,0.0,False,Creator 30,US,creator30@mail.example,food
CR00031,youtube,@creator31_youtube,21814,1915,8083,160,11,0,,False,Creator 31,BR,creator31@mail.example,food
CR00031,tiktok,@creator31_tiktok,31671,2520,40994,2212,1073,0,388.0,False,Creator 31,BR,creator31@mail.example,food
CR00031,instagram,@creator31_instagram,9221,822,13132,541,0,0,109.0,False,Creator 31,BR,creator31@mail.example,food
CR00032,tiktok,@creator32_tiktok,132628,14996,719589,12307,19,742,4200.0,False,Creator 32,US,creator32@mail.example,food
CR00032,instagram,@creator32_instagram,18520,1874,12893,1001,30,34,32.0,False,Creator 32,US,creator32@mail.example,food
CR00032,youtube,@creator32_youtube,2524,296,3949,161,2,14,,False,Creator 32,US,creator32@mail.example,food
CR00033,tiktok,@creator33_tiktok,38293,1548,168508,5481,0,54,159.0,False,Creator 33,MX,creator33@mail.example,beauty
CR00033,instagram,@creator33_instagram,56284,4133,53437,2296,1212,0,0.0,True,Creator 33,MX,creator33@mail.example,beauty
CR00033,youtube,@creator33_youtube,8759,323,11240,418,4,23,,False,Creator 33,MX,creator33@mail.example,beauty
CR00034,youtube,@creator34_youtube,112848,4658,58771,3242,1,0,,False,Creator 34,CA,creator34@mail.example,gaming
CR00034,tiktok,@creator34_tiktok,19885,1192,461839,43787,4628,0,0.0,False,Creator 34,CA,creator34@mail.example,gaming
CR00034,instagram,@creator34_instagram,50165,4525,78219,2353,92,288,73.0,False,Creator 34,CA,creator34@mail.example,gaming
CR00035,tiktok,@creator35_tiktok,715483,-26363,2887886,153196,10327,0,48.0,False,Creator 35,IN,creator35@mail.example,gaming
CR00035,instagram,@creator35_instagram,47492,8502,19372,1349,61,117,49.0,False,Creator 35,IN,creator35@mail.example,gaming
CR00036,youtube,@creator36_youtube,58776,6586,182917,6235,1078,1,,False,Creator 36,FR,creator36@mail.example,beauty
CR00036,instagram,@creator36_instagram,101931,4336,11248,685,39,131,0.0,False,Creator 36,FR,creator36@mail.example,beauty
CR00036,tiktok,@creator36_tiktok,77817,8032,647723,38684,2,0,1051.0,False,Creator 36,FR,creator36@mail.example,beauty
CR00037,tiktok,@creator37_tiktok,198110,31589,504988,11419,270,0,291.0,False,Creator 37,CA,creator37@mail.example,tech
CR00038,tiktok,@creator38_tiktok,51265,1643,95872,2514,478,339,246.0,False,Creator 38,MX,creator38@mail.example,education
CR00038,instagram,@creator38_instagram,30417,4450,50264,2090,538,7,163.0,False,Creator 38,MX,creator38@mail.example,education
CR00038,youtube,@creator38_youtube,126841,4703,250376,14963,112,1720,,False,Creator 38,MX,creator38@mail.example,education
CR00039,instagram,@creator39_instagram,227416,17189,387741,9581,1259,0,80.0,True,Creator 39,GB,creator39@mail.example,beauty
CR00039,tiktok,@creator39_tiktok,12700,1683,40683,1455,149,34,537.0,False,Creator 39,GB,creator39@mail.example,beauty
CR00040,youtube,@creator40_youtube,206634,8372,235719,13174,337,4,,False,Creator 40,KR,creator40@mail.example,fitness
CR00040,tiktok,@creator40_tiktok,16762,925,90955,2384,0,6,544.0,False,Creator 40,KR,creator40@mail.example,fitness
CR00040,instagram,@creator40_instagram,6263,843,3383,233,17,0,1.0,False,Creator 40,KR,creator40@mail.example,fitness
CR00041,youtube,@creator41_youtube,170759,12388,973976,76691,2408,5144,,False,Creator 41,IN,creator41@mail.example,beauty
CR00041,tiktok,@creator41_tiktok,273087,-6815,305694,29083,2,6,705.0,False,Creator 41,IN,creator41@mail.example,beauty
CR00041,instagram,@creator41_instagram,19052,1911,30826,957,277,50,0.0,True,Creator 41,IN,creator41@mail.example,beauty
CR00042,instagram,@creator42_instagram,9318,604,3490,187,14,9,0.0,False,Creator 42,MX,creator42@mail.example,food
CR00043,tiktok,@creator43_tiktok,68264,595,198438,12203,26,0,1460.0,False,Creator 43,CA,creator43@mail.example,tech
CR00044,youtube,@creator44_youtube,21768,1720,15159,388,39,20,,False,Creator 44,GB,creator44@mail.example,travel
CR00045,youtube,@creator45_youtube,53571,4337,54619,2061,118,15,,False,Creator 45,KR,creator45@mail.example,travel
CR00045,instagram,@creator45_instagram,271901,11590,24148,653,140,87,91.0,True,Creator 45,KR,creator45@mail.example,travel
CR00045,tiktok,@creator45_tiktok,79044,5822,515338,34280,1805,0,3405.0,False,Creator 45,KR,creator45@mail.example,travel
CR00046,tiktok,@creator46_tiktok,11839,1395,32807,1215,76,240,34.0,False,Creator 46,KR,creator46@mail.example,music
CR00046,youtube,@creator46_youtube,4183,84,7120,426,24,38,,False,Creator 46,KR,creator46@mail.example,music
CR00047,youtube,@creator47_youtube,554916,-31249,475089,39375,1154,1070,,False,Creator 47,BR,creator47@mail.example,tech
CR00047,instagram,@creator47_instagram,285098,33257,416325,9668,46,980,90.0,False,Creator 47,BR,creator47@mail.example,tech
CR00047,tiktok,@creator47_tiktok,12889,849,111338,3197,16,65,19.0,False,Creator 47,BR,creator47@mail.example,tech
CR00048,instagram,@creator48_instagram,678425,54393,143747,7778,2478,0,176.0,False,Creator 48,DE,creator48@mail.example,gaming
CR00048,tiktok,@creator48_tiktok,28572,858,59843,1895,544,0,1048.0,False,Creator 48,DE,creator48@mail.example,gaming
CR00048,youtube,@creator48_youtube,40277,2590,17819,537,202,9,,False,Creator 48,DE,creator48@mail.example,gaming
CR00049,tiktok,@creator49_tiktok,1228,94,3822,138,2,2,3.0,False,Creator 49,GB,creator49@mail.example,travel
CR00049,youtube,@creator49_youtube,70018,4740,49501,2041,381,119,,False,Creator 49,GB,creator49@mail.example,travel
CR00050,instagram,@creator50_instagram,16935,2434,9894,339,99,24,27.0,False,Creator 50,MX,creator50@mail.example,tech
CR00050,tiktok,@creator50_tiktok,117166,16723,464261,21898,0,683,26.0,False,Creator 50,MX,creator50@mail.example,tech
CR00050,youtube,@creator50_youtube,311066,28755,1211198,82383,4171,7412,,False,Creator 50,MX,creator50@mail.example,tech
CR00051,instagram,@creator51_instagram,72238,2204,41837,2549,1,15,0.0,False,Creator 51,GB,creator51@mail.example,tech
CR00051,youtube,@creator51_youtube,1013,110,2054,44,0,0,,False,Creator 51,GB,creator51@mail.example,tech
CR00051,tiktok,@creator51_tiktok,184421,39570,760623,23226,1313,1637,757.0,False,Creator 51,GB,creator51@mail.example,tech
CR00052,youtube,@creator52_youtube,91489,9878,58453,3051,31,809,,False,Creator 52,KR,creator52@mail.example,gaming
CR00053,youtube,@creator53_youtube,995212,-19336,749553,20458,3743,4023,,False,Creator 53,US,creator53@mail.example,travel
CR00053,tiktok,@creator53_tiktok,6263,-47,27579,1594,283,70,27.0,False,Creator 53,US,creator53@mail.example,travel
CR00054,instagram,@creator54_instagram,1981,158,2177,185,3,14,5.0,False,Creator 54,KR,creator54@mail.example,travel
CR00054,tiktok,@creator54_tiktok,8585,1095,25129,976,137,166,9.0,False,Creator 54,KR,creator54@mail.example,travel
CR00055,instagram,@creator55_instagram,47486,1988,28707,1868,27,288,71.0,False,Creator 55,BR,creator55@mail.example,finance
CR00056,youtube,@creator56_youtube,45829,8006,26117,1174,14,0,,False,Creator 56,JP,creator56@mail.example,comedy
CR00056,instagram,@creator56_instagram,12759,110,2836,97,0,0,0.0,False,Creator 56,JP,creator56@mail.example,comedy
CR00057,youtube,@creator57_youtube,74574,11429,72276,2172,6,326,,False,Creator 57,MX,creator57@mail.example,education
CR00057,instagram,@creator57_instagram,14473,272,22538,1515,283,0,1.0,False,Creator 57,MX,creator57@mail.example,education
CR00057,tiktok,@creator57_tiktok,2613516,394788,2785916,190050,904,1455,0.0,False,Creator 57,MX,creator57@mail.example,education
CR00058,tiktok,@creator58_tiktok,55250,10524,53606,2056,602,24,508.0,False,Creator 58,FR,creator58@mail.example,tech
CR00058,instagram,@creator58_instagram,22666,1047,34503,2109,465,470,59.0,False,Creator 58,FR,creator58@mail.example,tech
CR00059,youtube,@creator59_youtube,46532,4706,24996,1865,12,32,,False,Creator 59,DE,creator59@mail.example,finance
CR00059,instagram,@creator59_instagram,7883,1473,6964,507,0,17,0.0,False,Creator 59,DE,creator59@mail.example,finance
CR00060,youtube,@creator60_youtube,17935,1716,10346,675,52,3,,False,Creator 60,JP,creator60@mail.example,gaming
CR00060,instagram,@creator60_instagram,28288,1097,40103,1160,1071,279,38.0,False,Creator 60,JP,creator60@mail.example,gaming
CR00060,tiktok,@creator60_tiktok,404547,-4678,924179,70276,4484,9428,8956.0,False,Creator 60,JP,creator60@mail.example,gaming
CR00061,instagram,@creator61_instagram,41701,-6263,22156,1462,0,123,74.0,False,Creator 61,KR,creator61@mail.example,music
CR00061,youtube,@creator61_youtube,80733,3854,114981,6083,242,0,,False,Creator 61,KR,creator61@mail.example,music
CR00061,tiktok,@creator61_tiktok,8566,481,48453,1437,121,62,55.0,False,Creator 61,KR,creator61@mail.example,music
CR00062,youtube,@creator62_youtube,87397,14439,137500,7568,68,1,,False,Creator 62,JP,creator62@mail.example,gaming
CR00062,instagram,@creator62_instagram,2362,297,881,38,1,6,3.0,False,Creator 62,JP,creator62@mail.example,gaming
CR00062,tiktok,@creator62_tiktok,34715,6395,34717,2037,65,8,68.0,False,Creator 62,JP,creator62@mail.example,gaming
CR00063,instagram,@creator63_instagram,10379,618,4075,177,10,0,15.0,False,Creator 63,DE,creator63@mail.example,music
CR00063,tiktok,@creator63_tiktok,80425,4919,143783,4389,3,357,100.0,False,Creator 63,DE,creator63@mail.example,music
CR00063,youtube,@creator63_youtube,22354,4131,22553,1320,128,3,,False,Creator 63,DE,creator63@mail.example,music
CR00064,instagram,@creator64_instagram,121585,-4829,68394,2236,243,9,57.0,True,Creator 64,IN,creator64@mail.example,comedy
CR00065,instagram,@creator65_instagram,90277,531,24035,769,16,41,19.0,False,Creator 65,BR,creator65@mail.example,beauty
CR00065,tiktok,@creator65_tiktok,24848,3823,30646,1192,41,7,236.0,False,Creator 65,BR,creator65@mail.example,beauty
CR00065,youtube,@creator65_youtube,5831,-144,6809,187,7,71,,False,Creator 65,BR,creator65@mail.example,beauty
CR00066,instagram,@creator66_instagram,96251,-7007,152848,2734,385,10,430.0,False,Creator 66,CA,creator66@mail.example,travel
CR00067,youtube,@creator67_youtube,31787,3701,14618,238,0,0,,False,Creator 67,BR,creator67@mail.example,education
CR00067,instagram,@creator67_instagram,134200,1207,196303,8104,310,514,0.0,False,Creator 67,BR,creator67@mail.example,education
CR00067,tiktok,@creator67_tiktok,16999,1113,23525,758,0,0,7.0,False,Creator 67,BR,creator67@mail.example,education
CR00068,tiktok,@creator68_tiktok,13342,745,18359,1226,227,5,0.0,False,Creator 68,GB,creator68@mail.example,gaming
CR00068,instagram,@creator68_instagram,101640,-2102,58458,2033,374,4,51.0,False,Creator 68,GB,creator68@mail.example,gaming
CR00068,youtube,@creator68_youtube,76450,7624,256879,13080,3285,281,,False,Creator 68,GB,creator68@mail.example,gaming
CR00069,youtube,@creator69_youtube,9914,-726,22188,1380,17,14,,False,Creator 69,KR,creator69@mail.example,comedy
CR00069,tiktok,@creator69_tiktok,4891,978,5700,383,26,29,7.0,False,Creator 69,KR,creator69@mail.example,comedy
CR00070,instagram,@creator70_instagram,28472,5202,18506,610,12,118,0.0,False,Creator 70,IN,creator70@mail.example,finance
CR00070,tiktok,@creator70_tiktok,11310,1192,10184,672,52,134,27.0,False,Creator 70,IN,creator70@mail.example,finance
CR00070,youtube,@creator70_youtube,6309,413,10091,309,34,23,,False,Creator 70,IN,creator70@mail.example,finance
CR00071,youtube,@creator71_youtube,264587,18463,685063,35379,11073,945,,False,Creator 71,MX,creator71@mail.example,food
CR00071,instagram,@creator71_instagram,41799,5100,37194,2815,8,55,38.0,True,Creator 71,MX,creator71@mail.example,food
CR00072,instagram,@creator72_instagram,199201,3379,174102,13892,764,330,184.0,False,Creator 72,JP,creator72@mail.example,beauty
CR00072,tiktok,@creator72_tiktok,1498,204,5666,215,9,0,2.0,False,Creator 72,JP,creator72@mail.example,beauty
CR00072,youtube,@creator72_youtube,34141,1156,45072,1101,57,241,,False,Creator 72,JP,creator72@mail.example,beauty
CR00073,youtube,@creator73_youtube,20977,1835,22228,1482,22,0,,False,Creator 73,DE,creator73@mail.example,finance
CR00073,tiktok,@creator73_tiktok,406555,33321,6040278,199890,53467,6181,30637.0,False,Creator 73,DE,creator73@mail.example,finance
CR00074,instagram,@creator74_instagram,9248,775,1780,130,5,7,32.0,False,Creator 74,JP,creator74@mail.example,tech
CR00075,tiktok,@creator75_tiktok,2707,208,8132,282,9,3,1.0,False,Creator 75,IN,creator75@mail.example,fitness
CR00076,youtube,@creator76_youtube,33869,-35,85507,4574,774,8,,False,Creator 76,KR,creator76@mail.example,music
CR00077,youtube,@creator77_youtube,8340,482,9542,482,16,44,,False,Creator 77,GB,creator77@mail.example,gaming
CR00077,tiktok,@creator77_tiktok,29568,1385,40247,2411,91,3,150.0,False,Creator 77,GB,creator77@mail.example,gaming
CR00077,instagram,@creator77_instagram,21829,1735,5692,203,7,1,2.0,False,Creator 77,GB,creator77@mail.example,gaming
CR00078,youtube,@creator78_youtube,13348,723,23728,595,12,12,,False,Creator 78,GB,creator78@mail.example,comedy
CR00078,tiktok,@creator78_tiktok,44056,5692,122486,1638,229,321,187.0,False,Creator 78,GB,creator78@mail.example,comedy
CR00079,instagram,@creator79_instagram,640293,46437,722580,18734,852,1558,1189.0,False,Creator 79,MX,creator79@mail.example,food
CR00079,youtube,@creator79_youtube,6418,673,5314,160,4,0,,False,Creator 79,MX,creator79@mail.example,food
CR00079,tiktok,@creator79_tiktok,15637,803,36746,2039,271,16,757.0,False,Creator 79,MX,creator79@mail.example,food
CR00080,tiktok,@creator80_tiktok,792756,1420,1523170,73176,10931,219,9215.0,False,Creator 80,FR,creator80@mail.example,tech
CR00080,instagram,@creator80_instagram,8233,975,899,54,2,9,0.0,False,Creator 80,FR,creator80@mail.example,tech
CR00081,instagram,@creator81_instagram,120601,6646,30250,1201,37,0,76.0,False,Creator 81,CA,creator81@mail.example,gaming
CR00082,youtube,@creator82_youtube,110573,-4809,516079,20920,1910,0,,False,Creator 82,DE,creator82@mail.example,gaming
CR00082,tiktok,@creator82_tiktok,44585,4115,146056,9596,19,606,1087.0,False,Creator 82,DE,creator82@mail.example,gaming
CR00082,instagram,@creator82_instagram,42634,1493,31627,1502,172,555,0.0,False,Creator 82,DE,creator82@mail.example,gaming
CR00083,tiktok,@creator83_tiktok,4663,791,11238,250,94,4,0.0,False,Creator 83,CA,creator83@mail.example,travel
CR00083,youtube,@creator83_youtube,54823,3709,85479,3265,957,0,,False,Creator 83,CA,creator83@mail.example,travel
CR00083,instagram,@creator83_instagram,17104,505,9007,339,52,3,46.0,False,Creator 83,CA,creator83@mail.example,travel
CR00084,instagram,@creator84_instagram,177271,20662,324700,7618,11,569,1.0,False,Creator 84,JP,creator84@mail.example,education
CR00084,tiktok,@creator84_tiktok,102874,-8,774206,27401,6,4778,70.0,False,Creator 84,JP,creator84@mail.example,education
CR00084,youtube,@creator84_youtube,5873,613,4972,302,2,6,,False,Creator 84,JP,creator84@mail.example,education
CR00085,instagram,@creator85_instagram,53846,1101,34660,2525,51,25,133.0,False,Creator 85,FR,creator85@mail.example,beauty
CR00085,youtube,@creator85_youtube,5927,723,39323,2707,1,250,,False,Creator 85,FR,creator85@mail.example,beauty
CR00086,youtube,@creator86_youtube,86816,7368,70084,4691,528,120,,False,Creator 86,US,creator86@mail.example,education
CR00086,tiktok,@creator86_tiktok,224245,5110,521387,31868,787,2482,0.0,False,Creator 86,US,creator86@mail.example,education
CR00086,instagram,@creator86_instagram,17031,32,40820,1160,156,74,3.0,False,Creator 86,US,creator86@mail.example,education
CR00087,tiktok,@creator87_tiktok,242127,-4276,1647685,170434,23158,64,5909.0,False,Creator 87,GB,creator87@mail.example,fitness
CR00087,youtube,@creator87_youtube,15496,1657,20939,472,202,51,,False,Creator 87,GB,creator87@mail.example,fitness
CR00088,youtube,@creator88_youtube,74917,1900,45832,1657,237,481,,False,Creator 88,MX,creator88@mail.example,education
CR00089,instagram,@creator89_instagram,37874,1389,17285,1247,0,40,1.0,False,Creator 89,KR,creator89@mail.example,finance
CR00089,youtube,@creator89_youtube,22702,3468,27390,1866,17,72,,False,Creator 89,KR,creator89@mail.example,finance
CR00090,youtube,@creator90_youtube,28010,654,33355,1448,138,0,,False,Creator 90,DE,creator90@mail.example,travel
CR00090,instagram,@creator90_instagram,40151,15,10436,265,38,0,5.0,False,Creator 90,DE,creator90@mail.example,travel
CR00090,tiktok,@creator90_tiktok,17841,403,161993,3707,996,261,373.0,False,Creator 90,DE,creator90@mail.example,travel
CR00091,tiktok,@creator91_tiktok,5875,174,26725,522,0,10,34.0,False,Creator 91,DE,creator91@mail.example,comedy
CR00092,youtube,@creator92_youtube,3414532,439219,3223296,181924,11774,48581,,False,Creator 92,DE,creator92@mail.example,tech
CR00092,tiktok,@creator92_tiktok,429939,-18404,760767,40330,1154,14,0.0,False,Creator 92,DE,creator92@mail.example,tech
CR00093,youtube,@creator93_youtube,36968,4465,52403,1559,243,6,,False,Creator 93,KR,creator93@mail.example,finance
CR00093,instagram,@creator93_instagram,5283,621,2641,125,0,12,29.0,False,Creator 93,KR,creator93@mail.example,finance
CR00094,youtube,@creator94_youtube,34226,3081,25120,1049,81,14,,False,Creator 94,JP,creator94@mail.example,fitness
CR00095,instagram,@creator95_instagram,33271,978,29243,1047,120,12,88.0,False,Creator 95,KR,creator95@mail.example,tech
CR00095,youtube,@creator95_youtube,33490,2592,39795,2907,123,177,,False,Creator 95,KR,creator95@mail.example,tech
CR00095,tiktok,@creator95_tiktok,73710,8607,458408,15326,847,7,71.0,False,Creator 95,KR,creator95@mail.example,tech
CR00096,tiktok,@creator96_tiktok,2089,168,1589,44,7,0,7.0,False,Creator 96,JP,creator96@mail.example,food
CR00096,youtube,@creator96_youtube,8030,1364,11676,801,24,63,,False,Creator 96,JP,creator96@mail.example,food
CR00096,instagram,@creator96_instagram,116575,7161,99755,1630,214,10,472.0,False,Creator 96,JP,creator96@mail.example,food
CR00097,youtube,@creator97_youtube,50026,7773,34418,1231,100,0,,False,Creator 97,GB,creator97@mail.example,food
CR00097,instagram,@creator97_instagram,86145,11998,52985,3041,571,26,201.0,False,Creator 97,GB,creator97@mail.example,food
CR00097,tiktok,@creator97_tiktok,1144311,73551,1114677,39808,885,439,695.0,False,Creator 97,GB,creator97@mail.example,food
CR00098,tiktok,@creator98_tiktok,1974,280,17033,1083,289,21,52.0,False,Creator 98,GB,creator98@mail.example,education
CR00098,instagram,@creator98_instagram,20157,3024,5027,376,9,15,0.0,False,Creator 98,GB,creator98@mail.example,education
CR00099,tiktok,@creator99_tiktok,22480,1636,124969,5486,32,0,169.0,False,Creator 99,IN,creator99@mail.example,fitness
CR00099,youtube,@creator99_youtube,50249,1552,70471,6129,74,0,,False,Creator 99,IN,creator99@mail.example,fitness
CR00099,instagram,@creator99_instagram,15851,721,6919,223,35,0,43.0,False,Creator 99,IN,creator99@mail.example,fitness
CR00100,tiktok,@creator100_tiktok,8132,1342,25578,375,44,0,4.0,False,Creator 100,JP,creator100@mail.example,beauty
CR00100,youtube,@creator100_youtube,28833,4770,44997,1716,10,60,,False,Creator 100,JP,creator100@mail.example,beauty
CR00100,instagram,@creator100_instagram,5052,666,4997,201,3,1,2.0,False,Creator 100,JP,creator100@mail.example,beauty
CR00101,instagram,@creator101_instagram,257231,24317,86705,2716,56,240,90.0,True,Creator 101,GB,creator101@mail.example,beauty
CR00101,youtube,@creator101_youtube,26488,2804,11507,873,105,1,,False,Creator 101,GB,creator101@mail.example,beauty
CR00101,tiktok,@creator101_tiktok,123613,8439,704579,35179,1800,3372,7516.0,False,Creator 101,GB,creator101@mail.example,beauty
CR00102,tiktok,@creator102_tiktok,304536,7595,330331,11781,730,306,8.0,False,Creator 102,US,creator102@mail.example,education
CR00102,youtube,@creator102_youtube,104700,9816,342075,26858,4362,100,,False,Creator 102,US,creator102@mail.example,education
CR00102,instagram,@creator102_instagram,125071,1456,78676,3435,56,374,579.0,False,Creator 102,US,creator102@mail.example,education
CR00103,instagram,@creator103_instagram,144969,-2126,67137,2946,2,222,0.0,False,Creator 103,IN,creator103@mail.example,comedy
CR00103,youtube,@creator103_youtube,96846,8318,219333,4523,87,66,,False,Creator 103,IN,creator103@mail.example,comedy
CR00103,tiktok,@creator103_tiktok,2965,156,17054,942,19,52,100.0,False,Creator 103,IN,creator103@mail.example,comedy
CR00104,youtube,@creator104_youtube,11055,1765,5906,291,2,4,,False,Creator 104,KR,creator104@mail.example,beauty
CR00104,tiktok,@creator104_tiktok,14818,1883,76028,1817,547,1,1152.0,False,Creator 104,KR,creator104@mail.example,beauty
CR00105,instagram,@creator105_instagram,111013,7126,38454,1967,2,110,0.0,False,Creator 105,JP,creator105@mail.example,travel
CR00106,instagram,@creator106_instagram,4776,140,1801,77,2,0,19.0,False,Creator 106,IN,creator106@mail.example,travel
CR00107,tiktok,@creator107_tiktok,11716,859,39069,2909,532,219,78.0,False,Creator 107,FR,creator107@mail.example,beauty
CR00107,youtube,@creator107_youtube,52109,9383,38334,980,63,50,,False,Creator 107,FR,creator107@mail.example,beauty
CR00108,youtube,@creator108_youtube,336173,11193,186535,9817,51,600,,False,Creator 108,DE,creator108@mail.example,music
CR00108,tiktok,@creator108_tiktok,32326,-565,55938,1374,333,123,121.0,False,Creator 108,DE,creator108@mail.example,music
CR00108,instagram,@creator108_instagram,230035,16289,102061,2495,213,178,16.0,False,Creator 108,DE,creator108@mail.example,music
CR00109,instagram,@creator109_instagram,61700,2403,26163,681,18,0,16.0,False,Creator 109,US,creator109@mail.example,music
CR00109,tiktok,@creator109_tiktok,16198,2173,39730,2898,29,608,1.0,False,Creator 109,US,creator109@mail.example,music
CR00110,instagram,@creator110_instagram,72091,5377,10299,658,6,13,41.0,False,Creator 110,JP,creator110@mail.example,beauty
CR00110,tiktok,@creator110_tiktok,211514,24841,505794,21911,339,362,815.0,False,Creator 110,JP,creator110@mail.example,beauty
CR00110,youtube,@creator110_youtube,227754,12351,249992,17524,2310,732,,False,Creator 110,JP,creator110@mail.example,beauty
CR00111,tiktok,@creator111_tiktok,73102,7191,475633,8533,262,0,105.0,False,Creator 111,DE,creator111@mail.example,music
CR00111,youtube,@creator111_youtube,22849,1647,51866,5188,515,19,,False,Creator 111,DE,creator111@mail.example,music
CR00112,youtube,@creator112_youtube,83764,4145,177065,9332,15,0,,False,Creator 112,CA,creator112@mail.example,gaming
CR00112,tiktok,@creator112_tiktok,5047,509,11517,862,38,0,4.0,False,Creator 112,CA,creator112@mail.example,gaming
CR00113,youtube,@creator113_youtube,21763,1725,11307,590,47,0,,False,Creator 113,KR,creator113@mail.example,travel
CR00113,instagram,@creator113_instagram,201978,9872,111450,7441,523,14,593.0,False,Creator 113,KR,creator113@mail.example,travel
CR00113,tiktok,@creator113_tiktok,179222,4108,448765,22808,745,952,209.0,False,Creator 113,KR,creator113@mail.example,travel
CR00114,instagram,@creator114_instagram,84972,6892,181965,13716,351,691,12.0,False,Creator 114,GB,creator114@mail.example,food
CR00115,youtube,@creator115_youtube,105951,12479,161955,3628,321,252,,False,Creator 115,JP,creator115@mail.example,tech
CR00116,instagram,@creator116_instagram,4429,544,2910,113,0,8,84.0,False,Creator 116,US,creator116@mail.example,tech
CR00116,youtube,@creator116_youtube,1008272,9985,305150,15727,5,1508,,False,Creator 116,US,creator116@mail.example,tech
CR00117,instagram,@creator117_instagram,143076,16663,81858,5416,0,0,351.0,False,Creator 117,BR,creator117@mail.example,music
CR00117,tiktok,@creator117_tiktok,42312,848,78173,3890,2863,454,1456.0,False,Creator 117,BR,creator117@mail.example,music
CR00117,youtube,@creator117_youtube,8249,625,8408,352,20,0,,False,Creator 117,BR,creator117@mail.example,music
CR00118,youtube,@creator118_youtube,8444,1378,11841,841,27,1,,False,Creator 118,IN,creator118@mail.example,comedy
CR00118,instagram,@creator118_instagram,1034716,-105560,657041,17623,6612,8469,264.0,False,Creator 118,IN,creator118@mail.example,comedy
CR00119,youtube,@creator119_youtube,100103,10770,278317,19981,4740,537,,False,Creator 119,CA,creator119@mail.example,comedy
CR00119,tiktok,@creator119_tiktok,27868,484,51281,2326,158,12,315.0,False,Creator 119,CA,creator119@mail.example,comedy
CR00120,tiktok,@creator120_tiktok,100562,8665,1754972,93533,7044,1057,3478.0,False,Creator 120,BR,creator120@mail.example,fitness
CR00121,instagram,@creator121_instagram,56209,1566,89732,4449,628,571,189.0,False,Creator 121,FR,creator121@mail.example,music
CR00121,tiktok,@creator121_tiktok,142296,14702,312008,18008,181,101,2152.0,False,Creator 121,FR,creator121@mail.example,music
CR00121,youtube,@creator121_youtube,16505,2349,28425,1315,7,52,,False,Creator 121,FR,creator121@mail.example,music
CR00122,tiktok,@creator122_tiktok,184324,8110,243433,7025,152,1147,168.0,False,Creator 122,FR,creator122@mail.example,food
CR00122,instagram,@creator122_instagram,26211,2477,30263,2273,146,0,7.0,True,Creator 122,FR,creator122@mail.example,food
CR00123,youtube,@creator123_youtube,532490,42449,918949,36930,1272,17,,False,Creator 123,JP,creator123@mail.example,education
CR00123,tiktok,@creator123_tiktok,944897,82289,2118942,146217,19065,3241,10885.0,False,Creator 123,JP,creator123@mail.example,education
CR00124,youtube,@creator124_youtube,5876,741,3801,341,8,0,,False,Creator 124,GB,creator124@mail.example,fitness
CR00125,tiktok,@creator125_tiktok,16884,1660,268731,8508,15,88,2.0,False,Creator 125,CA,creator125@mail.example,comedy
CR00125,instagram,@creator125_instagram,2113347,73308,1968668,48964,158,1907,594.0,True,Creator 125,CA,creator125@mail.example,comedy
CR00125,youtube,@creator125_youtube,188833,18209,311025,11193,32,1396,,False,Creator 125,CA,creator125@mail.example,comedy
CR00126,youtube,@creator126_youtube,50598,6076,63253,5872,1,0,,False,Creator 126,JP,creator126@mail.example,finance
CR00126,instagram,@creator126_instagram,67379,246,26759,1035,106,110,2.0,False,Creator 126,JP,creator126@mail.example,finance
CR00127,tiktok,@creator127_tiktok,5538,322,36439,2018,257,0,61.0,False,Creator 127,FR,creator127@mail.example,finance
CR00127,instagram,@creator127_instagram,15350,438,4762,374,5,12,0.0,False,Creator 127,FR,creator127@mail.example,finance
CR00128,tiktok,@creator128_tiktok,413298,37147,226442,8154,236,55,128.0,False,Creator 128,MX,creator128@mail.example,gaming
CR00128,instagram,@creator128_instagram,18558,239,6957,240,217,25,81.0,False,Creator 128,MX,creator128@mail.example,gaming
CR00128,youtube,@creator128_youtube,434135,42221,991763,17103,345,1110,,False,Creator 128,MX,creator128@mail.example,gaming
CR00129,instagram,@creator129_instagram,11625,391,4974,297,42,7,105.0,False,Creator 129,IN,creator129@mail.example,travel
CR00129,tiktok,@creator129_tiktok,37024,3215,204682,10319,891,127,3651.0,False,Creator 129,IN,creator129@mail.example,travel
CR00130,youtube,@creator130_youtube,14115,510,27170,1129,139,75,,False,Creator 130,CA,creator130@mail.example,finance
CR00130,tiktok,@creator130_tiktok,1318310,23936,3363263,56146,4983,11339,8477.0,False,Creator 130,CA,creator130@mail.example,finance
CR00130,instagram,@creator130_instagram,90417,7068,85440,3737,83,0,131.0,False,Creator 130,CA,creator130@mail.example,finance
CR00131,tiktok,@creator131_tiktok,56750,946,396701,26780,443,148,19.0,False,Creator 131,FR,creator131@mail.example,travel
CR00131,instagram,@creator131_instagram,59230,-744,51469,3226,446,2,70.0,True,Creator 131,FR,creator131@mail.example,travel
CR00131,youtube,@creator131_youtube,35026,3556,58431,1490,5,173,,False,Creator 131,FR,creator131@mail.example,travel
CR00132,youtube,@creator132_youtube,66179,-1668,94285,5513,806,195,,False,Creator 132,MX,creator132@mail.example,comedy
CR00132,tiktok,@creator132_tiktok,82072,12317,364644,11821,2264,541,7.0,False,Creator 132,MX,creator132@mail.example,comedy
CR00133,youtube,@creator133_youtube,921984,-131449,1831944,91888,14695,7935,,False,Creator 133,IN,creator133@mail.example,fitness
CR00134,instagram,@creator134_instagram,29656,-3714,39584,936,16,34,76.0,False,Creator 134,FR,creator134@mail.example,education
CR00134,youtube,@creator134_youtube,12035,2157,8020,471,106,28,,False,Creator 134,FR,creator134@mail.example,education
CR00135,youtube,@creator135_youtube,347531,24426,356669,12723,969,623,,False,Creator 135,DE,creator135@mail.example,comedy
CR00136,youtube,@creator136_youtube,184210,25769,173826,12390,1571,1450,,False,Creator 136,FR,creator136@mail.example,travel
CR00136,instagram,@creator136_instagram,91586,218,18539,486,45,44,93.0,False,Creator 136,FR,creator136@mail.example,travel
CR00136,tiktok,@creator136_tiktok,82396,1428,355289,20683,1248,5356,8.0,False,Creator 136,FR,creator136@mail.example,travel
CR00137,instagram,@creator137_instagram,12615,603,4435,79,0,0,4.0,False,Creator 137,BR,creator137@mail.example,fitness
CR00137,youtube,@creator137_youtube,30641,5777,23280,1042,38,1,,False,Creator 137,BR,creator137@mail.example,fitness
CR00138,instagram,@creator138_instagram,4563,346,1190,32,0,0,0.0,False,Creator 138,CA,creator138@mail.example,education
CR00138,youtube,@creator138_youtube,69011,1394,16301,966,22,75,,False,Creator 138,CA,creator138@mail.example,education
CR00138,tiktok,@creator138_tiktok,19329,1904,18683,1214,79,0,82.0,False,Creator 138,CA,creator138@mail.example,education
CR00139,tiktok,@creator139_tiktok,6073,358,62400,4090,617,0,212.0,False,Creator 139,GB,creator139@mail.example,education
CR00139,instagram,@creator139_instagram,102534,11906,27162,540,0,23,28.0,False,Creator 139,GB,creator139@mail.example,education
CR00140,tiktok,@creator140_tiktok,47718,6817,197137,6550,2803,4,106.0,False,Creator 140,CA,creator140@mail.example,tech
CR00140,youtube,@creator140_youtube,90565,7643,152271,3446,560,151,,False,Creator 140,CA,creator140@mail.example,tech
CR00141,instagram,@creator141_instagram,52890,4226,17257,982,4,22,78.0,False,Creator 141,CA,creator141@mail.example,finance
CR00141,youtube,@creator141_youtube,13805,2656,31785,2948,342,159,,False,Creator 141,CA,creator141@mail.example,finance
CR00142,youtube,@creator142_youtube,50386,3945,50689,1819,358,80,,False,Creator 142,BR,creator142@mail.example,food
CR00143,youtube,@creator143_youtube,32498,1663,34548,1250,124,0,,False,Creator 143,BR,creator143@mail.example,fitness
CR00143,tiktok,@creator143_tiktok,52890,448,405158,21198,1063,732,7.0,False,Creator 143,BR,creator143@mail.example,fitness
CR00143,instagram,@creator143_instagram,196785,34448,364590,20446,1306,0,73.0,False,Creator 143,BR,creator143@mail.example,fitness
CR00144,tiktok,@creator144_tiktok,46938,10592,218627,12206,221,238,83.0,False,Creator 144,US,creator144@mail.example,travel
CR00144,instagram,@creator144_instagram,44768,3890,24632,2189,56,0,63.0,True,Creator 144,US,creator144@mail.example,travel
CR00145,youtube,@creator145_youtube,12143,1542,22048,1622,104,1,,False,Creator 145,JP,creator145@mail.example,education
CR00146,instagram,@creator146_instagram,1583262,89031,1119035,52487,995,626,3403.0,False,Creator 146,KR,creator146@mail.example,food
CR00146,tiktok,@creator146_tiktok,253851,7634,1119081,37963,140,285,609.0,False,Creator 146,KR,creator146@mail.example,food
CR00147,youtube,@creator147_youtube,93750,-1872,216136,13263,123,17,,False,Creator 147,CA,creator147@mail.example,comedy
CR00147,tiktok,@creator147_tiktok,2517,-135,9640,608,9,32,17.0,False,Creator 147,CA,creator147@mail.example,comedy
CR00147,instagram,@creator147_instagram,78439,6266,16761,624,0,0,6.0,False,Creator 147,CA,creator147@mail.example,comedy
CR00148,youtube,@creator148_youtube,94086,8403,108502,6532,92,9,,False,Creator 148,IN,creator148@mail.example,food
CR00148,instagram,@creator148_instagram,25049,1111,6352,304,0,0,0.0,False,Creator 148,IN,creator148@mail.example,food
CR00149,tiktok,@creator149_tiktok,298167,43262,560965,11107,1028,287,687.0,False,Creator 149,IN,creator149@mail.example,tech
CR00149,instagram,@creator149_instagram,56369,5097,32975,1713,76,67,70.0,False,Creator 149,IN,creator149@mail.example,tech
CR00149,youtube,@creator149_youtube,29517,-658,43011,1685,57,0,,False,Creator 149,IN,creator149@mail.example,tech
CR00150,tiktok,@creator150_tiktok,22771,1738,374087,9115,591,0,169.0,False,Creator 150,US,creator150@mail.example,tech
CR00150,instagram,@creator150_instagram,295068,32630,193851,5441,576,463,2387.0,False,Creator 150,US,creator150@mail.example,tech
CR00151,youtube,@creator151_youtube,6257,895,9366,805,15,33,,False,Creator 151,CA,creator151@mail.example,finance
CR00151,tiktok,@creator151_tiktok,15075,1342,51351,1239,210,44,36.0,False,Creator 151,CA,creator151@mail.example,finance
CR00151,instagram,@creator151_instagram,22909,3546,9313,283,17,0,15.0,False,Creator 151,CA,creator151@mail.example,finance
CR00152,instagram,@creator152_instagram,39532,6424,6724,363,45,5,0.0,False,Creator 152,FR,creator152@mail.example,fitness
CR00152,tiktok,@creator152_tiktok,10577,2360,18192,1477,95,0,33.0,False,Creator 152,FR,creator152@mail.example,fitness
CR00152,youtube,@creator152_youtube,23116,4147,15510,534,24,0,,False,Creator 152,FR,creator152@mail.example,fitness
CR00153,instagram,@creator153_instagram,357773,17570,171844,12488,0,1118,2.0,False,Creator 153,MX,creator153@mail.example,fitness
CR00153,tiktok,@creator153_tiktok,1152470,128767,3971599,234316,10642,12200,38.0,False,Creator 153,MX,creator153@mail.example,fitness
CR00153,youtube,@creator153_youtube,14513,1101,43240,1507,26,67,,False,Creator 153,MX,creator153@mail.example,fitness
CR00154,instagram,@creator154_instagram,143427,11151,63670,3204,194,0,0.0,False,Creator 154,DE,creator154@mail.example,food
CR00154,youtube,@creator154_youtube,42168,1123,135967,3460,93,204,,False,Creator 154,DE,creator154@mail.example,food
CR00155,instagram,@creator155_instagram,130635,12920,64925,3185,53,57,166.0,False,Creator 155,KR,creator155@mail.example,travel
CR00155,tiktok,@creator155_tiktok,109539,18081,1024190,78285,4194,3883,1577.0,False,Creator 155,KR,creator155@mail.example,travel
CR00155,youtube,@creator155_youtube,243918,-3633,600003,28070,459,0,,False,Creator 155,KR,creator155@mail.example,travel
CR00156,instagram,@creator156_instagram,49319,-519,21834,547,33,2,1.0,False,Creator 156,KR,creator156@mail.example,finance
CR00156,tiktok,@creator156_tiktok,84150,11212,527491,16130,41,811,209.0,False,Creator 156,KR,creator156@mail.example,finance
CR00157,tiktok,@creator157_tiktok,38984,4584,138233,11590,5,503,1371.0,False,Creator 157,DE,creator157@mail.example,comedy
CR00158,youtube,@creator158_youtube,35240,676,261890,16822,98,0,,False,Creator 158,CA,creator158@mail.example,travel
CR00158,tiktok,@creator158_tiktok,206403,14783,465766,8655,1336,480,0.0,False,Creator 158,CA,creator158@mail.example,travel
CR00158,instagram,@creator158_instagram,30441,1489,17831,295,41,11,51.0,False,Creator 158,CA,creator158@mail.example,travel
CR00159,instagram,@creator159_instagram,5915,393,3193,84,17,11,1.0,False,Creator 159,MX,creator159@mail.example,fitness
CR00160,instagram,@creator160_instagram,109342,12634,141994,3649,712,1,6.0,False,Creator 160,KR,creator160@mail.example,food
CR00160,youtube,@creator160_youtube,138815,9034,910646,48354,2768,827,,False,Creator 160,KR,creator160@mail.example,food
CR00160,tiktok,@creator160_tiktok,517448,56621,1203166,34165,1522,494,457.0,False,Creator 160,KR,creator160@mail.example,food
CR00161,tiktok,@creator161_tiktok,5516,1084,11191,665,155,55,14.0,False,Creator 161,US,creator161@mail.example,travel
CR00161,instagram,@creator161_instagram,34103,2195,16018,1167,9,50,20.0,False,Creator 161,US,creator161@mail.example,travel
CR00162,tiktok,@creator162_tiktok,156765,11183,649677,12785,25,3566,555.0,False,Creator 162,JP,creator162@mail.example,food
CR00163,instagram,@creator163_instagram,3050,-6,936,26,8,0,2.0,False,Creator 163,MX,creator163@mail.example,tech
CR00164,instagram,@creator164_instagram,1439,99,2257,82,9,1,2.0,True,Creator 164,FR,creator164@mail.example,beauty
CR00164,tiktok,@creator164_tiktok,256942,45969,534918,16471,256,533,112.0,False,Creator 164,FR,creator164@mail.example,beauty
CR00165,youtube,@creator165_youtube,20834,672,27710,1126,3,46,,False,Creator 165,FR,creator165@mail.example,fitness
CR00165,instagram,@creator165_instagram,232906,16420,243836,7469,688,847,900.0,False,Creator 165,FR,creator165@mail.example,fitness
CR00166,instagram,@creator166_instagram,1970,47,2108,112,9,0,0.0,False,Creator 166,FR,creator166@mail.example,beauty
CR00166,tiktok,@creator166_tiktok,27522,3623,49743,2175,227,138,15.0,False,Creator 166,FR,creator166@mail.example,beauty
CR00166,youtube,@creator166_youtube,2565,-25,4801,277,15,7,,False,Creator 166,FR,creator166@mail.example,beauty
CR00167,instagram,@creator167_instagram,9253,1451,1910,69,4,0,29.0,False,Creator 167,FR,creator167@mail.example,food
CR00168,instagram,@creator168_instagram,51651,2359,55102,4678,1785,1060,142.0,False,Creator 168,GB,creator168@mail.example,music
CR00168,youtube,@creator168_youtube,51015,7180,75108,2521,101,1,,False,Creator 168,GB,creator168@mail.example,music
CR00168,tiktok,@creator168_tiktok,19224,1954,21635,1098,76,71,0.0,False,Creator 168,GB,creator168@mail.example,music
CR00169,tiktok,@creator169_tiktok,60527,4773,270557,9762,98,0,2965.0,False,Creator 169,JP,creator169@mail.example,fitness
CR00170,instagram,@creator170_instagram,241378,15932,61328,3899,731,19,18.0,False,Creator 170,FR,creator170@mail.example,fitness
CR00171,youtube,@creator171_youtube,36014,5632,93326,3964,196,285,,False,Creator 171,US,creator171@mail.example,tech
CR00172,tiktok,@creator172_tiktok,73240,11796,199517,5389,16,3,83.0,False,Creator 172,BR,creator172@mail.example,tech
CR00172,instagram,@creator172_instagram,14694,-700,1889,81,2,4,1.0,False,Creator 172,BR,creator172@mail.example,tech
CR00172,youtube,@creator172_youtube,43864,5807,67441,4119,56,23,,False,Creator 172,BR,creator172@mail.example,tech
CR00173,youtube,@creator173_youtube,12480,2457,8183,628,8,33,,False,Creator 173,GB,creator173@mail.example,music
CR00173,tiktok,@creator173_tiktok,151319,25313,511038,23828,327,7385,389.0,False,Creator 173,GB,creator173@mail.example,music
CR00173,instagram,@creator173_instagram,7719,871,4050,157,7,3,27.0,False,Creator 173,GB,creator173@mail.example,music
CR00174,youtube,@creator174_youtube,2501,152,3103,77,8,0,,False,Creator 174,BR,creator174@mail.example,tech
CR00174,tiktok,@creator174_tiktok,59383,-1454,41958,1229,122,0,1.0,False,Creator 174,BR,creator174@mail.example,tech
CR00174,instagram,@creator174_instagram,3091,189,2008,82,36,2,0.0,False,Creator 174,BR,creator174@mail.example,tech
CR00175,tiktok,@creator175_tiktok,976682,51825,5128061,298746,33758,0,33311.0,False,Creator 175,JP,creator175@mail.example,food
CR00175,instagram,@creator175_instagram,44319,7649,18168,997,1,0,139.0,False,Creator 175,JP,creator175@mail.example,food
CR00175,youtube,@creator175_youtube,13836,1473,12652,540,120,86,,False,Creator 175,JP,creator175@mail.example,food
CR00176,instagram,@creator176_instagram,47522,5390,24673,1351,5,337,109.0,False,Creator 176,CA,creator176@mail.example,beauty
CR00176,youtube,@creator176_youtube,65174,6893,45073,1401,28,67,,False,Creator 176,CA,creator176@mail.example,beauty
CR00176,tiktok,@creator176_tiktok,1370,193,9432,517,0,21,27.0,False,Creator 176,CA,creator176@mail.example,beauty
CR00177,tiktok,@creator177_tiktok,3249,327,34597,926,34,80,20.0,False,Creator 177,GB,creator177@mail.example,beauty
CR00177,youtube,@creator177_youtube,1500920,130763,2216403,62619,695,5130,,False,Creator 177,GB,creator177@mail.example,beauty
CR00177,instagram,@creator177_instagram,190725,17953,394439,26271,2347,0,2217.0,False,Creator 177,GB,creator177@mail.example,beauty
CR00178,instagram,@creator178_instagram,29436,3248,22076,542,21,34,30.0,False,Creator 178,DE,creator178@mail.example,tech
CR00178,youtube,@creator178_youtube,48252,3552,27531,1023,14,0,,False,Creator 178,DE,creator178@mail.example,tech
CR00178,tiktok,@creator178_tiktok,1481155,81614,7010592,323918,15557,4795,12663.0,False,Creator 178,DE,creator178@mail.example,tech
CR00179,youtube,@creator179_youtube,23088,2000,15212,705,237,0,,False,Creator 179,KR,creator179@mail.example,food
CR00179,tiktok,@creator179_tiktok,28018,1426,101060,1528,351,279,2.0,False,Creator 179,KR,creator179@mail.example,food
CR00179,instagram,@creator179_instagram,24477,2162,3356,125,16,10,4.0,False,Creator 179,KR,creator179@mail.example,food
CR00180,tiktok,@creator180_tiktok,31495,2270,73554,1538,104,17,101.0,False,Creator 180,US,creator180@mail.example,music
CR00180,youtube,@creator180_youtube,4116,618,8089,132,0,0,,False,Creator 180,US,creator180@mail.example,music
CR00180,instagram,@creator180_instagram,49939,1439,49130,1822,59,7,50.0,False,Creator 180,US,creator180@mail.example,music
CR00181,instagram,@creator181_instagram,7981,1215,4143,87,6,12,1.0,False,Creator 181,GB,creator181@mail.example,education
CR00181,tiktok,@creator181_tiktok,34896,2474,223730,3483,0,535,523.0,False,Creator 181,GB,creator181@mail.example,education
CR00181,youtube,@creator181_youtube,236738,14175,216685,7387,751,38,,False,Creator 181,GB,creator181@mail.example,education
CR00182,youtube,@creator182_youtube,46313,6002,140317,6898,1163,250,,False,Creator 182,US,creator182@mail.example,gaming
CR00182,tiktok,@creator182_tiktok,120365,5429,1967760,37036,3089,256,1066.0,False,Creator 182,US,creator182@mail.example,gaming
CR00183,youtube,@creator183_youtube,14673,406,7862,287,30,127,,False,Creator 183,KR,creator183@mail.example,gaming
CR00183,tiktok,@creator183_tiktok,137078,14340,501075,38367,2353,4,1076.0,False,Creator 183,KR,creator183@mail.example,gaming
CR00183,instagram,@creator183_instagram,163225,23130,52154,1517,53,21,11.0,False,Creator 183,KR,creator183@mail.example,gaming
CR00184,instagram,@creator184_instagram,177291,-8940,64065,1354,152,1,343.0,False,Creator 184,CA,creator184@mail.example,music
CR00184,tiktok,@creator184_tiktok,38361,2517,56475,3527,245,88,266.0,False,Creator 184,CA,creator184@mail.example,music
CR00184,youtube,@creator184_youtube,283828,6101,333985,15393,204,5,,False,Creator 184,CA,creator184@mail.example,music
CR00185,youtube,@creator185_youtube,88965,3353,100823,6287,0,11,,False,Creator 185,MX,creator185@mail.example,music
CR00185,tiktok,@creator185_tiktok,108545,16365,487624,31858,9693,0,632.0,False,Creator 185,MX,creator185@mail.example,music
CR00186,tiktok,@creator186_tiktok,33048,6598,112797,5372,236,330,0.0,False,Creator 186,GB,creator186@mail.example,food
CR00186,instagram,@creator186_instagram,12639,476,15235,404,19,17,18.0,True,Creator 186,GB,creator186@mail.example,food
CR00186,youtube,@creator186_youtube,17313,2561,19809,1345,25,0,,False,Creator 186,GB,creator186@mail.example,food
CR00187,tiktok,@creator187_tiktok,1211816,70772,4585499,179280,9751,8508,15134.0,False,Creator 187,DE,creator187@mail.example,comedy
CR00187,instagram,@creator187_instagram,28464,2099,9818,325,102,0,1.0,False,Creator 187,DE,creator187@mail.example,comedy
CR00187,youtube,@creator187_youtube,1679235,42979,3646818,233031,46452,0,,False,Creator 187,DE,creator187@mail.example,comedy
CR00188,instagram,@creator188_instagram,97586,-866,227987,7304,835,403,732.0,False,Creator 188,KR,creator188@mail.example,tech
CR00188,youtube,@creator188_youtube,14883,1575,40920,858,0,21,,False,Creator 188,KR,creator188@mail.example,tech
CR00189,youtube,@creator189_youtube,171664,23706,152051,9416,101,696,,False,Creator 189,US,creator189@mail.example,education
CR00189,instagram,@creator189_instagram,40520,3920,87324,3527,251,1109,486.0,False,Creator 189,US,creator189@mail.example,education
CR00190,tiktok,@creator190_tiktok,237167,25822,631641,36006,2887,1575,650.0,False,Creator 190,GB,creator190@mail.example,gaming
CR00190,instagram,@creator190_instagram,11715,536,27807,2163,5,50,350.0,False,Creator 190,GB,creator190@mail.example,gaming
CR00191,tiktok,@creator191_tiktok,231505,-18591,363579,8850,405,460,351.0,False,Creator 191,BR,creator191@mail.example,fitness
CR00191,instagram,@creator191_instagram,18494,2365,17343,706,70,15,40.0,False,Creator 191,BR,creator191@mail.example,fitness
CR00191,youtube,@creator191_youtube,372633,24528,2314065,99978,7312,19065,,False,Creator 191,BR,creator191@mail.example,fitness
CR00192,youtube,@creator192_youtube,15867,1705,24593,1894,40,75,,False,Creator 192,KR,creator192@mail.example,tech
CR00192,tiktok,@creator192_tiktok,11783,760,51898,3216,42,269,228.0,False,Creator 192,KR,creator192@mail.example,tech
CR00192,instagram,@creator192_instagram,84263,-2237,60036,1883,417,295,9.0,False,Creator 192,KR,creator192@mail.example,tech
CR00193,tiktok,@creator193_tiktok,54567,8592,206959,6699,10,5,22.0,False,Creator 193,FR,creator193@mail.example,finance
CR00193,youtube,@creator193_youtube,33929,-843,65540,1375,15,179,,False,Creator 193,FR,creator193@mail.example,finance
CR00194,tiktok,@creator194_tiktok,45992,6101,128625,6950,1914,312,1526.0,False,Creator 194,CA,creator194@mail.example,music
CR00194,youtube,@creator194_youtube,93588,272,421630,10184,1377,0,,False,Creator 194,CA,creator194@mail.example,music
CR00194,instagram,@creator194_instagram,24352,50,18657,471,68,135,63.0,False,Creator 194,CA,creator194@mail.example,music
CR00195,youtube,@creator195_youtube,84412,8707,77047,2727,206,9,,False,Creator 195,IN,creator195@mail.example,gaming
CR00196,tiktok,@creator196_tiktok,662377,50088,6763291,213107,10684,6624,4883.0,False,Creator 196,DE,creator196@mail.example,food
CR00197,instagram,@creator197_instagram,25800,1752,16596,362,0,22,4.0,False,Creator 197,KR,creator197@mail.example,music
CR00197,tiktok,@creator197_tiktok,13910,718,17468,970,246,28,98.0,False,Creator 197,KR,creator197@mail.example,music
CR00197,youtube,@creator197_youtube,74698,7605,32891,1103,0,3,,False,Creator 197,KR,creator197@mail.example,music
CR00198,youtube,@creator198_youtube,389185,19266,45140,3390,19,4,,False,Creator 198,DE,creator198@mail.example,finance
CR00198,instagram,@creator198_instagram,136320,-7600,112233,8622,66,373,689.0,True,Creator 198,DE,creator198@mail.example,finance
CR00199,youtube,@creator199_youtube,58104,7663,28842,961,12,0,,False,Creator 199,JP,creator199@mail.example,finance
CR00199,instagram,@creator199_instagram,679460,67162,412258,8757,356,1129,392.0,False,Creator 199,JP,creator199@mail.example,finance
CR00200,tiktok,@creator200_tiktok,2494,559,28477,1860,239,132,48.0,False,Creator 200,GB,creator200@mail.example,music
CR00200,youtube,@creator200_youtube,22217,-459,10597,404,39,11,,False,Creator 200,GB,creator200@mail.example,music
CR00200,instagram,@creator200_instagram,27740,563,25303,1090,120,239,110.0,False,Creator 200,GB,creator200@mail.example,music
CR00201,youtube,@creator201_youtube,14133,1271,18331,1440,16,77,,False,Creator 201,GB,creator201@mail.example,food
CR00201,tiktok,@creator201_tiktok,15560,1454,85981,3672,131,110,776.0,False,Creator 201,GB,creator201@mail.example,food
CR00202,instagram,@creator202_instagram,40714,2458,19297,1098,401,26,35.0,False,Creator 202,JP,creator202@mail.example,finance
CR00202,youtube,@creator202_youtube,13146,943,51072,2122,7,24,,False,Creator 202,JP,creator202@mail.example,finance
CR00202,tiktok,@creator202_tiktok,27151,-369,61552,4065,239,208,118.0,False,Creator 202,JP,creator202@mail.example,finance
CR00203,tiktok,@creator203_tiktok,27529,5340,181992,7695,517,0,114.0,False,Creator 203,JP,creator203@mail.example,food
CR00203,instagram,@creator203_instagram,65110,6445,27647,1505,64,58,99.0,False,Creator 203,JP,creator203@mail.example,food
CR00204,instagram,@creator204_instagram,186271,9697,188750,2962,64,0,288.0,False,Creator 204,JP,creator204@mail.example,fitness
CR00204,tiktok,@creator204_tiktok,8977,689,99503,4292,337,7,38.0,False,Creator 204,JP,creator204@mail.example,fitness
CR00205,youtube,@creator205_youtube,173156,11314,111552,5273,289,843,,False,Creator 205,JP,creator205@mail.example,beauty
CR00205,tiktok,@creator205_tiktok,9164,955,18389,840,15,44,88.0,False,Creator 205,JP,creator205@mail.example,beauty
CR00206,tiktok,@creator206_tiktok,6461,762,8396,307,0,1,66.0,False,Creator 206,IN,creator206@mail.example,education
CR00206,instagram,@creator206_instagram,33901,1816,20567,2179,117,0,0.0,False,Creator 206,IN,creator206@mail.example,education
CR00207,youtube,@creator207_youtube,34014,3217,56919,4120,2,89,,False,Creator 207,GB,creator207@mail.example,music
CR00208,instagram,@creator208_instagram,8898,1121,4324,148,6,0,1.0,False,Creator 208,CA,creator208@mail.example,travel
CR00208,youtube,@creator208_youtube,29333,2980,8605,529,84,28,,False,Creator 208,CA,creator208@mail.example,travel
CR00208,tiktok,@creator208_tiktok,4911,-319,20432,1290,40,0,15.0,False,Creator 208,CA,creator208@mail.example,travel
CR00209,tiktok,@creator209_tiktok,60123,4669,123230,6572,0,15,30.0,False,Creator 209,GB,creator209@mail.example,tech
CR00210,youtube,@creator210_youtube,3273,613,6302,464,11,6,,False,Creator 210,DE,creator210@mail.example,beauty
CR00210,tiktok,@creator210_tiktok,39499,5552,82021,5500,212,174,225.0,False,Creator 210,DE,creator210@mail.example,beauty
CR00211,youtube,@creator211_youtube,57528,-352,144846,7235,79,60,,False,Creator 211,IN,creator211@mail.example,music
CR00211,instagram,@creator211_instagram,8519,434,4793,187,32,0,38.0,True,Creator 211,IN,creator211@mail.example,music
CR00212,tiktok,@creator212_tiktok,114686,11392,379397,15971,451,166,25.0,False,Creator 212,JP,creator212@mail.example,food
CR00212,youtube,@creator212_youtube,56375,794,50316,3650,998,256,,False,Creator 212,JP,creator212@mail.example,food
CR00212,instagram,@creator212_instagram,167877,29642,548819,29361,593,271,418.0,False,Creator 212,JP,creator212@mail.example,food
CR00213,instagram,@creator213_instagram,3360,173,1688,107,3,1,0.0,False,Creator 213,CA,creator213@mail.example,music
CR00214,youtube,@creator214_youtube,40315,4260,41174,2293,45,80,,False,Creator 214,MX,creator214@mail.example,fitness
CR00214,instagram,@creator214_instagram,70000,-619,36539,1450,203,0,82.0,False,Creator 214,MX,creator214@mail.example,fitness
CR00215,tiktok,@creator215_tiktok,45052,5379,76896,5800,157,211,614.0,False,Creator 215,US,creator215@mail.example,tech
CR00215,instagram,@creator215_instagram,3441,69,3676,119,0,4,22.0,False,Creator 215,US,creator215@mail.example,tech
CR00215,youtube,@creator215_youtube,102334,11189,66537,3043,361,946,,False,Creator 215,US,creator215@mail.example,tech
CR00216,tiktok,@creator216_tiktok,10870,1186,101779,2905,95,0,550.0,False,Creator 216,BR,creator216@mail.example,music
CR00216,instagram,@creator216_instagram,25044,-940,45295,3205,193,0,6.0,False,Creator 216,BR,creator216@mail.example,music
CR00216,youtube,@creator216_youtube,51665,6440,76720,1231,344,12,,False,Creator 216,BR,creator216@mail.example,music
CR00217,instagram,@creator217_instagram,35112,3587,9059,867,14,0,9.0,True,Creator 217,MX,creator217@mail.example,education
CR00218,instagram,@creator218_instagram,3661,478,1505,98,2,3,3.0,False,Creator 218,DE,creator218@mail.example,education
CR00219,youtube,@creator219_youtube,24937,1567,49392,1715,45,8,,False,Creator 219,CA,creator219@mail.example,gaming
CR00220,tiktok,@creator220_tiktok,1807181,123316,3507673,112510,6254,1008,8.0,False,Creator 220,MX,creator220@mail.example,finance
CR00221,instagram,@creator221_instagram,60532,8316,132799,8577,45,68,139.0,False,Creator 221,US,creator221@mail.example,music
CR00221,tiktok,@creator221_tiktok,128883,8902,379115,10682,811,83,140.0,False,Creator 221,US,creator221@mail.example,music
CR00222,tiktok,@creator222_tiktok,419551,33079,2237566,41856,914,89,5334.0,False,Creator 222,MX,creator222@mail.example,comedy
CR00223,youtube,@creator223_youtube,98642,1088,143917,10411,423,491,,False,Creator 223,IN,creator223@mail.example,fitness
CR00223,instagram,@creator223_instagram,10210,737,819,57,1,1,8.0,False,Creator 223,IN,creator223@mail.example,fitness
CR00223,tiktok,@creator223_tiktok,607797,57347,1364684,40556,3400,1267,577.0,False,Creator 223,IN,creator223@mail.example,fitness
CR00224,instagram,@creator224_instagram,15609,2286,5872,315,0,1,54.0,False,Creator 224,GB,creator224@mail.example,travel
CR00224,youtube,@creator224_youtube,84661,9288,281765,21850,862,0,,False,Creator 224,GB,creator224@mail.example,travel
CR00224,tiktok,@creator224_tiktok,79985,6005,265866,7178,926,0,1094.0,False,Creator 224,GB,creator224@mail.example,travel
CR00225,tiktok,@creator225_tiktok,19712,1890,147225,7073,851,7,88.0,False,Creator 225,IN,creator225@mail.example,gaming
CR00226,tiktok,@creator226_tiktok,40375,3046,91994,5045,256,1128,161.0,False,Creator 226,MX,creator226@mail.example,music
CR00226,youtube,@creator226_youtube,41797,-1680,11753,714,34,43,,False,Creator 226,MX,creator226@mail.example,music
CR00227,tiktok,@creator227_tiktok,1721846,106227,2467054,111659,1924,9470,17648.0,False,Creator 227,DE,creator227@mail.example,education
CR00227,instagram,@creator227_instagram,26856,334,5669,204,22,12,0.0,False,Creator 227,DE,creator227@mail.example,education
CR00227,youtube,@creator227_youtube,50372,-3112,40256,1045,4,0,,False,Creator 227,DE,creator227@mail.example,education
CR00228,tiktok,@creator228_tiktok,16678,1164,35862,637,248,164,24.0,False,Creator 228,CA,creator228@mail.example,beauty
CR00228,youtube,@creator228_youtube,26021,1174,9665,563,33,27,,False,Creator 228,CA,creator228@mail.example,beauty
CR00228,instagram,@creator228_instagram,108926,11857,49260,3617,309,3,180.0,False,Creator 228,CA,creator228@mail.example,beauty
CR00229,youtube,@creator229_youtube,14475,1228,10441,632,7,170,,False,Creator 229,DE,creator229@mail.example,gaming
CR00230,tiktok,@creator230_tiktok,98973,-1785,250174,11563,57,1,631.0,False,Creator 230,BR,creator230@mail.example,tech
CR00230,youtube,@creator230_youtube,37227,5961,52452,2201,437,703,,False,Creator 230,BR,creator230@mail.example,tech
CR00230,instagram,@creator230_instagram,20424,3372,26546,1225,52,0,56.0,False,Creator 230,BR,creator230@mail.example,tech
CR00231,instagram,@creator231_instagram,196472,24966,105605,4203,892,339,157.0,False,Creator 231,MX,creator231@mail.example,comedy
CR00231,tiktok,@creator231_tiktok,99584,8678,191640,10832,805,2949,2208.0,False,Creator 231,MX,creator231@mail.example,comedy
CR00231,youtube,@creator231_youtube,140237,18448,145140,4473,10,828,,False,Creator 231,MX,creator231@mail.example,comedy
CR00232,instagram,@creator232_instagram,263700,16352,214781,13193,854,168,3.0,False,Creator 232,MX,creator232@mail.example,food
CR00233,tiktok,@creator233_tiktok,94338,7471,444163,19721,27,1,223.0,False,Creator 233,MX,creator233@mail.example,fitness
CR00233,instagram,@creator233_instagram,73287,9784,22291,1404,58,32,20.0,False,Creator 233,MX,creator233@mail.example,fitness
CR00233,youtube,@creator233_youtube,21739,1364,52120,4432,76,0,,False,Creator 233,MX,creator233@mail.example,fitness
CR00234,instagram,@creator234_instagram,21098,2273,11985,960,16,0,26.0,False,Creator 234,DE,creator234@mail.example,food
CR00234,youtube,@creator234_youtube,10482,1916,29247,2398,69,233,,False,Creator 234,DE,creator234@mail.example,food
CR00235,tiktok,@creator235_tiktok,54819,3620,88316,3656,22,22,47.0,False,Creator 235,BR,creator235@mail.example,comedy
CR00235,youtube,@creator235_youtube,328069,34404,679286,12935,1396,575,,False,Creator 235,BR,creator235@mail.example,comedy
CR00235,instagram,@creator235_instagram,106849,-3663,23468,1494,100,199,20.0,False,Creator 235,BR,creator235@mail.example,comedy
CR00236,instagram,@creator236_instagram,31589,3791,50625,1133,12,76,156.0,False,Creator 236,KR,creator236@mail.example,travel
CR00236,tiktok,@creator236_tiktok,184334,24762,1167938,33870,3102,0,3271.0,False,Creator 236,KR,creator236@mail.example,travel
CR00237,instagram,@creator237_instagram,12984,1238,8042,451,26,0,5.0,False,Creator 237,BR,creator237@mail.example,beauty
CR00238,youtube,@creator238_youtube,42279,4425,153540,8419,271,1141,,False,Creator 238,BR,creator238@mail.example,finance
CR00239,instagram,@creator239_instagram,795329,64064,365945,22505,1989,3532,3105.0,False,Creator 239,FR,creator239@mail.example,education
CR00239,youtube,@creator239_youtube,1743731,53742,9649790,652941,38216,10196,,False,Creator 239,FR,creator239@mail.example,education
CR00240,youtube,@creator240_youtube,77162,3727,226121,15370,268,506,,False,Creator 240,BR,creator240@mail.example,comedy
CR00240,tiktok,@creator240_tiktok,15807,2306,18018,1210,65,0,39.0,False,Creator 240,BR,creator240@mail.example,comedy
CR00240,instagram,@creator240_instagram,54260,7460,45443,1854,22,67,37.0,False,Creator 240,BR,creator240@mail.example,comedy
CR00241,youtube,@creator241_youtube,16094,1451,4122,517,3,3,,False,Creator 241,BR,creator241@mail.example,food
CR00242,instagram,@creator242_instagram,9856,1978,1946,90,0,25,16.0,True,Creator 242,MX,creator242@mail.example,education
CR00242,tiktok,@creator242_tiktok,541065,4472,5702577,181250,7275,7843,28918.0,False,Creator 242,MX,creator242@mail.example,education
CR00243,instagram,@creator243_instagram,44904,633,12180,954,19,131,36.0,False,Creator 243,JP,creator243@mail.example,comedy
CR00243,tiktok,@creator243_tiktok,48028,-1748,68927,5981,326,833,129.0,False,Creator 243,JP,creator243@mail.example,comedy
CR00243,youtube,@creator243_youtube,91407,8198,427340,17373,1647,1478,,False,Creator 243,JP,creator243@mail.example,comedy
CR00244,tiktok,@creator244_tiktok,97717,12557,144779,9092,362,223,1129.0,False,Creator 244,DE,creator244@mail.example,gaming
CR00244,youtube,@creator244_youtube,95633,8120,319680,9909,77,40,,False,Creator 244,DE,creator244@mail.example,gaming
CR00245,instagram,@creator245_instagram,55315,-3347,8365,207,0,10,15.0,False,Creator 245,US,creator245@mail.example,travel
CR00246,instagram,@creator246_instagram,132199,2013,266219,23155,75,1109,0.0,False,Creator 246,US,creator246@mail.example,comedy
CR00247,instagram,@creator247_instagram,109513,12636,98826,9147,267,336,79.0,False,Creator 247,IN,creator247@mail.example,travel
CR00247,tiktok,@creator247_tiktok,8610,551,9437,397,74,49,61.0,False,Creator 247,IN,creator247@mail.example,travel
CR00248,tiktok,@creator248_tiktok,60279,9081,105984,5456,8,598,107.0,False,Creator 248,JP,creator248@mail.example,music
CR00248,youtube,@creator248_youtube,148252,9474,561748,17811,0,776,,False,Creator 248,JP,creator248@mail.example,music
CR00248,instagram,@creator248_instagram,92472,-436,117469,2639,79,68,290.0,False,Creator 248,JP,creator248@mail.example,music
CR00249,youtube,@creator249_youtube,743979,35404,1932993,59677,5317,3072,,False,Creator 249,IN,creator249@mail.example,education
CR00249,instagram,@creator249_instagram,30119,674,10939,589,0,15,54.0,False,Creator 249,IN,creator249@mail.example,education
CR00250,tiktok,@creator250_tiktok,3280,400,9172,548,38,33,53.0,False,Creator 250,BR,creator250@mail.example,food
CR00251,tiktok,@creator251_tiktok,43383,2095,119232,8032,233,60,664.0,False,Creator 251,KR,creator251@mail.example,fitness
CR00252,youtube,@creator252_youtube,282946,52363,386472,17200,10,1952,,False,Creator 252,DE,creator252@mail.example,music
CR00252,instagram,@creator252_instagram,41976,3001,19970,1007,116,68,13.0,False,Creator 252,DE,creator252@mail.example,music
CR00253,instagram,@creator253_instagram,226160,18299,104309,2944,1722,153,115.0,False,Creator 253,JP,creator253@mail.example,comedy
CR00254,instagram,@creator254_instagram,16417,411,4023,131,3,0,2.0,False,Creator 254,DE,creator254@mail.example,beauty
CR00254,youtube,@creator254_youtube,14723,894,29062,1721,89,58,,False,Creator 254,DE,creator254@mail.example,beauty
CR00254,tiktok,@creator254_tiktok,11018,503,19662,1439,3,319,0.0,False,Creator 254,DE,creator254@mail.example,beauty
CR00255,youtube,@creator255_youtube,50224,2757,265245,8856,257,158,,False,Creator 255,DE,creator255@mail.example,finance
CR00255,instagram,@creator255_instagram,10209,992,13048,528,4,139,0.0,False,Creator 255,DE,creator255@mail.example,finance
CR00255,tiktok,@creator255_tiktok,23101,-706,97469,7009,592,34,798.0,False,Creator 255,DE,creator255@mail.example,finance
CR00256,tiktok,@creator256_tiktok,13422,829,30078,2833,51,45,124.0,False,Creator 256,GB,creator256@mail.example,travel
CR00257,instagram,@creator257_instagram,13131,1730,13385,1255,84,1,0.0,False,Creator 257,BR,creator257@mail.example,gaming
CR00257,youtube,@creator257_youtube,10296,822,11079,975,139,1,,False,Creator 257,BR,creator257@mail.example,gaming
CR00257,tiktok,@creator257_tiktok,22197,1146,24574,621,47,20,65.0,False,Creator 257,BR,creator257@mail.example,gaming
CR00258,youtube,@creator258_youtube,56353,8747,33167,1872,22,299,,False,Creator 258,GB,creator258@mail.example,tech
CR00258,instagram,@creator258_instagram,60701,2411,20619,772,11,26,184.0,False,Creator 258,GB,creator258@mail.example,tech
CR00259,instagram,@creator259_instagram,87975,5624,106295,6416,313,555,27.0,True,Creator 259,BR,creator259@mail.example,tech
CR00259,tiktok,@creator259_tiktok,2966,294,14783,283,11,28,14.0,False,Creator 259,BR,creator259@mail.example,tech
CR00260,instagram,@creator260_instagram,19512,699,7137,523,16,12,77.0,False,Creator 260,JP,creator260@mail.example,music
CR00260,tiktok,@creator260_tiktok,14326,1381,84960,6440,320,73,159.0,False,Creator 260,JP,creator260@mail.example,music
CR00260,youtube,@creator260_youtube,33463,-125,101842,8823,15,28,,False,Creator 260,JP,creator260@mail.example,music
CR00261,instagram,@creator261_instagram,94970,17568,73230,1884,1,0,111.0,False,Creator 261,BR,creator261@mail.example,music
CR00261,youtube,@creator261_youtube,199778,23021,248049,21682,1857,13,,False,Creator 261,BR,creator261@mail.example,music
CR00261,tiktok,@creator261_tiktok,62910,-2168,693979,31381,6250,2809,10115.0,False,Creator 261,BR,creator261@mail.example,music
CR00262,tiktok,@creator262_tiktok,2561,57,9502,730,38,1,0.0,False,Creator 262,DE,creator262@mail.example,gaming
CR00262,youtube,@creator262_youtube,23619,-1509,23825,1807,72,0,,False,Creator 262,DE,creator262@mail.example,gaming
CR00263,tiktok,@creator263_tiktok,346532,13850,2299740,89781,1610,9739,4927.0,False,Creator 263,BR,creator263@mail.example,gaming
CR00264,youtube,@creator264_youtube,57977,-4022,56477,1730,12,65,,False,Creator 264,JP,creator264@mail.example,beauty
CR00264,tiktok,@creator264_tiktok,12339,2447,24070,1858,43,73,17.0,False,Creator 264,JP,creator264@mail.example,beauty
CR00264,instagram,@creator264_instagram,453416,9776,441651,8591,39,158,367.0,False,Creator 264,JP,creator264@mail.example,beauty
CR00265,instagram,@creator265_instagram,10600,1060,20975,1326,357,0,355.0,False,Creator 265,KR,creator265@mail.example,music
CR00266,instagram,@creator266_instagram,14406,1510,13811,566,9,34,71.0,False,Creator 266,KR,creator266@mail.example,music
CR00266,youtube,@creator266_youtube,10042,1204,3663,259,22,0,,False,Creator 266,KR,creator266@mail.example,music
CR00267,youtube,@creator267_youtube,2853195,-166351,2611009,84813,23,573,,False,Creator 267,US,creator267@mail.example,travel
CR00268,tiktok,@creator268_tiktok,170252,25431,259571,13435,374,34,52.0,False,Creator 268,JP,creator268@mail.example,finance
CR00268,youtube,@creator268_youtube,53982,2514,218274,3947,383,195,,False,Creator 268,JP,creator268@mail.example,finance
CR00268,instagram,@creator268_instagram,1358048,164894,309017,18358,1244,111,143.0,False,Creator 268,JP,creator268@mail.example,finance
CR00269,instagram,@creator269_instagram,17074,1180,15668,452,64,0,0.0,False,Creator 269,DE,creator269@mail.example,tech
CR00269,tiktok,@creator269_tiktok,19572,1033,47946,3145,65,143,1199.0,False,Creator 269,DE,creator269@mail.example,tech
CR00269,youtube,@creator269_youtube,335939,-1119,722877,42654,2553,3819,,False,Creator 269,DE,creator269@mail.example,tech
CR00270,instagram,@creator270_instagram,111587,21374,32564,2443,95,133,188.0,False,Creator 270,GB,creator270@mail.example,beauty
CR00271,tiktok,@creator271_tiktok,9972,1711,20614,1194,107,1,65.0,False,Creator 271,GB,creator271@mail.example,food
CR00271,youtube,@creator271_youtube,10061,1199,8106,209,12,5,,False,Creator 271,GB,creator271@mail.example,food
CR00271,instagram,@creator271_instagram,214944,21425,119487,6320,603,73,871.0,False,Creator 271,GB,creator271@mail.example,food
CR00272,instagram,@creator272_instagram,84720,7510,38946,1434,249,67,389.0,True,Creator 272,FR,creator272@mail.example,tech
CR00273,youtube,@creator273_youtube,237895,31496,143852,12139,2973,0,,False,Creator 273,BR,creator273@mail.example,music
CR00273,instagram,@creator273_instagram,70130,296,44132,2718,71,54,4.0,False,Creator 273,BR,creator273@mail.example,music
CR00274,youtube,@creator274_youtube,405606,-1556,510559,32042,485,281,,False,Creator 274,JP,creator274@mail.example,comedy
CR00274,instagram,@creator274_instagram,28515,2387,29326,1062,14,34,14.0,False,Creator 274,JP,creator274@mail.example,comedy
CR00275,instagram,@creator275_instagram,27140,2604,7265,281,0,0,4.0,False,Creator 275,CA,creator275@mail.example,food
CR00275,tiktok,@creator275_tiktok,57662,9661,199437,9660,3629,6,1512.0,False,Creator 275,CA,creator275@mail.example,food
CR00276,instagram,@creator276_instagram,63720,5064,19628,1055,0,42,162.0,False,Creator 276,FR,creator276@mail.example,music
CR00276,youtube,@creator276_youtube,9072,134,9261,651,180,0,,False,Creator 276,FR,creator276@mail.example,music
CR00277,instagram,@creator277_instagram,81719,10381,124379,2124,493,614,285.0,True,Creator 277,DE,creator277@mail.example,education
CR00277,youtube,@creator277_youtube,189354,38254,263524,14707,266,1201,,False,Creator 277,DE,creator277@mail.example,education
CR00277,tiktok,@creator277_tiktok,24192,2651,65833,5534,393,129,147.0,False,Creator 277,DE,creator277@mail.example,education
CR00278,youtube,@creator278_youtube,252359,40269,740344,24470,1277,33,,False,Creator 278,GB,creator278@mail.example,food
CR00279,youtube,@creator279_youtube,224609,26917,140049,11561,0,43,,False,Creator 279,FR,creator279@mail.example,fitness
CR00279,instagram,@creator279_instagram,29296,75,7353,200,1,0,0.0,False,Creator 279,FR,creator279@mail.example,fitness
CR00279,tiktok,@creator279_tiktok,116147,22112,266124,6946,1080,764,670.0,False,Creator 279,FR,creator279@mail.example,fitness
CR00280,tiktok,@creator280_tiktok,273604,15326,722319,31580,672,6734,4293.0,False,Creator 280,JP,creator280@mail.example,fitness
CR00281,tiktok,@creator281_tiktok,20356,-305,30488,2668,72,3,158.0,False,Creator 281,FR,creator281@mail.example,beauty
CR00281,youtube,@creator281_youtube,93994,6615,295552,20523,1036,2163,,False,Creator 281,FR,creator281@mail.example,beauty
CR00281,instagram,@creator281_instagram,63473,3029,14610,424,10,100,53.0,False,Creator 281,FR,creator281@mail.example,beauty
CR00282,instagram,@creator282_instagram,2965,311,727,29,1,0,0.0,False,Creator 282,GB,creator282@mail.example,food
CR00282,youtube,@creator282_youtube,235424,35707,263605,12816,1042,4466,,False,Creator 282,GB,creator282@mail.example,food
CR00282,tiktok,@creator282_tiktok,54282,6705,105996,9416,405,282,587.0,False,Creator 282,GB,creator282@mail.example,food
CR00283,youtube,@creator283_youtube,42470,4960,99296,3379,0,1720,,False,Creator 283,CA,creator283@mail.example,education
CR00283,instagram,@creator283_instagram,1879,171,1606,76,2,0,19.0,True,Creator 283,CA,creator283@mail.example,education
CR00283,tiktok,@creator283_tiktok,38366,4786,153341,7641,686,848,185.0,False,Creator 283,CA,creator283@mail.example,education
CR00284,instagram,@creator284_instagram,20571,2129,10072,268,15,5,8.0,False,Creator 284,CA,creator284@mail.example,comedy
CR00284,youtube,@creator284_youtube,90597,14869,34101,1902,197,30,,False,Creator 284,CA,creator284@mail.example,comedy
CR00285,instagram,@creator285_instagram,118878,3799,146592,11698,97,28,397.0,True,Creator 285,CA,creator285@mail.example,food
CR00285,tiktok,@creator285_tiktok,29239,3028,41885,3958,61,477,130.0,False,Creator 285,CA,creator285@mail.example,food
CR00285,youtube,@creator285_youtube,11878,911,10159,1177,0,5,,False,Creator 285,CA,creator285@mail.example,food
CR00286,youtube,@creator286_youtube,10465,865,3796,166,0,6,,False,Creator 286,US,creator286@mail.example,fitness
CR00286,instagram,@creator286_instagram,10531,1232,8677,415,30,0,31.0,False,Creator 286,US,creator286@mail.example,fitness
CR00286,tiktok,@creator286_tiktok,81146,11367,513597,31340,636,0,1416.0,False,Creator 286,US,creator286@mail.example,fitness
CR00287,tiktok,@creator287_tiktok,39318,4323,123274,4147,370,404,246.0,False,Creator 287,CA,creator287@mail.example,travel
CR00287,instagram,@creator287_instagram,60284,2711,20636,1254,3,0,10.0,False,Creator 287,CA,creator287@mail.example,travel
CR00287,youtube,@creator287_youtube,36692,2955,18409,1988,0,25,,False,Creator 287,CA,creator287@mail.example,travel
CR00288,youtube,@creator288_youtube,39241,4502,55681,4495,494,17,,False,Creator 288,KR,creator288@mail.example,music
CR00289,instagram,@creator289_instagram,9600,1295,4162,288,50,1,1.0,False,Creator 289,JP,creator289@mail.example,education
CR00289,tiktok,@creator289_tiktok,57855,971,108177,3791,315,1,276.0,False,Creator 289,JP,creator289@mail.example,education
CR00289,youtube,@creator289_youtube,112212,8378,171152,18294,228,818,,False,Creator 289,JP,creator289@mail.example,education
CR00290,youtube,@creator290_youtube,36266,6396,22644,973,124,0,,False,Creator 290,CA,creator290@mail.example,tech
CR00290,tiktok,@creator290_tiktok,47512,7281,140102,6997,262,196,0.0,False,Creator 290,CA,creator290@mail.example,tech
CR00290,instagram,@creator290_instagram,108265,4572,24126,1569,128,13,2.0,False,Creator 290,CA,creator290@mail.example,tech
CR00291,tiktok,@creator291_tiktok,50161,4309,144729,10590,848,9,29.0,False,Creator 291,KR,creator291@mail.example,comedy
CR00291,instagram,@creator291_instagram,51069,-1434,45131,2007,223,0,112.0,False,Creator 291,KR,creator291@mail.example,comedy
CR00291,youtube,@creator291_youtube,52887,3892,15744,1124,71,115,,False,Creator 291,KR,creator291@mail.example,comedy
CR00292,instagram,@creator292_instagram,96516,11206,122580,5193,412,8,98.0,False,Creator 292,KR,creator292@mail.example,fitness
CR00292,youtube,@creator292_youtube,1269,55,270,10,0,0,,False,Creator 292,KR,creator292@mail.example,fitness
CR00293,tiktok,@creator293_tiktok,114753,12006,239610,12823,1926,30,254.0,False,Creator 293,JP,creator293@mail.example,education
CR00293,youtube,@creator293_youtube,456303,4898,620421,35750,228,2131,,False,Creator 293,JP,creator293@mail.example,education
CR00293,instagram,@creator293_instagram,245793,9085,249832,12415,196,240,841.0,False,Creator 293,JP,creator293@mail.example,education
CR00294,youtube,@creator294_youtube,35376,2076,17017,934,103,0,,False,Creator 294,DE,creator294@mail.example,travel
CR00294,instagram,@creator294_instagram,15078,3119,9706,413,5,32,22.0,False,Creator 294,DE,creator294@mail.example,travel
CR00294,tiktok,@creator294_tiktok,8205,80,25722,1510,3,31,141.0,False,Creator 294,DE,creator294@mail.example,travel
CR00295,instagram,@creator295_instagram,142114,11502,69179,3115,600,87,581.0,False,Creator 295,CA,creator295@mail.example,food
CR00295,tiktok,@creator295_tiktok,26932,2225,339760,11218,960,3776,1233.0,False,Creator 295,CA,creator295@mail.example,food
CR00295,youtube,@creator295_youtube,94749,6956,115137,3582,844,546,,False,Creator 295,CA,creator295@mail.example,food
CR00296,youtube,@creator296_youtube,120704,6112,275292,7486,89,0,,False,Creator 296,MX,creator296@mail.example,tech
CR00296,instagram,@creator296_instagram,104331,11644,41651,2780,158,0,0.0,False,Creator 296,MX,creator296@mail.example,tech
CR00296,tiktok,@creator296_tiktok,66203,5259,468966,11862,1273,2,974.0,False,Creator 296,MX,creator296@mail.example,tech
CR00297,youtube,@creator297_youtube,14898,1748,31712,1122,71,14,,False,Creator 297,MX,creator297@mail.example,music
CR00297,tiktok,@creator297_tiktok,14294,2716,60301,2880,708,55,432.0,False,Creator 297,MX,creator297@mail.example,music
CR00297,instagram,@creator297_instagram,50987,551,30411,1994,45,44,91.0,True,Creator 297,MX,creator297@mail.example,music
CR00298,tiktok,@creator298_tiktok,14821,1955,46376,2870,185,0,0.0,False,Creator 298,CA,creator298@mail.example,tech
CR00298,instagram,@creator298_instagram,24223,1871,45802,912,49,115,30.0,False,Creator 298,CA,creator298@mail.example,tech
CR00298,youtube,@creator298_youtube,214228,20256,69303,2045,444,353,,False,Creator 298,CA,creator298@mail.example,tech
CR00299,instagram,@creator299_instagram,9387,1230,2541,169,5,10,2.0,False,Creator 299,US,creator299@mail.example,music
CR00299,tiktok,@creator299_tiktok,61952,4894,233469,10239,0,0,826.0,False,Creator 299,US,creator299@mail.example,music
CR00300,youtube,@creator300_youtube,13808,1495,15775,461,27,9,,False,Creator 300,US,creator300@mail.example,fitness
CR00300,instagram,@creator300_instagram,16904,2701,10242,760,12,15,53.0,False,Creator 300,US,creator300@mail.example,fitness
CR00300,tiktok,@creator300_tiktok,568663,59883,1805438,146224,4045,248,10716.0,False,Creator 300,US,creator300@mail.example,fitness
CR00301,youtube,@creator301_youtube,55136,5494,133576,2575,42,705,,False,Creator 301,GB,creator301@mail.example,education
CR00301,tiktok,@creator301_tiktok,65116,-3977,131060,3963,33,401,277.0,False,Creator 301,GB,creator301@mail.example,education
CR00302,tiktok,@creator302_tiktok,6379,358,11404,190,60,31,34.0,False,Creator 302,MX,creator302@mail.example,gaming
CR00302,instagram,@creator302_instagram,180200,25198,166191,9222,1882,256,236.0,False,Creator 302,MX,creator302@mail.example,gaming
CR00302,youtube,@creator302_youtube,412030,-11149,354102,25414,8300,3,,False,Creator 302,MX,creator302@mail.example,gaming
CR00303,tiktok,@creator303_tiktok,142199,11335,231551,12305,56,285,281.0,False,Creator 303,CA,creator303@mail.example,tech
CR00303,youtube,@creator303_youtube,8651,889,6137,516,2,70,,False,Creator 303,CA,creator303@mail.example,tech
CR00303,instagram,@creator303_instagram,109286,7349,36417,813,61,35,85.0,True,Creator 303,CA,creator303@mail.example,tech
CR00304,instagram,@creator304_instagram,90856,2396,85911,840,6,267,211.0,False,Creator 304,FR,creator304@mail.example,travel
CR00304,youtube,@creator304_youtube,42805,6523,64047,2267,75,10,,False,Creator 304,FR,creator304@mail.example,travel
CR00305,tiktok,@creator305_tiktok,36937,-4813,196476,7414,2,468,1.0,False,Creator 305,BR,creator305@mail.example,food
CR00305,youtube,@creator305_youtube,32720,385,110894,5736,69,190,,False,Creator 305,BR,creator305@mail.example,food
CR00306,tiktok,@creator306_tiktok,2166635,329192,2024789,94079,6505,11606,11710.0,False,Creator 306,BR,creator306@mail.example,tech
CR00306,instagram,@creator306_instagram,779347,84924,977460,74204,8429,275,2650.0,True,Creator 306,BR,creator306@mail.example,tech
CR00307,tiktok,@creator307_tiktok,18347,-491,80463,4946,186,44,17.0,False,Creator 307,US,creator307@mail.example,travel
CR00307,instagram,@creator307_instagram,182751,14137,25069,751,9,138,96.0,False,Creator 307,US,creator307@mail.example,travel
CR00308,tiktok,@creator308_tiktok,13476,1454,49424,1922,176,24,9.0,False,Creator 308,IN,creator308@mail.example,education
CR00309,tiktok,@creator309_tiktok,303281,42505,121709,3693,1316,376,6.0,False,Creator 309,BR,creator309@mail.example,education
CR00310,youtube,@creator310_youtube,11101,643,18358,702,2,0,,False,Creator 310,IN,creator310@mail.example,music
CR00310,instagram,@creator310_instagram,92362,16333,30437,853,63,24,125.0,False,Creator 310,IN,creator310@mail.example,music
CR00311,instagram,@creator311_instagram,205673,29889,132543,6717,198,419,1458.0,False,Creator 311,MX,creator311@mail.example,finance
CR00311,tiktok,@creator311_tiktok,41301,1878,107398,1784,53,291,545.0,False,Creator 311,MX,creator311@mail.example,finance
CR00311,youtube,@creator311_youtube,578534,93881,1720373,109175,17380,249,,False,Creator 311,MX,creator311@mail.example,finance
CR00312,instagram,@creator312_instagram,10425,1463,11854,545,81,18,50.0,False,Creator 312,BR,creator312@mail.example,beauty
CR00312,tiktok,@creator312_tiktok,9282,1128,13674,289,14,2,0.0,False,Creator 312,BR,creator312@mail.example,beauty
CR00313,youtube,@creator313_youtube,61604,6656,97447,4177,564,1214,,False,Creator 313,KR,creator313@mail.example,travel
CR00313,tiktok,@creator313_tiktok,161474,21804,371555,12390,790,365,381.0,False,Creator 313,KR,creator313@mail.example,travel
CR00314,tiktok,@creator314_tiktok,19839,4084,51070,1652,199,1,0.0,False,Creator 314,DE,creator314@mail.example,fitness
CR00314,instagram,@creator314_instagram,9232,907,3895,234,26,28,3.0,False,Creator 314,DE,creator314@mail.example,fitness
CR00315,tiktok,@creator315_tiktok,6852,1332,33922,2223,80,62,394.0,False,Creator 315,IN,creator315@mail.example,tech
CR00315,instagram,@creator315_instagram,961447,22568,863322,43334,1128,523,1.0,False,Creator 315,IN,creator315@mail.example,tech
CR00315,youtube,@creator315_youtube,308168,25237,356143,7825,612,427,,False,Creator 315,IN,creator315@mail.example,tech
CR00316,instagram,@creator316_instagram,35089,6139,23330,1075,33,45,26.0,False,Creator 316,MX,creator316@mail.example,music
CR00317,tiktok,@creator317_tiktok,28944,2727,21966,537,41,24,2.0,False,Creator 317,FR,creator317@mail.example,gaming
CR00317,youtube,@creator317_youtube,16080,270,11629,879,4,31,,False,Creator 317,FR,creator317@mail.example,gaming
CR00317,instagram,@creator317_instagram,17574,1313,5898,355,12,1,0.0,False,Creator 317,FR,creator317@mail.example,gaming
CR00318,youtube,@creator318_youtube,14457,1990,45991,3872,50,132,,False,Creator 318,CA,creator318@mail.example,beauty
CR00318,tiktok,@creator318_tiktok,95493,12471,648909,25465,568,1045,2984.0,False,Creator 318,CA,creator318@mail.example,beauty
CR00318,instagram,@creator318_instagram,386471,21730,270652,12098,1503,2408,0.0,False,Creator 318,CA,creator318@mail.example,beauty
CR00319,youtube,@creator319_youtube,24291,3805,46192,2003,26,49,,False,Creator 319,US,creator319@mail.example,finance
CR00319,tiktok,@creator319_tiktok,15324,892,194919,6616,1217,555,590.0,False,Creator 319,US,creator319@mail.example,finance
CR00319,instagram,@creator319_instagram,48025,4669,41017,2343,204,23,496.0,False,Creator 319,US,creator319@mail.example,finance
CR00320,tiktok,@creator320_tiktok,1503,238,1613,146,1,4,2.0,False,Creator 320,DE,creator320@mail.example,travel
CR00320,youtube,@creator320_youtube,358755,42180,241068,9468,1395,114,,False,Creator 320,DE,creator320@mail.example,travel
CR00321,youtube,@creator321_youtube,27866,2340,73643,3815,272,17,,False,Creator 321,JP,creator321@mail.example,fitness
CR00321,tiktok,@creator321_tiktok,3799,413,8836,309,17,0,23.0,False,Creator 321,JP,creator321@mail.example,fitness
CR00322,youtube,@creator322_youtube,187743,22540,723242,55922,6535,0,,False,Creator 322,KR,creator322@mail.example,comedy
CR00322,instagram,@creator322_instagram,37110,5160,28889,1007,113,40,40.0,False,Creator 322,KR,creator322@mail.example,comedy
CR00322,tiktok,@creator322_tiktok,241768,-11061,747142,65593,4557,3017,6416.0,False,Creator 322,KR,creator322@mail.example,comedy
CR00323,instagram,@creator323_instagram,18191,2025,10752,801,4,3,77.0,False,Creator 323,MX,creator323@mail.example,travel
CR00323,youtube,@creator323_youtube,88622,2984,96735,6706,58,0,,False,Creator 323,MX,creator323@mail.example,travel
CR00323,tiktok,@creator323_tiktok,35586,6426,190249,17370,530,9,69.0,False,Creator 323,MX,creator323@mail.example,travel
CR00324,youtube,@creator324_youtube,31534,1552,58590,1643,66,17,,False,Creator 324,FR,creator324@mail.example,finance
CR00324,instagram,@creator324_instagram,4800,264,4556,375,34,28,0.0,False,Creator 324,FR,creator324@mail.example,finance
CR00325,instagram,@creator325_instagram,10176,781,4289,157,4,31,6.0,False,Creator 325,MX,creator325@mail.example,gaming
CR00325,tiktok,@creator325_tiktok,86584,2236,203453,21371,89,0,579.0,False,Creator 325,MX,creator325@mail.example,gaming
CR00325,youtube,@creator325_youtube,19593,2780,34400,1659,70,3,,False,Creator 325,MX,creator325@mail.example,gaming
CR00326,tiktok,@creator326_tiktok,142903,14952,354496,22816,1523,3291,804.0,False,Creator 326,CA,creator326@mail.example,gaming
CR00326,instagram,@creator326_instagram,215929,21323,180648,6384,521,448,13.0,False,Creator 326,CA,creator326@mail.example,gaming
CR00326,youtube,@creator326_youtube,149202,10080,120235,4893,143,575,,False,Creator 326,CA,creator326@mail.example,gaming
CR00327,instagram,@creator327_instagram,25850,3753,85567,3256,377,10,252.0,False,Creator 327,MX,creator327@mail.example,food
CR00327,tiktok,@creator327_tiktok,13797,1637,49916,2572,169,0,0.0,False,Creator 327,MX,creator327@mail.example,food
CR00327,youtube,@creator327_youtube,55619,-1205,61341,4370,226,298,,False,Creator 327,MX,creator327@mail.example,food
CR00328,tiktok,@creator328_tiktok,60547,-7907,166906,7922,1027,337,1169.0,False,Creator 328,CA,creator328@mail.example,beauty
CR00328,instagram,@creator328_instagram,114647,9259,48541,3392,0,7,0.0,False,Creator 328,CA,creator328@mail.example,beauty
CR00328,youtube,@creator328_youtube,68072,11594,255616,4748,119,743,,False,Creator 328,CA,creator328@mail.example,beauty
CR00329,youtube,@creator329_youtube,12891,63,26513,928,40,38,,False,Creator 329,MX,creator329@mail.example,tech
CR00330,youtube,@creator330_youtube,82393,9661,88867,3112,63,488,,False,Creator 330,MX,creator330@mail.example,tech
CR00330,instagram,@creator330_instagram,5775,527,1044,82,2,0,3.0,False,Creator 330,MX,creator330@mail.example,tech
CR00330,tiktok,@creator330_tiktok,60008,7476,153188,5145,195,88,1315.0,False,Creator 330,MX,creator330@mail.example,tech
CR00331,tiktok,@creator331_tiktok,25369,1136,78395,2643,103,113,93.0,False,Creator 331,US,creator331@mail.example,finance
CR00331,youtube,@creator331_youtube,20932,2248,17527,1133,0,0,,False,Creator 331,US,creator331@mail.example,finance
CR00331,instagram,@creator331_instagram,27385,3272,9104,167,10,0,6.0,False,Creator 331,US,creator331@mail.example,finance
CR00332,instagram,@creator332_instagram,63989,7748,19768,907,429,3,75.0,False,Creator 332,JP,creator332@mail.example,beauty
CR00332,tiktok,@creator332_tiktok,107404,2830,184009,13530,0,1462,953.0,False,Creator 332,JP,creator332@mail.example,beauty
CR00332,youtube,@creator332_youtube,4502,545,6532,105,11,0,,False,Creator 332,JP,creator332@mail.example,beauty
CR00333,instagram,@creator333_instagram,10991,1386,11215,552,1,2,4.0,False,Creator 333,CA,creator333@mail.example,finance
CR00333,youtube,@creator333_youtube,4374,305,4776,98,13,0,,False,Creator 333,CA,creator333@mail.example,finance
CR00333,tiktok,@creator333_tiktok,157955,15454,924639,72631,1731,6908,1872.0,False,Creator 333,CA,creator333@mail.example,finance
CR00334,tiktok,@creator334_tiktok,79807,-5022,133428,8075,115,54,176.0,False,Creator 334,KR,creator334@mail.example,fitness
CR00335,youtube,@creator335_youtube,123345,-4797,216283,18915,1607,0,,False,Creator 335,US,creator335@mail.example,food
CR00335,tiktok,@creator335_tiktok,5908,630,13315,610,171,82,122.0,False,Creator 335,US,creator335@mail.example,food
CR00335,instagram,@creator335_instagram,59416,3142,12463,868,10,21,168.0,False,Creator 335,US,creator335@mail.example,food
CR00336,youtube,@creator336_youtube,100540,16218,227671,7896,227,498,,False,Creator 336,CA,creator336@mail.example,fitness
CR00336,instagram,@creator336_instagram,43700,-1296,42776,1033,35,334,148.0,False,Creator 336,CA,creator336@mail.example,fitness
CR00337,tiktok,@creator337_tiktok,12944,2652,37019,2861,283,247,40.0,False,Creator 337,CA,creator337@mail.example,education
CR00337,instagram,@creator337_instagram,40155,4387,16496,1280,50,18,0.0,False,Creator 337,CA,creator337@mail.example,education
CR00337,youtube,@creator337_youtube,3008,36,3186,180,5,0,,False,Creator 337,CA,creator337@mail.example,education
CR00338,youtube,@creator338_youtube,49691,441,59152,3638,1090,0,,False,Creator 338,CA,creator338@mail.example,travel
CR00338,tiktok,@creator338_tiktok,16857,211,84700,4418,15,304,47.0,False,Creator 338,CA,creator338@mail.example,travel
CR00339,tiktok,@creator339_tiktok,333067,3140,983551,77330,10213,330,1628.0,False,Creator 339,JP,creator339@mail.example,fitness
CR00339,youtube,@creator339_youtube,15768,993,9097,541,0,1,,False,Creator 339,JP,creator339@mail.example,fitness
CR00340,tiktok,@creator340_tiktok,1240,189,2072,75,0,1,5.0,False,Creator 340,KR,creator340@mail.example,food
CR00340,youtube,@creator340_youtube,18416,700,26454,968,339,221,,False,Creator 340,KR,creator340@mail.example,food
CR00340,instagram,@creator340_instagram,112894,6735,51296,1393,97,388,11.0,False,Creator 340,KR,creator340@mail.example,food
CR00341,tiktok,@creator341_tiktok,20110,-196,53024,3030,104,433,0.0,False,Creator 341,GB,creator341@mail.example,music
CR00341,youtube,@creator341_youtube,25321,2698,11244,389,25,64,,False,Creator 341,GB,creator341@mail.example,music
CR00341,instagram,@creator341_instagram,41853,-7457,16062,941,12,101,8.0,False,Creator 341,GB,creator341@mail.example,music
CR00342,instagram,@creator342_instagram,61278,2708,35237,3251,263,258,26.0,False,Creator 342,MX,creator342@mail.example,comedy
CR00342,tiktok,@creator342_tiktok,41994,2811,249969,17738,2642,1529,6701.0,False,Creator 342,MX,creator342@mail.example,comedy
CR00343,youtube,@creator343_youtube,42507,-6074,96386,8490,3,160,,False,Creator 343,US,creator343@mail.example,fitness
CR00343,tiktok,@creator343_tiktok,48657,7096,52191,3326,0,83,703.0,False,Creator 343,US,creator343@mail.example,fitness
CR00344,tiktok,@creator344_tiktok,65750,2188,220326,9837,1734,780,781.0,False,Creator 344,DE,creator344@mail.example,finance
CR00344,youtube,@creator344_youtube,238285,19663,309765,17804,1308,1838,,False,Creator 344,DE,creator344@mail.example,finance
CR00344,instagram,@creator344_instagram,91100,12682,25110,2436,384,142,0.0,False,Creator 344,DE,creator344@mail.example,finance
CR00345,tiktok,@creator345_tiktok,31222,3084,135666,9976,1340,130,13.0,False,Creator 345,MX,creator345@mail.example,finance
CR00345,instagram,@creator345_instagram,19077,3411,8811,172,0,17,1.0,False,Creator 345,MX,creator345@mail.example,finance
CR00346,instagram,@creator346_instagram,324252,35990,246067,10277,926,0,2632.0,False,Creator 346,MX,creator346@mail.example,beauty
CR00346,tiktok,@creator346_tiktok,10597,364,12634,638,21,48,1.0,False,Creator 346,MX,creator346@mail.example,beauty
CR00346,youtube,@creator346_youtube,79601,4377,50622,2390,127,385,,False,Creator 346,MX,creator346@mail.example,beauty
CR00347,instagram,@creator347_instagram,4565,408,3658,203,11,71,22.0,False,Creator 347,MX,creator347@mail.example,comedy
CR00347,youtube,@creator347_youtube,38625,-623,124196,6512,342,0,,False,Creator 347,MX,creator347@mail.example,comedy
CR00348,youtube,@creator348_youtube,20421,3448,20102,1110,147,0,,False,Creator 348,JP,creator348@mail.example,tech
CR00349,tiktok,@creator349_tiktok,421653,27044,2857992,77403,2061,0,959.0,False,Creator 349,GB,creator349@mail.example,food
CR00349,instagram,@creator349_instagram,31967,1926,11779,737,26,7,25.0,False,Creator 349,GB,creator349@mail.example,food
CR00349,youtube,@creator349_youtube,60613,6199,85949,3272,418,277,,False,Creator 349,GB,creator349@mail.example,food
CR00350,youtube,@creator350_youtube,39453,-2424,41111,1635,19,18,,False,Creator 350,MX,creator350@mail.example,education
CR00351,youtube,@creator351_youtube,5483,378,5031,98,0,22,,False,Creator 351,US,creator351@mail.example,food
CR00351,instagram,@creator351_instagram,17172,2236,22040,874,266,0,64.0,False,Creator 351,US,creator351@mail.example,food
CR00351,tiktok,@creator351_tiktok,62469,6550,199888,6907,576,233,242.0,False,Creator 351,US,creator351@mail.example,food
CR00352,youtube,@creator352_youtube,3962641,144232,2329897,90009,2950,0,,False,Creator 352,BR,creator352@mail.example,comedy
CR00352,tiktok,@creator352_tiktok,27845,1858,36610,2497,292,187,43.0,False,Creator 352,BR,creator352@mail.example,comedy
CR00352,instagram,@creator352_instagram,53944,6981,35796,2754,129,0,0.0,False,Creator 352,BR,creator352@mail.example,comedy
CR00353,tiktok,@creator353_tiktok,69056,3324,159864,5635,588,1342,9.0,False,Creator 353,BR,creator353@mail.example,beauty
CR00353,instagram,@creator353_instagram,113398,7797,42521,2874,525,0,78.0,False,Creator 353,BR,creator353@mail.example,beauty
CR00353,youtube,@creator353_youtube,89023,7455,44874,1978,0,174,,False,Creator 353,BR,creator353@mail.example,beauty
CR00354,youtube,@creator354_youtube,44506,802,40689,1571,11,174,,False,Creator 354,IN,creator354@mail.example,education
CR00354,tiktok,@creator354_tiktok,380241,-7816,2571289,170958,5501,5387,18584.0,False,Creator 354,IN,creator354@mail.example,education
CR00354,instagram,@creator354_instagram,31736,-2511,31389,1773,23,51,39.0,False,Creator 354,IN,creator354@mail.example,education
CR00355,tiktok,@creator355_tiktok,48478,6072,213927,8383,510,1,585.0,False,Creator 355,US,creator355@mail.example,beauty
CR00355,instagram,@creator355_instagram,28740,2802,13894,1220,10,0,54.0,False,Creator 355,US,creator355@mail.example,beauty
CR00355,youtube,@creator355_youtube,157869,17033,178155,8926,1160,0,,False,Creator 355,US,creator355@mail.example,beauty
CR00356,youtube,@creator356_youtube,174960,28007,301409,12186,287,0,,False,Creator 356,GB,creator356@mail.example,comedy
CR00356,tiktok,@creator356_tiktok,120394,10477,252769,8655,257,0,947.0,False,Creator 356,GB,creator356@mail.example,comedy
CR00356,instagram,@creator356_instagram,151867,19925,70553,3154,251,697,127.0,False,Creator 356,GB,creator356@mail.example,comedy
CR00357,youtube,@creator357_youtube,283776,-6148,1201398,36091,1241,349,,False,Creator 357,MX,creator357@mail.example,beauty
CR00357,instagram,@creator357_instagram,19308,2125,31582,2075,13,162,102.0,False,Creator 357,MX,creator357@mail.example,beauty
CR00357,tiktok,@creator357_tiktok,108314,13448,463925,24878,88,523,8664.0,False,Creator 357,MX,creator357@mail.example,beauty
CR00358,instagram,@creator358_instagram,15634,2017,12954,705,8,24,85.0,False,Creator 358,JP,creator358@mail.example,tech
CR00358,youtube,@creator358_youtube,3967607,505955,3597815,83626,7593,808,,False,Creator 358,JP,creator358@mail.example,tech
CR00358,tiktok,@creator358_tiktok,174466,19523,772329,73874,584,0,50.0,False,Creator 358,JP,creator358@mail.example,tech
CR00359,youtube,@creator359_youtube,27540,2512,71700,4037,242,714,,False,Creator 359,MX,creator359@mail.example,music
CR00359,tiktok,@creator359_tiktok,455336,16159,2355870,96990,262,376,0.0,False,Creator 359,MX,creator359@mail.example,music
CR00359,instagram,@creator359_instagram,63661,-808,20307,424,63,41,86.0,False,Creator 359,MX,creator359@mail.example,music
CR00360,youtube,@creator360_youtube,6384,887,7790,433,37,23,,False,Creator 360,US,creator360@mail.example,food
CR00360,tiktok,@creator360_tiktok,220144,4628,34507,2026,429,26,54.0,False,Creator 360,US,creator360@mail.example,food
CR00360,instagram,@creator360_instagram,501450,48092,299736,14395,1802,1761,1496.0,False,Creator 360,US,creator360@mail.example,food
CR00361,youtube,@creator361_youtube,9317,928,70486,1397,235,22,,False,Creator 361,GB,creator361@mail.example,fitness
CR00361,tiktok,@creator361_tiktok,58482,4693,357595,28647,1052,57,1.0,False,Creator 361,GB,creator361@mail.example,fitness
CR00361,instagram,@creator361_instagram,118737,-1478,104388,9600,135,7,197.0,False,Creator 361,GB,creator361@mail.example,fitness
CR00362,tiktok,@creator362_tiktok,18168,2034,69275,4658,146,295,40.0,False,Creator 362,JP,creator362@mail.example,education
CR00362,instagram,@creator362_instagram,27107,3543,9716,193,4,0,46.0,False,Creator 362,JP,creator362@mail.example,education
CR00363,instagram,@creator363_instagram,9430,916,7045,270,0,11,11.0,False,Creator 363,DE,creator363@mail.example,education
CR00363,youtube,@creator363_youtube,123603,6546,115505,4422,163,483,,False,Creator 363,DE,creator363@mail.example,education
CR00363,tiktok,@creator363_tiktok,12363,1590,39453,1951,99,452,28.0,False,Creator 363,DE,creator363@mail.example,education
CR00364,instagram,@creator364_instagram,2722,143,1902,86,6,3,8.0,False,Creator 364,KR,creator364@mail.example,comedy
CR00364,tiktok,@creator364_tiktok,25240,1049,23687,745,36,4,21.0,False,Creator 364,KR,creator364@mail.example,comedy
CR00365,tiktok,@creator365_tiktok,408469,-61003,300201,15372,92,39,53.0,False,Creator 365,MX,creator365@mail.example,gaming
CR00366,youtube,@creator366_youtube,826007,82775,418039,16447,1336,2003,,False,Creator 366,KR,creator366@mail.example,education
CR00366,instagram,@creator366_instagram,136120,3102,140904,8221,1370,64,114.0,False,Creator 366,KR,creator366@mail.example,education
CR00366,tiktok,@creator366_tiktok,3369,476,27043,1238,0,0,75.0,False,Creator 366,KR,creator366@mail.example,education
CR00367,tiktok,@creator367_tiktok,73894,7508,242416,10370,583,3910,124.0,False,Creator 367,MX,creator367@mail.example,education
CR00367,instagram,@creator367_instagram,77952,-699,29482,2478,216,14,1.0,False,Creator 367,MX,creator367@mail.example,education
CR00368,tiktok,@creator368_tiktok,36169,1179,353579,19677,2595,772,41.0,False,Creator 368,BR,creator368@mail.example,fitness
CR00368,instagram,@creator368_instagram,17277,2813,66588,1357,7,209,77.0,False,Creator 368,BR,creator368@mail.example,fitness
CR00368,youtube,@creator368_youtube,501950,39201,175093,4351,186,502,,False,Creator 368,BR,creator368@mail.example,fitness
CR00369,tiktok,@creator369_tiktok,6801,621,10001,422,0,9,10.0,False,Creator 369,IN,creator369@mail.example,education
CR00369,instagram,@creator369_instagram,288364,-8955,49764,2970,51,0,41.0,False,Creator 369,IN,creator369@mail.example,education
CR00369,youtube,@creator369_youtube,75392,10849,85532,4005,26,63,,False,Creator 369,IN,creator369@mail.example,education
CR00370,youtube,@creator370_youtube,306400,43979,543111,22993,88,0,,False,Creator 370,JP,creator370@mail.example,food
CR00371,tiktok,@creator371_tiktok,9337,1721,65646,3584,52,79,209.0,False,Creator 371,MX,creator371@mail.example,education
CR00371,instagram,@creator371_instagram,937135,110813,722624,36217,666,5531,3240.0,False,Creator 371,MX,creator371@mail.example,education
CR00372,instagram,@creator372_instagram,168312,12392,219260,4207,682,0,615.0,False,Creator 372,MX,creator372@mail.example,fitness
CR00372,youtube,@creator372_youtube,52295,4960,39973,1834,29,233,,False,Creator 372,MX,creator372@mail.example,fitness
CR00373,youtube,@creator373_youtube,9391,761,30609,1064,262,101,,False,Creator 373,JP,creator373@mail.example,comedy
CR00373,tiktok,@creator373_tiktok,142007,1152,217103,10901,825,244,105.0,False,Creator 373,JP,creator373@mail.example,comedy
CR00373,instagram,@creator373_instagram,19231,1394,50070,5532,216,0,492.0,False,Creator 373,JP,creator373@mail.example,comedy
CR00374,instagram,@creator374_instagram,7331,305,9458,314,25,0,0.0,False,Creator 374,MX,creator374@mail.example,finance
CR00374,tiktok,@creator374_tiktok,175384,-68,766700,42866,4643,1350,291.0,False,Creator 374,MX,creator374@mail.example,finance
CR00374,youtube,@creator374_youtube,21952,2668,45690,3397,209,210,,False,Creator 374,MX,creator374@mail.example,finance
CR00375,youtube,@creator375_youtube,211294,45037,289104,15040,323,873,,False,Creator 375,BR,creator375@mail.example,gaming
CR00375,tiktok,@creator375_tiktok,65062,7752,208552,9326,468,49,758.0,False,Creator 375,BR,creator375@mail.example,gaming
CR00376,tiktok,@creator376_tiktok,43986,5407,223294,17534,204,2037,930.0,False,Creator 376,MX,creator376@mail.example,fitness
CR00376,youtube,@creator376_youtube,583431,72970,315008,6229,707,103,,False,Creator 376,MX,creator376@mail.example,fitness
CR00376,instagram,@creator376_instagram,57924,5947,5040,238,65,24,18.0,False,Creator 376,MX,creator376@mail.example,fitness
CR00377,instagram,@creator377_instagram,25391,3996,32651,1261,65,10,24.0,False,Creator 377,IN,creator377@mail.example,travel
CR00377,tiktok,@creator377_tiktok,39861,2813,126259,7593,162,259,38.0,False,Creator 377,IN,creator377@mail.example,travel
CR00377,youtube,@creator377_youtube,256362,49953,78364,5773,480,1,,False,Creator 377,IN,creator377@mail.example,travel
CR00378,youtube,@creator378_youtube,576,-8,3111,181,16,2,,False,Creator 378,MX,creator378@mail.example,education
CR00379,instagram,@creator379_instagram,135184,11771,207171,8493,824,115,294.0,False,Creator 379,BR,creator379@mail.example,finance
CR00379,tiktok,@creator379_tiktok,104070,16336,301353,18802,834,44,5279.0,False,Creator 379,BR,creator379@mail.example,finance
CR00379,youtube,@creator379_youtube,1006,138,746,52,2,0,,False,Creator 379,BR,creator379@mail.example,finance
CR00380,tiktok,@creator380_tiktok,60600,-3486,406294,9985,246,814,4423.0,False,Creator 380,JP,creator380@mail.example,education
CR00380,instagram,@creator380_instagram,8122,138,1140,59,15,3,17.0,False,Creator 380,JP,creator380@mail.example,education
CR00380,youtube,@creator380_youtube,58176,4795,24180,1078,382,0,,False,Creator 380,JP,creator380@mail.example,education
CR00381,youtube,@creator381_youtube,34554,3518,129984,9086,1081,222,,False,Creator 381,CA,creator381@mail.example,tech
CR00381,instagram,@creator381_instagram,3929,329,2267,195,11,0,2.0,False,Creator 381,CA,creator381@mail.example,tech
CR00381,tiktok,@creator381_tiktok,11552,1796,51378,2319,1,273,825.0,False,Creator 381,CA,creator381@mail.example,tech
CR00382,youtube,@creator382_youtube,10777,1729,35888,2236,57,170,,False,Creator 382,FR,creator382@mail.example,education
CR00382,tiktok,@creator382_tiktok,514924,-17730,1135387,68735,21009,10087,199.0,False,Creator 382,FR,creator382@mail.example,education
CR00383,youtube,@creator383_youtube,1427,-68,2011,126,5,8,,False,Creator 383,GB,creator383@mail.example,travel
CR00383,instagram,@creator383_instagram,6245,406,6846,328,82,11,0.0,False,Creator 383,GB,creator383@mail.example,travel
CR00383,tiktok,@creator383_tiktok,1412387,179786,5906246,421944,2966,2338,1140.0,False,Creator 383,GB,creator383@mail.example,travel
CR00384,instagram,@creator384_instagram,246473,32800,542217,15414,2746,866,2005.0,False,Creator 384,FR,creator384@mail.example,music
CR00384,youtube,@creator384_youtube,231650,25782,175397,8487,8,0,,False,Creator 384,FR,creator384@mail.example,music
CR00385,instagram,@creator385_instagram,59932,9699,224482,6862,270,0,158.0,False,Creator 385,JP,creator385@mail.example,music
CR00385,tiktok,@creator385_tiktok,85580,15453,109955,5555,206,129,34.0,False,Creator 385,JP,creator385@mail.example,music
CR00386,instagram,@creator386_instagram,245450,9344,121407,7689,18,280,72.0,False,Creator 386,DE,creator386@mail.example,beauty
CR00386,tiktok,@creator386_tiktok,27048,1722,73045,1521,251,153,197.0,False,Creator 386,DE,creator386@mail.example,beauty
CR00387,instagram,@creator387_instagram,11138,682,3178,258,1,5,9.0,False,Creator 387,GB,creator387@mail.example,fitness
CR00387,tiktok,@creator387_tiktok,568322,47253,988033,29466,720,784,376.0,False,Creator 387,GB,creator387@mail.example,fitness
CR00388,instagram,@creator388_instagram,22252,3143,16235,901,76,21,58.0,False,Creator 388,BR,creator388@mail.example,travel
CR00388,youtube,@creator388_youtube,69570,5302,281924,19229,1318,2,,False,Creator 388,BR,creator388@mail.example,travel
CR00389,tiktok,@creator389_tiktok,35528,-3508,162728,4852,865,254,941.0,False,Creator 389,FR,creator389@mail.example,gaming
CR00389,instagram,@creator389_instagram,11977,1766,8549,323,3,4,0.0,False,Creator 389,FR,creator389@mail.example,gaming
CR00390,instagram,@creator390_instagram,129897,12459,32661,1208,79,3,50.0,False,Creator 390,GB,creator390@mail.example,gaming
CR00390,tiktok,@creator390_tiktok,250031,-7347,863011,31734,11178,0,0.0,False,Creator 390,GB,creator390@mail.example,gaming
CR00390,youtube,@creator390_youtube,44846,5559,311094,15700,1543,347,,False,Creator 390,GB,creator390@mail.example,gaming
CR00391,instagram,@creator391_instagram,62064,8934,12823,526,10,124,71.0,False,Creator 391,BR,creator391@mail.example,finance
CR00391,tiktok,@creator391_tiktok,55035,4443,170110,4891,321,0,50.0,False,Creator 391,BR,creator391@mail.example,finance
CR00391,youtube,@creator391_youtube,3971,420,13228,493,66,245,,False,Creator 391,BR,creator391@mail.example,finance
CR00392,youtube,@creator392_youtube,6900,713,2391,228,31,11,,False,Creator 392,IN,creator392@mail.example,gaming
CR00393,tiktok,@creator393_tiktok,6950,548,17262,913,47,28,46.0,False,Creator 393,GB,creator393@mail.example,travel
CR00393,instagram,@creator393_instagram,27607,1181,21160,737,92,3,68.0,False,Creator 393,GB,creator393@mail.example,travel
CR00393,youtube,@creator393_youtube,39276,3153,31381,1313,336,0,,False,Creator 393,GB,creator393@mail.example,travel
CR00394,instagram,@creator394_instagram,23002,1426,21297,899,254,10,32.0,False,Creator 394,CA,creator394@mail.example,beauty
CR00394,tiktok,@creator394_tiktok,4276,431,18257,837,231,50,171.0,False,Creator 394,CA,creator394@mail.example,beauty
CR00394,youtube,@creator394_youtube,45606,-663,52895,1043,162,89,,False,Creator 394,CA,creator394@mail.example,beauty
CR00395,instagram,@creator395_instagram,55576,4250,38427,2047,210,114,19.0,False,Creator 395,DE,creator395@mail.example,comedy
CR00395,tiktok,@creator395_tiktok,56152,5165,134718,15170,281,198,42.0,False,Creator 395,DE,creator395@mail.example,comedy
CR00395,youtube,@creator395_youtube,11838,1517,16214,533,11,36,,False,Creator 395,DE,creator395@mail.example,comedy
CR00396,tiktok,@creator396_tiktok,5247,275,11895,309,4,20,11.0,False,Creator 396,CA,creator396@mail.example,education
CR00396,instagram,@creator396_instagram,46054,659,18821,364,14,58,2.0,False,Creator 396,CA,creator396@mail.example,education
CR00396,youtube,@creator396_youtube,147385,-1025,44187,1858,455,470,,False,Creator 396,CA,creator396@mail.example,education
CR00397,tiktok,@creator397_tiktok,81316,2200,171395,11427,0,1856,23.0,False,Creator 397,IN,creator397@mail.example,education
CR00397,instagram,@creator397_instagram,150772,25656,31845,2129,41,65,23.0,False,Creator 397,IN,creator397@mail.example,education
CR00397,youtube,@creator397_youtube,29315,3503,39569,3449,20,1,,False,Creator 397,IN,creator397@mail.example,education
CR00398,instagram,@creator398_instagram,16442,1432,7334,481,67,4,20.0,False,Creator 398,CA,creator398@mail.example,fitness
CR00399,youtube,@creator399_youtube,11221668,153827,17647942,1151823,0,169230,,False,Creator 399,JP,creator399@mail.example,gaming
CR00399,tiktok,@creator399_tiktok,383609,-37044,1528298,124561,1757,0,119.0,False,Creator 399,JP,creator399@mail.example,gaming
CR00399,instagram,@creator399_instagram,37034,1562,44301,2818,26,6,337.0,False,Creator 399,JP,creator399@mail.example,gaming
CR00400,tiktok,@creator400_tiktok,10749,1003,33942,2091,94,86,0.0,False,Creator 400,BR,creator400@mail.example,food
CR00400,instagram,@creator400_instagram,2838,68,1153,33,1,1,0.0,False,Creator 400,BR,creator400@mail.example,food
CR00400,youtube,@creator400_youtube,4812,529,12943,1008,53,0,,False,Creator 400,BR,creator400@mail.example,food
CR00401,instagram,@creator401_instagram,34760,-1291,269791,20716,1802,391,0.0,False,Creator 401,GB,creator401@mail.example,music
CR00401,tiktok,@creator401_tiktok,116192,-1880,1441717,74650,1593,34909,7411.0,False,Creator 401,GB,creator401@mail.example,music
CR00401,youtube,@creator401_youtube,166029,16968,202263,6082,480,0,,False,Creator 401,GB,creator401@mail.example,music
CR00402,tiktok,@creator402_tiktok,12612,356,25705,1548,0,0,273.0,False,Creator 402,FR,creator402@mail.example,fitness
CR00403,instagram,@creator403_instagram,482973,56801,674046,40066,103,0,8.0,True,Creator 403,JP,creator403@mail.example,travel
CR00403,youtube,@creator403_youtube,305444,15845,851512,49996,2962,230,,False,Creator 403,JP,creator403@mail.example,travel
CR00403,tiktok,@creator403_tiktok,28130,125,11167,503,0,17,59.0,False,Creator 403,JP,creator403@mail.example,travel
CR00404,youtube,@creator404_youtube,85149,14485,296794,11924,64,1011,,False,Creator 404,CA,creator404@mail.example,beauty
CR00404,instagram,@creator404_instagram,1170724,27481,1682373,52151,5339,654,6629.0,False,Creator 404,CA,creator404@mail.example,beauty
CR00404,tiktok,@creator404_tiktok,295629,14781,1397117,56754,4311,7210,1989.0,False,Creator 404,CA,creator404@mail.example,beauty
CR00405,instagram,@creator405_instagram,5663,440,6783,352,26,0,65.0,False,Creator 405,BR,creator405@mail.example,travel
CR00405,youtube,@creator405_youtube,128503,724,322660,14339,3011,1372,,False,Creator 405,BR,creator405@mail.example,travel
CR00405,tiktok,@creator405_tiktok,37501,-1987,164181,11518,1163,0,204.0,False,Creator 405,BR,creator405@mail.example,travel
CR00406,instagram,@creator406_instagram,21286,12,28715,1984,1,18,31.0,False,Creator 406,CA,creator406@mail.example,travel
CR00406,youtube,@creator406_youtube,297128,4525,557367,24486,5055,10,,False,Creator 406,CA,creator406@mail.example,travel
CR00407,tiktok,@creator407_tiktok,28166,2847,58598,3619,0,25,70.0,False,Creator 407,FR,creator407@mail.example,education
CR00407,youtube,@creator407_youtube,328931,27803,483472,33946,14110,1132,,False,Creator 407,FR,creator407@mail.example,education
CR00407,instagram,@creator407_instagram,27729,1880,10448,581,230,0,11.0,False,Creator 407,FR,creator407@mail.example,education
CR00408,instagram,@creator408_instagram,119396,7159,84910,4978,225,323,304.0,False,Creator 408,MX,creator408@mail.example,comedy
CR00409,instagram,@creator409_instagram,81683,6246,20692,1203,125,10,1.0,False,Creator 409,FR,creator409@mail.example,comedy
CR00409,youtube,@creator409_youtube,25268,-230,15733,1172,116,22,,False,Creator 409,FR,creator409@mail.example,comedy
CR00409,tiktok,@creator409_tiktok,95541,8026,229812,6279,340,292,280.0,False,Creator 409,FR,creator409@mail.example,comedy
CR00410,youtube,@creator410_youtube,192307,3657,221302,6287,1074,205,,False,Creator 410,DE,creator410@mail.example,food
CR00411,youtube,@creator411_youtube,111836,15941,118813,1736,256,0,,False,Creator 411,FR,creator411@mail.example,tech
CR00411,tiktok,@creator411_tiktok,29829,276,116869,3235,133,56,574.0,False,Creator 411,FR,creator411@mail.example,tech
CR00412,instagram,@creator412_instagram,90788,10605,60141,1769,248,13,698.0,False,Creator 412,BR,creator412@mail.example,music
CR00412,youtube,@creator412_youtube,101983,14099,51108,1684,49,1,,False,Creator 412,BR,creator412@mail.example,music
CR00412,tiktok,@creator412_tiktok,36374,1405,107887,4931,244,0,542.0,False,Creator 412,BR,creator412@mail.example,music
CR00413,youtube,@creator413_youtube,410652,-380,296934,18392,4277,3362,,False,Creator 413,DE,creator413@mail.example,travel
CR00413,instagram,@creator413_instagram,239309,37309,138107,9890,1227,624,560.0,False,Creator 413,DE,creator413@mail.example,travel
CR00413,tiktok,@creator413_tiktok,65945,5013,58214,2675,272,0,553.0,False,Creator 413,DE,creator413@mail.example,travel
CR00414,tiktok,@creator414_tiktok,317925,42129,347971,10639,19,147,76.0,False,Creator 414,DE,creator414@mail.example,music
CR00414,youtube,@creator414_youtube,36246,2790,76097,3449,22,0,,False,Creator 414,DE,creator414@mail.example,music
CR00414,instagram,@creator414_instagram,46157,3489,18570,1492,28,27,4.0,False,Creator 414,DE,creator414@mail.example,music
CR00415,instagram,@creator415_instagram,89421,5803,62139,1551,124,305,118.0,False,Creator 415,GB,creator415@mail.example,tech
CR00415,tiktok,@creator415_tiktok,569601,4833,1459750,40842,9124,3450,2963.0,False,Creator 415,GB,creator415@mail.example,tech
CR00416,youtube,@creator416_youtube,25659,-1179,30233,1022,0,260,,False,Creator 416,DE,creator416@mail.example,comedy
CR00416,instagram,@creator416_instagram,94765,3968,26650,1769,60,53,19.0,False,Creator 416,DE,creator416@mail.example,comedy
CR00416,tiktok,@creator416_tiktok,18188,3072,54722,2378,53,31,0.0,False,Creator 416,DE,creator416@mail.example,comedy
CR00417,instagram,@creator417_instagram,153979,19345,161873,6465,563,4,233.0,True,Creator 417,US,creator417@mail.example,gaming
CR00417,tiktok,@creator417_tiktok,14505,1055,45290,1094,31,204,439.0,False,Creator 417,US,creator417@mail.example,gaming
CR00417,youtube,@creator417_youtube,8555,916,5980,189,14,0,,False,Creator 417,US,creator417@mail.example,gaming
CR00418,instagram,@creator418_instagram,36971,3722,29209,2663,860,197,7.0,False,Creator 418,DE,creator418@mail.example,tech
CR00418,youtube,@creator418_youtube,8925,1063,13412,787,23,24,,False,Creator 418,DE,creator418@mail.example,tech
CR00419,tiktok,@creator419_tiktok,116291,19872,1397882,80430,15120,7055,0.0,False,Creator 419,MX,creator419@mail.example,tech
CR00419,instagram,@creator419_instagram,23519,3535,5180,95,1,6,0.0,False,Creator 419,MX,creator419@mail.example,tech
CR00420,tiktok,@creator420_tiktok,106592,8164,209406,11591,867,1959,73.0,False,Creator 420,JP,creator420@mail.example,travel
CR00420,instagram,@creator420_instagram,310117,-3403,177872,8160,570,645,39.0,True,Creator 420,JP,creator420@mail.example,travel
CR00420,youtube,@creator420_youtube,13906,-890,7178,507,0,14,,False,Creator 420,JP,creator420@mail.example,travel
CR00421,youtube,@creator421_youtube,16054,-529,7651,199,13,3,,False,Creator 421,JP,creator421@mail.example,education
CR00422,youtube,@creator422_youtube,3757,514,3963,208,4,13,,False,Creator 422,US,creator422@mail.example,music
CR00422,instagram,@creator422_instagram,118092,13519,29617,1193,172,8,13.0,False,Creator 422,US,creator422@mail.example,music
CR00422,tiktok,@creator422_tiktok,2857,250,8651,398,25,5,7.0,False,Creator 422,US,creator422@mail.example,music
CR00423,youtube,@creator423_youtube,37090,3762,145613,7419,416,791,,False,Creator 423,FR,creator423@mail.example,travel
CR00423,instagram,@creator423_instagram,493312,65689,123283,7649,126,176,38.0,False,Creator 423,FR,creator423@mail.example,travel
CR00424,instagram,@creator424_instagram,22232,2757,6749,212,31,6,16.0,False,Creator 424,DE,creator424@mail.example,comedy
CR00424,youtube,@creator424_youtube,10769,1081,25786,1613,15,25,,False,Creator 424,DE,creator424@mail.example,comedy
CR00424,tiktok,@creator424_tiktok,58243,6988,151017,11474,1786,617,523.0,False,Creator 424,DE,creator424@mail.example,comedy
CR00425,youtube,@creator425_youtube,14462,1152,12449,444,275,0,,False,Creator 425,MX,creator425@mail.example,tech
CR00426,tiktok,@creator426_tiktok,5529,68,20307,1040,76,100,189.0,False,Creator 426,KR,creator426@mail.example,comedy
CR00427,instagram,@creator427_instagram,30916,2458,16246,337,10,13,20.0,False,Creator 427,IN,creator427@mail.example,travel
CR00427,youtube,@creator427_youtube,24381,2735,49703,781,118,105,,False,Creator 427,IN,creator427@mail.example,travel
CR00427,tiktok,@creator427_tiktok,5613,1046,17528,992,342,30,6.0,False,Creator 427,IN,creator427@mail.example,travel
CR00428,tiktok,@creator428_tiktok,7276,267,19387,862,45,2,6.0,False,Creator 428,MX,creator428@mail.example,food
CR00428,youtube,@creator428_youtube,174206,23687,137754,3252,39,0,,False,Creator 428,MX,creator428@mail.example,food
CR00428,instagram,@creator428_instagram,5201,839,5628,275,8,10,40.0,True,Creator 428,MX,creator428@mail.example,food
CR00429,instagram,@creator429_instagram,16851,1062,58438,3021,53,101,684.0,False,Creator 429,GB,creator429@mail.example,education
CR00429,tiktok,@creator429_tiktok,382978,54359,4731236,202020,12778,20818,4974.0,False,Creator 429,GB,creator429@mail.example,education
CR00430,youtube,@creator430_youtube,154764,28085,124479,8226,974,726,,False,Creator 430,GB,creator430@mail.example,beauty
CR00430,tiktok,@creator430_tiktok,66447,4271,342303,11188,108,581,26.0,False,Creator 430,GB,creator430@mail.example,beauty
CR00430,instagram,@creator430_instagram,67008,5946,18383,839,0,4,167.0,False,Creator 430,GB,creator430@mail.example,beauty
CR00431,tiktok,@creator431_tiktok,34253,3842,108186,6630,486,324,18.0,False,Creator 431,BR,creator431@mail.example,travel
CR00431,instagram,@creator431_instagram,14108,1898,38449,850,6,40,61.0,False,Creator 431,BR,creator431@mail.example,travel
CR00432,tiktok,@creator432_tiktok,178157,10447,215306,12485,389,51,1152.0,False,Creator 432,GB,creator432@mail.example,food
CR00432,youtube,@creator432_youtube,3761,17,2980,51,9,0,,False,Creator 432,GB,creator432@mail.example,food
CR00432,instagram,@creator432_instagram,9946,604,5902,415,23,4,2.0,False,Creator 432,GB,creator432@mail.example,food
CR00433,tiktok,@creator433_tiktok,209259,19318,586523,33386,1317,563,131.0,False,Creator 433,GB,creator433@mail.example,travel
CR00433,instagram,@creator433_instagram,241357,3007,123341,9429,619,0,410.0,True,Creator 433,GB,creator433@mail.example,travel
CR00433,youtube,@creator433_youtube,26616,-27,19529,1257,0,0,,False,Creator 433,GB,creator433@mail.example,travel
CR00434,tiktok,@creator434_tiktok,19455,1858,62715,4250,0,59,0.0,False,Creator 434,IN,creator434@mail.example,tech
CR00434,youtube,@creator434_youtube,49968,8738,53368,2978,245,0,,False,Creator 434,IN,creator434@mail.example,tech
CR00434,instagram,@creator434_instagram,8309,478,8620,341,2,6,3.0,False,Creator 434,IN,creator434@mail.example,tech
CR00435,tiktok,@creator435_tiktok,31988,5044,63596,1380,182,0,95.0,False,Creator 435,IN,creator435@mail.example,fitness
CR00435,instagram,@creator435_instagram,12519,985,14958,459,67,21,95.0,False,Creator 435,IN,creator435@mail.example,fitness
CR00435,youtube,@creator435_youtube,44156,617,135410,9164,366,993,,False,Creator 435,IN,creator435@mail.example,fitness
CR00436,youtube,@creator436_youtube,1579,258,1494,96,13,0,,False,Creator 436,US,creator436@mail.example,finance
CR00436,instagram,@creator436_instagram,22793,3952,10520,422,126,16,2.0,False,Creator 436,US,creator436@mail.example,finance
CR00436,tiktok,@creator436_tiktok,93818,7690,278207,11986,101,1208,67.0,False,Creator 436,US,creator436@mail.example,finance
CR00437,youtube,@creator437_youtube,51070,2707,67911,3538,789,209,,False,Creator 437,CA,creator437@mail.example,beauty
CR00437,instagram,@creator437_instagram,16707,1855,13330,306,4,42,0.0,False,Creator 437,CA,creator437@mail.example,beauty
CR00437,tiktok,@creator437_tiktok,41945,4371,134964,9130,317,2,1859.0,False,Creator 437,CA,creator437@mail.example,beauty
CR00438,instagram,@creator438_instagram,9873,1103,6932,228,22,38,20.0,False,Creator 438,IN,creator438@mail.example,gaming
CR00438,tiktok,@creator438_tiktok,8420,751,33348,2396,253,0,153.0,False,Creator 438,IN,creator438@mail.example,gaming
CR00438,youtube,@creator438_youtube,87343,8650,303367,14481,1014,276,,False,Creator 438,IN,creator438@mail.example,gaming
CR00439,instagram,@creator439_instagram,282018,2683,47653,920,402,5,43.0,False,Creator 439,CA,creator439@mail.example,music
CR00439,tiktok,@creator439_tiktok,961426,155916,12064789,357449,21517,17243,30900.0,False,Creator 439,CA,creator439@mail.example,music
CR00439,youtube,@creator439_youtube,3067,453,6681,149,16,0,,False,Creator 439,CA,creator439@mail.example,music
CR00440,tiktok,@creator440_tiktok,37859,266,126123,6291,311,227,39.0,False,Creator 440,FR,creator440@mail.example,comedy
CR00440,instagram,@creator440_instagram,20763,961,3306,211,2,43,27.0,False,Creator 440,FR,creator440@mail.example,comedy
CR00440,youtube,@creator440_youtube,12055,-63,85230,3577,804,282,,False,Creator 440,FR,creator440@mail.example,comedy
CR00441,youtube,@creator441_youtube,3217,-192,7597,163,4,0,,False,Creator 441,IN,creator441@mail.example,music
CR00442,youtube,@creator442_youtube,96278,5546,77517,7553,926,5,,False,Creator 442,FR,creator442@mail.example,comedy
CR00442,tiktok,@creator442_tiktok,8053,1206,69842,4113,645,329,414.0,False,Creator 442,FR,creator442@mail.example,comedy
CR00442,instagram,@creator442_instagram,215201,12923,115095,6094,152,264,323.0,False,Creator 442,FR,creator442@mail.example,comedy
CR00443,youtube,@creator443_youtube,682423,116310,1380230,122215,231,2,,False,Creator 443,CA,creator443@mail.example,finance
CR00443,tiktok,@creator443_tiktok,84014,-1883,278733,14853,3787,2222,2730.0,False,Creator 443,CA,creator443@mail.example,finance
CR00443,instagram,@creator443_instagram,13982,533,9110,695,20,0,0.0,True,Creator 443,CA,creator443@mail.example,finance
CR00444,youtube,@creator444_youtube,45073,-238,141167,17756,91,6,,False,Creator 444,MX,creator444@mail.example,gaming
CR00444,instagram,@creator444_instagram,4146,408,1031,56,3,0,0.0,False,Creator 444,MX,creator444@mail.example,gaming
CR00444,tiktok,@creator444_tiktok,32338,530,309441,20000,758,455,984.0,False,Creator 444,MX,creator444@mail.example,gaming
CR00445,instagram,@creator445_instagram,196110,25881,136938,4733,25,31,0.0,False,Creator 445,MX,creator445@mail.example,music
CR00446,youtube,@creator446_youtube,27880,3272,37044,1479,244,47,,False,Creator 446,KR,creator446@mail.example,tech
CR00446,tiktok,@creator446_tiktok,52424,5401,240348,6438,1005,104,9.0,False,Creator 446,KR,creator446@mail.example,tech
CR00446,instagram,@creator446_instagram,1615,28,1047,47,1,0,10.0,False,Creator 446,KR,creator446@mail.example,tech
CR00447,tiktok,@creator447_tiktok,59287,1626,26690,1350,40,4,45.0,False,Creator 447,JP,creator447@mail.example,beauty
CR00448,youtube,@creator448_youtube,64689,-3173,108451,3617,129,2526,,False,Creator 448,DE,creator448@mail.example,gaming
CR00448,instagram,@creator448_instagram,8428,148,10008,301,4,0,50.0,False,Creator 448,DE,creator448@mail.example,gaming
CR00449,instagram,@creator449_instagram,379900,24902,171487,10761,563,178,356.0,False,Creator 449,GB,creator449@mail.example,gaming
CR00449,tiktok,@creator449_tiktok,161753,25951,290476,9056,417,2026,468.0,False,Creator 449,GB,creator449@mail.example,gaming
CR00449,youtube,@creator449_youtube,114614,7110,276085,16769,1337,82,,False,Creator 449,GB,creator449@mail.example,gaming
CR00450,tiktok,@creator450_tiktok,17463,817,63070,1036,96,50,7.0,False,Creator 450,IN,creator450@mail.example,food
CR00450,instagram,@creator450_instagram,14171,-483,19579,1548,50,0,107.0,True,Creator 450,IN,creator450@mail.example,food
CR00451,tiktok,@creator451_tiktok,14082,-171,25274,491,76,2,55.0,False,Creator 451,US,creator451@mail.example,education
CR00451,youtube,@creator451_youtube,17177,1043,10530,783,0,9,,False,Creator 451,US,creator451@mail.example,education
CR00452,instagram,@creator452_instagram,285775,11349,69741,2958,135,234,11.0,True,Creator 452,CA,creator452@mail.example,finance
CR00452,youtube,@creator452_youtube,53670,8344,30153,3380,5,331,,False,Creator 452,CA,creator452@mail.example,finance
CR00453,youtube,@creator453_youtube,6135,508,4185,80,11,0,,False,Creator 453,FR,creator453@mail.example,gaming
CR00454,tiktok,@creator454_tiktok,47098,6719,143176,3581,31,76,558.0,False,Creator 454,GB,creator454@mail.example,comedy
CR00454,youtube,@creator454_youtube,255895,27042,481381,12677,1824,279,,False,Creator 454,GB,creator454@mail.example,comedy
CR00454,instagram,@creator454_instagram,122059,19106,68525,1683,192,1,22.0,True,Creator 454,GB,creator454@mail.example,comedy
CR00455,instagram,@creator455_instagram,77867,1781,14994,659,11,52,306.0,False,Creator 455,IN,creator455@mail.example,comedy
CR00455,tiktok,@creator455_tiktok,1136092,67679,8024505,432124,7196,113367,20451.0,False,Creator 455,IN,creator455@mail.example,comedy
CR00456,youtube,@creator456_youtube,38076,1594,78177,2838,766,489,,False,Creator 456,US,creator456@mail.example,finance
CR00457,instagram,@creator457_instagram,19488,4663,12119,280,10,0,19.0,True,Creator 457,GB,creator457@mail.example,music
CR00457,tiktok,@creator457_tiktok,17507,-224,81294,1102,8,111,123.0,False,Creator 457,GB,creator457@mail.example,music
CR00458,instagram,@creator458_instagram,49508,3715,40132,2302,386,150,21.0,False,Creator 458,IN,creator458@mail.example,finance
CR00458,tiktok,@creator458_tiktok,191996,15327,567987,33128,5269,4649,105.0,False,Creator 458,IN,creator458@mail.example,finance
CR00458,youtube,@creator458_youtube,57603,-1086,107885,5698,267,753,,False,Creator 458,IN,creator458@mail.example,finance
CR00459,tiktok,@creator459_tiktok,132105,19891,241732,12271,858,24,4052.0,False,Creator 459,GB,creator459@mail.example,fitness
CR00460,tiktok,@creator460_tiktok,197819,25921,139989,9258,26,3367,314.0,False,Creator 460,KR,creator460@mail.example,finance
CR00460,youtube,@creator460_youtube,92893,14667,133955,3136,0,257,,False,Creator 460,KR,creator460@mail.example,finance
CR00460,instagram,@creator460_instagram,110828,6475,104693,4571,547,45,125.0,False,Creator 460,KR,creator460@mail.example,finance
CR00461,instagram,@creator461_instagram,48964,3929,61054,1941,390,291,3.0,False,Creator 461,BR,creator461@mail.example,beauty
CR00461,youtube,@creator461_youtube,17335,371,17942,717,21,3,,False,Creator 461,BR,creator461@mail.example,beauty
CR00461,tiktok,@creator461_tiktok,22890,1236,75437,3857,6,0,124.0,False,Creator 461,BR,creator461@mail.example,beauty
CR00462,instagram,@creator462_instagram,2411618,214876,1770709,76713,5250,0,8280.0,False,Creator 462,GB,creator462@mail.example,food
CR00462,youtube,@creator462_youtube,28663,802,28970,1161,47,83,,False,Creator 462,GB,creator462@mail.example,food
CR00462,tiktok,@creator462_tiktok,18654,2893,102221,2619,13,81,2.0,False,Creator 462,GB,creator462@mail.example,food
CR00463,tiktok,@creator463_tiktok,14426,33,34662,2322,125,191,17.0,False,Creator 463,IN,creator463@mail.example,gaming
CR00463,instagram,@creator463_instagram,23713,2448,14209,968,191,47,0.0,False,Creator 463,IN,creator463@mail.example,gaming
CR00463,youtube,@creator463_youtube,92208,6462,27752,2275,38,289,,False,Creator 463,IN,creator463@mail.example,gaming
CR00464,instagram,@creator464_instagram,153198,17895,172638,5704,12,469,0.0,False,Creator 464,GB,creator464@mail.example,education
CR00465,instagram,@creator465_instagram,164435,6518,188467,16297,1300,70,465.0,False,Creator 465,JP,creator465@mail.example,fitness
CR00465,tiktok,@creator465_tiktok,58582,3585,152071,8519,20,1102,862.0,False,Creator 465,JP,creator465@mail.example,fitness
CR00465,youtube,@creator465_youtube,9178,751,25571,1508,204,187,,False,Creator 465,JP,creator465@mail.example,fitness
CR00466,instagram,@creator466_instagram,6275,352,3136,222,0,13,34.0,False,Creator 466,US,creator466@mail.example,beauty
CR00466,tiktok,@creator466_tiktok,34390,1447,127385,1426,14,740,150.0,False,Creator 466,US,creator466@mail.example,beauty
CR00467,tiktok,@creator467_tiktok,431263,29987,558838,30114,7154,186,258.0,False,Creator 467,DE,creator467@mail.example,fitness
CR00467,instagram,@creator467_instagram,9406,450,2349,107,2,2,14.0,False,Creator 467,DE,creator467@mail.example,fitness
CR00468,instagram,@creator468_instagram,55347,7641,56954,1368,16,61,0.0,True,Creator 468,MX,creator468@mail.example,gaming
CR00468,tiktok,@creator468_tiktok,53330,1717,344401,8296,1001,1608,0.0,False,Creator 468,MX,creator468@mail.example,gaming
CR00468,youtube,@creator468_youtube,41553,-261,19423,892,5,17,,False,Creator 468,MX,creator468@mail.example,gaming
CR00469,tiktok,@creator469_tiktok,158935,9149,539789,28882,58,41,1567.0,False,Creator 469,FR,creator469@mail.example,music
CR00470,tiktok,@creator470_tiktok,5588,53,10690,180,43,17,16.0,False,Creator 470,IN,creator470@mail.example,beauty
CR00470,instagram,@creator470_instagram,34397,2500,5561,328,0,36,0.0,False,Creator 470,IN,creator470@mail.example,beauty
CR00471,instagram,@creator471_instagram,454615,41861,372875,26682,4812,774,844.0,False,Creator 471,KR,creator471@mail.example,gaming
CR00471,youtube,@creator471_youtube,158014,12991,40700,3683,16,0,,False,Creator 471,KR,creator471@mail.example,gaming
CR00471,tiktok,@creator471_tiktok,55314,10693,144753,2354,1365,90,34.0,False,Creator 471,KR,creator471@mail.example,gaming
CR00472,tiktok,@creator472_tiktok,1406371,172448,10322871,241706,6275,15841,15228.0,False,Creator 472,CA,creator472@mail.example,travel
CR00472,instagram,@creator472_instagram,4655,917,2252,50,4,1,0.0,False,Creator 472,CA,creator472@mail.example,travel
CR00472,youtube,@creator472_youtube,7826,28,5398,212,40,72,,False,Creator 472,CA,creator472@mail.example,travel
CR00473,instagram,@creator473_instagram,32164,4867,40645,1933,66,0,32.0,False,Creator 473,US,creator473@mail.example,fitness
CR00473,youtube,@creator473_youtube,43643,4992,31058,1886,255,7,,False,Creator 473,US,creator473@mail.example,fitness
CR00473,tiktok,@creator473_tiktok,126847,13497,1058806,24405,1879,568,10835.0,False,Creator 473,US,creator473@mail.example,fitness
CR00474,tiktok,@creator474_tiktok,10705,1786,5257,379,30,0,3.0,False,Creator 474,MX,creator474@mail.example,tech
CR00475,tiktok,@creator475_tiktok,35032,1946,212186,7190,144,184,412.0,False,Creator 475,BR,creator475@mail.example,comedy
CR00475,instagram,@creator475_instagram,34572,2266,10372,413,70,4,5.0,True,Creator 475,BR,creator475@mail.example,comedy
CR00476,tiktok,@creator476_tiktok,7280,1177,13575,547,10,157,59.0,False,Creator 476,GB,creator476@mail.example,tech
CR00476,instagram,@creator476_instagram,1657,43,567,8,0,0,0.0,False,Creator 476,GB,creator476@mail.example,tech
CR00477,tiktok,@creator477_tiktok,129999,1492,498256,30298,1297,511,3183.0,False,Creator 477,CA,creator477@mail.example,tech
CR00477,instagram,@creator477_instagram,125521,29755,59811,5033,295,210,600.0,False,Creator 477,CA,creator477@mail.example,tech
CR00477,youtube,@creator477_youtube,3758,360,4190,246,4,19,,False,Creator 477,CA,creator477@mail.example,tech
CR00478,tiktok,@creator478_tiktok,29964,3406,85838,5771,246,0,59.0,False,Creator 478,IN,creator478@mail.example,fitness
CR00478,instagram,@creator478_instagram,108748,6158,76613,2075,271,74,99.0,False,Creator 478,IN,creator478@mail.example,fitness
CR00479,youtube,@creator479_youtube,160186,25180,114091,5378,230,0,,False,Creator 479,US,creator479@mail.example,music
CR00479,instagram,@creator479_instagram,265512,-4640,88668,6192,0,443,0.0,False,Creator 479,US,creator479@mail.example,music
CR00479,tiktok,@creator479_tiktok,122662,17913,526587,30148,123,0,2807.0,False,Creator 479,US,creator479@mail.example,music
CR00480,youtube,@creator480_youtube,670405,60279,2685344,136018,8735,1250,,False,Creator 480,CA,creator480@mail.example,gaming
CR00481,tiktok,@creator481_tiktok,161605,16963,911005,34117,2408,5773,4197.0,False,Creator 481,BR,creator481@mail.example,travel
CR00481,instagram,@creator481_instagram,1184056,93304,1053636,40404,354,25,889.0,False,Creator 481,BR,creator481@mail.example,travel
CR00482,tiktok,@creator482_tiktok,21282,1127,70134,2212,135,0,177.0,False,Creator 482,IN,creator482@mail.example,gaming
CR00483,tiktok,@creator483_tiktok,259882,29933,807420,48115,2998,5,163.0,False,Creator 483,IN,creator483@mail.example,music
CR00483,instagram,@creator483_instagram,36490,5092,22701,460,20,12,0.0,True,Creator 483,IN,creator483@mail.example,music
CR00483,youtube,@creator483_youtube,72795,2662,384373,13093,570,1914,,False,Creator 483,IN,creator483@mail.example,music
CR00484,youtube,@creator484_youtube,305360,29890,750952,37156,3139,4068,,False,Creator 484,MX,creator484@mail.example,finance
CR00484,instagram,@creator484_instagram,141033,3084,132638,7230,26,134,1971.0,False,Creator 484,MX,creator484@mail.example,finance
CR00485,tiktok,@creator485_tiktok,247152,31075,474916,15206,216,1207,592.0,False,Creator 485,BR,creator485@mail.example,finance
CR00485,youtube,@creator485_youtube,863597,-144880,1499274,95435,12176,345,,False,Creator 485,BR,creator485@mail.example,finance
CR00485,instagram,@creator485_instagram,196529,26259,70815,3257,1555,16,13.0,False,Creator 485,BR,creator485@mail.example,finance
CR00486,tiktok,@creator486_tiktok,23307,-827,107976,5288,559,712,237.0,False,Creator 486,IN,creator486@mail.example,gaming
CR00486,instagram,@creator486_instagram,167778,6687,50334,1847,160,48,61.0,False,Creator 486,IN,creator486@mail.example,gaming
CR00487,youtube,@creator487_youtube,262698,59577,435659,14173,96,1195,,False,Creator 487,JP,creator487@mail.example,education
CR00487,instagram,@creator487_instagram,52831,5476,25799,993,29,54,280.0,True,Creator 487,JP,creator487@mail.example,education
CR00488,instagram,@creator488_instagram,68996,12773,58861,4374,7,0,112.0,False,Creator 488,MX,creator488@mail.example,finance
CR00488,youtube,@creator488_youtube,66389,3595,73609,5144,54,15,,False,Creator 488,MX,creator488@mail.example,finance
CR00488,tiktok,@creator488_tiktok,7166,-923,85181,2329,514,11,167.0,False,Creator 488,MX,creator488@mail.example,finance
CR00489,youtube,@creator489_youtube,92781,1797,113604,2605,1297,0,,False,Creator 489,CA,creator489@mail.example,comedy
CR00489,tiktok,@creator489_tiktok,22943,1695,104915,3594,289,217,0.0,False,Creator 489,CA,creator489@mail.example,comedy
CR00489,instagram,@creator489_instagram,158154,10486,316362,13454,868,990,1478.0,False,Creator 489,CA,creator489@mail.example,comedy
CR00490,tiktok,@creator490_tiktok,67238,10512,93593,5385,672,636,66.0,False,Creator 490,IN,creator490@mail.example,gaming
CR00490,instagram,@creator490_instagram,27207,2189,27410,627,4,220,6.0,False,Creator 490,IN,creator490@mail.example,gaming
CR00491,tiktok,@creator491_tiktok,63862,2362,294196,19767,1718,627,1323.0,False,Creator 491,DE,creator491@mail.example,beauty
CR00491,instagram,@creator491_instagram,2198,66,1469,23,0,7,0.0,True,Creator 491,DE,creator491@mail.example,beauty
CR00491,youtube,@creator491_youtube,13964,1845,14786,965,1,2,,False,Creator 491,DE,creator491@mail.example,beauty
CR00492,tiktok,@creator492_tiktok,94134,45,597796,32242,648,1,5503.0,False,Creator 492,US,creator492@mail.example,music
CR00493,instagram,@creator493_instagram,6619,956,3997,195,1,0,6.0,False,Creator 493,IN,creator493@mail.example,finance
CR00493,tiktok,@creator493_tiktok,7229,530,19915,467,24,0,63.0,False,Creator 493,IN,creator493@mail.example,finance
CR00493,youtube,@creator493_youtube,128814,14171,91956,2726,92,0,,False,Creator 493,IN,creator493@mail.example,finance
CR00494,instagram,@creator494_instagram,143729,10989,64541,1507,45,208,225.0,False,Creator 494,US,creator494@mail.example,music
CR00494,tiktok,@creator494_tiktok,25294,1919,89088,6267,664,40,47.0,False,Creator 494,US,creator494@mail.example,music
CR00494,youtube,@creator494_youtube,7424,1448,13741,527,27,2,,False,Creator 494,US,creator494@mail.example,music
CR00495,tiktok,@creator495_tiktok,300574,38844,638038,24997,1297,455,17.0,False,Creator 495,US,creator495@mail.example,education
CR00495,instagram,@creator495_instagram,3902,308,1913,78,0,0,1.0,False,Creator 495,US,creator495@mail.example,education
CR00495,youtube,@creator495_youtube,46038,-1081,86179,5831,354,42,,False,Creator 495,US,creator495@mail.example,education
CR00496,tiktok,@creator496_tiktok,13328,737,49403,3217,62,2,433.0,False,Creator 496,US,creator496@mail.example,beauty
CR00497,instagram,@creator497_instagram,18578,1368,31130,1878,15,0,0.0,False,Creator 497,MX,creator497@mail.example,gaming
CR00498,tiktok,@creator498_tiktok,43042,2501,627796,35834,356,1441,1635.0,False,Creator 498,MX,creator498@mail.example,music
CR00499,instagram,@creator499_instagram,41815,3553,23420,1662,188,29,59.0,False,Creator 499,BR,creator499@mail.example,finance
CR00499,youtube,@creator499_youtube,158591,19824,142376,11749,283,811,,False,Creator 499,BR,creator499@mail.example,finance
CR00499,tiktok,@creator499_tiktok,21049,1559,54674,2539,419,139,981.0,False,Creator 499,BR,creator499@mail.example,finance
CR00500,tiktok,@creator500_tiktok,46476,3429,93922,5497,46,0,116.0,False,Creator 500,MX,creator500@mail.example,finance
CR00501,tiktok,@creator501_tiktok,121269,7789,339127,15823,3012,812,1415.0,False,Creator 501,JP,creator501@mail.example,fitness
CR00501,instagram,@creator501_instagram,114448,8232,42094,3216,138,46,52.0,False,Creator 501,JP,creator501@mail.example,fitness
CR00501,youtube,@creator501_youtube,10506,338,14371,629,56,0,,False,Creator 501,JP,creator501@mail.example,fitness
CR00502,youtube,@creator502_youtube,68374,3281,33796,1379,45,6,,False,Creator 502,BR,creator502@mail.example,education
CR00502,tiktok,@creator502_tiktok,9740,894,31942,2028,745,25,235.0,False,Creator 502,BR,creator502@mail.example,education
CR00503,tiktok,@creator503_tiktok,977522,99861,1241602,62472,660,41,0.0,False,Creator 503,JP,creator503@mail.example,music
CR00504,instagram,@creator504_instagram,15589,938,7661,322,0,112,43.0,True,Creator 504,GB,creator504@mail.example,comedy
CR00504,youtube,@creator504_youtube,23127,207,49471,2704,74,5,,False,Creator 504,GB,creator504@mail.example,comedy
CR00504,tiktok,@creator504_tiktok,216090,33437,1203394,60357,987,9914,9941.0,False,Creator 504,GB,creator504@mail.example,comedy
CR00505,instagram,@creator505_instagram,61322,3886,100194,4129,148,784,92.0,True,Creator 505,FR,creator505@mail.example,beauty
CR00505,youtube,@creator505_youtube,9352,796,5286,315,50,22,,False,Creator 505,FR,creator505@mail.example,beauty
CR00505,tiktok,@creator505_tiktok,5677,569,25681,1132,1,178,47.0,False,Creator 505,FR,creator505@mail.example,beauty
CR00506,tiktok,@creator506_tiktok,245529,22502,1831265,121588,19596,2024,6035.0,False,Creator 506,JP,creator506@mail.example,beauty
CR00506,instagram,@creator506_instagram,276562,21371,205559,9186,242,376,1224.0,False,Creator 506,JP,creator506@mail.example,beauty
CR00507,youtube,@creator507_youtube,71566,-5033,803462,16239,776,1055,,False,Creator 507,MX,creator507@mail.example,education
CR00507,tiktok,@creator507_tiktok,30971,4588,30457,1332,183,7,0.0,False,Creator 507,MX,creator507@mail.example,education
CR00508,youtube,@creator508_youtube,30922,1484,42627,2522,65,0,,False,Creator 508,FR,creator508@mail.example,food
CR00508,instagram,@creator508_instagram,81358,5874,31862,2660,181,0,196.0,True,Creator 508,FR,creator508@mail.example,food
CR00508,tiktok,@creator508_tiktok,11443,1174,80745,3328,102,630,1299.0,False,Creator 508,FR,creator508@mail.example,food
CR00509,youtube,@creator509_youtube,45917,5529,110165,5521,199,305,,False,Creator 509,MX,creator509@mail.example,fitness
CR00509,tiktok,@creator509_tiktok,7010,546,8257,166,3,92,11.0,False,Creator 509,MX,creator509@mail.example,fitness
CR00509,instagram,@creator509_instagram,269389,10052,168012,7085,365,358,10.0,False,Creator 509,MX,creator509@mail.example,fitness
CR00510,youtube,@creator510_youtube,109294,20976,150225,6596,361,601,,False,Creator 510,IN,creator510@mail.example,gaming
CR00510,instagram,@creator510_instagram,19206,4424,5373,364,0,13,0.0,False,Creator 510,IN,creator510@mail.example,gaming
CR00510,tiktok,@creator510_tiktok,11026,-139,10843,578,31,2,11.0,False,Creator 510,IN,creator510@mail.example,gaming
CR00511,youtube,@creator511_youtube,8080,1050,27496,1768,5,109,,False,Creator 511,BR,creator511@mail.example,music
CR00511,instagram,@creator511_instagram,20589,1985,7985,375,9,13,0.0,False,Creator 511,BR,creator511@mail.example,music
CR00511,tiktok,@creator511_tiktok,55794,612,116665,5921,480,954,86.0,False,Creator 511,BR,creator511@mail.example,music
CR00512,youtube,@creator512_youtube,96575,3855,189723,4500,1322,155,,False,Creator 512,BR,creator512@mail.example,gaming
CR00512,tiktok,@creator512_tiktok,3731,446,4808,242,15,5,3.0,False,Creator 512,BR,creator512@mail.example,gaming
CR00513,instagram,@creator513_instagram,20643,1679,4406,384,42,18,7.0,False,Creator 513,DE,creator513@mail.example,gaming
CR00513,tiktok,@creator513_tiktok,717503,66512,636893,28398,1316,3598,1658.0,False,Creator 513,DE,creator513@mail.example,gaming
CR00513,youtube,@creator513_youtube,51978,5051,163149,6253,462,49,,False,Creator 513,DE,creator513@mail.example,gaming
CR00514,youtube,@creator514_youtube,425774,23685,1395846,73833,4745,6656,,False,Creator 514,BR,creator514@mail.example,beauty
CR00514,instagram,@creator514_instagram,967223,204636,572480,15696,7,1819,118.0,False,Creator 514,BR,creator514@mail.example,beauty
CR00514,tiktok,@creator514_tiktok,19198,-783,31082,763,6,29,111.0,False,Creator 514,BR,creator514@mail.example,beauty
CR00515,instagram,@creator515_instagram,2533,345,2604,115,9,7,12.0,False,Creator 515,CA,creator515@mail.example,beauty
CR00515,tiktok,@creator515_tiktok,83955,7491,204824,9959,461,260,20.0,False,Creator 515,CA,creator515@mail.example,beauty
CR00515,youtube,@creator515_youtube,62327,7187,94513,2743,967,695,,False,Creator 515,CA,creator515@mail.example,beauty
CR00516,tiktok,@creator516_tiktok,323604,21458,3720969,147597,17360,1987,726.0,False,Creator 516,FR,creator516@mail.example,food
CR00516,youtube,@creator516_youtube,6554,613,1902,115,12,10,,False,Creator 516,FR,creator516@mail.example,food
CR00517,youtube,@creator517_youtube,146929,12276,343468,17001,1820,7,,False,Creator 517,DE,creator517@mail.example,beauty
CR00517,instagram,@creator517_instagram,2898,521,1015,13,1,1,0.0,False,Creator 517,DE,creator517@mail.example,beauty
CR00517,tiktok,@creator517_tiktok,103539,4329,573558,25003,48,385,1604.0,False,Creator 517,DE,creator517@mail.example,beauty
CR00518,youtube,@creator518_youtube,650271,20580,1209546,20515,358,523,,False,Creator 518,US,creator518@mail.example,fitness
CR00518,tiktok,@creator518_tiktok,1176889,23667,2760514,99007,344,859,1336.0,False,Creator 518,US,creator518@mail.example,fitness
CR00519,instagram,@creator519_instagram,73735,-1670,81051,4369,3,8,4.0,False,Creator 519,CA,creator519@mail.example,education
CR00519,youtube,@creator519_youtube,55216,2072,61181,4510,190,192,,False,Creator 519,CA,creator519@mail.example,education
CR00519,tiktok,@creator519_tiktok,46619,2226,138484,4419,388,135,24.0,False,Creator 519,CA,creator519@mail.example,education
CR00520,youtube,@creator520_youtube,13701,-154,8168,394,16,1,,False,Creator 520,US,creator520@mail.example,gaming
CR00521,tiktok,@creator521_tiktok,79927,7081,82290,4194,564,27,6.0,False,Creator 521,GB,creator521@mail.example,tech
CR00522,youtube,@creator522_youtube,304596,19566,364451,7558,1121,0,,False,Creator 522,IN,creator522@mail.example,finance
CR00522,instagram,@creator522_instagram,39999,5849,19915,769,11,64,14.0,False,Creator 522,IN,creator522@mail.example,finance
CR00522,tiktok,@creator522_tiktok,822420,59813,10861755,857567,11523,43249,48503.0,False,Creator 522,IN,creator522@mail.example,finance
CR00523,youtube,@creator523_youtube,34759,-4195,64436,1535,68,422,,False,Creator 523,FR,creator523@mail.example,food
CR00523,tiktok,@creator523_tiktok,144348,4430,631798,37885,699,98,173.0,False,Creator 523,FR,creator523@mail.example,food
CR00523,instagram,@creator523_instagram,224639,23291,123107,5800,196,21,0.0,False,Creator 523,FR,creator523@mail.example,food
CR00524,instagram,@creator524_instagram,8810,304,3212,163,16,1,17.0,False,Creator 524,CA,creator524@mail.example,education
CR00524,tiktok,@creator524_tiktok,413117,57954,1028161,57343,274,75,9510.0,False,Creator 524,CA,creator524@mail.example,education
CR00525,instagram,@creator525_instagram,178940,-12649,127503,10121,0,543,231.0,True,Creator 525,US,creator525@mail.example,fitness
CR00525,tiktok,@creator525_tiktok,21283,1969,60095,1518,633,0,23.0,False,Creator 525,US,creator525@mail.example,fitness
CR00525,youtube,@creator525_youtube,8941,881,14198,327,11,33,,False,Creator 525,US,creator525@mail.example,fitness
CR00526,tiktok,@creator526_tiktok,31004,-4500,192946,7991,287,124,1064.0,False,Creator 526,GB,creator526@mail.example,gaming
CR00526,instagram,@creator526_instagram,51721,249,40621,665,44,17,404.0,False,Creator 526,GB,creator526@mail.example,gaming
CR00526,youtube,@creator526_youtube,18788,1109,5934,107,20,8,,False,Creator 526,GB,creator526@mail.example,gaming
CR00527,instagram,@creator527_instagram,63810,4636,16832,407,24,35,0.0,False,Creator 527,FR,creator527@mail.example,travel
CR00527,tiktok,@creator527_tiktok,166411,5632,501049,14690,933,1049,9.0,False,Creator 527,FR,creator527@mail.example,travel
CR00527,youtube,@creator527_youtube,115565,14380,83161,4754,1115,1122,,False,Creator 527,FR,creator527@mail.example,travel
CR00528,instagram,@creator528_instagram,34642,3307,33689,2015,22,133,2.0,False,Creator 528,MX,creator528@mail.example,fitness
CR00529,youtube,@creator529_youtube,5874,632,8308,334,48,1,,False,Creator 529,IN,creator529@mail.example,beauty
CR00529,instagram,@creator529_instagram,125665,10641,125089,2755,107,29,511.0,False,Creator 529,IN,creator529@mail.example,beauty
CR00529,tiktok,@creator529_tiktok,78689,17489,112393,7687,241,4,261.0,False,Creator 529,IN,creator529@mail.example,beauty
CR00530,tiktok,@creator530_tiktok,17990,1692,43878,1648,0,18,43.0,False,Creator 530,KR,creator530@mail.example,tech
CR00530,youtube,@creator530_youtube,21227,3168,41326,2125,78,61,,False,Creator 530,KR,creator530@mail.example,tech
CR00530,instagram,@creator530_instagram,17087,76,5799,273,2,4,0.0,True,Creator 530,KR,creator530@mail.example,tech
CR00531,instagram,@creator531_instagram,16108,542,10416,408,35,108,179.0,True,Creator 531,BR,creator531@mail.example,comedy
CR00532,instagram,@creator532_instagram,635280,15045,302930,13679,558,2764,536.0,False,Creator 532,IN,creator532@mail.example,education
CR00532,youtube,@creator532_youtube,50392,4629,87318,5740,702,183,,False,Creator 532,IN,creator532@mail.example,education
CR00533,instagram,@creator533_instagram,209838,18087,192808,11285,15,309,450.0,True,Creator 533,US,creator533@mail.example,education
CR00533,youtube,@creator533_youtube,251988,7597,66749,3429,667,337,,False,Creator 533,US,creator533@mail.example,education
CR00533,tiktok,@creator533_tiktok,139527,10894,366806,18176,175,0,1352.0,False,Creator 533,US,creator533@mail.example,education
CR00534,instagram,@creator534_instagram,400205,-6289,558579,20358,888,4591,171.0,False,Creator 534,JP,creator534@mail.example,tech
CR00534,youtube,@creator534_youtube,3702,742,1760,73,9,1,,False,Creator 534,JP,creator534@mail.example,tech
CR00534,tiktok,@creator534_tiktok,44873,3296,66809,2756,493,119,176.0,False,Creator 534,JP,creator534@mail.example,tech
CR00535,tiktok,@creator535_tiktok,193166,14180,612606,26449,3889,1620,3872.0,False,Creator 535,CA,creator535@mail.example,gaming
CR00535,youtube,@creator535_youtube,699972,139848,1031192,41407,428,1212,,False,Creator 535,CA,creator535@mail.example,gaming
CR00535,instagram,@creator535_instagram,149961,16229,98661,7014,136,16,663.0,False,Creator 535,CA,creator535@mail.example,gaming
CR00536,tiktok,@creator536_tiktok,9870,967,35501,3000,15,158,4.0,False,Creator 536,CA,creator536@mail.example,gaming
CR00536,instagram,@creator536_instagram,81744,5351,74848,831,68,314,4.0,False,Creator 536,CA,creator536@mail.example,gaming
CR00536,youtube,@creator536_youtube,14169,1333,18843,1411,180,2,,False,Creator 536,CA,creator536@mail.example,gaming
CR00537,instagram,@creator537_instagram,97879,13401,98758,4657,343,3,462.0,False,Creator 537,IN,creator537@mail.example,gaming
CR00537,youtube,@creator537_youtube,20180,1299,35877,2179,83,148,,False,Creator 537,IN,creator537@mail.example,gaming
CR00538,youtube,@creator538_youtube,45123,639,31887,1236,714,118,,False,Creator 538,JP,creator538@mail.example,gaming
CR00538,tiktok,@creator538_tiktok,400862,37066,656672,30050,4712,671,2212.0,False,Creator 538,JP,creator538@mail.example,gaming
CR00539,tiktok,@creator539_tiktok,136165,-2861,105495,6248,304,130,168.0,False,Creator 539,US,creator539@mail.example,gaming
CR00539,instagram,@creator539_instagram,33303,2175,16421,906,3,187,97.0,False,Creator 539,US,creator539@mail.example,gaming
CR00540,youtube,@creator540_youtube,63067,-726,60958,5275,220,0,,False,Creator 540,IN,creator540@mail.example,finance
CR00540,instagram,@creator540_instagram,27685,-969,65860,4266,49,17,329.0,False,Creator 540,IN,creator540@mail.example,finance
CR00540,tiktok,@creator540_tiktok,54134,4355,49639,2255,46,157,108.0,False,Creator 540,IN,creator540@mail.example,finance
CR00541,tiktok,@creator541_tiktok,19085,3746,197003,9949,3121,2188,17.0,False,Creator 541,DE,creator541@mail.example,beauty
CR00541,instagram,@creator541_instagram,23034,1588,8260,235,3,0,5.0,False,Creator 541,DE,creator541@mail.example,beauty
CR00542,tiktok,@creator542_tiktok,2093331,-9131,10422322,950259,77606,180482,3510.0,False,Creator 542,DE,creator542@mail.example,music
CR00542,instagram,@creator542_instagram,436819,-10741,614345,36898,0,5849,1712.0,False,Creator 542,DE,creator542@mail.example,music
CR00542,youtube,@creator542_youtube,8050,718,7035,429,0,1,,False,Creator 542,DE,creator542@mail.example,music
CR00543,youtube,@creator543_youtube,67821,3731,49364,2403,2,0,,False,Creator 543,MX,creator543@mail.example,tech
CR00544,tiktok,@creator544_tiktok,28581,3477,144532,7882,0,30,312.0,False,Creator 544,DE,creator544@mail.example,tech
CR00544,instagram,@creator544_instagram,140887,24964,50531,1470,1,27,133.0,False,Creator 544,DE,creator544@mail.example,tech
CR00545,tiktok,@creator545_tiktok,50131,875,189029,11250,741,653,320.0,False,Creator 545,BR,creator545@mail.example,finance
CR00545,youtube,@creator545_youtube,59734,5146,44787,1689,336,4,,False,Creator 545,BR,creator545@mail.example,finance
CR00545,instagram,@creator545_instagram,71846,7913,77495,2002,1,29,305.0,True,Creator 545,BR,creator545@mail.example,finance
CR00546,instagram,@creator546_instagram,80823,10323,114378,13634,16,652,0.0,False,Creator 546,US,creator546@mail.example,fitness
CR00546,youtube,@creator546_youtube,57326,7424,104212,4571,160,0,,False,Creator 546,US,creator546@mail.example,fitness
CR00546,tiktok,@creator546_tiktok,127093,6741,185436,7720,423,0,0.0,False,Creator 546,US,creator546@mail.example,fitness
CR00547,tiktok,@creator547_tiktok,69557,12449,254890,6586,86,531,220.0,False,Creator 547,IN,creator547@mail.example,education
CR00547,youtube,@creator547_youtube,43932,-1076,161218,10320,1321,1361,,False,Creator 547,IN,creator547@mail.example,education
CR00548,instagram,@creator548_instagram,269559,17588,47158,3122,186,65,0.0,False,Creator 548,BR,creator548@mail.example,finance
CR00548,youtube,@creator548_youtube,53977,9809,260084,11433,655,367,,False,Creator 548,BR,creator548@mail.example,finance
CR00548,tiktok,@creator548_tiktok,16294,78,98069,4629,629,93,244.0,False,Creator 548,BR,creator548@mail.example,finance
CR00549,youtube,@creator549_youtube,10610,329,1249,49,2,6,,False,Creator 549,DE,creator549@mail.example,gaming
CR00549,tiktok,@creator549_tiktok,14217,1445,23334,553,8,16,134.0,False,Creator 549,DE,creator549@mail.example,gaming
CR00550,instagram,@creator550_instagram,42680,665,34900,2228,99,12,46.0,False,Creator 550,CA,creator550@mail.example,travel
CR00550,youtube,@creator550_youtube,159333,26444,254218,10588,293,132,,False,Creator 550,CA,creator550@mail.example,travel
CR00550,tiktok,@creator550_tiktok,140738,7311,465402,13694,4308,623,462.0,False,Creator 550,CA,creator550@mail.example,travel
CR00551,instagram,@creator551_instagram,30202,5477,1569,44,8,0,2.0,False,Creator 551,US,creator551@mail.example,travel
CR00551,youtube,@creator551_youtube,503559,-39870,627986,35196,6997,800,,False,Creator 551,US,creator551@mail.example,travel
CR00551,tiktok,@creator551_tiktok,55801,4032,134633,7796,9,154,138.0,False,Creator 551,US,creator551@mail.example,travel
CR00552,youtube,@creator552_youtube,728,92,935,55,3,7,,False,Creator 552,DE,creator552@mail.example,finance
CR00552,tiktok,@creator552_tiktok,19913,857,168586,10054,2645,1333,188.0,False,Creator 552,DE,creator552@mail.example,finance
CR00552,instagram,@creator552_instagram,267593,15285,172483,5407,462,0,16.0,False,Creator 552,DE,creator552@mail.example,finance
CR00553,instagram,@creator553_instagram,1363242,93798,949689,52805,15287,191,13000.0,False,Creator 553,FR,creator553@mail.example,education
CR00553,tiktok,@creator553_tiktok,85406,9912,463017,5780,520,1119,734.0,False,Creator 553,FR,creator553@mail.example,education
CR00553,youtube,@creator553_youtube,26909,-456,53034,2838,406,743,,False,Creator 553,FR,creator553@mail.example,education
CR00554,instagram,@creator554_instagram,92896,8814,55846,3652,506,186,106.0,False,Creator 554,GB,creator554@mail.example,education
CR00554,youtube,@creator554_youtube,82322,3073,135370,8687,3,6,,False,Creator 554,GB,creator554@mail.example,education
CR00555,instagram,@creator555_instagram,1985,139,1995,45,9,1,1.0,False,Creator 555,JP,creator555@mail.example,fitness
CR00555,tiktok,@creator555_tiktok,37322,564,48281,1135,17,0,31.0,False,Creator 555,JP,creator555@mail.example,fitness
CR00555,youtube,@creator555_youtube,35081,5628,48545,2395,205,6,,False,Creator 555,JP,creator555@mail.example,fitness
CR00556,youtube,@creator556_youtube,6179,352,5739,196,4,8,,False,Creator 556,IN,creator556@mail.example,fitness
CR00557,tiktok,@creator557_tiktok,78189,9106,226538,6226,923,0,111.0,False,Creator 557,MX,creator557@mail.example,beauty
CR00557,youtube,@creator557_youtube,982686,15658,1722018,48074,6702,1591,,False,Creator 557,MX,creator557@mail.example,beauty
CR00557,instagram,@creator557_instagram,11542,693,3587,137,1,0,3.0,False,Creator 557,MX,creator557@mail.example,beauty
CR00558,instagram,@creator558_instagram,163990,19587,125167,4815,171,2654,205.0,False,Creator 558,BR,creator558@mail.example,travel
CR00559,instagram,@creator559_instagram,7205,498,5758,293,21,28,0.0,False,Creator 559,BR,creator559@mail.example,fitness
CR00559,tiktok,@creator559_tiktok,11795,551,19937,337,5,1,30.0,False,Creator 559,BR,creator559@mail.example,fitness
CR00560,tiktok,@creator560_tiktok,13583,399,43226,2980,265,424,4.0,False,Creator 560,MX,creator560@mail.example,music
CR00560,youtube,@creator560_youtube,649017,16804,273508,10645,402,473,,False,Creator 560,MX,creator560@mail.example,music
CR00560,instagram,@creator560_instagram,54332,7055,28417,505,30,198,119.0,False,Creator 560,MX,creator560@mail.example,music
CR00561,youtube,@creator561_youtube,35704,6565,20756,685,136,11,,False,Creator 561,US,creator561@mail.example,education
CR00561,tiktok,@creator561_tiktok,11822,477,65786,5040,1293,97,69.0,False,Creator 561,US,creator561@mail.example,education
CR00562,youtube,@creator562_youtube,34345,619,12198,430,17,0,,False,Creator 562,GB,creator562@mail.example,music
CR00562,tiktok,@creator562_tiktok,33781,3753,136530,4696,795,517,1046.0,False,Creator 562,GB,creator562@mail.example,music
CR00562,instagram,@creator562_instagram,322762,20547,262860,5742,421,65,85.0,True,Creator 562,GB,creator562@mail.example,music
CR00563,youtube,@creator563_youtube,78418,5048,105244,3088,1271,0,,False,Creator 563,IN,creator563@mail.example,education
CR00563,tiktok,@creator563_tiktok,166177,-12727,860181,30770,6163,0,91.0,False,Creator 563,IN,creator563@mail.example,education
CR00564,youtube,@creator564_youtube,44049,3059,52938,2666,80,368,,False,Creator 564,GB,creator564@mail.example,tech
CR00565,tiktok,@creator565_tiktok,7043,353,6822,155,3,2,0.0,False,Creator 565,CA,creator565@mail.example,finance
CR00566,instagram,@creator566_instagram,9413,1614,3369,130,21,15,69.0,False,Creator 566,FR,creator566@mail.example,travel
CR00566,tiktok,@creator566_tiktok,812727,48645,3634190,188771,30080,22992,887.0,False,Creator 566,FR,creator566@mail.example,travel
CR00566,youtube,@creator566_youtube,26158,2064,36216,924,57,18,,False,Creator 566,FR,creator566@mail.example,travel
CR00567,tiktok,@creator567_tiktok,9733,1229,16858,653,7,0,0.0,False,Creator 567,KR,creator567@mail.example,tech
CR00567,youtube,@creator567_youtube,244758,19431,580340,15704,58,74,,False,Creator 567,KR,creator567@mail.example,tech
CR00567,instagram,@creator567_instagram,18720,1211,1964,67,5,5,0.0,False,Creator 567,KR,creator567@mail.example,tech
CR00568,youtube,@creator568_youtube,45246,7428,40004,1459,121,14,,False,Creator 568,US,creator568@mail.example,tech
CR00568,instagram,@creator568_instagram,90594,7255,63910,1405,44,8,6.0,False,Creator 568,US,creator568@mail.example,tech
CR00568,tiktok,@creator568_tiktok,38085,866,294407,5121,486,607,144.0,False,Creator 568,US,creator568@mail.example,tech
CR00569,instagram,@creator569_instagram,62461,-1995,28739,1876,2,9,15.0,False,Creator 569,FR,creator569@mail.example,gaming
CR00569,youtube,@creator569_youtube,75382,93,134160,11528,832,1436,,False,Creator 569,FR,creator569@mail.example,gaming
CR00569,tiktok,@creator569_tiktok,21701,1765,36832,1063,165,0,97.0,False,Creator 569,FR,creator569@mail.example,gaming
CR00570,youtube,@creator570_youtube,8676,1603,9947,188,16,4,,False,Creator 570,US,creator570@mail.example,finance
CR00570,tiktok,@creator570_tiktok,17666,1185,170197,8031,687,349,3.0,False,Creator 570,US,creator570@mail.example,finance
CR00570,instagram,@creator570_instagram,50405,4112,16157,742,3,9,70.0,False,Creator 570,US,creator570@mail.example,finance
CR00571,tiktok,@creator571_tiktok,1658,131,2303,209,6,0,7.0,False,Creator 571,IN,creator571@mail.example,finance
CR00571,youtube,@creator571_youtube,198863,15659,106285,6473,837,398,,False,Creator 571,IN,creator571@mail.example,finance
CR00572,instagram,@creator572_instagram,69545,1788,86356,3884,69,187,647.0,False,Creator 572,IN,creator572@mail.example,travel
CR00572,tiktok,@creator572_tiktok,21707,2773,53531,1973,133,0,115.0,False,Creator 572,IN,creator572@mail.example,travel
CR00573,tiktok,@creator573_tiktok,93952,3050,93364,1712,35,67,160.0,False,Creator 573,BR,creator573@mail.example,finance
CR00574,youtube,@creator574_youtube,136962,10966,296242,9479,300,0,,False,Creator 574,GB,creator574@mail.example,gaming
CR00574,tiktok,@creator574_tiktok,101096,15841,221201,9394,1862,223,33.0,False,Creator 574,GB,creator574@mail.example,gaming
CR00574,instagram,@creator574_instagram,6867,344,6290,325,16,2,0.0,False,Creator 574,GB,creator574@mail.example,gaming
CR00575,tiktok,@creator575_tiktok,13353,2256,21792,599,30,69,55.0,False,Creator 575,KR,creator575@mail.example,fitness
CR00576,tiktok,@creator576_tiktok,2148959,391772,3078035,114021,2629,1761,7777.0,False,Creator 576,MX,creator576@mail.example,finance
CR00576,instagram,@creator576_instagram,534748,39032,1186008,93880,764,6941,3447.0,False,Creator 576,MX,creator576@mail.example,finance
CR00576,youtube,@creator576_youtube,216833,15133,904812,56317,148,1271,,False,Creator 576,MX,creator576@mail.example,finance
CR00577,tiktok,@creator577_tiktok,321951,50992,362957,21397,1594,705,1263.0,False,Creator 577,CA,creator577@mail.example,tech
CR00577,instagram,@creator577_instagram,262850,22445,152613,7928,123,464,669.0,False,Creator 577,CA,creator577@mail.example,tech
CR00577,youtube,@creator577_youtube,7201,534,4850,227,49,0,,False,Creator 577,CA,creator577@mail.example,tech
CR00578,youtube,@creator578_youtube,45449,5345,44325,2754,57,130,,False,Creator 578,KR,creator578@mail.example,finance
CR00579,youtube,@creator579_youtube,8357,508,5985,104,8,6,,False,Creator 579,FR,creator579@mail.example,music
CR00579,instagram,@creator579_instagram,9497,1373,2817,147,3,11,74.0,False,Creator 579,FR,creator579@mail.example,music
CR00580,tiktok,@creator580_tiktok,39609,4067,178142,11920,0,2354,802.0,False,Creator 580,DE,creator580@mail.example,food
CR00580,instagram,@creator580_instagram,66201,-490,47818,2411,22,76,130.0,False,Creator 580,DE,creator580@mail.example,food
CR00580,youtube,@creator580_youtube,21220,4019,5863,315,0,4,,False,Creator 580,DE,creator580@mail.example,food
CR00581,instagram,@creator581_instagram,70079,3543,98416,4889,1368,0,290.0,False,Creator 581,JP,creator581@mail.example,music
CR00581,youtube,@creator581_youtube,88008,5192,625156,33560,1116,3428,,False,Creator 581,JP,creator581@mail.example,music
CR00581,tiktok,@creator581_tiktok,250733,-4457,452594,27955,4470,16,3586.0,False,Creator 581,JP,creator581@mail.example,music
CR00582,tiktok,@creator582_tiktok,17576,3634,101057,6028,325,328,1202.0,False,Creator 582,CA,creator582@mail.example,music
CR00583,instagram,@creator583_instagram,117624,1921,52478,965,401,6,200.0,False,Creator 583,IN,creator583@mail.example,music
CR00583,tiktok,@creator583_tiktok,68744,7771,76562,1937,24,109,298.0,False,Creator 583,IN,creator583@mail.example,music
CR00583,youtube,@creator583_youtube,276787,8277,137160,14482,1277,3,,False,Creator 583,IN,creator583@mail.example,music
CR00584,tiktok,@creator584_tiktok,164465,11325,315523,7034,432,117,186.0,False,Creator 584,KR,creator584@mail.example,finance
CR00584,youtube,@creator584_youtube,20677,1932,29441,666,4,36,,False,Creator 584,KR,creator584@mail.example,finance
CR00584,instagram,@creator584_instagram,227894,16810,158423,13179,386,0,1621.0,False,Creator 584,KR,creator584@mail.example,finance
CR00585,tiktok,@creator585_tiktok,1007,122,2565,70,11,0,6.0,False,Creator 585,CA,creator585@mail.example,food
CR00585,youtube,@creator585_youtube,33519,5758,101332,3757,841,2,,False,Creator 585,CA,creator585@mail.example,food
CR00586,instagram,@creator586_instagram,16874,1899,36283,772,12,72,45.0,True,Creator 586,US,creator586@mail.example,education
CR00587,youtube,@creator587_youtube,110947,9389,73061,1421,25,0,,False,Creator 587,MX,creator587@mail.example,tech
CR00587,instagram,@creator587_instagram,2806,652,1766,120,9,0,17.0,False,Creator 587,MX,creator587@mail.example,tech
CR00587,tiktok,@creator587_tiktok,278395,28600,567217,38421,1,3504,6829.0,False,Creator 587,MX,creator587@mail.example,tech
CR00588,instagram,@creator588_instagram,7492,687,23340,1522,6,19,1.0,False,Creator 588,FR,creator588@mail.example,gaming
CR00588,tiktok,@creator588_tiktok,37996,4641,120024,2983,121,30,52.0,False,Creator 588,FR,creator588@mail.example,gaming
CR00588,youtube,@creator588_youtube,119540,7497,41292,675,60,28,,False,Creator 588,FR,creator588@mail.example,gaming
CR00589,tiktok,@creator589_tiktok,11944,274,88874,4933,474,814,199.0,False,Creator 589,MX,creator589@mail.example,travel
CR00589,youtube,@creator589_youtube,98475,6505,174234,9615,524,220,,False,Creator 589,MX,creator589@mail.example,travel
CR00590,youtube,@creator590_youtube,38319,6471,95932,3800,95,41,,False,Creator 590,CA,creator590@mail.example,tech
CR00591,youtube,@creator591_youtube,4648,388,2677,205,5,0,,False,Creator 591,MX,creator591@mail.example,tech
CR00591,instagram,@creator591_instagram,75807,1361,144433,7673,0,14,671.0,False,Creator 591,MX,creator591@mail.example,tech
CR00591,tiktok,@creator591_tiktok,71541,8673,89237,6967,793,33,116.0,False,Creator 591,MX,creator591@mail.example,tech
CR00592,tiktok,@creator592_tiktok,78946,8809,286959,9587,416,0,91.0,False,Creator 592,MX,creator592@mail.example,music
CR00593,instagram,@creator593_instagram,53443,6247,76619,3906,743,14,192.0,False,Creator 593,KR,creator593@mail.example,fitness
CR00593,youtube,@creator593_youtube,7059,1453,28797,1131,37,88,,False,Creator 593,KR,creator593@mail.example,fitness
CR00593,tiktok,@creator593_tiktok,216406,-892,2402843,44793,468,1594,67.0,False,Creator 593,KR,creator593@mail.example,fitness
CR00594,tiktok,@creator594_tiktok,188963,-89,696326,16364,5803,3315,1505.0,False,Creator 594,US,creator594@mail.example,finance
CR00594,instagram,@creator594_instagram,139190,2394,197984,6755,22,646,448.0,False,Creator 594,US,creator594@mail.example,finance
CR00595,instagram,@creator595_instagram,22973,3009,13997,954,50,12,52.0,True,Creator 595,KR,creator595@mail.example,gaming
CR00595,youtube,@creator595_youtube,145072,16263,347821,8669,596,0,,False,Creator 595,KR,creator595@mail.example,gaming
CR00596,instagram,@creator596_instagram,133301,18488,72214,2401,30,356,146.0,True,Creator 596,BR,creator596@mail.example,tech
CR00596,youtube,@creator596_youtube,565227,11763,702101,42319,521,0,,False,Creator 596,BR,creator596@mail.example,tech
CR00596,tiktok,@creator596_tiktok,18226,732,192303,4652,398,171,2125.0,False,Creator 596,BR,creator596@mail.example,tech
CR00597,youtube,@creator597_youtube,33029,2156,17068,567,82,2,,False,Creator 597,GB,creator597@mail.example,fitness
CR00598,tiktok,@creator598_tiktok,75436,10989,175374,5938,1073,20,319.0,False,Creator 598,US,creator598@mail.example,finance
CR00599,tiktok,@creator599_tiktok,1313,106,7150,401,22,86,0.0,False,Creator 599,US,creator599@mail.example,fitness
CR00599,youtube,@creator599_youtube,16321,1610,32805,1362,26,112,,False,Creator 599,US,creator599@mail.example,fitness
CR00599,instagram,@creator599_instagram,56199,3252,41897,1176,575,0,14.0,False,Creator 599,US,creator599@mail.example,fitness
CR00600,youtube,@creator600_youtube,17218,2688,12367,876,6,7,,False,Creator 600,CA,creator600@mail.example,tech
CR00600,tiktok,@creator600_tiktok,16783,1412,77457,1471,116,1,3.0,False,Creator 600,CA,creator600@mail.example,tech
CR00600,instagram,@creator600_instagram,143716,10744,162342,8017,192,50,196.0,False,Creator 600,CA,creator600@mail.example,tech
CR00601,tiktok,@creator601_tiktok,21244,1777,42663,2504,342,3,235.0,False,Creator 601,DE,creator601@mail.example,comedy
CR00601,youtube,@creator601_youtube,291984,8614,811351,20874,1097,472,,False,Creator 601,DE,creator601@mail.example,comedy
CR00601,instagram,@creator601_instagram,10165,1202,4179,185,40,0,6.0,False,Creator 601,DE,creator601@mail.example,comedy
CR00602,youtube,@creator602_youtube,120637,19473,274269,10709,398,233,,False,Creator 602,GB,creator602@mail.example,education
CR00602,instagram,@creator602_instagram,94105,5409,17149,1011,2,178,10.0,False,Creator 602,GB,creator602@mail.example,education
CR00602,tiktok,@creator602_tiktok,2306,329,1986,75,0,10,0.0,False,Creator 602,GB,creator602@mail.example,education
CR00603,youtube,@creator603_youtube,5089,209,2173,174,6,0,,False,Creator 603,FR,creator603@mail.example,travel
CR00604,instagram,@creator604_instagram,34555,163,24804,792,0,8,38.0,False,Creator 604,JP,creator604@mail.example,comedy
CR00604,tiktok,@creator604_tiktok,28058,236,192421,11576,51,357,694.0,False,Creator 604,JP,creator604@mail.example,comedy
CR00605,youtube,@creator605_youtube,18382,1528,14765,844,0,126,,False,Creator 605,MX,creator605@mail.example,beauty
CR00605,instagram,@creator605_instagram,37844,4307,33776,2252,84,2,39.0,False,Creator 605,MX,creator605@mail.example,beauty
CR00605,tiktok,@creator605_tiktok,109919,3889,289267,10194,722,3,1499.0,False,Creator 605,MX,creator605@mail.example,beauty
CR00606,instagram,@creator606_instagram,255609,3657,228850,16955,778,22,88.0,False,Creator 606,US,creator606@mail.example,comedy
CR00606,youtube,@creator606_youtube,14508,1307,25977,1119,136,6,,False,Creator 606,US,creator606@mail.example,comedy
CR00606,tiktok,@creator606_tiktok,96828,10379,842622,57891,1656,31,5.0,False,Creator 606,US,creator606@mail.example,comedy
CR00607,tiktok,@creator607_tiktok,27245,1020,73692,3734,85,61,54.0,False,Creator 607,US,creator607@mail.example,comedy
CR00608,youtube,@creator608_youtube,75367,3753,45684,3455,202,395,,False,Creator 608,MX,creator608@mail.example,education
CR00608,tiktok,@creator608_tiktok,509625,37284,995600,54618,7,10227,3430.0,False,Creator 608,MX,creator608@mail.example,education
CR00608,instagram,@creator608_instagram,2056,96,1003,38,4,23,1.0,False,Creator 608,MX,creator608@mail.example,education
CR00609,instagram,@creator609_instagram,35013,2467,3523,246,40,0,17.0,False,Creator 609,BR,creator609@mail.example,music
CR00609,youtube,@creator609_youtube,498221,-8333,906168,79560,4,4807,,False,Creator 609,BR,creator609@mail.example,music
CR00609,tiktok,@creator609_tiktok,123536,-5705,248651,5942,1704,142,298.0,False,Creator 609,BR,creator609@mail.example,music
CR00610,tiktok,@creator610_tiktok,117221,9125,143467,11945,237,806,83.0,False,Creator 610,JP,creator610@mail.example,food
CR00610,instagram,@creator610_instagram,783044,106034,454198,16593,16,163,2571.0,False,Creator 610,JP,creator610@mail.example,food
CR00610,youtube,@creator610_youtube,30734,4673,27193,1217,100,75,,False,Creator 610,JP,creator610@mail.example,food
CR00611,tiktok,@creator611_tiktok,10109,1743,29640,2123,3,97,139.0,False,Creator 611,IN,creator611@mail.example,food
CR00612,tiktok,@creator612_tiktok,100502,2426,273669,21024,6021,1073,562.0,False,Creator 612,US,creator612@mail.example,tech
CR00612,youtube,@creator612_youtube,418371,25924,1213422,54700,4224,241,,False,Creator 612,US,creator612@mail.example,tech
CR00613,instagram,@creator613_instagram,17089,1838,14546,759,41,37,4.0,False,Creator 613,JP,creator613@mail.example,finance
CR00613,tiktok,@creator613_tiktok,3165,180,11661,823,0,0,136.0,False,Creator 613,JP,creator613@mail.example,finance
CR00613,youtube,@creator613_youtube,44379,6187,33322,1424,176,0,,False,Creator 613,JP,creator613@mail.example,finance
CR00614,tiktok,@creator614_tiktok,19154,-2054,28668,1581,7,1,21.0,False,Creator 614,GB,creator614@mail.example,gaming
CR00615,youtube,@creator615_youtube,231374,17492,79692,1875,355,91,,False,Creator 615,MX,creator615@mail.example,music
CR00615,instagram,@creator615_instagram,10623,401,10320,276,2,33,69.0,True,Creator 615,MX,creator615@mail.example,music
CR00615,tiktok,@creator615_tiktok,72636,10318,745548,30351,2778,1465,3350.0,False,Creator 615,MX,creator615@mail.example,music
CR00616,instagram,@creator616_instagram,50355,6935,4415,86,14,26,0.0,False,Creator 616,MX,creator616@mail.example,education
CR00616,tiktok,@creator616_tiktok,67116,-4554,141189,3986,78,0,20.0,False,Creator 616,MX,creator616@mail.example,education
CR00616,youtube,@creator616_youtube,10239,1287,35318,2596,208,134,,False,Creator 616,MX,creator616@mail.example,education
CR00617,instagram,@creator617_instagram,49345,996,11257,297,38,0,62.0,False,Creator 617,GB,creator617@mail.example,food
CR00617,youtube,@creator617_youtube,99,10,153,3,0,0,,False,Creator 617,GB,creator617@mail.example,food
CR00618,youtube,@creator618_youtube,464322,74332,485002,25607,392,1328,,False,Creator 618,MX,creator618@mail.example,tech
CR00618,instagram,@creator618_instagram,185704,23417,58756,2943,245,122,3.0,False,Creator 618,MX,creator618@mail.example,tech
CR00618,tiktok,@creator618_tiktok,657117,4439,499710,22685,953,4733,933.0,False,Creator 618,MX,creator618@mail.example,tech
CR00619,instagram,@creator619_instagram,30776,3142,3475,153,9,16,10.0,False,Creator 619,GB,creator619@mail.example,finance
CR00619,tiktok,@creator619_tiktok,18549,2785,29488,1424,263,206,444.0,False,Creator 619,GB,creator619@mail.example,finance
CR00620,youtube,@creator620_youtube,5388,1025,9749,300,21,0,,False,Creator 620,JP,creator620@mail.example,gaming
CR00620,tiktok,@creator620_tiktok,59437,1861,247956,2560,2309,287,871.0,False,Creator 620,JP,creator620@mail.example,gaming
CR00620,instagram,@creator620_instagram,808315,95194,1659439,97689,16765,9419,181.0,False,Creator 620,JP,creator620@mail.example,gaming
CR00621,tiktok,@creator621_tiktok,14242,1941,76656,2827,375,280,48.0,False,Creator 621,IN,creator621@mail.example,music
CR00621,instagram,@creator621_instagram,3849,539,1395,75,1,0,4.0,False,Creator 621,IN,creator621@mail.example,music
CR00621,youtube,@creator621_youtube,100789,2600,283580,12402,1860,1090,,False,Creator 621,IN,creator621@mail.example,music
CR00622,youtube,@creator622_youtube,83189,5854,92005,4212,486,9,,False,Creator 622,GB,creator622@mail.example,education
CR00622,instagram,@creator622_instagram,189026,817,233099,6133,637,50,17.0,False,Creator 622,GB,creator622@mail.example,education
CR00622,tiktok,@creator622_tiktok,49035,445,210680,7291,3249,278,1848.0,False,Creator 622,GB,creator622@mail.example,education
CR00623,instagram,@creator623_instagram,222394,23725,79983,3046,117,229,16.0,False,Creator 623,IN,creator623@mail.example,comedy
CR00623,youtube,@creator623_youtube,337185,33156,384907,18422,1467,2649,,False,Creator 623,IN,creator623@mail.example,comedy
CR00624,instagram,@creator624_instagram,59717,-1105,37043,1517,68,22,142.0,False,Creator 624,BR,creator624@mail.example,beauty
CR00624,youtube,@creator624_youtube,450364,58513,438196,28026,3223,83,,False,Creator 624,BR,creator624@mail.example,beauty
CR00624,tiktok,@creator624_tiktok,12418,742,55450,1425,21,0,0.0,False,Creator 624,BR,creator624@mail.example,beauty
CR00625,tiktok,@creator625_tiktok,102292,8956,427879,21726,251,132,2871.0,False,Creator 625,BR,creator625@mail.example,comedy
CR00625,youtube,@creator625_youtube,38261,287,89141,5258,11,110,,False,Creator 625,BR,creator625@mail.example,comedy
CR00625,instagram,@creator625_instagram,2011,125,459,18,0,0,0.0,False,Creator 625,BR,creator625@mail.example,comedy
CR00626,instagram,@creator626_instagram,12505,1684,3113,120,12,0,22.0,False,Creator 626,BR,creator626@mail.example,travel
CR00627,youtube,@creator627_youtube,293368,12738,521806,24844,3,0,,False,Creator 627,JP,creator627@mail.example,beauty
CR00627,tiktok,@creator627_tiktok,202226,4022,3852674,89087,111,13427,20850.0,False,Creator 627,JP,creator627@mail.example,beauty
CR00627,instagram,@creator627_instagram,46315,2562,28945,1057,57,33,34.0,False,Creator 627,JP,creator627@mail.example,beauty
CR00628,instagram,@creator628_instagram,3484,389,2532,194,11,1,1.0,False,Creator 628,JP,creator628@mail.example,food
CR00629,youtube,@creator629_youtube,4548,699,2630,114,5,1,,False,Creator 629,FR,creator629@mail.example,music
CR00629,instagram,@creator629_instagram,74852,10544,76108,2804,0,203,0.0,False,Creator 629,FR,creator629@mail.example,music
CR00630,tiktok,@creator630_tiktok,63597,7085,469903,49908,170,663,3346.0,False,Creator 630,GB,creator630@mail.example,finance
CR00630,youtube,@creator630_youtube,541660,3069,726081,25747,1039,0,,False,Creator 630,GB,creator630@mail.example,finance
CR00631,tiktok,@creator631_tiktok,3069,384,8427,185,16,1,3.0,False,Creator 631,JP,creator631@mail.example,comedy
CR00631,youtube,@creator631_youtube,255667,-6223,254397,15482,2016,1281,,False,Creator 631,JP,creator631@mail.example,comedy
CR00631,instagram,@creator631_instagram,9949,500,24547,1029,6,22,193.0,False,Creator 631,JP,creator631@mail.example,comedy
CR00632,instagram,@creator632_instagram,7050213,770352,4741487,262386,46789,44753,2923.0,False,Creator 632,IN,creator632@mail.example,tech
CR00632,youtube,@creator632_youtube,23254,2393,53419,4069,3,4,,False,Creator 632,IN,creator632@mail.example,tech
CR00633,tiktok,@creator633_tiktok,602226,40676,479410,22673,1154,297,5727.0,False,Creator 633,US,creator633@mail.example,comedy
CR00634,tiktok,@creator634_tiktok,80842,8390,166481,11913,0,557,582.0,False,Creator 634,KR,creator634@mail.example,travel
CR00635,youtube,@creator635_youtube,7365,503,18163,480,51,16,,False,Creator 635,BR,creator635@mail.example,education
CR00635,tiktok,@creator635_tiktok,300202,36096,920645,56900,1908,4420,10569.0,False,Creator 635,BR,creator635@mail.example,education
CR00635,instagram,@creator635_instagram,664173,-103463,129525,3453,369,65,184.0,False,Creator 635,BR,creator635@mail.example,education
CR00636,instagram,@creator636_instagram,237814,33773,84632,5071,127,191,519.0,False,Creator 636,GB,creator636@mail.example,comedy
CR00636,tiktok,@creator636_tiktok,129657,18696,1138337,110486,884,10027,3298.0,False,Creator 636,GB,creator636@mail.example,comedy
CR00637,instagram,@creator637_instagram,22613,3318,10607,930,31,21,5.0,False,Creator 637,KR,creator637@mail.example,finance
CR00638,tiktok,@creator638_tiktok,15745,1073,36647,2354,334,0,54.0,False,Creator 638,CA,creator638@mail.example,food
CR00638,instagram,@creator638_instagram,393816,-4541,910628,66673,4236,4866,967.0,False,Creator 638,CA,creator638@mail.example,food
CR00639,tiktok,@creator639_tiktok,44012,5611,67924,3801,5,14,245.0,False,Creator 639,DE,creator639@mail.example,food
CR00639,youtube,@creator639_youtube,40703,3235,29706,1300,24,15,,False,Creator 639,DE,creator639@mail.example,food
CR00640,youtube,@creator640_youtube,95542,4518,152315,8072,100,0,,False,Creator 640,IN,creator640@mail.example,food
CR00640,tiktok,@creator640_tiktok,16398,940,57600,1673,16,146,1.0,False,Creator 640,IN,creator640@mail.example,food
CR00641,tiktok,@creator641_tiktok,96011,18483,260464,17087,1804,250,1427.0,False,Creator 641,IN,creator641@mail.example,food
CR00641,instagram,@creator641_instagram,18848,401,43414,1050,22,149,0.0,False,Creator 641,IN,creator641@mail.example,food
CR00641,youtube,@creator641_youtube,293677,19124,508992,23884,7767,517,,False,Creator 641,IN,creator641@mail.example,food
CR00642,tiktok,@creator642_tiktok,63812,-945,547119,9746,153,1,81.0,False,Creator 642,KR,creator642@mail.example,beauty
CR00642,youtube,@creator642_youtube,48491,8090,44425,4586,307,75,,False,Creator 642,KR,creator642@mail.example,beauty
CR00642,instagram,@creator642_instagram,4180,442,6506,115,9,0,3.0,False,Creator 642,KR,creator642@mail.example,beauty
CR00643,youtube,@creator643_youtube,122662,9268,236271,3191,540,699,,False,Creator 643,KR,creator643@mail.example,fitness
CR00644,youtube,@creator644_youtube,18796,2206,29896,1877,245,1,,False,Creator 644,CA,creator644@mail.example,tech
CR00644,instagram,@creator644_instagram,296713,43635,311323,5812,413,977,321.0,False,Creator 644,CA,creator644@mail.example,tech
CR00644,tiktok,@creator644_tiktok,41263,5140,91562,6605,5,1419,14.0,False,Creator 644,CA,creator644@mail.example,tech
CR00645,tiktok,@creator645_tiktok,95590,14577,797986,36247,605,552,489.0,False,Creator 645,US,creator645@mail.example,travel
CR00645,youtube,@creator645_youtube,40437,1491,40465,1655,41,18,,False,Creator 645,US,creator645@mail.example,travel
CR00645,instagram,@creator645_instagram,23443,564,34240,1299,239,32,133.0,False,Creator 645,US,creator645@mail.example,travel
CR00646,youtube,@creator646_youtube,345637,50288,113960,11951,106,41,,False,Creator 646,JP,creator646@mail.example,finance
CR00646,tiktok,@creator646_tiktok,104077,14118,740243,56188,0,2610,3407.0,False,Creator 646,JP,creator646@mail.example,finance
CR00646,instagram,@creator646_instagram,226761,21371,264936,6308,516,11,0.0,False,Creator 646,JP,creator646@mail.example,finance
CR00647,instagram,@creator647_instagram,44018,0,4760,129,16,49,23.0,False,Creator 647,US,creator647@mail.example,finance
CR00648,tiktok,@creator648_tiktok,523396,6411,926225,12331,292,2984,1432.0,False,Creator 648,JP,creator648@mail.example,travel
CR00648,youtube,@creator648_youtube,23687,1279,26085,2459,139,5,,False,Creator 648,JP,creator648@mail.example,travel
CR00648,instagram,@creator648_instagram,28035,2557,8479,257,7,43,28.0,False,Creator 648,JP,creator648@mail.example,travel
CR00649,tiktok,@creator649_tiktok,12049,1428,12103,526,2,0,31.0,False,Creator 649,IN,creator649@mail.example,music
CR00649,youtube,@creator649_youtube,131835,7184,138486,7245,889,58,,False,Creator 649,IN,creator649@mail.example,music
CR00649,instagram,@creator649_instagram,13011,1260,2948,42,7,8,0.0,True,Creator 649,IN,creator649@mail.example,music
CR00650,youtube,@creator650_youtube,703015,25726,479218,19991,5499,4653,,False,Creator 650,GB,creator650@mail.example,comedy
CR00650,tiktok,@creator650_tiktok,22981,2455,16379,442,54,78,4.0,False,Creator 650,GB,creator650@mail.example,comedy
CR00651,tiktok,@creator651_tiktok,30776,2705,86999,1665,1,63,115.0,False,Creator 651,BR,creator651@mail.example,fitness
CR00652,youtube,@creator652_youtube,210584,13780,87155,5697,431,73,,False,Creator 652,JP,creator652@mail.example,food
CR00653,tiktok,@creator653_tiktok,19875,2683,81118,3057,191,16,251.0,False,Creator 653,IN,creator653@mail.example,gaming
CR00653,youtube,@creator653_youtube,796,45,359,15,0,0,,False,Creator 653,IN,creator653@mail.example,gaming
CR00653,instagram,@creator653_instagram,258053,36497,230571,5629,42,35,276.0,False,Creator 653,IN,creator653@mail.example,gaming
CR00654,youtube,@creator654_youtube,128062,18172,152049,6570,147,136,,False,Creator 654,MX,creator654@mail.example,education
CR00655,instagram,@creator655_instagram,136181,5781,43301,4101,185,7,39.0,False,Creator 655,IN,creator655@mail.example,travel
CR00655,youtube,@creator655_youtube,29849,-317,53351,1945,16,309,,False,Creator 655,IN,creator655@mail.example,travel
CR00656,instagram,@creator656_instagram,94399,11106,96574,3569,175,539,1447.0,False,Creator 656,JP,creator656@mail.example,beauty
CR00656,youtube,@creator656_youtube,46566,1894,35007,3006,7,358,,False,Creator 656,JP,creator656@mail.example,beauty
CR00656,tiktok,@creator656_tiktok,162877,21985,360720,14528,727,190,0.0,False,Creator 656,JP,creator656@mail.example,beauty
CR00657,tiktok,@creator657_tiktok,457980,39511,667760,38590,2156,829,789.0,False,Creator 657,JP,creator657@mail.example,travel
CR00658,youtube,@creator658_youtube,125228,11818,110705,3720,126,1020,,False,Creator 658,JP,creator658@mail.example,education
CR00659,instagram,@creator659_instagram,4507,549,2670,138,15,23,36.0,False,Creator 659,GB,creator659@mail.example,beauty
CR00659,youtube,@creator659_youtube,116434,7592,868010,29574,1119,4423,,False,Creator 659,GB,creator659@mail.example,beauty
CR00659,tiktok,@creator659_tiktok,66773,6712,72879,4977,289,99,5.0,False,Creator 659,GB,creator659@mail.example,beauty
CR00660,instagram,@creator660_instagram,3970,804,573,25,4,3,0.0,True,Creator 660,MX,creator660@mail.example,fitness
CR00661,youtube,@creator661_youtube,53977,5733,121095,8429,436,172,,False,Creator 661,BR,creator661@mail.example,travel
CR00661,tiktok,@creator661_tiktok,8103,1419,46813,1848,161,0,0.0,False,Creator 661,BR,creator661@mail.example,travel
CR00662,youtube,@creator662_youtube,97334,15469,222743,12719,875,367,,False,Creator 662,IN,creator662@mail.example,finance
CR00662,instagram,@creator662_instagram,42594,4737,36120,2401,16,56,76.0,False,Creator 662,IN,creator662@mail.example,finance
CR00663,instagram,@creator663_instagram,325829,13651,560509,33415,5261,668,4713.0,False,Creator 663,GB,creator663@mail.example,gaming
CR00663,youtube,@creator663_youtube,710354,82497,880781,53087,8134,6984,,False,Creator 663,GB,creator663@mail.example,gaming
CR00663,tiktok,@creator663_tiktok,20478,1251,8101,322,6,21,71.0,False,Creator 663,GB,creator663@mail.example,gaming
CR00664,tiktok,@creator664_tiktok,26634,2628,65270,4248,6,43,197.0,False,Creator 664,JP,creator664@mail.example,travel
CR00665,youtube,@creator665_youtube,10805,1004,11374,655,22,17,,False,Creator 665,US,creator665@mail.example,tech
CR00665,instagram,@creator665_instagram,23520,3290,5585,383,1,32,0.0,False,Creator 665,US,creator665@mail.example,tech
CR00665,tiktok,@creator665_tiktok,42028,5924,70820,3556,267,0,287.0,False,Creator 665,US,creator665@mail.example,tech
CR00666,instagram,@creator666_instagram,11638,1095,800,57,2,8,1.0,False,Creator 666,IN,creator666@mail.example,comedy
CR00667,instagram,@creator667_instagram,44960,6631,9057,508,4,0,0.0,False,Creator 667,JP,creator667@mail.example,finance
CR00667,tiktok,@creator667_tiktok,6709,857,15912,500,94,6,5.0,False,Creator 667,JP,creator667@mail.example,finance
CR00667,youtube,@creator667_youtube,62235,4311,81611,2912,316,717,,False,Creator 667,JP,creator667@mail.example,finance
CR00668,tiktok,@creator668_tiktok,9259,1408,32288,562,302,53,164.0,False,Creator 668,GB,creator668@mail.example,gaming
CR00668,youtube,@creator668_youtube,122814,7037,206642,10608,2521,1232,,False,Creator 668,GB,creator668@mail.example,gaming
CR00669,instagram,@creator669_instagram,21033,3250,12172,431,45,3,0.0,False,Creator 669,MX,creator669@mail.example,beauty
CR00669,tiktok,@creator669_tiktok,43724,2384,39204,770,52,0,37.0,False,Creator 669,MX,creator669@mail.example,beauty
CR00670,youtube,@creator670_youtube,57501,4205,60629,2784,153,191,,False,Creator 670,JP,creator670@mail.example,gaming
CR00670,instagram,@creator670_instagram,4902,273,5817,142,3,5,4.0,False,Creator 670,JP,creator670@mail.example,gaming
CR00670,tiktok,@creator670_tiktok,269356,27341,1550981,63068,3137,5580,1807.0,False,Creator 670,JP,creator670@mail.example,gaming
CR00671,tiktok,@creator671_tiktok,105953,9238,239403,26683,566,0,142.0,False,Creator 671,IN,creator671@mail.example,food
CR00672,youtube,@creator672_youtube,43345,4300,19347,390,0,13,,False,Creator 672,FR,creator672@mail.example,finance
CR00672,instagram,@creator672_instagram,459047,63425,32929,623,0,20,30.0,False,Creator 672,FR,creator672@mail.example,finance
CR00672,tiktok,@creator672_tiktok,122706,12754,232851,5506,573,320,580.0,False,Creator 672,FR,creator672@mail.example,finance
CR00673,instagram,@creator673_instagram,7923,-126,5900,223,6,16,0.0,False,Creator 673,BR,creator673@mail.example,education
CR00673,tiktok,@creator673_tiktok,425214,13948,729621,16081,948,3032,2948.0,False,Creator 673,BR,creator673@mail.example,education
CR00673,youtube,@creator673_youtube,81669,-85,94671,3669,355,7,,False,Creator 673,BR,creator673@mail.example,education
CR00674,youtube,@creator674_youtube,58923,2918,108070,8827,205,167,,False,Creator 674,BR,creator674@mail.example,finance
CR00674,tiktok,@creator674_tiktok,15260,85,47719,1217,199,97,60.0,False,Creator 674,BR,creator674@mail.example,finance
CR00674,instagram,@creator674_instagram,103235,1854,98226,4131,312,27,40.0,False,Creator 674,BR,creator674@mail.example,finance
CR00675,instagram,@creator675_instagram,12347,936,16028,512,80,1,71.0,False,Creator 675,GB,creator675@mail.example,finance
CR00676,instagram,@creator676_instagram,195321,30297,295832,24670,1366,1273,392.0,False,Creator 676,KR,creator676@mail.example,food
CR00676,tiktok,@creator676_tiktok,610677,69138,1046816,63028,42,0,2944.0,False,Creator 676,KR,creator676@mail.example,food
CR00676,youtube,@creator676_youtube,87409,13073,297141,10150,194,755,,False,Creator 676,KR,creator676@mail.example,food
CR00677,youtube,@creator677_youtube,94008,13053,180707,8585,1937,180,,False,Creator 677,GB,creator677@mail.example,tech
CR00678,youtube,@creator678_youtube,138903,18215,70976,5448,228,4,,False,Creator 678,CA,creator678@mail.example,tech
CR00679,instagram,@creator679_instagram,292839,23544,199172,5382,840,0,12.0,False,Creator 679,MX,creator679@mail.example,music
CR00679,tiktok,@creator679_tiktok,31616,-1464,85314,4292,409,0,21.0,False,Creator 679,MX,creator679@mail.example,music
CR00679,youtube,@creator679_youtube,3527,134,4975,134,6,39,,False,Creator 679,MX,creator679@mail.example,music
CR00680,tiktok,@creator680_tiktok,72379,11393,227703,13162,560,0,2077.0,False,Creator 680,IN,creator680@mail.example,beauty
CR00681,tiktok,@creator681_tiktok,38868,-3856,173931,5812,664,42,101.0,False,Creator 681,DE,creator681@mail.example,education
CR00681,youtube,@creator681_youtube,271396,15770,396020,29123,177,5684,,False,Creator 681,DE,creator681@mail.example,education
CR00681,instagram,@creator681_instagram,2439502,48571,3299973,102433,5633,2405,14961.0,False,Creator 681,DE,creator681@mail.example,education
CR00682,youtube,@creator682_youtube,29782,1402,33841,1603,178,14,,False,Creator 682,CA,creator682@mail.example,finance
CR00682,instagram,@creator682_instagram,111471,10183,483088,15442,924,0,156.0,False,Creator 682,CA,creator682@mail.example,finance
CR00682,tiktok,@creator682_tiktok,34341,5259,89284,3446,299,60,4.0,False,Creator 682,CA,creator682@mail.example,finance
CR00683,instagram,@creator683_instagram,71075,-8356,12655,955,45,11,50.0,False,Creator 683,KR,creator683@mail.example,finance
CR00684,instagram,@creator684_instagram,105205,6625,77820,1675,76,69,194.0,False,Creator 684,MX,creator684@mail.example,fitness
CR00684,tiktok,@creator684_tiktok,196917,5728,900923,25320,8414,135,2176.0,False,Creator 684,MX,creator684@mail.example,fitness
CR00684,youtube,@creator684_youtube,11699,1733,16405,312,34,1,,False,Creator 684,MX,creator684@mail.example,fitness
CR00685,youtube,@creator685_youtube,264204,25981,237976,13744,784,654,,False,Creator 685,IN,creator685@mail.example,tech
CR00685,tiktok,@creator685_tiktok,72021,-1713,68744,3533,0,64,100.0,False,Creator 685,IN,creator685@mail.example,tech
CR00685,instagram,@creator685_instagram,579470,62131,416398,6955,0,82,1206.0,False,Creator 685,IN,creator685@mail.example,tech
CR00686,tiktok,@creator686_tiktok,107417,12965,301211,13644,555,401,407.0,False,Creator 686,GB,creator686@mail.example,gaming
CR00686,instagram,@creator686_instagram,185118,26538,221620,9681,1138,0,4121.0,False,Creator 686,GB,creator686@mail.example,gaming
CR00686,youtube,@creator686_youtube,56389,4624,81039,6330,806,7,,False,Creator 686,GB,creator686@mail.example,gaming
CR00687,instagram,@creator687_instagram,124726,18525,63436,1634,0,47,247.0,False,Creator 687,DE,creator687@mail.example,travel
CR00687,tiktok,@creator687_tiktok,11628,558,69352,2153,1,558,253.0,False,Creator 687,DE,creator687@mail.example,travel
CR00687,youtube,@creator687_youtube,53895,4775,63707,1633,29,0,,False,Creator 687,DE,creator687@mail.example,travel
CR00688,youtube,@creator688_youtube,88455,12599,183878,10130,452,218,,False,Creator 688,BR,creator688@mail.example,food
CR00688,tiktok,@creator688_tiktok,424060,31496,1284876,38222,4237,788,79.0,False,Creator 688,BR,creator688@mail.example,food
CR00688,instagram,@creator688_instagram,18065,1076,24477,1286,61,44,0.0,True,Creator 688,BR,creator688@mail.example,food
CR00689,instagram,@creator689_instagram,4742,310,1807,75,5,5,9.0,False,Creator 689,JP,creator689@mail.example,fitness
CR00689,tiktok,@creator689_tiktok,50083,9012,172669,3011,403,243,33.0,False,Creator 689,JP,creator689@mail.example,fitness
CR00689,youtube,@creator689_youtube,423395,84042,791604,14164,263,353,,False,Creator 689,JP,creator689@mail.example,fitness
CR00690,tiktok,@creator690_tiktok,4460,464,22940,874,32,12,44.0,False,Creator 690,JP,creator690@mail.example,music
CR00690,youtube,@creator690_youtube,5554,-243,4586,169,21,0,,False,Creator 690,JP,creator690@mail.example,music
CR00690,instagram,@creator690_instagram,8342,1868,4751,150,9,0,19.0,True,Creator 690,JP,creator690@mail.example,music
CR00691,tiktok,@creator691_tiktok,13556,-30,36067,2717,230,0,168.0,False,Creator 691,FR,creator691@mail.example,beauty
CR00691,instagram,@creator691_instagram,18536,3317,8793,716,21,34,6.0,True,Creator 691,FR,creator691@mail.example,beauty
CR00692,tiktok,@creator692_tiktok,86458,714,137168,9028,117,16,1556.0,False,Creator 692,US,creator692@mail.example,gaming
CR00692,instagram,@creator692_instagram,28427,1280,21388,1008,381,7,61.0,False,Creator 692,US,creator692@mail.example,gaming
CR00692,youtube,@creator692_youtube,13622,676,12648,549,56,1,,False,Creator 692,US,creator692@mail.example,gaming
CR00693,tiktok,@creator693_tiktok,263770,13532,760803,39306,934,0,0.0,False,Creator 693,CA,creator693@mail.example,gaming
CR00693,instagram,@creator693_instagram,1924556,170750,437625,10081,1829,153,1967.0,False,Creator 693,CA,creator693@mail.example,gaming
CR00694,youtube,@creator694_youtube,2288,445,7743,448,33,14,,False,Creator 694,US,creator694@mail.example,gaming
CR00694,tiktok,@creator694_tiktok,11669,1576,69440,3198,203,448,257.0,False,Creator 694,US,creator694@mail.example,gaming
CR00694,instagram,@creator694_instagram,21341,2285,24718,1256,58,28,3.0,False,Creator 694,US,creator694@mail.example,gaming
CR00695,tiktok,@creator695_tiktok,71016,5123,115418,10356,309,996,1603.0,False,Creator 695,JP,creator695@mail.example,comedy
CR00695,youtube,@creator695_youtube,535476,42372,875966,48701,4,7839,,False,Creator 695,JP,creator695@mail.example,comedy
CR00695,instagram,@creator695_instagram,18123,-465,8146,284,2,8,59.0,True,Creator 695,JP,creator695@mail.example,comedy
CR00696,youtube,@creator696_youtube,169775,17990,81412,1780,113,146,,False,Creator 696,JP,creator696@mail.example,travel
CR00696,tiktok,@creator696_tiktok,50107,5429,306023,11762,73,273,1097.0,False,Creator 696,JP,creator696@mail.example,travel
CR00696,instagram,@creator696_instagram,35757,3887,30646,1450,154,48,310.0,False,Creator 696,JP,creator696@mail.example,travel
CR00697,youtube,@creator697_youtube,210062,580,62876,1179,20,0,,False,Creator 697,FR,creator697@mail.example,education
CR00697,instagram,@creator697_instagram,37869,4426,6165,337,25,10,23.0,False,Creator 697,FR,creator697@mail.example,education
CR00697,tiktok,@creator697_tiktok,153938,8653,225970,9123,0,3,999.0,False,Creator 697,FR,creator697@mail.example,education
CR00698,instagram,@creator698_instagram,8502,827,4701,104,16,0,5.0,False,Creator 698,IN,creator698@mail.example,education
CR00698,tiktok,@creator698_tiktok,189047,11212,211050,11902,94,857,307.0,False,Creator 698,IN,creator698@mail.example,education
CR00699,tiktok,@creator699_tiktok,29308,687,479006,11048,1121,27,1685.0,False,Creator 699,CA,creator699@mail.example,beauty
CR00700,instagram,@creator700_instagram,35558,4011,32583,766,38,50,4.0,False,Creator 700,FR,creator700@mail.example,finance
CR00701,instagram,@creator701_instagram,94185,2880,56338,4100,28,217,9.0,False,Creator 701,DE,creator701@mail.example,music
CR00701,youtube,@creator701_youtube,115461,8973,148794,6890,700,1770,,False,Creator 701,DE,creator701@mail.example,music
CR00701,tiktok,@creator701_tiktok,63704,9735,43655,1178,10,17,50.0,False,Creator 701,DE,creator701@mail.example,music
CR00702,instagram,@creator702_instagram,23217,1803,29159,893,207,88,23.0,False,Creator 702,FR,creator702@mail.example,beauty
CR00702,tiktok,@creator702_tiktok,2043,105,9012,173,10,0,10.0,False,Creator 702,FR,creator702@mail.example,beauty
CR00702,youtube,@creator702_youtube,7860,121,7682,467,18,0,,False,Creator 702,FR,creator702@mail.example,beauty
CR00703,instagram,@creator703_instagram,499916,88791,283077,9166,290,0,140.0,False,Creator 703,DE,creator703@mail.example,beauty
CR00703,youtube,@creator703_youtube,151686,17373,79256,2172,130,46,,False,Creator 703,DE,creator703@mail.example,beauty
CR00703,tiktok,@creator703_tiktok,11673,91,58393,7097,93,111,548.0,False,Creator 703,DE,creator703@mail.example,beauty
CR00704,instagram,@creator704_instagram,17888,2411,10725,422,46,161,59.0,False,Creator 704,GB,creator704@mail.example,tech
CR00704,youtube,@creator704_youtube,23160,3018,7061,527,98,6,,False,Creator 704,GB,creator704@mail.example,tech
CR00705,instagram,@creator705_instagram,268560,2241,107889,3964,41,67,6.0,False,Creator 705,DE,creator705@mail.example,travel
CR00705,tiktok,@creator705_tiktok,19570,1837,53905,2307,431,26,102.0,False,Creator 705,DE,creator705@mail.example,travel
CR00706,instagram,@creator706_instagram,53970,8627,94195,4893,8,472,276.0,False,Creator 706,US,creator706@mail.example,finance
CR00707,instagram,@creator707_instagram,22310,1039,10582,623,21,2,38.0,False,Creator 707,DE,creator707@mail.example,food
CR00707,tiktok,@creator707_tiktok,29980,1882,62817,2785,123,61,4.0,False,Creator 707,DE,creator707@mail.example,food
CR00707,youtube,@creator707_youtube,425274,1436,705243,48829,5145,851,,False,Creator 707,DE,creator707@mail.example,food
CR00708,tiktok,@creator708_tiktok,5969,-653,16921,542,36,0,14.0,False,Creator 708,DE,creator708@mail.example,beauty
CR00708,youtube,@creator708_youtube,159844,19747,113925,10774,9,19,,False,Creator 708,DE,creator708@mail.example,beauty
CR00709,youtube,@creator709_youtube,842073,67793,743933,47208,9060,423,,False,Creator 709,FR,creator709@mail.example,comedy
CR00709,tiktok,@creator709_tiktok,88134,3937,331435,14721,29,663,262.0,False,Creator 709,FR,creator709@mail.example,comedy
CR00709,instagram,@creator709_instagram,4425,236,2424,135,4,0,4.0,False,Creator 709,FR,creator709@mail.example,comedy
CR00710,youtube,@creator710_youtube,84040,-7884,381913,35265,4249,608,,False,Creator 710,GB,creator710@mail.example,music
CR00710,instagram,@creator710_instagram,17635,50,7445,187,57,29,66.0,False,Creator 710,GB,creator710@mail.example,music
CR00711,youtube,@creator711_youtube,28759,4791,218968,5558,173,368,,False,Creator 711,BR,creator711@mail.example,fitness
CR00712,tiktok,@creator712_tiktok,65777,5916,409183,8438,1047,639,18.0,False,Creator 712,US,creator712@mail.example,education
CR00713,instagram,@creator713_instagram,29762,3470,7859,615,49,0,0.0,False,Creator 713,IN,creator713@mail.example,fitness
CR00713,youtube,@creator713_youtube,79284,9275,148684,11973,56,343,,False,Creator 713,IN,creator713@mail.example,fitness
CR00714,tiktok,@creator714_tiktok,421177,8965,5020499,317131,50591,26522,5785.0,False,Creator 714,IN,creator714@mail.example,travel
CR00714,youtube,@creator714_youtube,189890,3178,266619,11422,298,518,,False,Creator 714,IN,creator714@mail.example,travel
CR00715,tiktok,@creator715_tiktok,31407,3648,52527,1511,28,3,181.0,False,Creator 715,DE,creator715@mail.example,food
CR00716,youtube,@creator716_youtube,171427,-207,109545,5863,195,105,,False,Creator 716,GB,creator716@mail.example,food
CR00716,tiktok,@creator716_tiktok,215563,16363,181495,15631,1271,1,357.0,False,Creator 716,GB,creator716@mail.example,food
CR00716,instagram,@creator716_instagram,151549,16560,152060,8179,1735,686,526.0,False,Creator 716,GB,creator716@mail.example,food
CR00717,tiktok,@creator717_tiktok,1331,274,5209,253,6,0,2.0,False,Creator 717,FR,creator717@mail.example,fitness
CR00718,instagram,@creator718_instagram,37518,-223,15280,936,1,67,5.0,False,Creator 718,FR,creator718@mail.example,gaming
CR00718,tiktok,@creator718_tiktok,36378,1925,343758,17448,4114,157,575.0,False,Creator 718,FR,creator718@mail.example,gaming
CR00718,youtube,@creator718_youtube,116183,13008,52389,2885,500,212,,False,Creator 718,FR,creator718@mail.example,gaming
CR00719,youtube,@creator719_youtube,92410,12319,149938,6444,487,0,,False,Creator 719,KR,creator719@mail.example,tech
CR00719,instagram,@creator719_instagram,219331,27551,59790,4581,368,31,2.0,False,Creator 719,KR,creator719@mail.example,tech
CR00720,instagram,@creator720_instagram,13364,2720,20452,797,10,37,21.0,False,Creator 720,GB,creator720@mail.example,travel
CR00721,tiktok,@creator721_tiktok,75319,-219,295940,12239,2944,351,1480.0,False,Creator 721,DE,creator721@mail.example,gaming
CR00721,youtube,@creator721_youtube,765413,53422,859430,54406,635,2717,,False,Creator 721,DE,creator721@mail.example,gaming
CR00721,instagram,@creator721_instagram,77697,7390,86440,6364,216,543,175.0,False,Creator 721,DE,creator721@mail.example,gaming
CR00722,instagram,@creator722_instagram,85788,11510,20600,435,51,3,6.0,False,Creator 722,FR,creator722@mail.example,comedy
CR00722,youtube,@creator722_youtube,178456,30716,239038,18950,320,333,,False,Creator 722,FR,creator722@mail.example,comedy
CR00722,tiktok,@creator722_tiktok,108967,5325,178857,6850,13,982,728.0,False,Creator 722,FR,creator722@mail.example,comedy
CR00723,tiktok,@creator723_tiktok,15387,1988,267787,8639,0,172,1099.0,False,Creator 723,IN,creator723@mail.example,gaming
CR00724,instagram,@creator724_instagram,69488,5043,85215,5785,137,816,227.0,True,Creator 724,US,creator724@mail.example,gaming
CR00724,youtube,@creator724_youtube,449729,-9939,219528,13078,145,0,,False,Creator 724,US,creator724@mail.example,gaming
CR00724,tiktok,@creator724_tiktok,75070,-4093,207988,14999,520,532,2358.0,False,Creator 724,US,creator724@mail.example,gaming
CR00725,instagram,@creator725_instagram,310666,2934,100202,6495,955,1348,95.0,False,Creator 725,IN,creator725@mail.example,tech
CR00725,youtube,@creator725_youtube,16313,1773,21609,440,12,6,,False,Creator 725,IN,creator725@mail.example,tech
CR00725,tiktok,@creator725_tiktok,11935,-1366,7787,260,2,0,26.0,False,Creator 725,IN,creator725@mail.example,tech
CR00726,instagram,@creator726_instagram,92156,6303,54719,3581,25,31,0.0,False,Creator 726,GB,creator726@mail.example,comedy
CR00726,youtube,@creator726_youtube,37682,854,61020,2269,64,0,,False,Creator 726,GB,creator726@mail.example,comedy
CR00726,tiktok,@creator726_tiktok,56927,2607,286614,14332,1214,4207,1.0,False,Creator 726,GB,creator726@mail.example,comedy
CR00727,instagram,@creator727_instagram,25262,4257,52337,2586,521,207,431.0,False,Creator 727,US,creator727@mail.example,education
CR00727,tiktok,@creator727_tiktok,132018,10540,407441,25518,110,250,0.0,False,Creator 727,US,creator727@mail.example,education
CR00727,youtube,@creator727_youtube,31169,4092,34716,2307,678,59,,False,Creator 727,US,creator727@mail.example,education
CR00728,youtube,@creator728_youtube,161692,22346,87200,3145,211,148,,False,Creator 728,IN,creator728@mail.example,gaming
CR00728,tiktok,@creator728_tiktok,57716,6718,104492,4871,555,31,16.0,False,Creator 728,IN,creator728@mail.example,gaming
CR00728,instagram,@creator728_instagram,115438,8118,35768,3138,25,422,15.0,False,Creator 728,IN,creator728@mail.example,gaming
CR00729,instagram,@creator729_instagram,19338,551,1667,115,0,0,4.0,False,Creator 729,CA,creator729@mail.example,beauty
CR00729,youtube,@creator729_youtube,189384,6721,119345,12136,306,464,,False,Creator 729,CA,creator729@mail.example,beauty
CR00729,tiktok,@creator729_tiktok,414286,10308,2609501,167089,11551,1762,9119.0,False,Creator 729,CA,creator729@mail.example,beauty
CR00730,instagram,@creator730_instagram,4422,144,2664,126,7,27,0.0,False,Creator 730,BR,creator730@mail.example,fitness
CR00730,youtube,@creator730_youtube,97210,11830,51145,3132,117,135,,False,Creator 730,BR,creator730@mail.example,fitness
CR00730,tiktok,@creator730_tiktok,110257,12657,558127,35169,10441,344,909.0,False,Creator 730,BR,creator730@mail.example,fitness
CR00731,youtube,@creator731_youtube,69980,-4729,113870,2905,15,336,,False,Creator 731,IN,creator731@mail.example,travel
CR00731,tiktok,@creator731_tiktok,69793,10963,247223,8743,533,0,1328.0,False,Creator 731,IN,creator731@mail.example,travel
CR00732,tiktok,@creator732_tiktok,59937,5987,246385,8297,270,169,180.0,False,Creator 732,FR,creator732@mail.example,gaming
CR00732,youtube,@creator732_youtube,13283,49,32991,3109,42,0,,False,Creator 732,FR,creator732@mail.example,gaming
CR00732,instagram,@creator732_instagram,7492,879,3115,201,0,0,25.0,True,Creator 732,FR,creator732@mail.example,gaming
CR00733,tiktok,@creator733_tiktok,67978,8515,233332,16994,1102,1084,725.0,False,Creator 733,MX,creator733@mail.example,food
CR00733,instagram,@creator733_instagram,76899,1757,10867,670,0,13,0.0,False,Creator 733,MX,creator733@mail.example,food
CR00733,youtube,@creator733_youtube,8183,670,12510,1044,68,39,,False,Creator 733,MX,creator733@mail.example,food
CR00734,youtube,@creator734_youtube,101085,8410,287042,9722,5525,1375,,False,Creator 734,DE,creator734@mail.example,tech
CR00734,instagram,@creator734_instagram,9763,539,1991,94,4,4,9.0,False,Creator 734,DE,creator734@mail.example,tech
CR00735,tiktok,@creator735_tiktok,224340,35095,461832,30272,1808,2151,3283.0,False,Creator 735,BR,creator735@mail.example,finance
CR00735,youtube,@creator735_youtube,2908,208,2458,80,14,24,,False,Creator 735,BR,creator735@mail.example,finance
CR00735,instagram,@creator735_instagram,2831,264,2942,205,6,0,5.0,False,Creator 735,BR,creator735@mail.example,finance
CR00736,instagram,@creator736_instagram,231002,14853,84431,3443,39,296,364.0,False,Creator 736,DE,creator736@mail.example,finance
CR00736,tiktok,@creator736_tiktok,17738,1786,56937,2679,69,261,146.0,False,Creator 736,DE,creator736@mail.example,finance
CR00737,youtube,@creator737_youtube,6756,891,9383,289,47,48,,False,Creator 737,FR,creator737@mail.example,education
CR00737,instagram,@creator737_instagram,76654,5125,33501,1673,102,0,20.0,False,Creator 737,FR,creator737@mail.example,education
CR00738,instagram,@creator738_instagram,636666,15155,230358,15384,404,585,3730.0,False,Creator 738,US,creator738@mail.example,beauty
CR00739,instagram,@creator739_instagram,1695724,171224,686451,19469,381,660,748.0,False,Creator 739,FR,creator739@mail.example,education
CR00739,tiktok,@creator739_tiktok,48872,8204,83634,3020,0,238,375.0,False,Creator 739,FR,creator739@mail.example,education
CR00739,youtube,@creator739_youtube,18552,2786,28440,1408,14,277,,False,Creator 739,FR,creator739@mail.example,education
CR00740,youtube,@creator740_youtube,68241,3002,63237,1824,2,102,,False,Creator 740,MX,creator740@mail.example,travel
CR00740,instagram,@creator740_instagram,143068,3520,47914,3367,170,69,52.0,False,Creator 740,MX,creator740@mail.example,travel
CR00741,instagram,@creator741_instagram,22689,4783,22522,729,46,0,8.0,False,Creator 741,MX,creator741@mail.example,travel
CR00741,youtube,@creator741_youtube,318442,-6051,111410,3044,99,851,,False,Creator 741,MX,creator741@mail.example,travel
CR00742,tiktok,@creator742_tiktok,10699,1513,13203,268,31,1,23.0,False,Creator 742,BR,creator742@mail.example,tech
CR00743,instagram,@creator743_instagram,81924,8618,33751,1695,299,44,223.0,False,Creator 743,GB,creator743@mail.example,music
CR00743,tiktok,@creator743_tiktok,124523,-1762,374559,10395,493,3024,1391.0,False,Creator 743,GB,creator743@mail.example,music
CR00744,tiktok,@creator744_tiktok,35241,3704,203847,8519,976,14,827.0,False,Creator 744,US,creator744@mail.example,beauty
CR00744,instagram,@creator744_instagram,158149,29552,101602,3817,17,51,6.0,False,Creator 744,US,creator744@mail.example,beauty
CR00745,instagram,@creator745_instagram,19927,2226,12663,616,68,165,86.0,False,Creator 745,FR,creator745@mail.example,travel
CR00745,tiktok,@creator745_tiktok,32050,2123,51418,1237,47,0,45.0,False,Creator 745,FR,creator745@mail.example,travel
CR00745,youtube,@creator745_youtube,284841,27068,67106,5459,95,37,,False,Creator 745,FR,creator745@mail.example,travel
CR00746,instagram,@creator746_instagram,4598,172,1639,34,0,1,2.0,False,Creator 746,JP,creator746@mail.example,education
CR00746,youtube,@creator746_youtube,60997,442,116024,9972,1272,1226,,False,Creator 746,JP,creator746@mail.example,education
CR00746,tiktok,@creator746_tiktok,46945,4078,149662,7076,0,1196,308.0,False,Creator 746,JP,creator746@mail.example,education
CR00747,instagram,@creator747_instagram,602159,38109,465600,8982,211,39,547.0,False,Creator 747,KR,creator747@mail.example,music
CR00747,tiktok,@creator747_tiktok,22840,516,99484,3032,367,120,55.0,False,Creator 747,KR,creator747@mail.example,music
CR00747,youtube,@creator747_youtube,14237,861,46431,3285,338,245,,False,Creator 747,KR,creator747@mail.example,music
CR00748,youtube,@creator748_youtube,40844,1864,21316,1150,109,26,,False,Creator 748,CA,creator748@mail.example,fitness
CR00748,tiktok,@creator748_tiktok,185084,8143,1412796,80164,2940,1944,7395.0,False,Creator 748,CA,creator748@mail.example,fitness
CR00749,instagram,@creator749_instagram,1131285,155324,379350,9981,35,4,3.0,False,Creator 749,IN,creator749@mail.example,education
CR00749,youtube,@creator749_youtube,33330,2897,40927,1821,150,44,,False,Creator 749,IN,creator749@mail.example,education
CR00750,instagram,@creator750_instagram,13858,1833,16274,443,47,85,8.0,False,Creator 750,JP,creator750@mail.example,food
CR00750,tiktok,@creator750_tiktok,77363,7252,167089,4883,4,60,1224.0,False,Creator 750,JP,creator750@mail.example,food
CR00751,tiktok,@creator751_tiktok,183106,-5831,294732,16738,2006,557,738.0,False,Creator 751,US,creator751@mail.example,fitness
CR00751,instagram,@creator751_instagram,6205,491,3824,143,0,0,6.0,False,Creator 751,US,creator751@mail.example,fitness
CR00751,youtube,@creator751_youtube,399660,39090,990690,65594,0,2589,,False,Creator 751,US,creator751@mail.example,fitness
CR00752,tiktok,@creator752_tiktok,26529,2226,143300,6637,1044,1293,342.0,False,Creator 752,MX,creator752@mail.example,gaming
CR00752,instagram,@creator752_instagram,189561,13083,63206,2888,181,194,58.0,True,Creator 752,MX,creator752@mail.example,gaming
CR00752,youtube,@creator752_youtube,18910,974,99978,6440,135,0,,False,Creator 752,MX,creator752@mail.example,gaming
CR00753,youtube,@creator753_youtube,276909,-39781,282442,4555,305,605,,False,Creator 753,CA,creator753@mail.example,education
CR00753,instagram,@creator753_instagram,217386,29253,86284,4535,340,696,453.0,False,Creator 753,CA,creator753@mail.example,education
CR00753,tiktok,@creator753_tiktok,25104,340,81667,5874,1376,12,62.0,False,Creator 753,CA,creator753@mail.example,education
CR00754,tiktok,@creator754_tiktok,2192257,130055,2818991,191462,433,2452,6705.0,False,Creator 754,CA,creator754@mail.example,food
CR00754,youtube,@creator754_youtube,22687,714,19887,894,31,87,,False,Creator 754,CA,creator754@mail.example,food
CR00754,instagram,@creator754_instagram,14331,2598,10465,505,66,11,1.0,True,Creator 754,CA,creator754@mail.example,food
CR00755,instagram,@creator755_instagram,5415,262,2654,119,0,6,7.0,True,Creator 755,JP,creator755@mail.example,gaming
CR00755,youtube,@creator755_youtube,49061,6327,20716,1671,6,102,,False,Creator 755,JP,creator755@mail.example,gaming
CR00755,tiktok,@creator755_tiktok,5907,673,133266,9571,2213,0,205.0,False,Creator 755,JP,creator755@mail.example,gaming
CR00756,youtube,@creator756_youtube,367140,39464,986436,47230,100,7,,False,Creator 756,FR,creator756@mail.example,fitness
CR00756,tiktok,@creator756_tiktok,29142,988,35665,2660,61,0,11.0,False,Creator 756,FR,creator756@mail.example,fitness
CR00757,tiktok,@creator757_tiktok,4043,252,12348,225,39,29,36.0,False,Creator 757,DE,creator757@mail.example,food
CR00757,instagram,@creator757_instagram,171362,6208,74550,2581,266,464,312.0,False,Creator 757,DE,creator757@mail.example,food
CR00757,youtube,@creator757_youtube,5472,276,4664,225,90,54,,False,Creator 757,DE,creator757@mail.example,food
CR00758,instagram,@creator758_instagram,7033,873,6556,203,6,23,42.0,False,Creator 758,IN,creator758@mail.example,beauty
CR00758,tiktok,@creator758_tiktok,191928,25728,816993,48967,8798,4064,1309.0,False,Creator 758,IN,creator758@mail.example,beauty
CR00759,instagram,@creator759_instagram,19838,2466,15067,833,102,170,110.0,True,Creator 759,IN,creator759@mail.example,finance
CR00759,youtube,@creator759_youtube,7470,845,7393,412,10,11,,False,Creator 759,IN,creator759@mail.example,finance
CR00759,tiktok,@creator759_tiktok,79740,3623,277269,13045,862,564,1667.0,False,Creator 759,IN,creator759@mail.example,finance
CR00760,tiktok,@creator760_tiktok,117338,9217,325007,24067,4102,938,57.0,False,Creator 760,IN,creator760@mail.example,travel
CR00760,instagram,@creator760_instagram,20814,2906,11224,525,1,29,27.0,False,Creator 760,IN,creator760@mail.example,travel
CR00760,youtube,@creator760_youtube,352131,24812,1004607,24914,638,3,,False,Creator 760,IN,creator760@mail.example,travel
CR00761,instagram,@creator761_instagram,3203,279,402,14,0,1,6.0,False,Creator 761,IN,creator761@mail.example,fitness
CR00761,youtube,@creator761_youtube,18649,2171,10959,776,6,22,,False,Creator 761,IN,creator761@mail.example,fitness
CR00762,tiktok,@creator762_tiktok,92971,15010,293807,16872,141,1813,33.0,False,Creator 762,FR,creator762@mail.example,education
CR00762,youtube,@creator762_youtube,474323,49022,1917884,141281,6041,211,,False,Creator 762,FR,creator762@mail.example,education
CR00763,youtube,@creator763_youtube,160438,7186,521260,11881,383,65,,False,Creator 763,BR,creator763@mail.example,beauty
CR00764,tiktok,@creator764_tiktok,191139,14868,201341,13634,691,5,649.0,False,Creator 764,IN,creator764@mail.example,music
CR00764,instagram,@creator764_instagram,34995,-419,88763,1822,44,41,22.0,True,Creator 764,IN,creator764@mail.example,music
CR00764,youtube,@creator764_youtube,265838,3758,244514,9651,922,700,,False,Creator 764,IN,creator764@mail.example,music
CR00765,youtube,@creator765_youtube,11973,79,26400,689,34,0,,False,Creator 765,JP,creator765@mail.example,gaming
CR00765,instagram,@creator765_instagram,79033,6473,36729,1864,75,33,222.0,False,Creator 765,JP,creator765@mail.example,gaming
CR00766,youtube,@creator766_youtube,392315,53873,588586,24276,1753,990,,False,Creator 766,MX,creator766@mail.example,beauty
CR00766,instagram,@creator766_instagram,97233,7350,98498,5624,589,320,704.0,True,Creator 766,MX,creator766@mail.example,beauty
CR00766,tiktok,@creator766_tiktok,170420,16649,470428,27780,1857,8527,3574.0,False,Creator 766,MX,creator766@mail.example,beauty
CR00767,instagram,@creator767_instagram,214359,31863,52871,1922,79,8,164.0,False,Creator 767,FR,creator767@mail.example,education
CR00767,youtube,@creator767_youtube,85364,10524,171042,11670,812,144,,False,Creator 767,FR,creator767@mail.example,education
CR00768,tiktok,@creator768_tiktok,110730,14232,104545,5637,517,1719,542.0,False,Creator 768,GB,creator768@mail.example,travel
CR00768,instagram,@creator768_instagram,16780,1205,8364,224,0,13,35.0,False,Creator 768,GB,creator768@mail.example,travel
CR00768,youtube,@creator768_youtube,73791,13553,297337,14254,0,465,,False,Creator 768,GB,creator768@mail.example,travel
CR00769,instagram,@creator769_instagram,22232,618,35434,1249,123,40,45.0,False,Creator 769,CA,creator769@mail.example,travel
CR00769,tiktok,@creator769_tiktok,4697,768,109204,2395,329,82,348.0,False,Creator 769,CA,creator769@mail.example,travel
CR00769,youtube,@creator769_youtube,175027,-10124,100231,6080,2386,0,,False,Creator 769,CA,creator769@mail.example,travel
CR00770,youtube,@creator770_youtube,360094,-8894,1192737,93116,8312,2526,,False,Creator 770,CA,creator770@mail.example,food
CR00771,instagram,@creator771_instagram,95010,5251,69455,2631,544,44,47.0,False,Creator 771,GB,creator771@mail.example,education
CR00771,youtube,@creator771_youtube,464478,50367,172600,7664,1895,709,,False,Creator 771,GB,creator771@mail.example,education
CR00771,tiktok,@creator771_tiktok,58536,3588,119992,2071,269,7,174.0,False,Creator 771,GB,creator771@mail.example,education
CR00772,tiktok,@creator772_tiktok,34887,3196,84430,3055,123,2,362.0,False,Creator 772,BR,creator772@mail.example,beauty
CR00773,instagram,@creator773_instagram,13123,1829,3735,272,15,14,1.0,True,Creator 773,MX,creator773@mail.example,travel
CR00774,tiktok,@creator774_tiktok,43592,6351,27824,823,62,73,99.0,False,Creator 774,JP,creator774@mail.example,fitness
CR00775,tiktok,@creator775_tiktok,1496,117,4381,234,33,15,0.0,False,Creator 775,MX,creator775@mail.example,travel
CR00776,tiktok,@creator776_tiktok,38851,1137,22237,727,33,0,23.0,False,Creator 776,BR,creator776@mail.example,food
CR00776,youtube,@creator776_youtube,26545,2158,16749,1447,11,11,,False,Creator 776,BR,creator776@mail.example,food
CR00776,instagram,@creator776_instagram,11421,1139,5237,80,7,15,8.0,False,Creator 776,BR,creator776@mail.example,food
CR00777,youtube,@creator777_youtube,38584,3832,118317,5816,385,370,,False,Creator 777,JP,creator777@mail.example,gaming
CR00777,tiktok,@creator777_tiktok,106542,7819,1131013,43802,2,2322,967.0,False,Creator 777,JP,creator777@mail.example,gaming
CR00778,tiktok,@creator778_tiktok,36522,-1395,28155,1692,191,201,111.0,False,Creator 778,DE,creator778@mail.example,fitness
CR00779,youtube,@creator779_youtube,28630,1444,111741,3437,494,112,,False,Creator 779,JP,creator779@mail.example,education
CR00779,instagram,@creator779_instagram,169430,20109,60124,1867,27,39,383.0,False,Creator 779,JP,creator779@mail.example,education
CR00779,tiktok,@creator779_tiktok,30049,3963,177910,3920,339,3,729.0,False,Creator 779,JP,creator779@mail.example,education
CR00780,instagram,@creator780_instagram,6344,621,7447,247,39,0,15.0,False,Creator 780,FR,creator780@mail.example,comedy
CR00781,instagram,@creator781_instagram,11969,714,7178,698,12,0,0.0,False,Creator 781,CA,creator781@mail.example,fitness
CR00781,youtube,@creator781_youtube,28735,3485,39181,2884,11,0,,False,Creator 781,CA,creator781@mail.example,fitness
CR00781,tiktok,@creator781_tiktok,129073,8964,695338,54012,11951,23,2063.0,False,Creator 781,CA,creator781@mail.example,fitness
CR00782,youtube,@creator782_youtube,372480,46616,250455,18277,1317,1200,,False,Creator 782,MX,creator782@mail.example,education
CR00782,tiktok,@creator782_tiktok,43599,3328,65908,713,319,54,3.0,False,Creator 782,MX,creator782@mail.example,education
CR00782,instagram,@creator782_instagram,122620,2342,279554,13873,2817,135,61.0,False,Creator 782,MX,creator782@mail.example,education
CR00783,youtube,@creator783_youtube,17526,3018,11497,543,0,6,,False,Creator 783,BR,creator783@mail.example,fitness
CR00783,tiktok,@creator783_tiktok,161087,5661,444629,17054,5559,36,1546.0,False,Creator 783,BR,creator783@mail.example,fitness
CR00784,tiktok,@creator784_tiktok,18385,1031,16408,347,26,18,5.0,False,Creator 784,BR,creator784@mail.example,tech
CR00784,youtube,@creator784_youtube,699570,-15083,327180,12464,3501,450,,False,Creator 784,BR,creator784@mail.example,tech
CR00784,instagram,@creator784_instagram,3963,-76,1666,40,7,0,6.0,False,Creator 784,BR,creator784@mail.example,tech
CR00785,youtube,@creator785_youtube,48060,-1416,80654,5282,780,0,,False,Creator 785,GB,creator785@mail.example,music
CR00785,instagram,@creator785_instagram,27201,5166,8862,247,6,76,0.0,False,Creator 785,GB,creator785@mail.example,music
CR00786,youtube,@creator786_youtube,6380,741,9189,210,0,29,,False,Creator 786,CA,creator786@mail.example,music
CR00786,tiktok,@creator786_tiktok,88785,-1170,381245,11014,0,1197,33.0,False,Creator 786,CA,creator786@mail.example,music
CR00786,instagram,@creator786_instagram,45563,9589,41837,608,35,228,29.0,False,Creator 786,CA,creator786@mail.example,music
CR00787,youtube,@creator787_youtube,8784,651,9310,680,30,5,,False,Creator 787,DE,creator787@mail.example,food
CR00787,instagram,@creator787_instagram,634800,56261,772224,53988,11019,1750,8791.0,False,Creator 787,DE,creator787@mail.example,food
CR00787,tiktok,@creator787_tiktok,83125,6578,455042,15029,1034,28,1165.0,False,Creator 787,DE,creator787@mail.example,food
CR00788,youtube,@creator788_youtube,54012,-2028,125371,8655,65,1147,,False,Creator 788,MX,creator788@mail.example,fitness
CR00788,tiktok,@creator788_tiktok,721475,-12333,1315875,40932,4213,5967,3270.0,False,Creator 788,MX,creator788@mail.example,fitness
CR00789,youtube,@creator789_youtube,16598,3299,56552,4372,208,1182,,False,Creator 789,GB,creator789@mail.example,gaming
CR00789,instagram,@creator789_instagram,3058,371,5658,385,18,22,57.0,False,Creator 789,GB,creator789@mail.example,gaming
CR00789,tiktok,@creator789_tiktok,93872,5928,409897,18821,0,734,587.0,False,Creator 789,GB,creator789@mail.example,gaming
CR00790,tiktok,@creator790_tiktok,3774168,79756,20798396,1631078,68337,197,53886.0,False,Creator 790,DE,creator790@mail.example,tech
CR00790,instagram,@creator790_instagram,432385,52040,358043,10328,1486,77,806.0,False,Creator 790,DE,creator790@mail.example,tech
CR00791,youtube,@creator791_youtube,12840,1159,11531,592,98,1,,False,Creator 791,BR,creator791@mail.example,finance
CR00791,tiktok,@creator791_tiktok,14454,901,228940,10091,3796,0,433.0,False,Creator 791,BR,creator791@mail.example,finance
CR00791,instagram,@creator791_instagram,19236,1039,18031,579,183,0,42.0,False,Creator 791,BR,creator791@mail.example,finance
CR00792,youtube,@creator792_youtube,77585,5863,79570,4007,339,274,,False,Creator 792,DE,creator792@mail.example,tech
CR00792,instagram,@creator792_instagram,141224,-6621,69242,3924,596,0,489.0,False,Creator 792,DE,creator792@mail.example,tech
CR00793,tiktok,@creator793_tiktok,20157,406,52535,1917,175,327,240.0,False,Creator 793,IN,creator793@mail.example,travel
CR00793,youtube,@creator793_youtube,18020,1699,16572,346,17,176,,False,Creator 793,IN,creator793@mail.example,travel
CR00794,instagram,@creator794_instagram,179906,13352,53620,3170,934,156,117.0,False,Creator 794,KR,creator794@mail.example,fitness
CR00795,tiktok,@creator795_tiktok,137340,22234,248905,15234,1562,3541,736.0,False,Creator 795,BR,creator795@mail.example,tech
CR00795,youtube,@creator795_youtube,234949,23574,142121,8109,3837,42,,False,Creator 795,BR,creator795@mail.example,tech
CR00795,instagram,@creator795_instagram,76223,3983,55208,1567,174,120,128.0,False,Creator 795,BR,creator795@mail.example,tech
CR00796,youtube,@creator796_youtube,87683,14328,76994,3873,271,0,,False,Creator 796,US,creator796@mail.example,education
CR00797,instagram,@creator797_instagram,36196,-150,64358,5514,41,123,9.0,False,Creator 797,FR,creator797@mail.example,beauty
CR00798,youtube,@creator798_youtube,157895,-278,397176,7842,869,0,,False,Creator 798,FR,creator798@mail.example,travel
CR00799,tiktok,@creator799_tiktok,398562,30023,1429866,42954,2148,0,185.0,False,Creator 799,FR,creator799@mail.example,education
CR00799,instagram,@creator799_instagram,265790,25806,188469,9989,663,368,284.0,False,Creator 799,FR,creator799@mail.example,education
CR00799,youtube,@creator799_youtube,161857,20589,290682,10680,1026,423,,False,Creator 799,FR,creator799@mail.example,education
CR00800,instagram,@creator800_instagram,9253,1685,5914,353,41,54,0.0,False,Creator 800,MX,creator800@mail.example,education
CR00800,youtube,@creator800_youtube,71257,8709,23629,1777,47,485,,False,Creator 800,MX,creator800@mail.example,education
CR00801,instagram,@creator801_instagram,155912,18143,46030,1309,28,3,46.0,False,Creator 801,BR,creator801@mail.example,beauty
CR00801,youtube,@creator801_youtube,26937,-2092,48863,2265,132,18,,False,Creator 801,BR,creator801@mail.example,beauty
CR00802,tiktok,@creator802_tiktok,15222,484,24939,548,59,2,40.0,False,Creator 802,FR,creator802@mail.example,fitness
CR00802,youtube,@creator802_youtube,44905,7800,48492,2310,44,68,,False,Creator 802,FR,creator802@mail.example,fitness
CR00803,tiktok,@creator803_tiktok,335948,40777,394367,13156,856,46,4536.0,False,Creator 803,IN,creator803@mail.example,comedy
CR00803,youtube,@creator803_youtube,125911,15166,359028,26543,2702,23,,False,Creator 803,IN,creator803@mail.example,comedy
CR00803,instagram,@creator803_instagram,1618,298,515,27,8,8,2.0,False,Creator 803,IN,creator803@mail.example,comedy
CR00804,tiktok,@creator804_tiktok,10961,1472,38782,2370,579,63,0.0,False,Creator 804,DE,creator804@mail.example,gaming
CR00805,tiktok,@creator805_tiktok,28223,3894,125886,7576,213,351,870.0,False,Creator 805,US,creator805@mail.example,food
CR00806,youtube,@creator806_youtube,65356,-699,77773,4100,181,0,,False,Creator 806,JP,creator806@mail.example,comedy
CR00806,instagram,@creator806_instagram,25151,5150,34311,995,9,8,0.0,False,Creator 806,JP,creator806@mail.example,comedy
CR00807,instagram,@creator807_instagram,48276,3266,57353,4933,606,287,189.0,False,Creator 807,IN,creator807@mail.example,education
CR00808,instagram,@creator808_instagram,195347,26368,159500,5986,551,531,1.0,False,Creator 808,KR,creator808@mail.example,tech
CR00808,tiktok,@creator808_tiktok,191758,28563,257062,11950,950,487,635.0,False,Creator 808,KR,creator808@mail.example,tech
CR00808,youtube,@creator808_youtube,155732,4883,241091,6461,293,639,,False,Creator 808,KR,creator808@mail.example,tech
CR00809,instagram,@creator809_instagram,49751,5060,7602,160,63,0,1.0,False,Creator 809,DE,creator809@mail.example,beauty
CR00809,youtube,@creator809_youtube,19421,2235,32737,624,31,31,,False,Creator 809,DE,creator809@mail.example,beauty
CR00809,tiktok,@creator809_tiktok,19043,1010,36242,1415,90,31,2.0,False,Creator 809,DE,creator809@mail.example,beauty
CR00810,tiktok,@creator810_tiktok,58654,-447,496877,26279,990,826,7649.0,False,Creator 810,CA,creator810@mail.example,tech
CR00810,instagram,@creator810_instagram,20229,3225,23213,1009,160,69,6.0,False,Creator 810,CA,creator810@mail.example,tech
CR00810,youtube,@creator810_youtube,27175,-826,23642,1055,107,0,,False,Creator 810,CA,creator810@mail.example,tech
CR00811,youtube,@creator811_youtube,28410,372,97089,5888,267,201,,False,Creator 811,MX,creator811@mail.example,food
CR00811,instagram,@creator811_instagram,130526,25376,99342,7042,1871,557,1281.0,False,Creator 811,MX,creator811@mail.example,food
CR00811,tiktok,@creator811_tiktok,33531,336,349725,6464,1365,1301,289.0,False,Creator 811,MX,creator811@mail.example,food
CR00812,tiktok,@creator812_tiktok,112783,9763,453468,15905,20,4,113.0,False,Creator 812,MX,creator812@mail.example,travel
CR00812,youtube,@creator812_youtube,15231,2508,6989,129,14,22,,False,Creator 812,MX,creator812@mail.example,travel
CR00813,instagram,@creator813_instagram,34197,1876,18541,906,12,0,36.0,False,Creator 813,BR,creator813@mail.example,music
CR00813,youtube,@creator813_youtube,41524,2302,30263,1674,48,129,,False,Creator 813,BR,creator813@mail.example,music
CR00813,tiktok,@creator813_tiktok,352861,10811,1749080,31419,9073,2344,661.0,False,Creator 813,BR,creator813@mail.example,music
CR00814,youtube,@creator814_youtube,12895,807,17129,1122,9,19,,False,Creator 814,GB,creator814@mail.example,tech
CR00814,tiktok,@creator814_tiktok,37568,1945,144145,9110,11,209,414.0,False,Creator 814,GB,creator814@mail.example,tech
CR00815,youtube,@creator815_youtube,12907,1510,18864,597,58,12,,False,Creator 815,IN,creator815@mail.example,food
CR00815,instagram,@creator815_instagram,45703,7860,20350,621,32,4,11.0,False,Creator 815,IN,creator815@mail.example,food
CR00816,youtube,@creator816_youtube,42840,482,22917,931,102,92,,False,Creator 816,BR,creator816@mail.example,food
CR00817,tiktok,@creator817_tiktok,15966,1076,38009,921,34,28,10.0,False,Creator 817,FR,creator817@mail.example,beauty
CR00817,youtube,@creator817_youtube,331572,35804,331788,14267,2,260,,False,Creator 817,FR,creator817@mail.example,beauty
CR00817,instagram,@creator817_instagram,19846,1554,9638,611,0,32,0.0,False,Creator 817,FR,creator817@mail.example,beauty
CR00818,youtube,@creator818_youtube,11647,1964,5375,312,10,14,,False,Creator 818,FR,creator818@mail.example,music
CR00819,instagram,@creator819_instagram,51905,6186,11900,1249,0,0,29.0,False,Creator 819,JP,creator819@mail.example,tech
CR00819,youtube,@creator819_youtube,74096,3997,49925,1472,314,903,,False,Creator 819,JP,creator819@mail.example,tech
CR00820,youtube,@creator820_youtube,134146,8741,142513,7426,259,99,,False,Creator 820,FR,creator820@mail.example,music
CR00820,tiktok,@creator820_tiktok,741,59,3391,307,0,4,1.0,False,Creator 820,FR,creator820@mail.example,music
CR00820,instagram,@creator820_instagram,99198,18323,58451,3859,683,98,149.0,False,Creator 820,FR,creator820@mail.example,music
CR00821,tiktok,@creator821_tiktok,22723,424,86600,6803,746,0,233.0,False,Creator 821,IN,creator821@mail.example,fitness
CR00822,youtube,@creator822_youtube,749,124,1211,44,0,6,,False,Creator 822,US,creator822@mail.example,gaming
CR00822,tiktok,@creator822_tiktok,37971,4056,108417,9268,38,369,377.0,False,Creator 822,US,creator822@mail.example,gaming
CR00822,instagram,@creator822_instagram,89556,10546,24985,1979,156,63,55.0,False,Creator 822,US,creator822@mail.example,gaming
CR00823,youtube,@creator823_youtube,37478,1437,53530,3785,6,1,,False,Creator 823,CA,creator823@mail.example,tech
CR00823,instagram,@creator823_instagram,47117,5491,5399,103,0,1,14.0,True,Creator 823,CA,creator823@mail.example,tech
CR00823,tiktok,@creator823_tiktok,121418,-5217,333563,14390,74,2116,1572.0,False,Creator 823,CA,creator823@mail.example,tech
CR00824,tiktok,@creator824_tiktok,36771,3338,222276,18823,268,1552,171.0,False,Creator 824,US,creator824@mail.example,fitness
CR00825,tiktok,@creator825_tiktok,8576,820,15500,842,80,6,0.0,False,Creator 825,FR,creator825@mail.example,gaming
CR00826,tiktok,@creator826_tiktok,11048,862,42995,702,12,14,67.0,False,Creator 826,JP,creator826@mail.example,education
CR00826,youtube,@creator826_youtube,36870,5287,45509,2914,270,64,,False,Creator 826,JP,creator826@mail.example,education
CR00826,instagram,@creator826_instagram,45915,6713,15867,348,61,23,65.0,False,Creator 826,JP,creator826@mail.example,education
CR00827,youtube,@creator827_youtube,889300,93283,619356,28618,1547,2351,,False,Creator 827,KR,creator827@mail.example,comedy
CR00828,instagram,@creator828_instagram,968,55,1292,52,1,0,0.0,False,Creator 828,JP,creator828@mail.example,travel
CR00828,tiktok,@creator828_tiktok,117154,2180,770245,47788,2810,1234,2381.0,False,Creator 828,JP,creator828@mail.example,travel
CR00828,youtube,@creator828_youtube,2287,339,2278,139,9,0,,False,Creator 828,JP,creator828@mail.example,travel
CR00829,tiktok,@creator829_tiktok,293935,14841,1152221,66442,9606,116,6829.0,False,Creator 829,US,creator829@mail.example,comedy
CR00829,youtube,@creator829_youtube,10367,1396,18584,851,70,54,,False,Creator 829,US,creator829@mail.example,comedy
CR00830,youtube,@creator830_youtube,25683,3781,70993,2537,27,0,,False,Creator 830,GB,creator830@mail.example,fitness
CR00830,tiktok,@creator830_tiktok,150611,994,839260,62482,8147,3923,6334.0,False,Creator 830,GB,creator830@mail.example,fitness
CR00830,instagram,@creator830_instagram,86205,5381,54350,1262,56,19,0.0,False,Creator 830,GB,creator830@mail.example,fitness
CR00831,youtube,@creator831_youtube,46412,4642,25084,1788,131,34,,False,Creator 831,FR,creator831@mail.example,education
CR00831,tiktok,@creator831_tiktok,59203,2679,55825,2354,318,497,4.0,False,Creator 831,FR,creator831@mail.example,education
CR00831,instagram,@creator831_instagram,60849,7183,73189,4361,3,0,836.0,False,Creator 831,FR,creator831@mail.example,education
CR00832,youtube,@creator832_youtube,14804,2554,21186,1348,35,13,,False,Creator 832,MX,creator832@mail.example,gaming
CR00832,tiktok,@creator832_tiktok,45032,1129,184697,8753,1427,598,177.0,False,Creator 832,MX,creator832@mail.example,gaming
CR00832,instagram,@creator832_instagram,120891,15730,46325,3515,4,853,291.0,False,Creator 832,MX,creator832@mail.example,gaming
CR00833,tiktok,@creator833_tiktok,222405,34821,386853,21383,1493,62,1263.0,False,Creator 833,JP,creator833@mail.example,comedy
CR00833,instagram,@creator833_instagram,45594,7237,28433,1313,40,2,0.0,True,Creator 833,JP,creator833@mail.example,comedy
CR00833,youtube,@creator833_youtube,44228,-6066,97767,4829,726,461,,False,Creator 833,JP,creator833@mail.example,comedy
CR00834,instagram,@creator834_instagram,40330,4485,6044,340,37,35,37.0,False,Creator 834,JP,creator834@mail.example,tech
CR00834,tiktok,@creator834_tiktok,742871,73519,4398996,219607,3200,15331,813.0,False,Creator 834,JP,creator834@mail.example,tech
CR00834,youtube,@creator834_youtube,1004740,-62251,1624660,81352,3566,2733,,False,Creator 834,JP,creator834@mail.example,tech
CR00835,youtube,@creator835_youtube,63472,2823,66603,1576,2,15,,False,Creator 835,BR,creator835@mail.example,fitness
CR00835,tiktok,@creator835_tiktok,64234,-2164,562668,21279,2575,1351,443.0,False,Creator 835,BR,creator835@mail.example,fitness
CR00835,instagram,@creator835_instagram,864093,123281,359409,16248,209,115,1078.0,False,Creator 835,BR,creator835@mail.example,fitness
CR00836,youtube,@creator836_youtube,35524,4400,32716,1865,54,222,,False,Creator 836,GB,creator836@mail.example,travel
CR00836,tiktok,@creator836_tiktok,48652,5891,151888,1949,691,10,0.0,False,Creator 836,GB,creator836@mail.example,travel
CR00837,tiktok,@creator837_tiktok,321406,17923,666046,10659,168,0,1077.0,False,Creator 837,BR,creator837@mail.example,music
CR00838,instagram,@creator838_instagram,74578,-2892,45108,1813,16,120,48.0,False,Creator 838,CA,creator838@mail.example,gaming
CR00838,youtube,@creator838_youtube,93480,2154,83155,2452,89,35,,False,Creator 838,CA,creator838@mail.example,gaming
CR00838,tiktok,@creator838_tiktok,3819,491,25479,589,60,0,0.0,False,Creator 838,CA,creator838@mail.example,gaming
CR00839,youtube,@creator839_youtube,5041,-30,7577,336,76,43,,False,Creator 839,CA,creator839@mail.example,music
CR00839,tiktok,@creator839_tiktok,6061,1014,25181,1129,4,0,80.0,False,Creator 839,CA,creator839@mail.example,music
CR00839,instagram,@creator839_instagram,19593,252,10557,547,29,2,59.0,False,Creator 839,CA,creator839@mail.example,music
CR00840,instagram,@creator840_instagram,10243,1260,2598,124,0,45,0.0,True,Creator 840,MX,creator840@mail.example,food
CR00840,youtube,@creator840_youtube,177473,-4006,153409,8592,6,471,,False,Creator 840,MX,creator840@mail.example,food
CR00841,instagram,@creator841_instagram,97653,8181,33555,1605,174,58,565.0,False,Creator 841,GB,creator841@mail.example,tech
CR00842,instagram,@creator842_instagram,56455,5149,68060,3138,511,297,0.0,False,Creator 842,JP,creator842@mail.example,finance
CR00842,youtube,@creator842_youtube,40401,284,76939,4528,171,200,,False,Creator 842,JP,creator842@mail.example,finance
CR00842,tiktok,@creator842_tiktok,130499,18605,1568652,73193,2464,5882,2610.0,False,Creator 842,JP,creator842@mail.example,finance
CR00843,youtube,@creator843_youtube,265294,19867,312642,28819,841,149,,False,Creator 843,GB,creator843@mail.example,fitness
CR00843,tiktok,@creator843_tiktok,138319,21816,325206,6405,1560,359,179.0,False,Creator 843,GB,creator843@mail.example,fitness
CR00843,instagram,@creator843_instagram,136824,6229,17373,487,39,0,3.0,False,Creator 843,GB,creator843@mail.example,fitness
CR00844,youtube,@creator844_youtube,117097,15929,73542,3734,160,142,,False,Creator 844,MX,creator844@mail.example,fitness
CR00844,instagram,@creator844_instagram,246230,10304,46422,1078,209,127,183.0,False,Creator 844,MX,creator844@mail.example,fitness
CR00845,youtube,@creator845_youtube,512472,28581,1170430,68444,13115,8790,,False,Creator 845,US,creator845@mail.example,fitness
CR00845,instagram,@creator845_instagram,8234,487,1970,103,7,1,0.0,False,Creator 845,US,creator845@mail.example,fitness
CR00845,tiktok,@creator845_tiktok,33710,2901,105848,7994,1,295,0.0,False,Creator 845,US,creator845@mail.example,fitness
CR00846,instagram,@creator846_instagram,11326,1167,5712,294,1,6,0.0,False,Creator 846,US,creator846@mail.example,comedy
CR00846,tiktok,@creator846_tiktok,112314,11072,180329,14468,174,4015,2298.0,False,Creator 846,US,creator846@mail.example,comedy
CR00847,instagram,@creator847_instagram,64997,11032,63444,2938,311,211,76.0,True,Creator 847,CA,creator847@mail.example,food
CR00847,youtube,@creator847_youtube,190131,19019,139459,9480,1769,729,,False,Creator 847,CA,creator847@mail.example,food
CR00847,tiktok,@creator847_tiktok,11392,-58,100118,3575,125,0,111.0,False,Creator 847,CA,creator847@mail.example,food
CR00848,youtube,@creator848_youtube,210548,10154,220327,16110,33,0,,False,Creator 848,BR,creator848@mail.example,fitness
CR00848,instagram,@creator848_instagram,6595,661,3466,202,13,0,14.0,False,Creator 848,BR,creator848@mail.example,fitness
CR00848,tiktok,@creator848_tiktok,120706,12669,1413422,75126,6612,1466,3644.0,False,Creator 848,BR,creator848@mail.example,fitness
CR00849,youtube,@creator849_youtube,66550,4033,24685,922,110,21,,False,Creator 849,KR,creator849@mail.example,food
CR00850,youtube,@creator850_youtube,21380,1714,15517,534,82,0,,False,Creator 850,US,creator850@mail.example,finance
CR00851,tiktok,@creator851_tiktok,82926,9480,737914,48826,3153,2758,7544.0,False,Creator 851,IN,creator851@mail.example,beauty
CR00851,instagram,@creator851_instagram,24454,291,11530,361,19,38,60.0,False,Creator 851,IN,creator851@mail.example,beauty
CR00851,youtube,@creator851_youtube,70275,7671,99605,4142,46,226,,False,Creator 851,IN,creator851@mail.example,beauty
CR00852,instagram,@creator852_instagram,24850,1042,7798,420,18,0,48.0,False,Creator 852,CA,creator852@mail.example,beauty
CR00852,tiktok,@creator852_tiktok,404393,24252,3987406,211230,658,24108,14685.0,False,Creator 852,CA,creator852@mail.example,beauty
CR00852,youtube,@creator852_youtube,44409,7824,68645,3371,295,56,,False,Creator 852,CA,creator852@mail.example,beauty
CR00853,tiktok,@creator853_tiktok,1002,237,8587,240,91,115,3.0,False,Creator 853,IN,creator853@mail.example,finance
CR00854,instagram,@creator854_instagram,46080,6913,10896,606,6,34,54.0,True,Creator 854,MX,creator854@mail.example,education
CR00855,instagram,@creator855_instagram,6038,-173,1435,70,4,2,24.0,False,Creator 855,FR,creator855@mail.example,tech
CR00855,youtube,@creator855_youtube,23067,2142,13286,488,1,0,,False,Creator 855,FR,creator855@mail.example,tech
CR00855,tiktok,@creator855_tiktok,406098,51074,2447858,145962,183,5760,16188.0,False,Creator 855,FR,creator855@mail.example,tech
CR00856,youtube,@creator856_youtube,181277,15537,313284,8404,2629,0,,False,Creator 856,GB,creator856@mail.example,fitness
CR00856,instagram,@creator856_instagram,159157,10917,42132,1823,76,4,107.0,False,Creator 856,GB,creator856@mail.example,fitness
CR00857,tiktok,@creator857_tiktok,43431,2270,144301,6159,305,0,604.0,False,Creator 857,GB,creator857@mail.example,food
CR00857,youtube,@creator857_youtube,636,-6,139,6,0,0,,False,Creator 857,GB,creator857@mail.example,food
CR00857,instagram,@creator857_instagram,23141,2393,14751,783,80,153,30.0,False,Creator 857,GB,creator857@mail.example,food
CR00858,instagram,@creator858_instagram,14459,1981,14559,709,23,0,4.0,False,Creator 858,GB,creator858@mail.example,fitness
CR00858,tiktok,@creator858_tiktok,5684,-83,52276,3168,266,1,228.0,False,Creator 858,GB,creator858@mail.example,fitness
CR00858,youtube,@creator858_youtube,98742,9790,76976,3004,202,466,,False,Creator 858,GB,creator858@mail.example,fitness
CR00859,tiktok,@creator859_tiktok,36208,-162,159919,3674,256,216,250.0,False,Creator 859,IN,creator859@mail.example,finance
CR00859,instagram,@creator859_instagram,6271,682,3284,48,11,0,0.0,False,Creator 859,IN,creator859@mail.example,finance
CR00859,youtube,@creator859_youtube,23452,3018,38992,701,60,5,,False,Creator 859,IN,creator859@mail.example,finance
CR00860,tiktok,@creator860_tiktok,51284,6624,843495,25612,3874,1888,3485.0,False,Creator 860,MX,creator860@mail.example,food
CR00860,instagram,@creator860_instagram,245466,36462,204224,11390,203,925,0.0,False,Creator 860,MX,creator860@mail.example,food
CR00861,tiktok,@creator861_tiktok,10483,625,37260,2108,452,2,130.0,False,Creator 861,KR,creator861@mail.example,finance
CR00861,instagram,@creator861_instagram,32134,2061,32870,1589,49,95,95.0,False,Creator 861,KR,creator861@mail.example,finance
CR00862,instagram,@creator862_instagram,52685,-503,14445,199,39,11,20.0,True,Creator 862,BR,creator862@mail.example,tech
CR00862,youtube,@creator862_youtube,39594,-6595,46380,3759,0,0,,False,Creator 862,BR,creator862@mail.example,tech
CR00863,tiktok,@creator863_tiktok,40782,5071,63707,2701,171,50,116.0,False,Creator 863,FR,creator863@mail.example,food
CR00863,youtube,@creator863_youtube,82036,-2061,106654,3438,4,0,,False,Creator 863,FR,creator863@mail.example,food
CR00864,youtube,@creator864_youtube,59237,5477,24175,1419,32,5,,False,Creator 864,IN,creator864@mail.example,gaming
CR00864,tiktok,@creator864_tiktok,148704,8422,285443,25144,1210,0,2209.0,False,Creator 864,IN,creator864@mail.example,gaming
CR00864,instagram,@creator864_instagram,156982,13739,225979,12092,7787,0,14.0,False,Creator 864,IN,creator864@mail.example,gaming
CR00865,youtube,@creator865_youtube,3110,361,4492,400,44,10,,False,Creator 865,BR,creator865@mail.example,beauty
CR00865,tiktok,@creator865_tiktok,1558,33,3679,95,0,9,5.0,False,Creator 865,BR,creator865@mail.example,beauty
CR00865,instagram,@creator865_instagram,1230521,94311,315856,5855,429,0,976.0,False,Creator 865,BR,creator865@mail.example,beauty
CR00866,youtube,@creator866_youtube,53806,4903,56605,2314,8,16,,False,Creator 866,KR,creator866@mail.example,comedy
CR00866,tiktok,@creator866_tiktok,571498,-30428,3054353,143227,2097,9623,0.0,False,Creator 866,KR,creator866@mail.example,comedy
CR00867,instagram,@creator867_instagram,5478,197,1511,67,12,0,0.0,False,Creator 867,US,creator867@mail.example,music
CR00868,youtube,@creator868_youtube,2814,457,7191,219,2,0,,False,Creator 868,US,creator868@mail.example,gaming
CR00869,instagram,@creator869_instagram,90340,-1108,52280,2121,17,30,338.0,False,Creator 869,MX,creator869@mail.example,comedy
CR00869,youtube,@creator869_youtube,9493,872,6011,478,98,0,,False,Creator 869,MX,creator869@mail.example,comedy
CR00870,instagram,@creator870_instagram,1730309,177276,531420,30750,239,0,4836.0,False,Creator 870,IN,creator870@mail.example,travel
CR00870,tiktok,@creator870_tiktok,9787,800,55535,3485,618,54,0.0,False,Creator 870,IN,creator870@mail.example,travel
CR00870,youtube,@creator870_youtube,224083,4651,25126,1651,93,0,,False,Creator 870,IN,creator870@mail.example,travel
CR00871,tiktok,@creator871_tiktok,170404,17040,144605,13286,387,393,375.0,False,Creator 871,JP,creator871@mail.example,travel
CR00872,youtube,@creator872_youtube,17712,255,44415,1149,0,55,,False,Creator 872,IN,creator872@mail.example,tech
CR00872,instagram,@creator872_instagram,45280,8770,13197,1006,18,66,25.0,False,Creator 872,IN,creator872@mail.example,tech
CR00873,tiktok,@creator873_tiktok,424664,42103,3332056,103374,3401,3423,3031.0,False,Creator 873,DE,creator873@mail.example,education
CR00873,youtube,@creator873_youtube,11246,1834,7086,407,16,2,,False,Creator 873,DE,creator873@mail.example,education
CR00873,instagram,@creator873_instagram,79875,4395,39609,1401,236,1245,95.0,False,Creator 873,DE,creator873@mail.example,education
CR00874,youtube,@creator874_youtube,47586,5111,55588,1234,47,347,,False,Creator 874,BR,creator874@mail.example,beauty
CR00874,instagram,@creator874_instagram,97794,-2364,47929,3109,0,451,83.0,False,Creator 874,BR,creator874@mail.example,beauty
CR00874,tiktok,@creator874_tiktok,4215,173,12338,387,24,9,9.0,False,Creator 874,BR,creator874@mail.example,beauty
CR00875,youtube,@creator875_youtube,20735,2236,6375,487,102,0,,False,Creator 875,JP,creator875@mail.example,gaming
CR00875,tiktok,@creator875_tiktok,43082,4547,80002,2400,119,83,0.0,False,Creator 875,JP,creator875@mail.example,gaming
CR00875,instagram,@creator875_instagram,279645,29774,103430,5264,151,241,0.0,False,Creator 875,JP,creator875@mail.example,gaming
CR00876,tiktok,@creator876_tiktok,18744,2200,58431,3248,18,17,0.0,False,Creator 876,MX,creator876@mail.example,music
CR00876,instagram,@creator876_instagram,100520,7881,66764,2839,304,314,131.0,False,Creator 876,MX,creator876@mail.example,music
CR00876,youtube,@creator876_youtube,73082,4836,61222,1502,0,21,,False,Creator 876,MX,creator876@mail.example,music
CR00877,instagram,@creator877_instagram,56283,8681,15436,510,19,0,0.0,False,Creator 877,BR,creator877@mail.example,education
CR00878,tiktok,@creator878_tiktok,2308,184,6798,323,0,8,0.0,False,Creator 878,MX,creator878@mail.example,fitness
CR00878,youtube,@creator878_youtube,10473,206,9916,1006,40,16,,False,Creator 878,MX,creator878@mail.example,fitness
CR00878,instagram,@creator878_instagram,31688,293,6346,421,15,6,0.0,False,Creator 878,MX,creator878@mail.example,fitness
CR00879,youtube,@creator879_youtube,133082,18651,63827,5165,22,55,,False,Creator 879,BR,creator879@mail.example,tech
CR00880,instagram,@creator880_instagram,40118,3268,50360,3509,1188,32,61.0,False,Creator 880,US,creator880@mail.example,food
CR00880,tiktok,@creator880_tiktok,157650,3256,225180,5220,1267,38,253.0,False,Creator 880,US,creator880@mail.example,food
CR00880,youtube,@creator880_youtube,8298,-177,4421,337,5,1,,False,Creator 880,US,creator880@mail.example,food
CR00881,instagram,@creator881_instagram,41299,-8917,21970,803,47,71,50.0,False,Creator 881,FR,creator881@mail.example,fitness
CR00881,youtube,@creator881_youtube,509147,56268,279223,4828,166,26,,False,Creator 881,FR,creator881@mail.example,fitness
CR00881,tiktok,@creator881_tiktok,5975,256,23839,578,0,0,18.0,False,Creator 881,FR,creator881@mail.example,fitness
CR00882,youtube,@creator882_youtube,73652,8872,34246,2397,57,8,,False,Creator 882,IN,creator882@mail.example,finance
CR00882,instagram,@creator882_instagram,286370,-39231,655818,16919,877,54,2661.0,False,Creator 882,IN,creator882@mail.example,finance
CR00882,tiktok,@creator882_tiktok,108000,10443,227752,13196,419,1076,11.0,False,Creator 882,IN,creator882@mail.example,finance
CR00883,tiktok,@creator883_tiktok,755617,12180,5070136,169095,111783,13709,17527.0,False,Creator 883,US,creator883@mail.example,travel
CR00883,instagram,@creator883_instagram,3542875,275296,540401,38741,384,0,1308.0,False,Creator 883,US,creator883@mail.example,travel
CR00883,youtube,@creator883_youtube,199725,14756,182497,13538,337,0,,False,Creator 883,US,creator883@mail.example,travel
CR00884,tiktok,@creator884_tiktok,62882,3474,237683,6184,1,1,515.0,False,Creator 884,US,creator884@mail.example,gaming
CR00884,instagram,@creator884_instagram,25310,2799,6407,115,3,2,6.0,False,Creator 884,US,creator884@mail.example,gaming
CR00885,tiktok,@creator885_tiktok,304275,18251,315850,16012,1819,1227,1.0,False,Creator 885,BR,creator885@mail.example,fitness
CR00886,youtube,@creator886_youtube,240375,5303,319923,7403,157,78,,False,Creator 886,JP,creator886@mail.example,travel
CR00887,instagram,@creator887_instagram,11722,1639,6836,283,11,14,0.0,False,Creator 887,FR,creator887@mail.example,finance
CR00887,youtube,@creator887_youtube,27113,1971,18169,1279,26,112,,False,Creator 887,FR,creator887@mail.example,finance
CR00887,tiktok,@creator887_tiktok,364009,13370,1254149,82278,1988,8933,2743.0,False,Creator 887,FR,creator887@mail.example,finance
CR00888,tiktok,@creator888_tiktok,691899,45349,2943784,238980,20772,16602,14756.0,False,Creator 888,GB,creator888@mail.example,finance
CR00888,youtube,@creator888_youtube,83868,12915,331455,26739,2183,2283,,False,Creator 888,GB,creator888@mail.example,finance
CR00889,tiktok,@creator889_tiktok,64998,-2127,917793,50827,20183,2180,6473.0,False,Creator 889,IN,creator889@mail.example,gaming
CR00889,youtube,@creator889_youtube,39329,2540,36711,1072,11,5,,False,Creator 889,IN,creator889@mail.example,gaming
CR00889,instagram,@creator889_instagram,9038,907,5110,223,25,1,3.0,False,Creator 889,IN,creator889@mail.example,gaming
CR00890,tiktok,@creator890_tiktok,8573,103,15019,588,28,21,27.0,False,Creator 890,BR,creator890@mail.example,travel
CR00890,instagram,@creator890_instagram,4252,188,1604,68,12,0,7.0,False,Creator 890,BR,creator890@mail.example,travel
CR00891,youtube,@creator891_youtube,1817,120,4320,151,23,18,,False,Creator 891,FR,creator891@mail.example,comedy
CR00891,tiktok,@creator891_tiktok,91966,6747,151212,3738,513,261,446.0,False,Creator 891,FR,creator891@mail.example,comedy
CR00891,instagram,@creator891_instagram,121577,12408,60924,4858,101,184,270.0,False,Creator 891,FR,creator891@mail.example,comedy
CR00892,instagram,@creator892_instagram,8267,1317,4114,173,13,1,54.0,False,Creator 892,DE,creator892@mail.example,education
CR00892,tiktok,@creator892_tiktok,277897,43044,1089738,53399,797,1871,10216.0,False,Creator 892,DE,creator892@mail.example,education
CR00892,youtube,@creator892_youtube,22817,2774,44893,2175,126,1,,False,Creator 892,DE,creator892@mail.example,education
CR00893,instagram,@creator893_instagram,15576,69,6952,342,24,35,31.0,False,Creator 893,BR,creator893@mail.example,comedy
CR00893,youtube,@creator893_youtube,117837,3859,106461,2541,8,0,,False,Creator 893,BR,creator893@mail.example,comedy
CR00894,tiktok,@creator894_tiktok,287077,19532,1477149,122941,775,1871,0.0,False,Creator 894,JP,creator894@mail.example,beauty
CR00895,youtube,@creator895_youtube,1211,123,838,35,1,1,,False,Creator 895,US,creator895@mail.example,beauty
CR00895,tiktok,@creator895_tiktok,51011,5863,45518,1132,1,120,46.0,False,Creator 895,US,creator895@mail.example,beauty
CR00896,tiktok,@creator896_tiktok,48358,8082,170007,3543,161,3,0.0,False,Creator 896,DE,creator896@mail.example,travel
CR00896,instagram,@creator896_instagram,166536,-7607,51329,2650,290,388,31.0,False,Creator 896,DE,creator896@mail.example,travel
CR00897,youtube,@creator897_youtube,3951,-250,1993,135,12,2,,False,Creator 897,FR,creator897@mail.example,food
CR00897,tiktok,@creator897_tiktok,132817,8936,307646,21883,320,29,32.0,False,Creator 897,FR,creator897@mail.example,food
CR00897,instagram,@creator897_instagram,5428,702,7278,410,31,52,28.0,False,Creator 897,FR,creator897@mail.example,food
CR00898,tiktok,@creator898_tiktok,3620,569,19522,1135,27,1,157.0,False,Creator 898,DE,creator898@mail.example,travel
CR00898,youtube,@creator898_youtube,4475,646,3412,140,3,6,,False,Creator 898,DE,creator898@mail.example,travel
CR00898,instagram,@creator898_instagram,675588,94476,938747,40791,12535,2031,4639.0,False,Creator 898,DE,creator898@mail.example,travel
CR00899,tiktok,@creator899_tiktok,30629,3880,86525,3023,393,82,27.0,False,Creator 899,FR,creator899@mail.example,music
CR00899,instagram,@creator899_instagram,244157,6542,99575,2485,617,69,388.0,False,Creator 899,FR,creator899@mail.example,music
CR00899,youtube,@creator899_youtube,195796,13997,79491,3116,34,88,,False,Creator 899,FR,creator899@mail.example,music
CR00900,youtube,@creator900_youtube,457976,11909,219560,15571,375,0,,False,Creator 900,BR,creator900@mail.example,finance
CR00900,instagram,@creator900_instagram,110278,6302,101641,3083,141,214,221.0,False,Creator 900,BR,creator900@mail.example,finance
CR00901,instagram,@creator901_instagram,111689,6873,20122,830,3,4,0.0,False,Creator 901,US,creator901@mail.example,gaming
CR00901,youtube,@creator901_youtube,1002040,27840,1498002,34533,26,6472,,False,Creator 901,US,creator901@mail.example,gaming
CR00901,tiktok,@creator901_tiktok,623,105,365,26,1,0,5.0,False,Creator 901,US,creator901@mail.example,gaming
CR00902,instagram,@creator902_instagram,913,55,853,53,11,0,5.0,False,Creator 902,IN,creator902@mail.example,tech
CR00902,youtube,@creator902_youtube,49899,1790,119941,6728,32,324,,False,Creator 902,IN,creator902@mail.example,tech
CR00903,instagram,@creator903_instagram,10471,640,13959,246,49,13,15.0,False,Creator 903,MX,creator903@mail.example,beauty
CR00903,youtube,@creator903_youtube,91464,12405,152854,9434,120,682,,False,Creator 903,MX,creator903@mail.example,beauty
CR00904,tiktok,@creator904_tiktok,187568,3031,181666,17098,17,123,314.0,False,Creator 904,GB,creator904@mail.example,education
CR00905,youtube,@creator905_youtube,77115,10828,77884,6364,614,139,,False,Creator 905,BR,creator905@mail.example,education
CR00905,instagram,@creator905_instagram,179285,9386,52343,3338,219,1126,37.0,False,Creator 905,BR,creator905@mail.example,education
CR00906,instagram,@creator906_instagram,44763,1636,22255,1006,535,246,0.0,True,Creator 906,JP,creator906@mail.example,comedy
CR00906,tiktok,@creator906_tiktok,143522,24862,279483,18134,795,6329,324.0,False,Creator 906,JP,creator906@mail.example,comedy
CR00907,tiktok,@creator907_tiktok,219583,-20003,378001,25577,103,1006,5848.0,False,Creator 907,BR,creator907@mail.example,gaming
CR00907,instagram,@creator907_instagram,220644,30426,327206,23218,4,709,2383.0,False,Creator 907,BR,creator907@mail.example,gaming
CR00908,youtube,@creator908_youtube,97113,11933,162302,5911,816,155,,False,Creator 908,IN,creator908@mail.example,comedy
CR00909,instagram,@creator909_instagram,655,28,59,2,0,0,0.0,False,Creator 909,BR,creator909@mail.example,comedy
CR00910,youtube,@creator910_youtube,125745,12751,278836,6563,334,1382,,False,Creator 910,BR,creator910@mail.example,fitness
CR00910,instagram,@creator910_instagram,124620,3153,59825,1374,158,0,201.0,True,Creator 910,BR,creator910@mail.example,fitness
CR00911,instagram,@creator911_instagram,116204,4379,30586,2355,75,5,133.0,False,Creator 911,JP,creator911@mail.example,gaming
CR00911,tiktok,@creator911_tiktok,7101,900,16362,1364,19,31,69.0,False,Creator 911,JP,creator911@mail.example,gaming
CR00911,youtube,@creator911_youtube,70844,15695,83200,4092,346,36,,False,Creator 911,JP,creator911@mail.example,gaming
CR00912,youtube,@creator912_youtube,10059,631,10229,542,107,0,,False,Creator 912,BR,creator912@mail.example,food
CR00912,instagram,@creator912_instagram,107098,18871,14535,1018,21,35,4.0,False,Creator 912,BR,creator912@mail.example,food
CR00912,tiktok,@creator912_tiktok,155320,17461,810531,46586,111,3128,12835.0,False,Creator 912,BR,creator912@mail.example,food
CR00913,instagram,@creator913_instagram,628838,89266,130193,6766,372,258,196.0,False,Creator 913,IN,creator913@mail.example,beauty
CR00913,youtube,@creator913_youtube,133249,14741,174955,8891,290,963,,False,Creator 913,IN,creator913@mail.example,beauty
CR00913,tiktok,@creator913_tiktok,15568,1928,69873,4134,810,0,96.0,False,Creator 913,IN,creator913@mail.example,beauty
CR00914,tiktok,@creator914_tiktok,288963,19712,2211053,48147,1872,368,37995.0,False,Creator 914,IN,creator914@mail.example,food
CR00914,instagram,@creator914_instagram,57645,5358,35425,1337,227,56,26.0,False,Creator 914,IN,creator914@mail.example,food
CR00914,youtube,@creator914_youtube,18988,2475,21039,926,161,4,,False,Creator 914,IN,creator914@mail.example,food
CR00915,instagram,@creator915_instagram,2215,261,1646,96,1,0,4.0,False,Creator 915,GB,creator915@mail.example,finance
CR00915,tiktok,@creator915_tiktok,11052,422,49832,3772,20,0,32.0,False,Creator 915,GB,creator915@mail.example,finance
CR00916,tiktok,@creator916_tiktok,35262,1751,95686,2991,7,52,530.0,False,Creator 916,KR,creator916@mail.example,fitness
CR00916,youtube,@creator916_youtube,32303,3592,48780,818,256,49,,False,Creator 916,KR,creator916@mail.example,fitness
CR00916,instagram,@creator916_instagram,2783,239,1808,118,25,4,7.0,False,Creator 916,KR,creator916@mail.example,fitness
CR00917,youtube,@creator917_youtube,28159,2393,12473,476,82,8,,False,Creator 917,JP,creator917@mail.example,fitness
CR00917,tiktok,@creator917_tiktok,182864,31383,543820,37474,4754,0,1754.0,False,Creator 917,JP,creator917@mail.example,fitness
CR00917,instagram,@creator917_instagram,8570,441,3644,90,0,5,14.0,False,Creator 917,JP,creator917@mail.example,fitness
CR00918,tiktok,@creator918_tiktok,25634,2988,40698,923,52,12,119.0,False,Creator 918,KR,creator918@mail.example,beauty
CR00918,youtube,@creator918_youtube,8888,794,40055,2831,0,91,,False,Creator 918,KR,creator918@mail.example,beauty
CR00919,tiktok,@creator919_tiktok,108020,8727,627219,19107,540,1,0.0,False,Creator 919,CA,creator919@mail.example,tech
CR00919,youtube,@creator919_youtube,28145,2437,29942,2533,193,351,,False,Creator 919,CA,creator919@mail.example,tech
CR00919,instagram,@creator919_instagram,8644,-82,9871,357,0,0,30.0,False,Creator 919,CA,creator919@mail.example,tech
CR00920,instagram,@creator920_instagram,24465,4836,6230,513,40,0,23.0,False,Creator 920,BR,creator920@mail.example,tech
CR00921,instagram,@creator921_instagram,5165,-519,923,75,9,0,1.0,False,Creator 921,JP,creator921@mail.example,comedy
CR00921,youtube,@creator921_youtube,11641,447,9120,334,44,19,,False,Creator 921,JP,creator921@mail.example,comedy
CR00921,tiktok,@creator921_tiktok,37714,4805,216465,9455,1778,2135,736.0,False,Creator 921,JP,creator921@mail.example,comedy
CR00922,tiktok,@creator922_tiktok,26529,2366,57635,2135,198,35,241.0,False,Creator 922,FR,creator922@mail.example,gaming
CR00923,tiktok,@creator923_tiktok,24261,3460,122113,5178,4,319,51.0,False,Creator 923,US,creator923@mail.example,gaming
CR00923,youtube,@creator923_youtube,24079,1350,29705,775,12,37,,False,Creator 923,US,creator923@mail.example,gaming
CR00923,instagram,@creator923_instagram,83047,11008,44059,1103,44,1,11.0,True,Creator 923,US,creator923@mail.example,gaming
CR00924,tiktok,@creator924_tiktok,56809,7048,69683,5308,358,292,203.0,False,Creator 924,KR,creator924@mail.example,beauty
CR00924,youtube,@creator924_youtube,41219,4048,27628,1938,144,94,,False,Creator 924,KR,creator924@mail.example,beauty
CR00924,instagram,@creator924_instagram,93877,1092,8327,370,0,0,65.0,False,Creator 924,KR,creator924@mail.example,beauty
CR00925,tiktok,@creator925_tiktok,40063,4991,143631,3402,47,70,96.0,False,Creator 925,CA,creator925@mail.example,food
CR00925,instagram,@creator925_instagram,156706,6814,408465,21070,666,857,713.0,True,Creator 925,CA,creator925@mail.example,food
CR00926,instagram,@creator926_instagram,42736,1552,32404,2166,21,24,5.0,False,Creator 926,FR,creator926@mail.example,tech
CR00927,youtube,@creator927_youtube,9641,377,2970,81,20,8,,False,Creator 927,US,creator927@mail.example,gaming
CR00927,instagram,@creator927_instagram,4075,-167,5630,273,0,17,20.0,False,Creator 927,US,creator927@mail.example,gaming
CR00927,tiktok,@creator927_tiktok,1044795,122885,2431195,81263,7333,4325,7752.0,False,Creator 927,US,creator927@mail.example,gaming
CR00928,tiktok,@creator928_tiktok,207389,-24957,1442648,112424,934,5,3417.0,False,Creator 928,BR,creator928@mail.example,finance
CR00928,youtube,@creator928_youtube,17762,3455,19134,985,49,43,,False,Creator 928,BR,creator928@mail.example,finance
CR00928,instagram,@creator928_instagram,306936,15642,161041,5778,106,446,0.0,False,Creator 928,BR,creator928@mail.example,finance
CR00929,instagram,@creator929_instagram,15830,-22,28287,1050,125,256,265.0,False,Creator 929,US,creator929@mail.example,finance
CR00929,youtube,@creator929_youtube,126938,11198,241024,22019,47,142,,False,Creator 929,US,creator929@mail.example,finance
CR00930,tiktok,@creator930_tiktok,63992,-4154,156875,8838,26,120,11.0,False,Creator 930,KR,creator930@mail.example,education
CR00930,instagram,@creator930_instagram,69045,7327,53043,3904,276,11,481.0,True,Creator 930,KR,creator930@mail.example,education
CR00930,youtube,@creator930_youtube,42318,698,91241,3106,59,17,,False,Creator 930,KR,creator930@mail.example,education
CR00931,youtube,@creator931_youtube,7844,643,11385,956,60,74,,False,Creator 931,CA,creator931@mail.example,comedy
CR00932,youtube,@creator932_youtube,164865,15191,1138345,68727,1529,1616,,False,Creator 932,FR,creator932@mail.example,food
CR00932,tiktok,@creator932_tiktok,73729,10600,204849,11526,993,355,245.0,False,Creator 932,FR,creator932@mail.example,food
CR00933,tiktok,@creator933_tiktok,336067,9800,191081,14659,1349,35,0.0,False,Creator 933,US,creator933@mail.example,education
CR00933,instagram,@creator933_instagram,24625,2383,43641,1026,9,0,0.0,True,Creator 933,US,creator933@mail.example,education
CR00933,youtube,@creator933_youtube,8892,76,4814,369,18,12,,False,Creator 933,US,creator933@mail.example,education
CR00934,tiktok,@creator934_tiktok,130949,17419,870468,51434,478,2760,649.0,False,Creator 934,US,creator934@mail.example,beauty
CR00934,youtube,@creator934_youtube,24987,3287,19469,675,0,44,,False,Creator 934,US,creator934@mail.example,beauty
CR00935,youtube,@creator935_youtube,70134,6771,49915,1693,1333,230,,False,Creator 935,CA,creator935@mail.example,travel
CR00935,instagram,@creator935_instagram,143613,-343,116694,5282,24,62,58.0,False,Creator 935,CA,creator935@mail.example,travel
CR00935,tiktok,@creator935_tiktok,12366,1534,25147,1306,48,0,346.0,False,Creator 935,CA,creator935@mail.example,travel
CR00936,instagram,@creator936_instagram,56733,1344,63533,3456,43,38,335.0,True,Creator 936,FR,creator936@mail.example,beauty
CR00936,tiktok,@creator936_tiktok,817564,93154,2242747,40693,5408,1,451.0,False,Creator 936,FR,creator936@mail.example,beauty
CR00937,youtube,@creator937_youtube,127755,12538,281226,12759,2978,48,,False,Creator 937,JP,creator937@mail.example,fitness
CR00937,tiktok,@creator937_tiktok,16453,3444,32764,1284,349,23,4.0,False,Creator 937,JP,creator937@mail.example,fitness
CR00937,instagram,@creator937_instagram,191722,34407,213850,17384,2,135,676.0,False,Creator 937,JP,creator937@mail.example,fitness
CR00938,youtube,@creator938_youtube,9674,1094,22728,1754,197,36,,False,Creator 938,DE,creator938@mail.example,gaming
CR00938,tiktok,@creator938_tiktok,66380,1441,127728,8245,1056,0,841.0,False,Creator 938,DE,creator938@mail.example,gaming
CR00939,youtube,@creator939_youtube,4634,711,8858,822,0,51,,False,Creator 939,GB,creator939@mail.example,tech
CR00939,instagram,@creator939_instagram,73002,4557,15168,519,53,6,13.0,False,Creator 939,GB,creator939@mail.example,tech
CR00939,tiktok,@creator939_tiktok,493259,1408,2923908,102530,439,2118,9008.0,False,Creator 939,GB,creator939@mail.example,tech
CR00940,youtube,@creator940_youtube,20647,1822,16086,611,56,7,,False,Creator 940,GB,creator940@mail.example,beauty
CR00940,instagram,@creator940_instagram,10227,-292,8553,258,27,26,32.0,False,Creator 940,GB,creator940@mail.example,beauty
CR00941,instagram,@creator941_instagram,141533,336,112713,7836,620,1,1412.0,False,Creator 941,CA,creator941@mail.example,education
CR00941,youtube,@creator941_youtube,23689,2990,60946,4395,493,57,,False,Creator 941,CA,creator941@mail.example,education
CR00941,tiktok,@creator941_tiktok,13958,1226,110772,2798,11,0,440.0,False,Creator 941,CA,creator941@mail.example,education
CR00942,tiktok,@creator942_tiktok,158367,26977,540982,21518,255,802,106.0,False,Creator 942,DE,creator942@mail.example,education
CR00942,youtube,@creator942_youtube,42699,2483,81027,5245,306,0,,False,Creator 942,DE,creator942@mail.example,education
CR00942,instagram,@creator942_instagram,80000,-4917,17860,1005,4,175,73.0,False,Creator 942,DE,creator942@mail.example,education
CR00943,youtube,@creator943_youtube,22821,2669,78263,2494,403,0,,False,Creator 943,BR,creator943@mail.example,finance
CR00944,youtube,@creator944_youtube,140921,23298,149735,10362,1728,835,,False,Creator 944,CA,creator944@mail.example,comedy
CR00945,instagram,@creator945_instagram,37388,3287,50500,1379,80,1,142.0,True,Creator 945,MX,creator945@mail.example,tech
CR00945,tiktok,@creator945_tiktok,3560,303,10646,506,4,15,82.0,False,Creator 945,MX,creator945@mail.example,tech
CR00945,youtube,@creator945_youtube,256915,30480,236996,21894,595,3512,,False,Creator 945,MX,creator945@mail.example,tech
CR00946,tiktok,@creator946_tiktok,8795,325,12484,628,17,29,12.0,False,Creator 946,JP,creator946@mail.example,beauty
CR00947,tiktok,@creator947_tiktok,100505,13961,165092,11176,27,948,712.0,False,Creator 947,US,creator947@mail.example,beauty
CR00947,instagram,@creator947_instagram,4771,562,2822,119,1,5,0.0,False,Creator 947,US,creator947@mail.example,beauty
CR00948,youtube,@creator948_youtube,36368,699,110816,4446,235,26,,False,Creator 948,IN,creator948@mail.example,beauty
CR00948,tiktok,@creator948_tiktok,160002,19044,705396,39988,1387,3,2846.0,False,Creator 948,IN,creator948@mail.example,beauty
CR00948,instagram,@creator948_instagram,8953,924,4532,244,13,18,112.0,False,Creator 948,IN,creator948@mail.example,beauty
CR00949,tiktok,@creator949_tiktok,392911,11657,2671165,51739,4237,30946,10209.0,False,Creator 949,FR,creator949@mail.example,music
CR00949,instagram,@creator949_instagram,38163,3983,35674,2078,299,389,74.0,False,Creator 949,FR,creator949@mail.example,music
CR00950,youtube,@creator950_youtube,73004,1911,21922,445,8,6,,False,Creator 950,DE,creator950@mail.example,fitness
CR00951,youtube,@creator951_youtube,95531,1741,68797,2391,403,43,,False,Creator 951,DE,creator951@mail.example,comedy
CR00951,tiktok,@creator951_tiktok,33206,1136,26492,525,9,2,67.0,False,Creator 951,DE,creator951@mail.example,comedy
CR00951,instagram,@creator951_instagram,966936,-13530,534779,12839,425,0,121.0,False,Creator 951,DE,creator951@mail.example,comedy
CR00952,youtube,@creator952_youtube,2095,436,1484,49,1,3,,False,Creator 952,JP,creator952@mail.example,finance
CR00952,instagram,@creator952_instagram,6949,1180,7696,524,25,22,17.0,False,Creator 952,JP,creator952@mail.example,finance
CR00953,tiktok,@creator953_tiktok,64084,-110,145905,9631,746,247,587.0,False,Creator 953,CA,creator953@mail.example,food
CR00953,youtube,@creator953_youtube,22163,-360,61676,3673,231,32,,False,Creator 953,CA,creator953@mail.example,food
CR00953,instagram,@creator953_instagram,83242,3000,40789,1517,37,64,138.0,False,Creator 953,CA,creator953@mail.example,food
CR00954,tiktok,@creator954_tiktok,11618,2233,45259,1143,160,347,20.0,False,Creator 954,GB,creator954@mail.example,food
CR00954,instagram,@creator954_instagram,1269,96,657,24,0,0,4.0,False,Creator 954,GB,creator954@mail.example,food
CR00955,instagram,@creator955_instagram,82541,-4196,44079,1602,133,263,112.0,False,Creator 955,US,creator955@mail.example,fitness
CR00955,youtube,@creator955_youtube,5179,801,13321,804,91,20,,False,Creator 955,US,creator955@mail.example,fitness
CR00955,tiktok,@creator955_tiktok,71867,3762,167186,6448,358,1,9.0,False,Creator 955,US,creator955@mail.example,fitness
CR00956,tiktok,@creator956_tiktok,531940,96908,11676973,840369,45354,45275,37040.0,False,Creator 956,GB,creator956@mail.example,finance
CR00956,youtube,@creator956_youtube,10130,1033,12867,192,69,59,,False,Creator 956,GB,creator956@mail.example,finance
CR00956,instagram,@creator956_instagram,71866,6955,5703,274,48,1,18.0,False,Creator 956,GB,creator956@mail.example,finance
CR00957,youtube,@creator957_youtube,79651,9166,212578,13849,73,135,,False,Creator 957,IN,creator957@mail.example,education
CR00958,tiktok,@creator958_tiktok,14703,1846,156326,4139,1595,0,68.0,False,Creator 958,GB,creator958@mail.example,music
CR00958,youtube,@creator958_youtube,294456,32229,224962,13841,3021,67,,False,Creator 958,GB,creator958@mail.example,music
CR00959,tiktok,@creator959_tiktok,499904,46665,1208458,27974,816,0,1327.0,False,Creator 959,DE,creator959@mail.example,fitness
CR00959,instagram,@creator959_instagram,1032082,88726,140079,1829,34,381,452.0,False,Creator 959,DE,creator959@mail.example,fitness
CR00960,tiktok,@creator960_tiktok,17617,-970,39298,2267,249,188,217.0,False,Creator 960,FR,creator960@mail.example,gaming
CR00961,tiktok,@creator961_tiktok,374642,-43122,807818,26573,5595,1282,2712.0,False,Creator 961,GB,creator961@mail.example,music
CR00961,instagram,@creator961_instagram,45476,4646,66825,6517,141,340,251.0,False,Creator 961,GB,creator961@mail.example,music
CR00962,instagram,@creator962_instagram,44874,96,7304,447,6,0,54.0,False,Creator 962,MX,creator962@mail.example,music
CR00962,youtube,@creator962_youtube,28051,1549,24811,1883,7,77,,False,Creator 962,MX,creator962@mail.example,music
CR00962,tiktok,@creator962_tiktok,19974,799,52808,4009,164,321,161.0,False,Creator 962,MX,creator962@mail.example,music
CR00963,youtube,@creator963_youtube,124530,20267,75950,4357,0,962,,False,Creator 963,BR,creator963@mail.example,finance
CR00963,instagram,@creator963_instagram,67361,5417,14778,637,87,69,87.0,False,Creator 963,BR,creator963@mail.example,finance
CR00964,youtube,@creator964_youtube,1695483,189193,1312308,102064,2226,9122,,False,Creator 964,FR,creator964@mail.example,finance
CR00964,instagram,@creator964_instagram,86725,13425,290789,23021,706,1776,161.0,False,Creator 964,FR,creator964@mail.example,finance
CR00965,instagram,@creator965_instagram,70710,-666,64232,4251,536,0,695.0,False,Creator 965,DE,creator965@mail.example,comedy
CR00965,tiktok,@creator965_tiktok,11184,706,98389,4437,1031,436,476.0,False,Creator 965,DE,creator965@mail.example,comedy
CR00966,instagram,@creator966_instagram,293275,36328,169387,5939,184,15,17.0,False,Creator 966,IN,creator966@mail.example,gaming
CR00967,youtube,@creator967_youtube,11866,1912,8896,179,24,21,,False,Creator 967,FR,creator967@mail.example,music
CR00967,tiktok,@creator967_tiktok,40981,966,95451,2836,299,135,1126.0,False,Creator 967,FR,creator967@mail.example,music
CR00967,instagram,@creator967_instagram,16289,2847,11802,899,0,17,52.0,False,Creator 967,FR,creator967@mail.example,music
CR00968,youtube,@creator968_youtube,43868,1893,64976,4816,11,26,,False,Creator 968,GB,creator968@mail.example,gaming
CR00969,tiktok,@creator969_tiktok,30088,2418,83044,5348,1132,1565,1020.0,False,Creator 969,US,creator969@mail.example,travel
CR00969,youtube,@creator969_youtube,1196091,131927,3069502,78458,7061,1925,,False,Creator 969,US,creator969@mail.example,travel
CR00970,instagram,@creator970_instagram,67148,-3319,53055,1147,115,16,120.0,False,Creator 970,JP,creator970@mail.example,travel
CR00971,youtube,@creator971_youtube,209941,-1232,666415,22517,6150,2255,,False,Creator 971,BR,creator971@mail.example,music
CR00971,tiktok,@creator971_tiktok,36473,4714,23282,1250,143,68,85.0,False,Creator 971,BR,creator971@mail.example,music
CR00971,instagram,@creator971_instagram,1158,197,3121,142,6,35,4.0,False,Creator 971,BR,creator971@mail.example,music
CR00972,youtube,@creator972_youtube,79606,4814,145736,8543,414,0,,False,Creator 972,DE,creator972@mail.example,food
CR00972,tiktok,@creator972_tiktok,222589,25785,802500,40275,4662,1836,63.0,False,Creator 972,DE,creator972@mail.example,food
CR00972,instagram,@creator972_instagram,344604,-30626,108680,3264,1348,0,308.0,False,Creator 972,DE,creator972@mail.example,food
CR00973,instagram,@creator973_instagram,2809,348,1246,77,2,0,0.0,False,Creator 973,MX,creator973@mail.example,travel
CR00973,youtube,@creator973_youtube,80014,9902,582242,47642,1119,4092,,False,Creator 973,MX,creator973@mail.example,travel
CR00974,youtube,@creator974_youtube,52140,3213,37393,2300,39,78,,False,Creator 974,JP,creator974@mail.example,music
CR00974,tiktok,@creator974_tiktok,9132,1338,34918,3315,0,100,0.0,False,Creator 974,JP,creator974@mail.example,music
CR00974,instagram,@creator974_instagram,194190,-20013,57283,3852,10,33,1.0,False,Creator 974,JP,creator974@mail.example,music
CR00975,tiktok,@creator975_tiktok,65891,7514,345399,19803,14,3646,143.0,False,Creator 975,BR,creator975@mail.example,finance
CR00975,youtube,@creator975_youtube,19386,3197,28652,1431,0,4,,False,Creator 975,BR,creator975@mail.example,finance
CR00975,instagram,@creator975_instagram,88146,7556,15717,1014,59,0,17.0,False,Creator 975,BR,creator975@mail.example,finance
CR00976,instagram,@creator976_instagram,17827,2462,15789,564,19,54,23.0,False,Creator 976,DE,creator976@mail.example,travel
CR00976,youtube,@creator976_youtube,46390,4864,44114,1187,339,51,,False,Creator 976,DE,creator976@mail.example,travel
CR00976,tiktok,@creator976_tiktok,4203,452,7450,240,1,38,1.0,False,Creator 976,DE,creator976@mail.example,travel
CR00977,youtube,@creator977_youtube,19923,1392,23516,1380,1,101,,False,Creator 977,DE,creator977@mail.example,music
CR00977,instagram,@creator977_instagram,2943,193,1609,45,0,1,2.0,False,Creator 977,DE,creator977@mail.example,music
CR00977,tiktok,@creator977_tiktok,28200,3477,303776,4269,751,268,754.0,False,Creator 977,DE,creator977@mail.example,music
CR00978,tiktok,@creator978_tiktok,39383,6559,55266,2815,21,0,62.0,False,Creator 978,JP,creator978@mail.example,comedy
CR00978,instagram,@creator978_instagram,10672,1008,4628,154,14,5,27.0,False,Creator 978,JP,creator978@mail.example,comedy
CR00979,tiktok,@creator979_tiktok,4719,442,12833,876,91,0,23.0,False,Creator 979,US,creator979@mail.example,gaming
CR00979,youtube,@creator979_youtube,371152,38398,222450,15187,764,50,,False,Creator 979,US,creator979@mail.example,gaming
CR00979,instagram,@creator979_instagram,12529,522,23873,1011,15,34,35.0,False,Creator 979,US,creator979@mail.example,gaming
CR00980,instagram,@creator980_instagram,12298,1251,10369,514,33,1,78.0,False,Creator 980,FR,creator980@mail.example,travel
CR00981,tiktok,@creator981_tiktok,75732,13674,170426,5812,483,1632,844.0,False,Creator 981,BR,creator981@mail.example,comedy
CR00982,tiktok,@creator982_tiktok,65111,10025,84782,2220,128,136,106.0,False,Creator 982,FR,creator982@mail.example,fitness
CR00983,youtube,@creator983_youtube,420594,-10504,351558,15024,579,658,,False,Creator 983,US,creator983@mail.example,travel
CR00983,instagram,@creator983_instagram,30747,2788,10377,301,7,34,7.0,False,Creator 983,US,creator983@mail.example,travel
CR00983,tiktok,@creator983_tiktok,15450,2825,34131,688,38,4,0.0,False,Creator 983,US,creator983@mail.example,travel
CR00984,instagram,@creator984_instagram,33171,1557,21678,1431,142,9,0.0,False,Creator 984,FR,creator984@mail.example,food
CR00985,tiktok,@creator985_tiktok,322480,14496,1926604,112869,99,13618,5064.0,False,Creator 985,US,creator985@mail.example,music
CR00985,youtube,@creator985_youtube,129585,5518,102050,8098,149,1017,,False,Creator 985,US,creator985@mail.example,music
CR00986,instagram,@creator986_instagram,745029,49975,456829,23489,136,1318,1268.0,False,Creator 986,JP,creator986@mail.example,gaming
CR00986,youtube,@creator986_youtube,2030,8,1310,52,9,0,,False,Creator 986,JP,creator986@mail.example,gaming
CR00987,tiktok,@creator987_tiktok,25593,2642,40598,824,16,0,6.0,False,Creator 987,GB,creator987@mail.example,travel
CR00987,instagram,@creator987_instagram,632808,104837,1160133,84271,0,8760,4278.0,False,Creator 987,GB,creator987@mail.example,travel
CR00987,youtube,@creator987_youtube,22680,2669,43252,1431,0,189,,False,Creator 987,GB,creator987@mail.example,travel
CR00988,instagram,@creator988_instagram,30652,5328,4168,158,0,4,0.0,False,Creator 988,US,creator988@mail.example,beauty
CR00989,tiktok,@creator989_tiktok,30449,2311,68862,1229,0,780,20.0,False,Creator 989,IN,creator989@mail.example,comedy
CR00989,youtube,@creator989_youtube,21642,1991,19617,1478,80,0,,False,Creator 989,IN,creator989@mail.example,comedy
CR00989,instagram,@creator989_instagram,24674,2023,44324,2243,1015,0,86.0,False,Creator 989,IN,creator989@mail.example,comedy
CR00990,youtube,@creator990_youtube,7320,1450,9465,316,0,22,,False,Creator 990,BR,creator990@mail.example,fitness
CR00990,tiktok,@creator990_tiktok,190331,14709,855094,40239,2848,4925,376.0,False,Creator 990,BR,creator990@mail.example,fitness
CR00990,instagram,@creator990_instagram,13822,1592,13148,323,18,0,6.0,False,Creator 990,BR,creator990@mail.example,fitness
CR00991,tiktok,@creator991_tiktok,970,136,1602,53,10,20,1.0,False,Creator 991,GB,creator991@mail.example,beauty
CR00991,instagram,@creator991_instagram,35391,2965,13288,661,178,159,32.0,False,Creator 991,GB,creator991@mail.example,beauty
CR00991,youtube,@creator991_youtube,998727,6837,3618232,132917,11269,2359,,False,Creator 991,GB,creator991@mail.example,beauty
CR00992,tiktok,@creator992_tiktok,7283,632,21522,993,0,98,0.0,False,Creator 992,KR,creator992@mail.example,travel
CR00992,instagram,@creator992_instagram,61258,5658,89214,1632,224,240,164.0,False,Creator 992,KR,creator992@mail.example,travel
CR00993,youtube,@creator993_youtube,19818,1102,10380,526,4,0,,False,Creator 993,DE,creator993@mail.example,music
CR00994,youtube,@creator994_youtube,362097,14951,467650,17639,1487,2102,,False,Creator 994,DE,creator994@mail.example,food
CR00994,instagram,@creator994_instagram,13257,1298,9014,405,15,0,8.0,True,Creator 994,DE,creator994@mail.example,food
CR00995,tiktok,@creator995_tiktok,32471,4874,83150,1517,190,277,27.0,False,Creator 995,IN,creator995@mail.example,comedy
CR00995,instagram,@creator995_instagram,12070,1901,16703,1634,0,12,1.0,False,Creator 995,IN,creator995@mail.example,comedy
CR00995,youtube,@creator995_youtube,7607,902,14851,774,100,23,,False,Creator 995,IN,creator995@mail.example,comedy
CR00996,instagram,@creator996_instagram,45101,-346,64086,2226,66,71,121.0,False,Creator 996,DE,creator996@mail.example,gaming
CR00996,tiktok,@creator996_tiktok,19008,1469,24241,1577,244,45,167.0,False,Creator 996,DE,creator996@mail.example,gaming
CR00997,youtube,@creator997_youtube,23148,405,24207,1192,34,16,,False,Creator 997,KR,creator997@mail.example,food
CR00997,tiktok,@creator997_tiktok,65047,7839,191742,11063,12,1139,1.0,False,Creator 997,KR,creator997@mail.example,food
CR00998,tiktok,@creator998_tiktok,4723,382,7277,252,45,24,25.0,False,Creator 998,US,creator998@mail.example,fitness
CR00998,instagram,@creator998_instagram,8604,781,13118,662,39,0,0.0,False,Creator 998,US,creator998@mail.example,fitness
CR00999,youtube,@creator999_youtube,85296,4949,18206,1292,12,6,,False,Creator 999,IN,creator999@mail.example,music
CR00999,tiktok,@creator999_tiktok,3556,505,19325,1065,132,0,2.0,False,Creator 999,IN,creator999@mail.example,music
CR00999,instagram,@creator999_instagram,2018,197,970,68,7,3,2.0,False,Creator 999,IN,creator999@mail.example,music
CR01000,youtube,@creator1000_youtube,81675,10628,49103,1473,5,12,,False,Creator 1000,DE,creator1000@mail.example,music
CR01000,instagram,@creator1000_instagram,36279,3403,34328,2219,213,8,268.0,False,Creator 1000,DE,creator1000@mail.example,music
CR01000,tiktok,@creator1000_tiktok,75077,-498,503623,9284,1855,444,2382.0,False,Creator 1000,DE,creator1000@mail.example,music
CR01001,instagram,@creator1001_instagram,73312,9624,25004,2067,72,17,133.0,False,Creator 1001,IN,creator1001@mail.example,education
CR01001,tiktok,@creator1001_tiktok,460089,39009,824661,32616,1290,1756,2067.0,False,Creator 1001,IN,creator1001@mail.example,education
CR01001,youtube,@creator1001_youtube,8928,804,4525,81,9,5,,False,Creator 1001,IN,creator1001@mail.example,education
CR01002,youtube,@creator1002_youtube,63560,4044,35151,1091,9,0,,False,Creator 1002,IN,creator1002@mail.example,gaming
CR01002,instagram,@creator1002_instagram,406919,30252,123976,4680,620,213,2825.0,True,Creator 1002,IN,creator1002@mail.example,gaming
CR01002,tiktok,@creator1002_tiktok,153529,14986,401902,13395,379,543,0.0,False,Creator 1002,IN,creator1002@mail.example,gaming
CR01003,tiktok,@creator1003_tiktok,60774,6074,262778,12634,396,572,2231.0,False,Creator 1003,US,creator1003@mail.example,gaming
CR01003,instagram,@creator1003_instagram,9571,1374,4589,83,0,0,2.0,False,Creator 1003,US,creator1003@mail.example,gaming
CR01003,youtube,@creator1003_youtube,9355,1418,4914,333,28,3,,False,Creator 1003,US,creator1003@mail.example,gaming
CR01004,youtube,@creator1004_youtube,20660,816,28487,1006,41,18,,False,Creator 1004,KR,creator1004@mail.example,gaming
CR01004,tiktok,@creator1004_tiktok,5933,-108,21950,1834,141,72,21.0,False,Creator 1004,KR,creator1004@mail.example,gaming
CR01004,instagram,@creator1004_instagram,174744,4946,47790,2519,572,0,611.0,False,Creator 1004,KR,creator1004@mail.example,gaming
CR01005,instagram,@creator1005_instagram,68707,6665,35985,1506,7,41,40.0,False,Creator 1005,GB,creator1005@mail.example,finance
CR01005,youtube,@creator1005_youtube,31438,2647,9509,493,20,0,,False,Creator 1005,GB,creator1005@mail.example,finance
CR01005,tiktok,@creator1005_tiktok,10215,889,16606,1190,34,56,92.0,False,Creator 1005,GB,creator1005@mail.example,finance
CR01006,tiktok,@creator1006_tiktok,331919,60672,1541584,36082,423,373,23.0,False,Creator 1006,US,creator1006@mail.example,tech
CR01006,instagram,@creator1006_instagram,122713,9710,54415,2169,299,480,88.0,False,Creator 1006,US,creator1006@mail.example,tech
CR01007,youtube,@creator1007_youtube,3356756,351046,26163205,838919,111573,34559,,False,Creator 1007,BR,creator1007@mail.example,finance
CR01008,tiktok,@creator1008_tiktok,197274,13662,815385,54719,5126,483,1107.0,False,Creator 1008,GB,creator1008@mail.example,tech
CR01008,youtube,@creator1008_youtube,94224,18131,204945,4358,711,825,,False,Creator 1008,GB,creator1008@mail.example,tech
CR01008,instagram,@creator1008_instagram,61412,2686,62763,4386,363,5,160.0,False,Creator 1008,GB,creator1008@mail.example,tech
CR01009,instagram,@creator1009_instagram,369332,41417,246981,12148,761,1129,91.0,False,Creator 1009,JP,creator1009@mail.example,comedy
CR01009,youtube,@creator1009_youtube,1463782,24887,2144401,146020,20194,189,,False,Creator 1009,JP,creator1009@mail.example,comedy
CR01009,tiktok,@creator1009_tiktok,25260,-503,178986,17158,670,20,964.0,False,Creator 1009,JP,creator1009@mail.example,comedy
CR01010,youtube,@creator1010_youtube,85329,11088,181510,16505,0,923,,False,Creator 1010,JP,creator1010@mail.example,gaming
CR01011,youtube,@creator1011_youtube,23694,4029,67702,2289,108,39,,False,Creator 1011,FR,creator1011@mail.example,finance
CR01011,instagram,@creator1011_instagram,5662,416,4134,86,6,0,3.0,False,Creator 1011,FR,creator1011@mail.example,finance
CR01011,tiktok,@creator1011_tiktok,2691,416,3343,197,0,3,36.0,False,Creator 1011,FR,creator1011@mail.example,finance
CR01012,instagram,@creator1012_instagram,20789,1893,14134,294,0,116,75.0,False,Creator 1012,IN,creator1012@mail.example,beauty
CR01013,instagram,@creator1013_instagram,21513,1578,13442,1033,146,0,56.0,False,Creator 1013,FR,creator1013@mail.example,tech
CR01013,youtube,@creator1013_youtube,165985,11828,240426,13195,267,1437,,False,Creator 1013,FR,creator1013@mail.example,tech
CR01013,tiktok,@creator1013_tiktok,16584,2781,20063,960,131,13,7.0,False,Creator 1013,FR,creator1013@mail.example,tech
CR01014,instagram,@creator1014_instagram,72920,5066,27241,894,4,93,145.0,False,Creator 1014,JP,creator1014@mail.example,beauty
CR01015,tiktok,@creator1015_tiktok,11435,1369,89047,4575,435,83,643.0,False,Creator 1015,CA,creator1015@mail.example,comedy
CR01015,instagram,@creator1015_instagram,1172264,-23562,1118749,71847,3270,5026,173.0,True,Creator 1015,CA,creator1015@mail.example,comedy
CR01015,youtube,@creator1015_youtube,85510,3100,51840,4403,346,93,,False,Creator 1015,CA,creator1015@mail.example,comedy
CR01016,tiktok,@creator1016_tiktok,146282,11298,529315,38067,3306,2366,0.0,False,Creator 1016,JP,creator1016@mail.example,gaming
CR01016,instagram,@creator1016_instagram,832,162,1070,67,0,0,8.0,False,Creator 1016,JP,creator1016@mail.example,gaming
CR01016,youtube,@creator1016_youtube,116609,4571,39104,1232,6,0,,False,Creator 1016,JP,creator1016@mail.example,gaming
CR01017,tiktok,@creator1017_tiktok,360052,38820,2113517,145048,8606,1,10991.0,False,Creator 1017,CA,creator1017@mail.example,music
CR01017,instagram,@creator1017_instagram,27258,3377,24657,1091,19,15,13.0,False,Creator 1017,CA,creator1017@mail.example,music
CR01017,youtube,@creator1017_youtube,24884,4744,9289,984,10,0,,False,Creator 1017,CA,creator1017@mail.example,music
CR01018,youtube,@creator1018_youtube,3065,331,1905,82,9,9,,False,Creator 1018,US,creator1018@mail.example,food
CR01018,instagram,@creator1018_instagram,87284,6650,101950,2607,284,0,0.0,False,Creator 1018,US,creator1018@mail.example,food
CR01018,tiktok,@creator1018_tiktok,160809,12564,704443,36017,7196,1095,0.0,False,Creator 1018,US,creator1018@mail.example,food
CR01019,youtube,@creator1019_youtube,954604,-34048,411736,15143,81,2,,False,Creator 1019,IN,creator1019@mail.example,gaming
CR01019,instagram,@creator1019_instagram,8040,-683,3955,134,0,44,0.0,False,Creator 1019,IN,creator1019@mail.example,gaming
CR01020,instagram,@creator1020_instagram,71748,7217,19346,439,36,18,0.0,False,Creator 1020,CA,creator1020@mail.example,tech
CR01020,youtube,@creator1020_youtube,26183,3049,8914,220,5,21,,False,Creator 1020,CA,creator1020@mail.example,tech
CR01020,tiktok,@creator1020_tiktok,16435,-215,106068,4578,129,186,941.0,False,Creator 1020,CA,creator1020@mail.example,tech
CR01021,tiktok,@creator1021_tiktok,66266,3969,77841,4344,609,157,0.0,False,Creator 1021,KR,creator1021@mail.example,beauty
CR01022,tiktok,@creator1022_tiktok,192074,7861,229385,21424,699,10,3.0,False,Creator 1022,BR,creator1022@mail.example,tech
CR01022,youtube,@creator1022_youtube,122615,14271,213616,10780,147,0,,False,Creator 1022,BR,creator1022@mail.example,tech
CR01022,instagram,@creator1022_instagram,14734,1352,8966,509,10,2,18.0,False,Creator 1022,BR,creator1022@mail.example,tech
CR01023,youtube,@creator1023_youtube,209584,-32461,153620,8057,846,385,,False,Creator 1023,DE,creator1023@mail.example,travel
CR01023,tiktok,@creator1023_tiktok,48584,5964,141755,5642,13,55,2993.0,False,Creator 1023,DE,creator1023@mail.example,travel
CR01023,instagram,@creator1023_instagram,28068,5151,24924,1623,87,91,36.0,False,Creator 1023,DE,creator1023@mail.example,travel
CR01024,tiktok,@creator1024_tiktok,23034,3301,154979,10022,12,2882,602.0,False,Creator 1024,DE,creator1024@mail.example,fitness
CR01025,instagram,@creator1025_instagram,342030,60859,313152,26926,327,576,439.0,False,Creator 1025,JP,creator1025@mail.example,beauty
CR01025,youtube,@creator1025_youtube,91118,1117,511982,11332,1720,7,,False,Creator 1025,JP,creator1025@mail.example,beauty
CR01025,tiktok,@creator1025_tiktok,182546,21202,821253,26404,460,15,359.0,False,Creator 1025,JP,creator1025@mail.example,beauty
CR01026,youtube,@creator1026_youtube,10980,987,11019,340,5,3,,False,Creator 1026,DE,creator1026@mail.example,gaming
CR01027,instagram,@creator1027_instagram,332526,33272,69415,4885,5,182,79.0,False,Creator 1027,KR,creator1027@mail.example,finance
CR01027,youtube,@creator1027_youtube,30506,2429,22276,2500,9,43,,False,Creator 1027,KR,creator1027@mail.example,finance
CR01028,tiktok,@creator1028_tiktok,119546,10536,633257,29124,10937,3902,4712.0,False,Creator 1028,GB,creator1028@mail.example,comedy
CR01029,instagram,@creator1029_instagram,8513,883,11026,153,90,21,0.0,False,Creator 1029,MX,creator1029@mail.example,tech
CR01029,youtube,@creator1029_youtube,173347,-15895,128360,9548,1051,0,,False,Creator 1029,MX,creator1029@mail.example,tech
CR01029,tiktok,@creator1029_tiktok,20150,1140,42860,2310,75,119,0.0,False,Creator 1029,MX,creator1029@mail.example,tech
CR01030,tiktok,@creator1030_tiktok,43157,2705,339162,6913,1792,955,197.0,False,Creator 1030,BR,creator1030@mail.example,beauty
CR01030,youtube,@creator1030_youtube,17990,1905,7532,672,25,7,,False,Creator 1030,BR,creator1030@mail.example,beauty
CR01031,youtube,@creator1031_youtube,36327,4009,126180,4283,1,39,,False,Creator 1031,FR,creator1031@mail.example,education
CR01031,tiktok,@creator1031_tiktok,1008700,55717,5647479,175646,45302,3771,2480.0,False,Creator 1031,FR,creator1031@mail.example,education
CR01031,instagram,@creator1031_instagram,207961,20993,90235,4831,211,114,0.0,False,Creator 1031,FR,creator1031@mail.example,education
CR01032,tiktok,@creator1032_tiktok,2484,198,3177,287,1,5,39.0,False,Creator 1032,CA,creator1032@mail.example,finance
CR01033,youtube,@creator1033_youtube,14214,1036,34085,2702,37,0,,False,Creator 1033,BR,creator1033@mail.example,comedy
CR01033,instagram,@creator1033_instagram,39154,3067,35337,628,91,112,34.0,False,Creator 1033,BR,creator1033@mail.example,comedy
CR01034,tiktok,@creator1034_tiktok,939031,72911,5579568,163523,22770,0,9330.0,False,Creator 1034,FR,creator1034@mail.example,fitness
CR01034,instagram,@creator1034_instagram,636,93,51,0,0,0,0.0,False,Creator 1034,FR,creator1034@mail.example,fitness
CR01035,tiktok,@creator1035_tiktok,35011,1752,85808,4120,59,211,210.0,False,Creator 1035,GB,creator1035@mail.example,education
CR01035,youtube,@creator1035_youtube,10536,926,16767,544,31,19,,False,Creator 1035,GB,creator1035@mail.example,education
CR01035,instagram,@creator1035_instagram,95547,3318,25490,850,67,99,22.0,False,Creator 1035,GB,creator1035@mail.example,education
CR01036,instagram,@creator1036_instagram,49051,2927,39176,777,187,37,0.0,False,Creator 1036,US,creator1036@mail.example,beauty
CR01037,tiktok,@creator1037_tiktok,51405,3134,289627,9076,497,839,40.0,False,Creator 1037,JP,creator1037@mail.example,comedy
CR01037,youtube,@creator1037_youtube,149571,16282,194742,12098,763,23,,False,Creator 1037,JP,creator1037@mail.example,comedy
CR01037,instagram,@creator1037_instagram,134329,-3217,103142,5035,0,154,416.0,False,Creator 1037,JP,creator1037@mail.example,comedy
CR01038,youtube,@creator1038_youtube,222091,-2405,295826,21398,944,1493,,False,Creator 1038,MX,creator1038@mail.example,fitness
CR01039,youtube,@creator1039_youtube,3101,463,19173,1196,101,60,,False,Creator 1039,MX,creator1039@mail.example,tech
CR01039,instagram,@creator1039_instagram,20750,1278,17179,843,54,70,16.0,False,Creator 1039,MX,creator1039@mail.example,tech
CR01039,tiktok,@creator1039_tiktok,2891,403,4918,155,3,0,13.0,False,Creator 1039,MX,creator1039@mail.example,tech
CR01040,tiktok,@creator1040_tiktok,16998,2228,21269,883,0,0,0.0,False,Creator 1040,DE,creator1040@mail.example,music
CR01041,tiktok,@creator1041_tiktok,75695,10251,236441,8615,891,101,845.0,False,Creator 1041,CA,creator1041@mail.example,finance
CR01041,youtube,@creator1041_youtube,47266,3329,161319,8900,3020,637,,False,Creator 1041,CA,creator1041@mail.example,finance
CR01041,instagram,@creator1041_instagram,32929,4153,12791,335,91,0,22.0,False,Creator 1041,CA,creator1041@mail.example,finance
CR01042,instagram,@creator1042_instagram,3332,147,2701,151,2,46,11.0,False,Creator 1042,FR,creator1042@mail.example,tech
CR01042,tiktok,@creator1042_tiktok,392432,3035,1784948,109636,1981,1755,20319.0,False,Creator 1042,FR,creator1042@mail.example,tech
CR01042,youtube,@creator1042_youtube,79685,4661,103395,6302,737,154,,False,Creator 1042,FR,creator1042@mail.example,tech
CR01043,tiktok,@creator1043_tiktok,108920,-7487,299388,16529,5604,3718,491.0,False,Creator 1043,GB,creator1043@mail.example,tech
CR01043,youtube,@creator1043_youtube,60685,7285,76834,4933,163,469,,False,Creator 1043,GB,creator1043@mail.example,tech
CR01043,instagram,@creator1043_instagram,1311120,208521,520654,28805,1860,14,4184.0,False,Creator 1043,GB,creator1043@mail.example,tech
CR01044,youtube,@creator1044_youtube,25630,2137,20837,1138,242,246,,False,Creator 1044,GB,creator1044@mail.example,food
CR01044,tiktok,@creator1044_tiktok,103499,-3233,164008,6965,1805,0,193.0,False,Creator 1044,GB,creator1044@mail.example,food
CR01045,youtube,@creator1045_youtube,31369,3261,87022,2246,592,3,,False,Creator 1045,IN,creator1045@mail.example,beauty
CR01045,instagram,@creator1045_instagram,11817,1312,8377,428,40,42,35.0,False,Creator 1045,IN,creator1045@mail.example,beauty
CR01045,tiktok,@creator1045_tiktok,21150,1022,30071,642,13,57,17.0,False,Creator 1045,IN,creator1045@mail.example,beauty
CR01046,instagram,@creator1046_instagram,13483,2678,3712,113,3,88,17.0,False,Creator 1046,KR,creator1046@mail.example,comedy
CR01046,tiktok,@creator1046_tiktok,25806,2221,117879,6382,584,77,742.0,False,Creator 1046,KR,creator1046@mail.example,comedy
CR01046,youtube,@creator1046_youtube,200200,-1484,235584,13217,2121,0,,False,Creator 1046,KR,creator1046@mail.example,comedy
CR01047,tiktok,@creator1047_tiktok,303,48,2918,175,0,38,32.0,False,Creator 1047,GB,creator1047@mail.example,tech
CR01047,youtube,@creator1047_youtube,1013419,117918,1017120,43200,6166,286,,False,Creator 1047,GB,creator1047@mail.example,tech
CR01047,instagram,@creator1047_instagram,22964,3076,3371,126,18,6,0.0,False,Creator 1047,GB,creator1047@mail.example,tech
CR01048,tiktok,@creator1048_tiktok,37108,5657,340315,17741,184,929,4660.0,False,Creator 1048,BR,creator1048@mail.example,education
CR01049,youtube,@creator1049_youtube,7284,565,6605,585,7,76,,False,Creator 1049,GB,creator1049@mail.example,finance
CR01049,instagram,@creator1049_instagram,136691,17454,20689,803,11,5,0.0,False,Creator 1049,GB,creator1049@mail.example,finance
CR01049,tiktok,@creator1049_tiktok,74610,3229,536608,11249,2173,7,3367.0,False,Creator 1049,GB,creator1049@mail.example,finance
CR01050,tiktok,@creator1050_tiktok,539826,12713,474367,10743,1026,0,2131.0,False,Creator 1050,FR,creator1050@mail.example,finance
CR01050,youtube,@creator1050_youtube,249441,-3675,185031,9163,39,204,,False,Creator 1050,FR,creator1050@mail.example,finance
CR01050,instagram,@creator1050_instagram,21423,-555,8639,469,1,44,26.0,False,Creator 1050,FR,creator1050@mail.example,finance
CR01051,youtube,@creator1051_youtube,947402,152519,605042,62067,25,795,,False,Creator 1051,JP,creator1051@mail.example,food
CR01051,tiktok,@creator1051_tiktok,13665,1659,85640,3847,0,10,20.0,False,Creator 1051,JP,creator1051@mail.example,food
CR01051,instagram,@creator1051_instagram,37180,5092,36987,712,98,52,101.0,False,Creator 1051,JP,creator1051@mail.example,food
CR01052,instagram,@creator1052_instagram,31601,2782,28691,1270,203,315,31.0,False,Creator 1052,JP,creator1052@mail.example,music
CR01053,youtube,@creator1053_youtube,7437,1518,8794,405,25,9,,False,Creator 1053,CA,creator1053@mail.example,food
CR01054,tiktok,@creator1054_tiktok,10849,1412,114036,4002,436,337,897.0,False,Creator 1054,BR,creator1054@mail.example,comedy
CR01054,youtube,@creator1054_youtube,84668,11888,22812,676,142,0,,False,Creator 1054,BR,creator1054@mail.example,comedy
CR01055,youtube,@creator1055_youtube,15154,1105,16121,664,46,116,,False,Creator 1055,CA,creator1055@mail.example,travel
CR01055,instagram,@creator1055_instagram,21937,3808,1635,109,1,28,1.0,False,Creator 1055,CA,creator1055@mail.example,travel
CR01055,tiktok,@creator1055_tiktok,77803,-346,196386,4018,275,132,517.0,False,Creator 1055,CA,creator1055@mail.example,travel
CR01056,youtube,@creator1056_youtube,37679,4007,80922,5779,1339,263,,False,Creator 1056,FR,creator1056@mail.example,education
CR01056,tiktok,@creator1056_tiktok,904071,-48326,5426319,336624,38696,1396,1299.0,False,Creator 1056,FR,creator1056@mail.example,education
CR01056,instagram,@creator1056_instagram,870504,5486,881833,52788,2809,3893,0.0,False,Creator 1056,FR,creator1056@mail.example,education
CR01057,tiktok,@creator1057_tiktok,118215,5918,538498,16760,406,2338,246.0,False,Creator 1057,JP,creator1057@mail.example,comedy
CR01057,youtube,@creator1057_youtube,72936,5615,68711,2916,202,0,,False,Creator 1057,JP,creator1057@mail.example,comedy
CR01058,tiktok,@creator1058_tiktok,25441,4768,749941,25010,2896,562,9178.0,False,Creator 1058,KR,creator1058@mail.example,tech
CR01059,instagram,@creator1059_instagram,153376,15332,114684,7801,109,85,53.0,True,Creator 1059,BR,creator1059@mail.example,finance
CR01059,youtube,@creator1059_youtube,36773,7119,45728,1775,40,0,,False,Creator 1059,BR,creator1059@mail.example,finance
CR01059,tiktok,@creator1059_tiktok,4739,226,30522,1108,80,85,99.0,False,Creator 1059,BR,creator1059@mail.example,finance
CR01060,instagram,@creator1060_instagram,20281,1084,11375,306,4,49,71.0,False,Creator 1060,MX,creator1060@mail.example,education
CR01060,youtube,@creator1060_youtube,12312,276,34981,1450,407,425,,False,Creator 1060,MX,creator1060@mail.example,education
CR01061,tiktok,@creator1061_tiktok,7679,944,35971,1617,46,93,20.0,False,Creator 1061,GB,creator1061@mail.example,education
CR01061,youtube,@creator1061_youtube,14076,2121,20671,1170,65,0,,False,Creator 1061,GB,creator1061@mail.example,education
CR01061,instagram,@creator1061_instagram,23693,2674,14683,1169,61,45,27.0,True,Creator 1061,GB,creator1061@mail.example,education
CR01062,youtube,@creator1062_youtube,55218,4194,116055,7653,703,0,,False,Creator 1062,IN,creator1062@mail.example,tech
CR01063,instagram,@creator1063_instagram,44919,6742,26267,546,91,25,0.0,False,Creator 1063,IN,creator1063@mail.example,gaming
CR01063,tiktok,@creator1063_tiktok,288700,14581,881480,61512,49,63,1483.0,False,Creator 1063,IN,creator1063@mail.example,gaming
CR01064,youtube,@creator1064_youtube,27326,2873,11045,764,43,14,,False,Creator 1064,IN,creator1064@mail.example,food
CR01064,tiktok,@creator1064_tiktok,1993,365,13545,346,180,20,84.0,False,Creator 1064,IN,creator1064@mail.example,food
CR01064,instagram,@creator1064_instagram,4260,288,6362,171,0,14,0.0,True,Creator 1064,IN,creator1064@mail.example,food
CR01065,youtube,@creator1065_youtube,369240,27644,404817,19521,162,363,,False,Creator 1065,KR,creator1065@mail.example,travel
CR01065,tiktok,@creator1065_tiktok,6040,373,17974,1177,34,0,87.0,False,Creator 1065,KR,creator1065@mail.example,travel
CR01065,instagram,@creator1065_instagram,175082,24074,184581,6907,2605,805,0.0,False,Creator 1065,KR,creator1065@mail.example,travel
CR01066,tiktok,@creator1066_tiktok,7711,1380,47890,1850,508,18,3.0,False,Creator 1066,IN,creator1066@mail.example,food
CR01067,youtube,@creator1067_youtube,712959,68994,429446,22452,447,1877,,False,Creator 1067,DE,creator1067@mail.example,food
CR01068,youtube,@creator1068_youtube,119980,19003,83041,8083,234,287,,False,Creator 1068,IN,creator1068@mail.example,comedy
CR01068,tiktok,@creator1068_tiktok,992211,48439,5344104,361130,6447,39413,1754.0,False,Creator 1068,IN,creator1068@mail.example,comedy
CR01069,instagram,@creator1069_instagram,138254,16971,61481,3096,57,465,5.0,False,Creator 1069,IN,creator1069@mail.example,comedy
CR01069,tiktok,@creator1069_tiktok,5481,1092,10299,514,9,7,114.0,False,Creator 1069,IN,creator1069@mail.example,comedy
CR01070,tiktok,@creator1070_tiktok,4940,363,11342,326,24,18,55.0,False,Creator 1070,BR,creator1070@mail.example,music
CR01071,tiktok,@creator1071_tiktok,68765,7819,556923,25693,2601,88,13.0,False,Creator 1071,JP,creator1071@mail.example,finance
CR01071,instagram,@creator1071_instagram,58735,1430,6615,559,77,87,6.0,False,Creator 1071,JP,creator1071@mail.example,finance
CR01071,youtube,@creator1071_youtube,777524,45337,579586,21468,0,25,,False,Creator 1071,JP,creator1071@mail.example,finance
CR01072,tiktok,@creator1072_tiktok,92492,5407,255967,16692,3191,222,322.0,False,Creator 1072,BR,creator1072@mail.example,music
CR01073,youtube,@creator1073_youtube,8673,1375,13821,1115,0,0,,False,Creator 1073,CA,creator1073@mail.example,gaming
CR01073,tiktok,@creator1073_tiktok,66663,8912,311783,19689,254,713,1709.0,False,Creator 1073,CA,creator1073@mail.example,gaming
CR01073,instagram,@creator1073_instagram,3387,389,7222,316,34,16,2.0,False,Creator 1073,CA,creator1073@mail.example,gaming
CR01074,tiktok,@creator1074_tiktok,185012,1026,2600413,37337,5368,3345,8502.0,False,Creator 1074,BR,creator1074@mail.example,travel
CR01075,youtube,@creator1075_youtube,14268,1586,12170,544,116,14,,False,Creator 1075,BR,creator1075@mail.example,fitness
CR01075,tiktok,@creator1075_tiktok,25337,1255,19662,500,14,6,4.0,False,Creator 1075,BR,creator1075@mail.example,fitness
CR01076,tiktok,@creator1076_tiktok,8133,1660,13775,240,33,4,0.0,False,Creator 1076,CA,creator1076@mail.example,food
CR01077,tiktok,@creator1077_tiktok,4780,602,24753,1426,19,76,224.0,False,Creator 1077,IN,creator1077@mail.example,travel
CR01077,youtube,@creator1077_youtube,330078,-16323,239090,15296,1238,200,,False,Creator 1077,IN,creator1077@mail.example,travel
CR01077,instagram,@creator1077_instagram,9861,1486,11505,317,49,11,18.0,False,Creator 1077,IN,creator1077@mail.example,travel
CR01078,instagram,@creator1078_instagram,246246,38686,207636,6492,178,506,816.0,False,Creator 1078,KR,creator1078@mail.example,comedy
CR01078,tiktok,@creator1078_tiktok,3987,351,13149,875,91,11,91.0,False,Creator 1078,KR,creator1078@mail.example,comedy
CR01078,youtube,@creator1078_youtube,37454,4258,67468,2118,13,285,,False,Creator 1078,KR,creator1078@mail.example,comedy
CR01079,tiktok,@creator1079_tiktok,37718,2972,235425,12905,1975,1042,1195.0,False,Creator 1079,BR,creator1079@mail.example,travel
CR01079,youtube,@creator1079_youtube,38290,955,67297,3270,279,66,,False,Creator 1079,BR,creator1079@mail.example,travel
CR01080,tiktok,@creator1080_tiktok,406034,9154,1618350,65130,9860,0,6711.0,False,Creator 1080,DE,creator1080@mail.example,education
CR01080,instagram,@creator1080_instagram,57484,2904,99570,5904,210,193,646.0,False,Creator 1080,DE,creator1080@mail.example,education
CR01080,youtube,@creator1080_youtube,47906,26,105289,2785,969,292,,False,Creator 1080,DE,creator1080@mail.example,education
CR01081,youtube,@creator1081_youtube,9119,1046,7215,299,21,30,,False,Creator 1081,GB,creator1081@mail.example,tech
CR01081,tiktok,@creator1081_tiktok,11732,967,41168,2590,101,46,13.0,False,Creator 1081,GB,creator1081@mail.example,tech
CR01081,instagram,@creator1081_instagram,95081,13980,137329,11928,220,498,65.0,False,Creator 1081,GB,creator1081@mail.example,tech
CR01082,youtube,@creator1082_youtube,1442382,151060,1671224,32103,2114,159,,False,Creator 1082,FR,creator1082@mail.example,tech
CR01082,instagram,@creator1082_instagram,10145,-461,6660,121,13,28,0.0,False,Creator 1082,FR,creator1082@mail.example,tech
CR01083,instagram,@creator1083_instagram,43228,5054,18295,1238,239,33,129.0,False,Creator 1083,IN,creator1083@mail.example,food
CR01084,youtube,@creator1084_youtube,195365,2184,570228,32346,1588,733,,False,Creator 1084,BR,creator1084@mail.example,tech
CR01084,tiktok,@creator1084_tiktok,12444,1535,55619,3291,1,15,73.0,False,Creator 1084,BR,creator1084@mail.example,tech
CR01084,instagram,@creator1084_instagram,95052,8613,40161,1824,48,3,0.0,False,Creator 1084,BR,creator1084@mail.example,tech
CR01085,youtube,@creator1085_youtube,89141,3952,144439,3399,108,0,,False,Creator 1085,MX,creator1085@mail.example,gaming
CR01085,tiktok,@creator1085_tiktok,102222,6406,1710900,73220,4376,968,3.0,False,Creator 1085,MX,creator1085@mail.example,gaming
CR01085,instagram,@creator1085_instagram,13004,852,16789,856,52,6,3.0,False,Creator 1085,MX,creator1085@mail.example,gaming
CR01086,instagram,@creator1086_instagram,2616,288,645,23,0,0,0.0,False,Creator 1086,MX,creator1086@mail.example,gaming
CR01086,youtube,@creator1086_youtube,216331,2459,359110,12349,592,615,,False,Creator 1086,MX,creator1086@mail.example,gaming
CR01087,instagram,@creator1087_instagram,64821,9361,82087,4708,636,45,50.0,False,Creator 1087,BR,creator1087@mail.example,fitness
CR01087,youtube,@creator1087_youtube,116290,15244,131126,8550,1134,18,,False,Creator 1087,BR,creator1087@mail.example,fitness
CR01088,instagram,@creator1088_instagram,27458,867,16095,781,4,0,134.0,False,Creator 1088,GB,creator1088@mail.example,comedy
CR01088,youtube,@creator1088_youtube,5900,723,3989,254,0,7,,False,Creator 1088,GB,creator1088@mail.example,comedy
CR01088,tiktok,@creator1088_tiktok,47853,18,346114,29751,776,1525,191.0,False,Creator 1088,GB,creator1088@mail.example,comedy
CR01089,tiktok,@creator1089_tiktok,585434,89640,632697,27014,3809,19,351.0,False,Creator 1089,JP,creator1089@mail.example,beauty
CR01089,instagram,@creator1089_instagram,145931,13060,21451,1028,16,99,122.0,False,Creator 1089,JP,creator1089@mail.example,beauty
CR01090,youtube,@creator1090_youtube,97826,-4681,175287,5167,65,584,,False,Creator 1090,US,creator1090@mail.example,finance
CR01090,tiktok,@creator1090_tiktok,33404,5103,120307,6884,849,409,405.0,False,Creator 1090,US,creator1090@mail.example,finance
CR01091,tiktok,@creator1091_tiktok,43215,3422,91975,3755,315,0,0.0,False,Creator 1091,GB,creator1091@mail.example,travel
CR01091,youtube,@creator1091_youtube,34863,2227,138933,8104,76,300,,False,Creator 1091,GB,creator1091@mail.example,travel
CR01092,youtube,@creator1092_youtube,206260,22049,104135,3623,154,10,,False,Creator 1092,US,creator1092@mail.example,education
CR01092,tiktok,@creator1092_tiktok,173181,-18677,662403,47237,232,517,0.0,False,Creator 1092,US,creator1092@mail.example,education
CR01092,instagram,@creator1092_instagram,55071,-327,13790,607,27,114,0.0,False,Creator 1092,US,creator1092@mail.example,education
CR01093,youtube,@creator1093_youtube,53935,5654,49357,2714,81,409,,False,Creator 1093,JP,creator1093@mail.example,gaming
CR01093,instagram,@creator1093_instagram,16567,580,8042,231,108,4,75.0,False,Creator 1093,JP,creator1093@mail.example,gaming
CR01093,tiktok,@creator1093_tiktok,8424,358,11277,595,24,74,32.0,False,Creator 1093,JP,creator1093@mail.example,gaming
CR01094,instagram,@creator1094_instagram,26418,-1525,7790,530,26,49,12.0,False,Creator 1094,BR,creator1094@mail.example,comedy
CR01094,tiktok,@creator1094_tiktok,30657,383,79291,6097,242,241,442.0,False,Creator 1094,BR,creator1094@mail.example,comedy
CR01095,youtube,@creator1095_youtube,26884,3327,58938,1594,70,89,,False,Creator 1095,JP,creator1095@mail.example,music
CR01095,tiktok,@creator1095_tiktok,92165,8019,114455,6261,177,192,1098.0,False,Creator 1095,JP,creator1095@mail.example,music
CR01096,youtube,@creator1096_youtube,102054,14119,112943,9530,187,76,,False,Creator 1096,DE,creator1096@mail.example,education
CR01096,tiktok,@creator1096_tiktok,260377,12877,1367023,72436,2238,0,5.0,False,Creator 1096,DE,creator1096@mail.example,education
CR01097,tiktok,@creator1097_tiktok,9215,625,15073,289,96,0,80.0,False,Creator 1097,US,creator1097@mail.example,travel
CR01098,tiktok,@creator1098_tiktok,154153,14337,332110,10092,3,136,875.0,False,Creator 1098,IN,creator1098@mail.example,beauty
CR01099,youtube,@creator1099_youtube,15318,1371,6129,328,55,36,,False,Creator 1099,BR,creator1099@mail.example,comedy
CR01099,instagram,@creator1099_instagram,34019,-476,25727,1895,20,18,35.0,False,Creator 1099,BR,creator1099@mail.example,comedy
CR01100,tiktok,@creator1100_tiktok,33126,4797,99304,4894,309,198,316.0,False,Creator 1100,GB,creator1100@mail.example,food
CR01101,tiktok,@creator1101_tiktok,104793,18187,142459,2159,0,47,1202.0,False,Creator 1101,US,creator1101@mail.example,fitness
CR01101,instagram,@creator1101_instagram,3431228,370431,3167570,131030,5162,3412,2646.0,False,Creator 1101,US,creator1101@mail.example,fitness
CR01102,tiktok,@creator1102_tiktok,63244,7109,217190,14903,2821,545,13.0,False,Creator 1102,BR,creator1102@mail.example,music
CR01102,instagram,@creator1102_instagram,9323,406,15157,309,28,0,144.0,False,Creator 1102,BR,creator1102@mail.example,music
CR01102,youtube,@creator1102_youtube,13418,226,8632,515,96,0,,False,Creator 1102,BR,creator1102@mail.example,music
CR01103,instagram,@creator1103_instagram,628279,-47431,312940,17878,524,864,634.0,False,Creator 1103,KR,creator1103@mail.example,travel
CR01103,tiktok,@creator1103_tiktok,21231,2302,92914,2185,258,9,1.0,False,Creator 1103,KR,creator1103@mail.example,travel
CR01103,youtube,@creator1103_youtube,50170,3412,194209,5464,1073,204,,False,Creator 1103,KR,creator1103@mail.example,travel
CR01104,instagram,@creator1104_instagram,33637,2146,73875,3785,222,320,58.0,False,Creator 1104,KR,creator1104@mail.example,travel
CR01104,youtube,@creator1104_youtube,21441,2307,48276,4894,0,51,,False,Creator 1104,KR,creator1104@mail.example,travel
CR01105,instagram,@creator1105_instagram,8566,1041,1112,43,0,0,2.0,False,Creator 1105,BR,creator1105@mail.example,fitness
CR01105,tiktok,@creator1105_tiktok,168501,18406,248174,11317,619,610,466.0,False,Creator 1105,BR,creator1105@mail.example,fitness
CR01105,youtube,@creator1105_youtube,62695,7352,141143,7708,127,932,,False,Creator 1105,BR,creator1105@mail.example,fitness
CR01106,instagram,@creator1106_instagram,41166,-288,62505,2194,582,269,231.0,False,Creator 1106,GB,creator1106@mail.example,food
CR01106,youtube,@creator1106_youtube,28350,1201,22140,1092,23,22,,False,Creator 1106,GB,creator1106@mail.example,food
CR01107,youtube,@creator1107_youtube,128899,11084,162449,12446,397,370,,False,Creator 1107,DE,creator1107@mail.example,finance
CR01107,tiktok,@creator1107_tiktok,13053,1456,42133,848,0,335,46.0,False,Creator 1107,DE,creator1107@mail.example,finance
CR01108,youtube,@creator1108_youtube,55491,4155,29055,1390,99,25,,False,Creator 1108,MX,creator1108@mail.example,finance
CR01109,instagram,@creator1109_instagram,108512,-1984,80974,2125,12,0,49.0,False,Creator 1109,CA,creator1109@mail.example,tech
CR01109,tiktok,@creator1109_tiktok,392722,-20875,925942,56680,1336,1188,5381.0,False,Creator 1109,CA,creator1109@mail.example,tech
CR01110,youtube,@creator1110_youtube,68766,5640,141252,3201,97,140,,False,Creator 1110,JP,creator1110@mail.example,comedy
CR01110,instagram,@creator1110_instagram,22191,3272,9514,357,12,0,23.0,False,Creator 1110,JP,creator1110@mail.example,comedy
CR01111,youtube,@creator1111_youtube,109330,13171,166883,7562,468,86,,False,Creator 1111,KR,creator1111@mail.example,beauty
CR01111,instagram,@creator1111_instagram,223255,12920,262656,17984,91,1293,751.0,False,Creator 1111,KR,creator1111@mail.example,beauty
CR01111,tiktok,@creator1111_tiktok,165221,9833,230095,14543,498,649,633.0,False,Creator 1111,KR,creator1111@mail.example,beauty
CR01112,tiktok,@creator1112_tiktok,23487,623,93240,4350,226,16,346.0,False,Creator 1112,IN,creator1112@mail.example,education
CR01112,youtube,@creator1112_youtube,80990,2393,71308,5496,218,265,,False,Creator 1112,IN,creator1112@mail.example,education
CR01113,tiktok,@creator1113_tiktok,172459,33701,372625,22532,1151,0,1300.0,False,Creator 1113,US,creator1113@mail.example,tech
CR01114,tiktok,@creator1114_tiktok,70427,2509,126088,3366,114,27,796.0,False,Creator 1114,GB,creator1114@mail.example,fitness
CR01114,instagram,@creator1114_instagram,245648,29119,55031,2397,630,224,0.0,False,Creator 1114,GB,creator1114@mail.example,fitness
CR01115,tiktok,@creator1115_tiktok,7415,81,15628,450,129,0,134.0,False,Creator 1115,KR,creator1115@mail.example,music
CR01115,youtube,@creator1115_youtube,151840,9180,200147,9350,1037,2339,,False,Creator 1115,KR,creator1115@mail.example,music
CR01116,youtube,@creator1116_youtube,92835,-4428,139777,3204,621,442,,False,Creator 1116,KR,creator1116@mail.example,beauty
CR01116,instagram,@creator1116_instagram,40395,6104,21013,488,7,60,17.0,False,Creator 1116,KR,creator1116@mail.example,beauty
CR01117,youtube,@creator1117_youtube,102585,10813,116731,5254,24,934,,False,Creator 1117,DE,creator1117@mail.example,gaming
CR01117,instagram,@creator1117_instagram,12067,674,10911,899,24,22,0.0,False,Creator 1117,DE,creator1117@mail.example,gaming
CR01118,instagram,@creator1118_instagram,14476,1253,26102,476,88,0,53.0,True,Creator 1118,BR,creator1118@mail.example,music
CR01119,youtube,@creator1119_youtube,9744,754,5259,297,7,74,,False,Creator 1119,US,creator1119@mail.example,comedy
CR01119,tiktok,@creator1119_tiktok,242534,29433,380051,5775,955,720,10.0,False,Creator 1119,US,creator1119@mail.example,comedy
CR01119,instagram,@creator1119_instagram,323873,24140,200624,8099,458,1370,142.0,False,Creator 1119,US,creator1119@mail.example,comedy
CR01120,youtube,@creator1120_youtube,402353,56465,239323,8088,23,35,,False,Creator 1120,DE,creator1120@mail.example,finance
CR01120,instagram,@creator1120_instagram,282999,44076,268248,13976,1168,405,709.0,False,Creator 1120,DE,creator1120@mail.example,finance
CR01121,tiktok,@creator1121_tiktok,44199,1998,261098,22404,918,0,119.0,False,Creator 1121,DE,creator1121@mail.example,beauty
CR01121,youtube,@creator1121_youtube,14226,1912,41316,2342,68,127,,False,Creator 1121,DE,creator1121@mail.example,beauty
CR01121,instagram,@creator1121_instagram,120277,5632,114258,7293,42,402,737.0,False,Creator 1121,DE,creator1121@mail.example,beauty
CR01122,youtube,@creator1122_youtube,82203,6515,23855,1559,218,13,,False,Creator 1122,CA,creator1122@mail.example,education
CR01122,instagram,@creator1122_instagram,98352,6101,117736,2769,5,190,1.0,False,Creator 1122,CA,creator1122@mail.example,education
CR01123,instagram,@creator1123_instagram,1317635,145644,548499,25768,1618,940,1287.0,False,Creator 1123,US,creator1123@mail.example,music
CR01124,tiktok,@creator1124_tiktok,59279,3532,185956,12001,304,9,2606.0,False,Creator 1124,BR,creator1124@mail.example,finance
CR01124,instagram,@creator1124_instagram,843570,59786,927481,62982,2238,915,2655.0,False,Creator 1124,BR,creator1124@mail.example,finance
CR01124,youtube,@creator1124_youtube,263277,12176,109236,6769,691,549,,False,Creator 1124,BR,creator1124@mail.example,finance
CR01125,youtube,@creator1125_youtube,8162,1377,15530,404,14,45,,False,Creator 1125,IN,creator1125@mail.example,fitness
CR01126,instagram,@creator1126_instagram,7667,1343,11394,416,49,33,1.0,False,Creator 1126,US,creator1126@mail.example,music
CR01126,youtube,@creator1126_youtube,17331,441,14154,852,105,0,,False,Creator 1126,US,creator1126@mail.example,music
CR01126,tiktok,@creator1126_tiktok,52907,-1485,249986,7081,69,196,272.0,False,Creator 1126,US,creator1126@mail.example,music
CR01127,youtube,@creator1127_youtube,52628,1735,90384,2697,51,40,,False,Creator 1127,KR,creator1127@mail.example,tech
CR01127,tiktok,@creator1127_tiktok,22270,1862,82268,1923,663,100,1127.0,False,Creator 1127,KR,creator1127@mail.example,tech
CR01128,instagram,@creator1128_instagram,143638,1050,118045,5726,53,3,216.0,False,Creator 1128,BR,creator1128@mail.example,finance
CR01128,tiktok,@creator1128_tiktok,48943,-2102,64950,4966,3,337,13.0,False,Creator 1128,BR,creator1128@mail.example,finance
CR01129,instagram,@creator1129_instagram,14967,1470,10639,642,0,60,0.0,False,Creator 1129,US,creator1129@mail.example,finance
CR01129,tiktok,@creator1129_tiktok,67064,10944,554672,24718,942,688,304.0,False,Creator 1129,US,creator1129@mail.example,finance
CR01130,youtube,@creator1130_youtube,76381,6935,95942,2570,119,78,,False,Creator 1130,DE,creator1130@mail.example,beauty
CR01130,instagram,@creator1130_instagram,589556,-35803,1705281,34986,1671,782,304.0,False,Creator 1130,DE,creator1130@mail.example,beauty
CR01130,tiktok,@creator1130_tiktok,227136,17973,3210423,121915,13761,984,9521.0,False,Creator 1130,DE,creator1130@mail.example,beauty
CR01131,youtube,@creator1131_youtube,107886,9236,109978,2479,48,15,,False,Creator 1131,FR,creator1131@mail.example,music
CR01131,tiktok,@creator1131_tiktok,31382,1056,151414,5576,376,708,579.0,False,Creator 1131,FR,creator1131@mail.example,music
CR01131,instagram,@creator1131_instagram,37117,4345,7911,234,10,49,0.0,False,Creator 1131,FR,creator1131@mail.example,music
CR01132,instagram,@creator1132_instagram,50194,4004,89245,3415,0,0,195.0,False,Creator 1132,DE,creator1132@mail.example,education
CR01132,tiktok,@creator1132_tiktok,64575,-5508,149260,8515,48,187,5.0,False,Creator 1132,DE,creator1132@mail.example,education
CR01133,instagram,@creator1133_instagram,661887,-7684,1310098,26734,2221,4600,2671.0,False,Creator 1133,CA,creator1133@mail.example,education
CR01134,youtube,@creator1134_youtube,16212,1615,17730,1217,63,235,,False,Creator 1134,KR,creator1134@mail.example,tech
CR01134,instagram,@creator1134_instagram,79455,9474,174911,8364,146,128,0.0,False,Creator 1134,KR,creator1134@mail.example,tech
CR01134,tiktok,@creator1134_tiktok,406322,38749,1583193,21612,322,1314,360.0,False,Creator 1134,KR,creator1134@mail.example,tech
CR01135,tiktok,@creator1135_tiktok,240967,11833,1104709,89906,137,0,3600.0,False,Creator 1135,IN,creator1135@mail.example,travel
CR01135,instagram,@creator1135_instagram,205136,31708,511444,19683,505,331,0.0,False,Creator 1135,IN,creator1135@mail.example,travel
CR01136,instagram,@creator1136_instagram,129592,1603,60257,1459,74,390,22.0,False,Creator 1136,GB,creator1136@mail.example,tech
CR01136,tiktok,@creator1136_tiktok,43849,2386,110856,9089,1456,14,0.0,False,Creator 1136,GB,creator1136@mail.example,tech
CR01136,youtube,@creator1136_youtube,631947,42980,698556,53465,7822,2927,,False,Creator 1136,GB,creator1136@mail.example,tech
CR01137,tiktok,@creator1137_tiktok,129704,1462,849407,36772,1092,1673,0.0,False,Creator 1137,BR,creator1137@mail.example,travel
CR01137,youtube,@creator1137_youtube,2734,217,5164,318,81,29,,False,Creator 1137,BR,creator1137@mail.example,travel
CR01138,youtube,@creator1138_youtube,140989,4732,95391,3967,122,248,,False,Creator 1138,US,creator1138@mail.example,music
CR01138,instagram,@creator1138_instagram,16521,1517,3735,95,8,3,9.0,False,Creator 1138,US,creator1138@mail.example,music
CR01138,tiktok,@creator1138_tiktok,2484,-5,2457,156,13,38,4.0,False,Creator 1138,US,creator1138@mail.example,music
CR01139,instagram,@creator1139_instagram,67881,2841,13115,278,4,0,1.0,False,Creator 1139,JP,creator1139@mail.example,comedy
CR01140,tiktok,@creator1140_tiktok,114831,13575,380305,26041,348,997,0.0,False,Creator 1140,MX,creator1140@mail.example,comedy
CR01141,instagram,@creator1141_instagram,254957,29202,126843,4653,1092,187,769.0,False,Creator 1141,JP,creator1141@mail.example,finance
CR01142,youtube,@creator1142_youtube,92252,11603,56087,1255,181,63,,False,Creator 1142,GB,creator1142@mail.example,music
CR01142,instagram,@creator1142_instagram,6121,998,9495,599,26,42,35.0,False,Creator 1142,GB,creator1142@mail.example,music
CR01143,youtube,@creator1143_youtube,55535,3786,44073,1683,36,47,,False,Creator 1143,FR,creator1143@mail.example,travel
CR01143,instagram,@creator1143_instagram,2155,292,3725,249,2,5,6.0,False,Creator 1143,FR,creator1143@mail.example,travel
CR01144,tiktok,@creator1144_tiktok,224673,18838,965934,23714,1018,901,214.0,False,Creator 1144,GB,creator1144@mail.example,gaming
CR01144,youtube,@creator1144_youtube,892179,-36158,656341,59215,259,3651,,False,Creator 1144,GB,creator1144@mail.example,gaming
CR01144,instagram,@creator1144_instagram,70127,5728,80781,1507,3,233,71.0,True,Creator 1144,GB,creator1144@mail.example,gaming
CR01145,instagram,@creator1145_instagram,5363,624,1507,73,0,1,4.0,False,Creator 1145,FR,creator1145@mail.example,education
CR01145,tiktok,@creator1145_tiktok,38503,3493,159674,11683,3,442,558.0,False,Creator 1145,FR,creator1145@mail.example,education
CR01145,youtube,@creator1145_youtube,16861,-1043,25013,362,43,114,,False,Creator 1145,FR,creator1145@mail.example,education
CR01146,instagram,@creator1146_instagram,326880,40568,124453,4794,393,0,1282.0,False,Creator 1146,MX,creator1146@mail.example,music
CR01146,tiktok,@creator1146_tiktok,30483,747,42303,1118,99,33,41.0,False,Creator 1146,MX,creator1146@mail.example,music
CR01147,youtube,@creator1147_youtube,225777,7524,117350,3186,12,0,,False,Creator 1147,CA,creator1147@mail.example,education
CR01147,instagram,@creator1147_instagram,138324,6071,35165,867,96,131,156.0,False,Creator 1147,CA,creator1147@mail.example,education
CR01147,tiktok,@creator1147_tiktok,3449,553,4826,355,5,3,0.0,False,Creator 1147,CA,creator1147@mail.example,education
CR01148,tiktok,@creator1148_tiktok,59339,-5072,96856,3405,34,58,118.0,False,Creator 1148,MX,creator1148@mail.example,tech
CR01148,youtube,@creator1148_youtube,152704,12117,44550,651,662,0,,False,Creator 1148,MX,creator1148@mail.example,tech
CR01148,instagram,@creator1148_instagram,108886,235,101645,8316,342,915,196.0,False,Creator 1148,MX,creator1148@mail.example,tech
CR01149,tiktok,@creator1149_tiktok,40617,4043,64877,2176,218,35,398.0,False,Creator 1149,GB,creator1149@mail.example,fitness
CR01149,instagram,@creator1149_instagram,228191,-3725,141460,4556,1340,0,114.0,False,Creator 1149,GB,creator1149@mail.example,fitness
CR01150,tiktok,@creator1150_tiktok,3891215,179433,33168669,1380831,125996,116876,1276.0,False,Creator 1150,CA,creator1150@mail.example,comedy
CR01150,youtube,@creator1150_youtube,5862,838,3103,76,0,6,,False,Creator 1150,CA,creator1150@mail.example,comedy
CR01150,instagram,@creator1150_instagram,10975,1269,989,59,1,0,4.0,False,Creator 1150,CA,creator1150@mail.example,comedy
CR01151,youtube,@creator1151_youtube,1167380,66946,3191796,214456,15200,12693,,False,Creator 1151,FR,creator1151@mail.example,tech
CR01151,instagram,@creator1151_instagram,69598,7774,72053,4022,2,275,124.0,False,Creator 1151,FR,creator1151@mail.example,tech
CR01152,instagram,@creator1152_instagram,436970,34517,103750,4085,632,294,60.0,False,Creator 1152,IN,creator1152@mail.example,fitness
CR01152,tiktok,@creator1152_tiktok,37590,194,128642,4030,48,21,34.0,False,Creator 1152,IN,creator1152@mail.example,fitness
CR01153,instagram,@creator1153_instagram,131651,-1583,49348,1182,642,159,49.0,False,Creator 1153,FR,creator1153@mail.example,music
CR01154,instagram,@creator1154_instagram,42809,1782,31377,2057,81,118,197.0,False,Creator 1154,IN,creator1154@mail.example,finance
CR01154,youtube,@creator1154_youtube,9821,1437,4297,259,0,10,,False,Creator 1154,IN,creator1154@mail.example,finance
CR01155,tiktok,@creator1155_tiktok,153072,8052,341073,24535,0,560,590.0,False,Creator 1155,IN,creator1155@mail.example,music
CR01155,youtube,@creator1155_youtube,174739,7667,230880,15521,419,143,,False,Creator 1155,IN,creator1155@mail.example,music
CR01155,instagram,@creator1155_instagram,47250,9021,50222,3239,286,346,499.0,False,Creator 1155,IN,creator1155@mail.example,music
CR01156,instagram,@creator1156_instagram,1217749,190613,548207,17386,2131,2124,9.0,False,Creator 1156,FR,creator1156@mail.example,finance
CR01156,youtube,@creator1156_youtube,36870,1878,34632,2344,70,2,,False,Creator 1156,FR,creator1156@mail.example,finance
CR01156,tiktok,@creator1156_tiktok,22986,1697,85834,3295,116,2,10.0,False,Creator 1156,FR,creator1156@mail.example,finance
CR01157,tiktok,@creator1157_tiktok,15698,817,87676,5148,497,200,7.0,False,Creator 1157,US,creator1157@mail.example,food
CR01157,youtube,@creator1157_youtube,937869,95485,1339910,25227,5913,167,,False,Creator 1157,US,creator1157@mail.example,food
CR01157,instagram,@creator1157_instagram,48430,2615,56667,3263,173,357,101.0,True,Creator 1157,US,creator1157@mail.example,food
CR01158,tiktok,@creator1158_tiktok,1347226,195925,3366116,149443,5167,206,12310.0,False,Creator 1158,IN,creator1158@mail.example,beauty
CR01159,youtube,@creator1159_youtube,44249,4343,62085,1655,2,23,,False,Creator 1159,KR,creator1159@mail.example,travel
CR01160,youtube,@creator1160_youtube,5721,715,15712,752,28,0,,False,Creator 1160,DE,creator1160@mail.example,travel
CR01160,tiktok,@creator1160_tiktok,31304,1637,247422,15954,1577,472,308.0,False,Creator 1160,DE,creator1160@mail.example,travel
CR01160,instagram,@creator1160_instagram,673335,-98833,338326,24717,1314,445,1395.0,False,Creator 1160,DE,creator1160@mail.example,travel
CR01161,instagram,@creator1161_instagram,47825,7367,18918,1311,17,72,2.0,False,Creator 1161,FR,creator1161@mail.example,finance
CR01161,youtube,@creator1161_youtube,31173,3939,75427,4359,189,592,,False,Creator 1161,FR,creator1161@mail.example,finance
CR01162,youtube,@creator1162_youtube,3569,509,3817,126,4,8,,False,Creator 1162,FR,creator1162@mail.example,food
CR01162,tiktok,@creator1162_tiktok,32895,2759,78861,1731,71,0,442.0,False,Creator 1162,FR,creator1162@mail.example,food
CR01163,youtube,@creator1163_youtube,9741,108,4494,219,0,2,,False,Creator 1163,US,creator1163@mail.example,travel
CR01163,instagram,@creator1163_instagram,63533,1830,11039,714,70,17,37.0,False,Creator 1163,US,creator1163@mail.example,travel
CR01163,tiktok,@creator1163_tiktok,5106,495,12192,647,20,0,0.0,False,Creator 1163,US,creator1163@mail.example,travel
CR01164,tiktok,@creator1164_tiktok,25348,2249,32210,827,61,13,0.0,False,Creator 1164,DE,creator1164@mail.example,food
CR01165,youtube,@creator1165_youtube,11472,1514,28743,1238,150,37,,False,Creator 1165,BR,creator1165@mail.example,music
CR01165,instagram,@creator1165_instagram,23432,1936,2806,82,14,2,3.0,False,Creator 1165,BR,creator1165@mail.example,music
CR01166,instagram,@creator1166_instagram,61566,8124,38312,2560,281,66,368.0,True,Creator 1166,FR,creator1166@mail.example,gaming
CR01166,tiktok,@creator1166_tiktok,63091,-1669,112144,3412,101,385,0.0,False,Creator 1166,FR,creator1166@mail.example,gaming
CR01167,instagram,@creator1167_instagram,22604,3138,51054,4661,330,207,82.0,False,Creator 1167,FR,creator1167@mail.example,gaming
CR01167,tiktok,@creator1167_tiktok,13838,356,30925,2054,0,77,70.0,False,Creator 1167,FR,creator1167@mail.example,gaming
CR01167,youtube,@creator1167_youtube,101984,15802,110893,3092,925,175,,False,Creator 1167,FR,creator1167@mail.example,gaming
CR01168,instagram,@creator1168_instagram,17656,1732,36535,1040,94,197,2.0,False,Creator 1168,BR,creator1168@mail.example,gaming
CR01168,tiktok,@creator1168_tiktok,47361,5770,63761,3497,85,33,109.0,False,Creator 1168,BR,creator1168@mail.example,gaming
CR01168,youtube,@creator1168_youtube,15532,1381,21349,810,31,0,,False,Creator 1168,BR,creator1168@mail.example,gaming
CR01169,youtube,@creator1169_youtube,97734,559,45152,1058,181,0,,False,Creator 1169,US,creator1169@mail.example,tech
CR01170,instagram,@creator1170_instagram,223822,14178,65976,2595,1,114,19.0,False,Creator 1170,FR,creator1170@mail.example,finance
CR01170,tiktok,@creator1170_tiktok,103507,9760,184138,5656,12,156,112.0,False,Creator 1170,FR,creator1170@mail.example,finance
CR01171,instagram,@creator1171_instagram,48571,3130,23145,1163,20,122,7.0,False,Creator 1171,CA,creator1171@mail.example,education
CR01171,tiktok,@creator1171_tiktok,23199,1555,268935,7433,105,210,67.0,False,Creator 1171,CA,creator1171@mail.example,education
CR01171,youtube,@creator1171_youtube,67721,5832,97149,3852,294,16,,False,Creator 1171,CA,creator1171@mail.example,education
CR01172,tiktok,@creator1172_tiktok,7276,307,7527,517,0,0,70.0,False,Creator 1172,FR,creator1172@mail.example,tech
CR01172,youtube,@creator1172_youtube,9842,724,7859,155,32,71,,False,Creator 1172,FR,creator1172@mail.example,tech
CR01172,instagram,@creator1172_instagram,5363,571,6473,186,7,6,60.0,False,Creator 1172,FR,creator1172@mail.example,tech
CR01173,tiktok,@creator1173_tiktok,7720,228,44752,914,19,131,119.0,False,Creator 1173,GB,creator1173@mail.example,comedy
CR01174,instagram,@creator1174_instagram,244592,3079,104681,1972,455,14,137.0,False,Creator 1174,GB,creator1174@mail.example,tech
CR01174,youtube,@creator1174_youtube,101017,8045,82924,4880,9,0,,False,Creator 1174,GB,creator1174@mail.example,tech
CR01174,tiktok,@creator1174_tiktok,13832,786,49228,2797,32,5,113.0,False,Creator 1174,GB,creator1174@mail.example,tech
CR01175,youtube,@creator1175_youtube,189205,9167,61966,1414,328,667,,False,Creator 1175,FR,creator1175@mail.example,comedy
CR01175,tiktok,@creator1175_tiktok,15952,3235,78653,4299,4,111,237.0,False,Creator 1175,FR,creator1175@mail.example,comedy
CR01175,instagram,@creator1175_instagram,17376,740,14829,1120,122,0,3.0,False,Creator 1175,FR,creator1175@mail.example,comedy
CR01176,tiktok,@creator1176_tiktok,7644,988,34722,1301,159,0,0.0,False,Creator 1176,KR,creator1176@mail.example,finance
CR01176,youtube,@creator1176_youtube,112109,4363,221066,6848,1219,608,,False,Creator 1176,KR,creator1176@mail.example,finance
CR01176,instagram,@creator1176_instagram,65353,2952,24773,943,27,0,15.0,False,Creator 1176,KR,creator1176@mail.example,finance
CR01177,instagram,@creator1177_instagram,16391,517,12223,538,37,41,51.0,False,Creator 1177,DE,creator1177@mail.example,music
CR01177,tiktok,@creator1177_tiktok,8006,1121,27373,1010,92,110,65.0,False,Creator 1177,DE,creator1177@mail.example,music
CR01178,instagram,@creator1178_instagram,1899,294,3334,256,8,56,5.0,False,Creator 1178,JP,creator1178@mail.example,comedy
CR01178,tiktok,@creator1178_tiktok,16168,1186,20746,1584,239,4,67.0,False,Creator 1178,JP,creator1178@mail.example,comedy
CR01178,youtube,@creator1178_youtube,3262,341,17736,808,172,104,,False,Creator 1178,JP,creator1178@mail.example,comedy
CR01179,instagram,@creator1179_instagram,93667,16927,58567,2813,90,0,61.0,False,Creator 1179,CA,creator1179@mail.example,comedy
CR01179,youtube,@creator1179_youtube,25633,2412,12429,663,56,5,,False,Creator 1179,CA,creator1179@mail.example,comedy
CR01180,youtube,@creator1180_youtube,137295,7642,47689,1849,3,220,,False,Creator 1180,CA,creator1180@mail.example,music
CR01180,tiktok,@creator1180_tiktok,3750,325,9197,507,15,47,20.0,False,Creator 1180,CA,creator1180@mail.example,music
CR01181,youtube,@creator1181_youtube,43800,6719,29612,1839,361,142,,False,Creator 1181,US,creator1181@mail.example,music
CR01181,instagram,@creator1181_instagram,22722,3708,21892,1107,71,8,8.0,False,Creator 1181,US,creator1181@mail.example,music
CR01181,tiktok,@creator1181_tiktok,123141,6105,537066,25670,3146,6145,57.0,False,Creator 1181,US,creator1181@mail.example,music
CR01182,youtube,@creator1182_youtube,2784,376,1044,32,3,3,,False,Creator 1182,US,creator1182@mail.example,education
CR01182,tiktok,@creator1182_tiktok,108826,19069,284594,12980,831,2148,1606.0,False,Creator 1182,US,creator1182@mail.example,education
CR01183,youtube,@creator1183_youtube,335991,14957,328667,13260,2590,638,,False,Creator 1183,MX,creator1183@mail.example,travel
CR01184,instagram,@creator1184_instagram,74413,5257,14212,411,3,23,42.0,True,Creator 1184,CA,creator1184@mail.example,gaming
CR01184,youtube,@creator1184_youtube,161152,-15345,808863,65069,0,4987,,False,Creator 1184,CA,creator1184@mail.example,gaming
CR01184,tiktok,@creator1184_tiktok,160664,11709,1339253,59707,569,291,4.0,False,Creator 1184,CA,creator1184@mail.example,gaming
CR01185,tiktok,@creator1185_tiktok,2798,309,6755,241,10,29,85.0,False,Creator 1185,FR,creator1185@mail.example,finance
CR01186,tiktok,@creator1186_tiktok,33515,5280,60687,2238,593,37,418.0,False,Creator 1186,GB,creator1186@mail.example,travel
CR01186,instagram,@creator1186_instagram,69221,12768,46658,1204,12,0,13.0,False,Creator 1186,GB,creator1186@mail.example,travel
CR01186,youtube,@creator1186_youtube,130735,5684,87365,4702,421,96,,False,Creator 1186,GB,creator1186@mail.example,travel
CR01187,youtube,@creator1187_youtube,44372,2744,28613,1797,264,24,,False,Creator 1187,KR,creator1187@mail.example,education
CR01187,instagram,@creator1187_instagram,10692,520,10958,653,6,219,8.0,False,Creator 1187,KR,creator1187@mail.example,education
CR01187,tiktok,@creator1187_tiktok,28344,112,78956,3954,151,0,0.0,False,Creator 1187,KR,creator1187@mail.example,education
CR01188,youtube,@creator1188_youtube,12025,1485,27486,973,130,58,,False,Creator 1188,KR,creator1188@mail.example,gaming
CR01189,youtube,@creator1189_youtube,192465,12411,303258,5434,1054,25,,False,Creator 1189,DE,creator1189@mail.example,beauty
CR01189,instagram,@creator1189_instagram,1127,-55,173,3,0,0,0.0,False,Creator 1189,DE,creator1189@mail.example,beauty
CR01190,tiktok,@creator1190_tiktok,10970,565,30875,535,80,22,90.0,False,Creator 1190,MX,creator1190@mail.example,comedy
CR01190,instagram,@creator1190_instagram,4315,-148,4281,333,5,0,54.0,False,Creator 1190,MX,creator1190@mail.example,comedy
CR01190,youtube,@creator1190_youtube,21187,152,9307,555,94,44,,False,Creator 1190,MX,creator1190@mail.example,comedy
CR01191,tiktok,@creator1191_tiktok,26506,2645,91603,4298,70,1,98.0,False,Creator 1191,CA,creator1191@mail.example,food
CR01191,youtube,@creator1191_youtube,21719,3102,135854,8618,1411,94,,False,Creator 1191,CA,creator1191@mail.example,food
CR01191,instagram,@creator1191_instagram,323374,51058,73428,3945,71,84,343.0,False,Creator 1191,CA,creator1191@mail.example,food
CR01192,instagram,@creator1192_instagram,23998,1904,34360,1442,0,39,347.0,False,Creator 1192,CA,creator1192@mail.example,beauty
CR01192,tiktok,@creator1192_tiktok,15105,3242,38488,1951,115,153,41.0,False,Creator 1192,CA,creator1192@mail.example,beauty
CR01193,youtube,@creator1193_youtube,67894,12021,164998,10937,296,0,,False,Creator 1193,DE,creator1193@mail.example,music
CR01193,tiktok,@creator1193_tiktok,8823,735,11761,442,7,0,65.0,False,Creator 1193,DE,creator1193@mail.example,music
CR01194,youtube,@creator1194_youtube,2821,434,9237,664,14,0,,False,Creator 1194,IN,creator1194@mail.example,travel
CR01194,instagram,@creator1194_instagram,215117,921,164266,3546,129,0,598.0,False,Creator 1194,IN,creator1194@mail.example,travel
CR01194,tiktok,@creator1194_tiktok,388908,-39663,499332,18132,1332,2398,810.0,False,Creator 1194,IN,creator1194@mail.example,travel
CR01195,instagram,@creator1195_instagram,19801,3876,11591,675,0,28,10.0,False,Creator 1195,CA,creator1195@mail.example,comedy
CR01195,youtube,@creator1195_youtube,29786,2153,50921,3866,93,297,,False,Creator 1195,CA,creator1195@mail.example,comedy
CR01196,youtube,@creator1196_youtube,45082,6581,318025,10803,1388,153,,False,Creator 1196,MX,creator1196@mail.example,music
CR01197,youtube,@creator1197_youtube,43127,3577,57380,3473,508,10,,False,Creator 1197,CA,creator1197@mail.example,comedy
CR01197,instagram,@creator1197_instagram,6753,-241,6219,584,35,0,10.0,False,Creator 1197,CA,creator1197@mail.example,comedy
CR01198,tiktok,@creator1198_tiktok,95796,13194,403576,27791,669,5258,2367.0,False,Creator 1198,GB,creator1198@mail.example,finance
CR01198,instagram,@creator1198_instagram,701375,60904,160097,11669,3603,1733,0.0,False,Creator 1198,GB,creator1198@mail.example,finance
CR01199,youtube,@creator1199_youtube,217844,-2182,522437,39347,4292,1698,,False,Creator 1199,GB,creator1199@mail.example,fitness
CR01199,tiktok,@creator1199_tiktok,6643,536,38598,1049,129,88,7.0,False,Creator 1199,GB,creator1199@mail.example,fitness
CR01199,instagram,@creator1199_instagram,30306,-785,37582,3156,34,18,173.0,False,Creator 1199,GB,creator1199@mail.example,fitness
CR01200,youtube,@creator1200_youtube,166314,23901,176063,9695,935,887,,False,Creator 1200,FR,creator1200@mail.example,food
CR01200,instagram,@creator1200_instagram,3124,117,1635,77,6,0,0.0,False,Creator 1200,FR,creator1200@mail.example,food
CR01200,tiktok,@creator1200_tiktok,45171,6894,271236,10471,0,4162,88.0,False,Creator 1200,FR,creator1200@mail.example,food
CR01201,tiktok,@creator1201_tiktok,197112,-13177,1710227,137780,6949,555,825.0,False,Creator 1201,JP,creator1201@mail.example,music
CR01201,instagram,@creator1201_instagram,28989,2486,22061,763,29,3,49.0,False,Creator 1201,JP,creator1201@mail.example,music
CR01201,youtube,@creator1201_youtube,70271,7617,229763,11868,761,249,,False,Creator 1201,JP,creator1201@mail.example,music
CR01202,instagram,@creator1202_instagram,6215,266,2597,273,0,14,3.0,False,Creator 1202,BR,creator1202@mail.example,education
CR01202,tiktok,@creator1202_tiktok,43793,3070,295958,19186,646,0,7.0,False,Creator 1202,BR,creator1202@mail.example,education
CR01203,tiktok,@creator1203_tiktok,873,-9,860,15,1,2,0.0,False,Creator 1203,IN,creator1203@mail.example,music
CR01204,instagram,@creator1204_instagram,15815,194,5040,141,39,0,5.0,False,Creator 1204,CA,creator1204@mail.example,education
CR01204,youtube,@creator1204_youtube,24833,4007,12199,463,121,13,,False,Creator 1204,CA,creator1204@mail.example,education
CR01204,tiktok,@creator1204_tiktok,55145,6338,660698,53806,2307,2755,3443.0,False,Creator 1204,CA,creator1204@mail.example,education
CR01205,youtube,@creator1205_youtube,11824,540,1863,44,1,0,,False,Creator 1205,US,creator1205@mail.example,finance
CR01205,instagram,@creator1205_instagram,26682,1318,28724,446,6,26,127.0,False,Creator 1205,US,creator1205@mail.example,finance
CR01206,tiktok,@creator1206_tiktok,91375,-3185,378767,19487,6482,0,1559.0,False,Creator 1206,JP,creator1206@mail.example,finance
CR01207,youtube,@creator1207_youtube,14356,1294,22618,1094,11,13,,False,Creator 1207,DE,creator1207@mail.example,travel
CR01207,tiktok,@creator1207_tiktok,250212,7821,538695,20704,3079,0,770.0,False,Creator 1207,DE,creator1207@mail.example,travel
CR01207,instagram,@creator1207_instagram,123696,3782,74828,2331,155,0,396.0,False,Creator 1207,DE,creator1207@mail.example,travel
CR01208,tiktok,@creator1208_tiktok,119801,11366,110357,2203,265,151,32.0,False,Creator 1208,US,creator1208@mail.example,comedy
CR01208,youtube,@creator1208_youtube,22009,2441,8817,235,41,9,,False,Creator 1208,US,creator1208@mail.example,comedy
CR01209,tiktok,@creator1209_tiktok,161723,20439,573436,15781,27,0,1.0,False,Creator 1209,KR,creator1209@mail.example,beauty
CR01210,youtube,@creator1210_youtube,509222,28629,1512723,101575,906,407,,False,Creator 1210,FR,creator1210@mail.example,fitness
CR01210,tiktok,@creator1210_tiktok,66616,4816,106191,9025,0,199,113.0,False,Creator 1210,FR,creator1210@mail.example,fitness
CR01211,tiktok,@creator1211_tiktok,11886,-493,16811,634,0,54,33.0,False,Creator 1211,GB,creator1211@mail.example,travel
CR01211,youtube,@creator1211_youtube,11513,961,3361,137,1,21,,False,Creator 1211,GB,creator1211@mail.example,travel
CR01211,instagram,@creator1211_instagram,17163,160,6519,267,54,36,0.0,False,Creator 1211,GB,creator1211@mail.example,travel
CR01212,tiktok,@creator1212_tiktok,11312,1138,24513,802,111,0,42.0,False,Creator 1212,KR,creator1212@mail.example,travel
CR01212,instagram,@creator1212_instagram,100318,3281,202512,6323,629,547,1203.0,False,Creator 1212,KR,creator1212@mail.example,travel
CR01212,youtube,@creator1212_youtube,32494,2081,15098,602,145,34,,False,Creator 1212,KR,creator1212@mail.example,travel
CR01213,instagram,@creator1213_instagram,3949,581,702,12,1,0,0.0,False,Creator 1213,CA,creator1213@mail.example,travel
CR01213,tiktok,@creator1213_tiktok,66051,-90,277946,24964,832,3951,0.0,False,Creator 1213,CA,creator1213@mail.example,travel
CR01213,youtube,@creator1213_youtube,12261,110,7399,396,3,62,,False,Creator 1213,CA,creator1213@mail.example,travel
CR01214,instagram,@creator1214_instagram,89554,8881,5385,483,0,0,2.0,True,Creator 1214,BR,creator1214@mail.example,beauty
CR01215,tiktok,@creator1215_tiktok,65697,11110,403143,15090,1271,300,948.0,False,Creator 1215,KR,creator1215@mail.example,tech
CR01215,youtube,@creator1215_youtube,43490,-4908,28751,1715,1053,85,,False,Creator 1215,KR,creator1215@mail.example,tech
CR01215,instagram,@creator1215_instagram,32413,2105,7300,631,25,48,35.0,True,Creator 1215,KR,creator1215@mail.example,tech
CR01216,tiktok,@creator1216_tiktok,33009,5756,1108959,23983,2464,472,828.0,False,Creator 1216,FR,creator1216@mail.example,comedy
CR01216,instagram,@creator1216_instagram,12414,1397,3186,107,0,6,0.0,False,Creator 1216,FR,creator1216@mail.example,comedy
CR01216,youtube,@creator1216_youtube,1583386,23166,5410988,245249,36820,5663,,False,Creator 1216,FR,creator1216@mail.example,comedy
CR01217,tiktok,@creator1217_tiktok,54491,6980,70527,1423,0,31,93.0,False,Creator 1217,KR,creator1217@mail.example,fitness
CR01217,youtube,@creator1217_youtube,492155,10879,423378,21573,484,0,,False,Creator 1217,KR,creator1217@mail.example,fitness
CR01217,instagram,@creator1217_instagram,41477,3080,40768,1928,26,18,16.0,False,Creator 1217,KR,creator1217@mail.example,fitness
CR01218,youtube,@creator1218_youtube,20295,1619,15824,1550,22,8,,False,Creator 1218,BR,creator1218@mail.example,beauty
CR01218,instagram,@creator1218_instagram,2668,-143,1268,29,3,0,1.0,False,Creator 1218,BR,creator1218@mail.example,beauty
CR01219,tiktok,@creator1219_tiktok,47983,845,54783,1961,42,93,0.0,False,Creator 1219,JP,creator1219@mail.example,tech
CR01219,youtube,@creator1219_youtube,48603,5473,42416,1427,40,202,,False,Creator 1219,JP,creator1219@mail.example,tech
CR01219,instagram,@creator1219_instagram,83600,15484,19802,1102,171,74,17.0,False,Creator 1219,JP,creator1219@mail.example,tech
CR01220,tiktok,@creator1220_tiktok,38228,5368,179181,16387,316,0,265.0,False,Creator 1220,CA,creator1220@mail.example,travel
CR01220,youtube,@creator1220_youtube,1263704,256329,2416432,139571,0,1,,False,Creator 1220,CA,creator1220@mail.example,travel
CR01220,instagram,@creator1220_instagram,23392,2026,20997,699,297,44,24.0,False,Creator 1220,CA,creator1220@mail.example,travel
CR01221,tiktok,@creator1221_tiktok,47808,4562,71123,1724,214,40,14.0,False,Creator 1221,KR,creator1221@mail.example,comedy
CR01222,youtube,@creator1222_youtube,29956,1138,62146,1272,0,68,,False,Creator 1222,BR,creator1222@mail.example,music
CR01222,instagram,@creator1222_instagram,51168,4356,36668,1626,120,0,119.0,True,Creator 1222,BR,creator1222@mail.example,music
CR01222,tiktok,@creator1222_tiktok,17364,1560,39306,2006,164,64,203.0,False,Creator 1222,BR,creator1222@mail.example,music
CR01223,youtube,@creator1223_youtube,316999,56674,415462,29675,3298,1071,,False,Creator 1223,US,creator1223@mail.example,fitness
CR01223,tiktok,@creator1223_tiktok,44922,-1239,196896,11087,1254,395,2043.0,False,Creator 1223,US,creator1223@mail.example,fitness
CR01223,instagram,@creator1223_instagram,50282,10259,7888,183,28,0,64.0,False,Creator 1223,US,creator1223@mail.example,fitness
CR01224,instagram,@creator1224_instagram,43854,-424,16453,556,80,0,0.0,True,Creator 1224,FR,creator1224@mail.example,comedy
CR01224,youtube,@creator1224_youtube,51357,8012,62440,5660,574,202,,False,Creator 1224,FR,creator1224@mail.example,comedy
CR01224,tiktok,@creator1224_tiktok,505329,45391,1783733,83780,5727,3224,33.0,False,Creator 1224,FR,creator1224@mail.example,comedy
CR01225,youtube,@creator1225_youtube,35166,-304,50210,1989,104,151,,False,Creator 1225,MX,creator1225@mail.example,tech
CR01226,youtube,@creator1226_youtube,9136,676,45227,4604,204,26,,False,Creator 1226,CA,creator1226@mail.example,comedy
CR01226,instagram,@creator1226_instagram,16002,1409,14549,537,144,0,116.0,False,Creator 1226,CA,creator1226@mail.example,comedy
CR01227,instagram,@creator1227_instagram,213969,42383,108949,8585,386,0,106.0,False,Creator 1227,FR,creator1227@mail.example,food
CR01228,instagram,@creator1228_instagram,92008,12933,57396,4059,1,187,138.0,False,Creator 1228,DE,creator1228@mail.example,comedy
CR01228,tiktok,@creator1228_tiktok,15536,656,79742,5920,106,313,18.0,False,Creator 1228,DE,creator1228@mail.example,comedy
CR01228,youtube,@creator1228_youtube,756,43,1045,77,10,0,,False,Creator 1228,DE,creator1228@mail.example,comedy
CR01229,youtube,@creator1229_youtube,11771,-1005,12814,620,0,44,,False,Creator 1229,GB,creator1229@mail.example,food
CR01229,tiktok,@creator1229_tiktok,24741,4404,35603,2082,244,0,0.0,False,Creator 1229,GB,creator1229@mail.example,food
CR01229,instagram,@creator1229_instagram,23570,4627,22207,636,65,6,47.0,False,Creator 1229,GB,creator1229@mail.example,food
CR01230,instagram,@creator1230_instagram,68296,-970,23792,898,174,10,134.0,False,Creator 1230,CA,creator1230@mail.example,music
CR01231,youtube,@creator1231_youtube,616005,48643,976392,82023,5562,815,,False,Creator 1231,BR,creator1231@mail.example,fitness
CR01231,tiktok,@creator1231_tiktok,14228,2226,51786,2495,221,119,649.0,False,Creator 1231,BR,creator1231@mail.example,fitness
CR01232,instagram,@creator1232_instagram,5999,448,7189,320,71,3,13.0,False,Creator 1232,BR,creator1232@mail.example,gaming
CR01232,tiktok,@creator1232_tiktok,4444,172,13822,968,68,23,38.0,False,Creator 1232,BR,creator1232@mail.example,gaming
CR01232,youtube,@creator1232_youtube,103227,8149,122813,5079,0,49,,False,Creator 1232,BR,creator1232@mail.example,gaming
CR01233,tiktok,@creator1233_tiktok,112670,-17322,715795,43077,3319,1010,1935.0,False,Creator 1233,US,creator1233@mail.example,finance
CR01233,instagram,@creator1233_instagram,32951,3628,10738,464,8,0,7.0,False,Creator 1233,US,creator1233@mail.example,finance
CR01233,youtube,@creator1233_youtube,40488,7282,47878,1736,186,101,,False,Creator 1233,US,creator1233@mail.example,finance
CR01234,youtube,@creator1234_youtube,38285,-843,13154,740,249,0,,False,Creator 1234,MX,creator1234@mail.example,finance
CR01235,youtube,@creator1235_youtube,168336,19992,143730,8311,1484,295,,False,Creator 1235,US,creator1235@mail.example,beauty
CR01235,instagram,@creator1235_instagram,72546,7766,64557,3422,87,0,233.0,False,Creator 1235,US,creator1235@mail.example,beauty
CR01235,tiktok,@creator1235_tiktok,315791,48334,1107445,22578,0,2053,1215.0,False,Creator 1235,US,creator1235@mail.example,beauty
CR01236,tiktok,@creator1236_tiktok,45518,-64,206266,8837,157,193,340.0,False,Creator 1236,DE,creator1236@mail.example,travel
CR01236,youtube,@creator1236_youtube,23320,4382,28652,784,36,28,,False,Creator 1236,DE,creator1236@mail.example,travel
CR01236,instagram,@creator1236_instagram,15117,1595,9251,485,2,6,70.0,False,Creator 1236,DE,creator1236@mail.example,travel
CR01237,instagram,@creator1237_instagram,48201,2538,4741,247,31,46,0.0,False,Creator 1237,GB,creator1237@mail.example,finance
CR01238,tiktok,@creator1238_tiktok,535091,78265,6586896,425661,3084,24863,72490.0,False,Creator 1238,FR,creator1238@mail.example,gaming
CR01239,tiktok,@creator1239_tiktok,84238,15041,233404,4899,498,7,9.0,False,Creator 1239,KR,creator1239@mail.example,music
CR01239,youtube,@creator1239_youtube,48319,-1421,172657,9085,746,2198,,False,Creator 1239,KR,creator1239@mail.example,music
CR01240,tiktok,@creator1240_tiktok,7635,1164,15462,766,73,46,14.0,False,Creator 1240,JP,creator1240@mail.example,gaming
CR01240,youtube,@creator1240_youtube,43430,-1626,105161,3821,9,162,,False,Creator 1240,JP,creator1240@mail.example,gaming
CR01240,instagram,@creator1240_instagram,45987,8411,35933,2890,316,20,0.0,False,Creator 1240,JP,creator1240@mail.example,gaming
CR01241,tiktok,@creator1241_tiktok,585260,-13304,1367908,39993,578,1022,77.0,False,Creator 1241,MX,creator1241@mail.example,gaming
CR01241,instagram,@creator1241_instagram,17258,-2376,19859,1152,194,60,70.0,True,Creator 1241,MX,creator1241@mail.example,gaming
CR01241,youtube,@creator1241_youtube,81880,7423,75717,3030,516,776,,False,Creator 1241,MX,creator1241@mail.example,gaming
CR01242,tiktok,@creator1242_tiktok,216782,-21837,443269,22226,3812,0,2895.0,False,Creator 1242,IN,creator1242@mail.example,tech
CR01243,youtube,@creator1243_youtube,267276,14697,1126455,39993,206,1050,,False,Creator 1243,FR,creator1243@mail.example,comedy
CR01243,tiktok,@creator1243_tiktok,47099,2266,130535,4124,529,32,3.0,False,Creator 1243,FR,creator1243@mail.example,comedy
CR01243,instagram,@creator1243_instagram,160053,24407,62149,4582,890,83,52.0,False,Creator 1243,FR,creator1243@mail.example,comedy
CR01244,instagram,@creator1244_instagram,7965,605,3238,273,1,16,14.0,True,Creator 1244,IN,creator1244@mail.example,gaming
CR01244,tiktok,@creator1244_tiktok,374162,52568,370636,9497,2073,505,193.0,False,Creator 1244,IN,creator1244@mail.example,gaming
CR01245,instagram,@creator1245_instagram,131919,12609,64048,1934,231,0,267.0,False,Creator 1245,KR,creator1245@mail.example,tech
CR01245,youtube,@creator1245_youtube,92169,8205,47477,1532,21,60,,False,Creator 1245,KR,creator1245@mail.example,tech
CR01246,youtube,@creator1246_youtube,544428,89621,455356,13715,18,1979,,False,Creator 1246,BR,creator1246@mail.example,music
CR01246,tiktok,@creator1246_tiktok,13597,2409,64475,1634,44,104,14.0,False,Creator 1246,BR,creator1246@mail.example,music
CR01247,tiktok,@creator1247_tiktok,6984,145,41832,786,127,173,82.0,False,Creator 1247,FR,creator1247@mail.example,beauty
CR01247,instagram,@creator1247_instagram,66632,-3583,12603,536,28,0,2.0,False,Creator 1247,FR,creator1247@mail.example,beauty
CR01247,youtube,@creator1247_youtube,8876,1117,8816,161,17,5,,False,Creator 1247,FR,creator1247@mail.example,beauty
CR01248,tiktok,@creator1248_tiktok,75113,6675,480661,32748,872,101,2914.0,False,Creator 1248,FR,creator1248@mail.example,finance
CR01248,instagram,@creator1248_instagram,37732,1370,24198,1134,65,0,341.0,False,Creator 1248,FR,creator1248@mail.example,finance
CR01248,youtube,@creator1248_youtube,85027,13388,34102,956,0,0,,False,Creator 1248,FR,creator1248@mail.example,finance
CR01249,instagram,@creator1249_instagram,18763,976,9333,248,16,21,1.0,False,Creator 1249,DE,creator1249@mail.example,gaming
CR01249,youtube,@creator1249_youtube,103908,332,201353,17316,1036,1536,,False,Creator 1249,DE,creator1249@mail.example,gaming
CR01249,tiktok,@creator1249_tiktok,8983,916,53089,2521,0,403,12.0,False,Creator 1249,DE,creator1249@mail.example,gaming
CR01250,tiktok,@creator1250_tiktok,47047,6923,69052,3135,341,649,121.0,False,Creator 1250,JP,creator1250@mail.example,gaming
CR01250,instagram,@creator1250_instagram,43667,3441,17376,1005,0,22,58.0,False,Creator 1250,JP,creator1250@mail.example,gaming
CR01251,tiktok,@creator1251_tiktok,107136,-7198,870852,57534,1314,10002,0.0,False,Creator 1251,MX,creator1251@mail.example,food
CR01251,youtube,@creator1251_youtube,46594,2885,39220,984,58,72,,False,Creator 1251,MX,creator1251@mail.example,food
CR01251,instagram,@creator1251_instagram,13814,1811,11758,492,11,10,16.0,False,Creator 1251,MX,creator1251@mail.example,food
CR01252,tiktok,@creator1252_tiktok,6899,572,42233,3186,0,223,641.0,False,Creator 1252,JP,creator1252@mail.example,fitness
CR01252,youtube,@creator1252_youtube,266011,46911,271458,3296,192,471,,False,Creator 1252,JP,creator1252@mail.example,fitness
CR01252,instagram,@creator1252_instagram,71641,4583,21243,994,127,48,181.0,False,Creator 1252,JP,creator1252@mail.example,fitness
CR01253,instagram,@creator1253_instagram,93855,14453,17038,428,0,77,306.0,False,Creator 1253,CA,creator1253@mail.example,education
CR01253,youtube,@creator1253_youtube,40042,709,65201,2266,465,106,,False,Creator 1253,CA,creator1253@mail.example,education
CR01253,tiktok,@creator1253_tiktok,325329,8935,2199653,97211,3588,4833,2186.0,False,Creator 1253,CA,creator1253@mail.example,education
CR01254,instagram,@creator1254_instagram,49275,5994,14035,570,123,4,255.0,False,Creator 1254,US,creator1254@mail.example,comedy
CR01254,youtube,@creator1254_youtube,175217,22145,278841,12033,857,1727,,False,Creator 1254,US,creator1254@mail.example,comedy
CR01254,tiktok,@creator1254_tiktok,14119,-132,68918,3582,835,2,295.0,False,Creator 1254,US,creator1254@mail.example,comedy
CR01255,youtube,@creator1255_youtube,4580381,511818,11419205,736220,70499,0,,False,Creator 1255,US,creator1255@mail.example,finance
CR01255,tiktok,@creator1255_tiktok,47252,1759,57670,4090,277,47,90.0,False,Creator 1255,US,creator1255@mail.example,finance
CR01255,instagram,@creator1255_instagram,96537,-14765,90263,7020,425,181,173.0,False,Creator 1255,US,creator1255@mail.example,finance
CR01256,youtube,@creator1256_youtube,41438,-1490,19400,1659,90,1,,False,Creator 1256,KR,creator1256@mail.example,tech
CR01257,youtube,@creator1257_youtube,31550,3200,28807,1513,112,0,,False,Creator 1257,JP,creator1257@mail.example,comedy
CR01257,tiktok,@creator1257_tiktok,166908,11210,590098,27272,601,2699,3206.0,False,Creator 1257,JP,creator1257@mail.example,comedy
CR01258,youtube,@creator1258_youtube,54712,6955,40097,3477,27,70,,False,Creator 1258,JP,creator1258@mail.example,comedy
CR01259,tiktok,@creator1259_tiktok,548500,60555,5684842,356358,15154,1861,2805.0,False,Creator 1259,BR,creator1259@mail.example,fitness
CR01259,youtube,@creator1259_youtube,24726,3522,33533,680,20,28,,False,Creator 1259,BR,creator1259@mail.example,fitness
CR01259,instagram,@creator1259_instagram,273604,21193,146117,7775,929,150,3050.0,False,Creator 1259,BR,creator1259@mail.example,fitness
CR01260,tiktok,@creator1260_tiktok,72010,4829,197982,15153,1379,2617,565.0,False,Creator 1260,JP,creator1260@mail.example,finance
CR01261,tiktok,@creator1261_tiktok,423033,58944,561283,18964,285,1413,2093.0,False,Creator 1261,KR,creator1261@mail.example,food
CR01261,instagram,@creator1261_instagram,7747,1107,6736,208,23,10,0.0,False,Creator 1261,KR,creator1261@mail.example,food
CR01262,youtube,@creator1262_youtube,3613,235,23529,923,58,0,,False,Creator 1262,JP,creator1262@mail.example,music
CR01262,tiktok,@creator1262_tiktok,120708,18803,436752,21511,489,1494,5464.0,False,Creator 1262,JP,creator1262@mail.example,music
CR01263,tiktok,@creator1263_tiktok,42136,3981,441123,28729,1657,1850,679.0,False,Creator 1263,CA,creator1263@mail.example,finance
CR01264,youtube,@creator1264_youtube,47417,5221,86828,5619,1633,360,,False,Creator 1264,JP,creator1264@mail.example,beauty
CR01265,instagram,@creator1265_instagram,20824,497,13039,333,11,2,21.0,False,Creator 1265,FR,creator1265@mail.example,fitness
CR01265,youtube,@creator1265_youtube,81658,-1750,111422,8519,100,165,,False,Creator 1265,FR,creator1265@mail.example,fitness
CR01266,tiktok,@creator1266_tiktok,73894,9234,123556,3141,0,256,0.0,False,Creator 1266,GB,creator1266@mail.example,fitness
CR01266,youtube,@creator1266_youtube,28083,-1325,130335,6585,1347,430,,False,Creator 1266,GB,creator1266@mail.example,fitness
CR01266,instagram,@creator1266_instagram,12548,1309,3883,248,0,15,0.0,False,Creator 1266,GB,creator1266@mail.example,fitness
CR01267,youtube,@creator1267_youtube,114772,251,262501,20932,0,27,,False,Creator 1267,GB,creator1267@mail.example,comedy
CR01267,tiktok,@creator1267_tiktok,423429,52028,911663,39767,5254,0,7331.0,False,Creator 1267,GB,creator1267@mail.example,comedy
CR01267,instagram,@creator1267_instagram,2471,352,1699,39,3,2,6.0,False,Creator 1267,GB,creator1267@mail.example,comedy
CR01268,youtube,@creator1268_youtube,85907,9251,52787,4174,99,704,,False,Creator 1268,CA,creator1268@mail.example,comedy
CR01268,tiktok,@creator1268_tiktok,21989,582,41220,2558,281,23,447.0,False,Creator 1268,CA,creator1268@mail.example,comedy
CR01268,instagram,@creator1268_instagram,63961,-253,137606,5505,642,92,1010.0,False,Creator 1268,CA,creator1268@mail.example,comedy
CR01269,instagram,@creator1269_instagram,312347,17387,87544,6782,452,689,19.0,False,Creator 1269,DE,creator1269@mail.example,beauty
CR01269,youtube,@creator1269_youtube,139393,20771,69694,816,106,0,,False,Creator 1269,DE,creator1269@mail.example,beauty
CR01269,tiktok,@creator1269_tiktok,267992,15427,761734,70667,2636,1766,4526.0,False,Creator 1269,DE,creator1269@mail.example,beauty
CR01270,instagram,@creator1270_instagram,81315,8848,43652,2134,55,207,72.0,False,Creator 1270,FR,creator1270@mail.example,gaming
CR01270,youtube,@creator1270_youtube,29836,3196,19057,751,47,40,,False,Creator 1270,FR,creator1270@mail.example,gaming
CR01270,tiktok,@creator1270_tiktok,357896,28650,215340,6058,0,60,440.0,False,Creator 1270,FR,creator1270@mail.example,gaming
CR01271,youtube,@creator1271_youtube,36276,3537,36562,1837,306,0,,False,Creator 1271,DE,creator1271@mail.example,beauty
CR01271,tiktok,@creator1271_tiktok,103989,2871,462899,28090,3198,548,1324.0,False,Creator 1271,DE,creator1271@mail.example,beauty
CR01272,instagram,@creator1272_instagram,49273,5489,15244,595,56,23,0.0,False,Creator 1272,GB,creator1272@mail.example,beauty
CR01272,youtube,@creator1272_youtube,91297,9132,87283,6609,12,322,,False,Creator 1272,GB,creator1272@mail.example,beauty
CR01273,instagram,@creator1273_instagram,122663,15468,570464,12517,182,34,0.0,False,Creator 1273,JP,creator1273@mail.example,fitness
CR01273,tiktok,@creator1273_tiktok,12404,1209,43171,1330,475,0,98.0,False,Creator 1273,JP,creator1273@mail.example,fitness
CR01273,youtube,@creator1273_youtube,398401,23215,418390,23513,80,1591,,False,Creator 1273,JP,creator1273@mail.example,fitness
CR01274,youtube,@creator1274_youtube,5762,97,28088,900,8,8,,False,Creator 1274,MX,creator1274@mail.example,comedy
CR01274,instagram,@creator1274_instagram,24380,2706,11473,254,13,3,1.0,False,Creator 1274,MX,creator1274@mail.example,comedy
CR01274,tiktok,@creator1274_tiktok,19751,1610,76504,3996,329,0,48.0,False,Creator 1274,MX,creator1274@mail.example,comedy
CR01275,tiktok,@creator1275_tiktok,564,55,2591,166,13,11,0.0,False,Creator 1275,MX,creator1275@mail.example,education
CR01276,instagram,@creator1276_instagram,45251,5745,33943,2298,171,203,43.0,False,Creator 1276,US,creator1276@mail.example,education
CR01276,tiktok,@creator1276_tiktok,14798,1219,59068,3567,289,384,0.0,False,Creator 1276,US,creator1276@mail.example,education
CR01277,instagram,@creator1277_instagram,8090,1277,5181,341,6,11,4.0,False,Creator 1277,US,creator1277@mail.example,finance
CR01277,tiktok,@creator1277_tiktok,65137,4031,262829,5237,169,0,0.0,False,Creator 1277,US,creator1277@mail.example,finance
CR01278,youtube,@creator1278_youtube,99171,3179,33022,2741,90,88,,False,Creator 1278,CA,creator1278@mail.example,music
CR01279,instagram,@creator1279_instagram,30667,5702,20636,818,15,24,135.0,True,Creator 1279,GB,creator1279@mail.example,gaming
CR01279,youtube,@creator1279_youtube,5628,921,3268,128,0,58,,False,Creator 1279,GB,creator1279@mail.example,gaming
CR01280,instagram,@creator1280_instagram,32377,5057,27524,1249,59,34,44.0,False,Creator 1280,DE,creator1280@mail.example,gaming
CR01280,tiktok,@creator1280_tiktok,61722,1479,181856,10182,2176,0,0.0,False,Creator 1280,DE,creator1280@mail.example,gaming
CR01280,youtube,@creator1280_youtube,148974,4284,458586,22177,422,541,,False,Creator 1280,DE,creator1280@mail.example,gaming
CR01281,instagram,@creator1281_instagram,10580,1249,42556,4835,75,123,11.0,False,Creator 1281,MX,creator1281@mail.example,finance
CR01281,tiktok,@creator1281_tiktok,104515,7495,1393410,40602,3755,3040,329.0,False,Creator 1281,MX,creator1281@mail.example,finance
CR01282,tiktok,@creator1282_tiktok,157993,16326,193571,12112,8,279,1952.0,False,Creator 1282,GB,creator1282@mail.example,travel
CR01283,instagram,@creator1283_instagram,22103,763,12679,416,1,0,82.0,False,Creator 1283,US,creator1283@mail.example,fitness
CR01283,youtube,@creator1283_youtube,7982,661,10230,874,34,45,,False,Creator 1283,US,creator1283@mail.example,fitness
CR01283,tiktok,@creator1283_tiktok,2791,383,6070,360,0,0,31.0,False,Creator 1283,US,creator1283@mail.example,fitness
CR01284,instagram,@creator1284_instagram,24453,986,7526,432,13,0,142.0,False,Creator 1284,MX,creator1284@mail.example,food
CR01284,youtube,@creator1284_youtube,386513,46369,290486,11380,1186,4305,,False,Creator 1284,MX,creator1284@mail.example,food
CR01284,tiktok,@creator1284_tiktok,22686,546,14679,248,35,2,13.0,False,Creator 1284,MX,creator1284@mail.example,food
CR01285,instagram,@creator1285_instagram,25213,4708,12220,604,0,333,28.0,False,Creator 1285,FR,creator1285@mail.example,travel
CR01285,youtube,@creator1285_youtube,52886,2874,124277,5085,158,108,,False,Creator 1285,FR,creator1285@mail.example,travel
CR01286,tiktok,@creator1286_tiktok,6880,-116,47753,2556,269,198,1.0,False,Creator 1286,CA,creator1286@mail.example,tech
CR01286,youtube,@creator1286_youtube,714119,12256,3757116,250591,54702,15030,,False,Creator 1286,CA,creator1286@mail.example,tech
CR01286,instagram,@creator1286_instagram,6651,562,3730,154,5,0,15.0,False,Creator 1286,CA,creator1286@mail.example,tech
CR01287,tiktok,@creator1287_tiktok,13055,396,47963,1239,446,175,97.0,False,Creator 1287,US,creator1287@mail.example,fitness
CR01287,youtube,@creator1287_youtube,106218,11989,144894,4458,356,60,,False,Creator 1287,US,creator1287@mail.example,fitness
CR01287,instagram,@creator1287_instagram,4884,671,853,55,0,2,0.0,False,Creator 1287,US,creator1287@mail.example,fitness
CR01288,instagram,@creator1288_instagram,8902,314,4019,307,62,0,1.0,False,Creator 1288,GB,creator1288@mail.example,gaming
CR01288,youtube,@creator1288_youtube,20766,918,15349,1161,91,0,,False,Creator 1288,GB,creator1288@mail.example,gaming
CR01289,youtube,@creator1289_youtube,28122,4768,26948,1907,416,20,,False,Creator 1289,KR,creator1289@mail.example,tech
CR01289,instagram,@creator1289_instagram,1229666,175550,958422,38168,500,0,2003.0,False,Creator 1289,KR,creator1289@mail.example,tech
CR01290,tiktok,@creator1290_tiktok,125191,24,241661,14316,307,551,1736.0,False,Creator 1290,GB,creator1290@mail.example,beauty
CR01290,youtube,@creator1290_youtube,3383,247,10259,489,35,19,,False,Creator 1290,GB,creator1290@mail.example,beauty
CR01290,instagram,@creator1290_instagram,35020,5384,61798,2135,409,169,41.0,False,Creator 1290,GB,creator1290@mail.example,beauty
CR01291,instagram,@creator1291_instagram,24204,538,10881,442,28,25,0.0,False,Creator 1291,BR,creator1291@mail.example,finance
CR01291,youtube,@creator1291_youtube,224629,36922,193298,7896,486,1303,,False,Creator 1291,BR,creator1291@mail.example,finance
CR01291,tiktok,@creator1291_tiktok,310465,31369,1304728,16216,768,5500,9.0,False,Creator 1291,BR,creator1291@mail.example,finance
CR01292,instagram,@creator1292_instagram,99062,-5028,31099,1745,232,428,76.0,True,Creator 1292,CA,creator1292@mail.example,beauty
CR01292,youtube,@creator1292_youtube,233866,24477,295165,16663,65,1770,,False,Creator 1292,CA,creator1292@mail.example,beauty
CR01292,tiktok,@creator1292_tiktok,43956,2973,119711,10581,0,1,330.0,False,Creator 1292,CA,creator1292@mail.example,beauty
CR01293,tiktok,@creator1293_tiktok,6307,911,51403,1955,58,0,8.0,False,Creator 1293,JP,creator1293@mail.example,travel
CR01294,youtube,@creator1294_youtube,34322,3612,42607,1405,40,217,,False,Creator 1294,IN,creator1294@mail.example,food
CR01294,tiktok,@creator1294_tiktok,28851,4820,36914,1738,92,36,7.0,False,Creator 1294,IN,creator1294@mail.example,food
CR01294,instagram,@creator1294_instagram,1595652,117815,547421,16777,4472,916,9216.0,False,Creator 1294,IN,creator1294@mail.example,food
CR01295,youtube,@creator1295_youtube,1336019,27303,673069,39281,347,2300,,False,Creator 1295,CA,creator1295@mail.example,education
CR01295,tiktok,@creator1295_tiktok,19387,2235,165791,8712,143,198,51.0,False,Creator 1295,CA,creator1295@mail.example,education
CR01295,instagram,@creator1295_instagram,11735,-847,1402,29,0,0,0.0,True,Creator 1295,CA,creator1295@mail.example,education
CR01296,youtube,@creator1296_youtube,6287,777,10360,725,45,39,,False,Creator 1296,BR,creator1296@mail.example,finance
CR01296,instagram,@creator1296_instagram,1203266,100027,440504,18412,519,27,3317.0,False,Creator 1296,BR,creator1296@mail.example,finance
CR01296,tiktok,@creator1296_tiktok,28686,505,113355,7603,1391,765,0.0,False,Creator 1296,BR,creator1296@mail.example,finance
CR01297,tiktok,@creator1297_tiktok,244814,32753,274496,10737,0,1164,120.0,False,Creator 1297,GB,creator1297@mail.example,music
CR01297,instagram,@creator1297_instagram,605509,9331,352529,23506,1325,5596,253.0,False,Creator 1297,GB,creator1297@mail.example,music
CR01298,youtube,@creator1298_youtube,9012,231,25885,558,29,5,,False,Creator 1298,DE,creator1298@mail.example,gaming
CR01298,tiktok,@creator1298_tiktok,7629,871,19114,689,25,0,22.0,False,Creator 1298,DE,creator1298@mail.example,gaming
CR01298,instagram,@creator1298_instagram,21735,3486,21071,455,29,43,23.0,False,Creator 1298,DE,creator1298@mail.example,gaming
CR01299,instagram,@creator1299_instagram,27368,3293,10573,803,7,32,5.0,False,Creator 1299,KR,creator1299@mail.example,gaming
CR01300,youtube,@creator1300_youtube,59508,5551,128347,8207,676,0,,False,Creator 1300,IN,creator1300@mail.example,food
CR01300,instagram,@creator1300_instagram,19345,1155,8150,320,12,17,7.0,False,Creator 1300,IN,creator1300@mail.example,food
CR01300,tiktok,@creator1300_tiktok,203259,-9594,1053839,34158,1654,0,4967.0,False,Creator 1300,IN,creator1300@mail.example,food
CR01301,youtube,@creator1301_youtube,601672,-20928,942934,47093,5042,7041,,False,Creator 1301,CA,creator1301@mail.example,music
CR01302,instagram,@creator1302_instagram,14566,2967,12181,450,12,0,104.0,False,Creator 1302,DE,creator1302@mail.example,finance
CR01302,youtube,@creator1302_youtube,1413701,255638,2501729,109774,21286,192,,False,Creator 1302,DE,creator1302@mail.example,finance
CR01302,tiktok,@creator1302_tiktok,69937,4572,381925,7515,275,20,83.0,False,Creator 1302,DE,creator1302@mail.example,finance
CR01303,youtube,@creator1303_youtube,128670,12428,126678,6261,0,126,,False,Creator 1303,KR,creator1303@mail.example,gaming
CR01303,tiktok,@creator1303_tiktok,4769,386,36318,2253,38,78,141.0,False,Creator 1303,KR,creator1303@mail.example,gaming
CR01303,instagram,@creator1303_instagram,188200,3365,139664,6943,1580,331,1149.0,False,Creator 1303,KR,creator1303@mail.example,gaming
CR01304,youtube,@creator1304_youtube,8797,-57,12912,837,45,25,,False,Creator 1304,IN,creator1304@mail.example,education
CR01304,tiktok,@creator1304_tiktok,9282,357,17038,758,165,0,138.0,False,Creator 1304,IN,creator1304@mail.example,education
CR01304,instagram,@creator1304_instagram,66836,7481,91452,3423,618,2,412.0,False,Creator 1304,IN,creator1304@mail.example,education
CR01305,youtube,@creator1305_youtube,33181,3474,9147,563,0,14,,False,Creator 1305,JP,creator1305@mail.example,gaming
CR01306,tiktok,@creator1306_tiktok,18548,1150,196217,7998,250,434,23.0,False,Creator 1306,CA,creator1306@mail.example,finance
CR01306,youtube,@creator1306_youtube,36336,3800,49673,1051,101,9,,False,Creator 1306,CA,creator1306@mail.example,finance
CR01306,instagram,@creator1306_instagram,22803,901,3782,252,11,5,8.0,False,Creator 1306,CA,creator1306@mail.example,finance
CR01307,tiktok,@creator1307_tiktok,37462,3354,103738,1828,261,1034,62.0,False,Creator 1307,IN,creator1307@mail.example,food
CR01307,instagram,@creator1307_instagram,294369,40238,56532,2692,166,192,152.0,False,Creator 1307,IN,creator1307@mail.example,food
CR01307,youtube,@creator1307_youtube,189982,21946,180702,13636,497,0,,False,Creator 1307,IN,creator1307@mail.example,food
CR01308,instagram,@creator1308_instagram,714670,-59374,401330,21688,0,0,420.0,False,Creator 1308,MX,creator1308@mail.example,food
CR01308,youtube,@creator1308_youtube,54765,3602,38743,1167,53,19,,False,Creator 1308,MX,creator1308@mail.example,food
CR01309,instagram,@creator1309_instagram,57957,6130,42761,839,144,97,46.0,False,Creator 1309,JP,creator1309@mail.example,food
CR01309,tiktok,@creator1309_tiktok,69633,8415,138492,6468,479,157,8.0,False,Creator 1309,JP,creator1309@mail.example,food
CR01309,youtube,@creator1309_youtube,88184,7537,113521,3745,11,12,,False,Creator 1309,JP,creator1309@mail.example,food
CR01310,instagram,@creator1310_instagram,8805,183,13077,315,56,66,19.0,False,Creator 1310,BR,creator1310@mail.example,gaming
CR01310,youtube,@creator1310_youtube,74778,6714,106029,1944,480,0,,False,Creator 1310,BR,creator1310@mail.example,gaming
CR01311,youtube,@creator1311_youtube,271372,33824,230808,9853,1,518,,False,Creator 1311,KR,creator1311@mail.example,fitness
CR01311,instagram,@creator1311_instagram,104793,1014,122673,5676,0,190,125.0,False,Creator 1311,KR,creator1311@mail.example,fitness
CR01312,youtube,@creator1312_youtube,28057,4840,95726,4147,33,35,,False,Creator 1312,IN,creator1312@mail.example,finance
CR01312,tiktok,@creator1312_tiktok,4542,746,15924,421,122,12,2.0,False,Creator 1312,IN,creator1312@mail.example,finance
CR01313,youtube,@creator1313_youtube,10724,1019,9425,676,0,10,,False,Creator 1313,KR,creator1313@mail.example,fitness
CR01313,tiktok,@creator1313_tiktok,2316,151,8084,299,31,0,49.0,False,Creator 1313,KR,creator1313@mail.example,fitness
CR01313,instagram,@creator1313_instagram,71151,8353,11222,280,12,0,0.0,False,Creator 1313,KR,creator1313@mail.example,fitness
CR01314,youtube,@creator1314_youtube,39528,6997,112067,4550,637,293,,False,Creator 1314,MX,creator1314@mail.example,travel
CR01314,instagram,@creator1314_instagram,252014,20283,197801,7698,1749,130,253.0,False,Creator 1314,MX,creator1314@mail.example,travel
CR01314,tiktok,@creator1314_tiktok,21454,2062,214556,4776,1146,254,695.0,False,Creator 1314,MX,creator1314@mail.example,travel
CR01315,instagram,@creator1315_instagram,75155,14219,40996,1872,9,617,66.0,False,Creator 1315,BR,creator1315@mail.example,gaming
CR01315,tiktok,@creator1315_tiktok,9217,199,17721,1085,39,185,98.0,False,Creator 1315,BR,creator1315@mail.example,gaming
CR01316,instagram,@creator1316_instagram,12754,1318,9351,519,86,6,5.0,False,Creator 1316,DE,creator1316@mail.example,education
CR01316,tiktok,@creator1316_tiktok,120176,1370,248892,17409,4923,5,9.0,False,Creator 1316,DE,creator1316@mail.example,education
CR01317,tiktok,@creator1317_tiktok,63459,2965,898617,35959,1611,8221,909.0,False,Creator 1317,DE,creator1317@mail.example,tech
CR01318,tiktok,@creator1318_tiktok,48310,5914,222223,7160,184,13,96.0,False,Creator 1318,US,creator1318@mail.example,music
CR01319,instagram,@creator1319_instagram,7058,521,3429,142,17,12,0.0,False,Creator 1319,BR,creator1319@mail.example,finance
CR01319,tiktok,@creator1319_tiktok,68496,206,444172,16991,66,267,506.0,False,Creator 1319,BR,creator1319@mail.example,finance
CR01319,youtube,@creator1319_youtube,779,129,1250,36,7,1,,False,Creator 1319,BR,creator1319@mail.example,finance
CR01320,instagram,@creator1320_instagram,2269,133,1033,45,3,3,5.0,True,Creator 1320,CA,creator1320@mail.example,tech
CR01320,tiktok,@creator1320_tiktok,8324,-71,19155,1348,68,62,7.0,False,Creator 1320,CA,creator1320@mail.example,tech
CR01321,tiktok,@creator1321_tiktok,252251,20158,162127,2688,189,41,0.0,False,Creator 1321,FR,creator1321@mail.example,education
CR01321,instagram,@creator1321_instagram,39500,1957,16605,349,8,0,26.0,False,Creator 1321,FR,creator1321@mail.example,education
CR01322,instagram,@creator1322_instagram,33184,1442,17402,633,122,25,32.0,True,Creator 1322,CA,creator1322@mail.example,beauty
CR01322,youtube,@creator1322_youtube,6913,539,13236,961,0,116,,False,Creator 1322,CA,creator1322@mail.example,beauty
CR01322,tiktok,@creator1322_tiktok,25720,2856,94446,7608,97,0,0.0,False,Creator 1322,CA,creator1322@mail.example,beauty
CR01323,tiktok,@creator1323_tiktok,212127,5487,902066,17114,0,1182,465.0,False,Creator 1323,IN,creator1323@mail.example,food
CR01323,instagram,@creator1323_instagram,21757,779,10031,530,0,7,3.0,False,Creator 1323,IN,creator1323@mail.example,food
CR01323,youtube,@creator1323_youtube,111761,686,80311,1845,121,0,,False,Creator 1323,IN,creator1323@mail.example,food
CR01324,instagram,@creator1324_instagram,171075,7654,55778,1780,129,9,35.0,False,Creator 1324,DE,creator1324@mail.example,music
CR01324,youtube,@creator1324_youtube,92824,6029,97044,5129,39,10,,False,Creator 1324,DE,creator1324@mail.example,music
CR01324,tiktok,@creator1324_tiktok,28634,338,111901,7203,648,12,323.0,False,Creator 1324,DE,creator1324@mail.example,music
CR01325,instagram,@creator1325_instagram,112024,4317,121051,8448,569,45,1556.0,False,Creator 1325,FR,creator1325@mail.example,finance
CR01325,tiktok,@creator1325_tiktok,67293,11665,613474,45513,6177,11264,1754.0,False,Creator 1325,FR,creator1325@mail.example,finance
CR01325,youtube,@creator1325_youtube,6190,52,14070,669,0,41,,False,Creator 1325,FR,creator1325@mail.example,finance
CR01326,youtube,@creator1326_youtube,14264,1898,6195,376,97,5,,False,Creator 1326,CA,creator1326@mail.example,food
CR01326,tiktok,@creator1326_tiktok,14595,-196,5543,326,2,1,21.0,False,Creator 1326,CA,creator1326@mail.example,food
CR01327,instagram,@creator1327_instagram,76510,-2943,24232,875,342,0,32.0,False,Creator 1327,IN,creator1327@mail.example,music
CR01327,tiktok,@creator1327_tiktok,33434,-769,138910,11642,2131,12,24.0,False,Creator 1327,IN,creator1327@mail.example,music
CR01327,youtube,@creator1327_youtube,49582,2423,204022,10916,1166,20,,False,Creator 1327,IN,creator1327@mail.example,music
CR01328,tiktok,@creator1328_tiktok,203557,15031,1444628,86540,8264,6152,7662.0,False,Creator 1328,GB,creator1328@mail.example,tech
CR01328,instagram,@creator1328_instagram,22030,2299,17877,919,3,169,0.0,False,Creator 1328,GB,creator1328@mail.example,tech
CR01329,youtube,@creator1329_youtube,366912,-6218,2570946,97850,15123,5517,,False,Creator 1329,MX,creator1329@mail.example,music
CR01329,tiktok,@creator1329_tiktok,25990,2585,63002,2240,266,512,66.0,False,Creator 1329,MX,creator1329@mail.example,music
CR01330,youtube,@creator1330_youtube,202213,13997,126944,13808,227,460,,False,Creator 1330,US,creator1330@mail.example,education
CR01330,instagram,@creator1330_instagram,30299,1620,2122,123,8,37,1.0,True,Creator 1330,US,creator1330@mail.example,education
CR01330,tiktok,@creator1330_tiktok,4096,817,9584,764,67,8,22.0,False,Creator 1330,US,creator1330@mail.example,education
CR01331,youtube,@creator1331_youtube,227637,23110,93656,6084,206,248,,False,Creator 1331,DE,creator1331@mail.example,gaming
CR01331,instagram,@creator1331_instagram,5831,1047,3597,78,5,1,0.0,False,Creator 1331,DE,creator1331@mail.example,gaming
CR01332,instagram,@creator1332_instagram,2301,91,5182,377,19,30,0.0,True,Creator 1332,JP,creator1332@mail.example,food
CR01333,tiktok,@creator1333_tiktok,93615,17488,457495,24011,0,4,667.0,False,Creator 1333,MX,creator1333@mail.example,beauty
CR01333,instagram,@creator1333_instagram,254330,12625,278465,9217,499,458,194.0,False,Creator 1333,MX,creator1333@mail.example,beauty
CR01334,youtube,@creator1334_youtube,159107,7357,187639,14965,0,1557,,False,Creator 1334,MX,creator1334@mail.example,fitness
CR01334,instagram,@creator1334_instagram,60764,8677,8714,325,84,16,50.0,False,Creator 1334,MX,creator1334@mail.example,fitness
CR01334,tiktok,@creator1334_tiktok,23853,2161,92910,3420,0,37,159.0,False,Creator 1334,MX,creator1334@mail.example,fitness
CR01335,tiktok,@creator1335_tiktok,83563,2161,575769,21208,714,728,676.0,False,Creator 1335,KR,creator1335@mail.example,fitness
CR01335,youtube,@creator1335_youtube,30068,-1159,29564,1194,9,0,,False,Creator 1335,KR,creator1335@mail.example,fitness
CR01336,youtube,@creator1336_youtube,283894,37341,271713,17374,12,255,,False,Creator 1336,GB,creator1336@mail.example,travel
CR01337,youtube,@creator1337_youtube,37451,1981,21171,1147,33,35,,False,Creator 1337,IN,creator1337@mail.example,music
CR01337,tiktok,@creator1337_tiktok,31683,64,90526,2990,875,717,435.0,False,Creator 1337,IN,creator1337@mail.example,music
CR01337,instagram,@creator1337_instagram,16486,2353,2601,135,0,3,3.0,False,Creator 1337,IN,creator1337@mail.example,music
CR01338,tiktok,@creator1338_tiktok,88887,8491,397773,15206,11,146,332.0,False,Creator 1338,MX,creator1338@mail.example,fitness
CR01339,instagram,@creator1339_instagram,24638,3730,32400,1167,0,44,1.0,False,Creator 1339,FR,creator1339@mail.example,gaming
CR01339,tiktok,@creator1339_tiktok,8705,-380,25135,1158,457,31,40.0,False,Creator 1339,FR,creator1339@mail.example,gaming
CR01340,youtube,@creator1340_youtube,2481,197,1274,69,3,2,,False,Creator 1340,DE,creator1340@mail.example,tech
CR01341,instagram,@creator1341_instagram,6954078,103771,3384083,206600,5653,2627,1948.0,False,Creator 1341,IN,creator1341@mail.example,music
CR01341,youtube,@creator1341_youtube,11253,1936,23997,1254,7,83,,False,Creator 1341,IN,creator1341@mail.example,music
CR01342,youtube,@creator1342_youtube,3672,330,5082,412,29,8,,False,Creator 1342,FR,creator1342@mail.example,comedy
CR01342,instagram,@creator1342_instagram,161853,23462,220875,4318,68,850,504.0,False,Creator 1342,FR,creator1342@mail.example,comedy
CR01342,tiktok,@creator1342_tiktok,15098,1937,43785,2243,280,10,186.0,False,Creator 1342,FR,creator1342@mail.example,comedy
CR01343,instagram,@creator1343_instagram,57527,6279,424357,7356,212,1,249.0,False,Creator 1343,DE,creator1343@mail.example,travel
CR01343,tiktok,@creator1343_tiktok,8114,1280,12061,679,48,98,8.0,False,Creator 1343,DE,creator1343@mail.example,travel
CR01343,youtube,@creator1343_youtube,173051,9806,145148,2803,211,88,,False,Creator 1343,DE,creator1343@mail.example,travel
CR01344,tiktok,@creator1344_tiktok,40856,1721,71691,4688,439,785,145.0,False,Creator 1344,KR,creator1344@mail.example,beauty
CR01345,instagram,@creator1345_instagram,201379,-2198,89516,2131,283,0,235.0,False,Creator 1345,CA,creator1345@mail.example,travel
CR01345,tiktok,@creator1345_tiktok,4894,91,40852,3268,381,0,896.0,False,Creator 1345,CA,creator1345@mail.example,travel
CR01346,tiktok,@creator1346_tiktok,14086,721,22669,1965,13,3,133.0,False,Creator 1346,DE,creator1346@mail.example,comedy
CR01347,youtube,@creator1347_youtube,1026426,50505,1024444,62451,4279,2168,,False,Creator 1347,DE,creator1347@mail.example,music
CR01347,tiktok,@creator1347_tiktok,18879,2521,67590,2535,7,224,131.0,False,Creator 1347,DE,creator1347@mail.example,music
CR01347,instagram,@creator1347_instagram,229432,-18216,62940,2876,100,8,445.0,False,Creator 1347,DE,creator1347@mail.example,music
CR01348,tiktok,@creator1348_tiktok,121352,20453,415091,13669,1,1686,1.0,False,Creator 1348,GB,creator1348@mail.example,travel
CR01348,instagram,@creator1348_instagram,328963,38099,150432,3993,519,810,106.0,False,Creator 1348,GB,creator1348@mail.example,travel
CR01349,instagram,@creator1349_instagram,8596,759,5516,336,1,13,50.0,False,Creator 1349,JP,creator1349@mail.example,music
CR01349,youtube,@creator1349_youtube,224198,29000,157148,8851,1908,937,,False,Creator 1349,JP,creator1349@mail.example,music
CR01349,tiktok,@creator1349_tiktok,444976,65291,4384855,314466,4178,297,38037.0,False,Creator 1349,JP,creator1349@mail.example,music
CR01350,instagram,@creator1350_instagram,51424,1086,53202,784,75,164,116.0,False,Creator 1350,BR,creator1350@mail.example,beauty
CR01350,youtube,@creator1350_youtube,55069,-1108,21286,1297,125,0,,False,Creator 1350,BR,creator1350@mail.example,beauty
CR01350,tiktok,@creator1350_tiktok,114317,10302,333128,6706,208,579,480.0,False,Creator 1350,BR,creator1350@mail.example,beauty
CR01351,tiktok,@creator1351_tiktok,77709,7484,73334,2954,136,18,143.0,False,Creator 1351,CA,creator1351@mail.example,beauty
CR01352,tiktok,@creator1352_tiktok,103449,9245,421080,16748,1306,74,220.0,False,Creator 1352,KR,creator1352@mail.example,music
CR01352,instagram,@creator1352_instagram,57996,5768,22955,628,64,72,1.0,True,Creator 1352,KR,creator1352@mail.example,music
CR01352,youtube,@creator1352_youtube,42436,5237,43007,1624,4,71,,False,Creator 1352,KR,creator1352@mail.example,music
CR01353,instagram,@creator1353_instagram,390515,32160,302892,11457,2151,937,2040.0,False,Creator 1353,US,creator1353@mail.example,travel
CR01353,youtube,@creator1353_youtube,8521,177,4690,138,14,1,,False,Creator 1353,US,creator1353@mail.example,travel
CR01353,tiktok,@creator1353_tiktok,13968,195,256227,8845,362,444,415.0,False,Creator 1353,US,creator1353@mail.example,travel
CR01354,instagram,@creator1354_instagram,135318,5745,151350,5910,2456,73,198.0,False,Creator 1354,IN,creator1354@mail.example,comedy
CR01354,youtube,@creator1354_youtube,56100,6142,60268,2414,18,90,,False,Creator 1354,IN,creator1354@mail.example,comedy
CR01354,tiktok,@creator1354_tiktok,7267,941,62558,2474,599,21,0.0,False,Creator 1354,IN,creator1354@mail.example,comedy
CR01355,youtube,@creator1355_youtube,382283,57016,500827,30613,1065,0,,False,Creator 1355,MX,creator1355@mail.example,food
CR01355,tiktok,@creator1355_tiktok,68742,8288,514956,15817,1350,35,2082.0,False,Creator 1355,MX,creator1355@mail.example,food
CR01355,instagram,@creator1355_instagram,15432,422,13637,352,2,0,31.0,False,Creator 1355,MX,creator1355@mail.example,food
CR01356,tiktok,@creator1356_tiktok,132566,11727,1605254,37033,2714,736,1643.0,False,Creator 1356,IN,creator1356@mail.example,music
CR01356,instagram,@creator1356_instagram,1259432,140771,612011,9344,459,1010,749.0,False,Creator 1356,IN,creator1356@mail.example,music
CR01357,youtube,@creator1357_youtube,15956,1829,21234,724,2,185,,False,Creator 1357,IN,creator1357@mail.example,food
CR01357,instagram,@creator1357_instagram,30455,-914,42540,1449,223,87,98.0,False,Creator 1357,IN,creator1357@mail.example,food
CR01357,tiktok,@creator1357_tiktok,5955,-309,7110,339,1,14,18.0,False,Creator 1357,IN,creator1357@mail.example,food
CR01358,youtube,@creator1358_youtube,12570,2225,9090,811,1,84,,False,Creator 1358,KR,creator1358@mail.example,education
CR01358,tiktok,@creator1358_tiktok,17834,1128,10376,376,0,1,37.0,False,Creator 1358,KR,creator1358@mail.example,education
CR01359,instagram,@creator1359_instagram,31372,4382,46330,1780,112,58,10.0,False,Creator 1359,DE,creator1359@mail.example,tech
CR01359,tiktok,@creator1359_tiktok,132749,11576,681711,23167,390,0,2110.0,False,Creator 1359,DE,creator1359@mail.example,tech
CR01360,youtube,@creator1360_youtube,4682,736,5273,427,43,49,,False,Creator 1360,US,creator1360@mail.example,travel
CR01360,instagram,@creator1360_instagram,46957,4351,57067,1364,165,23,37.0,False,Creator 1360,US,creator1360@mail.example,travel
CR01361,youtube,@creator1361_youtube,27126,2058,58668,4454,352,0,,False,Creator 1361,US,creator1361@mail.example,food
CR01361,tiktok,@creator1361_tiktok,176324,4941,435202,6529,485,728,57.0,False,Creator 1361,US,creator1361@mail.example,food
CR01362,tiktok,@creator1362_tiktok,267925,21461,1245171,83575,2114,1483,4800.0,False,Creator 1362,BR,creator1362@mail.example,music
CR01362,youtube,@creator1362_youtube,3559,350,4490,168,44,14,,False,Creator 1362,BR,creator1362@mail.example,music
CR01362,instagram,@creator1362_instagram,13352,1587,1659,83,6,3,10.0,False,Creator 1362,BR,creator1362@mail.example,music
CR01363,tiktok,@creator1363_tiktok,132914,3255,350686,9664,0,7,726.0,False,Creator 1363,CA,creator1363@mail.example,gaming
CR01364,instagram,@creator1364_instagram,17834,1793,3100,103,11,21,0.0,False,Creator 1364,IN,creator1364@mail.example,tech
CR01364,tiktok,@creator1364_tiktok,47250,5917,557173,44104,90,2266,832.0,False,Creator 1364,IN,creator1364@mail.example,tech
CR01365,tiktok,@creator1365_tiktok,19066,2323,46330,2404,87,259,20.0,False,Creator 1365,KR,creator1365@mail.example,gaming
CR01365,instagram,@creator1365_instagram,22960,1825,17381,1096,6,0,125.0,False,Creator 1365,KR,creator1365@mail.example,gaming
CR01365,youtube,@creator1365_youtube,18807,2416,13882,947,46,11,,False,Creator 1365,KR,creator1365@mail.example,gaming
CR01366,instagram,@creator1366_instagram,134768,3862,9254,919,3,25,12.0,False,Creator 1366,FR,creator1366@mail.example,travel
CR01367,tiktok,@creator1367_tiktok,34196,1785,60694,2291,43,1,0.0,False,Creator 1367,FR,creator1367@mail.example,fitness
CR01367,youtube,@creator1367_youtube,171844,20326,112307,7741,588,648,,False,Creator 1367,FR,creator1367@mail.example,fitness
CR01367,instagram,@creator1367_instagram,69463,11283,53894,1942,307,75,390.0,False,Creator 1367,FR,creator1367@mail.example,fitness
CR01368,instagram,@creator1368_instagram,16641,1413,9577,479,6,0,48.0,False,Creator 1368,MX,creator1368@mail.example,food
CR01369,tiktok,@creator1369_tiktok,11699,974,32700,2150,316,0,0.0,False,Creator 1369,DE,creator1369@mail.example,fitness
CR01370,tiktok,@creator1370_tiktok,46387,6945,130813,3589,480,0,176.0,False,Creator 1370,US,creator1370@mail.example,beauty
CR01370,youtube,@creator1370_youtube,28681,-153,26964,2145,174,132,,False,Creator 1370,US,creator1370@mail.example,beauty
CR01371,tiktok,@creator1371_tiktok,17746,1029,92155,4635,386,285,285.0,False,Creator 1371,CA,creator1371@mail.example,food
CR01371,youtube,@creator1371_youtube,216442,18593,525338,55980,2165,520,,False,Creator 1371,CA,creator1371@mail.example,food
CR01372,instagram,@creator1372_instagram,979171,-81502,271308,6042,30,90,321.0,False,Creator 1372,JP,creator1372@mail.example,tech
CR01372,youtube,@creator1372_youtube,93757,5976,358328,12149,77,580,,False,Creator 1372,JP,creator1372@mail.example,tech
CR01372,tiktok,@creator1372_tiktok,35577,-4058,111909,2541,156,6,37.0,False,Creator 1372,JP,creator1372@mail.example,tech
CR01373,instagram,@creator1373_instagram,20301,-1654,17393,255,107,0,95.0,False,Creator 1373,BR,creator1373@mail.example,comedy
CR01373,tiktok,@creator1373_tiktok,90553,12021,328479,28256,1648,26,0.0,False,Creator 1373,BR,creator1373@mail.example,comedy
CR01373,youtube,@creator1373_youtube,44176,3496,131776,6272,3,217,,False,Creator 1373,BR,creator1373@mail.example,comedy
CR01374,tiktok,@creator1374_tiktok,133615,18369,57109,2543,43,165,32.0,False,Creator 1374,KR,creator1374@mail.example,fitness
CR01374,instagram,@creator1374_instagram,8295,1368,12217,457,0,0,79.0,False,Creator 1374,KR,creator1374@mail.example,fitness
CR01374,youtube,@creator1374_youtube,286814,9309,64133,2506,173,40,,False,Creator 1374,KR,creator1374@mail.example,fitness
CR01375,instagram,@creator1375_instagram,5472,480,2917,202,44,3,0.0,False,Creator 1375,US,creator1375@mail.example,comedy
CR01376,instagram,@creator1376_instagram,21448,3355,75358,2181,0,122,148.0,False,Creator 1376,US,creator1376@mail.example,education
CR01376,tiktok,@creator1376_tiktok,59490,5574,110494,5924,1168,261,497.0,False,Creator 1376,US,creator1376@mail.example,education
CR01376,youtube,@creator1376_youtube,397092,8757,312346,22365,0,431,,False,Creator 1376,US,creator1376@mail.example,education
CR01377,tiktok,@creator1377_tiktok,10591,876,52088,1550,281,0,152.0,False,Creator 1377,US,creator1377@mail.example,education
CR01377,youtube,@creator1377_youtube,55801,-6378,68174,1343,3,99,,False,Creator 1377,US,creator1377@mail.example,education
CR01378,youtube,@creator1378_youtube,13232,2771,24249,807,40,57,,False,Creator 1378,US,creator1378@mail.example,food
CR01378,instagram,@creator1378_instagram,192415,22203,317849,29156,94,0,403.0,False,Creator 1378,US,creator1378@mail.example,food
CR01379,tiktok,@creator1379_tiktok,549963,29026,1662514,122540,7,10840,6587.0,False,Creator 1379,KR,creator1379@mail.example,fitness
CR01379,instagram,@creator1379_instagram,22610,-2740,11614,386,6,54,22.0,False,Creator 1379,KR,creator1379@mail.example,fitness
CR01380,instagram,@creator1380_instagram,33300,650,23978,1094,181,10,4.0,False,Creator 1380,DE,creator1380@mail.example,travel
CR01380,tiktok,@creator1380_tiktok,35294,4824,59558,3175,24,159,381.0,False,Creator 1380,DE,creator1380@mail.example,travel
CR01381,tiktok,@creator1381_tiktok,1967919,92566,23992408,744018,78779,0,106965.0,False,Creator 1381,IN,creator1381@mail.example,travel
CR01381,instagram,@creator1381_instagram,564661,-32606,471222,38237,247,387,1326.0,False,Creator 1381,IN,creator1381@mail.example,travel
CR01381,youtube,@creator1381_youtube,516660,54108,1712902,48476,5347,11688,,False,Creator 1381,IN,creator1381@mail.example,travel
CR01382,tiktok,@creator1382_tiktok,13426,267,126554,6175,553,391,139.0,False,Creator 1382,GB,creator1382@mail.example,food
CR01383,tiktok,@creator1383_tiktok,234490,35145,702553,47486,5581,1464,840.0,False,Creator 1383,MX,creator1383@mail.example,music
CR01383,instagram,@creator1383_instagram,253448,16412,160088,8106,1281,0,291.0,False,Creator 1383,MX,creator1383@mail.example,music
CR01383,youtube,@creator1383_youtube,2185,305,3913,91,19,7,,False,Creator 1383,MX,creator1383@mail.example,music
CR01384,tiktok,@creator1384_tiktok,58327,5363,115953,4239,915,110,0.0,False,Creator 1384,DE,creator1384@mail.example,music
CR01384,instagram,@creator1384_instagram,22470,674,9955,437,113,31,109.0,False,Creator 1384,DE,creator1384@mail.example,music
CR01384,youtube,@creator1384_youtube,9883,1814,32175,1847,298,101,,False,Creator 1384,DE,creator1384@mail.example,music
CR01385,instagram,@creator1385_instagram,92799,-490,48594,1166,29,0,118.0,False,Creator 1385,MX,creator1385@mail.example,finance
CR01385,tiktok,@creator1385_tiktok,42087,3303,372720,10079,49,1069,24.0,False,Creator 1385,MX,creator1385@mail.example,finance
CR01385,youtube,@creator1385_youtube,2129,311,2683,166,6,28,,False,Creator 1385,MX,creator1385@mail.example,finance
CR01386,instagram,@creator1386_instagram,3479,476,3264,149,11,0,15.0,False,Creator 1386,BR,creator1386@mail.example,food
CR01386,youtube,@creator1386_youtube,180551,7390,455144,19580,1365,1935,,False,Creator 1386,BR,creator1386@mail.example,food
CR01387,youtube,@creator1387_youtube,109493,7380,86341,3829,100,60,,False,Creator 1387,FR,creator1387@mail.example,tech
CR01387,instagram,@creator1387_instagram,139913,20810,72125,1515,331,38,11.0,False,Creator 1387,FR,creator1387@mail.example,tech
CR01387,tiktok,@creator1387_tiktok,126489,1814,204923,8238,244,581,74.0,False,Creator 1387,FR,creator1387@mail.example,tech
CR01388,youtube,@creator1388_youtube,1447591,156183,1977451,84502,2304,2700,,False,Creator 1388,KR,creator1388@mail.example,education
CR01388,instagram,@creator1388_instagram,20366,2821,5226,145,4,0,11.0,False,Creator 1388,KR,creator1388@mail.example,education
CR01388,tiktok,@creator1388_tiktok,9092,1345,81863,2170,163,518,49.0,False,Creator 1388,KR,creator1388@mail.example,education
CR01389,instagram,@creator1389_instagram,44384,1914,38875,2419,8,0,556.0,False,Creator 1389,IN,creator1389@mail.example,comedy
CR01390,youtube,@creator1390_youtube,44638,4397,56409,3217,0,224,,False,Creator 1390,KR,creator1390@mail.example,food
CR01390,tiktok,@creator1390_tiktok,106708,-1505,145771,4495,19,144,280.0,False,Creator 1390,KR,creator1390@mail.example,food
CR01390,instagram,@creator1390_instagram,8676,757,8120,363,2,34,4.0,False,Creator 1390,KR,creator1390@mail.example,food
CR01391,youtube,@creator1391_youtube,140126,7508,162453,9541,1247,155,,False,Creator 1391,CA,creator1391@mail.example,food
CR01392,tiktok,@creator1392_tiktok,25743,1491,98457,2683,304,7,475.0,False,Creator 1392,BR,creator1392@mail.example,education
CR01392,youtube,@creator1392_youtube,52475,5737,43071,1440,61,10,,False,Creator 1392,BR,creator1392@mail.example,education
CR01392,instagram,@creator1392_instagram,41463,5181,21636,411,16,0,49.0,False,Creator 1392,BR,creator1392@mail.example,education
CR01393,tiktok,@creator1393_tiktok,14929,1549,40001,1341,225,42,2.0,False,Creator 1393,DE,creator1393@mail.example,fitness
CR01393,youtube,@creator1393_youtube,53401,3151,87698,1728,111,0,,False,Creator 1393,DE,creator1393@mail.example,fitness
CR01393,instagram,@creator1393_instagram,3025,500,1980,36,1,1,1.0,False,Creator 1393,DE,creator1393@mail.example,fitness
CR01394,instagram,@creator1394_instagram,35741,2196,32979,775,136,0,6.0,False,Creator 1394,KR,creator1394@mail.example,tech
CR01394,tiktok,@creator1394_tiktok,160952,-7051,210721,3371,259,362,2099.0,False,Creator 1394,KR,creator1394@mail.example,tech
CR01395,instagram,@creator1395_instagram,257498,26875,133134,3678,252,158,55.0,False,Creator 1395,JP,creator1395@mail.example,finance
CR01395,youtube,@creator1395_youtube,173171,13291,43359,867,243,32,,False,Creator 1395,JP,creator1395@mail.example,finance
CR01395,tiktok,@creator1395_tiktok,42255,-2412,61039,3576,341,751,163.0,False,Creator 1395,JP,creator1395@mail.example,finance
CR01396,tiktok,@creator1396_tiktok,13398,869,19754,512,7,13,5.0,False,Creator 1396,CA,creator1396@mail.example,education
CR01396,instagram,@creator1396_instagram,423145,25526,519693,10757,14,2180,17.0,False,Creator 1396,CA,creator1396@mail.example,education
CR01396,youtube,@creator1396_youtube,2574,264,3238,121,53,17,,False,Creator 1396,CA,creator1396@mail.example,education
CR01397,tiktok,@creator1397_tiktok,5871,656,10598,773,52,92,0.0,False,Creator 1397,CA,creator1397@mail.example,finance
CR01397,instagram,@creator1397_instagram,6068,-42,14935,604,81,0,52.0,False,Creator 1397,CA,creator1397@mail.example,finance
CR01398,tiktok,@creator1398_tiktok,22569,3851,93222,7506,18,73,394.0,False,Creator 1398,US,creator1398@mail.example,travel
CR01398,instagram,@creator1398_instagram,18169,874,10066,583,76,0,13.0,False,Creator 1398,US,creator1398@mail.example,travel
CR01399,instagram,@creator1399_instagram,87529,5889,7336,334,1,10,105.0,False,Creator 1399,BR,creator1399@mail.example,comedy
CR01399,youtube,@creator1399_youtube,33230,2661,70343,2759,42,0,,False,Creator 1399,BR,creator1399@mail.example,comedy
CR01400,instagram,@creator1400_instagram,430480,55509,957394,49278,3039,230,0.0,False,Creator 1400,CA,creator1400@mail.example,food
CR01400,youtube,@creator1400_youtube,507207,62983,1184200,51102,11858,1166,,False,Creator 1400,CA,creator1400@mail.example,food
CR01400,tiktok,@creator1400_tiktok,91597,3051,136520,7439,2329,0,1092.0,False,Creator 1400,CA,creator1400@mail.example,food
CR01401,youtube,@creator1401_youtube,124460,6623,152190,11856,905,249,,False,Creator 1401,JP,creator1401@mail.example,music
CR01401,instagram,@creator1401_instagram,103989,6081,45844,5615,16,341,136.0,False,Creator 1401,JP,creator1401@mail.example,music
CR01402,youtube,@creator1402_youtube,38761,2643,111826,2079,151,428,,False,Creator 1402,GB,creator1402@mail.example,finance
CR01402,tiktok,@creator1402_tiktok,20230,578,34339,2602,26,145,206.0,False,Creator 1402,GB,creator1402@mail.example,finance
CR01402,instagram,@creator1402_instagram,86415,-781,46563,3844,54,16,50.0,False,Creator 1402,GB,creator1402@mail.example,finance
CR01403,youtube,@creator1403_youtube,1676,86,357,8,1,0,,False,Creator 1403,GB,creator1403@mail.example,comedy
CR01404,youtube,@creator1404_youtube,97012,-2264,66798,1568,7,0,,False,Creator 1404,CA,creator1404@mail.example,food
CR01405,youtube,@creator1405_youtube,43967,837,56949,3208,308,122,,False,Creator 1405,IN,creator1405@mail.example,fitness
CR01406,tiktok,@creator1406_tiktok,22527,2901,59533,4902,430,30,428.0,False,Creator 1406,FR,creator1406@mail.example,beauty
CR01406,instagram,@creator1406_instagram,204972,14152,79819,5058,465,886,129.0,False,Creator 1406,FR,creator1406@mail.example,beauty
CR01406,youtube,@creator1406_youtube,14771,1883,21485,1264,20,1,,False,Creator 1406,FR,creator1406@mail.example,beauty
CR01407,instagram,@creator1407_instagram,30486,2352,5928,99,17,0,30.0,False,Creator 1407,IN,creator1407@mail.example,comedy
CR01408,youtube,@creator1408_youtube,16697,1474,7865,645,9,0,,False,Creator 1408,US,creator1408@mail.example,beauty
CR01408,instagram,@creator1408_instagram,11181,1950,2441,62,25,0,5.0,False,Creator 1408,US,creator1408@mail.example,beauty
CR01409,instagram,@creator1409_instagram,8354,-83,4695,170,58,26,2.0,False,Creator 1409,US,creator1409@mail.example,comedy
CR01409,tiktok,@creator1409_tiktok,22703,1913,12003,685,19,2,153.0,False,Creator 1409,US,creator1409@mail.example,comedy
CR01409,youtube,@creator1409_youtube,48525,-867,30156,1107,253,65,,False,Creator 1409,US,creator1409@mail.example,comedy
CR01410,instagram,@creator1410_instagram,131376,11042,346558,8138,809,4,462.0,False,Creator 1410,MX,creator1410@mail.example,tech
CR01411,instagram,@creator1411_instagram,246838,18283,216611,8363,200,181,641.0,False,Creator 1411,DE,creator1411@mail.example,music
CR01412,instagram,@creator1412_instagram,19987,2171,906,20,6,2,4.0,False,Creator 1412,KR,creator1412@mail.example,gaming
CR01412,youtube,@creator1412_youtube,12061,1468,6965,523,4,10,,False,Creator 1412,KR,creator1412@mail.example,gaming
CR01412,tiktok,@creator1412_tiktok,12646,1628,20804,1486,109,49,42.0,False,Creator 1412,KR,creator1412@mail.example,gaming
CR01413,tiktok,@creator1413_tiktok,1332457,164458,4869915,95522,2823,6059,922.0,False,Creator 1413,KR,creator1413@mail.example,finance
CR01413,instagram,@creator1413_instagram,19745,1517,48075,2574,31,68,5.0,False,Creator 1413,KR,creator1413@mail.example,finance
CR01414,tiktok,@creator1414_tiktok,24470,1230,211132,6867,1006,279,360.0,False,Creator 1414,JP,creator1414@mail.example,fitness
CR01415,youtube,@creator1415_youtube,26834,903,34245,1736,250,63,,False,Creator 1415,KR,creator1415@mail.example,tech
CR01415,instagram,@creator1415_instagram,83973,12248,7184,199,0,5,14.0,False,Creator 1415,KR,creator1415@mail.example,tech
CR01415,tiktok,@creator1415_tiktok,176572,20444,667422,47333,5317,8003,1738.0,False,Creator 1415,KR,creator1415@mail.example,tech
CR01416,youtube,@creator1416_youtube,40788,7620,131512,6684,0,500,,False,Creator 1416,MX,creator1416@mail.example,gaming
CR01416,instagram,@creator1416_instagram,5797,706,3332,92,11,1,4.0,True,Creator 1416,MX,creator1416@mail.example,gaming
CR01416,tiktok,@creator1416_tiktok,22251,3159,139606,5084,359,108,131.0,False,Creator 1416,MX,creator1416@mail.example,gaming
CR01417,instagram,@creator1417_instagram,18205,1731,12443,677,100,14,108.0,True,Creator 1417,JP,creator1417@mail.example,music
CR01418,tiktok,@creator1418_tiktok,172853,15517,1056009,83134,3169,3392,526.0,False,Creator 1418,BR,creator1418@mail.example,beauty
CR01419,tiktok,@creator1419_tiktok,69736,3522,154226,9317,138,585,232.0,False,Creator 1419,CA,creator1419@mail.example,fitness
CR01419,youtube,@creator1419_youtube,153006,11885,370161,12721,2483,526,,False,Creator 1419,CA,creator1419@mail.example,fitness
CR01419,instagram,@creator1419_instagram,26796,-1965,5705,278,10,112,105.0,False,Creator 1419,CA,creator1419@mail.example,fitness
CR01420,instagram,@creator1420_instagram,54242,-1281,88948,3264,967,0,456.0,True,Creator 1420,US,creator1420@mail.example,food
CR01421,instagram,@creator1421_instagram,236121,38587,170669,7311,645,0,463.0,False,Creator 1421,US,creator1421@mail.example,travel
CR01421,tiktok,@creator1421_tiktok,5754,-11,16998,664,12,198,4.0,False,Creator 1421,US,creator1421@mail.example,travel
CR01422,tiktok,@creator1422_tiktok,1830,261,11648,422,10,0,10.0,False,Creator 1422,US,creator1422@mail.example,food
CR01422,youtube,@creator1422_youtube,80559,8792,154700,12042,331,8,,False,Creator 1422,US,creator1422@mail.example,food
CR01423,youtube,@creator1423_youtube,84152,10037,134424,3162,663,12,,False,Creator 1423,MX,creator1423@mail.example,beauty
CR01424,youtube,@creator1424_youtube,40139,4847,28423,854,58,176,,False,Creator 1424,US,creator1424@mail.example,beauty
CR01424,tiktok,@creator1424_tiktok,23807,3011,154433,4096,316,24,736.0,False,Creator 1424,US,creator1424@mail.example,beauty
CR01424,instagram,@creator1424_instagram,264138,39418,249202,12347,680,88,1657.0,False,Creator 1424,US,creator1424@mail.example,beauty
CR01425,youtube,@creator1425_youtube,1211175,148930,440461,8471,243,180,,False,Creator 1425,FR,creator1425@mail.example,comedy
CR01426,youtube,@creator1426_youtube,96446,5390,50090,1594,91,0,,False,Creator 1426,CA,creator1426@mail.example,travel
CR01426,tiktok,@creator1426_tiktok,1429,145,6421,393,10,24,34.0,False,Creator 1426,CA,creator1426@mail.example,travel
CR01427,tiktok,@creator1427_tiktok,14232,862,253822,14081,1653,5224,1891.0,False,Creator 1427,BR,creator1427@mail.example,comedy
CR01427,instagram,@creator1427_instagram,303439,13216,228657,12997,131,452,122.0,True,Creator 1427,BR,creator1427@mail.example,comedy
CR01427,youtube,@creator1427_youtube,37589,4747,15985,839,21,17,,False,Creator 1427,BR,creator1427@mail.example,comedy
CR01428,instagram,@creator1428_instagram,63198,2316,45571,2878,142,392,209.0,False,Creator 1428,CA,creator1428@mail.example,tech
CR01429,tiktok,@creator1429_tiktok,201265,22218,201385,9326,880,445,366.0,False,Creator 1429,US,creator1429@mail.example,food
CR01429,instagram,@creator1429_instagram,490074,-40179,234153,7031,1,0,146.0,False,Creator 1429,US,creator1429@mail.example,food
CR01430,tiktok,@creator1430_tiktok,26584,1770,51518,1026,408,2,123.0,False,Creator 1430,GB,creator1430@mail.example,beauty
CR01430,youtube,@creator1430_youtube,534938,98640,407720,19511,765,7,,False,Creator 1430,GB,creator1430@mail.example,beauty
CR01431,instagram,@creator1431_instagram,8420,969,12073,427,0,3,47.0,True,Creator 1431,US,creator1431@mail.example,tech
CR01431,youtube,@creator1431_youtube,525,60,132,9,0,0,,False,Creator 1431,US,creator1431@mail.example,tech
CR01432,tiktok,@creator1432_tiktok,15767,1273,154224,9698,387,1187,491.0,False,Creator 1432,KR,creator1432@mail.example,beauty
CR01432,youtube,@creator1432_youtube,9951,1504,17564,973,118,2,,False,Creator 1432,KR,creator1432@mail.example,beauty
CR01432,instagram,@creator1432_instagram,37481,1741,23982,1054,7,17,29.0,False,Creator 1432,KR,creator1432@mail.example,beauty
CR01433,tiktok,@creator1433_tiktok,22541,267,97256,5200,120,152,0.0,False,Creator 1433,MX,creator1433@mail.example,food
CR01433,youtube,@creator1433_youtube,286029,10948,756075,40756,10749,121,,False,Creator 1433,MX,creator1433@mail.example,food
CR01434,instagram,@creator1434_instagram,12590,917,3705,228,14,32,1.0,False,Creator 1434,BR,creator1434@mail.example,tech
CR01434,tiktok,@creator1434_tiktok,181833,23003,1181637,41587,1713,271,8391.0,False,Creator 1434,BR,creator1434@mail.example,tech
CR01435,instagram,@creator1435_instagram,52463,3852,31716,2040,20,51,1.0,False,Creator 1435,CA,creator1435@mail.example,fitness
CR01436,tiktok,@creator1436_tiktok,90482,15473,39526,2242,381,286,240.0,False,Creator 1436,FR,creator1436@mail.example,music
CR01436,youtube,@creator1436_youtube,27563,3337,12849,565,26,36,,False,Creator 1436,FR,creator1436@mail.example,music
CR01436,instagram,@creator1436_instagram,118271,11771,134430,6371,1327,13,21.0,False,Creator 1436,FR,creator1436@mail.example,music
CR01437,tiktok,@creator1437_tiktok,19137,3409,68670,2698,214,1,228.0,False,Creator 1437,BR,creator1437@mail.example,tech
CR01437,instagram,@creator1437_instagram,100269,5637,36979,2357,16,178,16.0,False,Creator 1437,BR,creator1437@mail.example,tech
CR01437,youtube,@creator1437_youtube,56486,6318,42340,850,41,0,,False,Creator 1437,BR,creator1437@mail.example,tech
CR01438,tiktok,@creator1438_tiktok,26486,2820,44646,2102,125,497,0.0,False,Creator 1438,MX,creator1438@mail.example,travel
CR01438,youtube,@creator1438_youtube,27225,3854,17293,651,7,17,,False,Creator 1438,MX,creator1438@mail.example,travel
CR01439,tiktok,@creator1439_tiktok,208645,37475,256525,8552,1136,578,1181.0,False,Creator 1439,KR,creator1439@mail.example,music
CR01440,instagram,@creator1440_instagram,216553,-371,64816,4982,1332,0,66.0,False,Creator 1440,MX,creator1440@mail.example,education
CR01440,youtube,@creator1440_youtube,14752,1605,18799,1486,0,93,,False,Creator 1440,MX,creator1440@mail.example,education
CR01440,tiktok,@creator1440_tiktok,27486,2938,90944,6509,78,288,89.0,False,Creator 1440,MX,creator1440@mail.example,education
CR01441,instagram,@creator1441_instagram,184429,19769,175224,4236,513,175,699.0,False,Creator 1441,FR,creator1441@mail.example,fitness
CR01441,youtube,@creator1441_youtube,56661,5169,57344,780,7,56,,False,Creator 1441,FR,creator1441@mail.example,fitness
CR01442,tiktok,@creator1442_tiktok,11102,1453,76799,1303,59,256,31.0,False,Creator 1442,KR,creator1442@mail.example,tech
CR01442,instagram,@creator1442_instagram,19674,-141,49848,2031,87,0,3.0,False,Creator 1442,KR,creator1442@mail.example,tech
CR01443,instagram,@creator1443_instagram,14910,1713,12763,658,45,0,338.0,False,Creator 1443,CA,creator1443@mail.example,fitness
CR01443,tiktok,@creator1443_tiktok,14116,1255,43769,3099,7,512,0.0,False,Creator 1443,CA,creator1443@mail.example,fitness
CR01443,youtube,@creator1443_youtube,106929,3984,146606,3421,1,150,,False,Creator 1443,CA,creator1443@mail.example,fitness
CR01444,instagram,@creator1444_instagram,19469,2042,3063,237,25,21,10.0,True,Creator 1444,MX,creator1444@mail.example,gaming
CR01445,instagram,@creator1445_instagram,17463,1606,46400,1003,60,247,143.0,False,Creator 1445,IN,creator1445@mail.example,travel
CR01446,youtube,@creator1446_youtube,64032,8620,129704,3051,167,8,,False,Creator 1446,GB,creator1446@mail.example,travel
CR01447,youtube,@creator1447_youtube,1663626,68975,5477881,159988,21924,15598,,False,Creator 1447,IN,creator1447@mail.example,music
CR01447,instagram,@creator1447_instagram,19853,2391,9287,375,36,12,33.0,False,Creator 1447,IN,creator1447@mail.example,music
CR01447,tiktok,@creator1447_tiktok,112611,13667,285222,6716,0,294,0.0,False,Creator 1447,IN,creator1447@mail.example,music
CR01448,tiktok,@creator1448_tiktok,258099,-636,255295,14087,36,1428,1808.0,False,Creator 1448,US,creator1448@mail.example,gaming
CR01448,instagram,@creator1448_instagram,87288,8575,126168,4554,3,0,359.0,False,Creator 1448,US,creator1448@mail.example,gaming
CR01448,youtube,@creator1448_youtube,34975,7044,51527,1009,1,63,,False,Creator 1448,US,creator1448@mail.example,gaming
CR01449,instagram,@creator1449_instagram,230918,-21829,43943,1968,88,0,49.0,False,Creator 1449,JP,creator1449@mail.example,education
CR01449,youtube,@creator1449_youtube,17855,2117,23212,1354,433,0,,False,Creator 1449,JP,creator1449@mail.example,education
CR01449,tiktok,@creator1449_tiktok,50350,-1447,186032,9076,468,0,0.0,False,Creator 1449,JP,creator1449@mail.example,education
CR01450,youtube,@creator1450_youtube,215474,43277,588370,30028,3625,713,,False,Creator 1450,MX,creator1450@mail.example,food
CR01450,tiktok,@creator1450_tiktok,141462,17106,936109,29335,604,6372,121.0,False,Creator 1450,MX,creator1450@mail.example,food
CR01450,instagram,@creator1450_instagram,13640,-944,2412,37,5,0,0.0,False,Creator 1450,MX,creator1450@mail.example,food
CR01451,tiktok,@creator1451_tiktok,2481,219,3838,80,0,0,21.0,False,Creator 1451,US,creator1451@mail.example,music
CR01451,instagram,@creator1451_instagram,262946,29136,141550,5486,401,143,111.0,False,Creator 1451,US,creator1451@mail.example,music
CR01452,youtube,@creator1452_youtube,50547,5498,41055,940,353,9,,False,Creator 1452,FR,creator1452@mail.example,travel
CR01452,instagram,@creator1452_instagram,7914,1220,7839,364,0,40,1.0,False,Creator 1452,FR,creator1452@mail.example,travel
CR01452,tiktok,@creator1452_tiktok,25932,3754,46239,2786,74,296,312.0,False,Creator 1452,FR,creator1452@mail.example,travel
CR01453,youtube,@creator1453_youtube,262460,15676,136182,2711,131,345,,False,Creator 1453,FR,creator1453@mail.example,beauty
CR01454,tiktok,@creator1454_tiktok,53970,8650,189767,8359,399,172,236.0,False,Creator 1454,JP,creator1454@mail.example,fitness
CR01454,youtube,@creator1454_youtube,34535,5274,104560,3665,386,177,,False,Creator 1454,JP,creator1454@mail.example,fitness
CR01454,instagram,@creator1454_instagram,10166,693,5840,210,5,28,18.0,False,Creator 1454,JP,creator1454@mail.example,fitness
CR01455,youtube,@creator1455_youtube,81032,476,141163,9763,1528,322,,False,Creator 1455,GB,creator1455@mail.example,tech
CR01455,instagram,@creator1455_instagram,23713,446,11423,290,20,20,2.0,False,Creator 1455,GB,creator1455@mail.example,tech
CR01455,tiktok,@creator1455_tiktok,112963,-599,251750,11977,153,3087,104.0,False,Creator 1455,GB,creator1455@mail.example,tech
CR01456,tiktok,@creator1456_tiktok,26716,2045,94948,3276,51,220,378.0,False,Creator 1456,JP,creator1456@mail.example,beauty
CR01456,instagram,@creator1456_instagram,260759,8994,72301,1720,67,108,158.0,False,Creator 1456,JP,creator1456@mail.example,beauty
CR01457,tiktok,@creator1457_tiktok,104759,5764,116437,7462,75,1,424.0,False,Creator 1457,CA,creator1457@mail.example,tech
CR01457,youtube,@creator1457_youtube,113383,14859,230050,4492,2250,1373,,False,Creator 1457,CA,creator1457@mail.example,tech
CR01458,instagram,@creator1458_instagram,51898,5966,24940,1878,144,114,13.0,False,Creator 1458,BR,creator1458@mail.example,finance
CR01458,youtube,@creator1458_youtube,6491,666,7735,389,18,0,,False,Creator 1458,BR,creator1458@mail.example,finance
CR01458,tiktok,@creator1458_tiktok,45247,3091,382279,33719,0,423,44.0,False,Creator 1458,BR,creator1458@mail.example,finance
CR01459,tiktok,@creator1459_tiktok,73551,6144,348968,9959,1608,2343,3172.0,False,Creator 1459,GB,creator1459@mail.example,food
CR01459,instagram,@creator1459_instagram,17190,1997,4134,247,11,27,6.0,False,Creator 1459,GB,creator1459@mail.example,food
CR01460,instagram,@creator1460_instagram,159734,16216,24215,2002,10,78,140.0,False,Creator 1460,IN,creator1460@mail.example,gaming
CR01460,tiktok,@creator1460_tiktok,22985,2115,61395,5459,0,265,598.0,False,Creator 1460,IN,creator1460@mail.example,gaming
CR01461,instagram,@creator1461_instagram,9452,955,4392,258,0,13,8.0,False,Creator 1461,BR,creator1461@mail.example,music
CR01461,youtube,@creator1461_youtube,53941,-678,47162,2239,142,7,,False,Creator 1461,BR,creator1461@mail.example,music
CR01461,tiktok,@creator1461_tiktok,94743,9489,247169,10517,3097,444,547.0,False,Creator 1461,BR,creator1461@mail.example,music
CR01462,tiktok,@creator1462_tiktok,7029,456,15798,818,119,200,55.0,False,Creator 1462,US,creator1462@mail.example,gaming
CR01462,instagram,@creator1462_instagram,11008,789,20216,486,4,5,11.0,False,Creator 1462,US,creator1462@mail.example,gaming
CR01462,youtube,@creator1462_youtube,7084,-739,5975,233,19,6,,False,Creator 1462,US,creator1462@mail.example,gaming
CR01463,youtube,@creator1463_youtube,19283,978,80077,2009,335,50,,False,Creator 1463,GB,creator1463@mail.example,finance
CR01463,instagram,@creator1463_instagram,61592,-881,38146,1209,96,101,70.0,False,Creator 1463,GB,creator1463@mail.example,finance
CR01463,tiktok,@creator1463_tiktok,334728,7532,1897322,68111,2386,1,2880.0,False,Creator 1463,GB,creator1463@mail.example,finance
CR01464,tiktok,@creator1464_tiktok,63540,13007,382059,15658,2225,19,313.0,False,Creator 1464,DE,creator1464@mail.example,fitness
CR01465,instagram,@creator1465_instagram,18300,2802,16241,1249,131,7,21.0,False,Creator 1465,IN,creator1465@mail.example,music
CR01465,tiktok,@creator1465_tiktok,31206,4731,206366,6538,2483,1,219.0,False,Creator 1465,IN,creator1465@mail.example,music
CR01466,youtube,@creator1466_youtube,199628,30241,351161,7620,1321,0,,False,Creator 1466,US,creator1466@mail.example,food
CR01466,instagram,@creator1466_instagram,67677,7310,64899,2878,76,186,178.0,False,Creator 1466,US,creator1466@mail.example,food
CR01467,tiktok,@creator1467_tiktok,14824,1568,15588,1071,23,35,193.0,False,Creator 1467,IN,creator1467@mail.example,tech
CR01467,instagram,@creator1467_instagram,14185,963,16414,1240,15,35,2.0,False,Creator 1467,IN,creator1467@mail.example,tech
CR01468,instagram,@creator1468_instagram,42142,-700,92653,2821,1,0,0.0,False,Creator 1468,MX,creator1468@mail.example,fitness
CR01469,youtube,@creator1469_youtube,104188,-7530,110629,4698,0,412,,False,Creator 1469,FR,creator1469@mail.example,music
CR01469,instagram,@creator1469_instagram,14865,955,11587,423,46,0,17.0,False,Creator 1469,FR,creator1469@mail.example,music
CR01469,tiktok,@creator1469_tiktok,18871,1841,120419,3929,285,107,41.0,False,Creator 1469,FR,creator1469@mail.example,music
CR01470,instagram,@creator1470_instagram,121015,-42,26506,931,0,11,93.0,False,Creator 1470,MX,creator1470@mail.example,gaming
CR01470,tiktok,@creator1470_tiktok,55796,400,169445,12509,2520,0,800.0,False,Creator 1470,MX,creator1470@mail.example,gaming
CR01470,youtube,@creator1470_youtube,139347,12139,253590,15570,429,89,,False,Creator 1470,MX,creator1470@mail.example,gaming
CR01471,instagram,@creator1471_instagram,386033,-3989,166495,2066,1219,73,177.0,False,Creator 1471,IN,creator1471@mail.example,comedy
CR01471,tiktok,@creator1471_tiktok,197303,-21979,341535,17645,2990,793,1578.0,False,Creator 1471,IN,creator1471@mail.example,comedy
CR01472,tiktok,@creator1472_tiktok,48557,3452,621656,38797,1247,989,7.0,False,Creator 1472,IN,creator1472@mail.example,tech
CR01472,instagram,@creator1472_instagram,126519,19180,19724,1020,13,24,30.0,False,Creator 1472,IN,creator1472@mail.example,tech
CR01472,youtube,@creator1472_youtube,24680,832,44043,988,164,10,,False,Creator 1472,IN,creator1472@mail.example,tech
CR01473,youtube,@creator1473_youtube,52975,4017,96542,2975,477,17,,False,Creator 1473,BR,creator1473@mail.example,fitness
CR01473,instagram,@creator1473_instagram,50037,5212,57589,3899,45,232,314.0,False,Creator 1473,BR,creator1473@mail.example,fitness
CR01473,tiktok,@creator1473_tiktok,9830,348,11944,413,43,41,50.0,False,Creator 1473,BR,creator1473@mail.example,fitness
CR01474,youtube,@creator1474_youtube,77202,10686,102559,5664,432,154,,False,Creator 1474,GB,creator1474@mail.example,finance
CR01474,instagram,@creator1474_instagram,248733,17131,96436,3021,259,87,447.0,True,Creator 1474,GB,creator1474@mail.example,finance
CR01474,tiktok,@creator1474_tiktok,158314,8928,409133,7784,921,877,4.0,False,Creator 1474,GB,creator1474@mail.example,finance
CR01475,youtube,@creator1475_youtube,288167,34467,520974,47372,4535,1404,,False,Creator 1475,MX,creator1475@mail.example,food
CR01475,tiktok,@creator1475_tiktok,9745,1059,36372,892,35,115,31.0,False,Creator 1475,MX,creator1475@mail.example,food
CR01475,instagram,@creator1475_instagram,29428,-2210,25525,450,37,35,74.0,False,Creator 1475,MX,creator1475@mail.example,food
CR01476,instagram,@creator1476_instagram,11868,652,7341,314,25,0,17.0,False,Creator 1476,US,creator1476@mail.example,finance
CR01476,tiktok,@creator1476_tiktok,83580,2194,644245,44759,112,50,7.0,False,Creator 1476,US,creator1476@mail.example,finance
CR01477,instagram,@creator1477_instagram,12027,1530,3476,137,15,0,40.0,False,Creator 1477,CA,creator1477@mail.example,education
CR01477,tiktok,@creator1477_tiktok,64433,3089,164884,14453,1240,0,525.0,False,Creator 1477,CA,creator1477@mail.example,education
CR01477,youtube,@creator1477_youtube,1408,60,1085,67,0,0,,False,Creator 1477,CA,creator1477@mail.example,education
CR01478,instagram,@creator1478_instagram,2765,384,1905,119,19,0,0.0,True,Creator 1478,IN,creator1478@mail.example,comedy
CR01478,youtube,@creator1478_youtube,94133,-3221,121757,7715,222,555,,False,Creator 1478,IN,creator1478@mail.example,comedy
CR01479,youtube,@creator1479_youtube,305554,39407,228562,11785,122,465,,False,Creator 1479,BR,creator1479@mail.example,tech
CR01479,instagram,@creator1479_instagram,107532,10693,54187,2236,0,23,217.0,False,Creator 1479,BR,creator1479@mail.example,tech
CR01479,tiktok,@creator1479_tiktok,29181,3504,264555,16497,43,1454,3776.0,False,Creator 1479,BR,creator1479@mail.example,tech
CR01480,tiktok,@creator1480_tiktok,401211,48952,1283967,80492,1,132,19.0,False,Creator 1480,BR,creator1480@mail.example,music
CR01480,youtube,@creator1480_youtube,37032,984,36000,2444,110,5,,False,Creator 1480,BR,creator1480@mail.example,music
CR01481,tiktok,@creator1481_tiktok,144235,11462,298799,6397,391,1151,30.0,False,Creator 1481,CA,creator1481@mail.example,finance
CR01481,instagram,@creator1481_instagram,72491,3586,73493,1875,167,253,74.0,False,Creator 1481,CA,creator1481@mail.example,finance
CR01481,youtube,@creator1481_youtube,125138,12639,51828,2087,137,210,,False,Creator 1481,CA,creator1481@mail.example,finance
CR01482,youtube,@creator1482_youtube,74549,4717,71940,3865,8,24,,False,Creator 1482,DE,creator1482@mail.example,travel
CR01482,instagram,@creator1482_instagram,9647,-316,3545,174,16,0,1.0,True,Creator 1482,DE,creator1482@mail.example,travel
CR01482,tiktok,@creator1482_tiktok,23833,3646,101399,8574,385,344,845.0,False,Creator 1482,DE,creator1482@mail.example,travel
CR01483,tiktok,@creator1483_tiktok,28711,2745,49930,1038,52,8,2.0,False,Creator 1483,BR,creator1483@mail.example,gaming
CR01483,youtube,@creator1483_youtube,402013,44800,127550,2688,208,88,,False,Creator 1483,BR,creator1483@mail.example,gaming
CR01483,instagram,@creator1483_instagram,142869,19490,176624,5614,96,93,0.0,False,Creator 1483,BR,creator1483@mail.example,gaming
CR01484,instagram,@creator1484_instagram,121722,15336,64784,4059,190,124,71.0,False,Creator 1484,FR,creator1484@mail.example,beauty
CR01484,tiktok,@creator1484_tiktok,72625,8190,173302,9735,740,595,255.0,False,Creator 1484,FR,creator1484@mail.example,beauty
CR01484,youtube,@creator1484_youtube,221866,-21170,237936,14362,113,468,,False,Creator 1484,FR,creator1484@mail.example,beauty
CR01485,tiktok,@creator1485_tiktok,264263,37914,830413,26441,439,3746,246.0,False,Creator 1485,DE,creator1485@mail.example,tech
CR01485,instagram,@creator1485_instagram,7804,713,1462,57,0,7,0.0,False,Creator 1485,DE,creator1485@mail.example,tech
CR01485,youtube,@creator1485_youtube,13853,2389,17624,1300,148,27,,False,Creator 1485,DE,creator1485@mail.example,tech
CR01486,youtube,@creator1486_youtube,4701,334,15595,360,24,1,,False,Creator 1486,KR,creator1486@mail.example,gaming
CR01486,instagram,@creator1486_instagram,53341,7799,11967,719,13,0,45.0,True,Creator 1486,KR,creator1486@mail.example,gaming
CR01486,tiktok,@creator1486_tiktok,66513,7433,301093,10155,2679,5393,1129.0,False,Creator 1486,KR,creator1486@mail.example,gaming
CR01487,youtube,@creator1487_youtube,38174,7467,143695,11577,539,608,,False,Creator 1487,BR,creator1487@mail.example,finance
CR01487,instagram,@creator1487_instagram,112111,5798,50076,970,151,20,8.0,False,Creator 1487,BR,creator1487@mail.example,finance
CR01488,instagram,@creator1488_instagram,287890,286,91025,3613,2,506,64.0,False,Creator 1488,FR,creator1488@mail.example,finance
CR01488,youtube,@creator1488_youtube,9545425,1026949,25816275,1410834,85840,81223,,False,Creator 1488,FR,creator1488@mail.example,finance
CR01488,tiktok,@creator1488_tiktok,623071,52499,1033672,25135,48,0,0.0,False,Creator 1488,FR,creator1488@mail.example,finance
CR01489,youtube,@creator1489_youtube,455301,-20267,992114,88381,400,0,,False,Creator 1489,MX,creator1489@mail.example,gaming
CR01489,instagram,@creator1489_instagram,170230,20841,19731,1339,0,2,41.0,False,Creator 1489,MX,creator1489@mail.example,gaming
CR01489,tiktok,@creator1489_tiktok,25089,1981,111439,4320,562,870,92.0,False,Creator 1489,MX,creator1489@mail.example,gaming
CR01490,instagram,@creator1490_instagram,24835,2001,10836,399,0,40,57.0,False,Creator 1490,JP,creator1490@mail.example,food
CR01490,youtube,@creator1490_youtube,2138,534,2634,114,3,4,,False,Creator 1490,JP,creator1490@mail.example,food
CR01491,tiktok,@creator1491_tiktok,22777,1999,87079,6530,494,0,30.0,False,Creator 1491,JP,creator1491@mail.example,beauty
CR01491,youtube,@creator1491_youtube,869286,-16830,1635627,97677,9523,6,,False,Creator 1491,JP,creator1491@mail.example,beauty
CR01492,youtube,@creator1492_youtube,68127,6152,134826,3301,814,0,,False,Creator 1492,MX,creator1492@mail.example,gaming
CR01492,tiktok,@creator1492_tiktok,81913,2852,247571,7267,495,0,73.0,False,Creator 1492,MX,creator1492@mail.example,gaming
CR01492,instagram,@creator1492_instagram,295292,59650,846903,30778,1984,9988,440.0,False,Creator 1492,MX,creator1492@mail.example,gaming
CR01493,instagram,@creator1493_instagram,141772,29902,113616,4114,289,1,20.0,True,Creator 1493,US,creator1493@mail.example,travel
CR01493,tiktok,@creator1493_tiktok,77124,9130,467033,24424,1332,2208,13205.0,False,Creator 1493,US,creator1493@mail.example,travel
CR01493,youtube,@creator1493_youtube,106062,1954,50737,1140,252,87,,False,Creator 1493,US,creator1493@mail.example,travel
CR01494,instagram,@creator1494_instagram,115148,2582,120429,6245,1908,852,373.0,False,Creator 1494,US,creator1494@mail.example,food
CR01494,youtube,@creator1494_youtube,100253,7333,149627,5072,632,984,,False,Creator 1494,US,creator1494@mail.example,food
CR01495,tiktok,@creator1495_tiktok,91189,4821,120575,5897,675,313,192.0,False,Creator 1495,FR,creator1495@mail.example,travel
CR01495,youtube,@creator1495_youtube,124443,4980,179613,5112,151,117,,False,Creator 1495,FR,creator1495@mail.example,travel
CR01495,instagram,@creator1495_instagram,81925,3634,60173,2113,3,266,330.0,False,Creator 1495,FR,creator1495@mail.example,travel
CR01496,tiktok,@creator1496_tiktok,9951,249,8888,669,0,4,56.0,False,Creator 1496,BR,creator1496@mail.example,beauty
CR01496,youtube,@creator1496_youtube,40843,3606,34340,1290,59,167,,False,Creator 1496,BR,creator1496@mail.example,beauty
CR01497,youtube,@creator1497_youtube,625476,32827,1331930,112958,6877,216,,False,Creator 1497,KR,creator1497@mail.example,music
CR01497,tiktok,@creator1497_tiktok,535240,-7884,1579459,95889,2056,847,7719.0,False,Creator 1497,KR,creator1497@mail.example,music
CR01498,youtube,@creator1498_youtube,273681,44323,1453375,28009,7399,4847,,False,Creator 1498,IN,creator1498@mail.example,music
CR01499,instagram,@creator1499_instagram,27135,1122,19033,1071,234,7,51.0,False,Creator 1499,BR,creator1499@mail.example,finance
